{"type":"FeatureCollection","features":[{"type":"Feature","properties":{},"geometry":{"type":"MultiPolygon","coordinates":[[[[139.76383,34.95561],[139.76386,34.95552],[139.76377,34.95552],[139.76383,34.95561]]],[[[139.7632,34.95684],[139.76323,34.95679],[139.76315,34.95678],[139.7632,34.95684]]],[[[139.764,34.95732],[139.76386,34.95741],[139.76405,34.95736],[139.764,34.95732]]],[[[139.76368,34.95747],[139.76357,34.95759],[139.76364,34.95756],[139.76368,34.95747]]],[[[139.75844,34.95761],[139.75851,34.9574],[139.75818,34.95745],[139.75844,34.95761]]],[[[139.76227,34.95753],[139.76219,34.95778],[139.76247,34.95759],[139.76227,34.95753]]],[[[139.76376,34.9577],[139.76372,34.95774],[139.76374,34.95776],[139.76376,34.9577]]],[[[139.76259,34.9577],[139.76254,34.9577],[139.76255,34.9578],[139.76259,34.9577]]],[[[139.76404,34.95773],[139.76392,34.95771],[139.76391,34.95783],[139.76404,34.95773]]],[[[139.76244,34.9579],[139.76246,34.95787],[139.76235,34.95784],[139.76244,34.9579]]],[[[139.76364,34.95794],[139.76363,34.95777],[139.76356,34.95785],[139.76364,34.95794]]],[[[139.76396,34.95813],[139.76417,34.95801],[139.76392,34.95789],[139.76396,34.95813]]],[[[139.76266,34.95814],[139.76276,34.95812],[139.76264,34.958],[139.76266,34.95814]]],[[[139.76091,34.95827],[139.76099,34.95825],[139.76088,34.95812],[139.76091,34.95827]]],[[[139.76143,34.95819],[139.7614,34.95812],[139.7613,34.9583],[139.76143,34.95819]]],[[[139.75887,34.9584],[139.75876,34.95854],[139.75948,34.95824],[139.75887,34.9584]]],[[[139.76377,34.95843],[139.76371,34.95848],[139.7638,34.95849],[139.76377,34.95843]]],[[[139.7603,34.95855],[139.76045,34.95847],[139.76028,34.9585],[139.7603,34.95855]]],[[[139.76274,34.95856],[139.76281,34.9585],[139.76275,34.95849],[139.76274,34.95856]]],[[[139.75964,34.95853],[139.75944,34.95862],[139.75949,34.95863],[139.75964,34.95853]]],[[[139.76334,34.9587],[139.76363,34.95853],[139.76345,34.95847],[139.76334,34.9587]]],[[[139.76297,34.9586],[139.76294,34.95862],[139.76299,34.95863],[139.76297,34.9586]]],[[[139.75957,34.95866],[139.75956,34.95869],[139.75959,34.95869],[139.75957,34.95866]]],[[[139.75826,34.95882],[139.75865,34.95853],[139.7583,34.95848],[139.75826,34.95882]]],[[[139.76304,34.95868],[139.76308,34.95868],[139.76308,34.95866],[139.76304,34.95868]]],[[[139.76295,34.95866],[139.76282,34.95868],[139.76287,34.9587],[139.76295,34.95866]]],[[[139.75997,34.95873],[139.76015,34.95865],[139.76005,34.95865],[139.75997,34.95873]]],[[[139.75912,34.95865],[139.75899,34.95872],[139.75902,34.95873],[139.75912,34.95865]]],[[[139.76296,34.95869],[139.76298,34.95872],[139.76302,34.95871],[139.76296,34.95869]]],[[[139.76314,34.95879],[139.7627,34.95873],[139.76309,34.95885],[139.7633,34.95873],[139.76314,34.95879]]],[[[139.75886,34.95873],[139.75883,34.95876],[139.75886,34.95877],[139.75886,34.95873]]],[[[139.76155,34.9588],[139.76166,34.95874],[139.76153,34.95873],[139.76155,34.9588]]],[[[139.75786,34.95876],[139.75783,34.95871],[139.75772,34.95874],[139.75786,34.95876]]],[[[139.75907,34.95877],[139.75903,34.95881],[139.75917,34.95877],[139.75907,34.95877]]],[[[139.76095,34.95884],[139.76111,34.95872],[139.76104,34.95873],[139.76095,34.95884]]],[[[139.75873,34.95881],[139.75881,34.95872],[139.75812,34.95894],[139.75873,34.95881]]],[[[139.76214,34.95892],[139.76217,34.95885],[139.76205,34.95885],[139.76214,34.95892]]],[[[139.76265,34.95899],[139.76294,34.95891],[139.76274,34.95882],[139.76265,34.95899]]],[[[139.7585,34.95901],[139.75894,34.95884],[139.75886,34.95884],[139.7585,34.95901]]],[[[139.75871,34.95914],[139.75849,34.95911],[139.75871,34.95918],[139.75963,34.95882],[139.75871,34.95914]]],[[[139.76232,34.95901],[139.76237,34.95897],[139.76232,34.95896],[139.76232,34.95901]]],[[[139.76091,34.95906],[139.761,34.95896],[139.7609,34.95895],[139.76091,34.95906]]],[[[139.76111,34.95907],[139.76099,34.9591],[139.76113,34.95911],[139.76111,34.95907]]],[[[139.76256,34.95908],[139.7626,34.95904],[139.76239,34.95903],[139.76256,34.95908]]],[[[139.75848,34.95906],[139.75841,34.95901],[139.75835,34.95905],[139.75848,34.95906]]],[[[139.76154,34.95915],[139.76171,34.95901],[139.76156,34.95898],[139.76154,34.95915]]],[[[139.76222,34.95914],[139.76227,34.9591],[139.76217,34.95907],[139.76222,34.95914]]],[[[139.75913,34.95913],[139.75912,34.95909],[139.75896,34.95915],[139.75913,34.95913]]],[[[139.76038,34.95911],[139.7605,34.95902],[139.76003,34.95922],[139.76038,34.95911]]],[[[139.7574,34.95919],[139.75709,34.95955],[139.75762,34.95944],[139.75773,34.95905],[139.7574,34.95919]]],[[[139.75895,34.95939],[139.75907,34.95928],[139.75892,34.95926],[139.75895,34.95939]]],[[[139.7578,34.95962],[139.75865,34.95923],[139.75809,34.95921],[139.7578,34.95962]]],[[[139.75658,34.95948],[139.75657,34.95962],[139.75694,34.95933],[139.75658,34.95948]]],[[[139.75781,34.95973],[139.75882,34.95933],[139.75834,34.95945],[139.75781,34.95973]]],[[[139.75766,34.95952],[139.75757,34.95954],[139.75759,34.95956],[139.75766,34.95952]]],[[[139.75816,34.95979],[139.75781,34.95994],[139.75783,34.95996],[139.75816,34.95979]]],[[[139.75845,34.96086],[139.75828,34.96091],[139.75834,34.96093],[139.75845,34.96086]]],[[[139.75853,34.961],[139.75828,34.9613],[139.75831,34.9613],[139.75853,34.961]]],[[[139.75639,34.96136],[139.75689,34.96117],[139.75663,34.96114],[139.75639,34.96136]]],[[[139.7569,34.96202],[139.75694,34.962],[139.75687,34.96196],[139.7569,34.96202]]],[[[139.75266,34.96198],[139.75293,34.96212],[139.75299,34.96194],[139.75266,34.96198]]],[[[139.75721,34.96207],[139.7573,34.96204],[139.75713,34.96203],[139.75702,34.9621],[139.75721,34.96207]]],[[[139.75597,34.96205],[139.7559,34.96207],[139.75592,34.96209],[139.75597,34.96205]]],[[[139.75347,34.96217],[139.75365,34.96218],[139.75366,34.962],[139.75347,34.96217]]],[[[139.75699,34.96229],[139.75758,34.96212],[139.75741,34.96204],[139.75699,34.96229]]],[[[139.75771,34.96224],[139.7577,34.96221],[139.75763,34.96223],[139.75771,34.96224]]],[[[139.75633,34.96235],[139.75654,34.96232],[139.75649,34.96212],[139.75633,34.96235]]],[[[139.756,34.96225],[139.75604,34.96225],[139.75601,34.96223],[139.756,34.96225]]],[[[139.75776,34.96228],[139.75778,34.96226],[139.75763,34.96229],[139.75776,34.96228]]],[[[139.756,34.96231],[139.75595,34.96227],[139.75583,34.96233],[139.756,34.96231]]],[[[139.75657,34.96243],[139.75659,34.96241],[139.75646,34.96239],[139.75657,34.96243]]],[[[139.75634,34.96247],[139.75631,34.9625],[139.75632,34.96251],[139.75634,34.96247]]],[[[139.75719,34.96253],[139.75728,34.96252],[139.75726,34.96248],[139.75719,34.96253]]],[[[139.75628,34.9626],[139.75623,34.96261],[139.75625,34.96261],[139.75628,34.9626]]],[[[139.75722,34.96261],[139.75718,34.96262],[139.7572,34.96264],[139.75722,34.96261]]],[[[139.757,34.96291],[139.75724,34.96271],[139.75711,34.96272],[139.757,34.96291]]],[[[139.75561,34.96289],[139.75568,34.96281],[139.75562,34.96279],[139.75561,34.96289]]],[[[139.75611,34.96285],[139.75593,34.9628],[139.75583,34.96311],[139.75611,34.96285]]],[[[139.75458,34.96287],[139.75433,34.96316],[139.75497,34.96303],[139.75458,34.96287]]],[[[139.754,34.96285],[139.75381,34.9633],[139.75439,34.96292],[139.754,34.96285]]],[[[139.754,34.96361],[139.75387,34.96377],[139.75569,34.96309],[139.754,34.96361]]],[[[139.75365,34.96394],[139.75341,34.96408],[139.7537,34.96412],[139.75365,34.96394]]],[[[139.75397,34.9642],[139.75416,34.96435],[139.7547,34.96381],[139.75397,34.9642]]],[[[139.75214,34.96423],[139.75209,34.96436],[139.75245,34.96442],[139.75214,34.96423]]],[[[139.75432,34.96439],[139.75438,34.9644],[139.75438,34.96436],[139.75432,34.96439]]],[[[139.75394,34.96442],[139.75393,34.96444],[139.75402,34.96447],[139.75394,34.96442]]],[[[139.75421,34.96455],[139.75433,34.96444],[139.75425,34.96441],[139.75421,34.96455]]],[[[139.75392,34.96494],[139.75391,34.96492],[139.75386,34.96491],[139.75392,34.96494]]],[[[139.75361,34.96502],[139.75336,34.96516],[139.75365,34.96515],[139.75361,34.96502]]],[[[139.75238,34.96523],[139.75237,34.96534],[139.75277,34.96523],[139.75238,34.96523]]],[[[139.7533,34.96526],[139.7533,34.96529],[139.75336,34.96524],[139.7533,34.96526]]],[[[139.75321,34.96538],[139.75328,34.96532],[139.7532,34.96534],[139.75321,34.96538]]],[[[139.75274,34.9655],[139.75296,34.96536],[139.75281,34.96534],[139.75274,34.9655]]],[[[139.7533,34.96545],[139.75309,34.96554],[139.75341,34.96546],[139.7533,34.96545]]],[[[139.75243,34.96559],[139.75246,34.96554],[139.7523,34.9655],[139.75243,34.96559]]],[[[139.75338,34.96576],[139.7534,34.96574],[139.75327,34.96574],[139.75338,34.96576]]],[[[139.75349,34.96605],[139.75342,34.96595],[139.75328,34.96602],[139.75349,34.96605]]],[[[139.75327,34.96612],[139.75333,34.96608],[139.75318,34.9661],[139.75327,34.96612]]],[[[139.75311,34.96622],[139.75316,34.96616],[139.7531,34.96616],[139.75311,34.96622]]],[[[139.75324,34.96617],[139.7531,34.96625],[139.75313,34.96627],[139.75324,34.96617]]],[[[139.75305,34.9663],[139.75307,34.96627],[139.753,34.96626],[139.75305,34.9663]]],[[[139.75282,34.96704],[139.75289,34.96701],[139.75285,34.96695],[139.75282,34.96704]]],[[[139.75408,34.96834],[139.75413,34.9683],[139.75399,34.96839],[139.75408,34.96834]]],[[[139.75391,34.96845],[139.75394,34.96842],[139.75365,34.96856],[139.75391,34.96845]]],[[[139.75355,34.96854],[139.75365,34.96849],[139.75361,34.96847],[139.75355,34.96854]]],[[[139.75182,34.96897],[139.75183,34.96891],[139.75176,34.96893],[139.75182,34.96897]]],[[[139.75336,34.96918],[139.75337,34.96916],[139.75332,34.96916],[139.75336,34.96918]]],[[[139.75355,34.96931],[139.75358,34.96931],[139.75359,34.96925],[139.75355,34.96931]]],[[[139.75089,34.96934],[139.75086,34.96944],[139.75129,34.96933],[139.75089,34.96934]]],[[[139.75321,34.96932],[139.75321,34.96934],[139.75342,34.96939],[139.75321,34.96932]]],[[[139.75375,34.96932],[139.75376,34.9693],[139.7537,34.96928],[139.75375,34.96932]]],[[[139.75411,34.96941],[139.75399,34.96948],[139.75403,34.96949],[139.75411,34.96941]]],[[[139.75383,34.96953],[139.75384,34.96955],[139.7539,34.96952],[139.75383,34.96953]]],[[[139.75466,34.97084],[139.75473,34.97086],[139.75475,34.97081],[139.75466,34.97084]]],[[[139.75475,34.97096],[139.75478,34.97087],[139.75474,34.97089],[139.75475,34.97096]]],[[[139.75494,34.97104],[139.7549,34.97097],[139.7548,34.97107],[139.75494,34.97104]]],[[[139.75473,34.9711],[139.75463,34.97139],[139.75471,34.97142],[139.75473,34.9711]]],[[[139.75273,34.97136],[139.75261,34.97138],[139.75261,34.97144],[139.75273,34.97136]]],[[[139.7544,34.97132],[139.75436,34.97152],[139.7544,34.97149],[139.7544,34.97132]]],[[[139.75365,34.97132],[139.75291,34.97134],[139.753,34.97144],[139.75365,34.97132]]],[[[139.75443,34.97159],[139.75442,34.97157],[139.75438,34.97169],[139.75443,34.97159]]],[[[139.75294,34.97173],[139.75289,34.97179],[139.75338,34.9719],[139.75294,34.97173]]],[[[139.75357,34.97184],[139.75353,34.97203],[139.75362,34.97197],[139.75357,34.97184]]],[[[139.75372,34.97184],[139.75365,34.97204],[139.75374,34.97192],[139.75372,34.97184]]],[[[139.75375,34.97202],[139.7537,34.97206],[139.75379,34.97201],[139.75375,34.97202]]],[[[139.75271,34.97227],[139.75266,34.9728],[139.7531,34.9722],[139.75241,34.97198],[139.75271,34.97227]]],[[[139.75341,34.97212],[139.75312,34.97265],[139.75312,34.9728],[139.75341,34.97212]]],[[[139.75244,34.97282],[139.75236,34.97281],[139.75232,34.97289],[139.75244,34.97282]]],[[[139.75225,34.9732],[139.75225,34.97311],[139.7522,34.97314],[139.75225,34.9732]]],[[[139.7516,34.9734],[139.75161,34.97345],[139.75172,34.9734],[139.7516,34.9734]]],[[[139.75215,34.97332],[139.75204,34.97335],[139.75207,34.97342],[139.75215,34.97332]]],[[[139.75192,34.97382],[139.75197,34.97411],[139.7527,34.97303],[139.75192,34.97382]]],[[[139.75149,34.97364],[139.75143,34.97357],[139.75136,34.97365],[139.75149,34.97364]]],[[[139.75142,34.97401],[139.75138,34.97392],[139.75128,34.97399],[139.75142,34.97401]]],[[[139.75179,34.97467],[139.75187,34.9745],[139.75174,34.97457],[139.75179,34.97467]]],[[[139.75197,34.97523],[139.75195,34.97531],[139.75203,34.9753],[139.75197,34.97523]]],[[[139.75221,34.9753],[139.75207,34.97541],[139.75215,34.97542],[139.75221,34.9753]]],[[[139.75227,34.97546],[139.75229,34.97551],[139.75255,34.97525],[139.75227,34.97546]]],[[[139.75215,34.97565],[139.75213,34.97576],[139.75224,34.97573],[139.75215,34.97565]]],[[[139.75259,34.97578],[139.75259,34.97566],[139.75241,34.9757],[139.75259,34.97578]]],[[[139.76129,34.97634],[139.76128,34.97641],[139.76138,34.97639],[139.76129,34.97634]]],[[[139.76161,34.97702],[139.76155,34.97704],[139.76157,34.97709],[139.76161,34.97702]]],[[[139.75989,34.97725],[139.75968,34.97722],[139.75966,34.97728],[139.75989,34.97725]]],[[[139.73955,35.31178],[139.73983,35.31227],[139.74193,35.31193],[139.74385,35.31293],[139.74446,35.31271],[139.74294,35.31085],[139.73955,35.31178]]],[[[139.77311,34.95409],[139.77309,34.95402],[139.77298,34.95403],[139.77311,34.95409]]],[[[139.77228,34.95414],[139.77288,34.95449],[139.77284,34.95386],[139.77228,34.95414]]],[[[139.76957,34.9542],[139.76995,34.95424],[139.76993,34.95421],[139.76957,34.9542]]],[[[139.77137,34.95423],[139.77155,34.95432],[139.77153,34.95414],[139.77137,34.95423]]],[[[139.77059,34.95425],[139.7706,34.95422],[139.77056,34.95421],[139.77059,34.95425]]],[[[139.76936,34.95424],[139.76933,34.9542],[139.76931,34.95425],[139.76936,34.95424]]],[[[139.77225,34.95424],[139.77215,34.95423],[139.77224,34.95429],[139.77225,34.95424]]],[[[139.7707,34.95421],[139.77074,34.95435],[139.77079,34.95434],[139.7707,34.95421]]],[[[139.77176,34.95424],[139.77169,34.95424],[139.77171,34.95431],[139.77176,34.95424]]],[[[139.77395,34.95434],[139.77414,34.95452],[139.77435,34.9543],[139.77395,34.95434]]],[[[139.77321,34.95431],[139.77316,34.95435],[139.77324,34.95436],[139.77321,34.95431]]],[[[139.77058,34.95441],[139.77065,34.95442],[139.77064,34.9543],[139.77058,34.95441]]],[[[139.77118,34.95435],[139.771,34.9543],[139.77107,34.95441],[139.77118,34.95435]]],[[[139.76939,34.95434],[139.76931,34.95443],[139.76939,34.95445],[139.76939,34.95434]]],[[[139.76992,34.95431],[139.76958,34.95433],[139.76974,34.95452],[139.76992,34.95431]]],[[[139.77098,34.95442],[139.77095,34.95437],[139.77079,34.95447],[139.77098,34.95442]]],[[[139.7703,34.95445],[139.77024,34.95445],[139.77026,34.95447],[139.7703,34.95445]]],[[[139.77183,34.95441],[139.77177,34.95441],[139.77188,34.95454],[139.77183,34.95441]]],[[[139.77164,34.95452],[139.77176,34.95453],[139.77174,34.95448],[139.77164,34.95452]]],[[[139.77397,34.95451],[139.774,34.95453],[139.77401,34.9545],[139.77397,34.95451]]],[[[139.77063,34.95451],[139.77067,34.95456],[139.77072,34.9545],[139.77063,34.95451]]],[[[139.77014,34.9545],[139.77015,34.95454],[139.7702,34.95452],[139.77014,34.9545]]],[[[139.77375,34.95457],[139.77373,34.95451],[139.77367,34.95452],[139.77375,34.95457]]],[[[139.77078,34.95449],[139.77074,34.95456],[139.77085,34.95461],[139.77078,34.95449]]],[[[139.7704,34.95451],[139.77031,34.95457],[139.77035,34.95459],[139.7704,34.95451]]],[[[139.77297,34.95472],[139.77359,34.95458],[139.77339,34.95449],[139.77297,34.95472]]],[[[139.76824,34.95454],[139.76821,34.95454],[139.76827,34.95468],[139.76824,34.95454]]],[[[139.7689,34.95465],[139.76901,34.95466],[139.769,34.9546],[139.7689,34.95465]]],[[[139.76942,34.95457],[139.7693,34.95461],[139.76947,34.95467],[139.76942,34.95457]]],[[[139.76991,34.95459],[139.76958,34.95454],[139.7696,34.9547],[139.76985,34.9547],[139.76991,34.95459]]],[[[139.77061,34.95464],[139.77058,34.95464],[139.77061,34.95469],[139.77061,34.95464]]],[[[139.77187,34.95458],[139.77164,34.9546],[139.77169,34.95473],[139.77187,34.95458]]],[[[139.77461,34.95463],[139.77455,34.95464],[139.77453,34.95475],[139.77461,34.95463]]],[[[139.77472,34.95471],[139.77478,34.95474],[139.7748,34.95471],[139.77472,34.95471]]],[[[139.77034,34.95484],[139.77036,34.95476],[139.77017,34.95473],[139.77034,34.95484]]],[[[139.77498,34.95476],[139.77488,34.95478],[139.77493,34.95482],[139.77498,34.95476]]],[[[139.76815,34.95486],[139.76824,34.95484],[139.76823,34.95474],[139.76815,34.95486]]],[[[139.76873,34.9548],[139.7687,34.95486],[139.76874,34.95486],[139.76873,34.9548]]],[[[139.77154,34.9549],[139.77156,34.95484],[139.7714,34.95477],[139.77154,34.9549]]],[[[139.76992,34.95485],[139.76953,34.95473],[139.76952,34.95478],[139.76968,34.95509],[139.76992,34.95485]]],[[[139.77507,34.95491],[139.77487,34.95492],[139.77489,34.95494],[139.77507,34.95491]]],[[[139.76899,34.95502],[139.76912,34.95489],[139.76905,34.95492],[139.76899,34.95502]]],[[[139.76811,34.95506],[139.76812,34.95507],[139.76815,34.95501],[139.76811,34.95506]]],[[[139.76932,34.95489],[139.76906,34.95504],[139.76943,34.95516],[139.76932,34.95489]]],[[[139.77543,34.95506],[139.77546,34.95502],[139.7754,34.95502],[139.77543,34.95506]]],[[[139.76806,34.95505],[139.76802,34.955],[139.76801,34.95508],[139.76806,34.95505]]],[[[139.7685,34.95502],[139.76849,34.95508],[139.76856,34.95508],[139.7685,34.95502]]],[[[139.77145,34.95509],[139.7715,34.95505],[139.77143,34.95503],[139.77145,34.95509]]],[[[139.76843,34.95507],[139.76842,34.95511],[139.76846,34.95511],[139.76843,34.95507]]],[[[139.76886,34.95517],[139.76891,34.95513],[139.76887,34.95511],[139.76886,34.95517]]],[[[139.76893,34.95518],[139.76924,34.95517],[139.76916,34.95513],[139.76893,34.95518]]],[[[139.76934,34.95519],[139.76935,34.95516],[139.76933,34.95517],[139.76934,34.95519]]],[[[139.76778,34.9552],[139.76777,34.95516],[139.76769,34.95519],[139.76778,34.9552]]],[[[139.76877,34.95523],[139.7688,34.95528],[139.76884,34.95528],[139.76877,34.95523]]],[[[139.7682,34.95524],[139.76819,34.95521],[139.76816,34.95526],[139.7682,34.95524]]],[[[139.76856,34.95524],[139.76846,34.95517],[139.76841,34.95531],[139.76856,34.95524]]],[[[139.7681,34.95519],[139.768,34.95513],[139.76798,34.95518],[139.7681,34.95519]]],[[[139.76944,34.95525],[139.76929,34.9553],[139.76934,34.95533],[139.76944,34.95525]]],[[[139.76819,34.95535],[139.76822,34.95537],[139.76823,34.95532],[139.76819,34.95535]]],[[[139.76916,34.95535],[139.76918,34.95536],[139.76918,34.95531],[139.76916,34.95535]]],[[[139.76898,34.95546],[139.76901,34.9555],[139.76905,34.95546],[139.76898,34.95546]]],[[[139.76925,34.95546],[139.76919,34.95553],[139.76926,34.95553],[139.76925,34.95546]]],[[[139.76884,34.95557],[139.76894,34.95545],[139.76877,34.95545],[139.76884,34.95557]]],[[[139.76912,34.95557],[139.76913,34.95559],[139.76919,34.95544],[139.76912,34.95557]]],[[[139.76816,34.95553],[139.76824,34.95565],[139.76823,34.95554],[139.76816,34.95553]]],[[[139.76813,34.95563],[139.76809,34.95548],[139.7681,34.95564],[139.76813,34.95563]]],[[[139.76827,34.95561],[139.76829,34.95562],[139.76831,34.95558],[139.76827,34.95561]]],[[[139.76732,34.95552],[139.76747,34.95576],[139.76755,34.95557],[139.76732,34.95552]]],[[[139.76834,34.95562],[139.76837,34.95565],[139.76839,34.95559],[139.76834,34.95562]]],[[[139.76847,34.95565],[139.76848,34.95565],[139.76851,34.95563],[139.76847,34.95565]]],[[[139.76444,34.95548],[139.76407,34.95555],[139.76418,34.95577],[139.76444,34.95548]]],[[[139.76782,34.95579],[139.76795,34.95575],[139.76786,34.95569],[139.76782,34.95579]]],[[[139.76839,34.95572],[139.7683,34.95571],[139.76829,34.95572],[139.76839,34.95572]]],[[[139.76825,34.9558],[139.76812,34.95602],[139.76813,34.95602],[139.76825,34.9558]]],[[[139.76771,34.95586],[139.76791,34.95609],[139.76823,34.95573],[139.76771,34.95586]]],[[[139.76825,34.956],[139.76835,34.95588],[139.76828,34.95588],[139.76825,34.956]]],[[[139.76776,34.95599],[139.76765,34.95588],[139.76758,34.95602],[139.76776,34.95599]]],[[[139.76726,34.95595],[139.76706,34.95603],[139.76709,34.95605],[139.76726,34.95595]]],[[[139.76849,34.95601],[139.76843,34.9559],[139.76824,34.95611],[139.76849,34.95601]]],[[[139.76818,34.95608],[139.7682,34.95612],[139.76824,34.95605],[139.76818,34.95608]]],[[[139.76804,34.95612],[139.76803,34.9562],[139.76809,34.95616],[139.76804,34.95612]]],[[[139.76797,34.95614],[139.7679,34.95613],[139.76789,34.95614],[139.76797,34.95614]]],[[[139.76761,34.95627],[139.76762,34.95612],[139.7676,34.95613],[139.76761,34.95627]]],[[[139.76772,34.95629],[139.76787,34.9562],[139.76783,34.95613],[139.76772,34.95629]]],[[[139.76821,34.95628],[139.76815,34.95625],[139.76811,34.95648],[139.76821,34.95628]]],[[[139.7675,34.9564],[139.76747,34.95636],[139.76745,34.95641],[139.7675,34.9564]]],[[[139.76804,34.95638],[139.768,34.95637],[139.76795,34.95642],[139.76804,34.95638]]],[[[139.76797,34.9566],[139.76795,34.95648],[139.76787,34.95653],[139.76797,34.9566]]],[[[139.76796,34.95665],[139.76795,34.95673],[139.76807,34.95672],[139.76796,34.95665]]],[[[139.76821,34.95673],[139.76823,34.95678],[139.76827,34.95674],[139.76821,34.95673]]],[[[139.76427,34.95678],[139.76425,34.95702],[139.76461,34.95683],[139.76427,34.95678]]],[[[139.76466,34.95699],[139.76459,34.95699],[139.76459,34.95702],[139.76466,34.95699]]],[[[139.76469,34.95715],[139.76474,34.95715],[139.76474,34.95709],[139.76469,34.95715]]],[[[139.76842,34.95716],[139.76846,34.95718],[139.76851,34.95715],[139.76842,34.95716]]],[[[139.76495,34.95712],[139.76491,34.95717],[139.76499,34.95717],[139.76495,34.95712]]],[[[139.76458,34.95721],[139.76467,34.95723],[139.76455,34.95709],[139.76458,34.95721]]],[[[139.76795,34.95714],[139.7679,34.95715],[139.76793,34.9572],[139.76795,34.95714]]],[[[139.76804,34.95723],[139.7681,34.95725],[139.76809,34.95719],[139.76804,34.95723]]],[[[139.76813,34.95726],[139.76817,34.95726],[139.76816,34.95723],[139.76813,34.95726]]],[[[139.76577,34.95736],[139.76583,34.95729],[139.76567,34.95726],[139.76577,34.95736]]],[[[139.76487,34.95742],[139.76498,34.9574],[139.76487,34.95736],[139.76487,34.95742]]],[[[139.76517,34.95746],[139.76522,34.95737],[139.76515,34.95739],[139.76517,34.95746]]],[[[139.76514,34.95751],[139.7652,34.95751],[139.7652,34.9575],[139.76514,34.95751]]],[[[139.76779,34.95746],[139.76765,34.95752],[139.76787,34.95755],[139.76779,34.95746]]],[[[139.76431,34.95752],[139.76435,34.95758],[139.76443,34.95753],[139.76431,34.95752]]],[[[139.76553,34.95759],[139.7656,34.95757],[139.76556,34.95753],[139.76553,34.95759]]],[[[139.76832,34.95761],[139.76821,34.95748],[139.7679,34.95764],[139.76832,34.95761]]],[[[139.76469,34.95768],[139.76489,34.95748],[139.76457,34.9575],[139.76469,34.95768]]],[[[139.76734,34.95763],[139.76735,34.9576],[139.76723,34.95757],[139.76713,34.95765],[139.76734,34.95763]]],[[[139.76506,34.95772],[139.76527,34.95764],[139.76517,34.95758],[139.76506,34.95772]]],[[[139.76425,34.95757],[139.76403,34.95763],[139.76427,34.95774],[139.76425,34.95757]]],[[[139.76768,34.95762],[139.76765,34.95767],[139.76779,34.9577],[139.76768,34.95762]]],[[[139.76654,34.95763],[139.76652,34.95774],[139.76662,34.95776],[139.76654,34.95763]]],[[[139.76727,34.95767],[139.76716,34.95771],[139.76724,34.95778],[139.76727,34.95767]]],[[[139.76787,34.95768],[139.76783,34.95778],[139.76803,34.95775],[139.76787,34.95768]]],[[[139.76707,34.95766],[139.76686,34.95774],[139.76717,34.9578],[139.76707,34.95766]]],[[[139.76483,34.95765],[139.76472,34.95769],[139.76478,34.9578],[139.76483,34.95765]]],[[[139.76544,34.95773],[139.76541,34.95776],[139.76549,34.95777],[139.76544,34.95773]]],[[[139.76777,34.95775],[139.76757,34.95774],[139.76764,34.9578],[139.76777,34.95775]]],[[[139.76748,34.95771],[139.76731,34.95781],[139.76739,34.95782],[139.76748,34.95771]]],[[[139.7657,34.95776],[139.76576,34.95791],[139.76593,34.95785],[139.7657,34.95776]]],[[[139.76531,34.95785],[139.7654,34.9578],[139.76527,34.95778],[139.76531,34.95785]]],[[[139.76413,34.95783],[139.76399,34.95788],[139.7641,34.9579],[139.76413,34.95783]]],[[[139.76521,34.95789],[139.76517,34.95792],[139.76525,34.95794],[139.76521,34.95789]]],[[[139.76582,34.95797],[139.76558,34.95786],[139.76548,34.95801],[139.76586,34.95802],[139.76582,34.95797]]],[[[139.76541,34.95791],[139.7653,34.95797],[139.76544,34.958],[139.76541,34.95791]]],[[[139.76628,34.95801],[139.76631,34.95793],[139.76606,34.95798],[139.76628,34.95801]]],[[[139.76454,34.95809],[139.76473,34.95781],[139.76445,34.95772],[139.764,34.95823],[139.7635,34.95831],[139.76384,34.95838],[139.76454,34.95809]]],[[[139.76678,34.95823],[139.76683,34.95823],[139.7667,34.95808],[139.76678,34.95823]]],[[[139.76672,34.95824],[139.76656,34.95822],[139.76656,34.95823],[139.76672,34.95824]]],[[[139.76621,34.97551],[139.76634,34.97553],[139.76634,34.9755],[139.76621,34.97551]]],[[[139.76712,34.97574],[139.76709,34.97567],[139.76702,34.97574],[139.76712,34.97574]]],[[[139.76823,34.97616],[139.76822,34.97605],[139.76819,34.97614],[139.76823,34.97616]]],[[[139.76855,34.97618],[139.76853,34.97613],[139.76848,34.97613],[139.76855,34.97618]]],[[[139.77188,34.97682],[139.77196,34.97678],[139.77189,34.97678],[139.77188,34.97682]]],[[[139.77222,34.97694],[139.77228,34.97686],[139.77226,34.97684],[139.77222,34.97694]]],[[[139.77099,34.97707],[139.77099,34.97709],[139.7711,34.97709],[139.77099,34.97707]]],[[[139.77255,34.97714],[139.7725,34.97725],[139.77251,34.97725],[139.77255,34.97714]]],[[[139.77455,34.97742],[139.77442,34.97739],[139.77447,34.97747],[139.77455,34.97742]]],[[[139.77249,34.97762],[139.77284,34.97748],[139.77258,34.97725],[139.77249,34.97762]]],[[[139.77359,34.97753],[139.77363,34.9776],[139.77369,34.97738],[139.77359,34.97753]]],[[[139.77335,34.97768],[139.77351,34.97749],[139.77344,34.97749],[139.77335,34.97768]]],[[[139.77293,34.97772],[139.77311,34.97762],[139.77289,34.97749],[139.77293,34.97772]]],[[[139.77408,34.9777],[139.77402,34.97778],[139.77408,34.97779],[139.77408,34.9777]]],[[[139.77039,35.31544],[139.77081,35.31435],[139.76788,35.31441],[139.76704,35.31523],[139.77039,35.31544]]],[[[139.78914,34.95226],[139.78907,34.9523],[139.78909,34.95231],[139.78914,34.95226]]],[[[139.78893,34.95236],[139.78884,34.95238],[139.78891,34.95241],[139.78893,34.95236]]],[[[139.78843,34.9525],[139.78841,34.95252],[139.78852,34.95253],[139.78843,34.9525]]],[[[139.78839,34.95258],[139.78827,34.95254],[139.78827,34.95256],[139.78839,34.95258]]],[[[139.78815,34.95259],[139.78807,34.95259],[139.78813,34.95264],[139.78815,34.95259]]],[[[139.78824,34.95275],[139.78834,34.95274],[139.78828,34.95271],[139.78824,34.95275]]],[[[139.78799,34.95278],[139.78796,34.95278],[139.7881,34.95282],[139.78799,34.95278]]],[[[139.78783,34.95293],[139.78777,34.95293],[139.78777,34.95295],[139.78783,34.95293]]],[[[139.78442,34.9537],[139.78437,34.95375],[139.7848,34.9537],[139.78442,34.9537]]],[[[139.7833,34.9538],[139.78314,34.95384],[139.78328,34.95388],[139.7833,34.9538]]],[[[139.78062,34.95392],[139.78059,34.95398],[139.78072,34.95399],[139.78062,34.95392]]],[[[139.78037,34.95403],[139.78032,34.9541],[139.78046,34.95412],[139.78037,34.95403]]],[[[139.78135,34.95414],[139.78137,34.95415],[139.78138,34.9541],[139.78135,34.95414]]],[[[139.78094,34.95418],[139.78103,34.95414],[139.78101,34.95412],[139.78094,34.95418]]],[[[139.78319,34.95415],[139.78319,34.95417],[139.78327,34.95418],[139.78319,34.95415]]],[[[139.78086,34.95417],[139.7808,34.95416],[139.78085,34.95422],[139.78086,34.95417]]],[[[139.78117,34.95422],[139.78113,34.95425],[139.78114,34.95427],[139.78117,34.95422]]],[[[139.78165,34.9543],[139.78169,34.95424],[139.78158,34.95426],[139.78165,34.9543]]],[[[139.7821,34.95423],[139.78203,34.9543],[139.78214,34.95432],[139.7821,34.95423]]],[[[139.78174,34.95427],[139.7819,34.95443],[139.78191,34.9544],[139.78174,34.95427]]],[[[139.78109,34.95436],[139.78108,34.95438],[139.78112,34.9544],[139.78109,34.95436]]],[[[139.7815,34.95433],[139.78148,34.95445],[139.78156,34.95441],[139.7815,34.95433]]],[[[139.78127,34.95441],[139.78121,34.95441],[139.78138,34.95457],[139.7814,34.95442],[139.78127,34.95441]]],[[[139.78052,34.95454],[139.78042,34.95457],[139.78047,34.95461],[139.78052,34.95454]]],[[[139.78006,34.95458],[139.78002,34.95456],[139.78,34.95465],[139.78006,34.95458]]],[[[139.7797,34.95474],[139.77978,34.95452],[139.7797,34.9545],[139.7797,34.95474]]],[[[139.78024,34.95467],[139.78013,34.95465],[139.78018,34.95478],[139.78024,34.95467]]],[[[139.78053,34.95473],[139.78049,34.95475],[139.78057,34.95475],[139.78053,34.95473]]],[[[139.78061,34.95478],[139.78055,34.95481],[139.78061,34.95484],[139.78061,34.95478]]],[[[139.77554,34.95497],[139.77575,34.95489],[139.77562,34.95485],[139.77554,34.95497]]],[[[139.77803,34.95509],[139.77815,34.95507],[139.77806,34.95501],[139.77803,34.95509]]],[[[139.77593,34.955],[139.77587,34.95505],[139.77596,34.95511],[139.77593,34.955]]],[[[139.77843,34.95501],[139.7784,34.95502],[139.77843,34.95509],[139.77843,34.95501]]],[[[139.77615,34.95511],[139.77615,34.95514],[139.7762,34.95514],[139.77615,34.95511]]],[[[139.77823,34.95516],[139.77828,34.95514],[139.77825,34.95511],[139.77823,34.95516]]],[[[139.77577,34.95516],[139.7758,34.95515],[139.77579,34.95513],[139.77577,34.95516]]],[[[139.7755,34.95525],[139.77563,34.95509],[139.77543,34.95514],[139.7755,34.95525]]],[[[139.77641,34.95525],[139.77637,34.95511],[139.77627,34.9551],[139.77641,34.95525]]],[[[139.77607,34.95522],[139.77602,34.95524],[139.77604,34.95526],[139.77607,34.95522]]],[[[139.7782,34.95523],[139.77815,34.95522],[139.77815,34.95526],[139.7782,34.95523]]],[[[139.77555,34.95524],[139.77544,34.95534],[139.77572,34.95525],[139.77555,34.95524]]],[[[139.7771,34.95533],[139.77742,34.95543],[139.77737,34.95519],[139.7771,34.95533]]],[[[139.77615,34.95535],[139.77622,34.95532],[139.77615,34.95529],[139.77615,34.95535]]],[[[139.7781,34.95523],[139.77782,34.95519],[139.77777,34.95548],[139.7781,34.95523]]],[[[139.77693,34.95544],[139.77687,34.95541],[139.77691,34.95552],[139.77693,34.95544]]],[[[139.77742,34.95548],[139.7774,34.95553],[139.77746,34.95554],[139.77742,34.95548]]],[[[139.77867,34.95554],[139.77874,34.95552],[139.77867,34.95548],[139.77867,34.95554]]],[[[139.77985,34.95558],[139.77991,34.95557],[139.77987,34.95555],[139.77985,34.95558]]],[[[139.77771,34.95556],[139.77773,34.9556],[139.77784,34.95559],[139.77771,34.95556]]],[[[139.77945,34.95563],[139.77958,34.95562],[139.77954,34.95554],[139.77945,34.95563]]],[[[139.77998,34.9556],[139.78005,34.9556],[139.78001,34.95557],[139.77998,34.9556]]],[[[139.77889,34.95558],[139.77879,34.95558],[139.7788,34.95569],[139.77889,34.95558]]],[[[139.77737,34.95561],[139.77729,34.9556],[139.77732,34.95571],[139.77737,34.95561]]],[[[139.77986,34.95564],[139.77976,34.9556],[139.77966,34.95573],[139.77986,34.95564]]],[[[139.7772,34.95584],[139.77718,34.95567],[139.77706,34.95558],[139.7772,34.95584]]],[[[139.77899,34.95568],[139.77897,34.95565],[139.77893,34.95574],[139.77899,34.95568]]],[[[139.77925,34.95571],[139.77923,34.95571],[139.77924,34.95576],[139.77925,34.95571]]],[[[139.77968,34.95578],[139.77968,34.9558],[139.77971,34.9558],[139.77968,34.95578]]],[[[139.7792,34.95588],[139.7792,34.95591],[139.77925,34.95591],[139.7792,34.95588]]],[[[139.80248,34.97583],[139.80254,34.97578],[139.80248,34.97578],[139.80248,34.97583]]],[[[139.77967,34.97597],[139.77968,34.97603],[139.77975,34.97594],[139.77967,34.97597]]],[[[139.77952,34.97605],[139.77945,34.97605],[139.7795,34.97613],[139.77952,34.97605]]],[[[139.77934,34.97617],[139.77933,34.97611],[139.77922,34.97617],[139.77934,34.97617]]],[[[139.77953,34.97631],[139.77966,34.97621],[139.77956,34.97617],[139.77953,34.97631]]],[[[139.78171,34.97832],[139.78142,34.97837],[139.78143,34.9784],[139.78171,34.97832]]],[[[139.81377,34.97852],[139.81386,34.97837],[139.81383,34.97837],[139.81377,34.97852]]],[[[139.78144,34.97874],[139.78174,34.97872],[139.78172,34.97867],[139.78144,34.97874]]],[[[139.81566,34.97933],[139.81564,34.97937],[139.81625,34.97936],[139.81566,34.97933]]],[[[139.81852,35.03365],[139.81854,35.03366],[139.81856,35.03363],[139.81852,35.03365]]],[[[139.81858,35.03375],[139.81853,35.03374],[139.81852,35.03382],[139.81858,35.03375]]],[[[139.817,35.03506],[139.81713,35.03481],[139.81694,35.03473],[139.817,35.03506]]],[[[139.81715,35.03512],[139.81713,35.03514],[139.81724,35.03511],[139.81715,35.03512]]],[[[139.81724,35.03527],[139.81741,35.03518],[139.81726,35.03514],[139.81724,35.03527]]],[[[139.8174,35.03527],[139.81743,35.03524],[139.81738,35.03525],[139.8174,35.03527]]],[[[139.81572,35.03538],[139.81566,35.03544],[139.81576,35.03544],[139.81572,35.03538]]],[[[139.81452,35.03632],[139.81462,35.03628],[139.81457,35.03622],[139.81452,35.03632]]],[[[139.81473,35.03645],[139.81481,35.03643],[139.81478,35.0364],[139.81473,35.03645]]],[[[139.81315,35.03651],[139.81299,35.03637],[139.81304,35.03644],[139.81315,35.03651]]],[[[139.81406,35.03643],[139.81404,35.03643],[139.81404,35.03646],[139.81406,35.03643]]],[[[139.81336,35.03641],[139.81317,35.03651],[139.81345,35.03658],[139.81336,35.03641]]],[[[139.81401,35.03663],[139.81405,35.03663],[139.81403,35.0366],[139.81401,35.03663]]],[[[139.81304,35.03663],[139.81304,35.0366],[139.81302,35.03661],[139.81304,35.03663]]],[[[139.81414,35.03664],[139.81415,35.03663],[139.81409,35.03661],[139.81414,35.03664]]],[[[139.81348,35.03667],[139.8135,35.03665],[139.81347,35.03664],[139.81348,35.03667]]],[[[139.81197,35.03665],[139.81195,35.03666],[139.81197,35.03668],[139.81197,35.03665]]],[[[139.81362,35.03669],[139.81365,35.03669],[139.81364,35.03667],[139.81362,35.03669]]],[[[139.81314,35.03677],[139.81317,35.03659],[139.81308,35.03665],[139.81314,35.03677]]],[[[139.81292,35.03672],[139.8129,35.03673],[139.81292,35.03675],[139.81292,35.03672]]],[[[139.81262,35.03676],[139.81264,35.03674],[139.81263,35.03673],[139.81262,35.03676]]],[[[139.81289,35.03681],[139.81289,35.03676],[139.81285,35.03678],[139.81289,35.03681]]],[[[139.8131,35.03679],[139.81308,35.03681],[139.81309,35.03682],[139.8131,35.03679]]],[[[139.81273,35.03679],[139.81272,35.03681],[139.81272,35.03683],[139.81273,35.03679]]],[[[139.81211,35.0368],[139.81206,35.03684],[139.81208,35.03685],[139.81211,35.0368]]],[[[139.81304,35.03684],[139.81305,35.03682],[139.81301,35.03681],[139.81304,35.03684]]],[[[139.81265,35.03685],[139.81264,35.03684],[139.81261,35.03686],[139.81265,35.03685]]],[[[139.81313,35.03689],[139.81309,35.03685],[139.81305,35.03687],[139.81313,35.03689]]],[[[139.8121,35.03694],[139.81193,35.03684],[139.81194,35.03688],[139.8121,35.03694]]],[[[139.81252,35.03689],[139.81248,35.03689],[139.81248,35.03691],[139.81252,35.03689]]],[[[139.81172,35.03696],[139.81179,35.03696],[139.81176,35.03693],[139.81172,35.03696]]],[[[139.81187,35.03697],[139.81187,35.03699],[139.81191,35.03699],[139.81187,35.03697]]],[[[139.81006,35.03699],[139.81025,35.0373],[139.81034,35.03716],[139.81006,35.03699]]],[[[139.80991,35.03739],[139.80985,35.03743],[139.80999,35.03747],[139.80991,35.03739]]],[[[139.81038,35.03735],[139.81023,35.03742],[139.81036,35.03754],[139.81038,35.03735]]],[[[139.80975,35.0375],[139.80979,35.03749],[139.80978,35.03746],[139.80975,35.0375]]],[[[139.81018,35.03771],[139.81018,35.03751],[139.81009,35.03756],[139.81018,35.03771]]],[[[139.81021,35.03786],[139.81025,35.03785],[139.81017,35.03783],[139.81021,35.03786]]],[[[139.81035,35.03805],[139.81027,35.03807],[139.81031,35.0381],[139.81035,35.03805]]],[[[139.81038,35.03818],[139.81033,35.0382],[139.81035,35.03827],[139.81038,35.03818]]],[[[139.81031,35.0385],[139.81034,35.03847],[139.8103,35.03845],[139.81031,35.0385]]],[[[139.81047,35.03854],[139.81043,35.03851],[139.81041,35.03855],[139.81047,35.03854]]],[[[139.81037,35.03891],[139.81048,35.03892],[139.81039,35.03871],[139.81037,35.03891]]],[[[139.81072,35.03892],[139.81073,35.03893],[139.81072,35.03886],[139.81072,35.03892]]],[[[139.81049,35.039],[139.81049,35.03907],[139.81059,35.03899],[139.81049,35.039]]],[[[139.80981,35.03927],[139.80988,35.03926],[139.80988,35.03919],[139.80981,35.03927]]],[[[139.81061,35.03927],[139.81056,35.03917],[139.81041,35.03925],[139.81061,35.03927]]],[[[139.81078,35.03937],[139.81069,35.03921],[139.81063,35.03934],[139.81078,35.03937]]],[[[139.81087,35.03951],[139.81083,35.03949],[139.81082,35.03955],[139.81087,35.03951]]],[[[139.81104,35.03954],[139.81105,35.03951],[139.81103,35.03952],[139.81104,35.03954]]],[[[139.81147,35.03965],[139.8115,35.03965],[139.81149,35.03963],[139.81147,35.03965]]],[[[139.81124,35.03968],[139.81123,35.03973],[139.81126,35.03973],[139.81124,35.03968]]],[[[139.81107,35.03972],[139.81115,35.03983],[139.81117,35.03979],[139.81107,35.03972]]],[[[139.81172,35.04084],[139.81187,35.04068],[139.81165,35.04059],[139.81172,35.04084]]],[[[139.81281,35.0418],[139.81275,35.04166],[139.81263,35.04184],[139.81281,35.0418]]],[[[139.81328,35.04243],[139.81325,35.04242],[139.81324,35.04247],[139.81328,35.04243]]],[[[139.81618,35.04292],[139.81615,35.04296],[139.81621,35.04298],[139.81618,35.04292]]],[[[139.81368,35.04305],[139.81369,35.04306],[139.81373,35.04303],[139.81368,35.04305]]],[[[139.81363,35.0431],[139.81348,35.04302],[139.81343,35.04305],[139.81349,35.04335],[139.81363,35.0431]]],[[[139.81535,35.04339],[139.81531,35.04343],[139.81534,35.04344],[139.81535,35.04339]]],[[[139.8003,35.06196],[139.80034,35.06172],[139.80015,35.06174],[139.8003,35.06196]]],[[[139.81851,35.06559],[139.81841,35.06561],[139.81858,35.06574],[139.81851,35.06559]]],[[[139.80324,35.06594],[139.80301,35.0659],[139.80298,35.06602],[139.80324,35.06594]]],[[[139.80425,35.06702],[139.80439,35.06667],[139.80412,35.06668],[139.80425,35.06702]]],[[[139.81539,35.10759],[139.81515,35.10817],[139.81544,35.10836],[139.81601,35.10786],[139.81539,35.10759]]],[[[139.8168,35.10805],[139.81632,35.10793],[139.81636,35.10807],[139.8168,35.10805]]],[[[139.81441,35.10925],[139.81343,35.10879],[139.81312,35.10997],[139.81339,35.11077],[139.8153,35.11144],[139.81569,35.11078],[139.81614,35.11103],[139.81621,35.11019],[139.81514,35.10842],[139.81441,35.10925]]],[[[139.81683,35.16012],[139.81694,35.1601],[139.81692,35.16004],[139.81683,35.16012]]],[[[139.81701,35.16015],[139.817,35.16022],[139.81708,35.16025],[139.81701,35.16015]]],[[[139.81687,35.16055],[139.81675,35.16059],[139.81682,35.16065],[139.81687,35.16055]]],[[[139.81536,35.17063],[139.81521,35.17068],[139.81526,35.17078],[139.81536,35.17063]]],[[[139.81612,35.18493],[139.81643,35.1849],[139.81647,35.18471],[139.81612,35.18493]]],[[[139.81576,35.18495],[139.81578,35.18498],[139.81585,35.18494],[139.81576,35.18495]]],[[[139.81567,35.18518],[139.81568,35.18526],[139.81575,35.18522],[139.81567,35.18518]]],[[[139.81839,35.30128],[139.81955,35.30085],[139.81841,35.30121],[139.81768,35.30098],[139.81839,35.30128]]],[[[139.81567,35.30244],[139.81779,35.3017],[139.81774,35.30161],[139.81567,35.30244]]],[[[139.83129,34.90763],[139.83135,34.90768],[139.83136,34.90764],[139.83129,34.90763]]],[[[139.83129,34.90785],[139.83134,34.90784],[139.83129,34.90778],[139.83129,34.90785]]],[[[139.82901,34.90794],[139.82902,34.90786],[139.82876,34.90772],[139.82901,34.90794]]],[[[139.83112,34.9079],[139.8312,34.90792],[139.83115,34.90785],[139.83112,34.9079]]],[[[139.82525,34.91016],[139.8254,34.91023],[139.8255,34.90999],[139.82525,34.91016]]],[[[139.82474,34.91008],[139.82462,34.91004],[139.82464,34.91012],[139.82474,34.91008]]],[[[139.82545,34.91022],[139.82573,34.91004],[139.82558,34.90999],[139.82545,34.91022]]],[[[139.82508,34.91015],[139.82519,34.91016],[139.82511,34.91006],[139.82508,34.91015]]],[[[139.82578,34.91009],[139.82549,34.91023],[139.826,34.91009],[139.82578,34.91009]]],[[[139.82417,34.91028],[139.82444,34.91018],[139.82441,34.91008],[139.82417,34.91028]]],[[[139.82396,34.91034],[139.82411,34.91037],[139.82409,34.91033],[139.82396,34.91034]]],[[[139.82511,34.91033],[139.82527,34.91037],[139.82528,34.91027],[139.82511,34.91033]]],[[[139.82485,34.91042],[139.82489,34.91038],[139.82479,34.91034],[139.82485,34.91042]]],[[[139.82548,34.9105],[139.82559,34.91046],[139.82556,34.91034],[139.82548,34.9105]]],[[[139.82462,34.91056],[139.82468,34.91057],[139.82453,34.91048],[139.82462,34.91056]]],[[[139.82382,34.91062],[139.82388,34.91054],[139.82377,34.9105],[139.82382,34.91062]]],[[[139.82533,34.91063],[139.82544,34.91052],[139.82523,34.91051],[139.82533,34.91063]]],[[[139.82519,34.91062],[139.82522,34.91062],[139.82513,34.91051],[139.82519,34.91062]]],[[[139.8249,34.91063],[139.82504,34.91068],[139.82498,34.91062],[139.8249,34.91063]]],[[[139.82399,34.91076],[139.82445,34.91066],[139.82397,34.91049],[139.82399,34.91076]]],[[[139.82495,34.91071],[139.82497,34.9107],[139.8248,34.91065],[139.82495,34.91071]]],[[[139.825,34.9117],[139.82445,34.91146],[139.8251,34.91211],[139.82487,34.91309],[139.82399,34.91388],[139.82335,34.91375],[139.82363,34.91424],[139.82306,34.91392],[139.82335,34.9141],[139.82277,34.91432],[139.82322,34.91464],[139.82248,34.91435],[139.82333,34.91558],[139.82268,34.91541],[139.82326,34.91577],[139.82298,34.91682],[139.8241,34.91859],[139.82351,34.91948],[139.82404,34.91943],[139.82449,34.91881],[139.82427,34.91814],[139.82469,34.91814],[139.82457,34.91879],[139.82577,34.91962],[139.82484,34.9202],[139.82421,34.92161],[139.82325,34.92094],[139.82468,34.92008],[139.82476,34.91987],[139.82459,34.91974],[139.8231,34.92095],[139.82268,34.92064],[139.82547,34.92306],[139.82504,34.92474],[139.82603,34.92467],[139.82532,34.92468],[139.82543,34.92398],[139.82768,34.9244],[139.82758,34.92502],[139.82645,34.9249],[139.82687,34.92472],[139.82514,34.92496],[139.82684,34.92501],[139.82745,34.92724],[139.82535,34.93225],[139.82004,34.93782],[139.8159,34.94096],[139.80992,34.94441],[139.79352,34.95125],[139.7824,34.95472],[139.78075,34.95463],[139.78052,34.95557],[139.77964,34.95615],[139.77878,34.95573],[139.77888,34.95601],[139.7785,34.9554],[139.7778,34.95584],[139.77742,34.95557],[139.77746,34.95598],[139.77656,34.95572],[139.77657,34.95527],[139.77566,34.95552],[139.7752,34.95521],[139.77508,34.95558],[139.77515,34.95502],[139.77478,34.955],[139.77477,34.95486],[139.77454,34.95524],[139.77469,34.95492],[139.77409,34.95472],[139.77401,34.95506],[139.77388,34.95473],[139.77328,34.95485],[139.77348,34.95519],[139.77243,34.95473],[139.77172,34.9548],[139.77248,34.95498],[139.7726,34.95547],[139.77207,34.95555],[139.772,34.95517],[139.77151,34.95543],[139.77172,34.95498],[139.7714,34.95523],[139.77112,34.95454],[139.77072,34.95509],[139.77006,34.95494],[139.7692,34.95576],[139.76846,34.95574],[139.76879,34.95604],[139.76819,34.95652],[139.76882,34.95731],[139.76868,34.95779],[139.76683,34.95802],[139.76704,34.95829],[139.76678,34.95835],[139.7648,34.95798],[139.76352,34.95888],[139.76207,34.95935],[139.76074,34.95906],[139.75835,34.95968],[139.7582,34.96002],[139.75877,34.95985],[139.7592,34.96049],[139.75865,34.96099],[139.75901,34.96097],[139.75799,34.96147],[139.75837,34.96163],[139.7586,34.96122],[139.75899,34.96168],[139.7584,34.96198],[139.75902,34.96231],[139.75886,34.96264],[139.75752,34.96183],[139.75783,34.96161],[139.75728,34.96151],[139.75708,34.96182],[139.75788,34.96214],[139.75756,34.96259],[139.75719,34.96298],[139.75638,34.96301],[139.75602,34.96368],[139.75584,34.96324],[139.75465,34.96369],[139.75491,34.96381],[139.75443,34.96478],[139.75335,34.96532],[139.75367,34.96593],[139.75333,34.96588],[139.75311,34.96592],[139.75349,34.96592],[139.75359,34.96602],[139.75301,34.9664],[139.75361,34.96659],[139.7529,34.96687],[139.75372,34.96689],[139.75395,34.96728],[139.75358,34.96754],[139.75336,34.96743],[139.75309,34.96755],[139.75459,34.96799],[139.75411,34.9686],[139.75448,34.96848],[139.7546,34.96857],[139.75369,34.96915],[139.75429,34.96907],[139.75395,34.96927],[139.75399,34.9694],[139.75442,34.96907],[139.75421,34.96968],[139.7549,34.96893],[139.75476,34.9694],[139.75552,34.96922],[139.75568,34.96964],[139.7551,34.96971],[139.75457,34.96987],[139.75538,34.96999],[139.75486,34.97154],[139.75459,34.97146],[139.75482,34.97183],[139.75409,34.97204],[139.75411,34.97169],[139.7539,34.9721],[139.75353,34.97207],[139.75292,34.97416],[139.7534,34.97373],[139.75315,34.9743],[139.75361,34.97493],[139.75445,34.9746],[139.75487,34.97495],[139.75456,34.97535],[139.75495,34.97573],[139.75449,34.97587],[139.75528,34.97665],[139.75425,34.97662],[139.75363,34.97722],[139.75428,34.97727],[139.75373,34.97752],[139.75423,34.97743],[139.75465,34.97789],[139.75427,34.97801],[139.75535,34.97828],[139.75629,34.97774],[139.7572,34.97784],[139.75696,34.97742],[139.75766,34.97774],[139.75892,34.9774],[139.75853,34.9766],[139.75951,34.97587],[139.7591,34.97484],[139.75967,34.97456],[139.76078,34.97576],[139.76168,34.97579],[139.7605,34.97619],[139.76065,34.97632],[139.76183,34.9758],[139.76367,34.97597],[139.76493,34.97481],[139.76578,34.97478],[139.7672,34.97523],[139.7675,34.97581],[139.76875,34.976],[139.76895,34.97644],[139.76953,34.97577],[139.77015,34.97635],[139.77085,34.97582],[139.77129,34.97626],[139.77082,34.97684],[139.77184,34.97634],[139.77255,34.97714],[139.77276,34.97737],[139.77374,34.97735],[139.77397,34.97772],[139.77438,34.97728],[139.77519,34.97742],[139.77427,34.97691],[139.77424,34.97626],[139.77672,34.97509],[139.77852,34.97535],[139.77916,34.97576],[139.77898,34.97618],[139.77988,34.97581],[139.78175,34.97665],[139.78303,34.9759],[139.78454,34.9763],[139.78498,34.97622],[139.78315,34.97589],[139.78355,34.97545],[139.78235,34.97487],[139.78392,34.97312],[139.78409,34.9736],[139.78618,34.97281],[139.78909,34.97299],[139.79267,34.97383],[139.79246,34.97463],[139.79324,34.97474],[139.79251,34.97458],[139.7927,34.97386],[139.79337,34.97424],[139.79418,34.97348],[139.79696,34.97382],[139.80141,34.97578],[139.80263,34.97567],[139.80574,34.97662],[139.80568,34.97801],[139.8068,34.97888],[139.80746,34.97883],[139.80685,34.97884],[139.80577,34.97797],[139.80582,34.9773],[139.80772,34.97759],[139.80744,34.97828],[139.80772,34.97814],[139.80779,34.97721],[139.80916,34.97733],[139.81128,34.97825],[139.81153,34.97888],[139.8131,34.97915],[139.81246,34.97868],[139.8144,34.97808],[139.81556,34.97856],[139.81578,34.97916],[139.81658,34.97923],[139.81645,34.97933],[139.81734,34.98031],[139.81674,34.97884],[139.81743,34.97869],[139.81758,34.9781],[139.81862,34.97798],[139.8227,34.97998],[139.82376,34.98138],[139.82358,34.9818],[139.82265,34.98177],[139.82427,34.98186],[139.82336,34.983],[139.82724,34.98848],[139.82652,34.98991],[139.82311,34.99034],[139.82284,34.99075],[139.82322,34.9908],[139.8228,34.99085],[139.82323,34.99092],[139.82261,34.99101],[139.82387,34.99132],[139.82324,34.99136],[139.82587,34.99164],[139.82651,34.99139],[139.8266,34.99036],[139.82803,34.9899],[139.82898,34.99092],[139.83774,34.99107],[139.84212,34.99205],[139.84152,34.99181],[139.84292,34.98935],[139.84321,34.98948],[139.84551,34.98955],[139.84321,34.98945],[139.84188,34.98888],[139.84177,34.98611],[139.84743,34.9861],[139.8481,34.98533],[139.84924,34.98609],[139.8482,34.98501],[139.85023,34.98577],[139.84992,34.98617],[139.85038,34.98587],[139.84991,34.98633],[139.85015,34.98612],[139.85198,34.98699],[139.85065,34.98819],[139.84863,34.98763],[139.84797,34.98773],[139.84798,34.98778],[139.8507,34.98825],[139.85236,34.98717],[139.85142,34.98814],[139.85251,34.98726],[139.85325,34.98789],[139.85239,34.98853],[139.85344,34.98894],[139.85377,34.98868],[139.85375,34.98925],[139.85469,34.9903],[139.85548,34.99043],[139.85654,34.99227],[139.85701,34.9936],[139.85548,34.99399],[139.85708,34.99364],[139.85723,34.99399],[139.85516,34.99461],[139.85706,34.99409],[139.85572,34.99458],[139.85714,34.99427],[139.85786,34.99655],[139.85784,34.9969],[139.85618,34.99724],[139.85639,34.99801],[139.85635,34.99739],[139.85683,34.99721],[139.85779,34.99778],[139.85829,34.99944],[139.8583,35.0022],[139.85693,35.00331],[139.85804,35.00331],[139.85829,35.00404],[139.85825,35.0045],[139.85782,35.00449],[139.85834,35.00476],[139.85826,35.00586],[139.85787,35.00585],[139.85828,35.006],[139.85803,35.01102],[139.85751,35.01141],[139.85603,35.01654],[139.85455,35.0192],[139.85489,35.01949],[139.85318,35.02176],[139.85262,35.02155],[139.85317,35.02177],[139.85216,35.02298],[139.85073,35.0238],[139.85092,35.0243],[139.85034,35.0231],[139.84837,35.02241],[139.84746,35.02259],[139.85033,35.02323],[139.85071,35.02416],[139.84905,35.02463],[139.8483,35.02332],[139.84581,35.02267],[139.84859,35.02423],[139.84915,35.02535],[139.84731,35.0259],[139.84568,35.02517],[139.84601,35.02428],[139.84542,35.02413],[139.84516,35.02462],[139.84492,35.02442],[139.84475,35.0244],[139.84514,35.02468],[139.84484,35.02555],[139.84375,35.02505],[139.84445,35.02436],[139.84415,35.02392],[139.84466,35.02291],[139.84388,35.02412],[139.84126,35.0255],[139.84167,35.02547],[139.84083,35.02759],[139.83994,35.02861],[139.8386,35.02913],[139.83794,35.0288],[139.83793,35.02892],[139.83623,35.0307],[139.83403,35.03215],[139.83008,35.033],[139.8297,35.03251],[139.82924,35.0329],[139.82751,35.03297],[139.82708,35.0323],[139.82707,35.03261],[139.82592,35.03229],[139.82566,35.0314],[139.82475,35.03125],[139.82335,35.03212],[139.81898,35.03349],[139.81904,35.03422],[139.81777,35.03529],[139.81695,35.03564],[139.81592,35.03518],[139.81583,35.03554],[139.81545,35.03553],[139.81566,35.03592],[139.81502,35.03647],[139.81043,35.03753],[139.81049,35.03866],[139.81076,35.03885],[139.81099,35.0391],[139.81074,35.03915],[139.8116,35.03966],[139.81263,35.04085],[139.8119,35.04141],[139.81302,35.04166],[139.81362,35.0425],[139.81437,35.04232],[139.81533,35.04335],[139.81907,35.03843],[139.81987,35.03842],[139.82057,35.0399],[139.82198,35.04101],[139.82061,35.03987],[139.82027,35.03884],[139.82181,35.03835],[139.82222,35.03921],[139.82258,35.0391],[139.82215,35.03817],[139.8231,35.03751],[139.82403,35.03781],[139.8231,35.03973],[139.82234,35.03997],[139.82212,35.04025],[139.82337,35.03967],[139.82424,35.03786],[139.82706,35.03906],[139.83,35.04109],[139.83093,35.04234],[139.83191,35.04395],[139.83034,35.04454],[139.83192,35.04398],[139.83286,35.04636],[139.83256,35.04821],[139.83065,35.04833],[139.83106,35.04875],[139.83067,35.04939],[139.83087,35.0499],[139.83147,35.04871],[139.83216,35.04882],[139.83156,35.04982],[139.83207,35.04959],[139.83237,35.05008],[139.83198,35.0512],[139.83094,35.05248],[139.82973,35.05241],[139.82912,35.05216],[139.82897,35.05192],[139.82878,35.05219],[139.82847,35.05233],[139.82752,35.05224],[139.82771,35.05634],[139.82532,35.06165],[139.82379,35.06383],[139.82301,35.06366],[139.82286,35.06366],[139.82371,35.06383],[139.82329,35.06442],[139.82229,35.06434],[139.82147,35.06503],[139.81967,35.06529],[139.81915,35.06599],[139.82036,35.06636],[139.82017,35.06765],[139.82037,35.06712],[139.82133,35.0676],[139.82109,35.0689],[139.82225,35.06941],[139.82111,35.07145],[139.8215,35.0722],[139.82102,35.07225],[139.82702,35.0743],[139.82733,35.07521],[139.82859,35.07573],[139.83019,35.07594],[139.834,35.0774],[139.83464,35.07808],[139.8368,35.0786],[139.83688,35.08038],[139.83684,35.07852],[139.83768,35.07822],[139.83757,35.07883],[139.83849,35.07876],[139.83754,35.08019],[139.83833,35.08008],[139.83929,35.08192],[139.83923,35.083],[139.83933,35.08219],[139.84051,35.08171],[139.84113,35.08271],[139.84042,35.08277],[139.83981,35.08289],[139.84188,35.08291],[139.84246,35.08639],[139.84219,35.08703],[139.8408,35.08693],[139.84223,35.08708],[139.84166,35.09076],[139.83813,35.09787],[139.83684,35.0989],[139.83595,35.09854],[139.83681,35.09911],[139.83585,35.09981],[139.83316,35.10032],[139.83097,35.09985],[139.82772,35.09982],[139.82741,35.10032],[139.8271,35.10026],[139.82694,35.10045],[139.82796,35.10057],[139.82856,35.10145],[139.8296,35.10168],[139.82877,35.10237],[139.82651,35.1009],[139.82353,35.10101],[139.82633,35.10243],[139.8261,35.10306],[139.82756,35.10387],[139.82646,35.10381],[139.82642,35.10413],[139.82772,35.10521],[139.82739,35.10615],[139.82509,35.10574],[139.8251,35.10661],[139.82364,35.10707],[139.82395,35.10782],[139.82493,35.10734],[139.82618,35.1076],[139.82558,35.10935],[139.82564,35.11036],[139.82577,35.10948],[139.82696,35.10947],[139.82703,35.11002],[139.82702,35.10947],[139.82779,35.10943],[139.82822,35.11013],[139.82822,35.11043],[139.82717,35.11037],[139.82821,35.11068],[139.82818,35.11113],[139.82684,35.11104],[139.82707,35.11231],[139.82604,35.11298],[139.82557,35.1125],[139.82641,35.11182],[139.8266,35.11094],[139.82601,35.11048],[139.82634,35.1118],[139.82411,35.1138],[139.825,35.11376],[139.82696,35.11486],[139.82805,35.11609],[139.82823,35.11853],[139.82695,35.11912],[139.82822,35.11859],[139.82959,35.1193],[139.82893,35.11864],[139.82929,35.11832],[139.83035,35.1189],[139.83001,35.11922],[139.8304,35.11952],[139.83092,35.11902],[139.83119,35.11923],[139.83187,35.12074],[139.83152,35.12163],[139.83187,35.12162],[139.83128,35.12195],[139.83108,35.12143],[139.83116,35.12205],[139.83169,35.1221],[139.83088,35.1231],[139.8323,35.12367],[139.83467,35.1238],[139.83625,35.12569],[139.83621,35.12639],[139.83537,35.12692],[139.83582,35.12722],[139.83571,35.12935],[139.83504,35.1307],[139.83559,35.13069],[139.83654,35.1297],[139.83831,35.1295],[139.83836,35.12995],[139.83837,35.12954],[139.83895,35.12941],[139.83868,35.1299],[139.83921,35.12992],[139.8393,35.13119],[139.83693,35.13078],[139.83667,35.13195],[139.83708,35.13149],[139.83825,35.13158],[139.83841,35.13294],[139.83712,35.13284],[139.8371,35.13298],[139.83824,35.13297],[139.83803,35.13375],[139.83595,35.133],[139.83623,35.13236],[139.83595,35.13172],[139.83573,35.13308],[139.83644,35.13374],[139.83635,35.13529],[139.83698,35.13458],[139.83746,35.1347],[139.83688,35.13528],[139.83729,35.13513],[139.8374,35.13549],[139.83672,35.13805],[139.83324,35.14288],[139.82995,35.14536],[139.83031,35.14636],[139.82988,35.1466],[139.82988,35.14684],[139.83042,35.14643],[139.83064,35.14695],[139.83041,35.1482],[139.82816,35.15138],[139.82523,35.15273],[139.82153,35.15323],[139.8166,35.15476],[139.81798,35.15477],[139.81772,35.1552],[139.81884,35.15579],[139.81773,35.15657],[139.81822,35.15713],[139.81782,35.15744],[139.8189,35.1586],[139.81887,35.15949],[139.81841,35.1596],[139.81943,35.16],[139.81862,35.16053],[139.81903,35.16147],[139.81857,35.16144],[139.81976,35.16313],[139.81979,35.16408],[139.81934,35.16433],[139.81985,35.1641],[139.81981,35.16335],[139.8206,35.16327],[139.82056,35.16362],[139.82142,35.16339],[139.82183,35.16395],[139.82139,35.16417],[139.82185,35.16398],[139.82238,35.16471],[139.82216,35.16555],[139.82153,35.16547],[139.82207,35.16559],[139.82195,35.16622],[139.82145,35.16622],[139.82064,35.16441],[139.82095,35.1658],[139.82145,35.16629],[139.82194,35.1663],[139.82189,35.16655],[139.82054,35.1663],[139.82094,35.16676],[139.82008,35.16762],[139.81917,35.16798],[139.81832,35.16768],[139.8167,35.1689],[139.81694,35.16963],[139.816,35.17062],[139.8177,35.16931],[139.81857,35.16989],[139.8175,35.17096],[139.8169,35.17083],[139.81584,35.17241],[139.81724,35.17314],[139.81792,35.17267],[139.81839,35.17384],[139.81803,35.17535],[139.81662,35.17524],[139.81608,35.17657],[139.81701,35.17771],[139.81702,35.17869],[139.81769,35.17877],[139.81792,35.17829],[139.81833,35.17865],[139.81777,35.17926],[139.81822,35.17949],[139.81815,35.17982],[139.81702,35.17962],[139.81736,35.17994],[139.8168,35.18115],[139.81877,35.18118],[139.81851,35.1818],[139.81765,35.1821],[139.81801,35.18399],[139.81693,35.18429],[139.81665,35.18532],[139.81714,35.18526],[139.81751,35.18613],[139.81846,35.18625],[139.81789,35.1875],[139.81878,35.18997],[139.82185,35.19271],[139.82163,35.19413],[139.82261,35.19557],[139.82398,35.19628],[139.82339,35.19721],[139.82404,35.19699],[139.82404,35.19777],[139.82591,35.1985],[139.82661,35.19972],[139.82692,35.1995],[139.826,35.19846],[139.82636,35.19825],[139.82794,35.199],[139.82847,35.19995],[139.82709,35.19968],[139.82738,35.20002],[139.82879,35.20002],[139.82852,35.20028],[139.82855,35.20034],[139.82896,35.19997],[139.82871,35.20044],[139.82933,35.2002],[139.83032,35.20201],[139.82996,35.20219],[139.83041,35.20235],[139.82979,35.20324],[139.83209,35.20396],[139.83371,35.20511],[139.83353,35.20463],[139.8347,35.20438],[139.83685,35.20651],[139.83955,35.20706],[139.84173,35.20843],[139.84251,35.20836],[139.84253,35.20876],[139.84286,35.20837],[139.84337,35.21012],[139.84322,35.2084],[139.84452,35.2087],[139.8454,35.2105],[139.84411,35.20972],[139.84392,35.20989],[139.8454,35.21061],[139.84592,35.2106],[139.84568,35.21088],[139.8466,35.21173],[139.84777,35.21196],[139.84808,35.21288],[139.85443,35.21432],[139.85706,35.2157],[139.8587,35.21578],[139.85983,35.21692],[139.86322,35.21822],[139.86149,35.21935],[139.8635,35.21824],[139.86466,35.2185],[139.86333,35.2195],[139.86498,35.21858],[139.86358,35.21978],[139.86511,35.21861],[139.86671,35.21938],[139.86816,35.22126],[139.86905,35.22377],[139.86928,35.22809],[139.86889,35.22818],[139.8705,35.22811],[139.87069,35.23067],[139.86876,35.24254],[139.86708,35.24748],[139.86673,35.24738],[139.86706,35.24754],[139.866,35.25053],[139.86359,35.25386],[139.86437,35.25417],[139.8639,35.25418],[139.86419,35.25441],[139.86353,35.2554],[139.85733,35.263],[139.84661,35.27172],[139.84858,35.27301],[139.84895,35.2746],[139.84819,35.2766],[139.84692,35.27812],[139.84621,35.27797],[139.84764,35.27844],[139.84762,35.27938],[139.84771,35.27846],[139.8504,35.27639],[139.85108,35.27714],[139.85063,35.27738],[139.85112,35.27718],[139.85164,35.27775],[139.85112,35.27828],[139.8518,35.27799],[139.85205,35.27867],[139.85149,35.27891],[139.85208,35.27872],[139.85242,35.27963],[139.85054,35.27953],[139.85016,35.2792],[139.85077,35.27896],[139.85014,35.27918],[139.84907,35.27823],[139.84895,35.27836],[139.85051,35.27955],[139.85237,35.27967],[139.85189,35.27979],[139.85238,35.27981],[139.85254,35.28217],[139.85158,35.28205],[139.85331,35.28248],[139.85291,35.28478],[139.84992,35.2883],[139.84215,35.29431],[139.83736,35.29673],[139.8281,35.30048],[139.82727,35.29935],[139.82564,35.30016],[139.82454,35.30018],[139.82562,35.3003],[139.82735,35.29953],[139.82776,35.30009],[139.82602,35.30093],[139.82571,35.30047],[139.82592,35.30089],[139.8254,35.30106],[139.8259,35.30099],[139.82619,35.30157],[139.8237,35.3024],[139.8234,35.30189],[139.82365,35.30243],[139.82184,35.30302],[139.82122,35.30251],[139.82153,35.30313],[139.81967,35.30374],[139.81918,35.30281],[139.82004,35.30193],[139.81917,35.3028],[139.81866,35.30182],[139.81589,35.30284],[139.81672,35.30451],[139.81473,35.30563],[139.79599,35.31063],[139.78515,35.31238],[139.78393,35.31287],[139.78471,35.31278],[139.78589,35.31337],[139.8085,35.31499],[139.81328,35.31605],[139.81283,35.31744],[139.81473,35.31874],[139.81566,35.31812],[139.81508,35.31761],[139.81536,35.31738],[139.81508,35.31758],[139.81361,35.3163],[139.81377,35.31516],[139.81561,35.31554],[139.816,35.31643],[139.81657,35.31575],[139.81835,35.31618],[139.81833,35.31689],[139.81857,35.3162],[139.81974,35.31648],[139.81931,35.31779],[139.81728,35.31821],[139.81703,35.31747],[139.81726,35.31824],[139.81622,35.31849],[139.81614,35.31889],[139.81714,35.3186],[139.81893,35.31901],[139.8186,35.31943],[139.81797,35.31929],[139.81848,35.31959],[139.81816,35.32001],[139.81597,35.31949],[139.81603,35.31919],[139.81575,35.32002],[139.81891,35.32091],[139.8165,35.32403],[139.82191,35.32715],[139.81874,35.33127],[139.81999,35.33378],[139.82121,35.33441],[139.82125,35.33436],[139.82001,35.33378],[139.81878,35.33129],[139.8227,35.32618],[139.82324,35.32608],[139.8227,35.32617],[139.82011,35.32483],[139.82127,35.32331],[139.82386,35.32465],[139.82328,35.32541],[139.8244,35.32631],[139.84028,35.33442],[139.83759,35.33666],[139.83709,35.3378],[139.82882,35.33673],[139.82794,35.33787],[139.825,35.3363],[139.8279,35.33787],[139.82765,35.33819],[139.82731,35.33802],[139.82706,35.33834],[139.82764,35.33821],[139.82751,35.33872],[139.82675,35.33937],[139.82665,35.33888],[139.82674,35.33938],[139.82294,35.34429],[139.824,35.34546],[139.82167,35.34634],[139.82205,35.34626],[139.82169,35.34733],[139.82215,35.34622],[139.82405,35.34551],[139.83777,35.35894],[139.84709,35.3468],[139.85469,35.35061],[139.85579,35.34918],[139.85376,35.34813],[139.85435,35.34737],[139.85481,35.34761],[139.85446,35.34722],[139.8548,35.34678],[139.85757,35.34728],[139.85506,35.3508],[139.85772,35.34736],[139.85918,35.34806],[139.85952,35.34865],[139.85877,35.34969],[139.85819,35.34943],[139.85175,35.35829],[139.84149,35.36422],[139.83913,35.36729],[139.84593,35.37534],[139.86308,35.36707],[139.86439,35.36706],[139.88271,35.36128],[139.89132,35.36149],[139.89408,35.35714],[139.89699,35.35854],[139.8979,35.35837],[139.8974,35.359],[139.89653,35.35916],[139.89431,35.36262],[139.89548,35.36314],[139.89522,35.36355],[139.89399,35.36314],[139.89141,35.36524],[139.88781,35.37089],[139.89271,35.37297],[139.89466,35.36989],[139.89984,35.37211],[139.90235,35.36818],[139.90742,35.37034],[139.90448,35.37498],[139.8991,35.37269],[139.89762,35.37503],[139.91095,35.38071],[139.91284,35.37943],[139.91424,35.37942],[139.91458,35.37992],[139.9127,35.38277],[139.91311,35.38303],[139.91496,35.38413],[139.91393,35.38336],[139.91495,35.38215],[139.91541,35.38234],[139.91501,35.38195],[139.91535,35.38137],[139.91668,35.38147],[139.91676,35.38194],[139.91688,35.3815],[139.91799,35.38169],[139.91782,35.38233],[139.91735,35.38225],[139.91783,35.38568],[139.91491,35.38671],[139.91472,35.38686],[139.91448,35.38726],[139.91551,35.38656],[139.91578,35.38732],[139.91684,35.38754],[139.91786,35.38695],[139.91808,35.38574],[139.91875,35.38593],[139.91803,35.38699],[139.91863,35.38747],[139.91836,35.38962],[139.91442,35.38888],[139.91328,35.39138],[139.90683,35.38949],[139.90778,35.38758],[139.90681,35.38882],[139.90221,35.39946],[139.90392,35.40062],[139.90194,35.40066],[139.90078,35.40146],[139.90141,35.40265],[139.90181,35.40216],[139.9022,35.40291],[139.9015,35.40282],[139.9022,35.40411],[139.90123,35.40444],[139.90102,35.40671],[139.89927,35.40665],[139.89886,35.40824],[139.89786,35.40924],[139.89742,35.41199],[139.89814,35.41303],[139.89772,35.41588],[139.89851,35.41754],[139.89933,35.41797],[139.89988,35.41553],[139.90155,35.41524],[139.90154,35.41475],[139.90191,35.41534],[139.90417,35.4143],[139.90435,35.41455],[139.90133,35.41574],[139.8999,35.41682],[139.8996,35.41849],[139.89906,35.41892],[139.89691,35.41912],[139.89719,35.42394],[139.89905,35.42449],[139.89742,35.42382],[139.89734,35.42328],[139.9002,35.42365],[139.90179,35.42513],[139.90216,35.42613],[139.90089,35.42707],[139.90109,35.4287],[139.90098,35.42751],[139.903,35.42722],[139.90309,35.42794],[139.90258,35.42837],[139.90318,35.42932],[139.90206,35.4288],[139.90358,35.43027],[139.90154,35.42923],[139.90353,35.43083],[139.90314,35.43115],[139.90102,35.42965],[139.90327,35.43148],[139.90497,35.43226],[139.90547,35.43191],[139.90846,35.43272],[139.91239,35.43567],[139.91774,35.43751],[139.91718,35.43942],[139.9183,35.44054],[139.91766,35.43912],[139.9189,35.43974],[139.91787,35.43839],[139.91924,35.43912],[139.91809,35.43796],[139.91838,35.43776],[139.91947,35.43864],[139.91976,35.43817],[139.92016,35.43833],[139.91996,35.439],[139.92196,35.43924],[139.92177,35.43989],[139.91986,35.43933],[139.91909,35.44099],[139.91976,35.43989],[139.92416,35.44078],[139.92444,35.43977],[139.92266,35.4391],[139.92707,35.44025],[139.92711,35.44044],[139.92734,35.44068],[139.92709,35.44025],[139.92773,35.43996],[139.92898,35.44081],[139.92881,35.44124],[139.92798,35.44109],[139.92884,35.44135],[139.9297,35.44091],[139.93505,35.44195],[139.93532,35.44126],[139.93584,35.44194],[139.93699,35.44232],[139.93687,35.44366],[139.93934,35.44405],[139.93958,35.44447],[139.93936,35.44401],[139.93691,35.44363],[139.937,35.44267],[139.9381,35.44275],[139.93806,35.44333],[139.93863,35.44344],[139.93868,35.443],[139.93983,35.44307],[139.93988,35.44253],[139.94054,35.44257],[139.94011,35.44309],[139.94076,35.44313],[139.94072,35.44353],[139.94004,35.44348],[139.94,35.44394],[139.9405,35.44405],[139.94009,35.44446],[139.93989,35.44493],[139.94059,35.44397],[139.94289,35.44411],[139.94303,35.44317],[139.94873,35.44216],[139.95113,35.45609],[139.96217,35.45869],[139.96497,35.45072],[139.96448,35.44998],[139.95669,35.44815],[139.956,35.44845],[139.95424,35.45348],[139.95214,35.45298],[139.95487,35.44519],[139.95416,35.44428],[139.95514,35.4438],[139.95612,35.44413],[139.95735,35.44569],[139.9573,35.44515],[139.95771,35.4451],[139.95786,35.4458],[139.96769,35.44812],[139.97022,35.44908],[139.96772,35.44808],[139.96797,35.44614],[139.97449,35.44846],[139.97263,35.45172],[139.96946,35.46073],[139.96847,35.46104],[139.9683,35.46151],[139.96916,35.46255],[139.96784,35.46282],[139.96583,35.46856],[139.97578,35.47237],[139.97717,35.47155],[139.97661,35.47268],[139.98209,35.47478],[139.99229,35.45733],[139.9892,35.4543],[139.9904,35.45206],[139.99341,35.45322],[139.99283,35.45427],[139.99291,35.45414],[139.9945,35.45592],[139.99811,35.4573],[139.99681,35.45928],[139.99475,35.45939],[139.98898,35.46984],[139.99319,35.4721],[139.99247,35.47387],[139.99255,35.47428],[139.99324,35.47213],[139.99372,35.47238],[139.99568,35.47016],[139.99603,35.47031],[139.9993,35.46594],[140.00336,35.46826],[139.99673,35.47615],[139.99819,35.47479],[140.00552,35.47874],[140.00251,35.48256],[140.00556,35.47876],[140.00655,35.47929],[140.01255,35.47606],[140.01599,35.47143],[140.02143,35.46677],[140.02299,35.4677],[140.02161,35.4685],[140.02102,35.46817],[140.02167,35.46858],[140.02308,35.46776],[140.02356,35.46811],[140.02064,35.46978],[140.01835,35.47258],[140.01983,35.4743],[140.01637,35.47875],[140.01785,35.48052],[140.01129,35.48423],[140.01244,35.4837],[140.01319,35.48458],[140.01211,35.48519],[140.01234,35.48549],[140.00976,35.48624],[140.01237,35.48552],[140.01555,35.48918],[140.02013,35.48674],[140.02018,35.48715],[140.01594,35.48971],[140.02192,35.49679],[140.02594,35.49454],[140.02659,35.49539],[140.02766,35.49472],[140.02964,35.49705],[140.02793,35.49456],[140.03304,35.49167],[140.03623,35.49529],[140.03059,35.49816],[140.02522,35.50164],[140.03389,35.51187],[140.03918,35.50906],[140.04012,35.51017],[140.03921,35.50904],[140.04223,35.50733],[140.04591,35.5114],[140.04086,35.51451],[140.03878,35.51378],[140.04077,35.51455],[140.03773,35.51628],[140.03821,35.51696],[140.03692,35.51754],[140.03718,35.51784],[140.03827,35.51703],[140.05008,35.53094],[140.05212,35.52978],[140.05223,35.53025],[140.05262,35.53002],[140.05216,35.52976],[140.05715,35.52692],[140.05646,35.52818],[140.05772,35.52658],[140.06068,35.53006],[140.05919,35.53077],[140.05871,35.53177],[140.05802,35.5315],[140.05862,35.53217],[140.05745,35.53176],[140.05862,35.53219],[140.05783,35.53286],[140.05784,35.53265],[140.05628,35.53241],[140.05689,35.53271],[140.05591,35.53262],[140.05779,35.53288],[140.05619,35.53379],[140.05608,35.53367],[140.05547,35.53351],[140.05632,35.53352],[140.05442,35.53348],[140.05614,35.53382],[140.05394,35.53509],[140.06166,35.54419],[140.06131,35.54373],[140.06175,35.54275],[140.06449,35.54281],[140.07015,35.54846],[140.06635,35.5534],[140.07046,35.54861],[140.07228,35.55014],[140.07392,35.55003],[140.07759,35.5472],[140.0776,35.54821],[140.07765,35.54716],[140.07831,35.54665],[140.07832,35.54745],[140.07836,35.5466],[140.08209,35.54375],[140.082,35.54391],[140.08174,35.54459],[140.08176,35.5446],[140.08215,35.54371],[140.08296,35.54307],[140.08263,35.54392],[140.08303,35.54302],[140.08382,35.54254],[140.08354,35.54319],[140.0846,35.54192],[140.08432,35.54259],[140.08453,35.54247],[140.08466,35.54187],[140.08864,35.53874],[140.08904,35.53892],[140.09609,35.5354],[140.10106,35.53846],[140.09958,35.54005],[140.09909,35.54005],[140.09935,35.5403],[140.0982,35.54154],[140.09595,35.54015],[140.09447,35.54031],[140.09156,35.54173],[140.09135,35.54151],[140.09054,35.54234],[140.09008,35.54285],[140.09432,35.54555],[140.09312,35.54683],[140.09283,35.54664],[140.0931,35.54685],[140.09155,35.54843],[140.08801,35.54595],[140.08692,35.54712],[140.08698,35.54818],[140.08577,35.54884],[140.08911,35.55093],[140.08825,35.55195],[140.09233,35.55448],[140.09804,35.55501],[140.10667,35.55227],[140.10652,35.55197],[140.11234,35.54989],[140.11279,35.54858],[140.11372,35.54813],[140.11563,35.55036],[140.11507,35.55284],[140.10956,35.55465],[140.10336,35.55741],[140.10299,35.55708],[140.09121,35.56118],[140.09102,35.56449],[140.09682,35.5664],[140.1268,35.56758],[140.12702,35.56933],[140.11606,35.5692],[140.1137,35.57052],[140.11212,35.57046],[140.11171,35.57224],[140.11416,35.57252],[140.11301,35.57731],[140.11341,35.57773],[140.11286,35.58],[140.11277,35.57834],[140.1122,35.58072],[140.11278,35.58042],[140.11057,35.58954],[140.11524,35.59175],[140.11468,35.59272],[140.11529,35.59311],[140.11649,35.5916],[140.118,35.59171],[140.11695,35.59329],[140.11736,35.59515],[140.11826,35.59561],[140.11767,35.59656],[140.11529,35.5969],[140.11343,35.59529],[140.11463,35.59438],[140.11376,35.59366],[140.11254,35.59433],[140.10761,35.59199],[140.10552,35.59345],[140.10887,35.59988],[140.10604,35.60265],[140.10393,35.60121],[140.10664,35.59901],[140.10593,35.59925],[140.10165,35.59393],[140.08897,35.59453],[140.09167,35.5984],[140.0919,35.5974],[140.09386,35.59731],[140.09394,35.59829],[140.09533,35.59785],[140.09665,35.59874],[140.09665,35.6004],[140.0957,35.60133],[140.09907,35.60376],[140.09832,35.60428],[140.09904,35.60385],[140.09983,35.60471],[140.0981,35.6064],[140.09513,35.60397],[140.09538,35.60455],[140.09413,35.60369],[140.09335,35.60374],[140.09105,35.60599],[140.09127,35.60529],[140.08904,35.60796],[140.08786,35.60912],[140.08828,35.60823],[140.08722,35.60927],[140.08779,35.60919],[140.08582,35.61067],[140.08652,35.61044],[140.08314,35.61327],[140.083,35.61388],[140.07792,35.61042],[140.08066,35.60822],[140.08028,35.60811],[140.08663,35.60189],[140.08391,35.5968],[140.06854,35.61169],[140.06771,35.61209],[140.06628,35.61094],[140.06704,35.61173],[140.06664,35.61222],[140.05964,35.61852],[140.05818,35.61947],[140.05681,35.61868],[140.05843,35.61999],[140.05558,35.62233],[140.05348,35.62092],[140.05256,35.62059],[140.05192,35.62053],[140.05118,35.62061],[140.05051,35.62085],[140.04996,35.62119],[140.05239,35.62061],[140.05468,35.62187],[140.0538,35.62248],[140.05241,35.62473],[140.05029,35.62641],[140.04851,35.62698],[140.04765,35.62628],[140.04793,35.62543],[140.04754,35.62619],[140.04652,35.62626],[140.0476,35.62632],[140.04876,35.62726],[140.04743,35.62875],[140.0444,35.63002],[140.043,35.62826],[140.0436,35.62641],[140.04297,35.62741],[140.04291,35.628],[140.04301,35.62852],[140.04356,35.62936],[140.04528,35.63077],[140.04305,35.63266],[140.04161,35.63154],[140.04296,35.63263],[140.03843,35.63614],[140.03765,35.63652],[140.03628,35.63548],[140.03757,35.63656],[140.03707,35.63738],[140.02873,35.64416],[140.02722,35.64299],[140.02918,35.64457],[140.02692,35.6465],[140.02489,35.64497],[140.0268,35.64645],[140.02431,35.6486],[140.01949,35.65158],[140.01829,35.65065],[140.0201,35.65209],[140.01368,35.65752],[140.008,35.65887],[140.00476,35.65642],[139.98746,35.65447],[139.9865,35.66011],[139.99473,35.66104],[139.99482,35.66051],[139.99698,35.6591],[140.00295,35.65978],[140.00234,35.66341],[140.00278,35.66345],[140.00244,35.6654],[140.00186,35.66564],[139.98587,35.66384],[139.98458,35.67145],[139.99201,35.67229],[139.99154,35.67494],[139.98382,35.67713],[139.98699,35.684],[139.98647,35.68416],[139.98658,35.68513],[139.9861,35.6854],[139.98818,35.68985],[139.98683,35.6903],[139.98658,35.6898],[139.98635,35.69027],[139.98617,35.68993],[139.98628,35.69029],[139.98451,35.6909],[139.98398,35.68985],[139.9857,35.68926],[139.98591,35.68954],[139.98579,35.68917],[139.98385,35.68983],[139.98329,35.68871],[139.98564,35.68745],[139.98297,35.68161],[139.97512,35.68341],[139.97426,35.68194],[139.96859,35.68241],[139.96833,35.68339],[139.96762,35.68372],[139.96695,35.68166],[139.9636,35.68183],[139.96364,35.68146],[139.96268,35.68127],[139.95987,35.67935],[139.95928,35.67945],[139.95477,35.68931],[139.95358,35.68898],[139.9524,35.68748],[139.95367,35.68713],[139.95575,35.68259],[139.95501,35.68214],[139.95598,35.68213],[139.9581,35.6774],[139.95318,35.67175],[139.94674,35.68098],[139.93665,35.6733],[139.93575,35.67332],[139.93308,35.67573],[139.93158,35.67454],[139.93321,35.67312],[139.92895,35.67028],[139.92984,35.66946],[139.94509,35.67296],[139.9459,35.67266],[139.94764,35.66955],[139.94114,35.66773],[139.93722,35.66724],[139.93728,35.66691],[139.93828,35.66698],[139.93723,35.66686],[139.93716,35.66727],[139.93027,35.66647],[139.9208,35.66053],[139.91818,35.65535],[139.93684,35.64324],[139.93951,35.64108],[139.93945,35.64052],[139.91,35.62447],[139.91018,35.62423],[139.90473,35.6286],[139.90472,35.6295],[139.90703,35.63142],[139.9053,35.63281],[139.90183,35.62991],[139.90041,35.63079],[139.90079,35.63111],[139.90009,35.63168],[139.89739,35.62943],[139.89866,35.62842],[139.89943,35.62907],[139.90685,35.62315],[139.90529,35.62185],[139.90604,35.62125],[139.89757,35.61667],[139.89622,35.61743],[139.89356,35.62493],[139.89303,35.62535],[139.89259,35.6254],[139.88834,35.62186],[139.87258,35.6255],[139.87244,35.63303],[139.875,35.63725],[139.87146,35.63864],[139.88315,35.64476],[139.8869,35.65373],[139.88739,35.65617],[139.88737,35.66792],[139.88553,35.67277],[139.88643,35.67857],[139.88795,35.67999],[139.89205,35.68164],[139.90379,35.68312],[139.90715,35.68438],[139.91385,35.69093],[139.91891,35.69827],[139.91699,35.70352],[139.91621,35.708],[139.91344,35.71051],[139.90812,35.71386],[139.90478,35.71888],[139.89865,35.72345],[139.89765,35.725],[139.89714,35.72784],[139.89757,35.73058],[139.90036,35.73617],[139.90102,35.7385],[139.90068,35.74135],[139.89945,35.74439],[139.89767,35.74613],[139.89288,35.74808],[139.89139,35.74927],[139.88405,35.75741],[139.88321,35.75862],[139.88247,35.76258],[139.88009,35.76595],[139.87939,35.76801],[139.88029,35.7708],[139.88175,35.77286],[139.892,35.77743],[139.89342,35.77832],[139.89446,35.77992],[139.89433,35.78164],[139.89083,35.79018],[139.88828,35.79458],[139.88852,35.79645],[139.88993,35.79776],[139.8908,35.79978],[139.89068,35.80155],[139.88882,35.80711],[139.89037,35.81086],[139.89166,35.81833],[139.89117,35.81987],[139.88804,35.82321],[139.8889,35.82739],[139.88845,35.83116],[139.88984,35.83637],[139.88947,35.84109],[139.89004,35.844],[139.8932,35.84971],[139.89614,35.85293],[139.89752,35.85815],[139.89997,35.86242],[139.90034,35.86417],[139.897,35.8728],[139.89446,35.87755],[139.89305,35.88542],[139.88992,35.89256],[139.88529,35.89923],[139.88023,35.90461],[139.8765,35.91104],[139.87175,35.91595],[139.86926,35.9221],[139.86677,35.92651],[139.8613,35.93224],[139.85053,35.93762],[139.84767,35.93956],[139.83777,35.95391],[139.83501,35.96025],[139.83524,35.96487],[139.83388,35.9683],[139.83246,35.96961],[139.82723,35.97136],[139.82566,35.97276],[139.82511,35.97487],[139.82659,35.97993],[139.82665,35.98343],[139.81793,35.99366],[139.81541,35.99557],[139.81419,35.99733],[139.81445,35.99886],[139.81662,36.00149],[139.81697,36.0032],[139.81342,36.02343],[139.81399,36.02502],[139.81744,36.03011],[139.81728,36.0325],[139.81467,36.03771],[139.80459,36.04464],[139.80142,36.04941],[139.79767,36.05233],[139.7947,36.05595],[139.79105,36.05851],[139.7876,36.06489],[139.78276,36.07022],[139.78219,36.07523],[139.78022,36.07857],[139.77987,36.08276],[139.77668,36.08908],[139.77596,36.0927],[139.77677,36.09706],[139.77903,36.09935],[139.78353,36.10155],[139.78678,36.1041],[139.79745,36.09636],[139.80119,36.09196],[139.80379,36.08686],[139.80564,36.07907],[139.8089,36.06904],[139.81022,36.06664],[139.81367,36.06243],[139.82336,36.05444],[139.83724,36.0411],[139.84133,36.03774],[139.84736,36.03386],[139.85757,36.02905],[139.87175,36.01443],[139.87642,36.01062],[139.87836,36.0073],[139.88233,35.99145],[139.88416,35.98883],[139.89686,35.97893],[139.89938,35.97752],[139.90935,35.9735],[139.91289,35.97144],[139.91634,35.97036],[139.92366,35.97024],[139.92425,35.97053],[139.93231,35.96949],[139.93621,35.96657],[139.93722,35.96512],[139.93804,35.96201],[139.93539,35.95743],[139.93462,35.95715],[139.93376,35.95594],[139.93391,35.95485],[139.93166,35.95077],[139.93359,35.94644],[139.93797,35.94101],[139.94194,35.93911],[139.94539,35.93845],[139.95089,35.93647],[139.96477,35.92702],[139.97629,35.92336],[139.97912,35.92145],[139.98579,35.91481],[139.99432,35.90981],[139.99869,35.90915],[140.01322,35.9111],[140.01692,35.91058],[140.0209,35.90923],[140.02841,35.90224],[140.03891,35.89682],[140.04373,35.89337],[140.04754,35.89196],[140.0556,35.8907],[140.06112,35.88806],[140.0666,35.88087],[140.07367,35.87672],[140.0783,35.87782],[140.08169,35.8808],[140.08749,35.88388],[140.09282,35.88386],[140.10089,35.88151],[140.11173,35.87604],[140.12173,35.87366],[140.1246,35.87251],[140.12758,35.87038],[140.13042,35.86441],[140.13424,35.85892],[140.1412,35.85212],[140.14647,35.84572],[140.15073,35.84338],[140.15388,35.84274],[140.15675,35.84271],[140.16778,35.84546],[140.17572,35.84866],[140.18752,35.85211],[140.19912,35.85911],[140.20543,35.86132],[140.21232,35.86204],[140.21442,35.86189],[140.22022,35.85947],[140.22779,35.85536],[140.23037,35.8545],[140.2365,35.854],[140.24148,35.85458],[140.24498,35.85619],[140.26686,35.86997],[140.2783,35.87404],[140.28115,35.87411],[140.28607,35.87293],[140.29673,35.86794],[140.3041,35.86535],[140.30829,35.86449],[140.31705,35.86433],[140.31941,35.86464],[140.33084,35.86977],[140.33497,35.87239],[140.3419,35.87867],[140.34839,35.88321],[140.34987,35.88509],[140.35308,35.89194],[140.35696,35.89563],[140.36161,35.89856],[140.36645,35.90015],[140.37896,35.90313],[140.39026,35.90737],[140.39831,35.9093],[140.40764,35.90922],[140.41796,35.90638],[140.42113,35.90645],[140.4248,35.90722],[140.4359,35.91214],[140.44847,35.91502],[140.45645,35.925],[140.45844,35.92654],[140.46656,35.92262],[140.47087,35.91989],[140.47423,35.91613],[140.48377,35.90997],[140.49759,35.90626],[140.5028,35.90552],[140.49627,35.91082],[140.49485,35.91265],[140.49208,35.91388],[140.49078,35.91496],[140.49006,35.91863],[140.48709,35.92528],[140.48718,35.92859],[140.488,35.93052],[140.48982,35.93199],[140.49379,35.93029],[140.49553,35.93122],[140.49748,35.93444],[140.4997,35.9444],[140.50467,35.9521],[140.51124,35.95874],[140.51826,35.95367],[140.52439,35.94992],[140.52757,35.94726],[140.53151,35.94259],[140.53493,35.94004],[140.54757,35.93401],[140.55906,35.93009],[140.57063,35.92406],[140.57366,35.92194],[140.5726,35.9216],[140.57259,35.92124],[140.5764,35.91989],[140.58045,35.91734],[140.58468,35.91115],[140.58413,35.91067],[140.58517,35.90918],[140.58791,35.91046],[140.58954,35.90818],[140.58747,35.90734],[140.5882,35.90622],[140.59852,35.90338],[140.60275,35.89916],[140.60799,35.89581],[140.61232,35.89069],[140.61649,35.88138],[140.61943,35.87638],[140.62083,35.8753],[140.62829,35.86555],[140.63069,35.85912],[140.64107,35.85641],[140.67094,35.85236],[140.68356,35.84905],[140.68684,35.84776],[140.69718,35.84238],[140.70658,35.83626],[140.71305,35.82942],[140.71723,35.82277],[140.72234,35.80882],[140.72678,35.79946],[140.72895,35.79665],[140.73455,35.79119],[140.74437,35.78324],[140.7882,35.75842],[140.80557,35.74681],[140.81535,35.74151],[140.82001,35.73968],[140.83766,35.73914],[140.846,35.73989],[140.84801,35.74048],[140.85082,35.74216],[140.85197,35.74467],[140.85458,35.74345],[140.85612,35.74547],[140.85652,35.74783],[140.85656,35.74712],[140.85715,35.74703],[140.8596,35.74799],[140.85716,35.74697],[140.85655,35.74706],[140.85621,35.74548],[140.85842,35.74533],[140.8562,35.74543],[140.85605,35.74462],[140.85463,35.74342],[140.85557,35.74297],[140.8565,35.74344],[140.85787,35.74324],[140.85811,35.74398],[140.85866,35.74395],[140.85831,35.7444],[140.85948,35.74416],[140.85921,35.74332],[140.86082,35.74298],[140.86136,35.74469],[140.86042,35.74516],[140.86267,35.74446],[140.8621,35.74267],[140.86403,35.74226],[140.86551,35.74127],[140.86712,35.73884],[140.86859,35.73949],[140.86715,35.73877],[140.86754,35.73809],[140.87062,35.73933],[140.86762,35.73797],[140.87055,35.73356],[140.86947,35.73264],[140.86986,35.73205],[140.87002,35.73211],[140.87053,35.7323],[140.86954,35.73177],[140.87053,35.732],[140.86992,35.73157],[140.87051,35.73093],[140.86973,35.73146],[140.87051,35.73069],[140.86981,35.73134],[140.86794,35.73106],[140.86792,35.73048],[140.8705,35.72981],[140.86872,35.73016],[140.86788,35.72999],[140.86814,35.72911],[140.86797,35.72905],[140.86802,35.72885],[140.86777,35.72876],[140.86742,35.72787],[140.8687,35.72296],[140.87002,35.7216],[140.87035,35.71822],[140.8689,35.71755],[140.86782,35.71641],[140.86596,35.71263],[140.86659,35.70954],[140.86745,35.70895],[140.86948,35.70848],[140.86983,35.70806],[140.8688,35.70706],[140.86902,35.70613],[140.86863,35.70641],[140.86771,35.70609],[140.86626,35.7067],[140.86448,35.70589],[140.86378,35.70494],[140.86408,35.70361],[140.86352,35.70364],[140.86279,35.7026],[140.86327,35.69739],[140.86401,35.69602],[140.86534,35.69495],[140.86526,35.69337],[140.8664,35.69334],[140.86551,35.69229],[140.86439,35.69321],[140.86392,35.69303],[140.86463,35.69334],[140.86408,35.69396],[140.8638,35.69335],[140.86411,35.69404],[140.86269,35.69448],[140.86176,35.69423],[140.86159,35.69502],[140.85962,35.69517],[140.85784,35.69471],[140.85319,35.69618],[140.85176,35.69522],[140.85097,35.6949],[140.85272,35.69611],[140.85261,35.69652],[140.85275,35.69612],[140.85311,35.69646],[140.85606,35.69552],[140.85623,35.69578],[140.85314,35.69717],[140.85291,35.69666],[140.85291,35.69732],[140.85149,35.69773],[140.85129,35.6967],[140.85052,35.69689],[140.85054,35.69793],[140.84873,35.69796],[140.84849,35.69683],[140.8505,35.69595],[140.85052,35.6956],[140.84893,35.69631],[140.84807,35.69614],[140.84823,35.69749],[140.84764,35.69769],[140.84642,35.6972],[140.84562,35.6977],[140.84573,35.69828],[140.83995,35.69718],[140.84002,35.69663],[140.83975,35.69724],[140.84509,35.69829],[140.84555,35.69929],[140.84519,35.69993],[140.84603,35.69871],[140.8467,35.69883],[140.8469,35.69968],[140.84678,35.70021],[140.84521,35.70032],[140.84383,35.70333],[140.84029,35.70104],[140.83847,35.70086],[140.83812,35.70101],[140.83533,35.70518],[140.8382,35.70104],[140.83991,35.70107],[140.8396,35.70186],[140.84105,35.70258],[140.83944,35.70524],[140.83844,35.70497],[140.83741,35.7056],[140.83676,35.70506],[140.83652,35.70502],[140.83772,35.70611],[140.83716,35.70655],[140.83768,35.70621],[140.83929,35.70727],[140.83882,35.70849],[140.83742,35.70822],[140.83872,35.70859],[140.83829,35.71033],[140.83742,35.71141],[140.83677,35.71147],[140.83612,35.70948],[140.835,35.71026],[140.83574,35.71015],[140.83592,35.71061],[140.83516,35.71179],[140.83367,35.7119],[140.83203,35.71277],[140.83071,35.71213],[140.83141,35.71166],[140.83024,35.71207],[140.83109,35.71359],[140.81844,35.71333],[140.82098,35.71364],[140.81974,35.71363],[140.80672,35.71167],[140.79968,35.70927],[140.78137,35.70439],[140.7789,35.70293],[140.77277,35.70161],[140.76849,35.69968],[140.77318,35.70193],[140.7681,35.69997],[140.76764,35.7002],[140.76626,35.6989],[140.76577,35.69911],[140.76397,35.6985],[140.76398,35.69883],[140.76255,35.69806],[140.76197,35.69825],[140.76087,35.69801],[140.75928,35.69627],[140.75784,35.69608],[140.75056,35.69329],[140.74611,35.69335],[140.73898,35.69232],[140.73086,35.68838],[140.73046,35.68783],[140.73085,35.68768],[140.7295,35.68727],[140.72842,35.68416],[140.72991,35.68917],[140.73075,35.69041],[140.73493,35.69043],[140.73702,35.69189],[140.73699,35.69399],[140.73617,35.69392],[140.7352,35.69548],[140.73427,35.69499],[140.73539,35.69359],[140.73625,35.6934],[140.73633,35.69264],[140.73385,35.69277],[140.73376,35.6916],[140.73283,35.69165],[140.73292,35.69282],[140.7312,35.6929],[140.73112,35.69173],[140.72959,35.69207],[140.72951,35.69102],[140.72786,35.6911],[140.72799,35.69017],[140.72943,35.68952],[140.72879,35.68969],[140.72866,35.68921],[140.72872,35.68972],[140.72791,35.69009],[140.72731,35.69324],[140.72647,35.69355],[140.72384,35.69332],[140.72394,35.69378],[140.7222,35.6954],[140.72196,35.69696],[140.72012,35.69883],[140.71823,35.69922],[140.7174,35.69994],[140.71111,35.70065],[140.70729,35.7002],[140.70583,35.70056],[140.70311,35.7004],[140.69531,35.69955],[140.69312,35.7],[140.69157,35.69909],[140.68125,35.69676],[140.68169,35.69597],[140.68136,35.69586],[140.68105,35.69671],[140.67418,35.69465],[140.67278,35.69345],[140.67121,35.69318],[140.67007,35.69234],[140.66845,35.69211],[140.66665,35.6912],[140.66677,35.69078],[140.666,35.69184],[140.66358,35.69137],[140.65507,35.68768],[140.65483,35.68721],[140.65555,35.68618],[140.65495,35.68589],[140.65516,35.68631],[140.65401,35.68734],[140.6442,35.68332],[140.64312,35.68274],[140.64364,35.6819],[140.64262,35.68248],[140.63156,35.67674],[140.63079,35.67519],[140.63179,35.6748],[140.63064,35.67394],[140.63012,35.67399],[140.63065,35.67413],[140.63025,35.67468],[140.62901,35.67508],[140.62244,35.6713],[140.62356,35.67003],[140.62441,35.67042],[140.62355,35.66967],[140.62306,35.66971],[140.62339,35.66996],[140.62237,35.67127],[140.6182,35.66891],[140.61475,35.6666],[140.61646,35.6655],[140.61585,35.66494],[140.61471,35.66654],[140.61236,35.66503],[140.61212,35.66526],[140.61151,35.66445],[140.60376,35.6591],[140.60419,35.65823],[140.60351,35.65898],[140.60245,35.65786],[140.60112,35.65741],[140.59541,35.65327],[140.59389,35.65191],[140.59445,35.65107],[140.59355,35.65176],[140.5908,35.6501],[140.58423,35.64435],[140.58473,35.64346],[140.58361,35.6445],[140.58232,35.64363],[140.58189,35.64387],[140.58219,35.64355],[140.58184,35.64385],[140.57593,35.63919],[140.57556,35.63875],[140.57645,35.63786],[140.57497,35.63898],[140.5737,35.63834],[140.56631,35.63264],[140.56677,35.63203],[140.56604,35.63253],[140.56508,35.63217],[140.55413,35.62445],[140.53487,35.60911],[140.53509,35.60888],[140.53394,35.60872],[140.53549,35.60744],[140.53413,35.60852],[140.52774,35.60358],[140.52668,35.60322],[140.5038,35.58395],[140.49786,35.5781],[140.49495,35.57596],[140.49497,35.57539],[140.4785,35.55823],[140.47031,35.54776],[140.46506,35.53932],[140.46518,35.53724],[140.46549,35.53694],[140.46607,35.5375],[140.46581,35.53715],[140.46689,35.53716],[140.46778,35.53263],[140.46684,35.53683],[140.46603,35.53705],[140.46527,35.53617],[140.46591,35.53576],[140.46529,35.53606],[140.46501,35.53571],[140.46557,35.53526],[140.46426,35.53538],[140.46465,35.53514],[140.46475,35.53434],[140.46661,35.53446],[140.46442,35.53421],[140.46456,35.53512],[140.46418,35.53535],[140.46366,35.53476],[140.46411,35.53529],[140.46233,35.53563],[140.46023,35.53414],[140.45968,35.53448],[140.45779,35.53278],[140.46252,35.53017],[140.46444,35.53105],[140.46251,35.53001],[140.45771,35.53271],[140.45611,35.53134],[140.45494,35.52999],[140.45515,35.52925],[140.45332,35.52839],[140.45222,35.52697],[140.45217,35.52541],[140.44914,35.52375],[140.44586,35.51991],[140.43117,35.49853],[140.43028,35.49817],[140.42996,35.49681],[140.42676,35.49218],[140.42023,35.48052],[140.41875,35.4773],[140.41927,35.47704],[140.41865,35.4771],[140.41954,35.47674],[140.41856,35.47703],[140.41307,35.46602],[140.40668,35.45041],[140.40746,35.45011],[140.40662,35.45021],[140.40564,35.44904],[140.40704,35.44906],[140.40567,35.44899],[140.40412,35.443],[140.40218,35.4384],[140.40076,35.43198],[140.39777,35.42352],[140.3977,35.42074],[140.39686,35.41826],[140.39806,35.41801],[140.39696,35.41786],[140.39516,35.41332],[140.3942,35.40873],[140.39447,35.40693],[140.39553,35.40676],[140.39441,35.40687],[140.39351,35.4046],[140.39218,35.39556],[140.39217,35.39438],[140.39295,35.39424],[140.39246,35.39407],[140.3919,35.39237],[140.39266,35.39259],[140.39186,35.3923],[140.39179,35.38877],[140.39301,35.3886],[140.39187,35.38839],[140.39177,35.38571],[140.3927,35.3835],[140.39212,35.38317],[140.3928,35.38237],[140.39398,35.38231],[140.39382,35.38138],[140.39365,35.3819],[140.39303,35.38188],[140.39192,35.38099],[140.39135,35.37838],[140.39157,35.37795],[140.3926,35.3779],[140.39145,35.37783],[140.39136,35.37685],[140.39191,35.37501],[140.39268,35.37464],[140.39342,35.37492],[140.39344,35.37364],[140.39318,35.37415],[140.39197,35.37393],[140.39094,35.37183],[140.39134,35.36665],[140.39193,35.36567],[140.39329,35.36575],[140.39331,35.36515],[140.39308,35.36564],[140.39224,35.36563],[140.39182,35.36515],[140.39125,35.36324],[140.39182,35.35946],[140.39217,35.35898],[140.39366,35.35904],[140.3937,35.3584],[140.39347,35.35881],[140.39274,35.35879],[140.39172,35.35734],[140.3921,35.35339],[140.39291,35.3522],[140.39453,35.35225],[140.39284,35.35214],[140.39245,35.35119],[140.39257,35.34889],[140.3928,35.34857],[140.39397,35.34866],[140.39269,35.34828],[140.39268,35.34556],[140.39438,35.34274],[140.39596,35.34293],[140.39452,35.3427],[140.39384,35.34135],[140.39434,35.33881],[140.39556,35.33896],[140.39433,35.33875],[140.39521,35.33486],[140.39635,35.33506],[140.39523,35.33478],[140.39645,35.33191],[140.39849,35.32983],[140.40019,35.33013],[140.39981,35.33063],[140.40066,35.33007],[140.40073,35.33036],[140.40138,35.32999],[140.40151,35.33053],[140.40229,35.33012],[140.40149,35.33008],[140.40267,35.33011],[140.40148,35.33004],[140.40141,35.32943],[140.401,35.3297],[140.40046,35.32937],[140.3999,35.32856],[140.40086,35.32809],[140.40133,35.32927],[140.40176,35.32864],[140.40298,35.32849],[140.40311,35.33112],[140.40389,35.33066],[140.40343,35.33006],[140.40345,35.33068],[140.40314,35.32978],[140.40368,35.32966],[140.40439,35.32755],[140.40548,35.32673],[140.40547,35.3253],[140.40639,35.32496],[140.40694,35.32453],[140.40645,35.32478],[140.40727,35.32372],[140.40737,35.32412],[140.40717,35.32303],[140.40777,35.32204],[140.40836,35.32209],[140.40896,35.31999],[140.41047,35.31989],[140.40986,35.31923],[140.41122,35.31632],[140.41203,35.31506],[140.41336,35.31415],[140.41386,35.31142],[140.41358,35.31035],[140.41484,35.30904],[140.41448,35.30724],[140.41507,35.30581],[140.4143,35.30401],[140.41139,35.30093],[140.40929,35.29601],[140.41012,35.29548],[140.40925,35.29597],[140.40815,35.29495],[140.40931,35.29443],[140.40814,35.29461],[140.40622,35.29097],[140.40467,35.28668],[140.40356,35.28066],[140.40196,35.27765],[140.40007,35.26973],[140.40025,35.26655],[140.39981,35.26561],[140.40045,35.26439],[140.39988,35.2633],[140.40029,35.26146],[140.40125,35.26064],[140.40216,35.26113],[140.40202,35.2597],[140.40083,35.25908],[140.401,35.25847],[140.40614,35.25582],[140.40512,35.25558],[140.40337,35.25643],[140.4022,35.25583],[140.40337,35.25425],[140.40594,35.25308],[140.40488,35.25269],[140.40282,35.25367],[140.40186,35.25496],[140.40094,35.2545],[140.40189,35.25322],[140.40238,35.25348],[140.40262,35.25261],[140.40329,35.25276],[140.40314,35.25248],[140.40401,35.25206],[140.40437,35.25255],[140.40527,35.2519],[140.40555,35.25229],[140.40549,35.25165],[140.40616,35.25134],[140.40675,35.25228],[140.40637,35.25337],[140.4065,35.25442],[140.40683,35.25606],[140.40645,35.2533],[140.407,35.25618],[140.40711,35.25617],[140.40661,35.25338],[140.40688,35.25223],[140.40615,35.25117],[140.40704,35.25029],[140.40677,35.24948],[140.40619,35.2495],[140.40629,35.24906],[140.40602,35.24872],[140.40602,35.24958],[140.40484,35.24903],[140.40479,35.24856],[140.40534,35.24845],[140.40475,35.24846],[140.40439,35.24696],[140.40391,35.24699],[140.40383,35.24674],[140.40424,35.24662],[140.4043,35.24622],[140.40365,35.24624],[140.40417,35.24506],[140.4044,35.2462],[140.40428,35.24525],[140.40387,35.24431],[140.40487,35.24335],[140.40554,35.24141],[140.4048,35.24338],[140.40418,35.24363],[140.40512,35.24232],[140.40494,35.24086],[140.40586,35.24007],[140.40508,35.23913],[140.40502,35.23701],[140.40273,35.23472],[140.4021,35.23343],[140.40095,35.23325],[140.4009,35.23272],[140.40054,35.23198],[140.40033,35.23185],[140.40005,35.23184],[140.4005,35.232],[140.40079,35.23272],[140.39955,35.23158],[140.39985,35.23078],[140.40004,35.23137],[140.40013,35.23109],[140.39922,35.22982],[140.39959,35.22935],[140.40021,35.22954],[140.39979,35.22926],[140.40063,35.22834],[140.40042,35.22724],[140.39965,35.22536],[140.3974,35.22343],[140.39704,35.2223],[140.39741,35.22178],[140.39785,35.22202],[140.39728,35.22168],[140.3976,35.22066],[140.39539,35.21756],[140.39526,35.21327],[140.39223,35.21064],[140.39239,35.21009],[140.39312,35.21004],[140.39366,35.20974],[140.39273,35.20958],[140.39292,35.20894],[140.3922,35.20911],[140.39256,35.20809],[140.39402,35.20989],[140.39289,35.20816],[140.39333,35.20759],[140.3926,35.20734],[140.39244,35.20562],[140.39302,35.20328],[140.39413,35.20269],[140.39346,35.20251],[140.39374,35.20212],[140.39278,35.20178],[140.3926,35.20114],[140.39151,35.20113],[140.38938,35.1994],[140.38858,35.19735],[140.38799,35.19723],[140.38609,35.19511],[140.38461,35.19177],[140.3849,35.18973],[140.38436,35.18749],[140.38271,35.18769],[140.38102,35.18538],[140.38111,35.18492],[140.37819,35.18395],[140.3772,35.18252],[140.37723,35.18108],[140.37633,35.18044],[140.37523,35.18038],[140.37415,35.17904],[140.37363,35.17959],[140.37175,35.17893],[140.37035,35.17935],[140.36616,35.17827],[140.36582,35.17833],[140.36634,35.17841],[140.36612,35.17876],[140.36636,35.17845],[140.36773,35.17911],[140.36642,35.17975],[140.36622,35.17949],[140.36638,35.17985],[140.36581,35.18004],[140.36551,35.1797],[140.36573,35.18014],[140.36483,35.18046],[140.36439,35.17961],[140.3662,35.17908],[140.36424,35.17954],[140.3648,35.18063],[140.36426,35.18116],[140.3594,35.1824],[140.35284,35.18191],[140.34927,35.18014],[140.3498,35.17973],[140.34925,35.17863],[140.34899,35.17894],[140.34969,35.17975],[140.34913,35.18016],[140.34773,35.17787],[140.34828,35.17769],[140.34923,35.17839],[140.34879,35.17789],[140.348,35.17751],[140.34782,35.17718],[140.34781,35.17657],[140.34676,35.17614],[140.34586,35.17497],[140.3455,35.17353],[140.34239,35.17109],[140.33921,35.1699],[140.33514,35.16676],[140.33283,35.16383],[140.33198,35.16157],[140.33215,35.15998],[140.33281,35.1598],[140.33318,35.15959],[140.33328,35.15942],[140.33233,35.15979],[140.3323,35.15889],[140.33353,35.1593],[140.33318,35.15862],[140.33244,35.1588],[140.33277,35.15763],[140.33235,35.15675],[140.33276,35.15632],[140.33191,35.15509],[140.33156,35.15544],[140.33195,35.15536],[140.33246,35.15617],[140.33205,35.15644],[140.3314,35.15549],[140.33051,35.1559],[140.32997,35.15555],[140.33088,35.15488],[140.32883,35.15364],[140.32964,35.15322],[140.33139,35.15464],[140.33108,35.15481],[140.33198,35.15471],[140.33079,35.15393],[140.32942,35.15185],[140.32853,35.15143],[140.32904,35.15201],[140.32867,35.152],[140.32813,35.15133],[140.3274,35.15132],[140.32712,35.14987],[140.3277,35.14926],[140.32768,35.14913],[140.32699,35.14985],[140.32653,35.14937],[140.32662,35.14915],[140.32713,35.14919],[140.3272,35.14902],[140.32674,35.14891],[140.3268,35.14779],[140.32779,35.14735],[140.32735,35.14724],[140.32797,35.14652],[140.32773,35.14621],[140.32687,35.14763],[140.32641,35.14733],[140.32619,35.14535],[140.32677,35.14509],[140.326,35.14291],[140.32695,35.1427],[140.32692,35.14547],[140.32779,35.14578],[140.32699,35.14416],[140.3272,35.14294],[140.32679,35.1417],[140.32608,35.14188],[140.32549,35.14141],[140.32565,35.14107],[140.3268,35.14131],[140.32589,35.14032],[140.32668,35.14009],[140.32683,35.13934],[140.32597,35.13934],[140.32585,35.1389],[140.32543,35.13936],[140.32488,35.13913],[140.32526,35.13949],[140.32494,35.13978],[140.32419,35.13942],[140.32407,35.13991],[140.32323,35.13988],[140.32319,35.1392],[140.32407,35.13827],[140.3234,35.13874],[140.32294,35.13857],[140.32302,35.13905],[140.32184,35.13983],[140.32096,35.13845],[140.3203,35.13851],[140.31881,35.13727],[140.31724,35.13826],[140.31528,35.13866],[140.312,35.13591],[140.31253,35.13544],[140.31242,35.13499],[140.31198,35.13545],[140.31149,35.13493],[140.31182,35.13464],[140.3102,35.13471],[140.31038,35.13607],[140.31106,35.13643],[140.31069,35.13707],[140.31122,35.13748],[140.3103,35.13827],[140.31096,35.13928],[140.31042,35.1383],[140.31113,35.13796],[140.31148,35.13828],[140.31109,35.13882],[140.31167,35.13825],[140.31251,35.13858],[140.31223,35.14017],[140.31157,35.13981],[140.31143,35.1401],[140.31265,35.14186],[140.31165,35.14342],[140.30958,35.1434],[140.30953,35.14357],[140.31175,35.14372],[140.31258,35.14272],[140.31336,35.14356],[140.31269,35.14399],[140.31248,35.14715],[140.3112,35.14841],[140.30991,35.14825],[140.31008,35.14755],[140.31052,35.1476],[140.3101,35.14746],[140.31033,35.14431],[140.30963,35.14861],[140.30994,35.14894],[140.30439,35.15121],[140.30286,35.15022],[140.30182,35.15122],[140.29989,35.15107],[140.29987,35.15078],[140.29809,35.15097],[140.29679,35.14987],[140.29753,35.14971],[140.29746,35.14923],[140.29666,35.1499],[140.29587,35.14894],[140.29719,35.14909],[140.29663,35.14873],[140.29588,35.1489],[140.29642,35.14779],[140.29584,35.1479],[140.29551,35.14747],[140.2951,35.14554],[140.29459,35.14589],[140.29382,35.14565],[140.29347,35.14671],[140.29258,35.14599],[140.29279,35.14573],[140.29208,35.14586],[140.28992,35.14508],[140.2901,35.14464],[140.29144,35.14426],[140.2914,35.14212],[140.29119,35.14418],[140.29058,35.14438],[140.29,35.14288],[140.29089,35.14255],[140.29043,35.14223],[140.29071,35.14154],[140.29202,35.14189],[140.29139,35.14147],[140.29159,35.14075],[140.29008,35.1408],[140.28964,35.13975],[140.29105,35.14012],[140.29025,35.13942],[140.29047,35.13826],[140.29246,35.1384],[140.2931,35.13807],[140.29089,35.13745],[140.29025,35.13654],[140.28844,35.13729],[140.28808,35.13663],[140.28784,35.13749],[140.28709,35.13714],[140.28653,35.13679],[140.28709,35.13585],[140.28618,35.1343],[140.28534,35.13409],[140.28517,35.13481],[140.28444,35.13504],[140.28339,35.13326],[140.28285,35.13336],[140.28309,35.1341],[140.28263,35.13355],[140.28195,35.1343],[140.28244,35.13331],[140.28187,35.13307],[140.28124,35.13347],[140.28062,35.1332],[140.28083,35.13453],[140.28,35.13449],[140.28007,35.13331],[140.27911,35.1332],[140.27923,35.13452],[140.27863,35.1345],[140.27868,35.13322],[140.27801,35.13355],[140.27785,35.1332],[140.27837,35.13248],[140.27928,35.13244],[140.27902,35.13196],[140.27826,35.13151],[140.27718,35.13171],[140.27706,35.13103],[140.2761,35.13156],[140.2752,35.13056],[140.274,35.13133],[140.27387,35.13215],[140.27455,35.13204],[140.27493,35.13308],[140.27537,35.13324],[140.27478,35.13256],[140.2754,35.13323],[140.27576,35.13298],[140.27679,35.1344],[140.2761,35.13574],[140.27416,35.13727],[140.27151,35.13773],[140.27147,35.13732],[140.27137,35.13722],[140.2708,35.13794],[140.27007,35.13696],[140.26969,35.13738],[140.2686,35.13683],[140.26916,35.13604],[140.26857,35.13416],[140.26781,35.13428],[140.26758,35.13497],[140.26823,35.13525],[140.26709,35.13607],[140.26644,35.13581],[140.2658,35.13441],[140.26438,35.13413],[140.26383,35.13497],[140.26267,35.13381],[140.26189,35.13463],[140.2625,35.13538],[140.26364,35.13578],[140.26292,35.13712],[140.2605,35.13825],[140.25778,35.13792],[140.25691,35.13732],[140.25749,35.13688],[140.25715,35.13634],[140.2571,35.13695],[140.25621,35.13631],[140.25763,35.1354],[140.25693,35.13521],[140.25724,35.13502],[140.25679,35.13447],[140.25453,35.13502],[140.2531,35.13386],[140.25249,35.13386],[140.25304,35.13362],[140.25237,35.13377],[140.2522,35.13335],[140.25162,35.13309],[140.25252,35.13406],[140.25214,35.13524],[140.2518,35.13385],[140.25194,35.13524],[140.25165,35.13434],[140.25128,35.13405],[140.25163,35.13503],[140.25062,35.13528],[140.24904,35.13495],[140.24795,35.13398],[140.24774,35.13319],[140.24906,35.13297],[140.24764,35.13309],[140.24778,35.13036],[140.2476,35.1309],[140.2471,35.13088],[140.24719,35.13041],[140.24924,35.12941],[140.24928,35.12972],[140.24978,35.13029],[140.24935,35.12872],[140.25021,35.1285],[140.25051,35.12913],[140.25011,35.12927],[140.25082,35.12961],[140.25026,35.12842],[140.24933,35.12867],[140.24713,35.12795],[140.24601,35.12686],[140.24583,35.12554],[140.24503,35.12493],[140.2442,35.12524],[140.24311,35.12479],[140.2431,35.1243],[140.2424,35.12549],[140.24022,35.12533],[140.23918,35.12453],[140.23876,35.12344],[140.23665,35.12265],[140.23686,35.12143],[140.23554,35.12104],[140.2357,35.12144],[140.23675,35.12155],[140.23668,35.12202],[140.23569,35.12193],[140.23576,35.12156],[140.23555,35.12208],[140.23435,35.12185],[140.23439,35.12117],[140.23519,35.12121],[140.23519,35.12118],[140.23427,35.12113],[140.2343,35.12014],[140.23765,35.11832],[140.23638,35.11671],[140.2345,35.11658],[140.23251,35.11513],[140.22761,35.11607],[140.22606,35.11537],[140.22573,35.11476],[140.22534,35.11549],[140.22397,35.11618],[140.22216,35.11647],[140.22207,35.11593],[140.22048,35.11603],[140.22194,35.11606],[140.22201,35.11649],[140.22006,35.11661],[140.21925,35.11623],[140.21921,35.11624],[140.21373,35.11436],[140.21226,35.11463],[140.20782,35.11396],[140.20553,35.11243],[140.20412,35.11055],[140.20297,35.11011],[140.20338,35.10947],[140.20025,35.11011],[140.20054,35.11178],[140.20018,35.11276],[140.1961,35.11566],[140.19576,35.11781],[140.19335,35.12008],[140.19461,35.119],[140.19536,35.11997],[140.19487,35.11903],[140.19574,35.11826],[140.19708,35.11871],[140.19705,35.11933],[140.19673,35.11918],[140.19664,35.11933],[140.19649,35.11927],[140.19642,35.1194],[140.19691,35.11954],[140.19686,35.12087],[140.19533,35.12096],[140.19516,35.12035],[140.19521,35.12115],[140.19427,35.12137],[140.19552,35.12125],[140.19527,35.12199],[140.19549,35.12152],[140.19745,35.12172],[140.19823,35.1223],[140.1981,35.12273],[140.19709,35.12322],[140.19552,35.12299],[140.19525,35.12218],[140.19531,35.12287],[140.19317,35.1248],[140.19423,35.12499],[140.19398,35.12557],[140.19353,35.12514],[140.19416,35.12603],[140.19179,35.12721],[140.18806,35.12648],[140.1861,35.1252],[140.18718,35.1249],[140.18698,35.12433],[140.18566,35.12455],[140.18509,35.12283],[140.18617,35.12274],[140.18689,35.12353],[140.18699,35.12326],[140.18619,35.12256],[140.18482,35.1228],[140.18526,35.12113],[140.18445,35.1207],[140.18458,35.12015],[140.18565,35.11964],[140.18522,35.11904],[140.18501,35.11951],[140.18437,35.11907],[140.18427,35.11965],[140.1837,35.11956],[140.18354,35.11861],[140.18205,35.11765],[140.18166,35.11822],[140.18117,35.11806],[140.18136,35.11864],[140.18071,35.1186],[140.1816,35.11887],[140.18083,35.11917],[140.1808,35.1198],[140.17914,35.11842],[140.1794,35.11881],[140.17794,35.12053],[140.17842,35.12069],[140.17816,35.1215],[140.17636,35.12094],[140.17658,35.12079],[140.17649,35.12074],[140.17667,35.12059],[140.17662,35.12053],[140.17522,35.12068],[140.17293,35.12003],[140.17216,35.12068],[140.17158,35.12058],[140.1717,35.12115],[140.17138,35.12096],[140.17126,35.12176],[140.17003,35.1229],[140.1669,35.1238],[140.16484,35.12277],[140.16458,35.12192],[140.16443,35.1222],[140.16275,35.12208],[140.16208,35.12151],[140.16098,35.12139],[140.16072,35.12091],[140.16065,35.12139],[140.16032,35.12119],[140.16007,35.12141],[140.16168,35.12194],[140.16161,35.12265],[140.16398,35.12245],[140.16389,35.1233],[140.16024,35.1228],[140.1599,35.12313],[140.15925,35.12269],[140.15961,35.12236],[140.15895,35.12187],[140.15889,35.12247],[140.158,35.12156],[140.15847,35.12127],[140.15909,35.12153],[140.15866,35.12117],[140.16044,35.11979],[140.15789,35.12141],[140.15781,35.12084],[140.15536,35.12163],[140.15361,35.12142],[140.15226,35.12026],[140.15206,35.11914],[140.15255,35.11797],[140.15165,35.117],[140.15111,35.11681],[140.15119,35.11724],[140.15009,35.11665],[140.14595,35.11769],[140.1452,35.11685],[140.14425,35.1172],[140.14403,35.11768],[140.14298,35.11783],[140.14342,35.11837],[140.14324,35.11809],[140.14434,35.11795],[140.14439,35.11729],[140.14528,35.11697],[140.14563,35.11761],[140.14419,35.11859],[140.14351,35.11852],[140.14316,35.11945],[140.14229,35.11918],[140.14257,35.11831],[140.14222,35.11929],[140.13893,35.12008],[140.13577,35.12166],[140.13375,35.1215],[140.12675,35.11854],[140.11958,35.11487],[140.11428,35.11133],[140.10938,35.10708],[140.10865,35.10689],[140.10806,35.10512],[140.10649,35.10417],[140.10533,35.10238],[140.10524,35.09881],[140.10626,35.09904],[140.10782,35.09911],[140.10817,35.09866],[140.10771,35.09901],[140.1063,35.09894],[140.10562,35.09877],[140.10582,35.0982],[140.10758,35.09858],[140.10685,35.09838],[140.10708,35.09769],[140.10829,35.09798],[140.10865,35.09899],[140.109,35.09878],[140.10845,35.09789],[140.10549,35.09739],[140.10562,35.09686],[140.10706,35.09674],[140.10726,35.09635],[140.10698,35.09578],[140.10777,35.09426],[140.10839,35.09396],[140.10762,35.09429],[140.10689,35.09569],[140.10692,35.09662],[140.10564,35.09671],[140.10581,35.09562],[140.10639,35.09539],[140.10617,35.09488],[140.10798,35.09326],[140.10732,35.09302],[140.10689,35.09341],[140.10534,35.09226],[140.10561,35.09196],[140.10502,35.09225],[140.10481,35.0911],[140.10651,35.09093],[140.10818,35.09176],[140.10818,35.09293],[140.10883,35.09287],[140.11003,35.09412],[140.10913,35.09301],[140.11019,35.09288],[140.10913,35.09286],[140.10878,35.09142],[140.10696,35.09045],[140.10447,35.09084],[140.10284,35.0906],[140.10291,35.09097],[140.10203,35.09121],[140.10118,35.09098],[140.09984,35.08945],[140.10009,35.08867],[140.10155,35.08789],[140.10165,35.08699],[140.09879,35.08596],[140.09822,35.08411],[140.09857,35.08299],[140.0995,35.08249],[140.09916,35.0818],[140.0995,35.07976],[140.10269,35.07849],[140.10239,35.07787],[140.10197,35.07804],[140.10234,35.07752],[140.10066,35.07658],[140.10202,35.07663],[140.10243,35.07732],[140.10229,35.07653],[140.10036,35.07636],[140.09925,35.07691],[140.09964,35.07641],[140.09815,35.07587],[140.09883,35.07515],[140.0987,35.07436],[140.09817,35.07491],[140.09815,35.07459],[140.09692,35.07512],[140.09678,35.07573],[140.09608,35.07553],[140.09461,35.07597],[140.09422,35.07562],[140.09444,35.07449],[140.09285,35.07473],[140.09321,35.07455],[140.09271,35.07464],[140.0927,35.07394],[140.0916,35.07427],[140.09116,35.07394],[140.09148,35.07366],[140.09077,35.0737],[140.09111,35.07297],[140.09029,35.07348],[140.09017,35.07306],[140.08882,35.07318],[140.0888,35.07271],[140.08838,35.07323],[140.08718,35.07321],[140.08536,35.07395],[140.08546,35.0736],[140.08491,35.07362],[140.08473,35.0732],[140.08525,35.07324],[140.08463,35.07304],[140.08523,35.07204],[140.08473,35.07204],[140.0846,35.0713],[140.08564,35.07065],[140.0857,35.0697],[140.08447,35.07012],[140.08439,35.06915],[140.08369,35.06951],[140.08306,35.06863],[140.08306,35.06956],[140.08234,35.06939],[140.08232,35.06904],[140.08303,35.06892],[140.08161,35.06898],[140.0814,35.06924],[140.07901,35.06845],[140.0783,35.0674],[140.07983,35.06647],[140.08053,35.06692],[140.08129,35.06649],[140.08208,35.06665],[140.08178,35.06607],[140.08226,35.0653],[140.08105,35.06463],[140.08254,35.06444],[140.08302,35.06328],[140.08332,35.06367],[140.08324,35.06289],[140.08131,35.06286],[140.08071,35.06207],[140.0802,35.06238],[140.0801,35.06181],[140.07985,35.0624],[140.07914,35.06193],[140.07788,35.06182],[140.07732,35.06073],[140.07737,35.06145],[140.0769,35.0615],[140.07685,35.06157],[140.07737,35.06149],[140.07787,35.06189],[140.0791,35.06199],[140.07929,35.063],[140.07603,35.06273],[140.07663,35.06183],[140.07587,35.06268],[140.07542,35.06235],[140.07606,35.06125],[140.07521,35.06152],[140.07498,35.06106],[140.07643,35.06123],[140.07497,35.06103],[140.07514,35.06058],[140.07589,35.06076],[140.07579,35.0597],[140.07545,35.05987],[140.07509,35.0593],[140.0754,35.05907],[140.07489,35.05938],[140.07316,35.05889],[140.07364,35.05828],[140.07482,35.05849],[140.07467,35.05804],[140.07522,35.05773],[140.07451,35.05737],[140.07529,35.05754],[140.0744,35.05676],[140.07387,35.05754],[140.07412,35.05659],[140.07301,35.05579],[140.07207,35.05592],[140.07284,35.05676],[140.07258,35.05711],[140.07208,35.05699],[140.07209,35.0575],[140.07179,35.05699],[140.07175,35.05735],[140.07124,35.05718],[140.07139,35.0576],[140.07089,35.05758],[140.07088,35.05752],[140.07057,35.05747],[140.07023,35.05772],[140.07083,35.05828],[140.06992,35.05774],[140.0698,35.05867],[140.0691,35.05861],[140.06796,35.05761],[140.06797,35.05796],[140.06749,35.0577],[140.06743,35.05818],[140.06709,35.05806],[140.06723,35.05837],[140.06666,35.05804],[140.06716,35.05872],[140.06667,35.05821],[140.06695,35.05865],[140.06634,35.05857],[140.06613,35.05834],[140.06626,35.0592],[140.06554,35.05837],[140.06569,35.05918],[140.06536,35.05873],[140.06525,35.05899],[140.06503,35.05899],[140.06509,35.05853],[140.06489,35.0593],[140.06427,35.05929],[140.06393,35.05876],[140.0628,35.05879],[140.06243,35.05761],[140.06195,35.05734],[140.06136,35.05749],[140.06235,35.05793],[140.0627,35.05903],[140.06096,35.05888],[140.06153,35.05794],[140.06062,35.0594],[140.05856,35.05948],[140.05793,35.05832],[140.0582,35.05804],[140.05514,35.0591],[140.05155,35.05754],[140.04936,35.05614],[140.04898,35.05645],[140.0491,35.05605],[140.04838,35.05574],[140.04672,35.05564],[140.04654,35.05525],[140.04325,35.0545],[140.04341,35.0541],[140.04258,35.05382],[140.04238,35.05361],[140.04243,35.05346],[140.04207,35.05363],[140.04203,35.05335],[140.04189,35.05344],[140.04173,35.05322],[140.04072,35.05346],[140.04079,35.0531],[140.03941,35.05304],[140.03644,35.05103],[140.02792,35.04655],[140.02466,35.04398],[140.01934,35.03779],[140.0191,35.03733],[140.01925,35.03704],[140.01899,35.0371],[140.01794,35.03646],[140.01809,35.03618],[140.01811,35.03549],[140.01795,35.03538],[140.017,35.03496],[140.01522,35.03456],[140.01341,35.03376],[140.01392,35.0345],[140.01407,35.03425],[140.01794,35.03542],[140.01805,35.03592],[140.01753,35.03567],[140.01802,35.03619],[140.01716,35.0362],[140.0173,35.03566],[140.01681,35.03535],[140.01604,35.03506],[140.01603,35.03546],[140.01499,35.03509],[140.01389,35.03535],[140.0138,35.03474],[140.01361,35.03538],[140.01398,35.03555],[140.01348,35.03574],[140.01466,35.03551],[140.0149,35.03598],[140.01295,35.03644],[140.01308,35.03527],[140.01254,35.03525],[140.01276,35.03554],[140.01227,35.03573],[140.01246,35.03496],[140.01124,35.03455],[140.01141,35.03418],[140.01248,35.03451],[140.01138,35.03411],[140.01244,35.03297],[140.01173,35.03321],[140.01091,35.03502],[140.00984,35.03504],[140.00868,35.0347],[140.0067,35.0331],[140.00672,35.03282],[140.00646,35.03266],[140.00637,35.03236],[140.00637,35.03261],[140.00404,35.03174],[139.99958,35.02907],[139.99113,35.02146],[139.99033,35.02141],[139.99058,35.0209],[139.98912,35.01913],[139.98799,35.01823],[139.98775,35.01825],[139.98752,35.01838],[139.98745,35.01837],[139.9876,35.01786],[139.98466,35.0153],[139.97962,35.00948],[139.97627,35.004],[139.9738,34.99863],[139.97188,34.9925],[139.97163,34.98751],[139.97168,34.98728],[139.97187,34.98697],[139.97206,34.987],[139.97214,34.98674],[139.9723,34.98674],[139.97234,34.98649],[139.97196,34.98644],[139.97186,34.98636],[139.97199,34.9857],[139.97183,34.98567],[139.97179,34.98651],[139.97137,34.98597],[139.97079,34.9862],[139.97131,34.98563],[139.97075,34.98559],[139.97025,34.98477],[139.97073,34.9845],[139.97023,34.98461],[139.96991,34.98345],[139.96912,34.98322],[139.96919,34.98272],[139.96886,34.98294],[139.96895,34.9826],[139.9681,34.9826],[139.96769,34.9823],[139.96701,34.98123],[139.96701,34.97898],[139.96861,34.97775],[139.96814,34.97645],[139.96774,34.97711],[139.96673,34.97695],[139.96451,34.97475],[139.96191,34.97076],[139.96074,34.96768],[139.96083,34.96287],[139.96145,34.96177],[139.96369,34.96175],[139.96391,34.95829],[139.96455,34.95764],[139.96386,34.95826],[139.96362,34.96141],[139.96211,34.96142],[139.96211,34.96059],[139.96295,34.96023],[139.96301,34.95958],[139.96218,34.95956],[139.96222,34.95909],[139.96317,34.95926],[139.96324,34.95885],[139.96237,34.95876],[139.96265,34.95668],[139.96375,34.95678],[139.96381,34.95635],[139.96268,34.95625],[139.9627,34.95521],[139.96359,34.9544],[139.9646,34.95457],[139.96402,34.95405],[139.96409,34.95301],[139.96484,34.95323],[139.96443,34.95282],[139.96499,34.95239],[139.96585,34.95316],[139.96449,34.95535],[139.96432,34.95683],[139.9649,34.95705],[139.96459,34.95595],[139.96637,34.9538],[139.96532,34.9523],[139.9659,34.95164],[139.96512,34.95126],[139.96481,34.95188],[139.96442,34.95128],[139.96495,34.95108],[139.96425,34.95059],[139.96473,34.95069],[139.96477,34.9506],[139.96383,34.95011],[139.96399,34.94982],[139.96469,34.95019],[139.96425,34.94971],[139.96523,34.95],[139.96439,34.94963],[139.9652,34.9494],[139.9649,34.94873],[139.96543,34.94889],[139.96461,34.94848],[139.9648,34.94826],[139.96508,34.94828],[139.96474,34.9477],[139.96522,34.94772],[139.96443,34.94683],[139.96457,34.94634],[139.96403,34.9467],[139.96366,34.94628],[139.96377,34.94593],[139.96438,34.94619],[139.96432,34.94557],[139.96513,34.94563],[139.96488,34.94499],[139.96475,34.94508],[139.9643,34.94511],[139.96403,34.94429],[139.96321,34.94422],[139.96393,34.94394],[139.96316,34.94368],[139.96335,34.94314],[139.96397,34.94313],[139.96352,34.94255],[139.96392,34.94256],[139.96278,34.94215],[139.96299,34.94165],[139.96265,34.94154],[139.96208,34.94093],[139.96225,34.94132],[139.96139,34.94111],[139.96136,34.94062],[139.96198,34.94051],[139.96198,34.9405],[139.96248,34.93998],[139.96173,34.94004],[139.96195,34.93967],[139.96138,34.94024],[139.96114,34.94008],[139.96179,34.9393],[139.96125,34.93955],[139.96106,34.93953],[139.96111,34.93902],[139.96055,34.9395],[139.96016,34.93904],[139.96084,34.93901],[139.96024,34.93861],[139.95968,34.93895],[139.96026,34.93792],[139.96057,34.93799],[139.96018,34.93777],[139.96015,34.9376],[139.96091,34.93796],[139.96026,34.93743],[139.96024,34.93714],[139.95983,34.93745],[139.9598,34.93692],[139.95875,34.93702],[139.95838,34.93673],[139.9589,34.93619],[139.95835,34.93652],[139.95778,34.93625],[139.95795,34.93614],[139.9579,34.93594],[139.95687,34.93656],[139.95687,34.93598],[139.95734,34.93606],[139.95737,34.93552],[139.95776,34.93569],[139.95724,34.9354],[139.9574,34.93525],[139.95654,34.93471],[139.95694,34.9354],[139.95676,34.93543],[139.95679,34.93567],[139.95667,34.93577],[139.95594,34.93426],[139.955,34.93409],[139.95493,34.9339],[139.95485,34.93395],[139.95407,34.93354],[139.95429,34.93303],[139.95353,34.93257],[139.95435,34.93236],[139.9536,34.93229],[139.95302,34.93166],[139.95328,34.93134],[139.95383,34.93192],[139.95407,34.93198],[139.95326,34.93101],[139.95355,34.9308],[139.95457,34.93146],[139.95454,34.9322],[139.95473,34.93137],[139.95526,34.9319],[139.95527,34.93222],[139.95614,34.93279],[139.95536,34.9322],[139.95529,34.93175],[139.95483,34.93137],[139.95505,34.93111],[139.9547,34.93128],[139.95415,34.93077],[139.95419,34.93025],[139.95382,34.93047],[139.95408,34.93014],[139.95355,34.92955],[139.95324,34.92985],[139.95259,34.92954],[139.95177,34.92884],[139.95163,34.92906],[139.94958,34.92856],[139.94894,34.92718],[139.94902,34.92771],[139.94845,34.92809],[139.94789,34.92817],[139.94787,34.92763],[139.94827,34.92763],[139.94853,34.92745],[139.9479,34.92759],[139.94799,34.92651],[139.9475,34.92614],[139.94832,34.92641],[139.94844,34.92631],[139.94751,34.92607],[139.94741,34.92535],[139.94704,34.92558],[139.94659,34.92538],[139.94703,34.9251],[139.94633,34.92509],[139.94685,34.92494],[139.94609,34.92502],[139.94658,34.92472],[139.94541,34.92424],[139.94614,34.92417],[139.94616,34.92401],[139.94538,34.92422],[139.94507,34.92408],[139.94496,34.92423],[139.94469,34.92406],[139.94443,34.92416],[139.94428,34.92406],[139.94432,34.92445],[139.94327,34.9238],[139.9425,34.92401],[139.94266,34.92354],[139.9416,34.92426],[139.94237,34.92468],[139.94187,34.92502],[139.94079,34.92396],[139.94148,34.92413],[139.94234,34.92345],[139.94206,34.92312],[139.94252,34.9232],[139.94197,34.92178],[139.94231,34.9212],[139.94241,34.92144],[139.94252,34.92151],[139.94228,34.92094],[139.94253,34.92112],[139.94282,34.92104],[139.94225,34.92081],[139.94222,34.92051],[139.94275,34.92093],[139.94213,34.92012],[139.94271,34.91995],[139.94225,34.91963],[139.94294,34.9199],[139.94169,34.91882],[139.94172,34.91778],[139.94186,34.91796],[139.94218,34.91792],[139.94191,34.91756],[139.94151,34.91777],[139.94073,34.91701],[139.93948,34.91725],[139.93944,34.9166],[139.93871,34.91689],[139.93806,34.91665],[139.93797,34.91611],[139.93748,34.91645],[139.93718,34.91581],[139.93691,34.91658],[139.93655,34.91582],[139.93643,34.91617],[139.93547,34.91534],[139.93609,34.91522],[139.93567,34.91463],[139.93512,34.91452],[139.93554,34.91494],[139.93518,34.91497],[139.93427,34.91428],[139.93433,34.91483],[139.9341,34.91489],[139.93392,34.91444],[139.93268,34.91449],[139.93239,34.91423],[139.93198,34.91367],[139.93194,34.91345],[139.93179,34.91346],[139.93179,34.91316],[139.93072,34.91281],[139.93059,34.91243],[139.93066,34.91277],[139.92845,34.91239],[139.92842,34.91191],[139.92377,34.91186],[139.92386,34.91123],[139.9255,34.91128],[139.92388,34.91108],[139.92393,34.91077],[139.92634,34.91038],[139.92642,34.91122],[139.92599,34.91138],[139.92694,34.91117],[139.9269,34.91076],[139.9285,34.91052],[139.92859,34.91017],[139.9279,34.91002],[139.92815,34.90935],[139.92783,34.91001],[139.92328,34.91003],[139.92302,34.91042],[139.92149,34.91055],[139.92033,34.91045],[139.92086,34.91022],[139.92024,34.91008],[139.91941,34.91036],[139.9188,34.90914],[139.92002,34.9074],[139.91972,34.90758],[139.91948,34.90744],[139.92024,34.90729],[139.92012,34.9072],[139.91948,34.90732],[139.91936,34.90779],[139.91902,34.9076],[139.91905,34.90736],[139.91856,34.90773],[139.91803,34.90708],[139.91721,34.90711],[139.9176,34.90688],[139.91723,34.90659],[139.91708,34.90694],[139.91702,34.90669],[139.91671,34.90673],[139.91651,34.90644],[139.91649,34.90676],[139.91604,34.90639],[139.91553,34.90672],[139.9149,34.90679],[139.91432,34.90644],[139.91432,34.90667],[139.91404,34.90661],[139.91413,34.90684],[139.91227,34.9075],[139.91129,34.9071],[139.91084,34.90723],[139.91157,34.90731],[139.91134,34.90774],[139.91055,34.90732],[139.90964,34.90769],[139.90831,34.90694],[139.90816,34.90643],[139.90863,34.90638],[139.90845,34.90632],[139.908,34.90646],[139.90811,34.90585],[139.90892,34.90624],[139.90832,34.90588],[139.90885,34.90575],[139.90851,34.90521],[139.90566,34.90422],[139.90614,34.90456],[139.90559,34.90503],[139.90464,34.9051],[139.90448,34.90478],[139.90416,34.90511],[139.90358,34.90519],[139.90307,34.90511],[139.90296,34.90485],[139.90248,34.90493],[139.90109,34.90445],[139.90067,34.90486],[139.89972,34.9049],[139.89979,34.90525],[139.89835,34.90547],[139.89841,34.90605],[139.89759,34.9057],[139.89812,34.90545],[139.89773,34.90532],[139.89808,34.90442],[139.89713,34.90497],[139.89616,34.90476],[139.89574,34.90516],[139.89547,34.9051],[139.89573,34.90472],[139.89551,34.90464],[139.89424,34.90573],[139.89441,34.90624],[139.89417,34.90565],[139.89224,34.90594],[139.89262,34.90521],[139.88977,34.90442],[139.88997,34.90314],[139.89041,34.90316],[139.8903,34.9037],[139.89074,34.90318],[139.89005,34.90308],[139.89054,34.90305],[139.89028,34.90291],[139.89029,34.90226],[139.89015,34.90251],[139.88981,34.90209],[139.89004,34.9009],[139.88954,34.90086],[139.88963,34.90034],[139.88926,34.90061],[139.88889,34.90027],[139.88747,34.90027],[139.88728,34.9015],[139.88678,34.902],[139.88709,34.90193],[139.88705,34.90241],[139.88647,34.90273],[139.88782,34.90306],[139.88772,34.90352],[139.88655,34.90327],[139.88666,34.90322],[139.88675,34.90302],[139.88627,34.9035],[139.88407,34.90344],[139.88362,34.90324],[139.88419,34.90308],[139.88317,34.9031],[139.88367,34.90298],[139.88328,34.90269],[139.88296,34.90297],[139.88318,34.90318],[139.88251,34.9032],[139.88288,34.90355],[139.88144,34.90366],[139.88178,34.90337],[139.8813,34.90335],[139.88089,34.90376],[139.88113,34.90331],[139.88055,34.90318],[139.88055,34.90298],[139.87949,34.90364],[139.87886,34.90338],[139.87871,34.90384],[139.87826,34.90377],[139.87833,34.90336],[139.87678,34.90342],[139.87668,34.90379],[139.8771,34.90376],[139.87613,34.90428],[139.87511,34.90415],[139.87506,34.90357],[139.87474,34.9038],[139.87433,34.90369],[139.87443,34.90349],[139.873,34.90363],[139.87183,34.90302],[139.87131,34.904],[139.87075,34.90327],[139.87084,34.90355],[139.87011,34.90356],[139.86945,34.90434],[139.87013,34.90361],[139.87053,34.90396],[139.86907,34.90578],[139.86522,34.90699],[139.85831,34.90569],[139.85648,34.90584],[139.85382,34.90536],[139.85039,34.90406],[139.84748,34.90425],[139.84736,34.90388],[139.84744,34.90429],[139.84724,34.90429],[139.84677,34.90403],[139.84738,34.90367],[139.84662,34.90367],[139.84549,34.90271],[139.84536,34.90286],[139.84488,34.90265],[139.84499,34.90294],[139.84432,34.90303],[139.84396,34.90246],[139.84349,34.90259],[139.84367,34.90294],[139.84339,34.90291],[139.84346,34.90326],[139.8432,34.90355],[139.84303,34.90362],[139.84218,34.90378],[139.84204,34.90341],[139.84149,34.90346],[139.84135,34.90324],[139.84098,34.9031],[139.84145,34.9035],[139.84198,34.90348],[139.84211,34.90382],[139.84164,34.90362],[139.84178,34.90395],[139.84129,34.90403],[139.84129,34.90353],[139.84119,34.90335],[139.84113,34.90377],[139.84005,34.90448],[139.83827,34.90442],[139.8376,34.90369],[139.8354,34.90663],[139.83333,34.90743],[139.83266,34.90722],[139.83259,34.9076],[139.83089,34.90829],[139.82931,34.90829],[139.829,34.90882],[139.82851,34.90867],[139.82886,34.90892],[139.82806,34.9098],[139.82659,34.90982],[139.82608,34.91055],[139.82502,34.91088],[139.82431,34.91046],[139.82457,34.91074],[139.8241,34.91092],[139.825,34.9117]]],[[[139.99185,35.4539],[139.99183,35.45391],[139.99282,35.45429],[139.99283,35.45427],[139.99185,35.4539]]],[[[139.95508,34.93383],[139.95522,34.93387],[139.95509,34.93348],[139.95491,34.93347],[139.95496,34.93387],[139.95493,34.9339],[139.95508,34.93383]]],[[[139.8903,34.90206],[139.89024,34.90204],[139.89029,34.90226],[139.8903,34.90206]]],[[[140.86454,35.74423],[140.86023,35.74982],[140.86082,35.74978],[140.86475,35.74445],[140.87065,35.7414],[140.86454,35.74423]]],[[[140.87036,35.7202],[140.8703,35.7202],[140.87029,35.72015],[140.87026,35.72015],[140.87023,35.72022],[140.87036,35.7202]]],[[[139.82284,34.91564],[139.82311,34.91577],[139.8231,34.91573],[139.82284,34.91564]]],[[[139.82353,34.92164],[139.82387,34.92172],[139.82347,34.92152],[139.82353,34.92164]]],[[[139.82264,34.92378],[139.82269,34.92374],[139.82256,34.92368],[139.82264,34.92378]]],[[[139.82375,34.92433],[139.82433,34.92478],[139.8244,34.92469],[139.82375,34.92433]]],[[[139.82622,34.92702],[139.82602,34.92703],[139.82662,34.9273],[139.82622,34.92702]]],[[[139.82676,34.92734],[139.82692,34.92747],[139.82709,34.92746],[139.82676,34.92734]]],[[[139.82335,34.9812],[139.82346,34.98129],[139.82351,34.98124],[139.82335,34.9812]]],[[[139.82021,35.02851],[139.82024,35.02845],[139.82001,35.02842],[139.82021,35.02851]]],[[[139.82032,35.02846],[139.82026,35.02845],[139.82026,35.02851],[139.82032,35.02846]]],[[[139.81983,35.02849],[139.81985,35.02847],[139.81978,35.02847],[139.81983,35.02849]]],[[[139.82066,35.02846],[139.81969,35.02878],[139.81971,35.02883],[139.82081,35.02885],[139.82066,35.02846]]],[[[139.8258,35.02985],[139.82572,35.02986],[139.82574,35.0299],[139.8258,35.02985]]],[[[139.82525,35.03021],[139.82526,35.03016],[139.82513,35.03019],[139.82525,35.03021]]],[[[139.82505,35.03026],[139.82509,35.03024],[139.82507,35.03023],[139.82505,35.03026]]],[[[139.82511,35.03031],[139.82513,35.03032],[139.82514,35.03029],[139.82511,35.03031]]],[[[139.82397,35.0315],[139.82397,35.03154],[139.82403,35.03149],[139.82397,35.0315]]],[[[139.82358,35.03183],[139.82355,35.03185],[139.82356,35.03186],[139.82358,35.03183]]],[[[139.82345,35.03195],[139.82346,35.03191],[139.82343,35.0319],[139.82345,35.03195]]],[[[139.82338,35.03199],[139.82337,35.03203],[139.82341,35.03201],[139.82338,35.03199]]],[[[139.82269,35.03225],[139.82267,35.03224],[139.82264,35.03225],[139.82269,35.03225]]],[[[139.82121,35.03256],[139.8212,35.03253],[139.82116,35.03256],[139.82121,35.03256]]],[[[139.83123,35.03267],[139.83123,35.03264],[139.8312,35.03264],[139.83123,35.03267]]],[[[139.8311,35.03265],[139.83109,35.03268],[139.8311,35.03268],[139.8311,35.03265]]],[[[139.83051,35.0327],[139.83055,35.03273],[139.83057,35.03269],[139.83051,35.0327]]],[[[139.83035,35.03274],[139.83034,35.03276],[139.83036,35.03277],[139.83035,35.03274]]],[[[139.82024,35.03295],[139.82017,35.03299],[139.82023,35.03299],[139.82024,35.03295]]],[[[139.81974,35.03297],[139.81971,35.03299],[139.81974,35.03301],[139.81974,35.03297]]],[[[139.82002,35.03299],[139.81998,35.033],[139.81998,35.03306],[139.82002,35.03299]]],[[[139.81967,35.03309],[139.81968,35.0331],[139.81971,35.03308],[139.81967,35.03309]]],[[[139.81954,35.03313],[139.81952,35.03309],[139.81949,35.03311],[139.81954,35.03313]]],[[[139.81937,35.03328],[139.81936,35.03328],[139.81933,35.0333],[139.81937,35.03328]]],[[[139.81866,35.03347],[139.81866,35.0335],[139.81867,35.0335],[139.81866,35.03347]]],[[[139.81866,35.03392],[139.81861,35.0339],[139.81861,35.03392],[139.81866,35.03392]]],[[[139.83095,35.04813],[139.83102,35.04816],[139.83101,35.04813],[139.83095,35.04813]]],[[[139.82946,35.04814],[139.82936,35.04806],[139.82925,35.04824],[139.82946,35.04814]]],[[[139.83079,35.04819],[139.8307,35.04823],[139.83072,35.04824],[139.83079,35.04819]]],[[[139.82874,35.05175],[139.82884,35.05181],[139.82874,35.05165],[139.82874,35.05175]]],[[[139.82902,35.05181],[139.82916,35.05209],[139.82945,35.05194],[139.82902,35.05181]]],[[[139.82995,35.05187],[139.82973,35.05182],[139.82974,35.05198],[139.82995,35.05187]]],[[[139.82871,35.05204],[139.82867,35.05206],[139.82866,35.05211],[139.82871,35.05204]]],[[[139.82773,35.0521],[139.82764,35.05203],[139.82762,35.05209],[139.82773,35.0521]]],[[[139.82785,35.05211],[139.82787,35.05215],[139.8279,35.05214],[139.82785,35.05211]]],[[[139.82833,35.05216],[139.82836,35.05215],[139.82833,35.05213],[139.82833,35.05216]]],[[[139.82839,35.05222],[139.82836,35.05221],[139.82835,35.05222],[139.82839,35.05222]]],[[[139.82774,35.05222],[139.8277,35.05221],[139.82769,35.05224],[139.82774,35.05222]]],[[[139.82706,35.05236],[139.8271,35.05235],[139.82709,35.05231],[139.82706,35.05236]]],[[[139.82664,35.0532],[139.82664,35.05325],[139.82669,35.05326],[139.82664,35.0532]]],[[[139.82728,35.05352],[139.82745,35.05356],[139.82741,35.05346],[139.82728,35.05352]]],[[[139.82658,35.05341],[139.82645,35.05346],[139.82671,35.05373],[139.82658,35.05341]]],[[[139.82723,35.0555],[139.82727,35.05559],[139.82733,35.05555],[139.82723,35.0555]]],[[[139.8275,35.05549],[139.8275,35.05562],[139.82758,35.05561],[139.8275,35.05549]]],[[[139.82195,35.06429],[139.82194,35.06429],[139.82201,35.06433],[139.82195,35.06429]]],[[[139.82126,35.06441],[139.82143,35.06446],[139.82137,35.06441],[139.82126,35.06441]]],[[[139.8216,35.06442],[139.82157,35.06448],[139.82161,35.06447],[139.8216,35.06442]]],[[[139.82162,35.06451],[139.82165,35.06457],[139.82171,35.06452],[139.82162,35.06451]]],[[[139.82084,35.06446],[139.82073,35.06467],[139.82087,35.06469],[139.82084,35.06446]]],[[[139.82134,35.06458],[139.82124,35.06459],[139.8213,35.06465],[139.82134,35.06458]]],[[[139.82158,35.0648],[139.82164,35.06476],[139.82162,35.06476],[139.82158,35.0648]]],[[[139.81943,35.06504],[139.81947,35.06496],[139.81943,35.06495],[139.81943,35.06504]]],[[[139.81962,35.0651],[139.81958,35.06515],[139.81964,35.06517],[139.81962,35.0651]]],[[[139.81897,35.06575],[139.81899,35.06569],[139.81894,35.06571],[139.81897,35.06575]]],[[[139.8189,35.06575],[139.81879,35.06572],[139.81879,35.06574],[139.8189,35.06575]]],[[[139.81898,35.06578],[139.81899,35.06583],[139.81905,35.06578],[139.81898,35.06578]]],[[[139.81891,35.06584],[139.81893,35.06581],[139.81887,35.0658],[139.81891,35.06584]]],[[[139.81862,35.06594],[139.81865,35.06594],[139.81864,35.06589],[139.81862,35.06594]]],[[[139.81876,35.06593],[139.81882,35.06592],[139.81879,35.0659],[139.81876,35.06593]]],[[[139.81859,35.06601],[139.81871,35.06615],[139.81873,35.06606],[139.81859,35.06601]]],[[[139.81858,35.06615],[139.81861,35.06618],[139.81865,35.06615],[139.81858,35.06615]]],[[[139.81922,35.06616],[139.81921,35.06614],[139.81916,35.06617],[139.81922,35.06616]]],[[[139.81889,35.06613],[139.81898,35.06625],[139.81902,35.06617],[139.81889,35.06613]]],[[[139.81861,35.06622],[139.8186,35.06624],[139.81867,35.06625],[139.81861,35.06622]]],[[[139.8187,35.06628],[139.81876,35.06628],[139.81874,35.06623],[139.8187,35.06628]]],[[[139.81895,35.06639],[139.81898,35.06634],[139.81894,35.06632],[139.81895,35.06639]]],[[[139.82041,35.06807],[139.82036,35.06822],[139.8205,35.06813],[139.82041,35.06807]]],[[[139.82067,35.06844],[139.82099,35.06833],[139.8208,35.06814],[139.82067,35.06844]]],[[[139.82132,35.06989],[139.82137,35.07],[139.82146,35.06994],[139.82132,35.06989]]],[[[139.82087,35.07138],[139.8209,35.07157],[139.82099,35.07148],[139.82087,35.07138]]],[[[139.82712,35.07616],[139.82705,35.07616],[139.82708,35.0762],[139.82712,35.07616]]],[[[139.82727,35.07624],[139.82717,35.07619],[139.82717,35.07622],[139.82727,35.07624]]],[[[139.82763,35.07642],[139.82756,35.07642],[139.82758,35.07646],[139.82763,35.07642]]],[[[139.82772,35.07657],[139.8277,35.07652],[139.82767,35.07653],[139.82772,35.07657]]],[[[139.8276,35.07672],[139.82761,35.07677],[139.82768,35.07671],[139.8276,35.07672]]],[[[139.82619,35.07705],[139.82633,35.07708],[139.8264,35.07692],[139.82619,35.07705]]],[[[139.82563,35.07699],[139.82552,35.07707],[139.82567,35.07702],[139.82563,35.07699]]],[[[139.82564,35.07707],[139.82566,35.07711],[139.82572,35.07707],[139.82564,35.07707]]],[[[139.82623,35.07709],[139.82619,35.07713],[139.82628,35.07713],[139.82623,35.07709]]],[[[139.82599,35.07719],[139.82599,35.07704],[139.82588,35.0771],[139.82599,35.07719]]],[[[139.82544,35.07717],[139.82546,35.07724],[139.82553,35.0772],[139.82544,35.07717]]],[[[139.82635,35.07724],[139.82633,35.0772],[139.8263,35.07723],[139.82635,35.07724]]],[[[139.82668,35.0996],[139.82663,35.0995],[139.82651,35.09952],[139.82668,35.0996]]],[[[139.82694,35.10021],[139.82717,35.10005],[139.82676,35.10007],[139.82694,35.10021]]],[[[139.82238,35.10029],[139.8224,35.10021],[139.82221,35.10022],[139.82238,35.10029]]],[[[139.82168,35.10041],[139.82191,35.10029],[139.82165,35.10026],[139.82168,35.10041]]],[[[139.82266,35.1005],[139.82267,35.10044],[139.82247,35.10041],[139.82266,35.1005]]],[[[139.82428,35.10073],[139.82446,35.10073],[139.8245,35.10058],[139.82428,35.10073]]],[[[139.82332,35.10106],[139.82335,35.10101],[139.82323,35.10097],[139.82332,35.10106]]],[[[139.82716,35.10123],[139.82736,35.10129],[139.82736,35.10113],[139.82716,35.10123]]],[[[139.82376,35.10681],[139.82409,35.10652],[139.82392,35.10633],[139.82336,35.10635],[139.82376,35.10681]]],[[[139.82314,35.10746],[139.82338,35.10783],[139.82379,35.10747],[139.82314,35.10746]]],[[[139.82321,35.11394],[139.82264,35.11459],[139.82343,35.11443],[139.82321,35.11394]]],[[[139.82231,35.1144],[139.8222,35.1143],[139.82211,35.11436],[139.82231,35.1144]]],[[[139.8224,35.11475],[139.82254,35.11466],[139.82244,35.11449],[139.8224,35.11475]]],[[[139.82906,35.12013],[139.82906,35.12004],[139.82901,35.12003],[139.82906,35.12013]]],[[[139.82938,35.12068],[139.82921,35.12043],[139.82913,35.12051],[139.82938,35.12068]]],[[[139.83042,35.12298],[139.83051,35.12304],[139.83053,35.12296],[139.83042,35.12298]]],[[[139.83039,35.1235],[139.83035,35.12345],[139.8303,35.1235],[139.83039,35.1235]]],[[[139.83069,35.12356],[139.83067,35.1235],[139.83061,35.12351],[139.83069,35.12356]]],[[[139.83048,35.12381],[139.83048,35.12376],[139.83039,35.12376],[139.83048,35.12381]]],[[[139.83198,35.12362],[139.83108,35.12347],[139.83073,35.12407],[139.83136,35.12435],[139.83198,35.12362]]],[[[139.83062,35.12424],[139.83061,35.12433],[139.83073,35.12426],[139.83062,35.12424]]],[[[139.83027,35.13536],[139.82989,35.13537],[139.82991,35.1357],[139.83027,35.13536]]],[[[139.83055,35.13566],[139.83057,35.13545],[139.83042,35.13547],[139.83055,35.13566]]],[[[139.82465,35.14507],[139.82464,35.14501],[139.82444,35.145],[139.82465,35.14507]]],[[[139.8237,35.14951],[139.82361,35.14955],[139.82365,35.14961],[139.8237,35.14951]]],[[[139.8239,35.14969],[139.8238,35.14965],[139.82372,35.14983],[139.8239,35.14969]]],[[[139.82089,35.14993],[139.82067,35.14997],[139.82067,35.15002],[139.82089,35.14993]]],[[[139.82028,35.15009],[139.82011,35.15022],[139.82019,35.15026],[139.82028,35.15009]]],[[[139.82135,35.15018],[139.82131,35.15027],[139.82141,35.15029],[139.82135,35.15018]]],[[[139.82554,35.15222],[139.82551,35.15226],[139.82565,35.15233],[139.82554,35.15222]]],[[[139.8199,35.16393],[139.81986,35.16415],[139.82123,35.16425],[139.8199,35.16393]]],[[[139.83139,35.20412],[139.83137,35.20407],[139.83134,35.20408],[139.83139,35.20412]]],[[[139.81986,35.30143],[139.81959,35.30153],[139.82323,35.30154],[139.8248,35.30093],[139.82497,35.30067],[139.8232,35.30138],[139.81986,35.30143]]],[[[139.81988,35.34897],[139.82307,35.34775],[139.82306,35.34773],[139.81988,35.34897]]],[[[139.84146,34.90035],[139.84148,34.90032],[139.84132,34.90028],[139.84146,34.90035]]],[[[139.83447,34.90051],[139.83441,34.9005],[139.83438,34.90055],[139.83447,34.90051]]],[[[139.84136,34.9008],[139.84135,34.90071],[139.84128,34.90072],[139.84136,34.9008]]],[[[139.83941,34.90083],[139.83946,34.90078],[139.83937,34.90072],[139.83941,34.90083]]],[[[139.83467,34.90091],[139.8346,34.90083],[139.83454,34.90088],[139.83467,34.90091]]],[[[139.83429,34.90095],[139.83434,34.90086],[139.83416,34.90083],[139.83429,34.90095]]],[[[139.84159,34.90091],[139.8415,34.90087],[139.84152,34.90094],[139.84159,34.90091]]],[[[139.84084,34.90119],[139.84092,34.90119],[139.84085,34.90104],[139.84084,34.90119]]],[[[139.86862,34.90115],[139.86858,34.90106],[139.86844,34.90113],[139.86862,34.90115]]],[[[139.83577,34.90163],[139.83577,34.9014],[139.83569,34.90145],[139.83577,34.90163]]],[[[139.83591,34.90171],[139.83594,34.90173],[139.83596,34.90151],[139.83591,34.90171]]],[[[139.83615,34.90169],[139.83623,34.90175],[139.83626,34.90157],[139.83615,34.90169]]],[[[139.83674,34.90172],[139.83703,34.90179],[139.837,34.9017],[139.83674,34.90172]]],[[[139.83563,34.90172],[139.8356,34.90164],[139.8355,34.9017],[139.83563,34.90172]]],[[[139.83636,34.90176],[139.83637,34.90169],[139.83632,34.90171],[139.83636,34.90176]]],[[[139.83953,34.90176],[139.83953,34.90169],[139.83945,34.90169],[139.83953,34.90176]]],[[[139.83661,34.90177],[139.83658,34.90171],[139.83653,34.90174],[139.83661,34.90177]]],[[[139.8429,34.90184],[139.84295,34.90178],[139.84283,34.90173],[139.8429,34.90184]]],[[[139.83705,34.90197],[139.8371,34.90192],[139.83705,34.90186],[139.83705,34.90197]]],[[[139.84235,34.90192],[139.84235,34.90199],[139.84244,34.90196],[139.84235,34.90192]]],[[[139.84861,34.90209],[139.84853,34.9021],[139.84854,34.90216],[139.84861,34.90209]]],[[[139.87113,34.90212],[139.87105,34.90211],[139.87105,34.90216],[139.87113,34.90212]]],[[[139.84263,34.90213],[139.84256,34.90214],[139.84258,34.90221],[139.84263,34.90213]]],[[[139.87138,34.90229],[139.87157,34.90229],[139.87143,34.9022],[139.87138,34.90229]]],[[[139.84753,34.90228],[139.84752,34.90223],[139.8474,34.9023],[139.84753,34.90228]]],[[[139.84247,34.90234],[139.84247,34.90226],[139.84237,34.90229],[139.84247,34.90234]]],[[[139.84462,34.90234],[139.8446,34.90227],[139.84457,34.90229],[139.84462,34.90234]]],[[[139.8712,34.90229],[139.87113,34.90239],[139.87142,34.90242],[139.8712,34.90229]]],[[[139.84373,34.90244],[139.84378,34.90244],[139.84376,34.90233],[139.84373,34.90244]]],[[[139.83733,34.90243],[139.83738,34.90242],[139.83737,34.90235],[139.83733,34.90243]]],[[[139.84074,34.90246],[139.84074,34.90234],[139.84064,34.90237],[139.84074,34.90246]]],[[[139.84834,34.90242],[139.84837,34.90236],[139.84827,34.90235],[139.84834,34.90242]]],[[[139.84408,34.90242],[139.84405,34.9024],[139.84405,34.90246],[139.84408,34.90242]]],[[[139.84265,34.90244],[139.84258,34.90239],[139.84257,34.90241],[139.84265,34.90244]]],[[[139.845,34.90234],[139.84493,34.90239],[139.84534,34.90259],[139.845,34.90234]]],[[[139.84553,34.90245],[139.84544,34.90252],[139.84557,34.90256],[139.84553,34.90245]]],[[[139.87016,34.90258],[139.87007,34.90253],[139.87002,34.90258],[139.87016,34.90258]]],[[[139.8444,34.90261],[139.84437,34.90255],[139.84434,34.90256],[139.8444,34.90261]]],[[[139.84548,34.90257],[139.84546,34.90257],[139.84547,34.90262],[139.84548,34.90257]]],[[[139.84138,34.90264],[139.84159,34.9027],[139.84158,34.90262],[139.84138,34.90264]]],[[[139.84491,34.9025],[139.84485,34.90256],[139.84536,34.90274],[139.84491,34.9025]]],[[[139.84186,34.90255],[139.84185,34.9027],[139.84224,34.90261],[139.84186,34.90255]]],[[[139.83729,34.90263],[139.8372,34.9026],[139.8372,34.90262],[139.83729,34.90263]]],[[[139.83782,34.90271],[139.83791,34.90276],[139.83791,34.90269],[139.83782,34.90271]]],[[[139.8445,34.90276],[139.84447,34.90269],[139.84447,34.90271],[139.8445,34.90276]]],[[[139.86062,34.90261],[139.86047,34.90275],[139.86081,34.90285],[139.86062,34.90261]]],[[[139.84441,34.90276],[139.84442,34.90277],[139.84442,34.90271],[139.84441,34.90276]]],[[[139.83755,34.90282],[139.83759,34.9028],[139.8374,34.90274],[139.83755,34.90282]]],[[[139.84332,34.90278],[139.84324,34.90276],[139.84324,34.9028],[139.84332,34.90278]]],[[[139.87217,34.90286],[139.87212,34.90274],[139.87209,34.90275],[139.87217,34.90286]]],[[[139.8434,34.90283],[139.8434,34.90278],[139.84337,34.90279],[139.8434,34.90283]]],[[[139.8445,34.90282],[139.84446,34.90276],[139.84445,34.90277],[139.8445,34.90282]]],[[[139.83772,34.90286],[139.83774,34.90278],[139.83767,34.90276],[139.83772,34.90286]]],[[[139.8435,34.90285],[139.84352,34.90284],[139.84346,34.90278],[139.8435,34.90285]]],[[[139.8717,34.90289],[139.87181,34.90279],[139.87173,34.90276],[139.8717,34.90289]]],[[[139.84475,34.90285],[139.8449,34.90288],[139.84481,34.9028],[139.84475,34.90285]]],[[[139.86065,34.90287],[139.86066,34.90284],[139.86061,34.90284],[139.86065,34.90287]]],[[[139.83786,34.90289],[139.83788,34.90286],[139.83782,34.90283],[139.83786,34.90289]]],[[[139.86979,34.90296],[139.8701,34.90295],[139.87007,34.90282],[139.86979,34.90296]]],[[[139.87173,34.90289],[139.87179,34.90301],[139.87194,34.90296],[139.87173,34.90289]]],[[[139.83682,34.90298],[139.83674,34.9029],[139.83673,34.90291],[139.83682,34.90298]]],[[[139.87218,34.90309],[139.87232,34.90307],[139.8722,34.90284],[139.87218,34.90309]]],[[[139.8432,34.90304],[139.84332,34.90297],[139.84328,34.90295],[139.8432,34.90304]]],[[[139.87299,34.90309],[139.87292,34.90303],[139.87285,34.90306],[139.87299,34.90309]]],[[[139.8733,34.90313],[139.87336,34.9031],[139.8733,34.90308],[139.8733,34.90313]]],[[[139.87161,34.90312],[139.87166,34.90316],[139.87174,34.90315],[139.87161,34.90312]]],[[[139.8377,34.90317],[139.83777,34.90313],[139.83769,34.90309],[139.8377,34.90317]]],[[[139.87012,34.90317],[139.87018,34.90316],[139.87012,34.90312],[139.87012,34.90317]]],[[[139.87047,34.9032],[139.87058,34.9032],[139.87058,34.90312],[139.87047,34.9032]]],[[[139.87232,34.90312],[139.87242,34.90325],[139.8726,34.90322],[139.87232,34.90312]]],[[[139.87154,34.9032],[139.87161,34.90315],[139.87155,34.90315],[139.87154,34.9032]]],[[[139.84143,34.90317],[139.84161,34.90342],[139.84148,34.90313],[139.84109,34.90299],[139.84143,34.90317]]],[[[139.8734,34.90325],[139.87343,34.90316],[139.87338,34.90316],[139.8734,34.90325]]],[[[139.87345,34.9032],[139.87338,34.90329],[139.87362,34.90325],[139.87345,34.9032]]],[[[139.87089,34.90329],[139.8709,34.90328],[139.8708,34.90324],[139.87089,34.90329]]],[[[139.87014,34.90332],[139.87019,34.90332],[139.87016,34.90322],[139.87014,34.90332]]],[[[139.87245,34.90333],[139.87261,34.90331],[139.8726,34.9033],[139.87245,34.90333]]],[[[139.87365,34.90335],[139.87369,34.90333],[139.87367,34.9033],[139.87365,34.90335]]],[[[139.84323,34.90338],[139.84327,34.90337],[139.84311,34.90332],[139.84323,34.90338]]],[[[139.84255,34.90334],[139.84246,34.9034],[139.84251,34.90341],[139.84255,34.90334]]],[[[139.87314,34.90344],[139.87322,34.9034],[139.87314,34.90332],[139.87314,34.90344]]],[[[139.87296,34.90345],[139.8731,34.90345],[139.87306,34.90339],[139.87296,34.90345]]],[[[139.84062,34.90344],[139.84058,34.9034],[139.84055,34.90343],[139.84062,34.90344]]],[[[139.87016,34.90341],[139.87009,34.90344],[139.87031,34.90348],[139.87016,34.90341]]],[[[139.87328,34.90342],[139.87327,34.90342],[139.87328,34.90347],[139.87328,34.90342]]],[[[139.84289,34.90352],[139.84289,34.90342],[139.84283,34.90348],[139.84289,34.90352]]],[[[139.87291,34.90352],[139.87292,34.90348],[139.87288,34.90348],[139.87291,34.90352]]],[[[139.87004,34.90352],[139.8701,34.90353],[139.87005,34.90348],[139.87004,34.90352]]],[[[139.84316,34.90348],[139.84308,34.9035],[139.8431,34.90352],[139.84316,34.90348]]],[[[139.84051,34.90366],[139.84054,34.90366],[139.84055,34.9036],[139.84051,34.90366]]],[[[139.84763,34.90383],[139.84765,34.90382],[139.84763,34.90369],[139.84763,34.90383]]],[[[139.8409,34.90374],[139.84086,34.90372],[139.84085,34.90376],[139.8409,34.90374]]],[[[139.85052,34.90388],[139.85058,34.90389],[139.85054,34.90383],[139.85052,34.90388]]],[[[139.8479,34.90396],[139.84791,34.90395],[139.8477,34.90384],[139.8479,34.90396]]],[[[139.8407,34.90397],[139.84073,34.90395],[139.84065,34.9039],[139.8407,34.90397]]],[[[139.85066,34.90401],[139.85075,34.90398],[139.85063,34.90393],[139.85066,34.90401]]],[[[139.8506,34.90408],[139.85061,34.90407],[139.85059,34.90401],[139.8506,34.90408]]],[[[139.86209,34.90405],[139.86196,34.90404],[139.86191,34.90413],[139.86209,34.90405]]],[[[139.8396,34.90428],[139.83966,34.90423],[139.83958,34.90418],[139.8396,34.90428]]],[[[139.83909,34.90431],[139.83917,34.90427],[139.83913,34.90419],[139.83909,34.90431]]],[[[139.86173,34.90424],[139.86163,34.9042],[139.86158,34.90424],[139.86173,34.90424]]],[[[139.85603,34.90427],[139.85597,34.90426],[139.85592,34.90434],[139.85603,34.90427]]],[[[139.85492,34.90458],[139.8548,34.90446],[139.85474,34.90452],[139.85492,34.90458]]],[[[139.85546,34.90462],[139.85546,34.90455],[139.85532,34.90456],[139.85546,34.90462]]],[[[139.85603,34.90472],[139.85611,34.90472],[139.85598,34.9046],[139.85603,34.90472]]],[[[139.85658,34.90473],[139.8566,34.9047],[139.85647,34.90461],[139.85658,34.90473]]],[[[139.86957,34.90492],[139.86972,34.90491],[139.86966,34.90487],[139.86957,34.90492]]],[[[139.83352,34.90702],[139.83364,34.90702],[139.83348,34.90688],[139.83352,34.90702]]],[[[139.83344,34.90704],[139.8335,34.90704],[139.83337,34.90693],[139.83344,34.90704]]],[[[139.83338,34.90702],[139.83335,34.907],[139.83334,34.90703],[139.83338,34.90702]]],[[[139.85354,34.98937],[139.8532,34.98938],[139.85355,34.98941],[139.85354,34.98937]]],[[[139.85644,35.00309],[139.85647,35.00343],[139.85667,35.00244],[139.85644,35.00309]]],[[[139.84452,35.02288],[139.84457,35.0229],[139.84537,35.02167],[139.8453,35.02163],[139.84452,35.02288]]],[[[139.84037,35.02414],[139.84094,35.02419],[139.84095,35.02411],[139.84037,35.02414]]],[[[139.84294,35.0241],[139.84278,35.02418],[139.84294,35.02423],[139.84294,35.0241]]],[[[139.8419,35.02429],[139.84175,35.02453],[139.8424,35.02425],[139.8419,35.02429]]],[[[139.83798,35.0243],[139.83797,35.02483],[139.83887,35.02491],[139.83798,35.0243]]],[[[139.84121,35.02543],[139.84119,35.02542],[139.84118,35.02545],[139.84121,35.02543]]],[[[139.84116,35.02551],[139.8412,35.02552],[139.8412,35.02549],[139.84116,35.02551]]],[[[139.83232,35.03226],[139.8327,35.03212],[139.83253,35.03202],[139.83232,35.03226]]],[[[139.8315,35.04826],[139.83154,35.04824],[139.83147,35.04822],[139.8315,35.04826]]],[[[139.8319,35.05046],[139.83177,35.05052],[139.83191,35.05057],[139.8319,35.05046]]],[[[139.83462,35.07845],[139.8347,35.07851],[139.83478,35.07846],[139.83462,35.07845]]],[[[139.83452,35.13554],[139.83442,35.13554],[139.83444,35.13561],[139.83452,35.13554]]],[[[139.83643,35.13583],[139.83638,35.13588],[139.83643,35.13591],[139.83643,35.13583]]],[[[139.83671,35.13582],[139.83666,35.13588],[139.83675,35.13597],[139.83671,35.13582]]],[[[139.83602,35.13602],[139.83601,35.13594],[139.83591,35.13597],[139.83602,35.13602]]],[[[139.83607,35.13619],[139.83617,35.13619],[139.83615,35.13611],[139.83607,35.13619]]],[[[139.83202,35.20417],[139.83207,35.20422],[139.83214,35.20418],[139.83202,35.20417]]],[[[139.83207,35.20439],[139.83209,35.20435],[139.83205,35.20433],[139.83207,35.20439]]],[[[139.83243,35.20444],[139.83251,35.20447],[139.83254,35.20444],[139.83243,35.20444]]],[[[139.83256,35.20467],[139.83257,35.20461],[139.83249,35.20461],[139.83256,35.20467]]],[[[139.83891,35.20723],[139.83898,35.20726],[139.83903,35.20717],[139.83891,35.20723]]],[[[139.84756,35.2125],[139.84764,35.2124],[139.84738,35.21235],[139.84756,35.2125]]],[[[139.85625,35.35177],[139.85628,35.3518],[139.85677,35.35114],[139.85625,35.35177]]],[[[139.85448,35.35406],[139.85452,35.35425],[139.85504,35.35341],[139.85448,35.35406]]],[[[139.85245,35.37236],[139.85228,35.3726],[139.85277,35.37233],[139.85245,35.37236]]],[[[139.86103,35.37682],[139.86103,35.37689],[139.86933,35.37688],[139.86103,35.37682]]],[[[139.88958,34.90029],[139.88962,34.90027],[139.88953,34.90027],[139.88958,34.90029]]],[[[139.8892,34.90027],[139.88922,34.90034],[139.88927,34.90034],[139.8892,34.90027]]],[[[139.89926,34.90037],[139.89928,34.90046],[139.89955,34.90035],[139.89926,34.90037]]],[[[139.89882,34.90035],[139.89878,34.90036],[139.89878,34.90046],[139.89882,34.90035]]],[[[139.88719,34.90043],[139.88718,34.90058],[139.8874,34.9005],[139.88719,34.90043]]],[[[139.88933,34.90041],[139.88924,34.90038],[139.88926,34.90055],[139.88933,34.90041]]],[[[139.89893,34.90055],[139.89898,34.9006],[139.89909,34.90054],[139.89893,34.90055]]],[[[139.89859,34.90067],[139.89841,34.90067],[139.8984,34.90077],[139.89859,34.90067]]],[[[139.88971,34.90077],[139.88974,34.90079],[139.88977,34.90072],[139.88971,34.90077]]],[[[139.89897,34.90091],[139.89906,34.90083],[139.89899,34.90079],[139.89897,34.90091]]],[[[139.88708,34.90085],[139.88708,34.90089],[139.88714,34.90085],[139.88708,34.90085]]],[[[139.89012,34.90093],[139.89015,34.901],[139.89022,34.90098],[139.89012,34.90093]]],[[[139.89823,34.90084],[139.89791,34.90108],[139.89846,34.90094],[139.89882,34.90101],[139.89823,34.90084]]],[[[139.89027,34.90122],[139.89012,34.9011],[139.89013,34.90137],[139.89027,34.90122]]],[[[139.89753,34.90118],[139.89736,34.9013],[139.8974,34.90132],[139.89753,34.90118]]],[[[139.88705,34.90119],[139.88696,34.90132],[139.88714,34.90131],[139.88705,34.90119]]],[[[139.8905,34.90141],[139.89032,34.90127],[139.89025,34.90139],[139.8905,34.90141]]],[[[139.89729,34.90145],[139.89727,34.90132],[139.89703,34.90146],[139.89729,34.90145]]],[[[139.88701,34.90165],[139.88671,34.9017],[139.88677,34.90173],[139.88701,34.90165]]],[[[139.89854,34.90168],[139.89854,34.90174],[139.89863,34.90175],[139.89854,34.90168]]],[[[139.89688,34.90157],[139.8961,34.90168],[139.89548,34.9021],[139.89688,34.90157]]],[[[139.89573,34.90186],[139.89575,34.90189],[139.89582,34.90186],[139.89573,34.90186]]],[[[139.89414,34.90203],[139.89421,34.90202],[139.89419,34.90195],[139.89414,34.90203]]],[[[139.88664,34.90215],[139.88647,34.90228],[139.88664,34.90226],[139.88664,34.90215]]],[[[139.89072,34.90212],[139.89059,34.90223],[139.89071,34.90232],[139.89072,34.90212]]],[[[139.89618,34.90226],[139.89634,34.90216],[139.89548,34.90229],[139.89618,34.90226]]],[[[139.88687,34.90232],[139.88689,34.90237],[139.88697,34.90235],[139.88687,34.90232]]],[[[139.89061,34.90246],[139.89062,34.90259],[139.8907,34.90246],[139.89061,34.90246]]],[[[139.89363,34.90247],[139.89353,34.90256],[139.89367,34.90256],[139.89363,34.90247]]],[[[139.89043,34.90253],[139.89042,34.90265],[139.89046,34.90263],[139.89043,34.90253]]],[[[139.89573,34.90275],[139.89579,34.90316],[139.89738,34.90314],[139.89858,34.90219],[139.89573,34.90275]]],[[[139.8928,34.90269],[139.89256,34.90286],[139.89261,34.90288],[139.8928,34.90269]]],[[[139.88608,34.90285],[139.88614,34.90283],[139.88612,34.9028],[139.88608,34.90285]]],[[[139.88017,34.90284],[139.88011,34.90293],[139.88022,34.90293],[139.88017,34.90284]]],[[[139.88398,34.90284],[139.88373,34.90271],[139.88427,34.9031],[139.88398,34.90284]]],[[[139.88464,34.90291],[139.88465,34.90297],[139.88476,34.90296],[139.88464,34.90291]]],[[[139.88542,34.90299],[139.88552,34.90295],[139.8855,34.90294],[139.88542,34.90299]]],[[[139.87372,34.90302],[139.87369,34.90296],[139.87365,34.90304],[139.87372,34.90302]]],[[[139.88553,34.90325],[139.88523,34.90276],[139.88471,34.90311],[139.88553,34.90325]]],[[[139.88471,34.903],[139.88466,34.90304],[139.88469,34.90307],[139.88471,34.903]]],[[[139.88552,34.90309],[139.88554,34.90312],[139.88561,34.90304],[139.88552,34.90309]]],[[[139.87483,34.90305],[139.875,34.90304],[139.87496,34.90302],[139.87483,34.90305]]],[[[139.87575,34.90312],[139.8759,34.90309],[139.87585,34.90299],[139.87575,34.90312]]],[[[139.87506,34.90316],[139.87527,34.90313],[139.87514,34.90303],[139.87506,34.90316]]],[[[139.88115,34.90316],[139.88118,34.90302],[139.88088,34.90303],[139.88115,34.90316]]],[[[139.88152,34.90305],[139.88123,34.9031],[139.88125,34.90317],[139.88152,34.90305]]],[[[139.87523,34.90308],[139.87567,34.90316],[139.87558,34.90305],[139.87523,34.90308]]],[[[139.87714,34.90311],[139.87704,34.90308],[139.877,34.90314],[139.87714,34.90311]]],[[[139.89157,34.9031],[139.89153,34.90316],[139.89157,34.90318],[139.89157,34.9031]]],[[[139.89079,34.90315],[139.89085,34.90318],[139.89088,34.90314],[139.89079,34.90315]]],[[[139.88247,34.90305],[139.88212,34.90304],[139.88225,34.90334],[139.88247,34.90305]]],[[[139.88582,34.90325],[139.88609,34.90323],[139.88609,34.90317],[139.88582,34.90325]]],[[[139.87783,34.90316],[139.87779,34.90322],[139.87789,34.90325],[139.87783,34.90316]]],[[[139.8799,34.90319],[139.87991,34.90323],[139.87997,34.90323],[139.8799,34.90319]]],[[[139.87682,34.9033],[139.87689,34.90326],[139.87673,34.90312],[139.87682,34.9033]]],[[[139.87401,34.90338],[139.87414,34.90342],[139.87431,34.90324],[139.87399,34.90304],[139.87401,34.90338]]],[[[139.89467,34.90338],[139.89482,34.90356],[139.89583,34.90326],[139.89526,34.90299],[139.89467,34.90338]]],[[[139.89422,34.90323],[139.89414,34.90326],[139.89425,34.90331],[139.89422,34.90323]]],[[[139.87392,34.90343],[139.87379,34.9032],[139.87368,34.90324],[139.87392,34.90343]]],[[[139.8916,34.90333],[139.89143,34.9033],[139.89144,34.90339],[139.8916,34.90333]]],[[[139.87976,34.9034],[139.87976,34.90331],[139.87954,34.90327],[139.87976,34.9034]]],[[[139.87511,34.9034],[139.87511,34.90342],[139.87527,34.90337],[139.87511,34.9034]]],[[[139.8755,34.90341],[139.87557,34.90339],[139.87554,34.90335],[139.8755,34.90341]]],[[[139.87932,34.90347],[139.87948,34.90347],[139.87905,34.90336],[139.87932,34.90347]]],[[[139.88598,34.9034],[139.88601,34.90344],[139.88606,34.90336],[139.88598,34.9034]]],[[[139.89371,34.90335],[139.89344,34.90339],[139.89351,34.90342],[139.89371,34.90335]]],[[[139.8736,34.90337],[139.87356,34.9034],[139.87364,34.90343],[139.87373,34.90339],[139.8736,34.90337]]],[[[139.89087,34.90333],[139.89058,34.90349],[139.89077,34.9035],[139.89087,34.90333]]],[[[139.87468,34.90345],[139.87472,34.90342],[139.87464,34.90341],[139.87468,34.90345]]],[[[139.87511,34.90351],[139.87529,34.90345],[139.87525,34.90343],[139.87511,34.90351]]],[[[139.87876,34.90342],[139.87874,34.90336],[139.87846,34.90344],[139.87876,34.90342]]],[[[139.87549,34.90355],[139.87554,34.9035],[139.87549,34.9035],[139.87549,34.90355]]],[[[139.87569,34.90356],[139.87576,34.90355],[139.87575,34.90351],[139.87569,34.90356]]],[[[139.87511,34.90355],[139.87523,34.90355],[139.87521,34.90352],[139.87511,34.90355]]],[[[139.8745,34.90359],[139.87467,34.90357],[139.87461,34.90353],[139.8745,34.90359]]],[[[139.89184,34.90361],[139.89192,34.90351],[139.89154,34.90357],[139.89184,34.90361]]],[[[139.89112,34.90358],[139.8911,34.90363],[139.89113,34.90364],[139.89112,34.90358]]],[[[139.89333,34.90365],[139.8934,34.90359],[139.89336,34.90357],[139.89333,34.90365]]],[[[139.89137,34.90358],[139.89135,34.90366],[139.89139,34.90366],[139.89137,34.90358]]],[[[139.89552,34.90359],[139.89537,34.90366],[139.89551,34.90369],[139.89552,34.90359]]],[[[139.89228,34.90342],[139.89293,34.90423],[139.89359,34.90414],[139.89228,34.90342]]],[[[139.89296,34.90321],[139.89219,34.90331],[139.89228,34.90342],[139.89296,34.90321]]],[[[139.87546,34.90374],[139.87547,34.90369],[139.87537,34.9037],[139.87546,34.90374]]],[[[139.89879,34.9037],[139.89875,34.90374],[139.8988,34.90383],[139.89879,34.9037]]],[[[139.89847,34.90377],[139.89849,34.90381],[139.89859,34.90375],[139.89847,34.90377]]],[[[139.87644,34.90386],[139.87631,34.90379],[139.87623,34.90392],[139.87644,34.90386]]],[[[139.89893,34.90385],[139.89891,34.90388],[139.89908,34.9039],[139.89893,34.90385]]],[[[139.87546,34.90377],[139.87525,34.90395],[139.8756,34.90401],[139.87546,34.90377]]],[[[139.89894,34.90396],[139.89893,34.90402],[139.89899,34.90403],[139.89894,34.90396]]],[[[139.89838,34.90405],[139.89841,34.9041],[139.89847,34.90408],[139.89838,34.90405]]],[[[139.87603,34.90415],[139.8762,34.90408],[139.87608,34.90399],[139.87603,34.90415]]],[[[139.89865,34.90411],[139.89861,34.9042],[139.8987,34.90418],[139.89865,34.90411]]],[[[139.89827,34.90423],[139.8981,34.90428],[139.89851,34.90427],[139.89827,34.90423]]],[[[139.89673,34.90432],[139.89723,34.9044],[139.89695,34.90432],[139.89673,34.90432]]],[[[139.89035,34.90431],[139.8926,34.90511],[139.89262,34.90477],[139.89326,34.90492],[139.89203,34.90349],[139.89196,34.90368],[139.89035,34.90431]]],[[[139.89668,34.90436],[139.89658,34.90437],[139.89661,34.90442],[139.89668,34.90436]]],[[[139.89848,34.90467],[139.8985,34.90479],[139.89856,34.90467],[139.89848,34.90467]]],[[[139.89821,34.9047],[139.89829,34.9047],[139.89825,34.90466],[139.89821,34.9047]]],[[[139.89685,34.90473],[139.89683,34.90479],[139.89711,34.9047],[139.89685,34.90473]]],[[[139.89897,34.90525],[139.89894,34.90527],[139.89903,34.90532],[139.89897,34.90525]]],[[[139.89893,34.90528],[139.89891,34.9053],[139.89893,34.90534],[139.89893,34.90528]]],[[[139.89351,34.90547],[139.89348,34.90546],[139.89344,34.90569],[139.89351,34.90547]]],[[[139.89326,35.37312],[139.89331,35.37314],[139.89334,35.37309],[139.89326,35.37312]]],[[[139.89397,35.37346],[139.89402,35.37338],[139.89388,35.37333],[139.89397,35.37346]]],[[[139.8946,35.37373],[139.89465,35.37365],[139.89452,35.3736],[139.8946,35.37373]]],[[[139.8951,35.37395],[139.89523,35.374],[139.89528,35.37392],[139.8951,35.37395]]],[[[139.89576,35.37423],[139.89585,35.37427],[139.8959,35.37419],[139.89576,35.37423]]],[[[139.89639,35.37449],[139.89648,35.37453],[139.89654,35.37445],[139.89639,35.37449]]],[[[139.89706,35.37475],[139.89712,35.37477],[139.89715,35.37472],[139.89706,35.37475]]],[[[139.86966,35.37682],[139.86966,35.37688],[139.8821,35.37687],[139.86966,35.37682]]],[[[139.8899,35.37681],[139.88244,35.37681],[139.88988,35.37687],[139.89197,35.37769],[139.8899,35.37681]]],[[[139.89226,35.37789],[139.89682,35.37983],[139.89685,35.37977],[139.89226,35.37789]]],[[[139.89102,35.45286],[139.89089,35.45276],[139.89078,35.45283],[139.89102,35.45286]]],[[[139.88927,35.45406],[139.88942,35.45396],[139.88926,35.45386],[139.88927,35.45406]]],[[[139.88715,35.45532],[139.88722,35.45543],[139.88737,35.45533],[139.88715,35.45532]]],[[[139.8876,35.45554],[139.88744,35.45564],[139.88758,35.45574],[139.8876,35.45554]]],[[[139.88565,35.45704],[139.88557,35.45694],[139.88542,35.45704],[139.88565,35.45704]]],[[[139.88397,35.45803],[139.88381,35.45814],[139.88397,35.45822],[139.88397,35.45803]]],[[[139.8722,35.46538],[139.87277,35.46593],[139.8745,35.46516],[139.87908,35.46176],[139.87838,35.46108],[139.8722,35.46538]]],[[[139.90203,34.90235],[139.9021,34.90241],[139.90213,34.9023],[139.90203,34.90235]]],[[[139.91403,34.90297],[139.91385,34.90301],[139.91395,34.90329],[139.91403,34.90297]]],[[[139.91367,34.90322],[139.91384,34.9033],[139.91382,34.90302],[139.91367,34.90322]]],[[[139.91387,34.90356],[139.91396,34.90349],[139.91386,34.90343],[139.91387,34.90356]]],[[[139.90348,34.90375],[139.90355,34.90371],[139.90349,34.90365],[139.90348,34.90375]]],[[[139.90199,34.90379],[139.9019,34.90378],[139.90188,34.90384],[139.90199,34.90379]]],[[[139.90656,34.90374],[139.90597,34.9037],[139.90603,34.90386],[139.90656,34.90374]]],[[[139.90561,34.90386],[139.90558,34.90391],[139.90592,34.90393],[139.90561,34.90386]]],[[[139.90409,34.90396],[139.90409,34.90392],[139.90398,34.90386],[139.90409,34.90396]]],[[[139.90196,34.90396],[139.90199,34.90388],[139.90193,34.9039],[139.90196,34.90396]]],[[[139.9017,34.90394],[139.9017,34.90392],[139.90161,34.90397],[139.9017,34.90394]]],[[[139.90438,34.90401],[139.90456,34.90401],[139.90455,34.90399],[139.90438,34.90401]]],[[[139.90592,34.90406],[139.90558,34.904],[139.90574,34.90411],[139.90594,34.90409],[139.90592,34.90406]]],[[[139.90163,34.90402],[139.90165,34.9041],[139.90175,34.90408],[139.90163,34.90402]]],[[[139.90191,34.90405],[139.90181,34.90404],[139.9018,34.90409],[139.90191,34.90405]]],[[[139.90349,34.90408],[139.90338,34.90408],[139.9034,34.90411],[139.90349,34.90408]]],[[[139.90298,34.90407],[139.90225,34.90398],[139.90226,34.90414],[139.90298,34.90407]]],[[[139.90121,34.9042],[139.90114,34.90414],[139.90109,34.90417],[139.90121,34.9042]]],[[[139.90131,34.90427],[139.90134,34.90427],[139.90127,34.90419],[139.90131,34.90427]]],[[[139.90708,34.90417],[139.90679,34.90422],[139.90708,34.9043],[139.90708,34.90417]]],[[[139.90637,34.90419],[139.90616,34.90424],[139.90642,34.9043],[139.90637,34.90419]]],[[[139.90104,34.90429],[139.9011,34.90422],[139.90105,34.90421],[139.90104,34.90429]]],[[[139.90657,34.90423],[139.9065,34.90422],[139.9065,34.90427],[139.90657,34.90423]]],[[[139.90672,34.90432],[139.90667,34.90424],[139.90665,34.90427],[139.90672,34.90432]]],[[[139.90122,34.90409],[139.90205,34.9046],[139.90271,34.90455],[139.90122,34.90409]]],[[[139.90745,34.90432],[139.90734,34.90433],[139.90736,34.90436],[139.90745,34.90432]]],[[[139.90405,34.90432],[139.90416,34.90427],[139.90382,34.90438],[139.90405,34.90432]]],[[[139.90529,34.90428],[139.9052,34.90426],[139.90509,34.9044],[139.90529,34.90428]]],[[[139.91416,34.90437],[139.91408,34.90435],[139.91404,34.90442],[139.91416,34.90437]]],[[[139.90007,34.90444],[139.90016,34.9044],[139.90013,34.90438],[139.90007,34.90444]]],[[[139.90373,34.90439],[139.90373,34.90448],[139.90376,34.90447],[139.90373,34.90439]]],[[[139.90723,34.9044],[139.90701,34.90438],[139.90718,34.90447],[139.90723,34.9044]]],[[[139.90489,34.9044],[139.90478,34.90439],[139.90479,34.90442],[139.90489,34.9044]]],[[[139.90096,34.90449],[139.90098,34.90441],[139.90094,34.90442],[139.90096,34.90449]]],[[[139.90551,34.90464],[139.90585,34.90453],[139.9054,34.90429],[139.90551,34.90464]]],[[[139.90077,34.90455],[139.90086,34.90446],[139.90082,34.90445],[139.90077,34.90455]]],[[[139.90595,34.90467],[139.90598,34.90468],[139.90594,34.90459],[139.90595,34.90467]]],[[[139.90308,34.90464],[139.90309,34.90462],[139.90298,34.90462],[139.90308,34.90464]]],[[[139.90377,34.90469],[139.904,34.90468],[139.90394,34.90461],[139.90377,34.90469]]],[[[139.9079,34.90465],[139.90769,34.9046],[139.9077,34.90465],[139.9079,34.90465]]],[[[139.90551,34.90473],[139.90553,34.90472],[139.90544,34.90467],[139.90551,34.90473]]],[[[139.90399,34.90472],[139.90401,34.90476],[139.90419,34.90472],[139.90399,34.90472]]],[[[139.90318,34.9046],[139.90306,34.90468],[139.90279,34.9047],[139.90328,34.90474],[139.90318,34.9046]]],[[[139.90039,34.90474],[139.90047,34.90476],[139.90044,34.90472],[139.90039,34.90474]]],[[[139.90455,34.90475],[139.90457,34.90479],[139.90464,34.9047],[139.90455,34.90475]]],[[[139.90451,34.90465],[139.90429,34.90467],[139.90417,34.90483],[139.90451,34.90465]]],[[[139.9001,34.90476],[139.90038,34.90478],[139.90033,34.9047],[139.89998,34.90473],[139.9001,34.90476]]],[[[139.90479,34.90471],[139.90468,34.9048],[139.90529,34.90479],[139.90479,34.90471]]],[[[139.90829,34.90489],[139.908,34.90479],[139.908,34.90489],[139.90829,34.90489]]],[[[139.90368,34.90495],[139.9038,34.90489],[139.90376,34.90487],[139.90368,34.90495]]],[[[139.90403,34.90502],[139.90403,34.90491],[139.90392,34.90495],[139.90403,34.90502]]],[[[139.90383,34.90506],[139.9039,34.905],[139.90386,34.90496],[139.90383,34.90506]]],[[[139.90334,34.90505],[139.90329,34.90502],[139.90326,34.90506],[139.90334,34.90505]]],[[[139.91791,34.9051],[139.91789,34.90502],[139.91766,34.90505],[139.91791,34.9051]]],[[[139.89968,34.90518],[139.89935,34.90505],[139.89932,34.90511],[139.89968,34.90518]]],[[[139.91578,34.90515],[139.91592,34.90514],[139.9159,34.90509],[139.91578,34.90515]]],[[[139.9084,34.90496],[139.90835,34.90505],[139.90914,34.90534],[139.9084,34.90496]]],[[[139.91621,34.90524],[139.91621,34.90528],[139.9164,34.9054],[139.91621,34.90524]]],[[[139.91515,34.90538],[139.91531,34.90535],[139.9153,34.90529],[139.91515,34.90538]]],[[[139.91751,34.90536],[139.91736,34.90531],[139.91733,34.90542],[139.91751,34.90536]]],[[[139.918,34.9053],[139.91786,34.90546],[139.91839,34.90549],[139.918,34.9053]]],[[[139.9156,34.90532],[139.91548,34.90535],[139.91566,34.90552],[139.91602,34.90548],[139.9156,34.90532]]],[[[139.9152,34.90553],[139.91488,34.90562],[139.91529,34.90573],[139.9152,34.90553]]],[[[139.91274,34.9059],[139.91278,34.90584],[139.91265,34.90583],[139.91274,34.9059]]],[[[139.91739,34.90593],[139.91748,34.90589],[139.91745,34.90587],[139.91739,34.90593]]],[[[139.91688,34.90599],[139.91696,34.90617],[139.91701,34.90615],[139.91688,34.90599]]],[[[139.91874,34.90615],[139.9191,34.90608],[139.91885,34.906],[139.91874,34.90615]]],[[[139.91228,34.9061],[139.91224,34.90606],[139.91217,34.90609],[139.91228,34.9061]]],[[[139.91667,34.90619],[139.91673,34.90617],[139.91656,34.90608],[139.91667,34.90619]]],[[[139.91795,34.90611],[139.91793,34.9061],[139.91789,34.90618],[139.91795,34.90611]]],[[[139.91145,34.90621],[139.9117,34.90625],[139.91168,34.9062],[139.91145,34.90621]]],[[[139.91648,34.90631],[139.91657,34.90631],[139.91648,34.90615],[139.91648,34.90631]]],[[[139.91188,34.90624],[139.91191,34.90628],[139.91202,34.90626],[139.91188,34.90624]]],[[[139.91753,34.90629],[139.91762,34.90625],[139.91759,34.90623],[139.91753,34.90629]]],[[[139.91711,34.90631],[139.91718,34.90632],[139.91718,34.90626],[139.91711,34.90631]]],[[[139.91403,34.90631],[139.9141,34.90634],[139.91417,34.90631],[139.91403,34.90631]]],[[[139.91642,34.90628],[139.91632,34.90631],[139.91635,34.90633],[139.91642,34.90628]]],[[[139.91428,34.90627],[139.91419,34.90625],[139.91424,34.90637],[139.91428,34.90627]]],[[[139.91126,34.90631],[139.91123,34.90636],[139.91134,34.90639],[139.91126,34.90631]]],[[[139.9168,34.90635],[139.91667,34.90643],[139.91678,34.90647],[139.9168,34.90635]]],[[[139.91436,34.90644],[139.91443,34.90645],[139.91442,34.90638],[139.91436,34.90644]]],[[[139.91732,34.90635],[139.91722,34.90643],[139.91732,34.90649],[139.91732,34.90635]]],[[[139.91501,34.90621],[139.91473,34.90637],[139.91507,34.90664],[139.91501,34.90621]]],[[[139.91586,34.90643],[139.91578,34.90636],[139.91577,34.90638],[139.91586,34.90643]]],[[[139.913,34.9065],[139.91322,34.90657],[139.91319,34.9065],[139.913,34.9065]]],[[[139.91481,34.90654],[139.91468,34.90648],[139.91468,34.9065],[139.91481,34.90654]]],[[[139.91427,34.9066],[139.9142,34.90654],[139.91419,34.90658],[139.91427,34.9066]]],[[[139.91378,34.90664],[139.9137,34.90659],[139.91365,34.90663],[139.91378,34.90664]]],[[[139.91704,34.90664],[139.91699,34.90665],[139.91702,34.90669],[139.91703,34.90669],[139.91704,34.90664]]],[[[139.91684,34.90667],[139.91679,34.90665],[139.91678,34.9067],[139.91684,34.90667]]],[[[139.91376,34.90676],[139.91385,34.90671],[139.91382,34.90669],[139.91376,34.90676]]],[[[139.91291,34.90671],[139.91283,34.90676],[139.91285,34.90678],[139.91291,34.90671]]],[[[139.91963,34.90676],[139.91963,34.90674],[139.91953,34.90677],[139.91963,34.90676]]],[[[139.9194,34.9068],[139.91936,34.90689],[139.9194,34.90689],[139.9194,34.9068]]],[[[139.91275,34.90688],[139.91267,34.9068],[139.91264,34.90681],[139.91275,34.90688]]],[[[139.91035,34.90686],[139.91033,34.90695],[139.91045,34.9069],[139.91035,34.90686]]],[[[139.91073,34.90691],[139.91064,34.90688],[139.9106,34.90695],[139.91073,34.90691]]],[[[139.91256,34.9069],[139.91254,34.9069],[139.9126,34.90698],[139.91256,34.9069]]],[[[139.91299,34.90696],[139.91317,34.90705],[139.91321,34.90694],[139.91299,34.90696]]],[[[139.91968,34.90697],[139.91948,34.90704],[139.91953,34.90707],[139.91968,34.90697]]],[[[139.91861,34.90707],[139.91863,34.90698],[139.9186,34.90698],[139.91861,34.90707]]],[[[139.91871,34.90699],[139.91865,34.90707],[139.91868,34.90708],[139.91871,34.90699]]],[[[139.91998,34.90703],[139.91992,34.90703],[139.91992,34.90706],[139.91998,34.90703]]],[[[139.91815,34.90709],[139.91818,34.907],[139.91813,34.90702],[139.91815,34.90709]]],[[[139.91877,34.90715],[139.9189,34.90701],[139.91884,34.90701],[139.91877,34.90715]]],[[[139.9128,34.90715],[139.91268,34.90705],[139.91267,34.90707],[139.9128,34.90715]]],[[[139.91941,34.90709],[139.91937,34.90712],[139.9194,34.90714],[139.91941,34.90709]]],[[[139.91853,34.90713],[139.91854,34.90717],[139.91858,34.90717],[139.91853,34.90713]]],[[[139.91871,34.90711],[139.9187,34.90709],[139.91862,34.90715],[139.91871,34.90711]]],[[[139.91886,34.90709],[139.91879,34.90719],[139.91882,34.90719],[139.91886,34.90709]]],[[[139.91257,34.90719],[139.91272,34.90722],[139.9127,34.90718],[139.91257,34.90719]]],[[[139.91928,34.90721],[139.91927,34.90716],[139.91923,34.90717],[139.91928,34.90721]]],[[[139.91223,34.90718],[139.91215,34.90712],[139.91214,34.90714],[139.91223,34.90718]]],[[[139.91229,34.90722],[139.9124,34.90722],[139.91238,34.90719],[139.91229,34.90722]]],[[[139.91869,34.90726],[139.91874,34.90719],[139.9187,34.90718],[139.91869,34.90726]]],[[[139.91892,34.90729],[139.91899,34.90727],[139.91901,34.90719],[139.91892,34.90729]]],[[[139.91901,34.90734],[139.91915,34.9073],[139.91911,34.90728],[139.91901,34.90734]]],[[[139.92031,34.90721],[139.92024,34.90729],[139.92022,34.90732],[139.92007,34.90738],[139.92002,34.9075],[139.92031,34.90739],[139.92031,34.90721]]],[[[139.9187,34.90734],[139.91864,34.90736],[139.91866,34.90739],[139.9187,34.90734]]],[[[139.91931,34.90745],[139.91926,34.90748],[139.91929,34.90751],[139.91931,34.90745]]],[[[139.91921,34.90746],[139.91913,34.90758],[139.91921,34.90757],[139.91921,34.90746]]],[[[139.91998,34.90759],[139.92008,34.90755],[139.92004,34.90753],[139.91998,34.90759]]],[[[139.92036,34.90766],[139.92036,34.90757],[139.92032,34.90759],[139.92036,34.90766]]],[[[139.92049,34.90762],[139.92037,34.90764],[139.92037,34.90767],[139.92049,34.90762]]],[[[139.91993,34.90769],[139.91994,34.90776],[139.92013,34.90759],[139.91993,34.90769]]],[[[139.92064,34.90777],[139.92058,34.90779],[139.92062,34.90783],[139.92064,34.90777]]],[[[139.92026,34.90784],[139.92032,34.90777],[139.92022,34.90775],[139.92026,34.90784]]],[[[139.92034,34.90796],[139.92056,34.90794],[139.92052,34.9079],[139.92034,34.90796]]],[[[139.91986,34.9082],[139.91984,34.90829],[139.91987,34.90828],[139.91986,34.9082]]],[[[139.91975,34.90822],[139.91966,34.90827],[139.91968,34.90829],[139.91975,34.90822]]],[[[139.91965,34.90834],[139.91961,34.90831],[139.91958,34.90834],[139.91965,34.90834]]],[[[139.9196,34.90847],[139.91972,34.9085],[139.91973,34.90848],[139.9196,34.90847]]],[[[139.91118,35.38605],[139.91312,35.3855],[139.91227,35.38419],[139.91123,35.38474],[139.9082,35.38725],[139.91023,35.38586],[139.91118,35.38605]]],[[[139.91763,35.38885],[139.91444,35.38813],[139.91441,35.38767],[139.91409,35.38845],[139.9179,35.38929],[139.91763,35.38885]]],[[[139.90136,35.41546],[139.90116,35.41548],[139.90159,35.41547],[139.90136,35.41546]]],[[[139.90018,35.41633],[139.901,35.41581],[139.90018,35.41608],[139.9,35.41662],[139.90018,35.41633]]],[[[139.89938,35.41818],[139.89955,35.41831],[139.89953,35.41822],[139.89938,35.41818]]],[[[139.9011,35.42763],[139.90116,35.42763],[139.90115,35.42752],[139.9011,35.42763]]],[[[139.91166,35.4364],[139.91218,35.43671],[139.91212,35.43639],[139.91166,35.4364]]],[[[139.92113,34.90597],[139.92116,34.90594],[139.92101,34.90586],[139.92113,34.90597]]],[[[139.92084,34.90622],[139.9206,34.90657],[139.92123,34.90639],[139.92084,34.90622]]],[[[139.92069,34.90714],[139.92075,34.90703],[139.92071,34.90703],[139.92069,34.90714]]],[[[139.92075,34.90743],[139.92085,34.9074],[139.92081,34.90738],[139.92075,34.90743]]],[[[139.92131,34.90752],[139.92119,34.90754],[139.92119,34.90756],[139.92131,34.90752]]],[[[139.92217,34.90785],[139.9222,34.90779],[139.92207,34.90778],[139.92217,34.90785]]],[[[139.9217,34.90786],[139.9217,34.90793],[139.92189,34.9079],[139.9217,34.90786]]],[[[139.92694,34.90955],[139.92703,34.90948],[139.92683,34.90947],[139.92694,34.90955]]],[[[139.92975,34.91049],[139.92984,34.90952],[139.92882,34.90857],[139.92975,34.9097],[139.92975,34.91049]]],[[[139.9266,34.9099],[139.92729,34.9099],[139.92616,34.90934],[139.9266,34.9099]]],[[[139.92395,34.9097],[139.92401,34.90965],[139.9239,34.90963],[139.92395,34.9097]]],[[[139.9242,34.90994],[139.92449,34.9099],[139.92339,34.90967],[139.9242,34.90994]]],[[[139.92266,34.90982],[139.92264,34.90986],[139.92276,34.9099],[139.92266,34.90982]]],[[[139.92249,34.90998],[139.92235,34.90976],[139.9223,34.90986],[139.92249,34.90998]]],[[[139.92836,34.91001],[139.92839,34.90997],[139.92816,34.90989],[139.92836,34.91001]]],[[[139.9229,34.91008],[139.92305,34.91025],[139.92313,34.90995],[139.9229,34.91008]]],[[[139.92121,34.90984],[139.92108,34.90972],[139.92115,34.91035],[139.92121,34.90984]]],[[[139.92257,34.91006],[139.92278,34.91031],[139.92286,34.91028],[139.92257,34.91006]]],[[[139.93126,34.91024],[139.93132,34.91019],[139.93126,34.91018],[139.93126,34.91024]]],[[[139.93237,34.91045],[139.93236,34.91052],[139.9324,34.91051],[139.93237,34.91045]]],[[[139.93045,34.91041],[139.93035,34.91048],[139.93066,34.91076],[139.93045,34.91041]]],[[[139.93151,34.91069],[139.93171,34.91077],[139.93174,34.91075],[139.93151,34.91069]]],[[[139.93086,34.91079],[139.93085,34.91073],[139.93075,34.91076],[139.93086,34.91079]]],[[[139.9312,34.91094],[139.93152,34.91097],[139.93148,34.91086],[139.93098,34.91069],[139.9312,34.91094]]],[[[139.9304,34.91103],[139.93069,34.91107],[139.93042,34.91095],[139.9304,34.91103]]],[[[139.92976,34.91099],[139.92963,34.91099],[139.92966,34.91103],[139.92976,34.91099]]],[[[139.92966,34.9111],[139.92975,34.91109],[139.9296,34.91102],[139.92966,34.9111]]],[[[139.92963,34.91118],[139.93143,34.91113],[139.92957,34.91111],[139.92946,34.91102],[139.92963,34.91118]]],[[[139.93023,34.91121],[139.93019,34.91122],[139.93023,34.9113],[139.93023,34.91121]]],[[[139.93078,34.91122],[139.93058,34.91125],[139.93066,34.91131],[139.93078,34.91122]]],[[[139.92943,34.91133],[139.9296,34.91134],[139.92946,34.91131],[139.92943,34.91133]]],[[[139.92921,34.9124],[139.92917,34.91241],[139.92925,34.91249],[139.92921,34.9124]]],[[[139.93012,34.9125],[139.92999,34.91258],[139.93006,34.91263],[139.93012,34.9125]]],[[[139.93145,34.91264],[139.93153,34.91261],[139.93131,34.91253],[139.93145,34.91264]]],[[[139.93111,34.9126],[139.93097,34.9126],[139.93098,34.91262],[139.93111,34.9126]]],[[[139.93008,34.91266],[139.93016,34.91267],[139.93017,34.9126],[139.93008,34.91266]]],[[[139.93176,34.91276],[139.9322,34.91281],[139.93214,34.91274],[139.93176,34.91276]]],[[[139.93139,34.9129],[139.93137,34.91287],[139.93134,34.91291],[139.93139,34.9129]]],[[[139.93247,34.91294],[139.93229,34.91292],[139.93227,34.91295],[139.93247,34.91294]]],[[[139.93201,34.91304],[139.93196,34.91305],[139.93202,34.91315],[139.93201,34.91304]]],[[[139.93214,34.91324],[139.93195,34.91329],[139.93204,34.91335],[139.93214,34.91324]]],[[[139.93221,34.91326],[139.93214,34.91337],[139.93234,34.9134],[139.93221,34.91326]]],[[[139.933,34.91344],[139.93303,34.91337],[139.9328,34.91342],[139.933,34.91344]]],[[[139.93227,34.91348],[139.93217,34.91347],[139.93216,34.91353],[139.93227,34.91348]]],[[[139.93303,34.91368],[139.93323,34.91374],[139.93323,34.91366],[139.93303,34.91368]]],[[[139.93237,34.91394],[139.93244,34.91352],[139.93219,34.9136],[139.93237,34.91394]]],[[[139.93247,34.91379],[139.93254,34.91392],[139.93266,34.91379],[139.93247,34.91379]]],[[[139.93254,34.91392],[139.93244,34.91389],[139.93249,34.91399],[139.93264,34.91396],[139.93254,34.91392]]],[[[139.93316,34.91399],[139.93321,34.91395],[139.93316,34.91391],[139.93316,34.91399]]],[[[139.93302,34.91395],[139.93296,34.91395],[139.93299,34.91405],[139.93302,34.91395]]],[[[139.93337,34.91401],[139.93345,34.9141],[139.9335,34.91409],[139.93337,34.91401]]],[[[139.93247,34.91425],[139.93251,34.91426],[139.93256,34.9141],[139.93247,34.91425]]],[[[139.93317,34.91417],[139.93306,34.91413],[139.93303,34.91417],[139.93317,34.91417]]],[[[139.93265,34.91427],[139.93267,34.9144],[139.93288,34.9143],[139.93265,34.91427]]],[[[139.93354,34.91425],[139.93338,34.91443],[139.93365,34.9144],[139.93354,34.91425]]],[[[139.93506,34.91447],[139.93527,34.91445],[139.93516,34.91424],[139.93506,34.91447]]],[[[139.93528,34.91437],[139.93531,34.91445],[139.93542,34.91443],[139.93528,34.91437]]],[[[139.93594,34.91464],[139.93618,34.9147],[139.93569,34.91429],[139.93594,34.91464]]],[[[139.93571,34.91447],[139.93562,34.91443],[139.93575,34.91463],[139.93571,34.91447]]],[[[139.93832,34.91505],[139.93847,34.91499],[139.93817,34.91484],[139.93803,34.91494],[139.93832,34.91505]]],[[[139.93597,34.9149],[139.93614,34.91504],[139.93611,34.91496],[139.93597,34.9149]]],[[[139.93902,34.91489],[139.93892,34.91491],[139.93916,34.91514],[139.93902,34.91489]]],[[[139.93925,34.91519],[139.93913,34.91517],[139.9392,34.91529],[139.93925,34.91519]]],[[[139.93807,34.91547],[139.93755,34.91543],[139.93764,34.91559],[139.93807,34.91547]]],[[[139.93765,34.91563],[139.93753,34.91567],[139.93759,34.91581],[139.93765,34.91563]]],[[[139.93781,34.91586],[139.93797,34.91587],[139.93793,34.91582],[139.93781,34.91586]]],[[[139.93803,34.91581],[139.93799,34.91582],[139.93813,34.91591],[139.93803,34.91581]]],[[[139.93689,34.91589],[139.93687,34.91587],[139.93684,34.91596],[139.93689,34.91589]]],[[[139.9379,34.91591],[139.9378,34.91594],[139.93781,34.91596],[139.9379,34.91591]]],[[[139.93633,34.91597],[139.93628,34.91599],[139.9363,34.91602],[139.93633,34.91597]]],[[[139.93849,34.91638],[139.93841,34.91631],[139.93831,34.91641],[139.93849,34.91638]]],[[[139.93872,34.91657],[139.9387,34.91641],[139.93843,34.91651],[139.93872,34.91657]]],[[[139.93972,34.91697],[139.93993,34.91706],[139.9399,34.91684],[139.93972,34.91697]]],[[[139.94254,34.91687],[139.942,34.91685],[139.94205,34.91701],[139.94254,34.91687]]],[[[139.94023,34.91701],[139.94003,34.91686],[139.94011,34.91699],[139.94023,34.91701]]],[[[139.9423,34.91783],[139.94232,34.91789],[139.9424,34.91786],[139.9423,34.91783]]],[[[139.94217,34.91833],[139.94222,34.91831],[139.94211,34.91822],[139.94217,34.91833]]],[[[139.94219,34.9184],[139.94211,34.9184],[139.94211,34.91842],[139.94219,34.9184]]],[[[139.94206,34.91854],[139.94219,34.91872],[139.94225,34.91862],[139.94206,34.91854]]],[[[139.94242,34.91861],[139.94238,34.91862],[139.94252,34.91877],[139.94242,34.91861]]],[[[139.94222,34.91873],[139.94236,34.91872],[139.94228,34.91866],[139.94222,34.91873]]],[[[139.9427,34.9189],[139.94265,34.91888],[139.94264,34.91898],[139.9427,34.9189]]],[[[139.94283,34.91896],[139.94295,34.91914],[139.94302,34.9191],[139.94283,34.91896]]],[[[139.94226,34.91917],[139.94238,34.91925],[139.94236,34.91918],[139.94226,34.91917]]],[[[139.94241,34.91935],[139.94251,34.91932],[139.94241,34.91928],[139.94241,34.91935]]],[[[139.94319,34.91954],[139.94326,34.91952],[139.94315,34.9194],[139.94319,34.91954]]],[[[139.94259,34.91946],[139.94268,34.91955],[139.94273,34.91948],[139.94259,34.91946]]],[[[139.94306,34.91972],[139.94289,34.9196],[139.94287,34.91965],[139.94306,34.91972]]],[[[139.94282,34.91993],[139.94266,34.92],[139.94273,34.92007],[139.94282,34.91993]]],[[[139.94291,34.92077],[139.94275,34.9208],[139.94282,34.92085],[139.94291,34.92077]]],[[[139.94286,34.921],[139.94275,34.92094],[139.94284,34.92104],[139.94286,34.921]]],[[[139.94261,34.92148],[139.94248,34.92136],[139.94256,34.92149],[139.94261,34.92148]]],[[[139.94236,34.9218],[139.94217,34.92191],[139.94221,34.92198],[139.94236,34.9218]]],[[[139.94648,34.92268],[139.94642,34.92257],[139.94631,34.92262],[139.94648,34.92268]]],[[[139.94595,34.92278],[139.94589,34.92294],[139.94616,34.92286],[139.94595,34.92278]]],[[[139.94672,34.92291],[139.94663,34.92282],[139.94661,34.92291],[139.94672,34.92291]]],[[[139.94478,34.92296],[139.945,34.92297],[139.94494,34.92287],[139.94478,34.92296]]],[[[139.94625,34.92314],[139.94601,34.92309],[139.94604,34.92327],[139.94625,34.92314]]],[[[139.94554,34.92323],[139.94559,34.92313],[139.94546,34.92311],[139.94554,34.92323]]],[[[139.94676,34.92306],[139.94668,34.92325],[139.94697,34.92326],[139.94676,34.92306]]],[[[139.94522,34.92314],[139.94527,34.92322],[139.94532,34.92317],[139.94522,34.92314]]],[[[139.94511,34.92328],[139.94512,34.9232],[139.94498,34.92316],[139.94511,34.92328]]],[[[139.94647,34.92344],[139.94637,34.92344],[139.94637,34.92356],[139.94647,34.92344]]],[[[139.94293,34.9235],[139.94286,34.92347],[139.94285,34.9235],[139.94293,34.9235]]],[[[139.94621,34.92372],[139.94609,34.92337],[139.94612,34.92374],[139.94621,34.92372]]],[[[139.94698,34.92364],[139.94703,34.92368],[139.94704,34.9236],[139.94698,34.92364]]],[[[139.94599,34.92369],[139.94599,34.92366],[139.94589,34.92366],[139.94599,34.92369]]],[[[139.94316,34.92369],[139.94306,34.92367],[139.94307,34.9237],[139.94316,34.92369]]],[[[139.94522,34.92377],[139.94523,34.9237],[139.94509,34.92368],[139.94522,34.92377]]],[[[139.946,34.92381],[139.94608,34.92379],[139.94598,34.92375],[139.946,34.92381]]],[[[139.94516,34.92385],[139.94536,34.92385],[139.94534,34.92382],[139.94516,34.92385]]],[[[139.94503,34.92387],[139.94515,34.92391],[139.94516,34.92389],[139.94503,34.92387]]],[[[139.94563,34.92395],[139.94574,34.92394],[139.94568,34.92389],[139.94563,34.92395]]],[[[139.94654,34.92411],[139.94634,34.92388],[139.94625,34.9241],[139.94654,34.92411]]],[[[139.94539,34.92393],[139.94536,34.92407],[139.94551,34.92415],[139.94539,34.92393]]],[[[139.94487,34.92404],[139.94479,34.92401],[139.94479,34.92403],[139.94487,34.92404]]],[[[139.94445,34.92402],[139.94446,34.92413],[139.94459,34.92406],[139.94445,34.92402]]],[[[139.94688,34.92426],[139.94693,34.9242],[139.94688,34.92419],[139.94688,34.92426]]],[[[139.94629,34.92437],[139.94641,34.92425],[139.94613,34.92424],[139.94629,34.92437]]],[[[139.94716,34.92524],[139.94713,34.9252],[139.94705,34.92524],[139.94716,34.92524]]],[[[139.94701,34.92541],[139.94707,34.92539],[139.94707,34.92538],[139.94701,34.92541]]],[[[139.94744,34.92547],[139.94751,34.92551],[139.94753,34.92546],[139.94744,34.92547]]],[[[139.94758,34.92557],[139.9475,34.92555],[139.94758,34.92565],[139.94758,34.92557]]],[[[139.94797,34.92579],[139.94783,34.92569],[139.94807,34.92589],[139.94797,34.92579]]],[[[139.9476,34.92584],[139.94765,34.92584],[139.94756,34.92576],[139.9476,34.92584]]],[[[139.94813,34.92579],[139.94821,34.92592],[139.94823,34.9258],[139.94813,34.92579]]],[[[139.94852,34.92582],[139.94833,34.92578],[139.94836,34.92593],[139.94852,34.92582]]],[[[139.94781,34.9259],[139.9477,34.92585],[139.94769,34.92588],[139.94781,34.9259]]],[[[139.94788,34.92588],[139.94784,34.92588],[139.9482,34.92605],[139.94788,34.92588]]],[[[139.9485,34.92611],[139.94846,34.92611],[139.94853,34.92619],[139.9485,34.92611]]],[[[139.94832,34.92618],[139.94827,34.92617],[139.94832,34.92625],[139.94832,34.92618]]],[[[139.94805,34.92645],[139.94816,34.92647],[139.94813,34.92642],[139.94805,34.92645]]],[[[139.94803,34.92705],[139.94815,34.92726],[139.94843,34.92705],[139.94803,34.92705]]],[[[139.94916,34.92712],[139.94907,34.92724],[139.94928,34.92724],[139.94916,34.92712]]],[[[139.94934,34.92726],[139.94939,34.92726],[139.94936,34.92711],[139.94934,34.92726]]],[[[139.94946,34.92735],[139.94941,34.9273],[139.94939,34.92733],[139.94946,34.92735]]],[[[139.94952,34.92804],[139.94944,34.92804],[139.94957,34.9283],[139.94952,34.92804]]],[[[139.94979,34.92848],[139.94988,34.92851],[139.94983,34.92836],[139.94979,34.92848]]],[[[139.92256,35.44062],[139.92255,35.44067],[139.92261,35.44068],[139.92256,35.44062]]],[[[139.92758,35.44082],[139.92812,35.4406],[139.92812,35.44059],[139.92758,35.44082]]],[[[139.93987,35.44274],[139.93993,35.44275],[139.93994,35.4427],[139.93987,35.44274]]],[[[139.9327,35.66634],[139.93272,35.66588],[139.93262,35.66648],[139.93643,35.66679],[139.9327,35.66634]]],[[[139.95139,34.92642],[139.95134,34.92637],[139.95121,34.92641],[139.95139,34.92642]]],[[[139.95051,34.92651],[139.95046,34.92642],[139.95036,34.92658],[139.95051,34.92651]]],[[[139.95097,34.92664],[139.95061,34.92668],[139.95091,34.92709],[139.95097,34.92664]]],[[[139.94989,34.92693],[139.95001,34.92699],[139.94997,34.9269],[139.94989,34.92693]]],[[[139.95123,34.9271],[139.95123,34.92719],[139.95132,34.92716],[139.95123,34.9271]]],[[[139.95145,34.92715],[139.95155,34.92741],[139.9517,34.92727],[139.95145,34.92715]]],[[[139.9499,34.92728],[139.95,34.9274],[139.95001,34.92737],[139.9499,34.92728]]],[[[139.95095,34.92778],[139.95107,34.92774],[139.95102,34.92767],[139.95095,34.92778]]],[[[139.95277,34.92768],[139.95275,34.92772],[139.95298,34.92784],[139.95277,34.92768]]],[[[139.95406,34.92826],[139.9534,34.92789],[139.95338,34.92806],[139.95406,34.92826]]],[[[139.95004,34.92838],[139.95008,34.92837],[139.94996,34.9283],[139.95004,34.92838]]],[[[139.95013,34.92851],[139.95014,34.9285],[139.95005,34.92841],[139.94997,34.92843],[139.95013,34.92851]]],[[[139.95073,34.92855],[139.95088,34.92868],[139.95088,34.92864],[139.95073,34.92855]]],[[[139.95176,34.92858],[139.9517,34.92861],[139.95181,34.92874],[139.95176,34.92858]]],[[[139.95214,34.92866],[139.95222,34.92878],[139.95233,34.92865],[139.95214,34.92866]]],[[[139.95131,34.92874],[139.95122,34.92872],[139.95125,34.92878],[139.95131,34.92874]]],[[[139.95165,34.92884],[139.95169,34.92886],[139.95167,34.9287],[139.95165,34.92884]]],[[[139.95228,34.9288],[139.95241,34.92889],[139.95244,34.92875],[139.95228,34.9288]]],[[[139.95148,34.92876],[139.95138,34.92876],[139.95138,34.92884],[139.95148,34.92876]]],[[[139.95454,34.92867],[139.95438,34.92861],[139.95435,34.92891],[139.9547,34.929],[139.95454,34.92867]]],[[[139.95218,34.92892],[139.95213,34.92893],[139.95218,34.929],[139.95218,34.92892]]],[[[139.95276,34.92889],[139.9529,34.92908],[139.9529,34.92897],[139.95276,34.92889]]],[[[139.95263,34.92879],[139.95251,34.92882],[139.95277,34.92926],[139.95263,34.92879]]],[[[139.9522,34.92914],[139.95225,34.92914],[139.9522,34.92904],[139.9522,34.92914]]],[[[139.95491,34.92918],[139.95499,34.92915],[139.95489,34.92904],[139.95491,34.92918]]],[[[139.95324,34.92915],[139.95305,34.92905],[139.95301,34.92951],[139.95324,34.92915]]],[[[139.95338,34.92944],[139.95332,34.92945],[139.95338,34.9295],[139.95338,34.92944]]],[[[139.95323,34.92966],[139.95338,34.92954],[139.95323,34.92945],[139.95323,34.92966]]],[[[139.95515,34.92954],[139.95499,34.92949],[139.955,34.92953],[139.95515,34.92954]]],[[[139.95463,34.93086],[139.95471,34.93084],[139.95466,34.9308],[139.95463,34.93086]]],[[[139.95515,34.93085],[139.95515,34.9308],[139.95503,34.9308],[139.95515,34.93085]]],[[[139.95477,34.93107],[139.95496,34.93097],[139.95478,34.93099],[139.95477,34.93107]]],[[[139.95544,34.93113],[139.9554,34.93103],[139.95534,34.93106],[139.95544,34.93113]]],[[[139.95644,34.9311],[139.95624,34.931],[139.95616,34.93111],[139.95644,34.9311]]],[[[139.95554,34.93129],[139.95561,34.93126],[139.95559,34.93122],[139.95554,34.93129]]],[[[139.95508,34.93133],[139.95516,34.93131],[139.95514,34.93128],[139.95508,34.93133]]],[[[139.95524,34.93135],[139.95519,34.93134],[139.95516,34.93142],[139.95524,34.93135]]],[[[139.95534,34.93137],[139.95527,34.93138],[139.95531,34.93144],[139.95534,34.93137]]],[[[139.95504,34.93137],[139.95496,34.9314],[139.95502,34.93146],[139.95504,34.93137]]],[[[139.95503,34.93174],[139.95508,34.93181],[139.95507,34.93173],[139.95503,34.93174]]],[[[139.95541,34.93187],[139.9555,34.93203],[139.95553,34.93198],[139.95541,34.93187]]],[[[139.95517,34.93208],[139.95526,34.93208],[139.95525,34.93205],[139.95517,34.93208]]],[[[139.95602,34.93212],[139.95603,34.9322],[139.95611,34.93218],[139.95602,34.93212]]],[[[139.95667,34.93248],[139.95668,34.93242],[139.95656,34.93242],[139.95667,34.93248]]],[[[139.95398,34.93261],[139.954,34.93268],[139.95408,34.93262],[139.95398,34.93261]]],[[[139.95431,34.93263],[139.95447,34.93274],[139.95447,34.93269],[139.95431,34.93263]]],[[[139.9541,34.9327],[139.95427,34.93279],[139.9543,34.93268],[139.9541,34.9327]]],[[[139.95421,34.93281],[139.9543,34.93291],[139.95432,34.93288],[139.95421,34.93281]]],[[[139.95445,34.93294],[139.95433,34.93289],[139.95441,34.93298],[139.95445,34.93294]]],[[[139.95432,34.93349],[139.95444,34.93359],[139.95449,34.93333],[139.95432,34.93349]]],[[[139.95711,34.93345],[139.95699,34.93357],[139.95711,34.93367],[139.95711,34.93345]]],[[[139.95483,34.93362],[139.95448,34.93367],[139.95467,34.93381],[139.95483,34.93362]]],[[[139.95738,34.93375],[139.95747,34.93383],[139.95747,34.93374],[139.95738,34.93375]]],[[[139.95659,34.93383],[139.95659,34.93387],[139.95694,34.93378],[139.95659,34.93383]]],[[[139.95488,34.93377],[139.95486,34.93375],[139.95483,34.93385],[139.95488,34.93377]]],[[[139.95632,34.93377],[139.95619,34.9338],[139.95632,34.93386],[139.95632,34.93377]]],[[[139.95553,34.93391],[139.95552,34.93386],[139.95542,34.93391],[139.95553,34.93391]]],[[[139.95508,34.93388],[139.95498,34.93391],[139.95502,34.93398],[139.95508,34.93388]]],[[[139.95799,34.934],[139.95801,34.9339],[139.95798,34.93391],[139.95799,34.934]]],[[[139.95778,34.93406],[139.95791,34.93391],[139.9578,34.93388],[139.95778,34.93406]]],[[[139.9563,34.93407],[139.95635,34.93405],[139.95633,34.93395],[139.9563,34.93407]]],[[[139.95694,34.93413],[139.95709,34.93404],[139.95695,34.93401],[139.95694,34.93413]]],[[[139.95813,34.93414],[139.9581,34.93407],[139.95801,34.93414],[139.95813,34.93414]]],[[[139.95594,34.93414],[139.9558,34.93408],[139.95578,34.93417],[139.95594,34.93414]]],[[[139.95747,34.93429],[139.95729,34.93426],[139.9573,34.93433],[139.95747,34.93429]]],[[[139.95629,34.9344],[139.95643,34.93457],[139.95642,34.9343],[139.95629,34.9344]]],[[[139.95659,34.93452],[139.95657,34.93452],[139.95652,34.93466],[139.95659,34.93452]]],[[[139.95777,34.93467],[139.95768,34.93452],[139.95761,34.93457],[139.95777,34.93467]]],[[[139.95686,34.93446],[139.95672,34.93444],[139.95666,34.93461],[139.95697,34.9348],[139.95686,34.93446]]],[[[139.95637,34.93469],[139.95631,34.93457],[139.95623,34.93461],[139.95637,34.93469]]],[[[139.95848,34.93473],[139.95847,34.93462],[139.95841,34.93462],[139.95848,34.93473]]],[[[139.9564,34.93476],[139.95631,34.93469],[139.95631,34.93476],[139.9564,34.93476]]],[[[139.9587,34.93481],[139.95875,34.93487],[139.95884,34.93479],[139.9587,34.93481]]],[[[139.957,34.93468],[139.95737,34.93513],[139.9573,34.9348],[139.957,34.93468]]],[[[139.95742,34.93494],[139.95748,34.93488],[139.95737,34.93487],[139.95742,34.93494]]],[[[139.95757,34.93499],[139.95746,34.93497],[139.95743,34.93512],[139.95757,34.93499]]],[[[139.95899,34.93506],[139.95919,34.93523],[139.9592,34.93511],[139.95899,34.93506]]],[[[139.95791,34.93525],[139.95799,34.93535],[139.95801,34.93533],[139.95791,34.93525]]],[[[139.95804,34.9353],[139.95809,34.93535],[139.95814,34.93531],[139.95804,34.9353]]],[[[139.95777,34.93535],[139.95783,34.93539],[139.9579,34.93535],[139.95777,34.93535]]],[[[139.95891,34.9353],[139.9589,34.93546],[139.95901,34.93545],[139.95891,34.9353]]],[[[139.95737,34.93539],[139.95745,34.93544],[139.95747,34.93538],[139.95737,34.93539]]],[[[139.9578,34.93544],[139.95753,34.93538],[139.95756,34.93555],[139.9578,34.93544]]],[[[139.95906,34.93558],[139.95939,34.93583],[139.95962,34.93573],[139.95906,34.93558]]],[[[139.95905,34.93578],[139.95917,34.9359],[139.95923,34.93582],[139.95905,34.93578]]],[[[139.9586,34.93594],[139.9586,34.93583],[139.95848,34.93584],[139.9586,34.93594]]],[[[139.95991,34.93594],[139.95989,34.93586],[139.95958,34.93591],[139.95991,34.93594]]],[[[139.95852,34.93598],[139.95853,34.93603],[139.9586,34.93602],[139.95852,34.93598]]],[[[139.95877,34.936],[139.95881,34.93606],[139.95889,34.93603],[139.95877,34.936]]],[[[139.95826,34.93617],[139.95857,34.93628],[139.95841,34.93595],[139.95826,34.93617]]],[[[139.95811,34.93621],[139.9582,34.93625],[139.95821,34.93612],[139.95811,34.93621]]],[[[139.95966,34.93631],[139.95972,34.93635],[139.95983,34.93626],[139.95966,34.93631]]],[[[139.95907,34.93618],[139.95899,34.93612],[139.95869,34.93655],[139.95907,34.93618]]],[[[139.95839,34.93646],[139.95844,34.93646],[139.95838,34.93635],[139.95839,34.93646]]],[[[139.96015,34.93642],[139.9601,34.9364],[139.9603,34.93658],[139.96015,34.93642]]],[[[139.96018,34.93657],[139.96014,34.9366],[139.96031,34.93668],[139.96018,34.93657]]],[[[139.96053,34.93671],[139.96049,34.93669],[139.96045,34.93673],[139.96053,34.93671]]],[[[139.9592,34.93669],[139.95918,34.93669],[139.95926,34.93676],[139.9592,34.93669]]],[[[139.95924,34.9368],[139.95906,34.93665],[139.95899,34.93674],[139.95924,34.9368]]],[[[139.95949,34.93679],[139.95932,34.93674],[139.95934,34.93679],[139.95949,34.93679]]],[[[139.95905,34.93684],[139.95895,34.93671],[139.95887,34.9368],[139.95905,34.93684]]],[[[139.95947,34.93687],[139.95933,34.93682],[139.95937,34.93687],[139.95947,34.93687]]],[[[139.96064,34.93692],[139.96061,34.9369],[139.96062,34.93705],[139.96064,34.93692]]],[[[139.96056,34.93704],[139.9605,34.9369],[139.9603,34.93699],[139.96056,34.93704]]],[[[139.96072,34.93691],[139.96067,34.93711],[139.96071,34.93711],[139.96072,34.93691]]],[[[139.96144,34.93703],[139.96131,34.9369],[139.96118,34.93709],[139.96144,34.93703]]],[[[139.96093,34.9371],[139.96091,34.93693],[139.96084,34.937],[139.96093,34.9371]]],[[[139.96154,34.93725],[139.9616,34.93708],[139.96151,34.93708],[139.96154,34.93725]]],[[[139.96157,34.93732],[139.96145,34.93728],[139.96142,34.93734],[139.96157,34.93732]]],[[[139.96045,34.93732],[139.96039,34.93731],[139.96047,34.93742],[139.96045,34.93732]]],[[[139.9619,34.9374],[139.96205,34.93748],[139.96205,34.93741],[139.9619,34.9374]]],[[[139.96144,34.93765],[139.9615,34.93747],[139.96134,34.93746],[139.96144,34.93765]]],[[[139.96192,34.93762],[139.96182,34.93769],[139.96195,34.93767],[139.96192,34.93762]]],[[[139.96162,34.93767],[139.96168,34.93768],[139.96169,34.93758],[139.96162,34.93767]]],[[[139.96092,34.93764],[139.96076,34.93754],[139.96083,34.93772],[139.96092,34.93764]]],[[[139.96234,34.93779],[139.96239,34.93778],[139.96233,34.93766],[139.96234,34.93779]]],[[[139.96198,34.93774],[139.96204,34.93781],[139.96207,34.93774],[139.96198,34.93774]]],[[[139.96163,34.93772],[139.96154,34.93777],[139.96165,34.93782],[139.96163,34.93772]]],[[[139.9613,34.9378],[139.9614,34.93782],[139.96138,34.93777],[139.9613,34.9378]]],[[[139.96268,34.93805],[139.96274,34.93805],[139.96259,34.93794],[139.96268,34.93805]]],[[[139.96293,34.9381],[139.96289,34.9381],[139.96294,34.93816],[139.96293,34.9381]]],[[[139.96037,34.93807],[139.96097,34.93838],[139.96075,34.93817],[139.96037,34.93807]]],[[[139.96372,34.93879],[139.96393,34.93887],[139.96392,34.93873],[139.96372,34.93879]]],[[[139.96413,34.93913],[139.9639,34.93903],[139.96389,34.93924],[139.96413,34.93913]]],[[[139.96189,34.93929],[139.96185,34.93931],[139.96187,34.93934],[139.96189,34.93929]]],[[[139.96214,34.93957],[139.96203,34.9395],[139.96201,34.93955],[139.96214,34.93957]]],[[[139.96198,34.93968],[139.96195,34.9397],[139.96197,34.93973],[139.96198,34.93968]]],[[[139.96325,34.94065],[139.96315,34.94095],[139.96325,34.94095],[139.96325,34.94065]]],[[[139.9626,34.94128],[139.96256,34.94132],[139.96265,34.94138],[139.9626,34.94128]]],[[[139.96411,34.94165],[139.96396,34.94155],[139.96405,34.94177],[139.96411,34.94165]]],[[[139.96322,34.94196],[139.96311,34.9418],[139.96313,34.94192],[139.96322,34.94196]]],[[[139.96382,34.94242],[139.96368,34.94228],[139.96369,34.94242],[139.96382,34.94242]]],[[[139.9639,34.94242],[139.96403,34.94244],[139.96394,34.94229],[139.9639,34.94242]]],[[[139.96417,34.94242],[139.96405,34.94242],[139.96407,34.9425],[139.96417,34.94242]]],[[[139.96409,34.9426],[139.96436,34.94262],[139.96431,34.94257],[139.96409,34.9426]]],[[[139.96395,34.94324],[139.96373,34.94326],[139.96378,34.94334],[139.96395,34.94324]]],[[[139.96354,34.94333],[139.96356,34.94331],[139.96341,34.94328],[139.96354,34.94333]]],[[[139.96363,34.94362],[139.96347,34.94365],[139.96354,34.94367],[139.96363,34.94362]]],[[[139.96404,34.95953],[139.96419,34.95943],[139.96441,34.95929],[139.96417,34.95941],[139.96404,34.95953]]],[[[139.96374,34.95968],[139.96363,34.95941],[139.96353,34.95926],[139.96349,34.95926],[139.96374,34.95968]]],[[[139.96428,34.96093],[139.96433,34.9608],[139.96417,34.96077],[139.96428,34.96093]]],[[[139.96246,34.96207],[139.96238,34.96202],[139.96231,34.96206],[139.96246,34.96207]]],[[[139.96289,34.96217],[139.96283,34.96207],[139.96274,34.96214],[139.96289,34.96217]]],[[[139.96233,34.96266],[139.96236,34.96278],[139.96245,34.96275],[139.96233,34.96266]]],[[[139.96324,35.68076],[139.96337,35.67964],[139.96745,35.67897],[139.97116,35.68058],[139.97766,35.6795],[139.97827,35.67591],[139.97123,35.67708],[139.97168,35.67441],[139.97872,35.67324],[139.97945,35.66982],[139.9723,35.67099],[139.97144,35.6707],[139.97076,35.66799],[139.97626,35.66705],[139.97067,35.66789],[139.97124,35.67032],[139.96902,35.67094],[139.95868,35.67183],[139.95803,35.66998],[139.95881,35.67306],[139.95847,35.67312],[139.96092,35.67596],[139.96063,35.67903],[139.96324,35.68076]]],[[[139.96447,34.93941],[139.9646,34.93943],[139.9645,34.93924],[139.96447,34.93941]]],[[[139.96481,34.93971],[139.96488,34.93977],[139.96497,34.9397],[139.96481,34.93971]]],[[[139.96438,34.94195],[139.9644,34.94188],[139.96419,34.9419],[139.96438,34.94195]]],[[[139.96458,34.94208],[139.96423,34.94212],[139.96454,34.94234],[139.96458,34.94208]]],[[[139.96503,34.94232],[139.96514,34.94252],[139.96525,34.94246],[139.96503,34.94232]]],[[[139.96428,34.94232],[139.9642,34.94233],[139.9643,34.9425],[139.96428,34.94232]]],[[[139.9644,34.94259],[139.9644,34.94261],[139.96467,34.94263],[139.9644,34.94259]]],[[[139.96489,34.94272],[139.96466,34.94277],[139.96502,34.94283],[139.96489,34.94272]]],[[[139.96441,34.94268],[139.96411,34.94264],[139.96416,34.9431],[139.96471,34.94309],[139.96441,34.94268]]],[[[139.96517,34.94289],[139.96475,34.94288],[139.9648,34.94294],[139.96517,34.94289]]],[[[139.96605,34.943],[139.96537,34.94278],[139.9655,34.9432],[139.96605,34.943]]],[[[139.96438,34.94332],[139.96451,34.9433],[139.96448,34.94325],[139.96438,34.94332]]],[[[139.96656,34.94331],[139.9666,34.9435],[139.96685,34.94336],[139.96656,34.94331]]],[[[139.9661,34.9438],[139.966,34.9437],[139.96594,34.94377],[139.9661,34.9438]]],[[[139.96672,34.94396],[139.9668,34.94398],[139.9668,34.94383],[139.96672,34.94396]]],[[[139.96418,34.94384],[139.96402,34.94386],[139.96409,34.94396],[139.96418,34.94384]]],[[[139.9648,34.94397],[139.96509,34.94405],[139.96508,34.94401],[139.9648,34.94397]]],[[[139.96644,34.94421],[139.96646,34.94417],[139.96638,34.94409],[139.96644,34.94421]]],[[[139.966,34.94415],[139.96589,34.94417],[139.96592,34.94425],[139.966,34.94415]]],[[[139.9652,34.94443],[139.96525,34.94435],[139.96514,34.94434],[139.9652,34.94443]]],[[[139.96608,34.94463],[139.96621,34.94466],[139.96605,34.94438],[139.96608,34.94463]]],[[[139.96493,34.9448],[139.96509,34.94492],[139.96536,34.94462],[139.96493,34.9448]]],[[[139.96599,34.94486],[139.96626,34.94485],[139.96624,34.94478],[139.96599,34.94486]]],[[[139.96467,34.94493],[139.96467,34.94504],[139.96474,34.945],[139.96467,34.94493]]],[[[139.96498,34.94502],[139.96505,34.94509],[139.96511,34.94504],[139.96498,34.94502]]],[[[139.96652,34.94506],[139.96646,34.94514],[139.96669,34.94515],[139.96652,34.94506]]],[[[139.96507,34.94511],[139.9651,34.94517],[139.9652,34.94514],[139.96507,34.94511]]],[[[139.96586,34.9451],[139.96638,34.94535],[139.96628,34.9451],[139.96586,34.9451]]],[[[139.96549,34.94504],[139.96526,34.94512],[139.96545,34.94532],[139.96549,34.94504]]],[[[139.96519,34.9453],[139.96535,34.94536],[139.96525,34.94516],[139.96519,34.9453]]],[[[139.96549,34.94561],[139.96561,34.94559],[139.96549,34.94554],[139.96549,34.94561]]],[[[139.96537,34.94557],[139.96533,34.94557],[139.96536,34.94563],[139.96537,34.94557]]],[[[139.96582,34.94564],[139.96587,34.94559],[139.96581,34.94559],[139.96582,34.94564]]],[[[139.96684,34.94569],[139.96688,34.94563],[139.96679,34.94557],[139.96684,34.94569]]],[[[139.96446,34.9458],[139.96453,34.9458],[139.96452,34.94577],[139.96446,34.9458]]],[[[139.96465,34.94586],[139.96479,34.94591],[139.96484,34.94589],[139.96465,34.94586]]],[[[139.96452,34.94601],[139.96458,34.94607],[139.96461,34.94603],[139.96452,34.94601]]],[[[139.96411,34.94634],[139.96411,34.94639],[139.96429,34.94638],[139.96411,34.94634]]],[[[139.96484,34.94634],[139.96479,34.9464],[139.96486,34.94644],[139.96484,34.94634]]],[[[139.96479,34.94666],[139.96472,34.94665],[139.96478,34.94674],[139.96479,34.94666]]],[[[139.96496,34.94667],[139.96493,34.94668],[139.96496,34.94673],[139.96496,34.94667]]],[[[139.96489,34.94676],[139.96494,34.94677],[139.96494,34.94675],[139.96489,34.94676]]],[[[139.96463,34.94674],[139.96472,34.94679],[139.96472,34.94673],[139.96463,34.94674]]],[[[139.96519,34.94677],[139.96519,34.94678],[139.96528,34.94673],[139.96519,34.94677]]],[[[139.96498,34.9468],[139.965,34.94683],[139.96503,34.9468],[139.96498,34.9468]]],[[[139.96534,34.94687],[139.96522,34.94686],[139.96528,34.94692],[139.96534,34.94687]]],[[[139.96506,34.94723],[139.96528,34.94721],[139.96514,34.94706],[139.96506,34.94723]]],[[[139.96501,34.9472],[139.96496,34.94712],[139.96495,34.94724],[139.96501,34.9472]]],[[[139.96586,34.94721],[139.96579,34.94723],[139.96579,34.94725],[139.96586,34.94721]]],[[[139.96573,34.94726],[139.96575,34.94725],[139.96561,34.94724],[139.96573,34.94726]]],[[[139.96535,34.94729],[139.96539,34.94726],[139.96536,34.94724],[139.96535,34.94729]]],[[[139.96499,34.94732],[139.96522,34.94729],[139.9651,34.94728],[139.96499,34.94732]]],[[[139.96578,34.94744],[139.966,34.94739],[139.96584,34.94732],[139.96578,34.94744]]],[[[139.96659,34.9474],[139.96648,34.94741],[139.96663,34.94743],[139.96659,34.9474]]],[[[139.96604,34.94744],[139.96625,34.9474],[139.96623,34.94739],[139.96604,34.94744]]],[[[139.96521,34.94746],[139.96531,34.94755],[139.96557,34.94749],[139.96521,34.94746]]],[[[139.96518,34.94748],[139.96513,34.94747],[139.96517,34.94757],[139.96518,34.94748]]],[[[139.96519,34.94761],[139.96566,34.94767],[139.96553,34.9476],[139.96519,34.94761]]],[[[139.96541,34.94786],[139.96568,34.94784],[139.96557,34.94781],[139.96541,34.94786]]],[[[139.96509,34.94788],[139.9653,34.94786],[139.96519,34.94784],[139.96509,34.94788]]],[[[139.96565,34.94796],[139.96571,34.94794],[139.9655,34.94792],[139.96565,34.94796]]],[[[139.96712,34.94799],[139.96714,34.94797],[139.96701,34.94796],[139.96712,34.94799]]],[[[139.96534,34.94806],[139.96536,34.94798],[139.96508,34.94799],[139.96534,34.94806]]],[[[139.96575,34.94809],[139.9658,34.94802],[139.96551,34.94799],[139.96575,34.94809]]],[[[139.96504,34.94812],[139.96515,34.94813],[139.96513,34.94809],[139.96504,34.94812]]],[[[139.96536,34.94811],[139.96523,34.94811],[139.96525,34.94814],[139.96536,34.94811]]],[[[139.96563,34.94819],[139.96554,34.94811],[139.96559,34.94819],[139.96563,34.94819]]],[[[139.96646,34.94829],[139.96668,34.94829],[139.9665,34.94816],[139.96646,34.94829]]],[[[139.96576,34.94819],[139.96573,34.9482],[139.96588,34.94828],[139.96576,34.94819]]],[[[139.96514,34.94824],[139.96528,34.94829],[139.96524,34.9482],[139.96514,34.94824]]],[[[139.96493,34.94837],[139.96511,34.94838],[139.96506,34.94833],[139.96493,34.94837]]],[[[139.96672,34.94835],[139.96659,34.94834],[139.96661,34.94838],[139.96672,34.94835]]],[[[139.96506,34.94843],[139.96494,34.94843],[139.96495,34.94846],[139.96506,34.94843]]],[[[139.96707,34.94844],[139.96705,34.94847],[139.96723,34.9485],[139.96707,34.94844]]],[[[139.96647,34.94876],[139.9664,34.94869],[139.96634,34.94879],[139.96647,34.94876]]],[[[139.96546,34.94894],[139.9655,34.94896],[139.96549,34.94879],[139.96546,34.94894]]],[[[139.96534,34.94903],[139.96515,34.949],[139.96525,34.94915],[139.96534,34.94903]]],[[[139.96644,34.94922],[139.96646,34.94916],[139.96635,34.94912],[139.96644,34.94922]]],[[[139.96524,34.94934],[139.96548,34.9494],[139.96535,34.94924],[139.96524,34.94934]]],[[[139.96553,34.94936],[139.9655,34.94937],[139.96561,34.94944],[139.96553,34.94936]]],[[[139.96651,34.94978],[139.96658,34.9498],[139.96658,34.94973],[139.96651,34.94978]]],[[[139.96548,34.94992],[139.96503,34.94981],[139.96507,34.94987],[139.96548,34.94992]]],[[[139.96468,34.94992],[139.96494,34.94998],[139.96493,34.94996],[139.96468,34.94992]]],[[[139.96463,34.94998],[139.96464,34.94997],[139.96455,34.94993],[139.96463,34.94998]]],[[[139.96655,34.95001],[139.96659,34.95009],[139.96666,34.95006],[139.96655,34.95001]]],[[[139.9649,34.9502],[139.96473,34.95017],[139.96473,34.9502],[139.9649,34.9502]]],[[[139.96722,34.95026],[139.96741,34.95021],[139.96734,34.95015],[139.96722,34.95026]]],[[[139.96507,34.95024],[139.96495,34.95023],[139.96497,34.95026],[139.96507,34.95024]]],[[[139.96515,34.95025],[139.96513,34.95027],[139.96524,34.95029],[139.96515,34.95025]]],[[[139.9645,34.95045],[139.96476,34.9505],[139.96475,34.95047],[139.9645,34.95045]]],[[[139.96489,34.95057],[139.96509,34.95057],[139.96505,34.95054],[139.96489,34.95057]]],[[[139.96476,34.9507],[139.96486,34.95073],[139.96483,34.95061],[139.96476,34.9507]]],[[[139.96488,34.95066],[139.96511,34.95074],[139.96505,34.95066],[139.96488,34.95066]]],[[[139.96489,34.95074],[139.96509,34.95079],[139.96493,34.95071],[139.96489,34.95074]]],[[[139.96583,34.95125],[139.96594,34.95124],[139.96593,34.95121],[139.96583,34.95125]]],[[[139.96469,34.95136],[139.96475,34.95135],[139.96463,34.95126],[139.96469,34.95136]]],[[[139.96571,34.9513],[139.96572,34.95137],[139.96573,34.95137],[139.96571,34.9513]]],[[[139.96617,34.95135],[139.96611,34.9513],[139.96604,34.95132],[139.96617,34.95135]]],[[[139.96609,34.95187],[139.96606,34.95181],[139.96597,34.95179],[139.96609,34.95187]]],[[[139.96616,34.95188],[139.96613,34.95189],[139.96624,34.952],[139.96616,34.95188]]],[[[139.9664,34.95199],[139.9663,34.95195],[139.96633,34.95209],[139.9664,34.95199]]],[[[139.96597,34.95213],[139.9659,34.95202],[139.96566,34.95216],[139.96597,34.95213]]],[[[139.96603,34.95216],[139.96607,34.95221],[139.96609,34.95218],[139.96603,34.95216]]],[[[139.96593,34.95228],[139.96586,34.95228],[139.96585,34.95239],[139.96593,34.95228]]],[[[139.96628,34.95257],[139.96634,34.95261],[139.96626,34.95229],[139.96628,34.95257]]],[[[139.966,34.95249],[139.96613,34.9527],[139.96609,34.95257],[139.966,34.95249]]],[[[139.96645,34.95265],[139.96649,34.95266],[139.9665,34.9526],[139.96645,34.95265]]],[[[139.96631,34.95288],[139.96636,34.95296],[139.96638,34.95294],[139.96631,34.95288]]],[[[139.96653,34.95291],[139.9666,34.95302],[139.9666,34.95285],[139.96653,34.95291]]],[[[139.96641,34.95318],[139.96643,34.95323],[139.96645,34.95322],[139.96641,34.95318]]],[[[139.96655,34.95318],[139.96648,34.95321],[139.96652,34.95327],[139.96655,34.95318]]],[[[139.96672,34.95334],[139.96679,34.95327],[139.9667,34.95325],[139.96672,34.95334]]],[[[139.9666,34.95337],[139.96663,34.95336],[139.96654,34.95333],[139.9666,34.95337]]],[[[139.96672,34.95339],[139.96666,34.95337],[139.96667,34.95345],[139.96672,34.95339]]],[[[139.96661,34.95339],[139.96654,34.95337],[139.96657,34.95347],[139.96661,34.95339]]],[[[139.96692,34.95365],[139.96695,34.95361],[139.96689,34.95356],[139.96692,34.95365]]],[[[139.96644,34.95368],[139.96646,34.95373],[139.96649,34.95366],[139.96644,34.95368]]],[[[139.96713,34.95379],[139.96714,34.95363],[139.9671,34.95363],[139.96713,34.95379]]],[[[139.96676,34.95367],[139.96674,34.95367],[139.96673,34.95376],[139.96676,34.95367]]],[[[139.96644,34.95397],[139.96654,34.954],[139.96653,34.95391],[139.96644,34.95397]]],[[[139.96684,34.95412],[139.96692,34.95421],[139.96713,34.95408],[139.96684,34.95412]]],[[[139.96637,34.95419],[139.96645,34.95422],[139.96648,34.95414],[139.96637,34.95419]]],[[[139.96664,34.95439],[139.96665,34.95434],[139.96661,34.95432],[139.96664,34.95439]]],[[[139.96612,34.95456],[139.96604,34.95453],[139.96607,34.95465],[139.96612,34.95456]]],[[[139.96637,34.95458],[139.96629,34.95456],[139.96629,34.95465],[139.96637,34.95458]]],[[[139.96664,34.95467],[139.96672,34.9547],[139.96673,34.95462],[139.96664,34.95467]]],[[[139.96598,34.9549],[139.96599,34.9545],[139.9659,34.95453],[139.96598,34.9549]]],[[[139.96643,34.95475],[139.96647,34.95469],[139.96631,34.95467],[139.96643,34.95475]]],[[[139.96673,34.95474],[139.96677,34.95489],[139.9668,34.95487],[139.96673,34.95474]]],[[[139.9669,34.95495],[139.96695,34.95526],[139.96703,34.95521],[139.9669,34.95495]]],[[[139.96673,34.95511],[139.96666,34.95507],[139.96668,34.95523],[139.96673,34.95511]]],[[[139.96631,34.95534],[139.96629,34.95541],[139.96639,34.95543],[139.96631,34.95534]]],[[[139.96653,34.95557],[139.96661,34.95571],[139.96665,34.95571],[139.96653,34.95557]]],[[[139.96681,34.95559],[139.96683,34.95567],[139.96687,34.95567],[139.96681,34.95559]]],[[[139.96662,34.95592],[139.96672,34.95597],[139.96673,34.95589],[139.96662,34.95592]]],[[[139.96415,34.95955],[139.96438,34.95955],[139.9643,34.95944],[139.96415,34.95955]]],[[[139.96433,34.9598],[139.96433,34.95994],[139.96438,34.95994],[139.96433,34.9598]]],[[[139.96486,34.95984],[139.96474,34.95999],[139.96515,34.95997],[139.96486,34.95984]]],[[[139.96444,34.96022],[139.96447,34.9602],[139.96439,34.96011],[139.96444,34.96022]]],[[[139.9648,34.96032],[139.96489,34.9603],[139.96479,34.96017],[139.9648,34.96032]]],[[[139.96532,34.96047],[139.96544,34.96036],[139.96527,34.96025],[139.96532,34.96047]]],[[[139.96586,34.96048],[139.96585,34.96042],[139.96569,34.96039],[139.96586,34.96048]]],[[[139.96769,34.94424],[139.96758,34.94418],[139.96753,34.94427],[139.96769,34.94424]]],[[[139.96818,34.94639],[139.96818,34.94627],[139.96798,34.94622],[139.96818,34.94639]]],[[[139.96806,34.95038],[139.968,34.95042],[139.96813,34.95043],[139.96806,34.95038]]],[[[139.96727,34.95115],[139.96736,34.95118],[139.96747,34.95108],[139.96727,34.95115]]],[[[139.96945,34.95756],[139.96939,34.9576],[139.96946,34.95768],[139.96945,34.95756]]],[[[139.96853,34.95763],[139.96835,34.95754],[139.9683,34.95759],[139.96853,34.95763]]],[[[139.96794,34.95773],[139.96801,34.95767],[139.96791,34.95762],[139.96794,34.95773]]],[[[139.96802,34.95812],[139.96819,34.95808],[139.96815,34.95793],[139.96802,34.95812]]],[[[139.96945,34.95806],[139.96934,34.95812],[139.96947,34.95821],[139.96945,34.95806]]],[[[139.96884,34.95821],[139.96882,34.95813],[139.96875,34.9581],[139.96884,34.95821]]],[[[139.9687,34.97605],[139.96857,34.97596],[139.96852,34.97606],[139.9687,34.97605]]],[[[139.96935,34.9765],[139.96942,34.97635],[139.96915,34.97629],[139.96935,34.9765]]],[[[139.96867,34.97681],[139.96858,34.97665],[139.96853,34.9767],[139.96867,34.97681]]],[[[139.96895,34.97685],[139.96893,34.97671],[139.96886,34.97676],[139.96895,34.97685]]],[[[139.96981,34.97671],[139.9696,34.97674],[139.96977,34.9769],[139.96981,34.97671]]],[[[139.96913,34.97691],[139.96909,34.97683],[139.96905,34.97689],[139.96913,34.97691]]],[[[139.96867,34.977],[139.96875,34.97697],[139.96864,34.97688],[139.96867,34.977]]],[[[139.96946,34.97706],[139.96925,34.97691],[139.96925,34.97715],[139.96946,34.97706]]],[[[139.96848,34.97704],[139.96856,34.97713],[139.96854,34.977],[139.96848,34.97704]]],[[[139.96869,34.97721],[139.9687,34.97721],[139.96867,34.97713],[139.96869,34.97721]]],[[[139.96969,34.97725],[139.9697,34.97716],[139.96956,34.97717],[139.96969,34.97725]]],[[[139.97033,34.97747],[139.97035,34.97739],[139.97021,34.97739],[139.97033,34.97747]]],[[[139.96985,34.97741],[139.96986,34.97754],[139.96996,34.97749],[139.96985,34.97741]]],[[[139.96896,34.97755],[139.96906,34.97758],[139.96906,34.97755],[139.96896,34.97755]]],[[[139.96937,34.97751],[139.96942,34.97763],[139.96948,34.97754],[139.96937,34.97751]]],[[[139.97044,34.97757],[139.97031,34.97754],[139.97034,34.97763],[139.97044,34.97757]]],[[[139.97052,34.97778],[139.97057,34.97775],[139.9704,34.97766],[139.97052,34.97778]]],[[[139.97057,34.97799],[139.97068,34.978],[139.97056,34.97783],[139.97057,34.97799]]],[[[139.96924,34.978],[139.96905,34.97798],[139.9691,34.97806],[139.96924,34.978]]],[[[139.9698,34.97816],[139.96968,34.97817],[139.96971,34.97827],[139.9698,34.97816]]],[[[139.96923,34.97832],[139.96933,34.97834],[139.96932,34.97826],[139.96923,34.97832]]],[[[139.97028,34.97843],[139.97013,34.97836],[139.97012,34.97843],[139.97028,34.97843]]],[[[139.96935,34.97852],[139.96911,34.9783],[139.96923,34.97855],[139.96935,34.97852]]],[[[139.97022,34.97849],[139.97017,34.97857],[139.97027,34.97858],[139.97022,34.97849]]],[[[139.9721,34.97942],[139.97199,34.97938],[139.97198,34.97955],[139.9721,34.97942]]],[[[139.9733,34.97999],[139.97345,34.97994],[139.97333,34.97981],[139.9733,34.97999]]],[[[139.97241,34.98022],[139.97223,34.97985],[139.97206,34.98003],[139.97241,34.98022]]],[[[139.9675,34.98163],[139.96744,34.98166],[139.96748,34.98169],[139.9675,34.98163]]],[[[139.96836,34.98208],[139.96839,34.9821],[139.96842,34.98203],[139.96836,34.98208]]],[[[139.96892,34.98213],[139.96883,34.98204],[139.96876,34.9821],[139.96892,34.98213]]],[[[139.96802,34.98221],[139.968,34.98237],[139.96812,34.98235],[139.96802,34.98221]]],[[[139.96907,34.98239],[139.9688,34.98239],[139.96881,34.98243],[139.96907,34.98239]]],[[[139.96796,34.98246],[139.9681,34.98248],[139.96811,34.98246],[139.96796,34.98246]]],[[[139.96974,34.98241],[139.96961,34.98237],[139.96955,34.98246],[139.96974,34.98241]]],[[[139.96937,34.98278],[139.96958,34.98289],[139.96953,34.98271],[139.96937,34.98278]]],[[[139.97003,34.98289],[139.97017,34.98274],[139.96996,34.98276],[139.97003,34.98289]]],[[[139.9693,34.98287],[139.96932,34.98286],[139.96929,34.98281],[139.9693,34.98287]]],[[[139.9694,34.98292],[139.96948,34.98296],[139.96946,34.98292],[139.9694,34.98292]]],[[[139.9693,34.98298],[139.96932,34.98297],[139.96929,34.9829],[139.9693,34.98298]]],[[[139.96966,34.98291],[139.96966,34.98298],[139.96975,34.98298],[139.96966,34.98291]]],[[[139.96938,34.98296],[139.96935,34.98301],[139.96948,34.98302],[139.96938,34.98296]]],[[[139.96979,34.98331],[139.96976,34.98332],[139.97001,34.98337],[139.96979,34.98331]]],[[[139.9706,34.98349],[139.97071,34.98343],[139.97064,34.98336],[139.9706,34.98349]]],[[[139.97106,34.98345],[139.97105,34.98339],[139.97083,34.98345],[139.97106,34.98345]]],[[[139.971,34.98358],[139.97098,34.98362],[139.97106,34.98362],[139.971,34.98358]]],[[[139.9714,34.98358],[139.9713,34.98359],[139.97138,34.98371],[139.9714,34.98358]]],[[[139.97043,34.98361],[139.97013,34.98362],[139.9701,34.98376],[139.97043,34.98361]]],[[[139.97184,34.98367],[139.97175,34.98368],[139.97181,34.9838],[139.97184,34.98367]]],[[[139.97123,34.98395],[139.97123,34.98388],[139.97114,34.98386],[139.97123,34.98395]]],[[[139.97094,34.9839],[139.97093,34.98401],[139.97095,34.98401],[139.97094,34.9839]]],[[[139.9722,34.98394],[139.97212,34.98389],[139.97204,34.98396],[139.9722,34.98394]]],[[[139.97154,34.98399],[139.97141,34.98388],[139.97133,34.98398],[139.97154,34.98399]]],[[[139.97236,34.98392],[139.97229,34.98392],[139.97232,34.98403],[139.97236,34.98392]]],[[[139.97137,34.98404],[139.97132,34.984],[139.97125,34.98408],[139.97137,34.98404]]],[[[139.97194,34.98421],[139.97197,34.98409],[139.97181,34.98405],[139.97194,34.98421]]],[[[139.97148,34.9841],[139.97139,34.98417],[139.97145,34.98417],[139.97148,34.9841]]],[[[139.97295,34.98414],[139.97294,34.98422],[139.97305,34.9842],[139.97295,34.98414]]],[[[139.97249,34.98429],[139.97254,34.9844],[139.97271,34.98436],[139.97249,34.98429]]],[[[139.97269,34.98457],[139.97253,34.98458],[139.97252,34.98466],[139.97269,34.98457]]],[[[139.97247,34.98529],[139.97123,34.98477],[139.97094,34.98417],[139.97117,34.98482],[139.97247,34.98529]]],[[[139.97138,34.98478],[139.97146,34.98484],[139.97149,34.9848],[139.97138,34.98478]]],[[[139.97244,34.98599],[139.97257,34.98602],[139.97257,34.98592],[139.97244,34.98599]]],[[[139.97231,34.98596],[139.97223,34.98595],[139.97234,34.9861],[139.97231,34.98596]]],[[[139.97239,34.98617],[139.97257,34.98623],[139.97256,34.9862],[139.97239,34.98617]]],[[[139.97449,34.9862],[139.97444,34.98619],[139.97437,34.98639],[139.97449,34.9862]]],[[[139.97236,34.98625],[139.97229,34.98629],[139.97244,34.98635],[139.97236,34.98625]]],[[[139.97213,34.98639],[139.97213,34.98644],[139.97245,34.98638],[139.97213,34.98639]]],[[[139.97381,34.98648],[139.97389,34.98635],[139.97375,34.98632],[139.97381,34.98648]]],[[[139.9725,34.9865],[139.97243,34.9865],[139.97239,34.98656],[139.9725,34.9865]]],[[[139.97402,34.9866],[139.97398,34.9865],[139.97386,34.98655],[139.97402,34.9866]]],[[[139.97246,34.98665],[139.97235,34.98672],[139.97253,34.9867],[139.97246,34.98665]]],[[[139.97216,34.98682],[139.97222,34.98684],[139.97226,34.98679],[139.97216,34.98682]]],[[[139.97438,34.98702],[139.97447,34.98715],[139.97454,34.98708],[139.97438,34.98702]]],[[[139.9717,34.98734],[139.97171,34.98737],[139.97177,34.98736],[139.9717,34.98734]]],[[[139.97316,34.98732],[139.97307,34.98737],[139.97314,34.98745],[139.97316,34.98732]]],[[[140.00596,35.03189],[140.00589,35.03177],[140.00588,35.03186],[140.00596,35.03189]]],[[[140.00574,35.03197],[140.00574,35.03191],[140.0057,35.03193],[140.00574,35.03197]]],[[[140.00563,35.03206],[140.00557,35.03198],[140.00556,35.03201],[140.00563,35.03206]]],[[[140.006,35.03205],[140.00601,35.03207],[140.0061,35.03206],[140.006,35.03205]]],[[[140.00526,35.03217],[140.00526,35.03219],[140.0053,35.0322],[140.00526,35.03217]]],[[[140.00612,35.03225],[140.00567,35.03217],[140.0059,35.03235],[140.00612,35.03225]]],[[[140.0066,35.03261],[140.00661,35.03251],[140.0065,35.03247],[140.0066,35.03261]]],[[[140.00738,35.03288],[140.00743,35.03273],[140.00734,35.03276],[140.00738,35.03288]]],[[[140.00792,35.03291],[140.00794,35.03299],[140.00798,35.03299],[140.00792,35.03291]]],[[[140.00772,35.03309],[140.00765,35.03314],[140.00768,35.03315],[140.00772,35.03309]]],[[[140.00748,35.03324],[140.0073,35.03322],[140.00738,35.03328],[140.00748,35.03324]]],[[[140.00967,35.03363],[140.00962,35.03358],[140.00954,35.03368],[140.00967,35.03363]]],[[[140.01617,35.03391],[140.01619,35.03396],[140.01621,35.03393],[140.01617,35.03391]]],[[[140.01605,35.03407],[140.01608,35.03416],[140.0161,35.03415],[140.01605,35.03407]]],[[[140.01558,35.03443],[140.01564,35.03445],[140.01565,35.0344],[140.01558,35.03443]]],[[[140.01581,35.03444],[140.01587,35.03448],[140.01588,35.03445],[140.01581,35.03444]]],[[[140.00867,35.03447],[140.00873,35.03448],[140.00873,35.03444],[140.00867,35.03447]]],[[[140.01597,35.03449],[140.01597,35.03445],[140.01592,35.03449],[140.01597,35.03449]]],[[[140.01566,35.0345],[140.01558,35.03448],[140.01558,35.03451],[140.01566,35.0345]]],[[[140.00907,35.03448],[140.00905,35.03452],[140.00908,35.03454],[140.00907,35.03448]]],[[[140.00891,35.03454],[140.00889,35.03451],[140.00885,35.03453],[140.00891,35.03454]]],[[[140.01636,35.0346],[140.0164,35.03455],[140.0163,35.03449],[140.01636,35.0346]]],[[[140.00894,35.03456],[140.00894,35.03464],[140.009,35.03462],[140.00894,35.03456]]],[[[140.01628,35.03458],[140.01621,35.03458],[140.01622,35.0346],[140.01628,35.03458]]],[[[140.01648,35.03458],[140.01639,35.03462],[140.01641,35.03463],[140.01648,35.03458]]],[[[140.00881,35.0346],[140.00882,35.03465],[140.00885,35.03462],[140.00881,35.0346]]],[[[140.01656,35.03468],[140.01658,35.03459],[140.01651,35.03461],[140.01656,35.03468]]],[[[140.01669,35.03465],[140.01676,35.0347],[140.01678,35.03464],[140.01669,35.03465]]],[[[140.01704,35.03464],[140.01702,35.03463],[140.01699,35.03468],[140.01705,35.03471],[140.01704,35.03464]]],[[[140.01629,35.03471],[140.01634,35.0347],[140.01625,35.03464],[140.01629,35.03471]]],[[[140.00916,35.03468],[140.00925,35.03475],[140.00929,35.03469],[140.00916,35.03468]]],[[[140.00909,35.03473],[140.0091,35.03467],[140.00907,35.03466],[140.00909,35.03473]]],[[[140.00956,35.03474],[140.00966,35.03477],[140.00963,35.03462],[140.00956,35.03474]]],[[[140.0105,35.03472],[140.01055,35.03478],[140.01057,35.03475],[140.0105,35.03472]]],[[[140.01703,35.03471],[140.01695,35.03474],[140.01702,35.03478],[140.01703,35.03471]]],[[[140.01672,35.03478],[140.01675,35.03479],[140.01676,35.03473],[140.01669,35.03471],[140.01672,35.03478]]],[[[140.01638,35.03478],[140.01653,35.03479],[140.01653,35.03476],[140.01638,35.03478]]],[[[140.01063,35.03474],[140.0106,35.03473],[140.0106,35.03483],[140.01063,35.03474]]],[[[140.01077,35.03486],[140.01087,35.03482],[140.01078,35.03472],[140.01065,35.03473],[140.01077,35.03486]]],[[[140.01678,35.03481],[140.0168,35.03485],[140.01685,35.03478],[140.01678,35.03481]]],[[[140.0172,35.03477],[140.01721,35.03485],[140.01723,35.03484],[140.0172,35.03477]]],[[[140.00956,35.0348],[140.00952,35.03484],[140.00966,35.03487],[140.00956,35.0348]]],[[[140.01731,35.03483],[140.01729,35.0348],[140.01724,35.03484],[140.01731,35.03483]]],[[[140.01735,35.03482],[140.01733,35.03487],[140.01736,35.03488],[140.01735,35.03482]]],[[[140.0103,35.03484],[140.01022,35.03484],[140.01026,35.03487],[140.0103,35.03484]]],[[[140.01756,35.03501],[140.01752,35.03508],[140.01755,35.03508],[140.01756,35.03501]]],[[[140.01358,35.03533],[140.01357,35.03535],[140.0136,35.03536],[140.01358,35.03533]]],[[[140.01761,35.03555],[140.01762,35.03556],[140.01764,35.03554],[140.01761,35.03555]]],[[[139.98159,35.65618],[139.98086,35.66044],[139.98031,35.6604],[139.98083,35.66065],[139.98126,35.65833],[139.98159,35.65618]]],[[[139.97662,35.66742],[139.98012,35.66635],[139.98079,35.6611],[139.97985,35.66637],[139.9766,35.66699],[139.97698,35.66712],[139.97662,35.66742]]],[[[140.01785,35.03513],[140.01777,35.03512],[140.01777,35.03518],[140.01785,35.03513]]],[[[140.01855,35.0352],[140.01858,35.03524],[140.0186,35.03521],[140.01855,35.0352]]],[[[140.0182,35.03541],[140.01824,35.0354],[140.01818,35.03535],[140.0182,35.03541]]],[[[140.01767,35.03556],[140.01765,35.03555],[140.01764,35.03557],[140.01767,35.03556]]],[[[140.01848,35.03565],[140.01851,35.03565],[140.01852,35.03558],[140.01848,35.03565]]],[[[140.01877,35.03571],[140.01884,35.03579],[140.01879,35.03566],[140.01877,35.03571]]],[[[140.01879,35.03586],[140.01882,35.03586],[140.01879,35.03577],[140.01879,35.03586]]],[[[140.01887,35.03589],[140.01888,35.03585],[140.01875,35.03593],[140.01887,35.03589]]],[[[140.01892,35.03601],[140.01895,35.03602],[140.0189,35.03593],[140.01892,35.03601]]],[[[140.01888,35.03608],[140.01886,35.03608],[140.01889,35.03614],[140.01888,35.03608]]],[[[140.01871,35.03618],[140.01869,35.03616],[140.0187,35.03629],[140.01871,35.03618]]],[[[140.01878,35.03615],[140.0188,35.03637],[140.0189,35.03618],[140.01878,35.03615]]],[[[140.01854,35.03636],[140.0186,35.03645],[140.0186,35.03637],[140.01854,35.03636]]],[[[140.01854,35.03654],[140.01861,35.03664],[140.01882,35.03643],[140.01854,35.03654]]],[[[140.01914,35.03657],[140.01915,35.03662],[140.01921,35.0366],[140.01914,35.03657]]],[[[140.01863,35.03668],[140.0187,35.03678],[140.0189,35.03651],[140.01863,35.03668]]],[[[140.01955,35.03678],[140.01955,35.03672],[140.01953,35.03672],[140.01955,35.03678]]],[[[140.01874,35.03684],[140.01888,35.03676],[140.01882,35.03676],[140.01874,35.03684]]],[[[140.01894,35.0368],[140.01894,35.0369],[140.01908,35.03684],[140.01894,35.0368]]],[[[140.01929,35.03692],[140.0193,35.03686],[140.01919,35.03689],[140.01929,35.03692]]],[[[140.01935,35.03711],[140.01943,35.03716],[140.01942,35.03707],[140.01935,35.03711]]],[[[140.02048,35.03846],[140.0205,35.03844],[140.02036,35.03845],[140.02048,35.03846]]],[[[140.02032,35.03848],[140.02032,35.03843],[140.02027,35.03845],[140.02032,35.03848]]],[[[140.02132,35.03894],[140.02136,35.0389],[140.02134,35.03889],[140.02132,35.03894]]],[[[140.02109,35.03895],[140.02108,35.03897],[140.02115,35.03899],[140.02109,35.03895]]],[[[140.02178,35.03948],[140.02177,35.03944],[140.02172,35.03946],[140.02178,35.03948]]],[[[140.02152,35.03947],[140.02148,35.03948],[140.02164,35.03948],[140.02152,35.03947]]],[[[140.03001,35.04728],[140.03004,35.04729],[140.03006,35.04726],[140.03001,35.04728]]],[[[140.0443,35.04877],[140.04435,35.04884],[140.04438,35.04879],[140.0443,35.04877]]],[[[140.04483,35.04909],[140.04483,35.04919],[140.04488,35.04913],[140.04483,35.04909]]],[[[140.04498,35.04921],[140.04502,35.04927],[140.04504,35.04924],[140.04498,35.04921]]],[[[140.04286,35.04939],[140.04327,35.04937],[140.04322,35.04926],[140.04286,35.04939]]],[[[140.04237,35.04944],[140.04253,35.04964],[140.04268,35.04934],[140.04237,35.04944]]],[[[140.04429,35.04941],[140.04423,35.04953],[140.04436,35.04954],[140.04429,35.04941]]],[[[140.04328,35.04952],[140.04329,35.04956],[140.04338,35.04956],[140.04328,35.04952]]],[[[140.04469,35.04941],[140.04464,35.04957],[140.0451,35.0498],[140.04469,35.04941]]],[[[140.0356,35.0497],[140.03582,35.04975],[140.03563,35.0495],[140.0356,35.0497]]],[[[140.04204,35.05002],[140.042,35.05021],[140.04211,35.05022],[140.04204,35.05002]]],[[[140.04242,35.05024],[140.04227,35.05009],[140.04224,35.05017],[140.04242,35.05024]]],[[[140.05177,35.05101],[140.05177,35.05117],[140.05187,35.05109],[140.05177,35.05101]]],[[[140.05228,35.05136],[140.05339,35.0512],[140.05326,35.05105],[140.05228,35.05136]]],[[[140.05197,35.05182],[140.05269,35.05169],[140.05208,35.05167],[140.05197,35.05182]]],[[[140.05147,35.05145],[140.05039,35.05147],[140.05074,35.05176],[140.05147,35.05145]]],[[[140.05305,35.05167],[140.05301,35.05161],[140.05295,35.05163],[140.05305,35.05167]]],[[[140.04215,35.05325],[140.04217,35.0532],[140.04211,35.05318],[140.04215,35.05325]]],[[[140.04211,35.05333],[140.04206,35.05328],[140.04204,35.05331],[140.04211,35.05333]]],[[[140.0419,35.05343],[140.04197,35.05327],[140.04195,35.05328],[140.0419,35.05343]]],[[[140.04269,35.0533],[140.04256,35.05331],[140.04268,35.05343],[140.04269,35.0533]]],[[[140.04228,35.05341],[140.04235,35.05335],[140.04231,35.05335],[140.04228,35.05341]]],[[[140.04288,35.05344],[140.04296,35.05343],[140.04298,35.05338],[140.04288,35.05344]]],[[[140.04225,35.05353],[140.04234,35.05344],[140.04231,35.05344],[140.04225,35.05353]]],[[[140.04247,35.05348],[140.04247,35.05357],[140.04255,35.05358],[140.04247,35.05348]]],[[[140.0427,35.05353],[140.04269,35.05352],[140.04267,35.05356],[140.0427,35.05353]]],[[[140.04261,35.05355],[140.04262,35.05359],[140.04265,35.05353],[140.04261,35.05355]]],[[[140.04547,35.05488],[140.04552,35.0548],[140.0455,35.05481],[140.04547,35.05488]]],[[[140.04575,35.05495],[140.04581,35.0548],[140.04579,35.0548],[140.04575,35.05495]]],[[[140.04535,35.05492],[140.04535,35.05484],[140.04532,35.05489],[140.04535,35.05492]]],[[[140.04544,35.05495],[140.04543,35.05489],[140.04542,35.05489],[140.04544,35.05495]]],[[[140.04892,35.0549],[140.0489,35.05498],[140.049,35.05498],[140.04892,35.0549]]],[[[140.04994,35.05495],[140.04994,35.05502],[140.05011,35.05499],[140.04994,35.05495]]],[[[140.04916,35.055],[140.04916,35.05503],[140.0492,35.05502],[140.04916,35.055]]],[[[140.04908,35.055],[140.04907,35.05504],[140.04909,35.05504],[140.04908,35.055]]],[[[140.04967,35.05497],[140.04957,35.05502],[140.04964,35.05507],[140.04967,35.05497]]],[[[140.04892,35.05504],[140.04886,35.05501],[140.04884,35.05506],[140.04892,35.05504]]],[[[140.04806,35.05508],[140.04802,35.05508],[140.04802,35.05511],[140.04806,35.05508]]],[[[140.04926,35.05507],[140.04924,35.0551],[140.04926,35.05511],[140.04926,35.05507]]],[[[140.04867,35.0551],[140.04864,35.05513],[140.04868,35.05514],[140.04867,35.0551]]],[[[140.04929,35.05515],[140.04925,35.05513],[140.04924,35.05516],[140.04929,35.05515]]],[[[140.06121,35.05523],[140.06112,35.05521],[140.06107,35.05531],[140.06121,35.05523]]],[[[140.06017,35.05575],[140.06007,35.05589],[140.06019,35.05588],[140.06017,35.05575]]],[[[140.05769,35.05591],[140.05771,35.05586],[140.0576,35.05581],[140.05769,35.05591]]],[[[140.05957,35.05594],[140.05947,35.05597],[140.05954,35.05604],[140.05957,35.05594]]],[[[140.05794,35.05598],[140.05783,35.05603],[140.05787,35.05609],[140.05794,35.05598]]],[[[140.05923,35.0563],[140.05931,35.05611],[140.05904,35.05614],[140.05923,35.0563]]],[[[140.05748,35.05616],[140.05739,35.05613],[140.05741,35.05627],[140.05748,35.05616]]],[[[140.05766,35.05634],[140.05832,35.05668],[140.0584,35.05636],[140.05766,35.05634]]],[[[140.06319,35.05646],[140.06315,35.05668],[140.06368,35.05655],[140.06372,35.05627],[140.06319,35.05646]]],[[[140.05884,35.0567],[140.05899,35.05662],[140.05887,35.05633],[140.05884,35.0567]]],[[[140.05775,35.05661],[140.05778,35.05659],[140.05771,35.05655],[140.05775,35.05661]]],[[[140.06417,35.05656],[140.06425,35.05669],[140.06428,35.05668],[140.06417,35.05656]]],[[[140.06438,35.05654],[140.06441,35.0567],[140.06451,35.05669],[140.06438,35.05654]]],[[[140.0578,35.05664],[140.05786,35.05668],[140.05784,35.05661],[140.0578,35.05664]]],[[[140.05722,35.05663],[140.05716,35.05658],[140.05706,35.05662],[140.05722,35.05663]]],[[[140.0573,35.05675],[140.05742,35.05676],[140.05742,35.05671],[140.0573,35.05675]]],[[[140.06415,35.05676],[140.06422,35.05678],[140.0642,35.05669],[140.06415,35.05676]]],[[[140.05813,35.05678],[140.05799,35.05686],[140.05823,35.05685],[140.05813,35.05678]]],[[[140.0586,35.05695],[140.05867,35.05696],[140.05868,35.0569],[140.0586,35.05695]]],[[[140.06396,35.05696],[140.0641,35.05694],[140.06408,35.05691],[140.06396,35.05696]]],[[[140.06422,35.057],[140.06426,35.0569],[140.06422,35.05691],[140.06422,35.057]]],[[[140.06409,35.05702],[140.06412,35.057],[140.06404,35.05699],[140.06409,35.05702]]],[[[140.06452,35.05707],[140.06459,35.05682],[140.06431,35.05684],[140.06452,35.05707]]],[[[140.06344,35.05709],[140.06344,35.05716],[140.06347,35.05715],[140.06344,35.05709]]],[[[140.05665,35.05715],[140.05663,35.05725],[140.05673,35.05721],[140.05665,35.05715]]],[[[140.06299,35.05717],[140.06308,35.05727],[140.06317,35.05722],[140.06299,35.05717]]],[[[140.06343,35.05728],[140.06347,35.05731],[140.06352,35.05719],[140.06343,35.05728]]],[[[140.06289,35.05732],[140.06283,35.05727],[140.06281,35.05732],[140.06289,35.05732]]],[[[140.06298,35.05736],[140.06299,35.05734],[140.06293,35.05728],[140.06298,35.05736]]],[[[140.05334,35.05728],[140.05323,35.05733],[140.05327,35.05736],[140.05334,35.05728]]],[[[140.06347,35.05767],[140.06409,35.05753],[140.06418,35.05704],[140.06365,35.05701],[140.06347,35.05767]]],[[[140.06318,35.0573],[140.06316,35.05729],[140.06313,35.05739],[140.06318,35.05742],[140.06318,35.0573]]],[[[140.06322,35.05738],[140.06326,35.05743],[140.06331,35.05733],[140.06322,35.05738]]],[[[140.05285,35.05731],[140.05274,35.05738],[140.053,35.05745],[140.05285,35.05731]]],[[[140.05852,35.05739],[140.05854,35.05747],[140.05865,35.05743],[140.05852,35.05739]]],[[[140.06282,35.05747],[140.0629,35.05747],[140.0629,35.05741],[140.06282,35.05747]]],[[[140.06334,35.05761],[140.06343,35.05736],[140.0632,35.05747],[140.06308,35.05745],[140.06334,35.05761]]],[[[140.0531,35.05753],[140.05312,35.05746],[140.05305,35.05752],[140.0531,35.05753]]],[[[140.0628,35.05755],[140.06286,35.05758],[140.06281,35.0575],[140.0628,35.05755]]],[[[140.05993,35.05749],[140.05984,35.05745],[140.05982,35.05759],[140.05993,35.05749]]],[[[140.05213,35.05755],[140.05214,35.05752],[140.05204,35.05755],[140.05213,35.05755]]],[[[140.05873,35.05759],[140.05885,35.0576],[140.05886,35.05756],[140.05873,35.05759]]],[[[140.05222,35.05758],[140.05222,35.05754],[140.05219,35.05754],[140.05222,35.05758]]],[[[140.05269,35.05769],[140.05264,35.05765],[140.05261,35.0577],[140.05269,35.05769]]],[[[140.06292,35.05771],[140.06303,35.05773],[140.06301,35.05766],[140.06292,35.05771]]],[[[140.06286,35.05768],[140.06286,35.05772],[140.06287,35.05772],[140.0629,35.0577],[140.06286,35.05768]]],[[[140.06267,35.05771],[140.06286,35.05772],[140.06284,35.0577],[140.06267,35.05771]]],[[[140.06322,35.05767],[140.0631,35.0577],[140.06332,35.05774],[140.06322,35.05767]]],[[[140.05298,35.05773],[140.05301,35.05769],[140.05292,35.05769],[140.05298,35.05773]]],[[[140.05747,35.05773],[140.05746,35.05769],[140.05743,35.05769],[140.05747,35.05773]]],[[[140.05863,35.0578],[140.05871,35.05774],[140.05867,35.05773],[140.05863,35.0578]]],[[[140.05749,35.05781],[140.05752,35.05774],[140.05748,35.05775],[140.05749,35.05781]]],[[[140.05866,35.05783],[140.05866,35.05786],[140.05874,35.05773],[140.05866,35.05783]]],[[[140.05689,35.05782],[140.05682,35.05779],[140.05681,35.05782],[140.05689,35.05782]]],[[[140.05859,35.05787],[140.05855,35.05791],[140.05857,35.05791],[140.05859,35.05787]]],[[[140.05668,35.05791],[140.05665,35.05794],[140.05667,35.05796],[140.05668,35.05791]]],[[[140.05313,35.0581],[140.05339,35.05804],[140.05325,35.05803],[140.05313,35.0581]]],[[[140.05366,35.05817],[140.05372,35.05804],[140.05362,35.05809],[140.05366,35.05817]]],[[[140.05431,35.05811],[140.0543,35.05807],[140.05424,35.05813],[140.05431,35.05811]]],[[[140.05408,35.05823],[140.05416,35.05807],[140.05413,35.05808],[140.05408,35.05823]]],[[[140.05393,35.0582],[140.05393,35.05826],[140.05398,35.05825],[140.05393,35.0582]]],[[[140.06053,35.05877],[140.06056,35.05866],[140.06051,35.05872],[140.06053,35.05877]]],[[[140.06428,35.05878],[140.06428,35.05877],[140.0642,35.05875],[140.06428,35.05878]]],[[[140.06418,35.05882],[140.06411,35.05877],[140.06411,35.05892],[140.06418,35.05882]]],[[[140.06425,35.05892],[140.06429,35.05895],[140.06428,35.05883],[140.06425,35.05892]]],[[[140.06438,35.059],[140.06441,35.05909],[140.06444,35.05908],[140.06448,35.05892],[140.06438,35.059]]],[[[140.06435,35.05912],[140.06436,35.05913],[140.06436,35.05903],[140.06435,35.05912]]],[[[140.06434,35.05912],[140.06433,35.05906],[140.06432,35.05907],[140.06434,35.05912]]],[[[140.02982,35.50783],[140.02957,35.50754],[140.02937,35.50782],[140.02982,35.50783]]],[[[140.03442,35.51179],[140.03424,35.51225],[140.03655,35.51094],[140.03442,35.51179]]],[[[140.0454,35.51148],[140.04187,35.51348],[140.04067,35.51312],[140.04183,35.51361],[140.0454,35.51148]]],[[[140.06058,35.54463],[140.06071,35.54459],[140.0595,35.54316],[140.05988,35.54281],[140.05905,35.54281],[140.06058,35.54463]]],[[[140.07409,35.05374],[140.07413,35.05351],[140.07405,35.05352],[140.07409,35.05374]]],[[[140.07383,35.05472],[140.07388,35.05523],[140.07409,35.05512],[140.07418,35.05456],[140.07383,35.05472]]],[[[140.07487,35.05506],[140.07476,35.0551],[140.07481,35.05516],[140.07487,35.05506]]],[[[140.07459,35.05508],[140.0745,35.05505],[140.07446,35.05518],[140.07459,35.05508]]],[[[140.07224,35.05569],[140.07314,35.05542],[140.07305,35.05516],[140.07238,35.05497],[140.07224,35.05569]]],[[[140.07323,35.05553],[140.0735,35.05553],[140.07352,35.05543],[140.07323,35.05553]]],[[[140.07476,35.05552],[140.07491,35.05535],[140.07472,35.05538],[140.07476,35.05552]]],[[[140.06866,35.05574],[140.06855,35.05562],[140.06848,35.05574],[140.06866,35.05574]]],[[[140.07456,35.05585],[140.07453,35.05588],[140.07459,35.05593],[140.07456,35.05585]]],[[[140.06545,35.0561],[140.06533,35.0562],[140.06543,35.05623],[140.06545,35.0561]]],[[[140.07489,35.05665],[140.07498,35.05661],[140.07477,35.05647],[140.07489,35.05665]]],[[[140.0648,35.05657],[140.06483,35.05654],[140.06472,35.05654],[140.0648,35.05657]]],[[[140.06457,35.05654],[140.06457,35.05656],[140.06464,35.05662],[140.06457,35.05654]]],[[[140.07527,35.0569],[140.07539,35.05692],[140.07527,35.0567],[140.07527,35.0569]]],[[[140.07504,35.0569],[140.07478,35.05684],[140.07498,35.05701],[140.07504,35.0569]]],[[[140.07555,35.05708],[140.07583,35.05763],[140.07617,35.05725],[140.07555,35.05708]]],[[[140.06878,35.05764],[140.06905,35.05755],[140.06838,35.05711],[140.06878,35.05764]]],[[[140.07075,35.05738],[140.07087,35.0575],[140.07088,35.05738],[140.07075,35.05738]]],[[[140.06749,35.0575],[140.0676,35.05748],[140.06756,35.05743],[140.06749,35.0575]]],[[[140.07119,35.05755],[140.07129,35.05756],[140.07129,35.0575],[140.07119,35.05755]]],[[[140.06863,35.05763],[140.06817,35.05738],[140.06823,35.05749],[140.06863,35.05763]]],[[[140.07031,35.05754],[140.07022,35.05748],[140.07021,35.05752],[140.07031,35.05754]]],[[[140.07094,35.05757],[140.07096,35.05749],[140.07092,35.05749],[140.07094,35.05757]]],[[[140.07112,35.05756],[140.07116,35.05754],[140.07103,35.05752],[140.07112,35.05756]]],[[[140.06739,35.05753],[140.06744,35.05763],[140.06747,35.05761],[140.06739,35.05753]]],[[[140.06749,35.05757],[140.06756,35.05761],[140.06754,35.05756],[140.06749,35.05757]]],[[[140.06779,35.05756],[140.06776,35.05753],[140.06774,35.05759],[140.06779,35.05756]]],[[[140.06775,35.05748],[140.06773,35.05745],[140.06766,35.05756],[140.06775,35.05748]]],[[[140.0702,35.05764],[140.07031,35.0576],[140.07028,35.05759],[140.0702,35.05764]]],[[[140.06911,35.05764],[140.06911,35.05759],[140.06902,35.05763],[140.06911,35.05764]]],[[[140.06763,35.05758],[140.06757,35.05756],[140.06759,35.05765],[140.06752,35.05767],[140.06764,35.05767],[140.06763,35.05758]]],[[[140.06744,35.05782],[140.06746,35.05781],[140.0674,35.05769],[140.06744,35.05782]]],[[[140.07604,35.05782],[140.07613,35.0578],[140.07609,35.05773],[140.07604,35.05782]]],[[[140.06702,35.05783],[140.06703,35.05786],[140.06706,35.05786],[140.06702,35.05783]]],[[[140.07674,35.05778],[140.07657,35.05782],[140.0767,35.0579],[140.07674,35.05778]]],[[[140.06789,35.05786],[140.06781,35.0578],[140.06783,35.05784],[140.06789,35.05786]]],[[[140.07626,35.05783],[140.0763,35.05807],[140.07642,35.05799],[140.07626,35.05783]]],[[[140.06683,35.05779],[140.06671,35.05795],[140.06677,35.05795],[140.06683,35.05779]]],[[[140.06736,35.05787],[140.0674,35.0579],[140.06745,35.05794],[140.06742,35.05784],[140.06736,35.05787]]],[[[140.06944,35.05793],[140.06946,35.05794],[140.06941,35.05788],[140.06944,35.05793]]],[[[140.06736,35.05795],[140.06735,35.05789],[140.06731,35.05788],[140.06736,35.05795]]],[[[140.06691,35.05791],[140.06692,35.05797],[140.06702,35.0579],[140.06691,35.05791]]],[[[140.0674,35.0579],[140.06737,35.05789],[140.06737,35.05794],[140.0674,35.0579]]],[[[140.06973,35.05797],[140.06976,35.05804],[140.0698,35.05798],[140.06973,35.05797]]],[[[140.06926,35.05801],[140.06926,35.058],[140.06915,35.05795],[140.06926,35.05801]]],[[[140.06949,35.05797],[140.0694,35.05796],[140.06948,35.05812],[140.06949,35.05797]]],[[[140.06897,35.05808],[140.06903,35.05804],[140.06898,35.05801],[140.06897,35.05808]]],[[[140.06914,35.05804],[140.06933,35.0581],[140.06924,35.05803],[140.06914,35.05804]]],[[[140.06691,35.05802],[140.06704,35.05818],[140.06708,35.05816],[140.06691,35.05802]]],[[[140.06954,35.05811],[140.06954,35.05806],[140.06951,35.05806],[140.06954,35.05811]]],[[[140.06921,35.05813],[140.06924,35.05815],[140.06926,35.05814],[140.06921,35.05813]]],[[[140.06966,35.05811],[140.0696,35.05807],[140.06957,35.05813],[140.06966,35.05811]]],[[[140.06929,35.05816],[140.06933,35.05816],[140.06934,35.05815],[140.06929,35.05816]]],[[[140.06641,35.0582],[140.06649,35.05826],[140.06652,35.05816],[140.06641,35.0582]]],[[[140.06613,35.0581],[140.06612,35.05806],[140.066,35.05826],[140.06613,35.0581]]],[[[140.06902,35.05816],[140.06913,35.05828],[140.06916,35.05819],[140.06902,35.05816]]],[[[140.06615,35.05815],[140.06612,35.05826],[140.06617,35.05827],[140.06615,35.05815]]],[[[140.06967,35.05822],[140.06958,35.05821],[140.06957,35.05824],[140.06967,35.05822]]],[[[140.06921,35.05834],[140.06921,35.05827],[140.06917,35.0583],[140.06921,35.05834]]],[[[140.06571,35.05832],[140.06569,35.05829],[140.06566,35.05833],[140.06571,35.05832]]],[[[140.06911,35.05837],[140.06909,35.05833],[140.06907,35.05835],[140.06911,35.05837]]],[[[140.06658,35.05843],[140.06657,35.05835],[140.06655,35.05837],[140.06658,35.05843]]],[[[140.06638,35.0584],[140.06644,35.0585],[140.06652,35.05837],[140.06643,35.0583],[140.06638,35.0584]]],[[[140.06934,35.05836],[140.06932,35.05833],[140.06929,35.05839],[140.06934,35.05836]]],[[[140.06948,35.05846],[140.06951,35.05853],[140.06961,35.05838],[140.06948,35.05846]]],[[[140.06594,35.05841],[140.06597,35.05851],[140.06605,35.05836],[140.06594,35.05841]]],[[[140.06572,35.05851],[140.06575,35.05854],[140.06577,35.05838],[140.06572,35.05851]]],[[[140.06937,35.05853],[140.06942,35.05854],[140.0694,35.05847],[140.06937,35.05853]]],[[[140.06581,35.05858],[140.06585,35.05848],[140.0658,35.05848],[140.06581,35.05858]]],[[[140.0653,35.05872],[140.06531,35.05864],[140.06528,35.05862],[140.0653,35.05872]]],[[[140.06526,35.05883],[140.06525,35.05873],[140.06524,35.05874],[140.06526,35.05883]]],[[[140.06441,35.05874],[140.06436,35.05897],[140.06449,35.05891],[140.06466,35.05893],[140.06441,35.05874]]],[[[140.07446,35.05883],[140.07428,35.05891],[140.07465,35.05898],[140.07446,35.05883]]],[[[140.07782,35.06023],[140.07745,35.0606],[140.07787,35.06077],[140.07832,35.06033],[140.07782,35.06023]]],[[[140.08152,35.06157],[140.08146,35.06145],[140.08132,35.06161],[140.08152,35.06157]]],[[[140.08154,35.06167],[140.08163,35.0619],[140.08179,35.06151],[140.08154,35.06167]]],[[[140.09187,35.06487],[140.09164,35.06524],[140.09192,35.06514],[140.09187,35.06487]]],[[[140.09158,35.06548],[140.09161,35.06555],[140.09166,35.06551],[140.09158,35.06548]]],[[[140.09115,35.06581],[140.09106,35.06581],[140.09107,35.06594],[140.09115,35.06581]]],[[[140.08342,35.06804],[140.0834,35.06813],[140.08357,35.06806],[140.08342,35.06804]]],[[[140.08386,35.0683],[140.08375,35.0684],[140.08384,35.06844],[140.08386,35.0683]]],[[[140.08594,35.06854],[140.08601,35.06863],[140.0861,35.06858],[140.08594,35.06854]]],[[[140.08717,35.06925],[140.08707,35.06933],[140.08715,35.06941],[140.08717,35.06925]]],[[[140.0854,35.07129],[140.08578,35.07094],[140.08545,35.07104],[140.0854,35.07129]]],[[[140.0862,35.07145],[140.08624,35.0714],[140.08607,35.07137],[140.0862,35.07145]]],[[[140.08682,35.07214],[140.08719,35.07196],[140.0871,35.07196],[140.08682,35.07214]]],[[[140.11027,35.07231],[140.11031,35.07259],[140.11069,35.07241],[140.1105,35.07203],[140.11027,35.07231]]],[[[140.09151,35.07237],[140.09201,35.07266],[140.09185,35.0721],[140.09107,35.07244],[140.09151,35.07237]]],[[[140.11103,35.07246],[140.11106,35.07258],[140.11119,35.07252],[140.11103,35.07246]]],[[[140.09124,35.07257],[140.09117,35.07275],[140.0913,35.0728],[140.09124,35.07257]]],[[[140.08778,35.07287],[140.08772,35.07295],[140.08774,35.07297],[140.08778,35.07287]]],[[[140.10581,35.07411],[140.10725,35.07353],[140.10812,35.07392],[140.10897,35.07274],[140.10809,35.07264],[140.10797,35.07304],[140.1065,35.0734],[140.10581,35.07411]]],[[[140.10985,35.07365],[140.11,35.07362],[140.10997,35.07357],[140.10985,35.07365]]],[[[140.09213,35.07381],[140.09209,35.07372],[140.09187,35.07385],[140.09213,35.07381]]],[[[140.10977,35.07378],[140.10969,35.0739],[140.1101,35.0741],[140.11038,35.07359],[140.10977,35.07378]]],[[[140.10846,35.07406],[140.10845,35.07413],[140.10909,35.07421],[140.10883,35.07384],[140.10846,35.07406]]],[[[140.11036,35.0741],[140.1105,35.07412],[140.11051,35.07407],[140.11036,35.0741]]],[[[140.10931,35.07421],[140.10934,35.07433],[140.10946,35.07429],[140.10931,35.07421]]],[[[140.10823,35.07437],[140.10822,35.07443],[140.10836,35.07438],[140.10823,35.07437]]],[[[140.10913,35.07455],[140.1091,35.07463],[140.10922,35.07464],[140.10913,35.07455]]],[[[140.10867,35.07437],[140.10832,35.07478],[140.10854,35.07486],[140.10867,35.07437]]],[[[140.10749,35.07513],[140.10756,35.07528],[140.10813,35.07473],[140.10749,35.07513]]],[[[140.10859,35.07524],[140.10864,35.0755],[140.1093,35.07503],[140.10859,35.07524]]],[[[140.10821,35.07549],[140.10827,35.07547],[140.10823,35.07539],[140.10821,35.07549]]],[[[140.10368,35.07563],[140.1041,35.0755],[140.10398,35.07535],[140.10368,35.07563]]],[[[140.09876,35.07576],[140.09902,35.0759],[140.09917,35.07549],[140.09876,35.07576]]],[[[140.10029,35.07591],[140.10033,35.076],[140.10057,35.07574],[140.10029,35.07591]]],[[[140.1074,35.07589],[140.10753,35.07588],[140.10749,35.07583],[140.1074,35.07589]]],[[[140.10589,35.07645],[140.10595,35.07669],[140.10636,35.07627],[140.10589,35.07645]]],[[[140.10545,35.07705],[140.10535,35.07587],[140.10602,35.07595],[140.10655,35.07516],[140.10597,35.07512],[140.10538,35.07575],[140.10444,35.07551],[140.10273,35.07596],[140.10291,35.07675],[140.10417,35.07632],[140.10302,35.07697],[140.10274,35.07783],[140.10364,35.07836],[140.10347,35.07802],[140.10545,35.07705]]],[[[140.10219,35.07935],[140.10225,35.07916],[140.10169,35.07923],[140.10219,35.07935]]],[[[140.0996,35.08109],[140.0994,35.08105],[140.0994,35.08118],[140.0996,35.08109]]],[[[140.1008,35.08111],[140.10081,35.08115],[140.10089,35.08114],[140.1008,35.08111]]],[[[140.10046,35.08114],[140.10045,35.08122],[140.10054,35.08121],[140.10046,35.08114]]],[[[140.10128,35.08249],[140.1013,35.08235],[140.10116,35.08239],[140.10128,35.08249]]],[[[140.10065,35.08269],[140.10066,35.0828],[140.1008,35.08279],[140.10065,35.08269]]],[[[140.10035,35.08289],[140.10031,35.08265],[140.1002,35.08268],[140.10035,35.08289]]],[[[140.10366,35.0851],[140.10418,35.08532],[140.10422,35.08487],[140.10366,35.0851]]],[[[140.10786,35.08556],[140.10783,35.08557],[140.10777,35.08568],[140.10786,35.08556]]],[[[140.10597,35.08588],[140.10598,35.08602],[140.10614,35.08601],[140.10597,35.08588]]],[[[140.10308,35.08821],[140.10323,35.08819],[140.10321,35.08806],[140.10308,35.08821]]],[[[140.10559,35.08844],[140.10544,35.08851],[140.10546,35.08855],[140.10559,35.08844]]],[[[140.1129,35.08874],[140.11297,35.08843],[140.11282,35.08836],[140.1129,35.08874]]],[[[140.10347,35.08886],[140.10326,35.08879],[140.10324,35.08883],[140.10347,35.08886]]],[[[140.10864,35.08919],[140.10873,35.08918],[140.10863,35.08909],[140.10864,35.08919]]],[[[140.10815,35.08946],[140.10807,35.08907],[140.10763,35.08922],[140.10815,35.08946]]],[[[140.10705,35.08931],[140.10697,35.08935],[140.10705,35.08943],[140.10705,35.08931]]],[[[140.10616,35.08933],[140.10599,35.08944],[140.10616,35.08949],[140.10616,35.08933]]],[[[140.10669,35.08939],[140.10684,35.08949],[140.10686,35.08945],[140.10669,35.08939]]],[[[140.10134,35.08905],[140.10108,35.08957],[140.10206,35.08986],[140.10193,35.08913],[140.10134,35.08905]]],[[[140.10447,35.08942],[140.10453,35.08961],[140.10465,35.08941],[140.10447,35.08942]]],[[[140.10511,35.08953],[140.10497,35.08965],[140.10509,35.08967],[140.10511,35.08953]]],[[[140.111,35.09012],[140.11096,35.09025],[140.11122,35.09024],[140.111,35.09012]]],[[[140.11094,35.09052],[140.11107,35.09052],[140.11109,35.09044],[140.11094,35.09052]]],[[[140.10745,35.09042],[140.10733,35.09052],[140.10751,35.09058],[140.10745,35.09042]]],[[[140.11047,35.0909],[140.1105,35.09056],[140.10868,35.0908],[140.10892,35.09138],[140.11047,35.0909]]],[[[140.10961,35.09243],[140.10965,35.09225],[140.10928,35.09229],[140.10961,35.09243]]],[[[140.07074,35.55758],[140.07793,35.56178],[140.07077,35.55755],[140.0689,35.55694],[140.07074,35.55758]]],[[[140.09277,35.5878],[140.0928,35.58816],[140.10296,35.58738],[140.10511,35.57762],[140.10947,35.57661],[140.11049,35.57243],[140.11131,35.57223],[140.11173,35.57043],[140.0861,35.56945],[140.08163,35.5881],[140.09277,35.5878]]],[[[140.0815,35.60738],[140.08262,35.60628],[140.08251,35.6062],[140.0815,35.60738]]],[[[140.11992,35.08765],[140.11986,35.08776],[140.12012,35.08783],[140.11992,35.08765]]],[[[140.12061,35.08857],[140.1206,35.08864],[140.1208,35.08872],[140.12061,35.08857]]],[[[140.12153,35.08932],[140.12152,35.08925],[140.12136,35.08931],[140.12153,35.08932]]],[[[140.12116,35.08959],[140.12095,35.08924],[140.12058,35.08942],[140.12116,35.08959]]],[[[140.19949,35.11033],[140.19987,35.11032],[140.19972,35.11002],[140.19949,35.11033]]],[[[140.20546,35.11096],[140.20564,35.11075],[140.20548,35.11064],[140.20546,35.11096]]],[[[140.19863,35.11296],[140.19849,35.1128],[140.19835,35.11285],[140.19863,35.11296]]],[[[140.19894,35.11317],[140.19914,35.11322],[140.19917,35.11302],[140.19894,35.11317]]],[[[140.2208,35.11543],[140.2207,35.1155],[140.22096,35.11579],[140.2208,35.11543]]],[[[140.18349,35.11726],[140.18358,35.11709],[140.1831,35.11715],[140.18349,35.11726]]],[[[140.18406,35.11738],[140.18414,35.1175],[140.1842,35.11739],[140.18406,35.11738]]],[[[140.1838,35.11757],[140.184,35.1175],[140.184,35.11739],[140.1838,35.11757]]],[[[140.18281,35.11758],[140.18297,35.1176],[140.18287,35.11747],[140.18281,35.11758]]],[[[140.18192,35.11762],[140.18183,35.11753],[140.18181,35.11755],[140.18192,35.11762]]],[[[140.14284,35.11763],[140.14327,35.11775],[140.14299,35.11751],[140.14284,35.11763]]],[[[140.18243,35.11755],[140.18283,35.11782],[140.18284,35.11781],[140.18243,35.11755]]],[[[140.18343,35.11793],[140.18356,35.11779],[140.18336,35.11763],[140.18343,35.11793]]],[[[140.18151,35.11791],[140.18143,35.11777],[140.18145,35.11786],[140.18151,35.11791]]],[[[140.18289,35.11772],[140.18327,35.11804],[140.18335,35.11797],[140.18289,35.11772]]],[[[140.17897,35.11799],[140.17901,35.11799],[140.17894,35.1179],[140.17897,35.11799]]],[[[140.23941,35.11793],[140.23915,35.11803],[140.23921,35.11821],[140.23941,35.11793]]],[[[140.17882,35.11818],[140.17908,35.11818],[140.17894,35.118],[140.17882,35.11818]]],[[[140.18415,35.11816],[140.18409,35.11806],[140.18408,35.11813],[140.18415,35.11816]]],[[[140.18421,35.11821],[140.18425,35.11823],[140.18419,35.11811],[140.18421,35.11821]]],[[[140.24002,35.11798],[140.23969,35.11831],[140.23992,35.11834],[140.24002,35.11798]]],[[[140.18443,35.11824],[140.18425,35.11826],[140.18441,35.11832],[140.18443,35.11824]]],[[[140.18359,35.11827],[140.18335,35.11827],[140.18348,35.11847],[140.18359,35.11827]]],[[[140.18407,35.11847],[140.18422,35.11854],[140.18411,35.11825],[140.18407,35.11847]]],[[[140.17949,35.11841],[140.17957,35.11845],[140.17958,35.11844],[140.17949,35.11841]]],[[[140.17888,35.11851],[140.17826,35.11855],[140.17857,35.11881],[140.17888,35.11851]]],[[[140.18059,35.11892],[140.18074,35.11894],[140.18058,35.11864],[140.18059,35.11892]]],[[[140.18384,35.11884],[140.18394,35.11879],[140.18392,35.11876],[140.18384,35.11884]]],[[[140.17904,35.11877],[140.17902,35.11878],[140.17906,35.11883],[140.17904,35.11877]]],[[[140.18525,35.11885],[140.18526,35.11897],[140.18565,35.11893],[140.18525,35.11885]]],[[[140.18394,35.11891],[140.18393,35.11885],[140.18384,35.11887],[140.18394,35.11891]]],[[[140.18368,35.11899],[140.18379,35.11903],[140.18362,35.1188],[140.18368,35.11899]]],[[[140.18472,35.11897],[140.18466,35.11916],[140.18477,35.11923],[140.18472,35.11897]]],[[[140.1606,35.11945],[140.16054,35.11936],[140.16027,35.11952],[140.1606,35.11945]]],[[[140.19457,35.11947],[140.19478,35.11959],[140.19484,35.11952],[140.19457,35.11947]]],[[[140.15904,35.11996],[140.15906,35.11984],[140.159,35.11986],[140.15904,35.11996]]],[[[140.15885,35.12008],[140.15888,35.1201],[140.15893,35.11997],[140.15885,35.12008]]],[[[140.15829,35.1202],[140.15847,35.11996],[140.15829,35.12001],[140.15829,35.1202]]],[[[140.15934,35.12017],[140.15929,35.12014],[140.15929,35.12022],[140.15934,35.12017]]],[[[140.15676,35.12038],[140.15677,35.12026],[140.15675,35.12031],[140.15676,35.12038]]],[[[140.15716,35.1202],[140.15705,35.12015],[140.15693,35.12021],[140.1575,35.12053],[140.15716,35.1202]]],[[[140.15627,35.12037],[140.15639,35.12061],[140.15647,35.12061],[140.15627,35.12037]]],[[[140.18583,35.12063],[140.18587,35.12041],[140.18583,35.12042],[140.18583,35.12063]]],[[[140.1576,35.12068],[140.15764,35.1208],[140.15773,35.1207],[140.1576,35.12068]]],[[[140.15594,35.12077],[140.15614,35.12081],[140.15605,35.12072],[140.15594,35.12077]]],[[[140.18555,35.12114],[140.18573,35.12108],[140.18556,35.12069],[140.18555,35.12114]]],[[[140.18577,35.12115],[140.18578,35.12128],[140.18588,35.1212],[140.18577,35.12115]]],[[[140.17099,35.12115],[140.17107,35.12155],[140.17123,35.12144],[140.17099,35.12115]]],[[[140.16539,35.12276],[140.1655,35.12273],[140.16545,35.12268],[140.16539,35.12276]]],[[[140.16553,35.12285],[140.16555,35.12282],[140.16545,35.12279],[140.16553,35.12285]]],[[[140.19491,35.12287],[140.19496,35.12287],[140.19497,35.12284],[140.19491,35.12287]]],[[[140.19476,35.12295],[140.19478,35.12297],[140.19483,35.12295],[140.19476,35.12295]]],[[[140.19461,35.12307],[140.19466,35.12304],[140.19459,35.123],[140.19461,35.12307]]],[[[140.16744,35.12314],[140.16736,35.12306],[140.16733,35.12307],[140.16744,35.12314]]],[[[140.1676,35.12336],[140.16766,35.12331],[140.16754,35.12331],[140.1676,35.12336]]],[[[140.16708,35.12351],[140.16716,35.1235],[140.16711,35.12343],[140.16708,35.12351]]],[[[140.25328,35.12745],[140.25338,35.12767],[140.25364,35.12755],[140.25328,35.12745]]],[[[140.27847,35.12783],[140.27827,35.12822],[140.27856,35.12828],[140.27847,35.12783]]],[[[140.25156,35.12814],[140.25156,35.12808],[140.25046,35.12835],[140.25156,35.12814]]],[[[140.2753,35.13025],[140.27528,35.13013],[140.27517,35.13015],[140.2753,35.13025]]],[[[140.2812,35.1323],[140.28142,35.13242],[140.28147,35.13225],[140.2812,35.1323]]],[[[140.28341,35.13265],[140.28343,35.13276],[140.28354,35.13273],[140.28341,35.13265]]],[[[140.28155,35.13275],[140.28166,35.13286],[140.28188,35.1328],[140.28155,35.13275]]],[[[140.28338,35.1329],[140.28326,35.13294],[140.28327,35.13306],[140.28338,35.1329]]],[[[140.28685,35.13357],[140.28697,35.13336],[140.28671,35.13331],[140.28685,35.13357]]],[[[140.28958,35.13547],[140.28973,35.13564],[140.28994,35.13548],[140.28958,35.13547]]],[[[140.31849,35.13597],[140.31866,35.13611],[140.31887,35.13595],[140.31849,35.13597]]],[[[140.25953,35.13619],[140.25944,35.13619],[140.25943,35.13627],[140.25953,35.13619]]],[[[140.25893,35.13647],[140.25867,35.1362],[140.25849,35.13631],[140.25893,35.13647]]],[[[140.29086,35.13644],[140.29113,35.13643],[140.29111,35.13626],[140.29086,35.13644]]],[[[140.25925,35.13647],[140.25935,35.13646],[140.25935,35.1364],[140.25925,35.13647]]],[[[140.29171,35.13673],[140.29163,35.13653],[140.29135,35.13671],[140.29171,35.13673]]],[[[140.31941,35.13618],[140.31915,35.13684],[140.32026,35.1372],[140.31996,35.13631],[140.31941,35.13618]]],[[[140.30868,35.13724],[140.30893,35.13739],[140.30907,35.13712],[140.30868,35.13724]]],[[[140.32219,35.13817],[140.32217,35.13768],[140.32154,35.13754],[140.32156,35.13803],[140.32219,35.13817]]],[[[140.30897,35.13841],[140.30885,35.13823],[140.30875,35.13827],[140.30897,35.13841]]],[[[140.32774,35.14533],[140.3278,35.14542],[140.32804,35.14531],[140.32774,35.14533]]],[[[140.30722,35.14753],[140.30728,35.14738],[140.30722,35.14736],[140.30722,35.14753]]],[[[140.34598,35.17482],[140.34615,35.17484],[140.34614,35.17477],[140.34598,35.17482]]],[[[140.3463,35.17494],[140.34631,35.17491],[140.34619,35.17488],[140.3463,35.17494]]],[[[140.3461,35.17492],[140.34605,35.1749],[140.34606,35.17494],[140.3461,35.17492]]],[[[140.3469,35.17526],[140.34689,35.17527],[140.3469,35.17528],[140.3469,35.17526]]],[[[140.34652,35.17532],[140.34647,35.17531],[140.34647,35.17533],[140.34652,35.17532]]],[[[140.34735,35.17556],[140.3475,35.17531],[140.34741,35.17527],[140.34735,35.17556]]],[[[140.34661,35.17547],[140.34658,35.17546],[140.34657,35.17548],[140.34661,35.17547]]],[[[140.34651,35.17545],[140.34642,35.17553],[140.34646,35.17553],[140.34651,35.17545]]],[[[140.34874,35.17556],[140.34858,35.17562],[140.349,35.17593],[140.34929,35.17578],[140.34874,35.17556]]],[[[140.35002,35.17625],[140.34973,35.17619],[140.34982,35.17639],[140.35002,35.17625]]],[[[140.34968,35.17684],[140.34953,35.17664],[140.34933,35.17673],[140.34968,35.17684]]],[[[140.34905,35.17711],[140.34902,35.17713],[140.34906,35.17715],[140.34905,35.17711]]],[[[140.34911,35.17719],[140.34904,35.17718],[140.34904,35.17723],[140.34911,35.17719]]],[[[140.34813,35.1774],[140.34819,35.17738],[140.34802,35.17731],[140.34813,35.1774]]],[[[140.37382,35.17931],[140.37383,35.17934],[140.37386,35.17933],[140.37382,35.17931]]],[[[140.3749,35.17981],[140.37489,35.1798],[140.37489,35.17982],[140.3749,35.17981]]],[[[140.37499,35.17983],[140.37499,35.17984],[140.37501,35.17984],[140.37499,35.17983]]],[[[140.37493,35.17983],[140.37491,35.17983],[140.37492,35.17985],[140.37493,35.17983]]],[[[140.37562,35.17993],[140.37558,35.17992],[140.37557,35.17997],[140.37562,35.17993]]],[[[140.37612,35.18028],[140.37605,35.18029],[140.37608,35.18032],[140.37612,35.18028]]],[[[140.37646,35.18034],[140.37633,35.18031],[140.37633,35.18034],[140.37646,35.18034]]],[[[140.37727,35.18101],[140.37749,35.18098],[140.37714,35.1808],[140.37727,35.18101]]],[[[140.38122,35.1853],[140.38118,35.18536],[140.38122,35.18538],[140.38122,35.1853]]],[[[140.38868,35.19728],[140.38871,35.19727],[140.38859,35.19724],[140.38868,35.19728]]],[[[140.38846,35.19729],[140.38854,35.19728],[140.38852,35.19725],[140.38846,35.19729]]],[[[140.39123,35.19928],[140.39135,35.19922],[140.39128,35.19917],[140.39123,35.19928]]],[[[140.39247,35.19985],[140.39262,35.19981],[140.39241,35.19946],[140.39247,35.19985]]],[[[140.39218,35.19986],[140.39191,35.19989],[140.3921,35.20006],[140.39218,35.19986]]],[[[140.39193,35.2001],[140.392,35.20009],[140.39199,35.19999],[140.39193,35.2001]]],[[[140.39199,35.20051],[140.39232,35.20049],[140.39189,35.2001],[140.39155,35.20009],[140.39199,35.20051]]],[[[140.39237,35.20042],[140.39223,35.20033],[140.39223,35.20034],[140.39237,35.20042]]],[[[140.39172,35.20075],[140.39186,35.20069],[140.39168,35.20062],[140.39172,35.20075]]],[[[140.39224,35.20089],[140.39249,35.20083],[140.39225,35.20074],[140.39224,35.20089]]],[[[140.393,35.20168],[140.39312,35.20174],[140.39313,35.20166],[140.393,35.20168]]],[[[140.39357,35.2024],[140.39355,35.20244],[140.39361,35.20243],[140.39357,35.2024]]],[[[140.39412,35.20308],[140.3942,35.20311],[140.39418,35.20297],[140.39412,35.20308]]],[[[140.40586,35.25439],[140.4058,35.25387],[140.40581,35.25438],[140.4053,35.25497],[140.40586,35.25439]]],[[[140.40871,35.25665],[140.40755,35.25568],[140.40748,35.25574],[140.40871,35.25665]]],[[[140.41018,35.3195],[140.41027,35.31942],[140.4101,35.31935],[140.41018,35.3195]]],[[[140.72873,35.68924],[140.72875,35.68924],[140.72854,35.68754],[140.72873,35.68924]]],[[[140.8672,35.68894],[140.86733,35.68896],[140.86731,35.68891],[140.8672,35.68894]]],[[[140.86672,35.68939],[140.86676,35.68947],[140.8668,35.68945],[140.86672,35.68939]]],[[[140.86634,35.68977],[140.86638,35.68988],[140.86643,35.68977],[140.86634,35.68977]]],[[[140.86658,35.68996],[140.86675,35.69013],[140.86675,35.69009],[140.86658,35.68996]]],[[[140.86694,35.69017],[140.86698,35.69018],[140.86691,35.69002],[140.86694,35.69017]]],[[[140.86762,35.69014],[140.86766,35.69013],[140.86765,35.69005],[140.86762,35.69014]]],[[[140.86761,35.69035],[140.86757,35.69036],[140.86764,35.69055],[140.86761,35.69035]]],[[[140.86661,35.69068],[140.86659,35.69069],[140.8666,35.69073],[140.86661,35.69068]]],[[[140.86675,35.6909],[140.86668,35.69083],[140.86664,35.69085],[140.86675,35.6909]]],[[[140.8651,35.69108],[140.86508,35.6912],[140.8652,35.69121],[140.8651,35.69108]]],[[[140.85667,35.69113],[140.85665,35.69125],[140.8567,35.69117],[140.85667,35.69113]]],[[[140.86581,35.69135],[140.86569,35.69112],[140.86561,35.6912],[140.86581,35.69135]]],[[[140.8661,35.69141],[140.86621,35.6914],[140.86606,35.69129],[140.8661,35.69141]]],[[[140.86637,35.69135],[140.86679,35.69158],[140.86622,35.69121],[140.86637,35.69135]]],[[[140.86521,35.69152],[140.86533,35.69153],[140.86545,35.69133],[140.86521,35.69152]]],[[[140.8661,35.69155],[140.86627,35.69152],[140.86627,35.69149],[140.8661,35.69155]]],[[[140.86692,35.69154],[140.86699,35.69158],[140.86706,35.69152],[140.86692,35.69154]]],[[[140.8674,35.69159],[140.86714,35.6915],[140.86712,35.69155],[140.8674,35.69159]]],[[[140.86674,35.6917],[140.86632,35.69153],[140.8663,35.69157],[140.86674,35.6917]]],[[[140.8655,35.69169],[140.86552,35.69164],[140.86547,35.69163],[140.8655,35.69169]]],[[[140.86604,35.69177],[140.86603,35.69178],[140.86625,35.69192],[140.86604,35.69177]]],[[[140.8601,35.69253],[140.86014,35.69242],[140.85992,35.69242],[140.8601,35.69253]]],[[[140.85418,35.69364],[140.85423,35.69359],[140.85416,35.69354],[140.85418,35.69364]]],[[[140.84739,35.69415],[140.84747,35.69421],[140.84863,35.69324],[140.84739,35.69415]]],[[[140.86705,35.69387],[140.86718,35.69389],[140.86717,35.69362],[140.86705,35.69387]]],[[[140.86185,35.69399],[140.86181,35.69388],[140.86169,35.69393],[140.86185,35.69399]]],[[[140.85914,35.69403],[140.85918,35.69398],[140.85896,35.69396],[140.85914,35.69403]]],[[[140.85777,35.69414],[140.85791,35.69416],[140.85717,35.69387],[140.85777,35.69414]]],[[[140.86786,35.6941],[140.86802,35.69409],[140.86795,35.69404],[140.86786,35.6941]]],[[[140.86171,35.69408],[140.86164,35.69408],[140.86165,35.69413],[140.86171,35.69408]]],[[[140.85833,35.69413],[140.85821,35.69405],[140.85817,35.69414],[140.85833,35.69413]]],[[[140.86143,35.69409],[140.86138,35.69405],[140.8613,35.69411],[140.86143,35.69409]]],[[[140.85893,35.69417],[140.859,35.69419],[140.85897,35.69412],[140.85893,35.69417]]],[[[140.85908,35.69417],[140.85908,35.69422],[140.85918,35.69421],[140.85908,35.69417]]],[[[140.86308,35.69421],[140.86301,35.69421],[140.86297,35.69431],[140.86308,35.69421]]],[[[140.86786,35.69423],[140.86783,35.69431],[140.8679,35.69431],[140.86786,35.69423]]],[[[140.85112,35.69461],[140.85116,35.69454],[140.84971,35.694],[140.85112,35.69461]]],[[[140.86741,35.69421],[140.86771,35.69472],[140.86794,35.69454],[140.86773,35.69431],[140.86774,35.69402],[140.86741,35.69421]]],[[[140.85867,35.69437],[140.85853,35.69432],[140.85853,35.69448],[140.85867,35.69437]]],[[[140.85797,35.69442],[140.85798,35.69439],[140.85795,35.6944],[140.85797,35.69442]]],[[[140.85952,35.69449],[140.85958,35.69449],[140.85958,35.69442],[140.85952,35.69449]]],[[[140.85954,35.69464],[140.85955,35.69467],[140.85962,35.69465],[140.85954,35.69464]]],[[[140.85402,35.69464],[140.85405,35.69471],[140.85409,35.69465],[140.85402,35.69464]]],[[[140.85481,35.6947],[140.85485,35.69475],[140.85488,35.6947],[140.85481,35.6947]]],[[[140.85969,35.69481],[140.85978,35.6948],[140.85981,35.69473],[140.85969,35.69481]]],[[[140.85594,35.6948],[140.85593,35.69473],[140.8559,35.69474],[140.85594,35.6948]]],[[[140.85438,35.69482],[140.8544,35.69484],[140.85447,35.69484],[140.85438,35.69482]]],[[[140.85475,35.69498],[140.85478,35.69493],[140.85475,35.69493],[140.85475,35.69498]]],[[[140.85539,35.69499],[140.85538,35.69502],[140.8554,35.69508],[140.85539,35.69499]]],[[[140.86597,35.69521],[140.86594,35.695],[140.86589,35.695],[140.86597,35.69521]]],[[[140.85527,35.69522],[140.85528,35.69527],[140.85535,35.69524],[140.85527,35.69522]]],[[[140.85505,35.69515],[140.85497,35.69519],[140.8551,35.69535],[140.85505,35.69515]]],[[[140.84809,35.69598],[140.84804,35.69601],[140.84812,35.69606],[140.84809,35.69598]]],[[[140.83842,35.69624],[140.83745,35.69582],[140.83735,35.69597],[140.83842,35.69624]]],[[[140.84616,35.69702],[140.84617,35.69704],[140.84622,35.69702],[140.84616,35.69702]]],[[[140.84562,35.69715],[140.84568,35.69708],[140.84561,35.69708],[140.84562,35.69715]]],[[[140.86429,35.69746],[140.86436,35.69746],[140.86437,35.69741],[140.86429,35.69746]]],[[[140.86435,35.69768],[140.86442,35.69768],[140.86443,35.69764],[140.86435,35.69768]]],[[[140.84507,35.698],[140.84496,35.69772],[140.84494,35.69778],[140.84507,35.698]]],[[[140.84524,35.69793],[140.8452,35.69774],[140.84513,35.6978],[140.84524,35.69793]]],[[[140.84557,35.69803],[140.84541,35.69784],[140.84547,35.69811],[140.84568,35.69809],[140.84557,35.69803]]],[[[140.86352,35.69802],[140.86352,35.69809],[140.86359,35.69807],[140.86352,35.69802]]],[[[140.84527,35.69808],[140.84538,35.69815],[140.8454,35.69811],[140.84527,35.69808]]],[[[140.76263,35.69795],[140.7664,35.69876],[140.76264,35.69791],[140.76111,35.69789],[140.76263,35.69795]]],[[[140.84606,35.69954],[140.84618,35.69957],[140.84618,35.69956],[140.84606,35.69954]]],[[[140.86331,35.6997],[140.86338,35.69973],[140.86339,35.69966],[140.86331,35.6997]]],[[[140.86328,35.70146],[140.86334,35.70152],[140.86337,35.70149],[140.86328,35.70146]]],[[[140.86356,35.70164],[140.86366,35.70162],[140.86364,35.70158],[140.86356,35.70164]]],[[[140.86373,35.70177],[140.86357,35.70211],[140.86403,35.70202],[140.86373,35.70177]]],[[[140.86339,35.70279],[140.86337,35.70285],[140.86348,35.70284],[140.86339,35.70279]]],[[[140.86342,35.70292],[140.86337,35.70298],[140.86352,35.70295],[140.86342,35.70292]]],[[[140.86484,35.70303],[140.86491,35.70305],[140.86492,35.703],[140.86484,35.70303]]],[[[140.86436,35.70305],[140.8644,35.70308],[140.86444,35.70303],[140.86436,35.70305]]],[[[140.86486,35.70316],[140.86485,35.70319],[140.86497,35.70318],[140.86486,35.70316]]],[[[140.86511,35.70323],[140.86496,35.70327],[140.86497,35.7033],[140.86511,35.70323]]],[[[140.864,35.70347],[140.86407,35.7033],[140.86393,35.70319],[140.864,35.70347]]],[[[140.86452,35.70358],[140.86451,35.70352],[140.86438,35.70352],[140.86452,35.70358]]],[[[140.86425,35.70363],[140.86414,35.70363],[140.86421,35.7037],[140.86425,35.70363]]],[[[140.86487,35.70386],[140.86501,35.70383],[140.86498,35.70381],[140.86487,35.70386]]],[[[140.86436,35.70389],[140.86434,35.70395],[140.86444,35.70395],[140.86436,35.70389]]],[[[140.86471,35.704],[140.8649,35.70407],[140.86503,35.70392],[140.86471,35.704]]],[[[140.86451,35.70413],[140.86452,35.70415],[140.86456,35.70408],[140.86451,35.70413]]],[[[140.86417,35.70444],[140.86445,35.70451],[140.86454,35.70435],[140.86417,35.70444]]],[[[140.83825,35.70473],[140.83827,35.70481],[140.8383,35.7048],[140.83825,35.70473]]],[[[140.86513,35.70478],[140.86512,35.70472],[140.86509,35.70474],[140.86513,35.70478]]],[[[140.83814,35.70483],[140.83805,35.7048],[140.83802,35.70491],[140.83814,35.70483]]],[[[140.86512,35.70512],[140.86514,35.70521],[140.86521,35.70514],[140.86512,35.70512]]],[[[140.86482,35.70523],[140.8648,35.70528],[140.86496,35.70523],[140.86482,35.70523]]],[[[140.86471,35.70558],[140.86482,35.70565],[140.86485,35.70561],[140.86471,35.70558]]],[[[140.86791,35.70909],[140.86743,35.70906],[140.86749,35.70927],[140.86791,35.70909]]],[[[140.86777,35.7155],[140.8675,35.71535],[140.86758,35.71549],[140.86777,35.7155]]],[[[140.86809,35.72907],[140.86812,35.72904],[140.86807,35.72899],[140.86809,35.72907]]],[[[140.85433,35.74405],[140.85422,35.74401],[140.8542,35.74413],[140.85433,35.74405]]],[[[140.85489,35.7443],[140.85465,35.74428],[140.85481,35.74451],[140.85489,35.7443]]],[[[140.8551,35.74446],[140.8551,35.74443],[140.85504,35.74444],[140.8551,35.74446]]],[[[140.85454,35.74445],[140.85448,35.7445],[140.85452,35.74453],[140.85454,35.74445]]],[[[140.85714,35.74613],[140.85715,35.74615],[140.85727,35.74614],[140.85714,35.74613]]],[[[140.85705,35.74626],[140.85713,35.74638],[140.85732,35.74625],[140.85705,35.74626]]],[[[140.85736,35.74642],[140.85741,35.74647],[140.85746,35.74642],[140.85736,35.74642]]],[[[140.85723,35.74651],[140.8574,35.74664],[140.85759,35.74667],[140.85723,35.74651]]],[[[140.85719,35.74658],[140.85708,35.74659],[140.85722,35.74674],[140.85719,35.74658]]],[[[140.85662,35.74672],[140.85668,35.74679],[140.85672,35.74668],[140.85662,35.74672]]],[[[140.85792,35.74692],[140.85955,35.74754],[140.85958,35.74747],[140.85792,35.74692]]],[[[140.85704,35.74744],[140.85701,35.74747],[140.85706,35.74749],[140.85704,35.74744]]],[[[140.86104,35.75287],[140.86144,35.75288],[140.86185,35.75002],[140.8615,35.74989],[140.86104,35.75287]]],[[[140.86897,35.6896],[140.86913,35.68957],[140.86905,35.6894],[140.86897,35.6896]]],[[[140.86932,35.69332],[140.86932,35.69341],[140.86942,35.69335],[140.86932,35.69332]]],[[[140.86816,35.69424],[140.86804,35.69425],[140.86805,35.6943],[140.86816,35.69424]]],[[[140.86838,35.69448],[140.86842,35.69457],[140.86849,35.69454],[140.86838,35.69448]]],[[[140.86862,35.69457],[140.86871,35.69457],[140.86868,35.69452],[140.86862,35.69457]]],[[[140.86851,35.69488],[140.86815,35.69456],[140.86786,35.69498],[140.86851,35.69488]]],[[[140.86872,35.69542],[140.86828,35.69521],[140.86829,35.69526],[140.86872,35.69542]]],[[[140.86943,35.70632],[140.86937,35.70634],[140.86939,35.70635],[140.86943,35.70632]]],[[[140.86976,35.70673],[140.86978,35.70669],[140.86959,35.70672],[140.86976,35.70673]]],[[[140.86935,35.70689],[140.86934,35.70692],[140.86947,35.70687],[140.86935,35.70689]]],[[[140.86931,35.70711],[140.86938,35.70705],[140.86932,35.70705],[140.86931,35.70711]]],[[[140.86956,35.70722],[140.86957,35.70726],[140.86974,35.70725],[140.86956,35.70722]]],[[[140.86922,35.70722],[140.8692,35.70721],[140.86917,35.70726],[140.86922,35.70722]]],[[[140.86932,35.70732],[140.8694,35.70726],[140.86934,35.7072],[140.86932,35.70732]]],[[[140.8695,35.70742],[140.86945,35.70744],[140.86948,35.70748],[140.8695,35.70742]]],[[[140.86959,35.70753],[140.86949,35.70762],[140.86953,35.70765],[140.86959,35.70753]]],[[[140.86968,35.70766],[140.86969,35.70776],[140.8698,35.70773],[140.86968,35.70766]]],[[[140.86986,35.70791],[140.86988,35.70787],[140.86981,35.70786],[140.86986,35.70791]]],[[[140.86994,35.70826],[140.87004,35.70811],[140.86997,35.7081],[140.86994,35.70826]]],[[[140.86988,35.70843],[140.86992,35.7084],[140.86986,35.70836],[140.86988,35.70843]]],[[[140.86945,35.70862],[140.86932,35.70855],[140.86931,35.70862],[140.86945,35.70862]]],[[[140.86978,35.70865],[140.86983,35.70862],[140.86974,35.70857],[140.86978,35.70865]]],[[[140.86915,35.70879],[140.86927,35.70877],[140.86927,35.70872],[140.86915,35.70879]]],[[[140.86903,35.7089],[140.86911,35.70884],[140.86909,35.70881],[140.86903,35.7089]]],[[[140.86888,35.71653],[140.86879,35.71646],[140.86873,35.71652],[140.86888,35.71653]]],[[[140.8698,35.71711],[140.86969,35.7171],[140.86969,35.71716],[140.8698,35.71711]]],[[[140.8704,35.72178],[140.87039,35.72164],[140.87032,35.72169],[140.8704,35.72178]]],[[[140.87002,35.72192],[140.8701,35.72193],[140.8701,35.72191],[140.87002,35.72192]]],[[[140.86993,35.72204],[140.86987,35.72193],[140.86977,35.72194],[140.86992,35.72208],[140.86993,35.72204]]],[[[140.86986,35.72209],[140.8698,35.72202],[140.86973,35.72206],[140.86986,35.72209]]],[[[140.86966,35.72211],[140.86964,35.72218],[140.86971,35.72215],[140.86966,35.72211]]],[[[140.86912,35.72273],[140.86922,35.72279],[140.86927,35.72274],[140.86912,35.72273]]],[[[140.87031,35.72477],[140.87031,35.72486],[140.87034,35.72484],[140.87031,35.72477]]],[[[140.87028,35.72477],[140.87018,35.72467],[140.87006,35.72494],[140.87028,35.72477]]],[[[140.87036,35.7254],[140.87032,35.72532],[140.87025,35.72535],[140.87036,35.7254]]],[[[140.87013,35.72574],[140.87015,35.72568],[140.87011,35.72567],[140.87013,35.72574]]],[[[140.86988,35.72628],[140.86972,35.72623],[140.8697,35.72628],[140.86988,35.72628]]],[[[140.86958,35.72635],[140.86957,35.72642],[140.86965,35.72638],[140.86958,35.72635]]],[[[140.86991,35.72649],[140.86977,35.72644],[140.86984,35.72669],[140.86991,35.72649]]],[[[140.86963,35.72656],[140.8696,35.72666],[140.86968,35.72666],[140.86963,35.72656]]],[[[140.87027,35.72667],[140.87036,35.72665],[140.87035,35.72662],[140.87027,35.72667]]],[[[140.86969,35.7269],[140.8695,35.72673],[140.86946,35.72684],[140.86969,35.7269]]],[[[140.8699,35.72699],[140.86984,35.72704],[140.8699,35.72707],[140.8699,35.72699]]],[[[140.87026,35.7274],[140.87036,35.72734],[140.87032,35.7273],[140.87026,35.7274]]],[[[140.86984,35.72811],[140.87025,35.72806],[140.87002,35.72794],[140.86984,35.72811]]],[[[140.87018,35.72849],[140.87012,35.72843],[140.87006,35.72846],[140.87018,35.72849]]],[[[140.86823,35.72873],[140.86819,35.72875],[140.8682,35.72879],[140.86823,35.72873]]],[[[140.86811,35.72884],[140.86813,35.72879],[140.86808,35.72879],[140.86811,35.72884]]],[[[140.8686,35.72899],[140.86865,35.72896],[140.86861,35.72893],[140.8686,35.72899]]],[[[140.86826,35.72893],[140.86827,35.72897],[140.86837,35.72899],[140.86826,35.72893]]],[[[140.86875,35.72896],[140.86868,35.72896],[140.86868,35.729],[140.86875,35.72896]]],[[[140.8704,35.72907],[140.87046,35.72893],[140.8704,35.72892],[140.8704,35.72907]]],[[[140.86823,35.72895],[140.86815,35.72896],[140.86822,35.72906],[140.86823,35.72895]]],[[[140.86992,35.72904],[140.86985,35.72898],[140.86979,35.72908],[140.86992,35.72904]]],[[[140.86841,35.72912],[140.86844,35.72909],[140.8684,35.72907],[140.86841,35.72912]]],[[[140.86893,35.72919],[140.869,35.7292],[140.86902,35.72913],[140.86893,35.72919]]],[[[140.8683,35.72919],[140.86834,35.7292],[140.86834,35.72914],[140.8683,35.72919]]],[[[140.86815,35.72935],[140.86826,35.72939],[140.86829,35.72934],[140.86815,35.72935]]],[[[140.86844,35.72927],[140.86841,35.72937],[140.86844,35.72937],[140.86844,35.72927]]],[[[140.86916,35.72936],[140.86921,35.72934],[140.86916,35.72929],[140.86916,35.72936]]],[[[140.86846,35.72964],[140.86851,35.72964],[140.8685,35.72961],[140.86846,35.72964]]],[[[140.86878,35.72974],[140.86881,35.7297],[140.86877,35.72968],[140.86878,35.72974]]],[[[140.86852,35.72977],[140.86854,35.72973],[140.86849,35.72971],[140.86852,35.72977]]],[[[140.86886,35.72995],[140.86886,35.72991],[140.8688,35.72991],[140.86886,35.72995]]],[[[140.86907,35.73066],[140.86907,35.73063],[140.869,35.73064],[140.86907,35.73066]]],[[[140.86919,35.73074],[140.86923,35.73069],[140.86919,35.73066],[140.86919,35.73074]]],[[[140.86901,35.73077],[140.86896,35.73103],[140.869,35.73104],[140.86901,35.73077]]],[[[140.87,35.73218],[140.87005,35.73215],[140.87002,35.73211],[140.87,35.73218]]],[[[140.8702,35.73229],[140.87013,35.73225],[140.87011,35.73228],[140.8702,35.73229]]]]}}]}