{"type":"FeatureCollection","features":[{"type":"Feature","properties":{},"geometry":{"type":"MultiPolygon","coordinates":[[[[139.16269,35.13763],[139.16268,35.13766],[139.16273,35.13766],[139.16269,35.13763]]],[[[139.16403,35.13787],[139.16399,35.13784],[139.16398,35.13786],[139.16403,35.13787]]],[[[139.16404,35.13707],[139.16358,35.13729],[139.1634,35.13698],[139.16311,35.13796],[139.16256,35.13796],[139.16295,35.13829],[139.16278,35.1391],[139.16404,35.13707]]],[[[139.15977,35.14054],[139.15974,35.1406],[139.15976,35.1406],[139.15977,35.14054]]],[[[139.15029,35.14062],[139.15035,35.1407],[139.15048,35.14065],[139.15029,35.14062]]],[[[139.14955,35.14825],[139.14947,35.14809],[139.14924,35.1487],[139.14955,35.14825]]],[[[139.14903,35.1491],[139.14893,35.14978],[139.14901,35.14976],[139.14951,35.14897],[139.14903,35.1491]]],[[[139.14811,35.1503],[139.14806,35.15039],[139.1481,35.15039],[139.14811,35.1503]]],[[[139.14683,35.15117],[139.14671,35.15091],[139.14668,35.15092],[139.14683,35.15117]]],[[[139.14938,35.15243],[139.14947,35.1524],[139.14898,35.15111],[139.14938,35.15243]]],[[[139.14582,35.15274],[139.14585,35.15278],[139.14721,35.15203],[139.14582,35.15274]]],[[[139.14553,35.15373],[139.1456,35.15362],[139.14539,35.15359],[139.14553,35.15373]]],[[[139.14472,35.15419],[139.14473,35.15424],[139.14481,35.15421],[139.14472,35.15419]]],[[[139.14479,35.15444],[139.14481,35.15448],[139.1449,35.15442],[139.14479,35.15444]]],[[[139.1449,35.15449],[139.14485,35.15454],[139.14491,35.15454],[139.1449,35.15449]]],[[[139.14468,35.15467],[139.14477,35.15465],[139.14475,35.15463],[139.14468,35.15467]]],[[[139.14485,35.15469],[139.14491,35.15466],[139.14489,35.15465],[139.14485,35.15469]]],[[[139.14493,35.15481],[139.14494,35.15483],[139.14501,35.15478],[139.14493,35.15481]]],[[[139.14473,35.15556],[139.14474,35.15554],[139.14467,35.15554],[139.14473,35.15556]]],[[[139.14481,35.15555],[139.14478,35.15555],[139.14477,35.15557],[139.14481,35.15555]]],[[[139.14476,35.15582],[139.14485,35.15578],[139.1448,35.15577],[139.14476,35.15582]]],[[[139.14481,35.15594],[139.14479,35.15598],[139.14497,35.15593],[139.14481,35.15594]]],[[[139.14458,35.15608],[139.14472,35.15603],[139.14468,35.15601],[139.14458,35.15608]]],[[[139.14432,35.15669],[139.14431,35.15642],[139.1442,35.15651],[139.14432,35.15669]]],[[[139.14429,35.15679],[139.14425,35.15689],[139.1443,35.1569],[139.14429,35.15679]]],[[[139.14407,35.15706],[139.14389,35.15714],[139.14395,35.15716],[139.14407,35.15706]]],[[[139.14434,35.15873],[139.14432,35.15871],[139.14429,35.15874],[139.14434,35.15873]]],[[[139.141,35.16293],[139.14106,35.16283],[139.14082,35.1628],[139.141,35.16293]]],[[[139.14256,35.16314],[139.14255,35.16298],[139.14236,35.16299],[139.14256,35.16314]]],[[[139.14058,35.16311],[139.14059,35.16309],[139.14057,35.16307],[139.14058,35.16311]]],[[[139.14108,35.16314],[139.14108,35.16312],[139.14105,35.16312],[139.14108,35.16314]]],[[[139.14089,35.16315],[139.14089,35.16312],[139.14086,35.16312],[139.14089,35.16315]]],[[[139.14098,35.16315],[139.14099,35.16313],[139.14097,35.16312],[139.14098,35.16315]]],[[[139.14078,35.16316],[139.14079,35.16314],[139.14077,35.16313],[139.14078,35.16316]]],[[[139.14106,35.16318],[139.14106,35.16316],[139.14103,35.16316],[139.14106,35.16318]]],[[[139.14093,35.1632],[139.14092,35.16318],[139.14089,35.16319],[139.14093,35.1632]]],[[[139.14081,35.16324],[139.14081,35.16321],[139.14078,35.16321],[139.14081,35.16324]]],[[[139.14085,35.16325],[139.14087,35.16323],[139.14084,35.16322],[139.14085,35.16325]]],[[[139.14092,35.1633],[139.14093,35.16328],[139.14091,35.16327],[139.14092,35.1633]]],[[[139.14095,35.16335],[139.14097,35.16332],[139.14094,35.16331],[139.14095,35.16335]]],[[[139.14136,35.16363],[139.14139,35.16362],[139.14138,35.16358],[139.14136,35.16363]]],[[[139.14166,35.16369],[139.14166,35.16367],[139.14161,35.16368],[139.14166,35.16369]]],[[[139.14229,35.16404],[139.14225,35.16413],[139.14233,35.16409],[139.14229,35.16404]]],[[[139.14225,35.16417],[139.14227,35.16418],[139.14231,35.16416],[139.14225,35.16417]]],[[[139.14244,35.16432],[139.14246,35.16433],[139.14249,35.1643],[139.14244,35.16432]]],[[[139.14237,35.16444],[139.14237,35.16447],[139.14243,35.16445],[139.14237,35.16444]]],[[[139.14243,35.16446],[139.14243,35.16453],[139.14249,35.16449],[139.14243,35.16446]]],[[[139.14343,35.16541],[139.14342,35.16548],[139.14345,35.16549],[139.14343,35.16541]]],[[[139.14367,35.16559],[139.14372,35.16556],[139.1437,35.16553],[139.14367,35.16559]]],[[[139.14749,35.1661],[139.14753,35.16619],[139.14767,35.16614],[139.14749,35.1661]]],[[[139.14811,35.1663],[139.14813,35.16628],[139.1481,35.16627],[139.14811,35.1663]]],[[[139.14442,35.16629],[139.14444,35.16627],[139.14441,35.16626],[139.14442,35.16629]]],[[[139.14748,35.16642],[139.14742,35.16645],[139.14746,35.16647],[139.14748,35.16642]]],[[[139.14441,35.16652],[139.1444,35.1665],[139.14437,35.16651],[139.14441,35.16652]]],[[[139.14445,35.16657],[139.14445,35.16654],[139.14442,35.16654],[139.14445,35.16657]]],[[[139.14484,35.16659],[139.14485,35.16656],[139.14483,35.16655],[139.14484,35.16659]]],[[[139.1447,35.16664],[139.14471,35.16662],[139.14469,35.16661],[139.1447,35.16664]]],[[[139.14464,35.16666],[139.14465,35.16663],[139.14463,35.16662],[139.14464,35.16666]]],[[[139.14494,35.1669],[139.14494,35.16687],[139.14491,35.16687],[139.14494,35.1669]]],[[[139.14634,35.16695],[139.14627,35.167],[139.14651,35.16697],[139.14634,35.16695]]],[[[139.14676,35.16715],[139.14668,35.16715],[139.14669,35.16719],[139.14676,35.16715]]],[[[139.14542,35.16718],[139.14542,35.16716],[139.14539,35.16716],[139.14542,35.16718]]],[[[139.14518,35.16726],[139.14518,35.16724],[139.14515,35.16724],[139.14518,35.16726]]],[[[139.1463,35.16708],[139.14613,35.16743],[139.14626,35.16744],[139.1463,35.16708]]],[[[139.14654,35.16737],[139.14664,35.16732],[139.1466,35.16729],[139.14654,35.16737]]],[[[139.14561,35.16808],[139.14563,35.16806],[139.1456,35.16805],[139.14561,35.16808]]],[[[139.1449,35.16904],[139.1449,35.16901],[139.14487,35.16901],[139.1449,35.16904]]],[[[139.14418,35.17003],[139.14419,35.17001],[139.14418,35.17],[139.14418,35.17003]]],[[[139.14431,35.17017],[139.14429,35.17018],[139.1443,35.17022],[139.14431,35.17017]]],[[[139.14407,35.17042],[139.14407,35.17039],[139.14404,35.17039],[139.14407,35.17042]]],[[[139.14405,35.17064],[139.14405,35.17053],[139.14402,35.17054],[139.14405,35.17064]]],[[[139.14444,35.17068],[139.14444,35.17066],[139.14441,35.17066],[139.14444,35.17068]]],[[[139.14405,35.17087],[139.14403,35.17085],[139.14401,35.17086],[139.14405,35.17087]]],[[[139.14392,35.17101],[139.14392,35.17098],[139.14389,35.17098],[139.14392,35.17101]]],[[[139.14344,35.17328],[139.14346,35.17329],[139.14348,35.17327],[139.14344,35.17328]]],[[[139.1433,35.17336],[139.14331,35.17334],[139.14329,35.17332],[139.1433,35.17336]]],[[[139.14329,35.17349],[139.14331,35.17347],[139.14328,35.17346],[139.14329,35.17349]]],[[[139.13811,35.19259],[139.13815,35.19264],[139.13869,35.19225],[139.13811,35.19259]]],[[[139.14263,35.20606],[139.14266,35.20612],[139.14271,35.20611],[139.14263,35.20606]]],[[[139.14262,35.2086],[139.14267,35.20856],[139.14261,35.20854],[139.14262,35.2086]]],[[[139.14278,35.20872],[139.14284,35.2087],[139.14279,35.20867],[139.14278,35.20872]]],[[[139.14248,35.20967],[139.14266,35.20962],[139.1426,35.2096],[139.14248,35.20967]]],[[[139.14266,35.21004],[139.14242,35.21023],[139.14253,35.21029],[139.14266,35.21004]]],[[[139.14202,35.21168],[139.14213,35.21165],[139.14212,35.2116],[139.14202,35.21168]]],[[[139.142,35.21189],[139.14202,35.21194],[139.14206,35.21192],[139.142,35.21189]]],[[[139.14196,35.21342],[139.14202,35.21336],[139.14189,35.21338],[139.14196,35.21342]]],[[[139.14301,35.21865],[139.14287,35.21883],[139.14307,35.21883],[139.14301,35.21865]]],[[[139.1429,35.21907],[139.14307,35.21909],[139.14305,35.21902],[139.1429,35.21907]]],[[[139.14282,35.2194],[139.14274,35.21944],[139.14289,35.21948],[139.14282,35.2194]]],[[[139.14272,35.2202],[139.14268,35.22017],[139.14263,35.2202],[139.14272,35.2202]]],[[[139.14288,35.22021],[139.14288,35.22025],[139.14297,35.22022],[139.14288,35.22021]]],[[[139.1429,35.22225],[139.14295,35.22231],[139.14297,35.22228],[139.1429,35.22225]]],[[[139.14255,35.22258],[139.14262,35.2225],[139.14251,35.22246],[139.14255,35.22258]]],[[[139.14276,35.22258],[139.14277,35.22254],[139.1427,35.22252],[139.14276,35.22258]]],[[[139.14252,35.22267],[139.14256,35.22265],[139.14254,35.22261],[139.14252,35.22267]]],[[[139.14246,35.22278],[139.14248,35.22273],[139.1424,35.22271],[139.14246,35.22278]]],[[[139.14214,35.22408],[139.14214,35.22401],[139.14208,35.224],[139.14214,35.22408]]],[[[139.142,35.22439],[139.14198,35.2243],[139.14191,35.22431],[139.142,35.22439]]],[[[139.14187,35.22506],[139.14211,35.22506],[139.14211,35.22503],[139.14187,35.22506]]],[[[139.3161,35.30532],[139.31589,35.30522],[139.31577,35.30548],[139.3161,35.30532]]],[[[139.39684,35.31129],[139.3966,35.3115],[139.39665,35.31155],[139.39684,35.31129]]],[[[139.39749,35.31194],[139.39748,35.31193],[139.39744,35.31198],[139.39749,35.31194]]],[[[139.39746,35.31204],[139.39743,35.31203],[139.39741,35.31207],[139.39746,35.31204]]],[[[139.39724,35.3125],[139.3973,35.31251],[139.3973,35.31249],[139.39724,35.3125]]],[[[139.39739,35.31269],[139.39742,35.31274],[139.39747,35.31269],[139.39739,35.31269]]],[[[139.36876,35.31366],[139.36882,35.31366],[139.36879,35.31301],[139.36876,35.31366]]],[[[139.13907,35.17578],[139.14161,35.17459],[139.14303,35.17338],[139.1442,35.16969],[139.14536,35.16843],[139.14523,35.16736],[139.14252,35.16523],[139.14187,35.16399],[139.14049,35.16326],[139.14016,35.16238],[139.14063,35.16135],[139.14206,35.16103],[139.14274,35.16031],[139.143,35.16074],[139.14247,35.16131],[139.14327,35.16151],[139.14341,35.16023],[139.14384,35.1603],[139.14443,35.15897],[139.14414,35.15896],[139.14364,35.15734],[139.14423,35.1568],[139.14397,35.15695],[139.14425,35.15639],[139.14453,35.15613],[139.14459,35.15388],[139.14522,35.15361],[139.14571,35.15234],[139.14527,35.15293],[139.14492,35.1525],[139.1449,35.15304],[139.14431,35.15265],[139.14332,35.15322],[139.14283,35.1541],[139.14223,35.1538],[139.14174,35.15227],[139.14492,35.15132],[139.14523,35.15183],[139.14564,35.15093],[139.14626,35.15074],[139.1469,35.15076],[139.14723,35.15133],[139.14685,35.1504],[139.14864,35.15011],[139.14835,35.14971],[139.14898,35.148],[139.15047,35.14678],[139.15218,35.14666],[139.15333,35.14759],[139.15442,35.14742],[139.15497,35.14794],[139.15514,35.14763],[139.15618,35.14769],[139.15646,35.14701],[139.15768,35.14728],[139.15922,35.14533],[139.15796,35.14428],[139.1585,35.14357],[139.16175,35.14239],[139.16181,35.14158],[139.16106,35.1416],[139.16024,35.14032],[139.15928,35.14091],[139.15887,35.14058],[139.15863,35.14121],[139.15606,35.14209],[139.15532,35.14179],[139.15532,35.1407],[139.15412,35.14062],[139.15425,35.14011],[139.15358,35.14089],[139.15292,35.14057],[139.15227,35.1416],[139.15145,35.14033],[139.15131,35.14084],[139.15072,35.14065],[139.14971,35.14162],[139.14922,35.14401],[139.14867,35.14346],[139.14771,35.14451],[139.14663,35.14481],[139.14453,35.1442],[139.1435,35.14535],[139.14252,35.14504],[139.14181,35.14635],[139.14079,35.14635],[139.13944,35.14809],[139.13875,35.14788],[139.13843,35.14914],[139.13757,35.14898],[139.1377,35.14811],[139.13728,35.14898],[139.13626,35.14927],[139.1361,35.15007],[139.13474,35.15056],[139.13153,35.14956],[139.13267,35.15016],[139.13124,35.15091],[139.1315,35.15024],[139.1311,35.15068],[139.12636,35.14916],[139.12617,35.14984],[139.1251,35.14957],[139.12349,35.14991],[139.12363,35.15028],[139.12316,35.15044],[139.12018,35.14924],[139.11631,35.14656],[139.11617,35.14604],[139.11682,35.14554],[139.11213,35.14138],[139.10808,35.14186],[139.10097,35.14034],[139.09325,35.14072],[139.0901,35.14019],[139.08311,35.14126],[139.08124,35.14233],[139.07798,35.14337],[139.07671,35.14468],[139.07582,35.14495],[139.07283,35.14518],[139.0716,35.14471],[139.07058,35.14504],[139.06581,35.14412],[139.06041,35.14604],[139.05931,35.14721],[139.05846,35.14718],[139.05804,35.1467],[139.05453,35.14731],[139.05164,35.14706],[139.05006,35.14895],[139.04823,35.1497],[139.04221,35.15005],[139.04035,35.15071],[139.03704,35.14999],[139.0301,35.14975],[139.02862,35.15051],[139.02896,35.15298],[139.02841,35.15487],[139.03088,35.15634],[139.03123,35.15699],[139.03053,35.15875],[139.02661,35.15983],[139.02628,35.16026],[139.02805,35.16224],[139.02945,35.16478],[139.02905,35.1665],[139.02762,35.16723],[139.02807,35.16905],[139.02912,35.1703],[139.02658,35.17218],[139.02614,35.17326],[139.02705,35.17414],[139.02641,35.17562],[139.02489,35.17614],[139.02417,35.17773],[139.02166,35.17952],[139.02126,35.18052],[139.02158,35.18204],[139.01962,35.18183],[139.0185,35.18256],[139.0177,35.18185],[139.01662,35.1823],[139.01154,35.18239],[139.00934,35.18325],[139.00648,35.18586],[139.00286,35.18789],[139.00114,35.19071],[138.99819,35.19372],[138.99654,35.1947],[138.99504,35.19697],[138.99305,35.19881],[138.98968,35.20055],[138.98768,35.20088],[138.98809,35.20284],[138.98642,35.20544],[138.9881,35.20904],[138.98835,35.21135],[138.98769,35.21282],[138.98571,35.21395],[138.98216,35.21783],[138.98206,35.21963],[138.98365,35.22168],[138.98357,35.22275],[138.98219,35.2241],[138.98167,35.22602],[138.98074,35.22663],[138.98072,35.22807],[138.97911,35.22898],[138.97878,35.23108],[138.97951,35.23322],[138.97809,35.23461],[138.97607,35.23555],[138.97725,35.2378],[138.97874,35.23939],[138.97606,35.2417],[138.9764,35.24432],[138.9744,35.24814],[138.97501,35.25115],[138.97563,35.25174],[138.97482,35.25312],[138.97431,35.25651],[138.97448,35.2582],[138.97566,35.26035],[138.97514,35.2617],[138.97547,35.26375],[138.97827,35.26751],[138.98191,35.27013],[138.98224,35.27332],[138.98392,35.2751],[138.98532,35.27779],[138.98764,35.27882],[138.98774,35.27978],[138.98901,35.2812],[138.99427,35.28538],[138.99435,35.28602],[138.99619,35.28781],[138.99721,35.2887],[138.99922,35.28946],[139.00304,35.28941],[139.00461,35.2899],[139.00498,35.29064],[139.00453,35.29286],[139.00676,35.29591],[139.00607,35.29846],[139.00799,35.30242],[139.00913,35.30694],[139.0107,35.3106],[139.00994,35.31167],[139.00963,35.31365],[139.01291,35.31751],[139.01269,35.31971],[139.01514,35.32068],[139.01647,35.32241],[139.01672,35.32418],[139.01898,35.32906],[139.01886,35.3296],[139.0173,35.33039],[139.01646,35.33269],[139.01505,35.33366],[139.01471,35.33467],[139.01248,35.33594],[139.01233,35.33707],[139.01059,35.33841],[139.01107,35.34069],[139.01,35.34173],[139.01102,35.34364],[139.00862,35.34709],[139.00946,35.34843],[139.00811,35.3503],[139.00836,35.35137],[139.01181,35.35543],[139.01232,35.35816],[139.01335,35.35867],[139.0105,35.35986],[139.00967,35.35902],[139.00881,35.35904],[139.00684,35.36139],[139.00687,35.36357],[139.0075,35.36439],[139.00614,35.36773],[139.00663,35.36844],[139.00573,35.37174],[139.00455,35.37374],[139.00543,35.37416],[139.00592,35.37538],[139.00145,35.37986],[139.0007,35.38184],[138.9993,35.38209],[138.99928,35.38321],[138.99862,35.38404],[139.00096,35.39191],[139.00085,35.39551],[139.00152,35.39669],[139.0018,35.39894],[138.99991,35.40165],[138.99528,35.40333],[138.9899,35.4032],[138.98693,35.40208],[138.98407,35.40177],[138.98265,35.40364],[138.98127,35.40434],[138.97239,35.40516],[138.96906,35.40475],[138.96661,35.40193],[138.96273,35.4014],[138.95906,35.40231],[138.957,35.40139],[138.95148,35.40173],[138.94804,35.40127],[138.94573,35.39972],[138.94326,35.39919],[138.9411,35.3997],[138.93773,35.39915],[138.93115,35.40113],[138.9258,35.40027],[138.92301,35.40126],[138.91838,35.40042],[138.9164,35.40061],[138.91659,35.40168],[138.91577,35.40432],[138.9164,35.40772],[138.91807,35.41134],[138.92512,35.41469],[138.92666,35.41819],[138.92673,35.42003],[138.92842,35.4211],[138.93017,35.42087],[138.9301,35.42419],[138.93064,35.42633],[138.92947,35.42852],[138.92659,35.43065],[138.9262,35.43239],[138.92791,35.43518],[138.9274,35.43764],[138.92857,35.43917],[138.93091,35.44011],[138.931,35.44136],[138.93357,35.44428],[138.93549,35.44517],[138.93739,35.447],[138.93737,35.44887],[138.94058,35.44957],[138.94373,35.45217],[138.94743,35.45426],[138.9493,35.4561],[138.95314,35.45785],[138.95457,35.45991],[138.95703,35.46075],[138.95873,35.46209],[138.9644,35.46264],[138.96633,35.46383],[138.96923,35.46352],[138.97004,35.46448],[138.97346,35.46655],[138.97653,35.46618],[138.97743,35.46445],[138.97877,35.46374],[138.98092,35.46533],[138.9822,35.46733],[138.98504,35.46855],[138.98663,35.47181],[138.98882,35.47364],[138.99265,35.47435],[138.99572,35.47367],[138.99861,35.47515],[139.0042,35.4744],[139.006,35.47484],[139.00787,35.4745],[139.01012,35.47563],[139.01226,35.47811],[139.01459,35.47983],[139.01721,35.47903],[139.01971,35.47914],[139.02095,35.47879],[139.02248,35.47933],[139.02369,35.48097],[139.02755,35.48097],[139.02787,35.48453],[139.03062,35.4887],[139.03345,35.49026],[139.03732,35.49111],[139.03927,35.49399],[139.03951,35.49522],[139.0437,35.49894],[139.0443,35.50277],[139.04505,35.50394],[139.04604,35.50784],[139.04611,35.50974],[139.05164,35.51054],[139.05322,35.50886],[139.05819,35.50837],[139.06008,35.5075],[139.0652,35.50927],[139.06681,35.50944],[139.06871,35.51097],[139.0747,35.50995],[139.07766,35.51097],[139.08033,35.51271],[139.08579,35.51209],[139.08713,35.51438],[139.08849,35.51524],[139.09046,35.5177],[139.091,35.51924],[139.0943,35.52187],[139.09808,35.52322],[139.10411,35.52689],[139.10624,35.53007],[139.10687,35.53249],[139.11013,35.53229],[139.11017,35.53458],[139.11224,35.53517],[139.11196,35.53647],[139.11398,35.53873],[139.11186,35.5401],[139.1125,35.54104],[139.11168,35.54491],[139.1134,35.54778],[139.11196,35.54979],[139.11545,35.55388],[139.11789,35.55546],[139.12129,35.55617],[139.12254,35.55689],[139.12386,35.55813],[139.12469,35.56008],[139.12836,35.56257],[139.12985,35.56637],[139.12861,35.56849],[139.1288,35.57028],[139.12702,35.57171],[139.12811,35.57523],[139.1271,35.57786],[139.12776,35.57895],[139.12774,35.58108],[139.12672,35.58162],[139.12406,35.582],[139.12471,35.58313],[139.12593,35.583],[139.12574,35.58348],[139.12406,35.58447],[139.12225,35.5841],[139.12242,35.58594],[139.12144,35.58699],[139.12204,35.58875],[139.1246,35.59265],[139.12553,35.5932],[139.12713,35.59302],[139.12933,35.5946],[139.13169,35.6019],[139.13168,35.60466],[139.1331,35.6067],[139.13252,35.6088],[139.1278,35.6129],[139.13441,35.61651],[139.13384,35.61757],[139.1325,35.61818],[139.13,35.61764],[139.13027,35.61908],[139.12905,35.61928],[139.12791,35.62065],[139.12658,35.62076],[139.12638,35.62183],[139.12547,35.62199],[139.12624,35.62327],[139.12566,35.62331],[139.12524,35.624],[139.12349,35.62395],[139.12318,35.62586],[139.12439,35.63075],[139.12382,35.63184],[139.12435,35.63224],[139.12346,35.63234],[139.1233,35.63284],[139.1237,35.63431],[139.12516,35.63627],[139.12569,35.63901],[139.12723,35.64005],[139.12694,35.64091],[139.12755,35.64108],[139.12704,35.64188],[139.12583,35.64193],[139.1262,35.64362],[139.12538,35.64383],[139.12447,35.646],[139.1237,35.64612],[139.12347,35.64686],[139.12255,35.64684],[139.12174,35.64761],[139.12172,35.64891],[139.11962,35.65118],[139.11909,35.65242],[139.11755,35.65348],[139.11717,35.65454],[139.11819,35.65591],[139.11966,35.65657],[139.12008,35.65758],[139.11962,35.65881],[139.11981,35.66041],[139.1239,35.66292],[139.12478,35.66506],[139.12697,35.66699],[139.13,35.66761],[139.13079,35.66952],[139.13044,35.67081],[139.13191,35.67238],[139.13352,35.6729],[139.13673,35.67241],[139.13893,35.67054],[139.14076,35.67058],[139.14279,35.67001],[139.14315,35.66903],[139.14716,35.66682],[139.1514,35.66672],[139.1536,35.66602],[139.15588,35.66658],[139.15708,35.66646],[139.15934,35.66752],[139.1616,35.66791],[139.1621,35.66698],[139.16367,35.66645],[139.16422,35.66554],[139.16498,35.66528],[139.16513,35.66334],[139.16723,35.66176],[139.16702,35.6593],[139.16836,35.65856],[139.16863,35.65682],[139.16796,35.65576],[139.16784,35.65386],[139.16659,35.65234],[139.16695,35.65107],[139.16957,35.65149],[139.17179,35.65034],[139.17332,35.65044],[139.17495,35.64989],[139.17585,35.64916],[139.17612,35.64819],[139.17909,35.64557],[139.18137,35.64574],[139.18423,35.64507],[139.18794,35.64655],[139.18983,35.64653],[139.19182,35.64761],[139.19247,35.65026],[139.19399,35.65178],[139.19573,35.65129],[139.19826,35.653],[139.20131,35.65254],[139.20211,35.65301],[139.20356,35.65169],[139.20564,35.65136],[139.20732,35.64972],[139.21146,35.64912],[139.21546,35.64612],[139.21574,35.64537],[139.21481,35.64396],[139.21443,35.64155],[139.21552,35.63927],[139.21537,35.63708],[139.21643,35.63597],[139.21679,35.63448],[139.21854,35.63365],[139.21916,35.63197],[139.22143,35.62947],[139.21948,35.62668],[139.21964,35.6259],[139.22591,35.62348],[139.22617,35.62232],[139.22758,35.62082],[139.22859,35.62053],[139.22966,35.61899],[139.23048,35.6169],[139.22988,35.61457],[139.23455,35.61169],[139.2365,35.60984],[139.2378,35.6098],[139.23864,35.60698],[139.24059,35.60625],[139.24283,35.60625],[139.24549,35.60513],[139.24722,35.6051],[139.24925,35.60366],[139.25075,35.6032],[139.25222,35.60167],[139.25771,35.60423],[139.2612,35.60287],[139.26478,35.60246],[139.26614,35.60563],[139.26616,35.60811],[139.26738,35.6083],[139.26827,35.60924],[139.27125,35.6098],[139.27406,35.61102],[139.27603,35.61085],[139.27755,35.61154],[139.27988,35.61148],[139.28156,35.61284],[139.28416,35.61333],[139.28463,35.61293],[139.28525,35.61339],[139.286,35.61251],[139.28732,35.6126],[139.28962,35.61196],[139.29016,35.61258],[139.2912,35.61192],[139.29142,35.61219],[139.29254,35.61184],[139.29252,35.61118],[139.2933,35.61067],[139.29435,35.61117],[139.29529,35.61026],[139.2966,35.60994],[139.297,35.608],[139.29875,35.60764],[139.29843,35.60708],[139.29901,35.6069],[139.29917,35.60624],[139.30116,35.6065],[139.30107,35.60582],[139.30168,35.60598],[139.30419,35.60462],[139.30484,35.60473],[139.30452,35.60527],[139.30553,35.60494],[139.30614,35.60547],[139.30711,35.60509],[139.30771,35.60534],[139.3076,35.60479],[139.30923,35.60422],[139.3128,35.60468],[139.31428,35.6043],[139.31462,35.60548],[139.31712,35.60538],[139.31728,35.60579],[139.31896,35.60609],[139.32002,35.60573],[139.31983,35.60626],[139.32075,35.60653],[139.32161,35.60584],[139.32224,35.60601],[139.323,35.60525],[139.3234,35.60554],[139.32471,35.60469],[139.32489,35.60515],[139.32687,35.60432],[139.32687,35.60387],[139.32919,35.60335],[139.32957,35.60368],[139.33023,35.60315],[139.33101,35.60425],[139.33281,35.60415],[139.33346,35.60372],[139.33515,35.60454],[139.33546,35.60419],[139.33591,35.6045],[139.33789,35.60435],[139.33927,35.6055],[139.34,35.60553],[139.34188,35.60454],[139.34256,35.60315],[139.34299,35.60365],[139.3442,35.60259],[139.34724,35.60195],[139.34729,35.60235],[139.34743,35.6019],[139.3483,35.60224],[139.34828,35.60163],[139.35307,35.60081],[139.35336,35.60003],[139.35484,35.60055],[139.35618,35.59923],[139.35793,35.59871],[139.36277,35.59913],[139.36627,35.59749],[139.37014,35.59451],[139.37156,35.59433],[139.37333,35.59491],[139.37504,35.59409],[139.37658,35.5921],[139.3791,35.59071],[139.37916,35.5902],[139.38072,35.59052],[139.38101,35.58992],[139.382,35.58951],[139.38299,35.58995],[139.38296,35.58912],[139.38451,35.58848],[139.38437,35.58761],[139.38523,35.58748],[139.38533,35.58819],[139.38862,35.58853],[139.39108,35.58526],[139.39416,35.58564],[139.39486,35.58408],[139.39559,35.58431],[139.39608,35.58388],[139.39667,35.58446],[139.3998,35.58443],[139.39921,35.58333],[139.39964,35.58193],[139.4007,35.58147],[139.40033,35.58061],[139.40105,35.58014],[139.40151,35.57703],[139.40211,35.57645],[139.40299,35.5766],[139.40266,35.57602],[139.40332,35.57553],[139.40735,35.57583],[139.4091,35.57522],[139.41285,35.56622],[139.41343,35.56625],[139.41623,35.56381],[139.4158,35.56244],[139.41623,35.56189],[139.418,35.56192],[139.42244,35.55944],[139.42364,35.55622],[139.42785,35.55227],[139.42803,35.55168],[139.42766,35.55178],[139.42737,35.5512],[139.43199,35.54874],[139.43339,35.54636],[139.4347,35.54654],[139.43521,35.54623],[139.43601,35.54683],[139.43789,35.54578],[139.43769,35.54549],[139.43815,35.54558],[139.43878,35.54427],[139.44044,35.5431],[139.44377,35.54191],[139.44435,35.54242],[139.4451,35.54207],[139.4451,35.54113],[139.44815,35.5378],[139.44826,35.536],[139.44896,35.53489],[139.44985,35.53475],[139.44964,35.53432],[139.45053,35.53398],[139.45058,35.53351],[139.45415,35.53144],[139.45548,35.52956],[139.45832,35.52799],[139.45842,35.52673],[139.45759,35.52706],[139.45697,35.52534],[139.45482,35.52274],[139.45477,35.52169],[139.45577,35.52047],[139.46112,35.51928],[139.46344,35.51762],[139.46485,35.5109],[139.46809,35.50678],[139.46772,35.50237],[139.46842,35.50207],[139.47143,35.50206],[139.47381,35.50125],[139.47638,35.50135],[139.48035,35.50297],[139.48494,35.50397],[139.48106,35.50536],[139.47697,35.5114],[139.48035,35.51473],[139.48328,35.51915],[139.48454,35.51996],[139.48634,35.51984],[139.48569,35.52221],[139.48759,35.52478],[139.48653,35.5265],[139.4878,35.52788],[139.48679,35.52888],[139.48579,35.53113],[139.48682,35.53553],[139.48453,35.5361],[139.48504,35.53699],[139.48492,35.53818],[139.48398,35.53918],[139.48164,35.53995],[139.48033,35.54315],[139.48088,35.54596],[139.4823,35.54722],[139.48258,35.54854],[139.48196,35.55045],[139.48186,35.55596],[139.47973,35.55939],[139.47789,35.56044],[139.47649,35.56255],[139.47536,35.56133],[139.47535,35.56],[139.47474,35.55961],[139.47041,35.56041],[139.46948,35.56244],[139.46827,35.56314],[139.46965,35.5653],[139.46917,35.56674],[139.46967,35.5695],[139.47046,35.57048],[139.47173,35.57105],[139.47325,35.57385],[139.47368,35.57532],[139.47334,35.57687],[139.47649,35.58201],[139.47701,35.58181],[139.47783,35.58222],[139.478,35.58171],[139.47719,35.58119],[139.47795,35.58064],[139.48051,35.58168],[139.48208,35.58161],[139.48517,35.58469],[139.48684,35.5847],[139.48828,35.58394],[139.48976,35.58432],[139.48838,35.57847],[139.48606,35.57836],[139.48375,35.57196],[139.48287,35.57138],[139.48636,35.56904],[139.48604,35.56758],[139.48736,35.56706],[139.48908,35.5632],[139.48895,35.56209],[139.49103,35.56143],[139.493,35.56263],[139.49467,35.56486],[139.49627,35.56464],[139.49789,35.5678],[139.50083,35.56853],[139.5006,35.57044],[139.50434,35.57161],[139.50561,35.57123],[139.50645,35.5716],[139.50735,35.57377],[139.50689,35.57485],[139.50759,35.57514],[139.5069,35.57582],[139.50546,35.57479],[139.50367,35.5767],[139.50236,35.57706],[139.50226,35.57822],[139.50062,35.57914],[139.49922,35.58097],[139.49741,35.58209],[139.49715,35.5815],[139.4966,35.58156],[139.49532,35.58269],[139.49394,35.58273],[139.49375,35.58416],[139.4931,35.58428],[139.49348,35.58538],[139.49446,35.58624],[139.49361,35.58761],[139.49368,35.58908],[139.49288,35.58914],[139.49193,35.58847],[139.49199,35.58897],[139.49144,35.58892],[139.49119,35.58937],[139.49069,35.58899],[139.48918,35.59014],[139.48823,35.58995],[139.48863,35.59072],[139.48788,35.59095],[139.48712,35.59002],[139.4871,35.59172],[139.48578,35.59191],[139.48512,35.59292],[139.48426,35.59282],[139.48454,35.59416],[139.48318,35.59341],[139.48391,35.5953],[139.48293,35.59487],[139.48189,35.59537],[139.4803,35.59469],[139.48025,35.59539],[139.48078,35.59574],[139.47949,35.59589],[139.47964,35.59509],[139.47802,35.59897],[139.47658,35.59963],[139.47397,35.5997],[139.47106,35.60116],[139.47028,35.60349],[139.46647,35.60673],[139.46667,35.60863],[139.46605,35.6095],[139.46559,35.60954],[139.46504,35.60875],[139.4638,35.60916],[139.46307,35.60803],[139.46063,35.60841],[139.45927,35.60759],[139.45792,35.60748],[139.45515,35.60516],[139.45352,35.60448],[139.45252,35.60672],[139.45287,35.60768],[139.45162,35.60858],[139.45119,35.60979],[139.44928,35.61178],[139.45072,35.61318],[139.45143,35.61507],[139.45241,35.61578],[139.45302,35.61856],[139.45357,35.61809],[139.45516,35.61809],[139.45614,35.619],[139.45704,35.6191],[139.46074,35.62216],[139.46216,35.62488],[139.46278,35.62505],[139.46546,35.62398],[139.46586,35.62238],[139.46759,35.62063],[139.47242,35.61975],[139.47507,35.61998],[139.47547,35.6197],[139.47633,35.61863],[139.47599,35.61762],[139.47674,35.61505],[139.47604,35.61324],[139.47695,35.61302],[139.47815,35.61376],[139.47966,35.61326],[139.48112,35.61023],[139.48326,35.60871],[139.48655,35.60843],[139.48791,35.60769],[139.48929,35.60441],[139.49364,35.60582],[139.49757,35.60487],[139.49974,35.60545],[139.49982,35.60765],[139.49528,35.61325],[139.49436,35.6157],[139.49468,35.61729],[139.4979,35.61832],[139.4994,35.6204],[139.50113,35.62174],[139.50295,35.62219],[139.50342,35.62286],[139.50608,35.62282],[139.50929,35.6241],[139.5104,35.62335],[139.51194,35.62429],[139.51458,35.62473],[139.51608,35.62562],[139.51696,35.62789],[139.5166,35.62959],[139.51727,35.63052],[139.51844,35.6306],[139.519,35.63142],[139.52031,35.63124],[139.52349,35.63239],[139.52339,35.63354],[139.52211,35.63457],[139.52181,35.63644],[139.52118,35.63677],[139.52099,35.63776],[139.52211,35.63755],[139.52339,35.63882],[139.52428,35.64153],[139.52552,35.64267],[139.53089,35.64196],[139.53595,35.63948],[139.54596,35.63742],[139.54623,35.6369],[139.54772,35.63669],[139.54943,35.63437],[139.55743,35.63399],[139.56251,35.63238],[139.56266,35.63139],[139.56616,35.62954],[139.56563,35.6272],[139.56793,35.62684],[139.57112,35.62441],[139.57655,35.62198],[139.57973,35.62206],[139.58499,35.62102],[139.59189,35.61771],[139.5931,35.61757],[139.59662,35.6185],[139.59984,35.61846],[139.60535,35.61557],[139.60684,35.61553],[139.60876,35.61644],[139.60967,35.61641],[139.61219,35.61585],[139.61312,35.61469],[139.61558,35.61333],[139.61852,35.61379],[139.62372,35.61116],[139.62544,35.60941],[139.63185,35.60683],[139.6318,35.60579],[139.63518,35.60346],[139.637,35.60305],[139.63976,35.60022],[139.64877,35.59504],[139.65105,35.59223],[139.65629,35.58973],[139.65864,35.58979],[139.6588,35.58943],[139.66333,35.58987],[139.66449,35.58952],[139.66729,35.58718],[139.66931,35.58472],[139.67126,35.57852],[139.67599,35.56688],[139.67879,35.56299],[139.68155,35.56119],[139.68609,35.55937],[139.68962,35.55729],[139.69136,35.55675],[139.69829,35.55597],[139.70088,35.55489],[139.70374,35.55261],[139.70423,35.55117],[139.70353,35.54941],[139.69845,35.5454],[139.69776,35.54376],[139.69794,35.54145],[139.69883,35.53975],[139.69993,35.53836],[139.70223,35.53703],[139.70479,35.53629],[139.70901,35.53638],[139.7173,35.538],[139.71951,35.53912],[139.72295,35.54187],[139.72656,35.54357],[139.73036,35.54291],[139.73365,35.54087],[139.73495,35.54122],[139.73767,35.54439],[139.7396,35.54516],[139.74678,35.54383],[139.75008,35.54458],[139.75685,35.5445],[139.76808,35.53934],[139.7765,35.53447],[139.77446,35.53222],[139.78761,35.52447],[139.78921,35.52184],[139.78852,35.52119],[139.79017,35.52002],[139.79511,35.51923],[139.79608,35.51863],[139.79421,35.5164],[139.80138,35.51215],[139.80028,35.5109],[139.80117,35.51218],[139.79417,35.51633],[139.79164,35.51351],[139.79608,35.51071],[139.79418,35.51176],[139.79064,35.50783],[139.79191,35.50715],[139.79647,35.50669],[139.79865,35.50916],[139.79667,35.51029],[139.79867,35.50918],[139.79991,35.5105],[139.79651,35.50662],[139.79187,35.50707],[139.78019,35.51331],[139.77711,35.5104],[139.77896,35.50975],[139.77913,35.50968],[139.77911,35.50965],[139.77709,35.51038],[139.77625,35.50959],[139.77881,35.50864],[139.77622,35.50956],[139.77232,35.51231],[139.77471,35.51479],[139.77352,35.51563],[139.77102,35.51323],[139.77011,35.51387],[139.76638,35.52056],[139.76898,35.52292],[139.76785,35.52378],[139.76561,35.52192],[139.76096,35.53027],[139.76017,35.53086],[139.75637,35.53034],[139.75357,35.53247],[139.75173,35.53328],[139.75108,35.53083],[139.75187,35.53024],[139.75317,35.53137],[139.75378,35.53138],[139.75583,35.5299],[139.75588,35.52779],[139.7523,35.52464],[139.75288,35.52495],[139.75222,35.52434],[139.75261,35.52404],[139.75225,35.5237],[139.75191,35.52339],[139.7515,35.52373],[139.74605,35.51898],[139.74385,35.52101],[139.74318,35.52044],[139.74382,35.52038],[139.74537,35.51881],[139.74507,35.51838],[139.74061,35.51571],[139.73786,35.51471],[139.73857,35.51339],[139.74511,35.51606],[139.74646,35.51556],[139.74908,35.50928],[139.74877,35.50684],[139.73381,35.5006],[139.73338,35.50089],[139.73241,35.50982],[139.73311,35.51238],[139.73201,35.51336],[139.73177,35.51556],[139.73031,35.5153],[139.73006,35.51122],[139.73137,35.49906],[139.72851,35.49781],[139.72826,35.49817],[139.72684,35.49754],[139.72709,35.49716],[139.7264,35.4969],[139.72688,35.49728],[139.72674,35.4975],[139.71984,35.49423],[139.71391,35.50297],[139.71453,35.50409],[139.71917,35.50604],[139.71873,35.50675],[139.71629,35.50619],[139.71121,35.50396],[139.71803,35.49363],[139.70862,35.48923],[139.70694,35.48882],[139.70718,35.48852],[139.70665,35.48828],[139.70492,35.48793],[139.7053,35.48765],[139.70481,35.48744],[139.70471,35.48784],[139.6963,35.48404],[139.69489,35.48801],[139.69828,35.4895],[139.6985,35.49011],[139.69794,35.49097],[139.69462,35.48945],[139.69321,35.49241],[139.69183,35.49213],[139.69028,35.49151],[139.69053,35.48966],[139.69077,35.48976],[139.69111,35.48931],[139.69131,35.48827],[139.69095,35.48818],[139.69064,35.48963],[139.69048,35.48888],[139.68925,35.49027],[139.68851,35.49496],[139.68838,35.4954],[139.68798,35.49531],[139.68819,35.49135],[139.68705,35.49086],[139.68833,35.48976],[139.69018,35.48518],[139.69286,35.48268],[139.6928,35.48141],[139.68949,35.47891],[139.68657,35.47898],[139.68699,35.47901],[139.68647,35.4798],[139.68177,35.47836],[139.68214,35.47747],[139.68177,35.47289],[139.67567,35.47135],[139.67593,35.46921],[139.6756,35.47045],[139.67459,35.46957],[139.66831,35.46789],[139.6679,35.47356],[139.67314,35.47513],[139.67304,35.47655],[139.67234,35.47764],[139.67132,35.47761],[139.66957,35.48046],[139.67,35.4815],[139.67464,35.48338],[139.67396,35.4845],[139.66853,35.48228],[139.66768,35.4836],[139.66597,35.48282],[139.66919,35.47753],[139.66785,35.47715],[139.66777,35.47742],[139.6539,35.47664],[139.65145,35.48152],[139.64832,35.48038],[139.64872,35.47957],[139.64985,35.47933],[139.65157,35.47779],[139.65168,35.47651],[139.64462,35.47602],[139.64197,35.47344],[139.64037,35.47427],[139.64187,35.47331],[139.63997,35.47126],[139.64086,35.47121],[139.64063,35.46968],[139.6397,35.46985],[139.64021,35.4681],[139.6396,35.4683],[139.63893,35.46768],[139.63848,35.46859],[139.63816,35.46841],[139.63857,35.46765],[139.63791,35.46738],[139.63812,35.46518],[139.63408,35.46551],[139.63294,35.4645],[139.63411,35.46411],[139.63366,35.46302],[139.63444,35.46302],[139.63476,35.46378],[139.63839,35.46378],[139.63881,35.46285],[139.63803,35.4611],[139.63847,35.45871],[139.63791,35.45838],[139.6381,35.45742],[139.63506,35.4555],[139.63583,35.45538],[139.6385,35.4568],[139.64084,35.45577],[139.64309,35.45862],[139.64221,35.4572],[139.64321,35.45667],[139.64197,35.45515],[139.64291,35.45463],[139.64551,35.45779],[139.64698,35.457],[139.6454,35.45742],[139.64483,35.4567],[139.64634,35.45621],[139.64598,35.45575],[139.6462,35.45611],[139.64474,35.45659],[139.64443,35.45621],[139.64555,35.45544],[139.64408,35.45395],[139.645,35.45099],[139.64415,35.45099],[139.64365,35.45005],[139.6441,35.44972],[139.64345,35.44908],[139.64461,35.4485],[139.64533,35.44926],[139.64442,35.45017],[139.6456,35.44964],[139.64876,35.45375],[139.64968,35.45326],[139.64676,35.44964],[139.64705,35.44945],[139.64634,35.44936],[139.64572,35.44858],[139.6455,35.44787],[139.64612,35.44756],[139.64668,35.44812],[139.65186,35.44513],[139.65714,35.45133],[139.65749,35.45115],[139.65775,35.4526],[139.65753,35.45113],[139.65854,35.4506],[139.65727,35.44896],[139.65892,35.44844],[139.66027,35.45008],[139.6616,35.44934],[139.66038,35.44773],[139.66225,35.44751],[139.66441,35.45021],[139.6658,35.44948],[139.66363,35.44676],[139.65698,35.44434],[139.66028,35.44126],[139.66318,35.44355],[139.66141,35.44505],[139.66035,35.44465],[139.66143,35.44509],[139.66412,35.4428],[139.67036,35.4513],[139.67276,35.45034],[139.67312,35.4509],[139.67281,35.45032],[139.67432,35.44971],[139.66855,35.44023],[139.66899,35.43934],[139.67115,35.43884],[139.6753,35.44571],[139.67724,35.4449],[139.67629,35.44329],[139.67744,35.44282],[139.67763,35.44314],[139.6815,35.44158],[139.67608,35.4328],[139.6775,35.43229],[139.67607,35.43277],[139.67535,35.43159],[139.67831,35.43038],[139.67902,35.43157],[139.67797,35.432],[139.67904,35.4316],[139.68538,35.44204],[139.68705,35.44137],[139.68814,35.44245],[139.68713,35.44135],[139.69061,35.43922],[139.68539,35.42666],[139.68122,35.42642],[139.68124,35.42511],[139.68052,35.42611],[139.68104,35.42638],[139.68079,35.42702],[139.67926,35.42758],[139.67886,35.42683],[139.68006,35.42591],[139.68021,35.42604],[139.68012,35.42586],[139.68013,35.42585],[139.67993,35.42556],[139.68138,35.42442],[139.68152,35.42281],[139.68054,35.42196],[139.67978,35.42194],[139.6769,35.42417],[139.67603,35.42341],[139.67519,35.42353],[139.67874,35.42034],[139.67945,35.41877],[139.67986,35.41879],[139.67801,35.41619],[139.67999,35.41559],[139.68172,35.419],[139.68251,35.41872],[139.68022,35.41551],[139.68177,35.41504],[139.6834,35.41687],[139.68189,35.41477],[139.68126,35.41496],[139.68017,35.41252],[139.67965,35.41268],[139.67944,35.41085],[139.66955,35.40288],[139.66683,35.4046],[139.66923,35.40652],[139.66589,35.40853],[139.6632,35.40662],[139.65256,35.41303],[139.6429,35.41181],[139.63366,35.40833],[139.6297,35.41336],[139.62935,35.41318],[139.6313,35.41027],[139.63058,35.41058],[139.62772,35.40914],[139.63079,35.40498],[139.64199,35.40697],[139.64475,35.4055],[139.64548,35.40298],[139.63231,35.40038],[139.62965,35.40137],[139.62602,35.40164],[139.62218,35.39609],[139.62285,35.39575],[139.6221,35.39599],[139.62198,35.39535],[139.62443,35.39171],[139.6313,35.39456],[139.63226,35.39337],[139.63392,35.39381],[139.63651,35.39033],[139.62743,35.38621],[139.62859,35.38416],[139.63234,35.38321],[139.632,35.38235],[139.63261,35.38219],[139.63295,35.38306],[139.63381,35.38285],[139.63968,35.38537],[139.64213,35.38742],[139.64284,35.38723],[139.64248,35.3877],[139.64568,35.39054],[139.65323,35.38726],[139.65022,35.38476],[139.65252,35.38645],[139.65269,35.38631],[139.65265,35.38627],[139.64942,35.3841],[139.65107,35.38277],[139.64942,35.3814],[139.64863,35.38196],[139.64774,35.38166],[139.64747,35.38101],[139.6484,35.38016],[139.64646,35.37852],[139.64589,35.37809],[139.64403,35.3796],[139.64325,35.37896],[139.65052,35.37308],[139.65158,35.37308],[139.65368,35.37483],[139.6536,35.37447],[139.65827,35.37854],[139.65406,35.37477],[139.65651,35.37268],[139.65651,35.36654],[139.65094,35.36642],[139.65098,35.35984],[139.65484,35.35367],[139.65693,35.35349],[139.65695,35.34193],[139.6458,35.3397],[139.64372,35.33969],[139.64232,35.3394],[139.64174,35.33884],[139.63987,35.34043],[139.63893,35.34072],[139.63801,35.34038],[139.63587,35.33904],[139.63372,35.33602],[139.63553,35.33501],[139.63538,35.33414],[139.63711,35.33439],[139.63545,35.33406],[139.63495,35.33267],[139.63742,35.33324],[139.63743,35.33432],[139.63779,35.33425],[139.63746,35.33312],[139.63505,35.33222],[139.63532,35.33244],[139.63471,35.33255],[139.63495,35.33217],[139.63454,35.3319],[139.63463,35.3325],[139.63362,35.33196],[139.63435,35.33182],[139.62934,35.32944],[139.62661,35.33116],[139.62361,35.3321],[139.62364,35.33241],[139.62233,35.33194],[139.62256,35.33149],[139.62229,35.33178],[139.62197,35.3315],[139.62981,35.32571],[139.63133,35.32557],[139.63173,35.32499],[139.63174,35.323],[139.63235,35.32289],[139.63192,35.32231],[139.63413,35.32192],[139.63448,35.32197],[139.63517,35.32258],[139.63593,35.32387],[139.63876,35.32669],[139.64073,35.33037],[139.6489,35.32726],[139.65848,35.32805],[139.65851,35.32769],[139.65944,35.32775],[139.65941,35.32811],[139.66187,35.32827],[139.66188,35.32821],[139.66067,35.32817],[139.66122,35.32226],[139.65899,35.32249],[139.659,35.32212],[139.65569,35.32157],[139.65607,35.3176],[139.65311,35.31741],[139.65121,35.31968],[139.64894,35.3184],[139.65121,35.31569],[139.64823,35.31262],[139.6469,35.31349],[139.64578,35.31234],[139.64488,35.31266],[139.64496,35.30867],[139.64244,35.30753],[139.63993,35.30872],[139.6397,35.30943],[139.63919,35.30944],[139.63971,35.31013],[139.63668,35.31172],[139.63654,35.31078],[139.63762,35.30978],[139.63793,35.30865],[139.63978,35.30799],[139.64096,35.30613],[139.64153,35.30638],[139.64104,35.30605],[139.6423,35.30458],[139.64202,35.30331],[139.64111,35.30329],[139.64067,35.30266],[139.63964,35.30393],[139.63888,35.30376],[139.63944,35.30279],[139.63898,35.30172],[139.64012,35.30163],[139.63896,35.30068],[139.63729,35.30044],[139.6365,35.30204],[139.63606,35.30195],[139.63623,35.30108],[139.63589,35.30195],[139.63456,35.30176],[139.63469,35.30122],[139.63239,35.30145],[139.6311,35.29995],[139.63494,35.29848],[139.6339,35.29724],[139.6341,35.29643],[139.63352,35.29564],[139.63487,35.29519],[139.63535,35.29616],[139.63967,35.29501],[139.64106,35.29591],[139.64079,35.29631],[139.6415,35.29756],[139.64209,35.29733],[139.64262,35.29823],[139.64333,35.29838],[139.64458,35.29769],[139.64745,35.29478],[139.64878,35.29253],[139.64834,35.29304],[139.64748,35.29266],[139.64728,35.29202],[139.6478,35.29116],[139.64893,35.29149],[139.64907,35.28805],[139.65018,35.28804],[139.65034,35.28836],[139.65026,35.28785],[139.65118,35.28761],[139.65175,35.28809],[139.65207,35.28866],[139.65042,35.28974],[139.65154,35.29137],[139.65057,35.28974],[139.65209,35.28874],[139.65333,35.29022],[139.65182,35.28804],[139.65564,35.28582],[139.6553,35.28547],[139.65436,35.28595],[139.65388,35.28522],[139.65521,35.28477],[139.65736,35.28493],[139.65847,35.2838],[139.6608,35.28288],[139.66272,35.28485],[139.66239,35.28519],[139.66149,35.28458],[139.65928,35.2862],[139.66074,35.28719],[139.65698,35.2905],[139.65751,35.29096],[139.65697,35.29265],[139.65781,35.29101],[139.65995,35.29148],[139.6596,35.29351],[139.66026,35.29154],[139.66175,35.29186],[139.66151,35.29238],[139.66461,35.28949],[139.66543,35.29253],[139.66204,35.29495],[139.66368,35.29497],[139.66405,35.29666],[139.66345,35.29721],[139.6633,35.29863],[139.66264,35.29861],[139.66134,35.30021],[139.662,35.30077],[139.66886,35.30184],[139.67397,35.30058],[139.6769,35.29841],[139.6802,35.29505],[139.67962,35.29407],[139.67895,35.29417],[139.67885,35.29463],[139.67751,35.29451],[139.67743,35.29221],[139.67983,35.29165],[139.68102,35.2891],[139.68287,35.28852],[139.68499,35.28875],[139.68508,35.28859],[139.68256,35.28838],[139.68086,35.28893],[139.6804,35.28955],[139.67648,35.28864],[139.673,35.28851],[139.6731,35.28803],[139.67294,35.2885],[139.67187,35.28838],[139.672,35.28667],[139.67413,35.28691],[139.67453,35.28551],[139.6742,35.28446],[139.67518,35.28381],[139.67804,35.28534],[139.67907,35.28465],[139.67766,35.28095],[139.67882,35.28064],[139.67764,35.2809],[139.67732,35.28005],[139.67945,35.27863],[139.68049,35.27969],[139.6795,35.28041],[139.68056,35.27968],[139.68018,35.2793],[139.68741,35.27484],[139.6857,35.27551],[139.68509,35.27489],[139.68556,35.27457],[139.68459,35.27359],[139.68741,35.27171],[139.68814,35.27201],[139.68868,35.27211],[139.68659,35.27075],[139.68727,35.2703],[139.68755,35.27058],[139.688,35.26981],[139.68903,35.2707],[139.6887,35.27096],[139.68905,35.27072],[139.68983,35.27147],[139.68923,35.27238],[139.69021,35.27115],[139.69091,35.26695],[139.69155,35.26662],[139.69099,35.26657],[139.69623,35.26493],[139.69664,35.26545],[139.69811,35.26576],[139.69685,35.26544],[139.69671,35.2648],[139.69708,35.26488],[139.69651,35.26397],[139.69703,35.26389],[139.69728,35.26474],[139.69825,35.26456],[139.69843,35.26546],[139.69906,35.26461],[139.7032,35.26396],[139.71807,35.26371],[139.72108,35.26317],[139.72736,35.26415],[139.72778,35.26441],[139.72811,35.26491],[139.72803,35.26547],[139.72789,35.26555],[139.72968,35.26573],[139.73058,35.26535],[139.73147,35.26593],[139.73267,35.26584],[139.73342,35.26544],[139.73361,35.26422],[139.73309,35.26493],[139.73098,35.26366],[139.73215,35.26253],[139.73253,35.26278],[139.73216,35.2625],[139.73263,35.26214],[139.73321,35.26211],[139.73308,35.26158],[139.73475,35.26142],[139.73484,35.26252],[139.73439,35.26245],[139.733,35.26325],[139.73307,35.26333],[139.73437,35.26252],[139.73554,35.26265],[139.73585,35.26301],[139.73599,35.26258],[139.73644,35.26258],[139.73609,35.26245],[139.73649,35.26209],[139.73927,35.26167],[139.73963,35.26132],[139.73928,35.26041],[139.74064,35.25955],[139.74122,35.2597],[139.74071,35.25947],[139.74065,35.25874],[139.74208,35.25844],[139.74212,35.25858],[139.74227,35.25851],[139.74231,35.25859],[139.7424,35.25852],[139.74245,35.25854],[139.74262,35.25861],[139.74308,35.25911],[139.74358,35.25915],[139.74354,35.25874],[139.7455,35.25715],[139.74532,35.2568],[139.74535,35.25679],[139.74557,35.25672],[139.74577,35.25687],[139.74619,35.25665],[139.74582,35.25663],[139.74621,35.25591],[139.74558,35.25503],[139.74613,35.25393],[139.74701,35.25349],[139.74565,35.25337],[139.74552,35.25264],[139.74522,35.25293],[139.74406,35.25272],[139.74347,35.25199],[139.74366,35.25159],[139.74314,35.25164],[139.7425,35.25113],[139.74211,35.25149],[139.74099,35.25144],[139.73781,35.24953],[139.73753,35.24884],[139.73845,35.24801],[139.73794,35.24803],[139.73818,35.24757],[139.7373,35.24782],[139.73709,35.2474],[139.73637,35.24699],[139.73725,35.24784],[139.73594,35.24871],[139.73477,35.24845],[139.73445,35.24778],[139.73418,35.24798],[139.73391,35.24622],[139.73469,35.24635],[139.73452,35.24706],[139.7351,35.24739],[139.7356,35.24665],[139.73604,35.24677],[139.7364,35.24647],[139.73418,35.24596],[139.73407,35.24432],[139.7351,35.24488],[139.73322,35.24084],[139.72688,35.23949],[139.72718,35.23965],[139.72657,35.24064],[139.72762,35.24117],[139.72715,35.24209],[139.72625,35.24169],[139.72626,35.24067],[139.72565,35.24071],[139.72444,35.23957],[139.72447,35.24054],[139.72337,35.24007],[139.72103,35.24212],[139.7212,35.24358],[139.71762,35.2473],[139.71668,35.24612],[139.71764,35.24523],[139.71724,35.24466],[139.71919,35.24146],[139.72246,35.23795],[139.72262,35.23865],[139.72247,35.23782],[139.72423,35.23598],[139.72344,35.235],[139.72205,35.23438],[139.72353,35.23483],[139.72465,35.23423],[139.72526,35.23471],[139.72595,35.23583],[139.72501,35.23715],[139.72602,35.23597],[139.72634,35.23447],[139.72772,35.23317],[139.7292,35.23321],[139.72929,35.23298],[139.72948,35.23282],[139.72859,35.23208],[139.72829,35.23101],[139.72852,35.2298],[139.7294,35.2294],[139.72851,35.2285],[139.72784,35.22731],[139.72805,35.2257],[139.72861,35.22507],[139.7291,35.22508],[139.72877,35.22372],[139.72696,35.22354],[139.72668,35.22457],[139.72198,35.22389],[139.72264,35.22439],[139.72256,35.22506],[139.72164,35.22638],[139.72247,35.22639],[139.72237,35.22709],[139.72133,35.22724],[139.72022,35.22806],[139.71903,35.22772],[139.71766,35.22835],[139.71714,35.22813],[139.71608,35.22686],[139.71477,35.22661],[139.71631,35.22607],[139.71486,35.22654],[139.71339,35.22386],[139.71432,35.22128],[139.71329,35.22148],[139.71331,35.22044],[139.71445,35.22055],[139.71445,35.22092],[139.71449,35.22055],[139.71513,35.22051],[139.71551,35.22114],[139.7154,35.22049],[139.71608,35.22044],[139.71829,35.22295],[139.72006,35.222],[139.71836,35.22047],[139.71876,35.22017],[139.72035,35.22142],[139.71883,35.22004],[139.71832,35.22043],[139.71569,35.21827],[139.71529,35.21734],[139.71545,35.21707],[139.71823,35.21833],[139.7178,35.21847],[139.72276,35.21828],[139.72429,35.21609],[139.72511,35.21636],[139.72435,35.216],[139.72506,35.21497],[139.72506,35.21134],[139.72494,35.21195],[139.72062,35.21197],[139.71781,35.2112],[139.72006,35.2112],[139.72015,35.21078],[139.72116,35.21072],[139.71705,35.21063],[139.71535,35.21079],[139.71632,35.21129],[139.71476,35.21181],[139.71293,35.21106],[139.70731,35.21108],[139.70364,35.21028],[139.69875,35.21019],[139.69214,35.20933],[139.68679,35.20762],[139.68403,35.20622],[139.6841,35.20591],[139.68373,35.20617],[139.67785,35.20235],[139.67761,35.20198],[139.67838,35.20113],[139.67726,35.2004],[139.67817,35.20127],[139.67755,35.20194],[139.67683,35.20158],[139.67723,35.20104],[139.67671,35.20152],[139.67568,35.20097],[139.67715,35.19994],[139.67612,35.19958],[139.67657,35.19994],[139.67589,35.20069],[139.67515,35.20056],[139.67489,35.20003],[139.67419,35.20011],[139.67364,35.19929],[139.67303,35.19937],[139.66936,35.19672],[139.66821,35.19635],[139.6681,35.19582],[139.66734,35.19572],[139.6619,35.19012],[139.66244,35.18963],[139.66167,35.19025],[139.6611,35.18998],[139.65688,35.18563],[139.65499,35.18079],[139.65524,35.17489],[139.65638,35.17273],[139.65744,35.17289],[139.6571,35.17267],[139.65765,35.17267],[139.6582,35.17195],[139.66016,35.17152],[139.66034,35.16478],[139.66226,35.16055],[139.66337,35.1594],[139.6646,35.16016],[139.66562,35.16023],[139.66389,35.1597],[139.66459,35.15894],[139.66645,35.15897],[139.66685,35.16],[139.66595,35.16075],[139.66751,35.15959],[139.66692,35.15807],[139.66839,35.15761],[139.67192,35.15831],[139.674,35.15813],[139.67473,35.15758],[139.67695,35.1579],[139.67857,35.15766],[139.67788,35.15746],[139.67938,35.15692],[139.67865,35.15485],[139.67992,35.15428],[139.67948,35.1533],[139.67982,35.15278],[139.68057,35.15313],[139.68056,35.15164],[139.68195,35.15103],[139.68035,35.15076],[139.67991,35.15011],[139.6804,35.14974],[139.67989,35.14979],[139.68052,35.14947],[139.67934,35.14898],[139.67951,35.14684],[139.6813,35.1464],[139.68009,35.14605],[139.68012,35.14543],[139.67913,35.14562],[139.67869,35.14514],[139.67878,35.14405],[139.67862,35.14372],[139.67868,35.14484],[139.67754,35.14462],[139.67773,35.14564],[139.67713,35.14565],[139.67629,35.1449],[139.67722,35.14328],[139.67798,35.14343],[139.67734,35.14416],[139.67819,35.14345],[139.67758,35.1431],[139.6785,35.14288],[139.67848,35.14279],[139.67831,35.14282],[139.67814,35.14262],[139.67849,35.14201],[139.67786,35.14248],[139.67776,35.14179],[139.67859,35.14158],[139.67797,35.14154],[139.67895,35.141],[139.67875,35.14053],[139.67787,35.14111],[139.67647,35.14055],[139.67793,35.14083],[139.67844,35.13992],[139.67782,35.14032],[139.67786,35.1393],[139.67746,35.13971],[139.67665,35.13949],[139.67566,35.14043],[139.67553,35.14011],[139.6744,35.14057],[139.67399,35.14153],[139.67328,35.14135],[139.6734,35.14208],[139.67283,35.1422],[139.67245,35.14196],[139.67287,35.14132],[139.67147,35.14205],[139.67083,35.14189],[139.67154,35.14073],[139.67127,35.14047],[139.67198,35.14035],[139.67191,35.13955],[139.67146,35.13918],[139.67078,35.13921],[139.67051,35.13973],[139.66987,35.13938],[139.66842,35.14099],[139.66915,35.14104],[139.66873,35.14153],[139.66898,35.14271],[139.6666,35.14285],[139.66764,35.14282],[139.66766,35.14372],[139.66893,35.14466],[139.66623,35.1466],[139.66521,35.14636],[139.6651,35.14495],[139.66462,35.14511],[139.66395,35.14436],[139.66228,35.14487],[139.6618,35.14462],[139.66252,35.14334],[139.66518,35.14316],[139.66481,35.14283],[139.66524,35.14278],[139.66533,35.14223],[139.66491,35.14223],[139.66519,35.14261],[139.66479,35.14221],[139.66536,35.14183],[139.66461,35.14154],[139.66485,35.14102],[139.66387,35.14027],[139.66442,35.1402],[139.66453,35.13961],[139.66199,35.14039],[139.6616,35.14023],[139.66219,35.14007],[139.6615,35.13958],[139.66034,35.1399],[139.66063,35.1404],[139.66006,35.14067],[139.65921,35.13989],[139.65942,35.13914],[139.65833,35.13964],[139.65715,35.13925],[139.65683,35.13851],[139.65765,35.13768],[139.65706,35.1373],[139.65655,35.13802],[139.65623,35.13741],[139.65616,35.13871],[139.65467,35.13965],[139.65244,35.13957],[139.65187,35.14075],[139.65116,35.14073],[139.65215,35.14166],[139.65148,35.14233],[139.64858,35.14198],[139.64861,35.1413],[139.65026,35.1408],[139.65048,35.13969],[139.64849,35.1397],[139.64875,35.13892],[139.64756,35.1389],[139.64748,35.13852],[139.64738,35.13927],[139.64717,35.13929],[139.64721,35.13804],[139.64658,35.13776],[139.64602,35.13771],[139.6464,35.13814],[139.64537,35.138],[139.64536,35.13857],[139.64431,35.1379],[139.64373,35.13807],[139.64387,35.13867],[139.64324,35.13894],[139.64353,35.13906],[139.64354,35.13936],[139.64199,35.13809],[139.64082,35.1383],[139.64065,35.1387],[139.64073,35.13804],[139.63977,35.13793],[139.63921,35.13899],[139.64064,35.13968],[139.63986,35.13996],[139.64044,35.14071],[139.63964,35.14145],[139.63964,35.14096],[139.63864,35.14049],[139.6379,35.1421],[139.63729,35.14203],[139.63803,35.14102],[139.63747,35.14126],[139.63784,35.14061],[139.63726,35.1414],[139.63728,35.14082],[139.63583,35.14062],[139.63624,35.14079],[139.63611,35.14081],[139.63528,35.14038],[139.6355,35.14015],[139.63431,35.14023],[139.63395,35.13977],[139.63012,35.13989],[139.62884,35.13807],[139.63016,35.1372],[139.62836,35.13778],[139.62779,35.13719],[139.62599,35.13778],[139.62554,35.1375],[139.62522,35.13767],[139.62594,35.1378],[139.62464,35.13831],[139.62437,35.13808],[139.62309,35.13911],[139.62146,35.13915],[139.62199,35.14064],[139.62386,35.14268],[139.62357,35.14307],[139.62239,35.14278],[139.61944,35.1387],[139.61781,35.13899],[139.61667,35.13975],[139.61786,35.14092],[139.61759,35.14124],[139.61497,35.1391],[139.61431,35.13954],[139.61538,35.1411],[139.61437,35.14127],[139.61331,35.13938],[139.61359,35.14016],[139.61272,35.14047],[139.61335,35.14163],[139.61184,35.14219],[139.61083,35.14117],[139.61008,35.14145],[139.60911,35.14048],[139.60912,35.13985],[139.60892,35.14045],[139.60977,35.1413],[139.60487,35.1447],[139.6045,35.14611],[139.60498,35.14472],[139.6078,35.14288],[139.61133,35.14643],[139.61341,35.14503],[139.61372,35.14545],[139.6142,35.14491],[139.61487,35.14553],[139.61386,35.14596],[139.61502,35.14577],[139.61538,35.1463],[139.61493,35.14644],[139.61591,35.14704],[139.61567,35.14773],[139.61688,35.14712],[139.61731,35.1476],[139.61629,35.14851],[139.615,35.14827],[139.61386,35.14917],[139.61463,35.15001],[139.61535,35.14995],[139.61577,35.15087],[139.61541,35.15105],[139.61373,35.15006],[139.61314,35.15026],[139.61271,35.15097],[139.61331,35.15144],[139.61317,35.15246],[139.61212,35.1512],[139.61111,35.15112],[139.61049,35.1516],[139.6106,35.15298],[139.61028,35.15239],[139.60931,35.15319],[139.60765,35.153],[139.60821,35.15374],[139.60681,35.15484],[139.60714,35.15521],[139.60746,35.15441],[139.60712,35.15597],[139.60803,35.15556],[139.60912,35.15588],[139.60959,35.15467],[139.61033,35.15477],[139.61014,35.15548],[139.6105,35.1548],[139.61128,35.15491],[139.61109,35.15542],[139.61211,35.15502],[139.61269,35.15546],[139.61371,35.15531],[139.61388,35.15572],[139.61931,35.15455],[139.61954,35.15548],[139.61622,35.15616],[139.61585,35.157],[139.61405,35.15754],[139.61467,35.15797],[139.61431,35.15889],[139.61468,35.15941],[139.61618,35.15885],[139.61665,35.1582],[139.61809,35.15846],[139.6193,35.15816],[139.61961,35.15864],[139.61835,35.1595],[139.61705,35.15951],[139.61604,35.16021],[139.61415,35.16022],[139.61243,35.15796],[139.61109,35.15758],[139.6107,35.15804],[139.61088,35.15848],[139.61058,35.15901],[139.61118,35.15915],[139.61074,35.15935],[139.6117,35.15898],[139.61204,35.1597],[139.61058,35.16091],[139.61066,35.16345],[139.61192,35.16329],[139.61207,35.16262],[139.61368,35.16298],[139.61411,35.16221],[139.61527,35.16171],[139.61853,35.16162],[139.61859,35.16338],[139.61905,35.16349],[139.61876,35.16263],[139.6192,35.16243],[139.61973,35.16271],[139.61932,35.1634],[139.62219,35.16345],[139.6223,35.1631],[139.62246,35.16352],[139.62345,35.16238],[139.62606,35.16198],[139.62617,35.16237],[139.62624,35.1618],[139.62699,35.16193],[139.62785,35.16313],[139.63013,35.16359],[139.62762,35.16424],[139.62621,35.16312],[139.62517,35.16376],[139.62635,35.1649],[139.62456,35.16405],[139.62393,35.16499],[139.62274,35.16513],[139.62249,35.16562],[139.61856,35.16653],[139.61682,35.1653],[139.61799,35.16632],[139.61672,35.16682],[139.61799,35.16839],[139.61694,35.16881],[139.61753,35.16926],[139.61652,35.17004],[139.61657,35.17151],[139.61692,35.17189],[139.61748,35.17158],[139.61802,35.17185],[139.61783,35.17337],[139.61847,35.17202],[139.61954,35.17248],[139.62017,35.17348],[139.62007,35.17467],[139.61951,35.17736],[139.61846,35.17902],[139.61557,35.18116],[139.61576,35.18214],[139.6146,35.1826],[139.61473,35.18301],[139.6143,35.18286],[139.61393,35.1831],[139.61462,35.18336],[139.61629,35.18295],[139.61867,35.18359],[139.61947,35.18336],[139.62014,35.18366],[139.6201,35.18412],[139.6188,35.1844],[139.61836,35.18396],[139.61791,35.18507],[139.61881,35.18532],[139.61809,35.18584],[139.61686,35.1852],[139.61626,35.18537],[139.61687,35.1854],[139.61724,35.18579],[139.61677,35.18591],[139.61763,35.1863],[139.61745,35.1867],[139.61652,35.1867],[139.61736,35.18711],[139.61736,35.18767],[139.61614,35.18974],[139.61371,35.19075],[139.60937,35.19021],[139.6095,35.19102],[139.60875,35.19147],[139.60831,35.19128],[139.6085,35.19142],[139.60809,35.19157],[139.60924,35.19378],[139.60872,35.19417],[139.60847,35.1932],[139.60826,35.19363],[139.60795,35.19341],[139.60768,35.19397],[139.60817,35.19461],[139.6081,35.19472],[139.60716,35.19482],[139.60616,35.194],[139.60571,35.19414],[139.60589,35.19473],[139.6053,35.19454],[139.60513,35.19493],[139.60452,35.19435],[139.60445,35.19488],[139.60396,35.19376],[139.60345,35.19389],[139.60301,35.1934],[139.60277,35.1941],[139.60124,35.19356],[139.60107,35.19473],[139.60094,35.19406],[139.59974,35.19364],[139.59951,35.19407],[139.60036,35.19461],[139.59944,35.19435],[139.59944,35.19466],[139.5989,35.19481],[139.59927,35.19507],[139.59889,35.19574],[139.5995,35.19594],[139.59924,35.19652],[139.60025,35.19674],[139.60056,35.19724],[139.60053,35.19693],[139.60141,35.19725],[139.60132,35.19713],[139.60142,35.19712],[139.60131,35.19697],[139.60135,35.19675],[139.60168,35.19652],[139.60223,35.19755],[139.60361,35.19752],[139.6029,35.19809],[139.60221,35.19792],[139.60356,35.19936],[139.60508,35.19905],[139.60529,35.19983],[139.60533,35.19948],[139.60633,35.19942],[139.60621,35.20029],[139.60549,35.20006],[139.60532,35.20064],[139.60515,35.20066],[139.60503,35.20184],[139.60382,35.20157],[139.60399,35.20253],[139.60362,35.2027],[139.60401,35.2026],[139.60404,35.20351],[139.60442,35.20315],[139.60563,35.20383],[139.60565,35.20465],[139.60586,35.20375],[139.60692,35.20417],[139.60679,35.2051],[139.60613,35.20557],[139.60496,35.20503],[139.60478,35.2052],[139.60515,35.20561],[139.6058,35.20546],[139.60601,35.20649],[139.60722,35.20587],[139.60673,35.20533],[139.60809,35.20595],[139.60813,35.20805],[139.60932,35.20565],[139.6109,35.20581],[139.61189,35.20766],[139.61142,35.20801],[139.61067,35.20731],[139.60926,35.20859],[139.60901,35.20844],[139.6089,35.20824],[139.60885,35.20826],[139.60909,35.20908],[139.60955,35.20915],[139.60911,35.20954],[139.61014,35.20942],[139.60951,35.21018],[139.6102,35.20968],[139.61072,35.21008],[139.61179,35.2098],[139.61191,35.2102],[139.61222,35.20982],[139.61417,35.20992],[139.61558,35.20948],[139.61713,35.20818],[139.61915,35.20756],[139.61934,35.20864],[139.61986,35.20918],[139.61931,35.20786],[139.62041,35.20771],[139.62025,35.20877],[139.6216,35.20719],[139.62306,35.20761],[139.62487,35.20914],[139.62457,35.20992],[139.62555,35.21109],[139.62469,35.21176],[139.62723,35.21354],[139.62743,35.21539],[139.62622,35.21661],[139.62745,35.21572],[139.62695,35.21673],[139.62408,35.21775],[139.62296,35.21576],[139.62358,35.21536],[139.62273,35.21571],[139.62381,35.21824],[139.62151,35.22002],[139.62075,35.21988],[139.62157,35.2211],[139.62078,35.22146],[139.61985,35.22025],[139.61925,35.22015],[139.61787,35.221],[139.61684,35.22096],[139.61561,35.22197],[139.61412,35.22208],[139.61431,35.22257],[139.61344,35.2231],[139.61144,35.22284],[139.61176,35.22238],[139.61138,35.22222],[139.61061,35.22261],[139.61005,35.22265],[139.60973,35.2227],[139.61009,35.22267],[139.60991,35.22326],[139.60889,35.22335],[139.60852,35.22296],[139.60915,35.22256],[139.60826,35.22164],[139.60856,35.22213],[139.60763,35.22273],[139.60819,35.22315],[139.60742,35.22371],[139.60591,35.22376],[139.60425,35.22299],[139.60358,35.22363],[139.60401,35.22436],[139.60244,35.2255],[139.60355,35.22606],[139.60375,35.22717],[139.60266,35.22942],[139.60317,35.23027],[139.60249,35.23091],[139.60355,35.23031],[139.60408,35.23157],[139.60371,35.23223],[139.60346,35.23192],[139.60228,35.23249],[139.60296,35.23253],[139.60239,35.23282],[139.60107,35.23273],[139.60084,35.2335],[139.60152,35.23381],[139.6017,35.23459],[139.60075,35.2347],[139.601,35.23431],[139.60015,35.2347],[139.59924,35.23427],[139.59902,35.23455],[139.59872,35.23514],[139.59852,35.23657],[139.59907,35.23477],[139.59968,35.23501],[139.59921,35.23593],[139.59956,35.2362],[139.59946,35.23658],[139.60002,35.23642],[139.60042,35.23714],[139.59984,35.23889],[139.59735,35.2409],[139.59665,35.24031],[139.59647,35.24067],[139.59606,35.2405],[139.59709,35.24123],[139.59643,35.24244],[139.59519,35.2433],[139.59472,35.24338],[139.59396,35.24459],[139.59279,35.24508],[139.59192,35.24502],[139.59187,35.24488],[139.59189,35.24504],[139.59008,35.24592],[139.59022,35.24624],[139.59186,35.24533],[139.59228,35.24627],[139.59109,35.24642],[139.59205,35.24635],[139.59188,35.24736],[139.59055,35.24789],[139.59112,35.24733],[139.59045,35.24761],[139.59038,35.24832],[139.58933,35.24865],[139.58903,35.24905],[139.58775,35.25013],[139.58591,35.25149],[139.58076,35.25372],[139.58007,35.25372],[139.5789,35.25324],[139.57858,35.25334],[139.57824,35.25305],[139.57768,35.25335],[139.57728,35.25285],[139.57614,35.25353],[139.57652,35.25403],[139.57721,35.25336],[139.57887,35.25374],[139.57965,35.25472],[139.57978,35.25635],[139.57921,35.25696],[139.57876,35.25652],[139.57925,35.25735],[139.57855,35.25898],[139.57693,35.26012],[139.57572,35.26009],[139.57685,35.26093],[139.5771,35.26187],[139.57663,35.26345],[139.57551,35.26465],[139.57396,35.26559],[139.5728,35.26525],[139.57264,35.26603],[139.57101,35.26609],[139.57101,35.26645],[139.5684,35.2661],[139.56738,35.26729],[139.56869,35.26872],[139.56848,35.26963],[139.56873,35.26892],[139.5692,35.26903],[139.56913,35.26957],[139.57038,35.26888],[139.57066,35.26924],[139.57081,35.27105],[139.5699,35.27199],[139.56891,35.27228],[139.56905,35.27329],[139.5699,35.27328],[139.56972,35.27379],[139.57012,35.27332],[139.57074,35.27389],[139.57103,35.27624],[139.57041,35.27825],[139.56946,35.27875],[139.57028,35.27864],[139.57028,35.27924],[139.56908,35.28128],[139.56835,35.28134],[139.56787,35.28174],[139.56904,35.28148],[139.56884,35.2826],[139.56844,35.28258],[139.56859,35.28197],[139.56837,35.28196],[139.56813,35.28264],[139.56812,35.28186],[139.56787,35.28306],[139.56684,35.28308],[139.56663,35.28253],[139.56662,35.28307],[139.56567,35.28319],[139.56475,35.28449],[139.56613,35.28321],[139.56684,35.28436],[139.56663,35.28467],[139.56553,35.28424],[139.56687,35.28486],[139.56689,35.28559],[139.56697,35.28518],[139.56777,35.28516],[139.56738,35.28439],[139.56862,35.28416],[139.56869,35.28497],[139.56798,35.28516],[139.56944,35.2848],[139.57,35.28543],[139.56944,35.28604],[139.57084,35.28711],[139.57342,35.2872],[139.57342,35.28753],[139.57192,35.28731],[139.57343,35.28761],[139.57348,35.28913],[139.57265,35.29158],[139.57132,35.29304],[139.56811,35.29438],[139.56595,35.29303],[139.56292,35.29232],[139.56122,35.2929],[139.55963,35.29185],[139.55771,35.29177],[139.55813,35.29333],[139.55689,35.2943],[139.5575,35.2952],[139.55646,35.29632],[139.55524,35.29558],[139.55572,35.29511],[139.55522,35.29553],[139.55368,35.29431],[139.55217,35.29452],[139.5502,35.29622],[139.5515,35.2952],[139.55222,35.29573],[139.55149,35.29557],[139.55193,35.29636],[139.55116,35.29593],[139.55133,35.29647],[139.55092,35.29613],[139.55078,35.29625],[139.55133,35.29653],[139.55125,35.29872],[139.55267,35.30088],[139.55224,35.30287],[139.54532,35.30785],[139.54106,35.30916],[139.53919,35.30941],[139.53441,35.30861],[139.53348,35.30695],[139.53487,35.3065],[139.53345,35.30689],[139.53167,35.30375],[139.52687,35.30263],[139.52576,35.30163],[139.52286,35.30286],[139.5166,35.30323],[139.50964,35.30501],[139.50154,35.30622],[139.49665,35.30648],[139.49397,35.30556],[139.49275,35.30605],[139.49262,35.30493],[139.49039,35.30475],[139.49047,35.30512],[139.49056,35.30483],[139.49213,35.30492],[139.49225,35.30566],[139.49154,35.30566],[139.49217,35.30569],[139.4921,35.30655],[139.49261,35.30686],[139.4917,35.30721],[139.49081,35.30573],[139.49116,35.3056],[139.49076,35.30558],[139.49071,35.30567],[139.49166,35.30723],[139.49017,35.30763],[139.48879,35.30769],[139.48581,35.30689],[139.48322,35.30519],[139.48296,35.30433],[139.48129,35.30478],[139.48142,35.30612],[139.4804,35.30513],[139.48059,35.30537],[139.47995,35.30505],[139.47976,35.30511],[139.48162,35.3067],[139.48063,35.30686],[139.48077,35.30753],[139.4802,35.30612],[139.47992,35.30627],[139.47892,35.30477],[139.48014,35.30714],[139.47832,35.30993],[139.47368,35.31317],[139.47078,35.31432],[139.45446,35.3178],[139.442,35.31904],[139.43212,35.31927],[139.42552,35.31867],[139.41581,35.31671],[139.41456,35.31588],[139.4145,35.31529],[139.41521,35.31512],[139.41486,35.31496],[139.41329,35.3152],[139.41395,35.31534],[139.41409,35.31593],[139.41262,35.31699],[139.40613,35.31815],[139.40324,35.3182],[139.40111,35.31781],[139.4011,35.31738],[139.40094,35.31778],[139.40099,35.31726],[139.40053,35.31756],[139.39847,35.31631],[139.39911,35.31384],[139.39851,35.31404],[139.39891,35.3142],[139.39825,35.31654],[139.39711,35.3161],[139.39773,35.31397],[139.39818,35.31399],[139.39727,35.31308],[139.39773,35.31283],[139.40005,35.31339],[139.39923,35.31308],[139.39936,35.31274],[139.39917,35.31296],[139.39878,35.31297],[139.39892,35.31259],[139.39844,35.3129],[139.39772,35.31271],[139.39716,35.31304],[139.39759,35.31368],[139.39681,35.3157],[139.39507,35.31625],[139.39104,35.31659],[139.38432,35.3162],[139.3835,35.316],[139.38362,35.31554],[139.38301,35.31519],[139.37781,35.31477],[139.37601,35.31467],[139.37773,35.31506],[139.37753,35.31557],[139.37451,35.31559],[139.36787,35.31417],[139.36793,35.3133],[139.3669,35.31334],[139.36666,35.31267],[139.36385,35.31145],[139.36647,35.31281],[139.36648,35.31448],[139.36505,35.31431],[139.36505,35.31296],[139.36529,35.31295],[139.36545,35.3128],[139.3645,35.3129],[139.36493,35.31296],[139.36494,35.31431],[139.36386,35.31447],[139.3642,35.3123],[139.36372,35.3126],[139.36369,35.31464],[139.35856,35.31509],[139.35434,35.31448],[139.35242,35.31484],[139.34928,35.31464],[139.33481,35.31307],[139.32616,35.31116],[139.31987,35.30906],[139.31869,35.30791],[139.32025,35.30691],[139.31962,35.3059],[139.32005,35.30687],[139.3183,35.30811],[139.31755,35.30722],[139.31847,35.30671],[139.31891,35.3071],[139.31803,35.30608],[139.31722,35.30652],[139.31683,35.30605],[139.31861,35.30486],[139.31958,35.30519],[139.32047,35.30485],[139.31872,35.30466],[139.31564,35.30571],[139.31202,35.30592],[139.2933,35.30181],[139.25569,35.29454],[139.24847,35.29221],[139.24875,35.29124],[139.24816,35.29194],[139.24709,35.29163],[139.23896,35.28818],[139.23086,35.28538],[139.22182,35.28138],[139.21504,35.27992],[139.20814,35.27743],[139.20563,35.27598],[139.20218,35.27313],[139.20252,35.27272],[139.1998,35.27117],[139.1866,35.26118],[139.18201,35.25864],[139.17113,35.2541],[139.17038,35.25308],[139.15793,35.24406],[139.1579,35.2432],[139.15707,35.24352],[139.15394,35.24211],[139.15103,35.24039],[139.15093,35.23937],[139.15064,35.23962],[139.14853,35.23895],[139.14791,35.2395],[139.14868,35.24029],[139.14774,35.2409],[139.14655,35.23969],[139.14826,35.23864],[139.14623,35.23665],[139.14674,35.23632],[139.14832,35.23809],[139.1503,35.23851],[139.14859,35.23805],[139.14699,35.23612],[139.14792,35.23563],[139.14693,35.23361],[139.14738,35.23493],[139.14706,35.23505],[139.1477,35.2356],[139.14611,35.23623],[139.14558,35.23537],[139.14664,35.23462],[139.14519,35.23393],[139.14422,35.23395],[139.14242,35.22974],[139.14292,35.22758],[139.14172,35.22515],[139.14184,35.22512],[139.14175,35.22473],[139.14255,35.22219],[139.14245,35.21949],[139.14283,35.21928],[139.14233,35.21704],[139.14298,35.21686],[139.14219,35.21695],[139.14252,35.21658],[139.14172,35.21614],[139.14144,35.21523],[139.14261,35.21524],[139.14183,35.21499],[139.14194,35.2143],[139.14253,35.2141],[139.14198,35.21395],[139.1423,35.21361],[139.14184,35.21353],[139.14159,35.21278],[139.14243,35.20989],[139.14203,35.2088],[139.14259,35.20874],[139.14217,35.20873],[139.14253,35.20852],[139.14082,35.20442],[139.14152,35.2035],[139.1383,35.1996],[139.13844,35.19421],[139.13771,35.19248],[139.13816,35.19154],[139.13939,35.19237],[139.13845,35.19147],[139.14,35.19003],[139.14026,35.18884],[139.13962,35.18712],[139.13692,35.18484],[139.13596,35.18247],[139.13622,35.18069],[139.13907,35.17578]],[[139.51708,35.62941],[139.51831,35.62925],[139.51818,35.62975],[139.51745,35.62988],[139.51708,35.62941]],[[139.62745,35.27903],[139.62796,35.27874],[139.62767,35.27896],[139.62745,35.27903]],[[139.62798,35.27872],[139.62802,35.27848],[139.628,35.27867],[139.62798,35.27872]],[[139.62805,35.27827],[139.62812,35.27819],[139.6283,35.27803],[139.62894,35.27759],[139.62924,35.2774],[139.6296,35.27724],[139.62805,35.27827]],[[139.62972,35.2772],[139.62961,35.27724],[139.63001,35.27691],[139.62972,35.2772]],[[139.63009,35.27675],[139.63017,35.27659],[139.63102,35.2757],[139.63009,35.27675]],[[139.63135,35.27536],[139.63128,35.27547],[139.63116,35.27558],[139.63105,35.27567],[139.63135,35.27536]],[[139.63145,35.27505],[139.63149,35.275],[139.63142,35.27511],[139.63145,35.27505]],[[139.63246,35.27449],[139.63261,35.27449],[139.63275,35.27449],[139.63304,35.27456],[139.63246,35.27449]],[[139.63309,35.27458],[139.63378,35.27479],[139.63355,35.27479],[139.63309,35.27458]],[[139.63396,35.27466],[139.63416,35.27454],[139.63444,35.27441],[139.6345,35.27439],[139.63458,35.2744],[139.63466,35.27441],[139.63396,35.27466]],[[139.63532,35.27359],[139.63489,35.27408],[139.63514,35.27369],[139.63532,35.27359]],[[139.63603,35.27377],[139.63649,35.27375],[139.6361,35.27379],[139.63603,35.27377]],[[139.63709,35.27357],[139.63717,35.27352],[139.63734,35.27342],[139.63774,35.27312],[139.6382,35.27314],[139.63709,35.27357]],[[139.63912,35.27358],[139.63924,35.27362],[139.63918,35.27361],[139.63912,35.27358]],[[139.63944,35.27355],[139.63942,35.27361],[139.63934,35.27364],[139.63945,35.27327],[139.63944,35.27355]],[[139.63944,35.27308],[139.6395,35.27281],[139.6402,35.27279],[139.63944,35.27308]],[[139.64104,35.27286],[139.641,35.27287],[139.64094,35.27287],[139.64069,35.27287],[139.64056,35.27286],[139.64045,35.27285],[139.64032,35.27281],[139.6416,35.27261],[139.64104,35.27286]],[[139.64167,35.27257],[139.64197,35.27217],[139.6418,35.27245],[139.64167,35.27257]],[[139.63859,35.26963],[139.63875,35.27029],[139.63864,35.27013],[139.63859,35.26963]],[[139.63859,35.26933],[139.6386,35.26918],[139.63863,35.26893],[139.63859,35.26933]],[[139.63852,35.26745],[139.63854,35.26748],[139.63858,35.26761],[139.63852,35.26745]],[[139.63858,35.26771],[139.63855,35.26818],[139.63858,35.26761],[139.63858,35.26771]],[[139.6383,35.26691],[139.63839,35.2673],[139.63831,35.26717],[139.6383,35.26691]],[[139.63789,35.26516],[139.63779,35.26491],[139.63776,35.26482],[139.63776,35.26481],[139.63812,35.26568],[139.63789,35.26516]],[[139.63848,35.26439],[139.63849,35.26427],[139.6385,35.26434],[139.63848,35.26439]],[[139.63809,35.26386],[139.63833,35.26403],[139.63844,35.26416],[139.63846,35.26421],[139.63809,35.26386]],[[139.63809,35.26374],[139.63808,35.26386],[139.63807,35.26383],[139.63809,35.26374]],[[139.63866,35.26341],[139.63809,35.26373],[139.63822,35.26362],[139.63866,35.26341]],[[139.63911,35.26329],[139.63869,35.26339],[139.63879,35.26334],[139.63911,35.26329]],[[139.63949,35.26238],[139.63997,35.26245],[139.63967,35.26242],[139.63949,35.26238]],[[139.6338,35.26018],[139.63334,35.25973],[139.63353,35.25989],[139.6338,35.26018]],[[139.62914,35.25805],[139.62889,35.25776],[139.62942,35.25833],[139.62914,35.25805]],[[139.62785,35.25642],[139.62879,35.25765],[139.62828,35.25706],[139.62785,35.25642]],[[139.62769,35.25618],[139.62715,35.25562],[139.62755,35.25599],[139.62769,35.25618]],[[139.61821,35.26139],[139.61822,35.26144],[139.61797,35.26102],[139.61821,35.26139]],[[139.60301,35.25785],[139.60266,35.25762],[139.60291,35.25775],[139.60301,35.25785]],[[139.60112,35.25676],[139.60131,35.25698],[139.60126,35.25695],[139.60112,35.25676]],[[139.60105,35.25643],[139.60108,35.25653],[139.60073,35.25622],[139.60105,35.25643]],[[139.59934,35.2555],[139.59942,35.25555],[139.59959,35.25571],[139.59934,35.2555]],[[139.5992,35.25543],[139.59906,35.25544],[139.59917,35.25543],[139.5992,35.25543]],[[139.58606,35.25422],[139.58609,35.25433],[139.58613,35.2545],[139.58606,35.25476],[139.58606,35.25422]],[[139.62956,35.32332],[139.62923,35.32285],[139.62939,35.32305],[139.62956,35.32332]],[[139.62473,35.31883],[139.625,35.3191],[139.62502,35.31912],[139.62563,35.3198],[139.62473,35.31883]]],[[[139.38082,35.5905],[139.3811,35.59056],[139.38115,35.59053],[139.38082,35.5905]]],[[[139.47703,35.29724],[139.47705,35.29726],[139.47707,35.29722],[139.47703,35.29724]]],[[[139.47653,35.2973],[139.47651,35.2973],[139.47652,35.29731],[139.47653,35.2973]]],[[[139.4765,35.29735],[139.47651,35.29736],[139.47651,35.29735],[139.4765,35.29735]]],[[[139.47704,35.29738],[139.47705,35.29738],[139.47703,35.29732],[139.47704,35.29738]]],[[[139.47709,35.29739],[139.47709,35.29741],[139.47711,35.29738],[139.47712,35.29736],[139.47715,35.29736],[139.47711,35.29732],[139.47709,35.29739]]],[[[139.47714,35.29737],[139.47711,35.29738],[139.47713,35.29745],[139.47714,35.29737]]],[[[139.47615,35.29746],[139.47613,35.29744],[139.47612,35.2975],[139.47615,35.29746]]],[[[139.47743,35.29748],[139.47742,35.2975],[139.47744,35.2975],[139.47743,35.29748]]],[[[139.47737,35.29751],[139.47739,35.29751],[139.47739,35.29749],[139.47737,35.29751]]],[[[139.47687,35.29757],[139.47686,35.29748],[139.47682,35.29756],[139.47687,35.29757]]],[[[139.4764,35.29757],[139.47641,35.29757],[139.4764,35.29756],[139.4764,35.29757]]],[[[139.4758,35.29751],[139.47575,35.29747],[139.4756,35.29767],[139.4758,35.29751]]],[[[139.47616,35.29762],[139.47614,35.29759],[139.47612,35.29766],[139.47616,35.29762]]],[[[139.47706,35.29756],[139.47701,35.29748],[139.47685,35.29791],[139.47706,35.29756]]],[[[139.47621,35.29767],[139.47618,35.2978],[139.47624,35.29775],[139.47621,35.29767]]],[[[139.47519,35.29779],[139.47519,35.29778],[139.47518,35.29778],[139.47518,35.29779],[139.47519,35.29779]]],[[[139.47765,35.29782],[139.47767,35.2979],[139.4777,35.29787],[139.47765,35.29782]]],[[[139.47782,35.29811],[139.47784,35.29828],[139.47787,35.2983],[139.47776,35.29747],[139.47782,35.29811]]],[[[139.47595,35.29788],[139.47595,35.29789],[139.47596,35.29789],[139.47595,35.29788]]],[[[139.47603,35.29787],[139.47605,35.29797],[139.47608,35.29794],[139.47603,35.29787]]],[[[139.47514,35.29791],[139.4751,35.29786],[139.47494,35.29801],[139.47514,35.29791]]],[[[139.47617,35.298],[139.47616,35.298],[139.47616,35.29801],[139.47617,35.298]]],[[[139.47768,35.29799],[139.47771,35.29813],[139.47773,35.29796],[139.47768,35.29799]]],[[[139.47614,35.29805],[139.47611,35.29801],[139.47608,35.29803],[139.47614,35.29805]]],[[[139.4761,35.29809],[139.47607,35.29811],[139.47609,35.29811],[139.4761,35.29809]]],[[[139.47434,35.29923],[139.47432,35.2992],[139.47431,35.29921],[139.47434,35.29923]]],[[[139.4743,35.29922],[139.4743,35.29927],[139.47431,35.29926],[139.4743,35.29922]]],[[[139.47423,35.29938],[139.47421,35.29937],[139.47419,35.29941],[139.47423,35.29938]]],[[[139.47429,35.2995],[139.47431,35.29954],[139.47436,35.29941],[139.47429,35.2995]]],[[[139.47501,35.29995],[139.475,35.29985],[139.47489,35.29992],[139.47501,35.29995]]],[[[139.41589,35.30152],[139.41582,35.30146],[139.41576,35.30149],[139.41589,35.30152]]],[[[139.41393,35.30166],[139.41391,35.30161],[139.41381,35.30162],[139.41393,35.30166]]],[[[139.41475,35.30189],[139.41476,35.30185],[139.41473,35.30186],[139.41475,35.30189]]],[[[139.41477,35.30207],[139.41475,35.30194],[139.41454,35.30209],[139.41477,35.30207]]],[[[139.41571,35.30223],[139.41567,35.30166],[139.4156,35.30246],[139.41719,35.30233],[139.41613,35.30189],[139.41571,35.30223]]],[[[139.41327,35.30231],[139.41321,35.30225],[139.41316,35.30229],[139.41327,35.30231]]],[[[139.41529,35.30246],[139.41517,35.30163],[139.41437,35.30308],[139.41529,35.30246]]],[[[139.41368,35.30236],[139.41371,35.3024],[139.41375,35.30235],[139.41368,35.30236]]],[[[139.41741,35.30245],[139.41747,35.30246],[139.41748,35.30241],[139.41741,35.30245]]],[[[139.41327,35.30248],[139.41331,35.30251],[139.41332,35.30246],[139.41327,35.30248]]],[[[139.41314,35.30263],[139.41319,35.3024],[139.41298,35.30251],[139.41314,35.30263]]],[[[139.41832,35.30255],[139.41826,35.30252],[139.41822,35.30259],[139.41832,35.30255]]],[[[139.41339,35.30256],[139.41336,35.30258],[139.41338,35.3026],[139.41339,35.30256]]],[[[139.41295,35.30259],[139.41293,35.30257],[139.41291,35.30259],[139.41295,35.30259]]],[[[139.41434,35.30271],[139.41438,35.30263],[139.41437,35.30263],[139.41434,35.30271]]],[[[139.41837,35.30289],[139.41829,35.30271],[139.41822,35.30273],[139.4181,35.30305],[139.41837,35.30289]]],[[[139.41352,35.3029],[139.41334,35.30284],[139.41325,35.30294],[139.41352,35.3029]]],[[[139.41349,35.30302],[139.41347,35.30305],[139.4135,35.30305],[139.41349,35.30302]]],[[[139.414,35.30301],[139.41402,35.30308],[139.41404,35.30307],[139.414,35.30301]]],[[[139.41426,35.30309],[139.41422,35.30312],[139.41424,35.30313],[139.41426,35.30309]]],[[[139.41472,35.30297],[139.41434,35.30325],[139.41469,35.30362],[139.41506,35.3033],[139.41472,35.30297]]],[[[139.41801,35.30338],[139.41805,35.30337],[139.418,35.30335],[139.41801,35.30338]]],[[[139.41765,35.30362],[139.41766,35.30375],[139.41801,35.3032],[139.41765,35.30362]]],[[[139.41505,35.30339],[139.41492,35.30362],[139.41503,35.30358],[139.41505,35.30339]]],[[[139.41833,35.30359],[139.41832,35.30352],[139.41829,35.30352],[139.41833,35.30359]]],[[[139.41516,35.3036],[139.41524,35.30364],[139.41536,35.30357],[139.41516,35.3036]]],[[[139.41775,35.30368],[139.41774,35.30371],[139.41776,35.30372],[139.41775,35.30368]]],[[[139.41861,35.30377],[139.41862,35.30367],[139.41852,35.30371],[139.41861,35.30377]]],[[[139.41826,35.30374],[139.41826,35.30379],[139.41837,35.30374],[139.41826,35.30374]]],[[[139.41757,35.30381],[139.41758,35.30384],[139.41762,35.30374],[139.41757,35.30381]]],[[[139.41844,35.30379],[139.41838,35.30387],[139.41848,35.30385],[139.41844,35.30379]]],[[[139.41787,35.30391],[139.41789,35.30407],[139.41818,35.30381],[139.41787,35.30391]]],[[[139.41779,35.30394],[139.41787,35.30377],[139.41752,35.304],[139.41779,35.30394]]],[[[139.41872,35.30394],[139.41871,35.3039],[139.41866,35.30394],[139.41872,35.30394]]],[[[139.41835,35.30398],[139.41836,35.3039],[139.41833,35.3039],[139.41835,35.30398]]],[[[139.41822,35.30417],[139.4183,35.30412],[139.41818,35.30392],[139.41822,35.30417]]],[[[139.41761,35.30414],[139.41762,35.30404],[139.41761,35.30405],[139.41761,35.30414]]],[[[139.41817,35.30425],[139.4183,35.30461],[139.41859,35.30426],[139.41817,35.30425]]],[[[139.41818,35.30461],[139.4182,35.30464],[139.41825,35.3046],[139.41818,35.30461]]],[[[139.41864,35.30484],[139.4189,35.30493],[139.41902,35.3048],[139.41869,35.30442],[139.41864,35.30484]]],[[[139.39887,35.31147],[139.39892,35.31148],[139.39888,35.31144],[139.39887,35.31147]]],[[[139.39766,35.3119],[139.39769,35.31183],[139.39757,35.3118],[139.39766,35.3119]]],[[[139.3976,35.31193],[139.39752,35.31194],[139.39752,35.31202],[139.3976,35.31193]]],[[[139.39787,35.31198],[139.39789,35.31212],[139.39802,35.31209],[139.39787,35.31198]]],[[[139.39824,35.31214],[139.39823,35.31214],[139.39824,35.31217],[139.39824,35.31214]]],[[[139.39814,35.31208],[139.39808,35.31224],[139.39813,35.31219],[139.39814,35.31208]]],[[[139.39743,35.31217],[139.3976,35.31225],[139.39761,35.31215],[139.39743,35.31217]]],[[[139.39781,35.31204],[139.39768,35.31205],[139.39773,35.31232],[139.39781,35.31204]]],[[[139.39795,35.31224],[139.39797,35.31229],[139.39801,35.31226],[139.39795,35.31224]]],[[[139.39812,35.31235],[139.39814,35.31237],[139.39819,35.3123],[139.39812,35.31235]]],[[[139.3992,35.31234],[139.39916,35.31235],[139.39918,35.31239],[139.3992,35.31234]]],[[[139.39912,35.3124],[139.3991,35.31234],[139.39907,35.31242],[139.39912,35.3124]]],[[[139.39918,35.31241],[139.39916,35.31241],[139.39913,35.31244],[139.39918,35.31241]]],[[[139.39749,35.31252],[139.39772,35.31245],[139.39768,35.31241],[139.39749,35.31252]]],[[[139.39844,35.31262],[139.39862,35.31245],[139.39852,35.31244],[139.39844,35.31262]]],[[[139.39907,35.31271],[139.39916,35.31252],[139.39904,35.31254],[139.39907,35.31271]]],[[[139.39978,35.31264],[139.39973,35.31258],[139.39966,35.31265],[139.39978,35.31264]]],[[[139.39827,35.31267],[139.39829,35.31268],[139.39831,35.31266],[139.39827,35.31267]]],[[[139.39854,35.31272],[139.39865,35.31259],[139.39844,35.31264],[139.39854,35.31272]]],[[[139.39754,35.31271],[139.39754,35.31266],[139.39748,35.3127],[139.39754,35.31271]]],[[[139.39891,35.31293],[139.3989,35.31292],[139.39884,35.31295],[139.39891,35.31293]]],[[[139.47993,35.29702],[139.47994,35.29702],[139.47994,35.29701],[139.47993,35.29702]]],[[[139.47998,35.29714],[139.48,35.2971],[139.47994,35.29702],[139.47993,35.29716],[139.47996,35.29716],[139.47997,35.29715],[139.47997,35.29714],[139.47998,35.29714]]],[[[139.47946,35.29731],[139.47934,35.29711],[139.47927,35.29718],[139.47946,35.29731]]],[[[139.47946,35.29734],[139.47945,35.29735],[139.47948,35.29735],[139.47946,35.29734]]],[[[139.47967,35.29738],[139.47965,35.29738],[139.47966,35.29741],[139.47967,35.29738]]],[[[139.4794,35.29749],[139.47958,35.29753],[139.47928,35.29727],[139.4794,35.29749]]],[[[139.47969,35.29746],[139.47971,35.29746],[139.47971,35.29745],[139.47969,35.29746]]],[[[139.47899,35.29745],[139.47905,35.2975],[139.47907,35.29745],[139.47899,35.29745]]],[[[139.47908,35.29749],[139.47909,35.2975],[139.47909,35.29749],[139.47908,35.29749]]],[[[139.47994,35.29752],[139.47992,35.29754],[139.47995,35.29755],[139.47994,35.29752]]],[[[139.4798,35.29756],[139.47981,35.29756],[139.47981,35.29754],[139.4798,35.29756]]],[[[139.47997,35.29755],[139.47994,35.29757],[139.47998,35.29759],[139.47997,35.29755]]],[[[139.47873,35.29755],[139.47865,35.2975],[139.47864,35.29769],[139.47873,35.29755]]],[[[139.47985,35.29762],[139.47985,35.29761],[139.47983,35.29762],[139.47985,35.29762]]],[[[139.4797,35.29764],[139.47976,35.29769],[139.47976,35.29757],[139.4797,35.29764]]],[[[139.47899,35.29765],[139.47901,35.29767],[139.47903,35.29764],[139.47899,35.29765]]],[[[139.47958,35.29766],[139.47961,35.29767],[139.47956,35.29762],[139.47958,35.29766]]],[[[139.47852,35.29764],[139.47845,35.29757],[139.47845,35.29765],[139.47852,35.29764]]],[[[139.47982,35.29767],[139.47983,35.29764],[139.47981,35.29765],[139.47982,35.29767]]],[[[139.47846,35.29767],[139.47843,35.29763],[139.47843,35.29768],[139.47846,35.29767]]],[[[139.47893,35.2978],[139.47886,35.29751],[139.47882,35.29757],[139.47886,35.29768],[139.47893,35.2978]]],[[[139.47971,35.29769],[139.47971,35.29771],[139.47972,35.29771],[139.47971,35.29769]]],[[[139.47958,35.29774],[139.47961,35.29775],[139.47961,35.29769],[139.47958,35.29774]]],[[[139.47968,35.29772],[139.47968,35.29773],[139.47969,35.29772],[139.47968,35.29772]]],[[[139.4787,35.29768],[139.47869,35.29786],[139.47877,35.29785],[139.4787,35.29768]]],[[[139.47836,35.29776],[139.47838,35.29778],[139.47838,35.29776],[139.47836,35.29776]]],[[[139.47966,35.29777],[139.47966,35.29778],[139.47967,35.29778],[139.47966,35.29777]]],[[[139.47977,35.29777],[139.47976,35.29776],[139.47975,35.29778],[139.47977,35.29777]]],[[[139.47949,35.29775],[139.47948,35.29775],[139.47951,35.29781],[139.47955,35.29781],[139.47949,35.29775]]],[[[139.47884,35.29779],[139.47881,35.29776],[139.47881,35.29777],[139.47884,35.29779]]],[[[139.4797,35.29779],[139.47972,35.29779],[139.47971,35.29777],[139.4797,35.29779]]],[[[139.47963,35.29781],[139.4796,35.29781],[139.4796,35.29783],[139.47963,35.29781]]],[[[139.47847,35.29781],[139.47851,35.29789],[139.47851,35.29778],[139.47847,35.29781]]],[[[139.47958,35.29784],[139.47958,35.29785],[139.47959,35.29785],[139.47958,35.29784]]],[[[139.47854,35.29786],[139.47857,35.29791],[139.47856,35.29783],[139.47854,35.29786]]],[[[139.4785,35.29794],[139.47841,35.29777],[139.47838,35.29792],[139.4785,35.29794]]],[[[139.47964,35.2979],[139.47964,35.29792],[139.47966,35.29791],[139.47964,35.2979]]],[[[139.47897,35.29791],[139.47897,35.29788],[139.47896,35.29793],[139.47897,35.29791]]],[[[139.47954,35.29794],[139.47955,35.29795],[139.47956,35.29793],[139.47954,35.29794]]],[[[139.47891,35.29796],[139.47887,35.29797],[139.47888,35.29798],[139.47891,35.29796]]],[[[139.47885,35.298],[139.47886,35.29798],[139.47883,35.29798],[139.47885,35.298]]],[[[139.47829,35.29791],[139.47836,35.29811],[139.47838,35.29805],[139.47829,35.29791]]],[[[139.47856,35.29802],[139.47851,35.29798],[139.47847,35.29814],[139.47856,35.29802]]],[[[139.47835,35.29812],[139.47827,35.29807],[139.47831,35.29814],[139.47835,35.29812]]],[[[139.47826,35.29824],[139.47829,35.29824],[139.4783,35.29823],[139.47826,35.29824]]],[[[139.47796,35.29828],[139.47796,35.29825],[139.47794,35.29831],[139.47796,35.29828]]],[[[139.47828,35.29831],[139.47827,35.29831],[139.47828,35.29832],[139.47828,35.29831]]],[[[139.47827,35.29838],[139.47826,35.29838],[139.47828,35.2984],[139.47827,35.29838]]],[[[139.47793,35.29841],[139.47789,35.29838],[139.47788,35.29843],[139.47793,35.29841]]],[[[139.47794,35.29847],[139.478,35.29847],[139.47799,35.29843],[139.47794,35.29847]]],[[[139.4781,35.29846],[139.47811,35.29845],[139.47808,35.29844],[139.4781,35.29846]]],[[[139.47809,35.29849],[139.47808,35.29849],[139.47808,35.2985],[139.47809,35.29849]]],[[[139.47799,35.29867],[139.478,35.29866],[139.47799,35.29866],[139.47799,35.29867]]],[[[139.47796,35.3007],[139.47799,35.30076],[139.47796,35.30078],[139.47802,35.3008],[139.47808,35.30107],[139.47876,35.30112],[139.47892,35.30129],[139.47894,35.30155],[139.47945,35.30139],[139.4804,35.30238],[139.48032,35.30257],[139.48137,35.30246],[139.48162,35.30301],[139.48235,35.30278],[139.48318,35.30354],[139.48258,35.30248],[139.4842,35.30157],[139.48323,35.30128],[139.48357,35.30093],[139.48454,35.30155],[139.48482,35.30099],[139.48439,35.3014],[139.48355,35.30052],[139.4843,35.29986],[139.4854,35.30055],[139.48499,35.30127],[139.48595,35.3006],[139.4849,35.30001],[139.4851,35.29977],[139.48643,35.29946],[139.48646,35.30028],[139.48673,35.29902],[139.48786,35.29935],[139.48804,35.29893],[139.4832,35.29752],[139.48316,35.29721],[139.48298,35.29756],[139.4816,35.29789],[139.48088,35.29757],[139.48091,35.29806],[139.48075,35.29801],[139.48073,35.29801],[139.4805,35.29746],[139.48044,35.29743],[139.48027,35.29737],[139.47958,35.29808],[139.47911,35.29758],[139.47888,35.2983],[139.47876,35.29788],[139.47869,35.29825],[139.47844,35.29817],[139.47827,35.29856],[139.47797,35.2987],[139.478,35.29849],[139.47781,35.29849],[139.47777,35.29802],[139.47773,35.2983],[139.47759,35.29789],[139.47736,35.29819],[139.47742,35.29754],[139.47665,35.29812],[139.47678,35.29741],[139.47646,35.29816],[139.47637,35.29779],[139.47606,35.2982],[139.47597,35.2982],[139.47589,35.29757],[139.47412,35.29884],[139.47444,35.29894],[139.47451,35.30002],[139.47487,35.2997],[139.47504,35.29984],[139.47502,35.30004],[139.47525,35.30019],[139.47642,35.30005],[139.47649,35.30047],[139.4772,35.30008],[139.47699,35.30063],[139.47732,35.30076],[139.47759,35.30059],[139.47788,35.30063],[139.4779,35.30066],[139.47791,35.30066],[139.47794,35.30069],[139.47795,35.30069],[139.47795,35.3007],[139.47796,35.3007]]],[[[139.47805,35.30112],[139.47804,35.30112],[139.47804,35.30113],[139.47805,35.30112]]],[[[139.478,35.30115],[139.47799,35.30116],[139.47801,35.30117],[139.478,35.30115]]],[[[139.47814,35.30117],[139.47815,35.30115],[139.47812,35.30115],[139.47814,35.30117]]],[[[139.47834,35.30117],[139.47831,35.30116],[139.4783,35.30118],[139.47834,35.30117]]],[[[139.47864,35.30125],[139.47865,35.30125],[139.47865,35.30123],[139.47864,35.30125]]],[[[139.47866,35.30132],[139.47868,35.30133],[139.47867,35.30129],[139.47866,35.30132]]],[[[139.4789,35.3014],[139.47891,35.30142],[139.47892,35.3014],[139.4789,35.3014]]],[[[139.47944,35.30182],[139.47934,35.30167],[139.47929,35.30177],[139.47944,35.30182]]],[[[139.47953,35.30186],[139.47952,35.30191],[139.47954,35.30191],[139.47953,35.30186]]],[[[139.47938,35.30187],[139.47937,35.30191],[139.47944,35.30189],[139.47938,35.30187]]],[[[139.47941,35.30196],[139.47939,35.30194],[139.47938,35.30195],[139.47941,35.30196]]],[[[139.47962,35.30199],[139.47965,35.30199],[139.47961,35.30197],[139.47962,35.30199]]],[[[139.47942,35.30205],[139.47941,35.30206],[139.47942,35.30206],[139.47942,35.30205]]],[[[139.47926,35.3021],[139.47929,35.30214],[139.47936,35.30205],[139.47926,35.3021]]],[[[139.47973,35.30211],[139.47974,35.30212],[139.47974,35.30209],[139.47973,35.30211]]],[[[139.47945,35.30212],[139.47947,35.30215],[139.47948,35.30214],[139.47945,35.30212]]],[[[139.47963,35.30214],[139.47958,35.30211],[139.47962,35.30219],[139.47963,35.30214]]],[[[139.47989,35.30218],[139.47991,35.30219],[139.47992,35.30216],[139.47989,35.30218]]],[[[139.4799,35.30221],[139.47989,35.3022],[139.47989,35.30221],[139.4799,35.30221]]],[[[139.47998,35.30224],[139.47999,35.30224],[139.47999,35.30223],[139.47998,35.30224]]],[[[139.48,35.30225],[139.48,35.30224],[139.47999,35.30224],[139.48,35.30225]]],[[[139.47963,35.30225],[139.47963,35.30227],[139.47964,35.30226],[139.47963,35.30225]]],[[[139.47969,35.3023],[139.47978,35.30227],[139.47973,35.30223],[139.47969,35.3023]]],[[[139.56545,35.26418],[139.56539,35.2642],[139.56543,35.26429],[139.56545,35.26418]]],[[[139.56444,35.26455],[139.56454,35.26452],[139.56441,35.2643],[139.56444,35.26455]]],[[[139.56527,35.26464],[139.56535,35.26447],[139.56528,35.26451],[139.56527,35.26464]]],[[[139.56433,35.26466],[139.56443,35.26457],[139.56426,35.26455],[139.56433,35.26466]]],[[[139.56548,35.2647],[139.56552,35.26463],[139.56546,35.26464],[139.56548,35.2647]]],[[[139.56548,35.26478],[139.56565,35.26477],[139.5656,35.26472],[139.56548,35.26478]]],[[[139.56468,35.26489],[139.56469,35.2649],[139.56472,35.26486],[139.56468,35.26489]]],[[[139.56468,35.265],[139.5647,35.26502],[139.56476,35.26494],[139.56468,35.265]]],[[[139.56502,35.26503],[139.56494,35.2649],[139.56483,35.26504],[139.56502,35.26503]]],[[[139.56525,35.26501],[139.56524,35.26506],[139.56531,35.2651],[139.56525,35.26501]]],[[[139.56464,35.26519],[139.56471,35.26505],[139.5646,35.26507],[139.56464,35.26519]]],[[[139.5647,35.26516],[139.56471,35.26517],[139.56475,35.26515],[139.5647,35.26516]]],[[[139.56516,35.2652],[139.56513,35.26512],[139.56508,35.26519],[139.56516,35.2652]]],[[[139.56465,35.26522],[139.56469,35.26519],[139.56467,35.26517],[139.56465,35.26522]]],[[[139.56406,35.26539],[139.56408,35.2654],[139.56413,35.26534],[139.56404,35.26534],[139.56406,35.26539]]],[[[139.56463,35.26541],[139.56467,35.26537],[139.56463,35.26537],[139.56463,35.26541]]],[[[139.5646,35.2655],[139.56469,35.26547],[139.56464,35.26543],[139.5646,35.2655]]],[[[139.56469,35.26547],[139.56417,35.26571],[139.56419,35.26595],[139.56515,35.26588],[139.56597,35.26527],[139.56566,35.26505],[139.56469,35.26547]]],[[[139.55666,35.26923],[139.55677,35.26923],[139.5568,35.26912],[139.55666,35.26923]]],[[[139.55684,35.26932],[139.55673,35.26935],[139.5568,35.26947],[139.55684,35.26932]]],[[[139.55782,35.26955],[139.55774,35.26947],[139.55752,35.26964],[139.55782,35.26955]]],[[[139.55884,35.26976],[139.55897,35.26982],[139.55899,35.26976],[139.55884,35.26976]]],[[[139.55885,35.27001],[139.55892,35.26996],[139.55881,35.26989],[139.55885,35.27001]]],[[[139.55951,35.27004],[139.55957,35.27008],[139.55961,35.27006],[139.55951,35.27004]]],[[[139.55842,35.27008],[139.55838,35.2702],[139.55851,35.27025],[139.55842,35.27008]]],[[[139.55866,35.27019],[139.55875,35.27028],[139.55891,35.27009],[139.55866,35.27019]]],[[[139.56023,35.27033],[139.5603,35.2703],[139.56024,35.27024],[139.56023,35.27033]]],[[[139.55994,35.27038],[139.55995,35.27036],[139.55987,35.27032],[139.55994,35.27038]]],[[[139.56116,35.27032],[139.5612,35.27045],[139.56125,35.27044],[139.56116,35.27032]]],[[[139.55903,35.27065],[139.55954,35.27018],[139.55929,35.27019],[139.55903,35.27065]]],[[[139.5615,35.27047],[139.5615,35.27042],[139.56146,35.27041],[139.5615,35.27047]]],[[[139.56292,35.27058],[139.56293,35.27049],[139.5629,35.27053],[139.56292,35.27058]]],[[[139.562,35.27061],[139.56201,35.27064],[139.56206,35.27059],[139.562,35.27061]]],[[[139.56301,35.27066],[139.56307,35.27059],[139.56305,35.27058],[139.56301,35.27066]]],[[[139.56146,35.27053],[139.56142,35.27071],[139.56152,35.27066],[139.56146,35.27053]]],[[[139.5588,35.27068],[139.55871,35.27061],[139.5587,35.27069],[139.5588,35.27068]]],[[[139.55951,35.27054],[139.55942,35.27083],[139.55956,35.27079],[139.55951,35.27054]]],[[[139.55781,35.27079],[139.55792,35.27079],[139.55794,35.27075],[139.55781,35.27079]]],[[[139.5628,35.27073],[139.56276,35.27079],[139.56287,35.27078],[139.5628,35.27073]]],[[[139.56204,35.27086],[139.56204,35.27081],[139.56199,35.27082],[139.56204,35.27086]]],[[[139.56264,35.27095],[139.56264,35.27097],[139.56266,35.27086],[139.56264,35.27095]]],[[[139.56351,35.27097],[139.56355,35.27101],[139.56365,35.27094],[139.56351,35.27097]]],[[[139.56207,35.27094],[139.56207,35.27098],[139.56213,35.27091],[139.56207,35.27094]]],[[[139.56254,35.27097],[139.56249,35.27086],[139.56244,35.27098],[139.56254,35.27097]]],[[[139.56241,35.27094],[139.56235,35.27098],[139.56238,35.27102],[139.56241,35.27094]]],[[[139.56185,35.27095],[139.56184,35.271],[139.56191,35.27101],[139.56185,35.27095]]],[[[139.564,35.27106],[139.56406,35.27105],[139.56401,35.27098],[139.564,35.27106]]],[[[139.56212,35.27101],[139.56211,35.27116],[139.56224,35.27092],[139.56212,35.27101]]],[[[139.55882,35.27103],[139.55881,35.27109],[139.55892,35.27108],[139.55882,35.27103]]],[[[139.56234,35.27106],[139.56231,35.27102],[139.56225,35.27107],[139.56234,35.27106]]],[[[139.55795,35.271],[139.55792,35.27109],[139.55805,35.27111],[139.55795,35.271]]],[[[139.56257,35.27108],[139.56254,35.27103],[139.56245,35.27113],[139.56257,35.27108]]],[[[139.56142,35.27071],[139.56137,35.27072],[139.56113,35.27149],[139.56155,35.2707],[139.56142,35.27071]]],[[[139.56046,35.27144],[139.56101,35.27163],[139.56103,35.27078],[139.56009,35.27089],[139.5602,35.27052],[139.55964,35.27099],[139.56039,35.27175],[139.56046,35.27144]]],[[[139.56229,35.27128],[139.56235,35.27113],[139.56225,35.27115],[139.56229,35.27128]]],[[[139.56172,35.27146],[139.56221,35.27148],[139.56199,35.27106],[139.56172,35.27146]]],[[[139.55692,35.29179],[139.55697,35.29179],[139.55694,35.29169],[139.55692,35.29179]]],[[[139.56035,35.29183],[139.56046,35.29184],[139.56048,35.2918],[139.56035,35.29183]]],[[[139.5629,35.29184],[139.56285,35.29178],[139.56276,35.2918],[139.5629,35.29184]]],[[[139.56084,35.29188],[139.56085,35.29185],[139.56072,35.29179],[139.56084,35.29188]]],[[[139.56252,35.29189],[139.56255,35.29181],[139.56236,35.29182],[139.56252,35.29189]]],[[[139.56214,35.29188],[139.56218,35.29194],[139.56227,35.2919],[139.56214,35.29188]]],[[[139.55707,35.29197],[139.55715,35.29196],[139.55711,35.29189],[139.55707,35.29197]]],[[[139.56315,35.29207],[139.5631,35.292],[139.56305,35.29207],[139.56315,35.29207]]],[[[139.56285,35.29212],[139.56292,35.29212],[139.56292,35.2921],[139.56285,35.29212]]],[[[139.557,35.29207],[139.55705,35.29216],[139.55709,35.29209],[139.557,35.29207]]],[[[139.56096,35.29219],[139.56107,35.29219],[139.56108,35.29211],[139.56096,35.29219]]],[[[139.56504,35.29238],[139.56491,35.29258],[139.5654,35.29265],[139.56504,35.29238]]],[[[139.55778,35.29346],[139.55765,35.29346],[139.55767,35.29353],[139.55778,35.29346]]],[[[139.48508,35.29655],[139.48491,35.29696],[139.48527,35.29672],[139.48508,35.29655]]],[[[139.48374,35.29674],[139.4838,35.29676],[139.48376,35.29668],[139.48374,35.29674]]],[[[139.48494,35.29685],[139.48495,35.2968],[139.48491,35.29682],[139.48494,35.29685]]],[[[139.48421,35.29677],[139.48411,35.29674],[139.48414,35.2969],[139.48421,35.29677]]],[[[139.4838,35.2968],[139.48375,35.29677],[139.48372,35.29679],[139.4838,35.2968]]],[[[139.48312,35.29691],[139.4831,35.29692],[139.48312,35.29695],[139.48312,35.29691]]],[[[139.48347,35.29693],[139.48343,35.29681],[139.48327,35.29695],[139.48347,35.29693]]],[[[139.48005,35.29707],[139.48013,35.29708],[139.48009,35.29701],[139.48005,35.29707]]],[[[139.48249,35.29705],[139.48248,35.29706],[139.4825,35.29708],[139.48249,35.29705]]],[[[139.48016,35.29708],[139.48018,35.2971],[139.48019,35.29709],[139.48016,35.29708]]],[[[139.48019,35.29714],[139.48018,35.29713],[139.48018,35.29714],[139.48019,35.29714]]],[[[139.4841,35.29737],[139.48408,35.29676],[139.48382,35.2968],[139.4841,35.29737]]],[[[139.48283,35.29719],[139.48288,35.29721],[139.48287,35.29717],[139.48283,35.29719]]],[[[139.48424,35.29719],[139.48422,35.29714],[139.48417,35.29716],[139.48424,35.29719]]],[[[139.48008,35.29711],[139.48003,35.29713],[139.48017,35.29727],[139.48008,35.29711]]],[[[139.48329,35.29728],[139.48328,35.29728],[139.48328,35.29729],[139.48329,35.29728]]],[[[139.48293,35.29729],[139.48295,35.29734],[139.48297,35.29733],[139.48293,35.29729]]],[[[139.4828,35.29723],[139.48286,35.29746],[139.48288,35.29743],[139.4828,35.29723]]],[[[139.48357,35.29747],[139.48381,35.29759],[139.48376,35.29717],[139.48357,35.29747]]],[[[139.48253,35.29745],[139.48255,35.29746],[139.4826,35.29733],[139.48253,35.29745]]],[[[139.48266,35.29754],[139.48271,35.29756],[139.48273,35.29728],[139.48266,35.29754]]],[[[139.48044,35.29743],[139.48044,35.29742],[139.48042,35.29742],[139.48044,35.29743]]],[[[139.48108,35.29749],[139.48097,35.29742],[139.48101,35.2975],[139.48108,35.29749]]],[[[139.48072,35.29777],[139.48072,35.29779],[139.48073,35.29779],[139.48072,35.29777]]],[[[139.48076,35.29786],[139.48075,35.29786],[139.48075,35.29788],[139.48076,35.29786]]],[[[139.48082,35.2979],[139.48081,35.29792],[139.48082,35.29792],[139.48082,35.2979]]],[[[139.48076,35.29795],[139.48077,35.29794],[139.48074,35.29793],[139.48076,35.29795]]],[[[139.48077,35.29796],[139.48081,35.29797],[139.4808,35.29795],[139.48077,35.29796]]],[[[139.48076,35.29801],[139.48076,35.298],[139.48075,35.29801],[139.48076,35.29801]]],[[[139.55075,35.30048],[139.55029,35.30055],[139.55051,35.30083],[139.55075,35.30048]]],[[[139.48005,35.3022],[139.48007,35.30221],[139.48007,35.30219],[139.48005,35.3022]]],[[[139.48013,35.3023],[139.48013,35.30229],[139.48012,35.30229],[139.48013,35.3023]]],[[[139.48029,35.30241],[139.48035,35.30239],[139.48033,35.30238],[139.48029,35.30241]]],[[[139.57635,35.24776],[139.57635,35.2478],[139.57645,35.24779],[139.57635,35.24776]]],[[[139.57637,35.24807],[139.57637,35.24803],[139.5763,35.24806],[139.57637,35.24807]]],[[[139.57655,35.24825],[139.57656,35.24829],[139.57661,35.24826],[139.57655,35.24825]]],[[[139.57664,35.24834],[139.57665,35.24838],[139.57669,35.24837],[139.57664,35.24834]]],[[[139.57655,35.25827],[139.57658,35.25819],[139.57648,35.25818],[139.57655,35.25827]]],[[[139.57634,35.25845],[139.5765,35.25848],[139.5765,35.25844],[139.57634,35.25845]]],[[[139.57581,35.25873],[139.57573,35.25868],[139.57572,35.25873],[139.57581,35.25873]]],[[[139.57636,35.25895],[139.57639,35.25888],[139.57626,35.25886],[139.57636,35.25895]]],[[[139.57611,35.25901],[139.57604,35.25898],[139.576,35.25905],[139.57611,35.25901]]],[[[139.57483,35.25934],[139.57494,35.25932],[139.57494,35.25928],[139.57483,35.25934]]],[[[139.57534,35.25955],[139.57537,35.25947],[139.57523,35.25945],[139.57534,35.25955]]],[[[139.57487,35.25947],[139.57442,35.25944],[139.57454,35.25963],[139.57487,35.25947]]],[[[139.57562,35.25967],[139.57564,35.25959],[139.57553,35.25956],[139.57562,35.25967]]],[[[139.57382,35.25985],[139.57413,35.25973],[139.57371,35.25954],[139.57382,35.25985]]],[[[139.5745,35.2598],[139.57438,35.25979],[139.57438,35.25989],[139.5745,35.2598]]],[[[139.57526,35.26007],[139.57533,35.25999],[139.57509,35.25997],[139.57526,35.26007]]],[[[139.57565,35.26107],[139.57579,35.26114],[139.57571,35.26106],[139.57599,35.26059],[139.57565,35.26107]]],[[[139.5658,35.2641],[139.56585,35.26407],[139.56577,35.26399],[139.5658,35.2641]]],[[[139.56559,35.26417],[139.5656,35.26421],[139.56567,35.26419],[139.56559,35.26417]]],[[[139.56603,35.26435],[139.56608,35.26433],[139.56607,35.26427],[139.56603,35.26435]]],[[[139.56575,35.26419],[139.56549,35.26441],[139.56551,35.26447],[139.56575,35.26419]]],[[[139.56603,35.2644],[139.56596,35.2644],[139.56597,35.26444],[139.56603,35.2644]]],[[[139.56573,35.2645],[139.56575,35.2645],[139.56577,35.26447],[139.56573,35.2645]]],[[[139.56572,35.26456],[139.56573,35.26454],[139.56566,35.26453],[139.56563,35.26457],[139.56572,35.26456]]],[[[139.5712,35.26462],[139.57108,35.26458],[139.57113,35.26471],[139.5712,35.26462]]],[[[139.56558,35.26466],[139.56553,35.26466],[139.56553,35.26469],[139.56558,35.26466]]],[[[139.56586,35.26483],[139.56578,35.26489],[139.56588,35.2649],[139.56586,35.26483]]],[[[139.56572,35.26494],[139.56569,35.26498],[139.56574,35.26498],[139.56572,35.26494]]],[[[139.57203,35.26498],[139.57186,35.26494],[139.57194,35.26504],[139.57203,35.26498]]],[[[139.56742,35.26543],[139.5676,35.265],[139.56693,35.26481],[139.56742,35.26543]]],[[[139.5714,35.26531],[139.57147,35.26532],[139.57143,35.26522],[139.5714,35.26531]]],[[[139.57354,35.26529],[139.57344,35.26529],[139.57342,35.26534],[139.57354,35.26529]]],[[[139.57073,35.2653],[139.57074,35.26541],[139.57088,35.26542],[139.57073,35.2653]]],[[[139.57364,35.26539],[139.57378,35.26542],[139.57376,35.26534],[139.57364,35.26539]]],[[[139.56663,35.26544],[139.56665,35.26536],[139.56653,35.26532],[139.56663,35.26544]]],[[[139.57128,35.26545],[139.57129,35.26539],[139.57117,35.26537],[139.57128,35.26545]]],[[[139.56636,35.26548],[139.56642,35.26546],[139.56634,35.26538],[139.56636,35.26548]]],[[[139.56823,35.26543],[139.56812,35.26539],[139.56811,35.26546],[139.56823,35.26543]]],[[[139.56793,35.2655],[139.56796,35.26557],[139.56803,35.26554],[139.56793,35.2655]]],[[[139.56709,35.26546],[139.56696,35.26549],[139.56707,35.2656],[139.56709,35.26546]]],[[[139.57119,35.26557],[139.5711,35.26554],[139.57115,35.26564],[139.57119,35.26557]]],[[[139.56595,35.26568],[139.56599,35.26563],[139.56595,35.26558],[139.56595,35.26568]]],[[[139.57171,35.26552],[139.5715,35.26562],[139.57169,35.26577],[139.57171,35.26552]]],[[[139.56623,35.26568],[139.56629,35.26562],[139.5662,35.26562],[139.56623,35.26568]]],[[[139.56665,35.26561],[139.56655,35.26564],[139.56657,35.26568],[139.56665,35.26561]]],[[[139.56823,35.26565],[139.56813,35.26564],[139.56819,35.26572],[139.56823,35.26565]]],[[[139.57055,35.26575],[139.57073,35.26576],[139.57074,35.26568],[139.57055,35.26575]]],[[[139.57014,35.2657],[139.57002,35.26569],[139.57008,35.26578],[139.57014,35.2657]]],[[[139.5698,35.26581],[139.56986,35.26579],[139.56975,35.26572],[139.5698,35.26581]]],[[[139.57216,35.26574],[139.57211,35.26572],[139.572,35.26588],[139.57216,35.26574]]],[[[139.57173,35.26584],[139.57168,35.26587],[139.5719,35.26591],[139.57195,35.26579],[139.57173,35.26584]]],[[[139.56573,35.26604],[139.56591,35.26605],[139.56594,35.266],[139.56573,35.26604]]],[[[139.56617,35.26617],[139.56627,35.2662],[139.56628,35.2661],[139.56617,35.26617]]],[[[139.56671,35.26613],[139.56781,35.2666],[139.56775,35.26599],[139.56671,35.26613]]],[[[139.56665,35.26707],[139.56663,35.26699],[139.56658,35.26701],[139.56665,35.26707]]],[[[139.5668,35.2673],[139.56675,35.26738],[139.56676,35.26739],[139.5668,35.2673]]],[[[139.56981,35.26986],[139.56993,35.26982],[139.56983,35.26972],[139.56981,35.26986]]],[[[139.57042,35.26988],[139.57046,35.26981],[139.57029,35.26977],[139.57042,35.26988]]],[[[139.57016,35.26991],[139.57009,35.26999],[139.57014,35.27002],[139.57016,35.26991]]],[[[139.5685,35.27101],[139.5684,35.27097],[139.56842,35.27103],[139.5685,35.27101]]],[[[139.56639,35.27117],[139.56639,35.27104],[139.56632,35.27105],[139.56639,35.27117]]],[[[139.56653,35.27115],[139.56662,35.27119],[139.56665,35.27109],[139.56653,35.27115]]],[[[139.56868,35.27111],[139.5686,35.27109],[139.56859,35.27114],[139.56868,35.27111]]],[[[139.56829,35.27109],[139.56836,35.27125],[139.56843,35.27122],[139.56829,35.27109]]],[[[139.56816,35.27113],[139.56802,35.27111],[139.56798,35.27124],[139.56816,35.27113]]],[[[139.56599,35.27136],[139.56621,35.27119],[139.56599,35.27113],[139.56599,35.27136]]],[[[139.56682,35.27141],[139.56682,35.27125],[139.56671,35.27132],[139.56682,35.27141]]],[[[139.56641,35.27144],[139.56645,35.27142],[139.56645,35.27137],[139.56641,35.27144]]],[[[139.56708,35.2715],[139.56707,35.27139],[139.56699,35.2714],[139.56708,35.2715]]],[[[139.56579,35.27139],[139.56573,35.27142],[139.56586,35.2715],[139.56579,35.27139]]],[[[139.5661,35.27147],[139.56606,35.27153],[139.5662,35.27157],[139.5661,35.27147]]],[[[139.5656,35.27158],[139.56563,35.2716],[139.56567,35.27153],[139.5656,35.27158]]],[[[139.56577,35.27165],[139.56587,35.2717],[139.56588,35.27162],[139.56577,35.27165]]],[[[139.56704,35.27177],[139.56705,35.27183],[139.56711,35.27184],[139.56704,35.27177]]],[[[139.56833,35.27184],[139.5684,35.27195],[139.56843,35.27184],[139.56833,35.27184]]],[[[139.56808,35.27186],[139.56801,35.27186],[139.56805,35.27194],[139.56808,35.27186]]],[[[139.56733,35.27199],[139.56738,35.27195],[139.56735,35.27188],[139.56733,35.27199]]],[[[139.56878,35.27209],[139.56893,35.27208],[139.56882,35.27202],[139.56878,35.27209]]],[[[139.5684,35.27222],[139.56848,35.27228],[139.5685,35.27226],[139.5684,35.27222]]],[[[139.56867,35.27244],[139.56872,35.27246],[139.56871,35.27239],[139.56867,35.27244]]],[[[139.56852,35.27259],[139.5686,35.27258],[139.56858,35.27251],[139.56852,35.27259]]],[[[139.56879,35.27275],[139.56869,35.27272],[139.56872,35.27282],[139.56879,35.27275]]],[[[139.56888,35.27306],[139.56881,35.27296],[139.56876,35.27301],[139.56888,35.27306]]],[[[139.56893,35.27316],[139.569,35.27322],[139.56902,35.27318],[139.56893,35.27316]]],[[[139.57046,35.27661],[139.57043,35.27656],[139.5697,35.27688],[139.56949,35.27707],[139.57046,35.27661]]],[[[139.57036,35.27771],[139.57033,35.27767],[139.57027,35.27773],[139.57036,35.27771]]],[[[139.56984,35.27805],[139.56981,35.27795],[139.56974,35.278],[139.56984,35.27805]]],[[[139.56984,35.27832],[139.56988,35.27841],[139.56992,35.27838],[139.56984,35.27832]]],[[[139.56958,35.27848],[139.5697,35.27847],[139.56966,35.27842],[139.56958,35.27848]]],[[[139.56917,35.27922],[139.56939,35.27921],[139.56937,35.27912],[139.56917,35.27922]]],[[[139.56908,35.27933],[139.56908,35.27936],[139.56914,35.27936],[139.56908,35.27933]]],[[[139.56899,35.27948],[139.56898,35.27956],[139.56905,35.27955],[139.56899,35.27948]]],[[[139.56882,35.27959],[139.56878,35.27949],[139.56868,35.27957],[139.56882,35.27959]]],[[[139.56928,35.27958],[139.56926,35.27956],[139.56901,35.27974],[139.56928,35.27958]]],[[[139.56885,35.27979],[139.56893,35.27981],[139.56889,35.27975],[139.56885,35.27979]]],[[[139.56912,35.27997],[139.56911,35.27989],[139.56905,35.27992],[139.56912,35.27997]]],[[[139.56896,35.2801],[139.56891,35.28003],[139.56878,35.28006],[139.56896,35.2801]]],[[[139.56852,35.28041],[139.56834,35.28039],[139.56832,35.28046],[139.56852,35.28041]]],[[[139.56856,35.28055],[139.56856,35.28058],[139.56865,35.28061],[139.56856,35.28055]]],[[[139.56807,35.28058],[139.56806,35.2807],[139.56815,35.28068],[139.56807,35.28058]]],[[[139.56828,35.28085],[139.56832,35.28084],[139.56826,35.28074],[139.56828,35.28085]]],[[[139.56809,35.28097],[139.56801,35.28088],[139.56799,35.28094],[139.56809,35.28097]]],[[[139.56798,35.28117],[139.56807,35.28115],[139.56805,35.28109],[139.56798,35.28117]]],[[[139.56772,35.28118],[139.56781,35.28119],[139.56782,35.28116],[139.56772,35.28118]]],[[[139.56783,35.2815],[139.56807,35.28145],[139.56806,35.28135],[139.56783,35.2815]]],[[[139.56729,35.28165],[139.56678,35.28164],[139.56678,35.28174],[139.56729,35.28165]]],[[[139.56658,35.285],[139.56645,35.28496],[139.56638,35.28501],[139.56658,35.285]]],[[[139.56617,35.28518],[139.56621,35.28517],[139.56619,35.28508],[139.56617,35.28518]]],[[[139.59865,35.19288],[139.59863,35.1928],[139.59862,35.19284],[139.59865,35.19288]]],[[[139.59896,35.1938],[139.59898,35.19378],[139.59895,35.19376],[139.59896,35.1938]]],[[[139.59911,35.19391],[139.59914,35.19396],[139.59917,35.19395],[139.59911,35.19391]]],[[[139.59855,35.19461],[139.59856,35.19463],[139.59867,35.1946],[139.59855,35.19461]]],[[[139.59916,35.19464],[139.5992,35.1946],[139.59916,35.19457],[139.59916,35.19464]]],[[[139.59902,35.19496],[139.59896,35.19494],[139.59897,35.19496],[139.59902,35.19496]]],[[[139.5991,35.195],[139.59907,35.19498],[139.59905,35.19501],[139.5991,35.195]]],[[[139.59893,35.19516],[139.59903,35.19514],[139.59889,35.19508],[139.59893,35.19516]]],[[[139.5988,35.19523],[139.59881,35.19525],[139.59883,35.19524],[139.5988,35.19523]]],[[[139.59877,35.19541],[139.59854,35.1954],[139.59873,35.19549],[139.59877,35.19541]]],[[[139.5986,35.1957],[139.59863,35.19568],[139.59857,35.19565],[139.5986,35.1957]]],[[[139.59897,35.19586],[139.59891,35.19583],[139.5989,35.19588],[139.59897,35.19586]]],[[[139.59905,35.19595],[139.59926,35.19601],[139.59923,35.19598],[139.59905,35.19595]]],[[[139.59896,35.19605],[139.59901,35.19605],[139.59894,35.196],[139.59896,35.19605]]],[[[139.58361,35.19842],[139.58353,35.19842],[139.58353,35.19848],[139.58361,35.19842]]],[[[139.58458,35.19865],[139.58466,35.19862],[139.58461,35.19859],[139.58458,35.19865]]],[[[139.58462,35.19919],[139.58487,35.19896],[139.58438,35.19888],[139.58462,35.19919]]],[[[139.58514,35.19906],[139.58518,35.19914],[139.58522,35.19912],[139.58514,35.19906]]],[[[139.58364,35.19927],[139.58371,35.1993],[139.58372,35.19928],[139.58364,35.19927]]],[[[139.59903,35.22291],[139.59919,35.22282],[139.59913,35.22283],[139.59903,35.22291]]],[[[139.59848,35.2236],[139.59847,35.2236],[139.59849,35.22371],[139.59848,35.2236]]],[[[139.59843,35.22378],[139.59848,35.2238],[139.59849,35.22376],[139.59843,35.22378]]],[[[139.59794,35.22388],[139.59795,35.22388],[139.59797,35.22385],[139.59794,35.22388]]],[[[139.59777,35.22394],[139.59774,35.22393],[139.59774,35.22395],[139.59777,35.22394]]],[[[139.5978,35.22401],[139.5978,35.22396],[139.59777,35.22397],[139.5978,35.22401]]],[[[139.59995,35.22393],[139.59996,35.22351],[139.59949,35.22379],[139.59867,35.22346],[139.59861,35.22381],[139.59795,35.22418],[139.59754,35.22404],[139.59769,35.22486],[139.59792,35.22427],[139.59842,35.22458],[139.59995,35.22393]]],[[[139.59755,35.22424],[139.59754,35.22423],[139.59753,35.22428],[139.59755,35.22424]]],[[[139.59752,35.22428],[139.59747,35.22426],[139.59747,35.2243],[139.59752,35.22428]]],[[[139.59725,35.22431],[139.59728,35.2243],[139.59727,35.22427],[139.59725,35.22431]]],[[[139.59742,35.22433],[139.59745,35.22433],[139.59745,35.22428],[139.59742,35.22433]]],[[[139.59734,35.22439],[139.59726,35.22438],[139.59726,35.22441],[139.59734,35.22439]]],[[[139.59716,35.22443],[139.59711,35.22444],[139.59713,35.22448],[139.59716,35.22443]]],[[[139.59884,35.22446],[139.5988,35.22454],[139.59885,35.22454],[139.59884,35.22446]]],[[[139.59739,35.22457],[139.59739,35.22455],[139.59733,35.22457],[139.59739,35.22457]]],[[[139.59743,35.22466],[139.59746,35.22463],[139.5974,35.2246],[139.59743,35.22466]]],[[[139.59727,35.22469],[139.59727,35.22471],[139.5973,35.22471],[139.59727,35.22469]]],[[[139.597,35.22474],[139.597,35.22472],[139.59693,35.22474],[139.597,35.22474]]],[[[139.59727,35.22481],[139.59726,35.22498],[139.59758,35.22493],[139.59727,35.22481]]],[[[139.59704,35.22501],[139.59702,35.22499],[139.59698,35.22504],[139.59704,35.22501]]],[[[139.59697,35.22511],[139.59701,35.22511],[139.59701,35.22508],[139.59697,35.22511]]],[[[139.59774,35.24042],[139.59777,35.24039],[139.59763,35.24035],[139.59774,35.24042]]],[[[139.5952,35.24067],[139.5951,35.24069],[139.59515,35.24072],[139.5952,35.24067]]],[[[139.5953,35.24086],[139.59535,35.24087],[139.59535,35.24083],[139.5953,35.24086]]],[[[139.59555,35.24101],[139.59555,35.24105],[139.59561,35.24103],[139.59555,35.24101]]],[[[139.59526,35.24107],[139.59531,35.24109],[139.59533,35.24105],[139.59526,35.24107]]],[[[139.59628,35.24227],[139.59629,35.24227],[139.59628,35.24223],[139.59628,35.24227]]],[[[139.59595,35.24259],[139.59601,35.24262],[139.59601,35.24259],[139.59595,35.24259]]],[[[139.59516,35.24323],[139.59517,35.24323],[139.59514,35.24319],[139.59516,35.24323]]],[[[139.59259,35.24402],[139.59263,35.24404],[139.59263,35.24398],[139.59259,35.24402]]],[[[139.59274,35.24406],[139.59269,35.24405],[139.59266,35.24418],[139.59274,35.24406]]],[[[139.59251,35.24411],[139.59248,35.24412],[139.59255,35.24419],[139.59251,35.24411]]],[[[139.59261,35.24428],[139.59258,35.24428],[139.5926,35.2443],[139.59261,35.24428]]],[[[139.5935,35.24437],[139.59353,35.24442],[139.59353,35.24439],[139.5935,35.24437]]],[[[139.59196,35.2444],[139.59198,35.24445],[139.592,35.24444],[139.59196,35.2444]]],[[[139.5918,35.24444],[139.59182,35.24445],[139.59182,35.24442],[139.5918,35.24444]]],[[[139.59161,35.24457],[139.59165,35.24456],[139.59163,35.24454],[139.59161,35.24457]]],[[[139.59208,35.24452],[139.59205,35.24449],[139.59193,35.24456],[139.59208,35.24452]]],[[[139.59192,35.2446],[139.59186,35.24458],[139.59194,35.2447],[139.59192,35.2446]]],[[[139.59169,35.24469],[139.59166,35.24468],[139.59166,35.24471],[139.59169,35.24469]]],[[[139.592,35.24469],[139.59199,35.2447],[139.592,35.24471],[139.592,35.24469]]],[[[139.59131,35.24471],[139.59135,35.24471],[139.59134,35.24469],[139.59131,35.24471]]],[[[139.59148,35.24472],[139.59152,35.24472],[139.5915,35.24469],[139.59148,35.24472]]],[[[139.59184,35.2447],[139.59186,35.24474],[139.59191,35.24472],[139.59184,35.2447]]],[[[139.59206,35.24473],[139.59205,35.24476],[139.59206,35.24476],[139.59206,35.24473]]],[[[139.59177,35.24474],[139.59171,35.24483],[139.59176,35.24484],[139.59177,35.24474]]],[[[139.59333,35.24478],[139.5933,35.24481],[139.59335,35.24482],[139.59333,35.24478]]],[[[139.59124,35.24486],[139.59129,35.24482],[139.59128,35.24479],[139.59124,35.24486]]],[[[139.59169,35.24486],[139.59162,35.2448],[139.5916,35.24486],[139.59169,35.24486]]],[[[139.59204,35.24483],[139.592,35.24483],[139.592,35.24487],[139.59204,35.24483]]],[[[139.59234,35.24483],[139.59227,35.24488],[139.59232,35.24491],[139.59234,35.24483]]],[[[139.59212,35.24494],[139.59218,35.24491],[139.59215,35.24486],[139.59212,35.24494]]],[[[139.59138,35.24495],[139.59138,35.24492],[139.59136,35.24492],[139.59138,35.24495]]],[[[139.59124,35.245],[139.59124,35.24491],[139.59121,35.24491],[139.59124,35.245]]],[[[139.59261,35.24502],[139.59262,35.24499],[139.59258,35.245],[139.59261,35.24502]]],[[[139.59169,35.24499],[139.5916,35.24503],[139.59161,35.24505],[139.59169,35.24499]]],[[[139.59133,35.24503],[139.59136,35.24508],[139.59138,35.24507],[139.59133,35.24503]]],[[[139.59123,35.24516],[139.5913,35.2451],[139.59125,35.24505],[139.59123,35.24516]]],[[[139.59152,35.24509],[139.59153,35.24513],[139.59155,35.24513],[139.59152,35.24509]]],[[[139.59143,35.24514],[139.59141,35.24518],[139.59146,35.24519],[139.59143,35.24514]]],[[[139.59152,35.24516],[139.5915,35.24514],[139.59149,35.24518],[139.59152,35.24516]]],[[[139.5912,35.24517],[139.59116,35.24517],[139.59116,35.24519],[139.5912,35.24517]]],[[[139.5888,35.24734],[139.58894,35.2474],[139.58892,35.2472],[139.5888,35.24734]]],[[[139.58845,35.24769],[139.58858,35.24766],[139.58855,35.24762],[139.58845,35.24769]]],[[[139.58943,35.24778],[139.58946,35.24777],[139.58945,35.24774],[139.58943,35.24778]]],[[[139.57664,35.24782],[139.57644,35.24799],[139.57678,35.2482],[139.57664,35.24782]]],[[[139.58903,35.24809],[139.58904,35.24807],[139.58898,35.24807],[139.58903,35.24809]]],[[[139.5892,35.24807],[139.58919,35.24809],[139.58925,35.24809],[139.5892,35.24807]]],[[[139.58881,35.24808],[139.58878,35.2481],[139.58882,35.24811],[139.58881,35.24808]]],[[[139.58943,35.24813],[139.58943,35.24812],[139.58941,35.24811],[139.58943,35.24813]]],[[[139.58893,35.24817],[139.58898,35.24815],[139.58895,35.24813],[139.58893,35.24817]]],[[[139.58915,35.24817],[139.5892,35.24819],[139.58921,35.24816],[139.58915,35.24817]]],[[[139.57665,35.24823],[139.57671,35.24825],[139.57671,35.24819],[139.57665,35.24823]]],[[[139.58882,35.24823],[139.5888,35.24824],[139.58883,35.24826],[139.58882,35.24823]]],[[[139.57687,35.24829],[139.57691,35.24827],[139.57688,35.24821],[139.57687,35.24829]]],[[[139.57679,35.24825],[139.57676,35.24826],[139.57677,35.2483],[139.57679,35.24825]]],[[[139.5891,35.24837],[139.58907,35.24838],[139.58909,35.24839],[139.5891,35.24837]]],[[[139.58969,35.24839],[139.58968,35.24839],[139.58968,35.2484],[139.58969,35.24839]]],[[[139.58828,35.24894],[139.58825,35.24895],[139.58834,35.24902],[139.58828,35.24894]]],[[[139.58818,35.2497],[139.58817,35.24971],[139.58818,35.24973],[139.58818,35.2497]]],[[[139.58769,35.24978],[139.58775,35.24976],[139.58773,35.24975],[139.58769,35.24978]]],[[[139.57804,35.25298],[139.57806,35.25298],[139.57803,35.25294],[139.57804,35.25298]]],[[[139.57809,35.25298],[139.57804,35.25303],[139.57811,35.25305],[139.57809,35.25298]]],[[[139.57839,35.25307],[139.57839,35.25303],[139.57835,35.25304],[139.57839,35.25307]]],[[[139.58016,35.25364],[139.58016,35.25362],[139.58014,35.25361],[139.58016,35.25364]]],[[[139.57861,35.2554],[139.57863,35.25532],[139.57852,35.25531],[139.57861,35.2554]]],[[[139.57845,35.25547],[139.57838,35.25548],[139.57838,35.25555],[139.57845,35.25547]]],[[[139.57663,35.25855],[139.57674,35.25849],[139.57666,35.25845],[139.57663,35.25855]]],[[[139.57672,35.25868],[139.57671,35.2587],[139.57682,35.25877],[139.57672,35.25868]]],[[[139.60593,35.14685],[139.60594,35.14687],[139.60667,35.14638],[139.60593,35.14685]]],[[[139.60561,35.15309],[139.60553,35.15302],[139.60546,35.15308],[139.60561,35.15309]]],[[[139.60313,35.15349],[139.60305,35.15342],[139.60297,35.15352],[139.60313,35.15349]]],[[[139.60375,35.1537],[139.60281,35.15393],[139.60301,35.15407],[139.60375,35.1537]]],[[[139.60511,35.15373],[139.60504,35.15393],[139.60532,35.15405],[139.60511,35.15373]]],[[[139.60262,35.15393],[139.60229,35.15439],[139.60248,35.15439],[139.60262,35.15393]]],[[[139.60617,35.15402],[139.60512,35.1544],[139.60587,35.15462],[139.60617,35.15402]]],[[[139.606,35.15554],[139.60639,35.15541],[139.60621,35.15524],[139.606,35.15554]]],[[[139.60674,35.15575],[139.60639,35.15582],[139.60643,35.15598],[139.60674,35.15575]]],[[[139.603,35.15661],[139.60403,35.15609],[139.60328,35.15587],[139.603,35.15661]]],[[[139.60181,35.19321],[139.60194,35.19321],[139.60194,35.19319],[139.60181,35.19321]]],[[[139.60225,35.19329],[139.60219,35.1933],[139.60222,35.19333],[139.60225,35.19329]]],[[[139.60338,35.19348],[139.60334,35.19348],[139.60336,35.19353],[139.60338,35.19348]]],[[[139.60442,35.1934],[139.6043,35.19331],[139.60426,35.19377],[139.60462,35.1938],[139.60442,35.1934]]],[[[139.59917,35.19366],[139.59919,35.19374],[139.59923,35.19369],[139.59917,35.19366]]],[[[139.59947,35.1937],[139.59948,35.19372],[139.59952,35.1937],[139.59947,35.1937]]],[[[139.60032,35.19371],[139.60027,35.19372],[139.60028,35.19376],[139.60032,35.19371]]],[[[139.59938,35.19376],[139.59935,35.19379],[139.59939,35.19381],[139.59938,35.19376]]],[[[139.60068,35.19385],[139.60084,35.19385],[139.60067,35.19376],[139.60068,35.19385]]],[[[139.59922,35.19385],[139.59938,35.194],[139.59944,35.19389],[139.59922,35.19385]]],[[[139.60102,35.19404],[139.60104,35.19397],[139.60101,35.19397],[139.60102,35.19404]]],[[[139.60462,35.1943],[139.60493,35.19465],[139.60498,35.19461],[139.60462,35.1943]]],[[[139.59938,35.19664],[139.59947,35.19665],[139.59944,35.19663],[139.59938,35.19664]]],[[[139.59974,35.19665],[139.59973,35.19665],[139.59977,35.19669],[139.59974,35.19665]]],[[[139.59966,35.19675],[139.59963,35.19676],[139.59968,35.19677],[139.59966,35.19675]]],[[[139.59974,35.19683],[139.59968,35.19682],[139.59978,35.1969],[139.59974,35.19683]]],[[[139.60142,35.19693],[139.60138,35.1969],[139.60139,35.19693],[139.60142,35.19693]]],[[[139.60133,35.19695],[139.60138,35.197],[139.60137,35.19698],[139.60133,35.19695]]],[[[139.60146,35.19708],[139.60141,35.19704],[139.60141,35.19705],[139.60146,35.19708]]],[[[139.60113,35.19728],[139.60109,35.19727],[139.6011,35.19731],[139.60113,35.19728]]],[[[139.60119,35.19733],[139.60113,35.19733],[139.60117,35.19741],[139.60119,35.19733]]],[[[139.60198,35.19793],[139.60229,35.19787],[139.60228,35.19785],[139.60198,35.19793]]],[[[139.60165,35.19804],[139.60215,35.19842],[139.60195,35.19796],[139.60165,35.19804]]],[[[139.60224,35.19816],[139.60235,35.19837],[139.60235,35.19836],[139.60224,35.19816]]],[[[139.6022,35.19826],[139.60217,35.19824],[139.60217,35.19829],[139.6022,35.19826]]],[[[139.60183,35.19826],[139.60193,35.19847],[139.60199,35.19841],[139.60183,35.19826]]],[[[139.60213,35.19849],[139.60224,35.19863],[139.60226,35.1986],[139.60213,35.19849]]],[[[139.60201,35.19853],[139.60197,35.19852],[139.60195,35.19855],[139.60201,35.19853]]],[[[139.60273,35.19892],[139.60263,35.1988],[139.60263,35.19884],[139.60273,35.19892]]],[[[139.60492,35.19938],[139.60477,35.19949],[139.6049,35.19961],[139.60492,35.19938]]],[[[139.6038,35.19956],[139.60381,35.19942],[139.60374,35.19942],[139.6038,35.19956]]],[[[139.60386,35.19975],[139.60389,35.19973],[139.60379,35.19969],[139.60386,35.19975]]],[[[139.60624,35.19973],[139.60617,35.19968],[139.60613,35.19974],[139.60624,35.19973]]],[[[139.60526,35.20057],[139.60523,35.20042],[139.60518,35.20042],[139.60526,35.20057]]],[[[139.60503,35.20075],[139.60505,35.2004],[139.60501,35.20044],[139.60503,35.20075]]],[[[139.6049,35.20128],[139.60499,35.20107],[139.60487,35.20115],[139.6049,35.20128]]],[[[139.60469,35.20156],[139.60471,35.20092],[139.60463,35.20121],[139.60469,35.20156]]],[[[139.60477,35.20157],[139.60478,35.20163],[139.60484,35.20145],[139.60477,35.20157]]],[[[139.60371,35.20251],[139.60368,35.20243],[139.60364,35.20244],[139.60371,35.20251]]],[[[139.6037,35.20307],[139.60362,35.20289],[139.60357,35.20327],[139.6037,35.20307]]],[[[139.60373,35.20312],[139.60369,35.20325],[139.60377,35.20349],[139.60373,35.20312]]],[[[139.60443,35.2033],[139.60456,35.20387],[139.60478,35.20357],[139.60443,35.2033]]],[[[139.60389,35.2035],[139.60386,35.20374],[139.60396,35.20371],[139.60389,35.2035]]],[[[139.60413,35.20359],[139.60405,35.20361],[139.60416,35.20372],[139.60413,35.20359]]],[[[139.6055,35.20407],[139.6055,35.20403],[139.60545,35.20403],[139.6055,35.20407]]],[[[139.60464,35.20425],[139.60474,35.20429],[139.6048,35.20415],[139.60464,35.20425]]],[[[139.60504,35.20413],[139.60498,35.20409],[139.6049,35.20432],[139.60504,35.20413]]],[[[139.60546,35.20422],[139.60536,35.20404],[139.6053,35.20426],[139.60546,35.20422]]],[[[139.6042,35.20523],[139.60417,35.20518],[139.60415,35.20524],[139.6042,35.20523]]],[[[139.60409,35.20543],[139.60404,35.20552],[139.60409,35.20552],[139.60409,35.20543]]],[[[139.60479,35.20546],[139.60471,35.20556],[139.60474,35.20554],[139.60479,35.20546]]],[[[139.60552,35.20566],[139.60552,35.2058],[139.60566,35.20561],[139.60552,35.20566]]],[[[139.60548,35.20628],[139.60548,35.20639],[139.60561,35.20615],[139.60548,35.20628]]],[[[139.6057,35.20637],[139.60571,35.20632],[139.60564,35.20638],[139.6057,35.20637]]],[[[139.60483,35.22053],[139.60455,35.22064],[139.60461,35.22066],[139.60483,35.22053]]],[[[139.60245,35.22058],[139.60218,35.22064],[139.60223,35.22067],[139.60245,35.22058]]],[[[139.60258,35.22067],[139.60262,35.22062],[139.60231,35.22071],[139.60258,35.22067]]],[[[139.60308,35.22073],[139.60318,35.2207],[139.60317,35.22069],[139.60308,35.22073]]],[[[139.60268,35.22074],[139.60267,35.2208],[139.60272,35.22078],[139.60268,35.22074]]],[[[139.60427,35.22077],[139.60422,35.22082],[139.60432,35.2208],[139.60427,35.22077]]],[[[139.60231,35.22094],[139.60228,35.22103],[139.60237,35.22103],[139.60231,35.22094]]],[[[139.60215,35.22107],[139.6022,35.2211],[139.60225,35.22102],[139.60215,35.22107]]],[[[139.60196,35.22102],[139.60208,35.22113],[139.60211,35.22102],[139.60196,35.22102]]],[[[139.60147,35.22124],[139.60154,35.2212],[139.60148,35.22115],[139.60147,35.22124]]],[[[139.60186,35.22116],[139.60176,35.22122],[139.60186,35.22126],[139.60186,35.22116]]],[[[139.60291,35.22129],[139.60284,35.22121],[139.6028,35.22124],[139.60291,35.22129]]],[[[139.60149,35.22129],[139.60146,35.22135],[139.6015,35.22136],[139.60149,35.22129]]],[[[139.60165,35.22141],[139.6016,35.22136],[139.60158,35.22148],[139.60165,35.22141]]],[[[139.60133,35.22138],[139.60117,35.22147],[139.60125,35.2215],[139.60133,35.22138]]],[[[139.60118,35.22163],[139.60133,35.22154],[139.60116,35.22157],[139.60118,35.22163]]],[[[139.60085,35.2216],[139.60088,35.22158],[139.60086,35.22157],[139.60085,35.2216]]],[[[139.60289,35.22153],[139.60237,35.22113],[139.60163,35.22192],[139.60306,35.22233],[139.60305,35.22288],[139.60335,35.22281],[139.60381,35.22319],[139.60423,35.22235],[139.60615,35.22105],[139.60575,35.22072],[139.6046,35.22141],[139.60577,35.22017],[139.60289,35.22153]]],[[[139.60132,35.22171],[139.60126,35.22173],[139.6013,35.22175],[139.60132,35.22171]]],[[[139.6015,35.22175],[139.6014,35.22179],[139.60143,35.22182],[139.6015,35.22175]]],[[[139.60179,35.22237],[139.60182,35.22239],[139.60185,35.22209],[139.60179,35.22237]]],[[[139.60239,35.22226],[139.60239,35.22228],[139.60246,35.22226],[139.60239,35.22226]]],[[[139.60234,35.22227],[139.6023,35.22231],[139.60236,35.22229],[139.60234,35.22227]]],[[[139.60233,35.22248],[139.6025,35.22235],[139.60247,35.22234],[139.60233,35.22248]]],[[[139.6008,35.22257],[139.60083,35.22255],[139.60081,35.22253],[139.6008,35.22257]]],[[[139.60077,35.22269],[139.60077,35.22267],[139.60071,35.22269],[139.60077,35.22269]]],[[[139.60081,35.22271],[139.60075,35.22274],[139.60082,35.22277],[139.60081,35.22271]]],[[[139.60216,35.22274],[139.60211,35.22277],[139.60223,35.22279],[139.60216,35.22274]]],[[[139.60232,35.22284],[139.60233,35.22283],[139.6023,35.22281],[139.60232,35.22284]]],[[[139.60117,35.22296],[139.60123,35.22291],[139.6012,35.2229],[139.60117,35.22296]]],[[[139.60322,35.22292],[139.60316,35.22293],[139.60317,35.22296],[139.60322,35.22292]]],[[[139.60058,35.22325],[139.6006,35.22322],[139.60055,35.22324],[139.60058,35.22325]]],[[[139.59983,35.22323],[139.59983,35.22327],[139.59988,35.22325],[139.59983,35.22323]]],[[[139.59958,35.22331],[139.5996,35.22332],[139.59962,35.22327],[139.59958,35.22331]]],[[[139.60261,35.22331],[139.60268,35.2233],[139.60268,35.22328],[139.60261,35.22331]]],[[[139.60047,35.2233],[139.60046,35.22334],[139.60051,35.22332],[139.60047,35.2233]]],[[[139.60038,35.22335],[139.60039,35.22336],[139.60043,35.22334],[139.60038,35.22335]]],[[[139.60227,35.2256],[139.60242,35.22551],[139.60238,35.22552],[139.60227,35.2256]]],[[[139.60199,35.22575],[139.60198,35.22578],[139.60202,35.22577],[139.60199,35.22575]]],[[[139.60191,35.22585],[139.60198,35.2258],[139.60196,35.22579],[139.60191,35.22585]]],[[[139.60157,35.23056],[139.60126,35.23162],[139.60136,35.23163],[139.60157,35.23056]]],[[[139.60202,35.23256],[139.60235,35.23165],[139.60228,35.23163],[139.60202,35.23256]]],[[[139.59926,35.23616],[139.59926,35.23622],[139.59932,35.23621],[139.59926,35.23616]]],[[[139.61508,35.13106],[139.61476,35.13125],[139.61517,35.1316],[139.61508,35.13106]]],[[[139.6136,35.13186],[139.61286,35.13181],[139.61301,35.13223],[139.6136,35.13186]]],[[[139.6093,35.13312],[139.60943,35.13337],[139.60972,35.13289],[139.6093,35.13312]]],[[[139.60757,35.13359],[139.60753,35.13388],[139.60783,35.13388],[139.60757,35.13359]]],[[[139.61113,35.1355],[139.61052,35.13562],[139.61058,35.13565],[139.61113,35.1355]]],[[[139.61226,35.13902],[139.61258,35.13821],[139.61244,35.13762],[139.61226,35.13902]]],[[[139.60684,35.13837],[139.60662,35.13844],[139.60667,35.13859],[139.60684,35.13837]]],[[[139.60732,35.13948],[139.60751,35.13865],[139.60942,35.13793],[139.60726,35.13848],[139.60732,35.13948]]],[[[139.61319,35.14537],[139.61326,35.1454],[139.61324,35.14526],[139.61319,35.14537]]],[[[139.6147,35.14644],[139.61446,35.1464],[139.61469,35.14699],[139.6147,35.14644]]],[[[139.61383,35.14698],[139.61372,35.14696],[139.61371,35.14702],[139.61383,35.14698]]],[[[139.61484,35.14729],[139.61498,35.14736],[139.61509,35.14726],[139.61484,35.14729]]],[[[139.61013,35.14753],[139.61009,35.1474],[139.60985,35.14746],[139.61013,35.14753]]],[[[139.60717,35.14817],[139.60585,35.14683],[139.60581,35.14687],[139.60772,35.14872],[139.60717,35.14817]]],[[[139.61442,35.1482],[139.6144,35.14804],[139.6142,35.14814],[139.61442,35.1482]]],[[[139.6146,35.14822],[139.61447,35.14825],[139.61451,35.14835],[139.6146,35.14822]]],[[[139.6141,35.14851],[139.61336,35.14876],[139.61355,35.14883],[139.6141,35.14851]]],[[[139.61364,35.14912],[139.6137,35.14907],[139.61359,35.14896],[139.61364,35.14912]]],[[[139.61334,35.14904],[139.61312,35.14894],[139.61303,35.14908],[139.61334,35.14904]]],[[[139.61388,35.14959],[139.61399,35.14966],[139.61402,35.14955],[139.61388,35.14959]]],[[[139.61155,35.15047],[139.61116,35.15033],[139.61105,35.15067],[139.61155,35.15047]]],[[[139.61174,35.15066],[139.61145,35.1509],[139.61174,35.15096],[139.61174,35.15066]]],[[[139.61085,35.15073],[139.61056,35.15065],[139.61044,35.15088],[139.61085,35.15073]]],[[[139.61046,35.1512],[139.6105,35.15129],[139.61063,35.15128],[139.61046,35.1512]]],[[[139.60727,35.15358],[139.60751,35.15347],[139.60736,35.1532],[139.60698,35.15331],[139.60727,35.15358]]],[[[139.6069,35.15619],[139.60656,35.15627],[139.60677,35.1565],[139.6069,35.15619]]],[[[139.61034,35.15861],[139.61042,35.15886],[139.61067,35.15883],[139.61034,35.15861]]],[[[139.60913,35.16018],[139.60908,35.16061],[139.60958,35.16042],[139.60913,35.16018]]],[[[139.61011,35.16074],[139.61017,35.16077],[139.61021,35.16074],[139.61011,35.16074]]],[[[139.6152,35.16198],[139.61516,35.16201],[139.61516,35.16204],[139.6152,35.16198]]],[[[139.61507,35.16201],[139.61505,35.162],[139.61505,35.16204],[139.61511,35.16205],[139.61512,35.16202],[139.61507,35.16201]]],[[[139.60974,35.16213],[139.60972,35.16206],[139.60962,35.16208],[139.60974,35.16213]]],[[[139.61123,35.16388],[139.61132,35.16387],[139.61132,35.16382],[139.61123,35.16388]]],[[[139.61084,35.16383],[139.61078,35.1638],[139.61074,35.16392],[139.61084,35.16383]]],[[[139.61667,35.16961],[139.61678,35.16956],[139.61676,35.16949],[139.61667,35.16961]]],[[[139.61536,35.17105],[139.61548,35.17116],[139.6155,35.17109],[139.61536,35.17105]]],[[[139.61576,35.17126],[139.61576,35.17119],[139.61567,35.17119],[139.61576,35.17126]]],[[[139.61514,35.17134],[139.61484,35.17125],[139.61484,35.17135],[139.61514,35.17134]]],[[[139.61668,35.17928],[139.61664,35.17915],[139.61658,35.17916],[139.61668,35.17928]]],[[[139.61647,35.1795],[139.61653,35.17959],[139.6166,35.17956],[139.61647,35.1795]]],[[[139.61648,35.17968],[139.6164,35.17968],[139.61641,35.17974],[139.61648,35.17968]]],[[[139.61382,35.18319],[139.61381,35.18325],[139.61396,35.18328],[139.61382,35.18319]]],[[[139.61397,35.18341],[139.61388,35.1834],[139.61394,35.18353],[139.61397,35.18341]]],[[[139.61587,35.18555],[139.61608,35.18565],[139.61604,35.18539],[139.61587,35.18555]]],[[[139.61574,35.18573],[139.61581,35.18575],[139.61587,35.18566],[139.61574,35.18573]]],[[[139.61534,35.18587],[139.61536,35.18594],[139.61563,35.18594],[139.61534,35.18587]]],[[[139.61633,35.18647],[139.61622,35.18657],[139.61651,35.18668],[139.61633,35.18647]]],[[[139.61005,35.18983],[139.61005,35.18984],[139.61009,35.18986],[139.61005,35.18983]]],[[[139.60924,35.18997],[139.60929,35.18991],[139.60922,35.18993],[139.60924,35.18997]]],[[[139.61067,35.18999],[139.61058,35.18999],[139.61058,35.19001],[139.61067,35.18999]]],[[[139.61201,35.18999],[139.61198,35.18998],[139.61197,35.19],[139.61201,35.18999]]],[[[139.61023,35.19011],[139.61026,35.19011],[139.61021,35.19001],[139.61023,35.19011]]],[[[139.60939,35.19006],[139.60933,35.19012],[139.60943,35.19008],[139.60939,35.19006]]],[[[139.61129,35.19016],[139.61132,35.19015],[139.61127,35.19011],[139.61129,35.19016]]],[[[139.61275,35.19032],[139.61263,35.19024],[139.6127,35.19037],[139.61275,35.19032]]],[[[139.61246,35.19037],[139.61251,35.19039],[139.61251,35.19037],[139.61246,35.19037]]],[[[139.61363,35.19043],[139.61359,35.19043],[139.61359,35.19053],[139.61363,35.19043]]],[[[139.61307,35.19056],[139.61311,35.19058],[139.61314,35.19054],[139.61307,35.19056]]],[[[139.61376,35.19067],[139.61393,35.19061],[139.61388,35.19057],[139.61376,35.19067]]],[[[139.6083,35.19111],[139.60845,35.19114],[139.60862,35.19108],[139.60847,35.19102],[139.6083,35.19111]]],[[[139.60784,35.19118],[139.60785,35.19115],[139.60777,35.19118],[139.60784,35.19118]]],[[[139.60908,35.19119],[139.60909,35.19117],[139.60906,35.19117],[139.60908,35.19119]]],[[[139.60818,35.19117],[139.60814,35.19126],[139.60825,35.19123],[139.60818,35.19117]]],[[[139.60872,35.1912],[139.60867,35.19122],[139.60868,35.19123],[139.60872,35.1912]]],[[[139.60895,35.19125],[139.60897,35.19124],[139.6089,35.1912],[139.60895,35.19125]]],[[[139.60789,35.19125],[139.60788,35.19123],[139.60781,35.19125],[139.60789,35.19125]]],[[[139.60822,35.19126],[139.60817,35.19129],[139.60822,35.19129],[139.60822,35.19126]]],[[[139.60878,35.19132],[139.60879,35.19129],[139.6087,35.19129],[139.60878,35.19132]]],[[[139.60797,35.19126],[139.6079,35.1913],[139.60789,35.19151],[139.60797,35.19126]]],[[[139.60802,35.19158],[139.60799,35.19161],[139.60801,35.19164],[139.60802,35.19158]]],[[[139.60778,35.19172],[139.60773,35.19173],[139.60774,35.19175],[139.60778,35.19172]]],[[[139.60786,35.19184],[139.60783,35.19179],[139.60779,35.19182],[139.60786,35.19184]]],[[[139.60801,35.19188],[139.60792,35.19194],[139.60807,35.19194],[139.60801,35.19188]]],[[[139.60806,35.19203],[139.60801,35.19203],[139.60803,35.19206],[139.60806,35.19203]]],[[[139.60811,35.19215],[139.60817,35.19213],[139.60811,35.19209],[139.60811,35.19215]]],[[[139.60772,35.19331],[139.60773,35.19331],[139.60775,35.19329],[139.60767,35.19322],[139.60772,35.19331]]],[[[139.60775,35.19332],[139.60773,35.19331],[139.60772,35.19333],[139.60775,35.19332]]],[[[139.60789,35.19341],[139.60792,35.19338],[139.60788,35.19336],[139.60789,35.19341]]],[[[139.60767,35.19356],[139.60775,35.19367],[139.60776,35.19355],[139.60767,35.19356]]],[[[139.60743,35.19412],[139.60745,35.19412],[139.60746,35.19408],[139.60743,35.19412]]],[[[139.60752,35.19417],[139.60747,35.19418],[139.6075,35.1942],[139.60752,35.19417]]],[[[139.60806,35.19457],[139.60804,35.19452],[139.60801,35.19454],[139.60806,35.19457]]],[[[139.60764,35.19465],[139.60767,35.19463],[139.60757,35.19456],[139.60764,35.19465]]],[[[139.6096,35.2079],[139.6096,35.20787],[139.60945,35.20802],[139.6096,35.2079]]],[[[139.6092,35.20835],[139.60921,35.20837],[139.60936,35.20827],[139.6092,35.20835]]],[[[139.60904,35.20832],[139.60903,35.20835],[139.60905,35.20834],[139.60904,35.20832]]],[[[139.60904,35.20837],[139.60904,35.20842],[139.60907,35.20842],[139.60904,35.20837]]],[[[139.61609,35.20912],[139.61609,35.20909],[139.61593,35.20923],[139.61609,35.20912]]],[[[139.61586,35.20941],[139.61591,35.20933],[139.61583,35.20934],[139.61586,35.20941]]],[[[139.60852,35.20963],[139.60818,35.20983],[139.60846,35.20977],[139.60852,35.20963]]],[[[139.61476,35.20987],[139.61479,35.20992],[139.61482,35.20976],[139.61476,35.20987]]],[[[139.61497,35.20978],[139.61497,35.20976],[139.61479,35.20996],[139.61497,35.20978]]],[[[139.61418,35.21002],[139.61418,35.21003],[139.61434,35.2099],[139.61418,35.21002]]],[[[139.60828,35.21005],[139.60823,35.21009],[139.60836,35.21011],[139.60828,35.21005]]],[[[139.61127,35.21027],[139.61134,35.2102],[139.6113,35.2102],[139.61127,35.21027]]],[[[139.60924,35.21027],[139.60924,35.21039],[139.6095,35.21033],[139.60924,35.21027]]],[[[139.6111,35.21036],[139.61096,35.2104],[139.61114,35.21045],[139.6111,35.21036]]],[[[139.60945,35.21064],[139.60996,35.21027],[139.60978,35.21024],[139.60911,35.2105],[139.60945,35.21064]]],[[[139.61055,35.21047],[139.61034,35.21038],[139.61048,35.21047],[139.61055,35.21047]]],[[[139.60875,35.2106],[139.60883,35.21054],[139.60871,35.21049],[139.60875,35.2106]]],[[[139.60887,35.21072],[139.60889,35.21061],[139.60864,35.21074],[139.60887,35.21072]]],[[[139.61107,35.21078],[139.61109,35.21077],[139.61102,35.21072],[139.61107,35.21078]]],[[[139.60822,35.21716],[139.60827,35.21713],[139.60824,35.21708],[139.60822,35.21716]]],[[[139.60924,35.21843],[139.6092,35.21837],[139.60723,35.21918],[139.60587,35.22007],[139.60924,35.21843]]],[[[139.61262,35.22028],[139.61266,35.22108],[139.6134,35.22072],[139.61262,35.22028]]],[[[139.61038,35.22254],[139.61042,35.22252],[139.61042,35.22251],[139.61038,35.22254]]],[[[139.61029,35.22259],[139.6103,35.22256],[139.61025,35.22255],[139.61029,35.22259]]],[[[139.60749,35.2231],[139.60775,35.22318],[139.60761,35.22309],[139.60749,35.2231]]],[[[139.63139,35.12858],[139.63146,35.1287],[139.63166,35.12864],[139.63139,35.12858]]],[[[139.63071,35.12885],[139.63052,35.12912],[139.63089,35.12912],[139.63071,35.12885]]],[[[139.61925,35.13133],[139.61947,35.13145],[139.61957,35.13135],[139.61925,35.13133]]],[[[139.61709,35.13185],[139.61703,35.13155],[139.61677,35.13153],[139.61674,35.13194],[139.61709,35.13185]]],[[[139.62323,35.13072],[139.62303,35.1317],[139.62216,35.1324],[139.62001,35.13212],[139.61781,35.1306],[139.61797,35.1315],[139.61701,35.1324],[139.61676,35.1322],[139.61692,35.13257],[139.61661,35.13226],[139.61642,35.13226],[139.61615,35.13291],[139.61458,35.13229],[139.61249,35.13342],[139.61276,35.13285],[139.61215,35.13262],[139.61115,35.13313],[139.61019,35.13281],[139.60966,35.13347],[139.6111,35.13392],[139.61148,35.13345],[139.61176,35.13426],[139.60936,35.13385],[139.60835,35.1349],[139.60913,35.13504],[139.60899,35.13551],[139.60996,35.13534],[139.60915,35.13583],[139.61011,35.13555],[139.61123,35.13548],[139.61055,35.13575],[139.61164,35.13558],[139.61021,35.13594],[139.61127,35.13582],[139.61061,35.13615],[139.61098,35.13672],[139.60956,35.13786],[139.61192,35.13675],[139.61226,35.13767],[139.61231,35.13742],[139.61711,35.13682],[139.61683,35.13582],[139.61762,35.13567],[139.61814,35.13637],[139.6178,35.13669],[139.61818,35.13636],[139.621,35.1363],[139.6222,35.1369],[139.62313,35.13642],[139.62285,35.13576],[139.62379,35.13572],[139.62397,35.13623],[139.624,35.13623],[139.62378,35.13535],[139.62667,35.13408],[139.62718,35.13398],[139.62794,35.13465],[139.62619,35.13194],[139.62563,35.1319],[139.62999,35.12993],[139.62948,35.12984],[139.63014,35.12907],[139.62915,35.12862],[139.62775,35.12882],[139.6272,35.12945],[139.62599,35.12965],[139.62541,35.13037],[139.62323,35.13072]]],[[[139.6645,35.13598],[139.66445,35.13608],[139.66458,35.13606],[139.6645,35.13598]]],[[[139.66305,35.13646],[139.66312,35.13617],[139.66288,35.13618],[139.66305,35.13646]]],[[[139.66876,35.13655],[139.66881,35.13639],[139.66858,35.13639],[139.66876,35.13655]]],[[[139.62739,35.13702],[139.62745,35.13699],[139.6271,35.13658],[139.62739,35.13702]]],[[[139.62261,35.13699],[139.62278,35.13689],[139.62275,35.13682],[139.62261,35.13699]]],[[[139.65732,35.1367],[139.65677,35.13692],[139.65704,35.13723],[139.65746,35.13726],[139.65732,35.1367]]],[[[139.62806,35.13728],[139.62841,35.1371],[139.6284,35.13702],[139.62775,35.13698],[139.62806,35.13728]]],[[[139.66901,35.13735],[139.66904,35.13728],[139.66869,35.13722],[139.66901,35.13735]]],[[[139.66326,35.13812],[139.66441,35.13731],[139.66447,35.13683],[139.66308,35.13724],[139.66262,35.13781],[139.66326,35.13812]]],[[[139.65541,35.13779],[139.65506,35.13723],[139.65458,35.13775],[139.65541,35.13779]]],[[[139.64168,35.13791],[139.64183,35.1378],[139.64143,35.1377],[139.64168,35.13791]]],[[[139.62958,35.13796],[139.62985,35.13802],[139.62991,35.13789],[139.62958,35.13796]]],[[[139.64259,35.13817],[139.64264,35.1383],[139.64275,35.13823],[139.64259,35.13817]]],[[[139.64768,35.13822],[139.64751,35.13818],[139.64733,35.13843],[139.64768,35.13822]]],[[[139.64344,35.13845],[139.64336,35.13837],[139.64321,35.13847],[139.64344,35.13845]]],[[[139.64806,35.13865],[139.64844,35.13866],[139.64847,35.13844],[139.64806,35.13865]]],[[[139.65966,35.13878],[139.65943,35.13859],[139.65942,35.1388],[139.65966,35.13878]]],[[[139.65249,35.13864],[139.65242,35.13877],[139.65286,35.13892],[139.65249,35.13864]]],[[[139.66221,35.13889],[139.66231,35.13875],[139.66223,35.1387],[139.66221,35.13889]]],[[[139.66392,35.13892],[139.66401,35.13893],[139.66399,35.13886],[139.66392,35.13892]]],[[[139.66376,35.13897],[139.66379,35.13894],[139.66373,35.13889],[139.66376,35.13897]]],[[[139.65451,35.13904],[139.65479,35.13893],[139.65472,35.13883],[139.65451,35.13904]]],[[[139.65037,35.13886],[139.65013,35.13887],[139.65021,35.13917],[139.65037,35.13886]]],[[[139.67364,35.13899],[139.67363,35.13908],[139.6738,35.13908],[139.67364,35.13899]]],[[[139.65338,35.13896],[139.65292,35.13906],[139.65299,35.13923],[139.65338,35.13896]]],[[[139.66333,35.13915],[139.66354,35.13922],[139.66351,35.13904],[139.66333,35.13915]]],[[[139.65378,35.13909],[139.65374,35.13922],[139.65415,35.13916],[139.65378,35.13909]]],[[[139.66046,35.13943],[139.66104,35.13909],[139.66042,35.1389],[139.66046,35.13943]]],[[[139.65041,35.13937],[139.65041,35.13942],[139.65115,35.13944],[139.65041,35.13937]]],[[[139.63834,35.13914],[139.63826,35.13908],[139.63747,35.1399],[139.63834,35.13914]]],[[[139.67387,35.13946],[139.67357,35.1395],[139.67368,35.13977],[139.67387,35.13946]]],[[[139.63962,35.1396],[139.6396,35.13962],[139.63977,35.13975],[139.63962,35.1396]]],[[[139.66015,35.13976],[139.66018,35.13963],[139.66006,35.13962],[139.66015,35.13976]]],[[[139.63834,35.13966],[139.63792,35.13976],[139.63809,35.14],[139.63834,35.13966]]],[[[139.63951,35.1397],[139.63958,35.13951],[139.63884,35.1402],[139.63951,35.1397]]],[[[139.66023,35.14017],[139.66013,35.14013],[139.66017,35.14023],[139.66023,35.14017]]],[[[139.67198,35.14053],[139.67201,35.14047],[139.67187,35.14044],[139.67198,35.14053]]],[[[139.67408,35.14044],[139.67386,35.14073],[139.67411,35.1407],[139.67408,35.14044]]],[[[139.66735,35.14057],[139.66728,35.14067],[139.66735,35.14069],[139.66735,35.14057]]],[[[139.66774,35.1408],[139.66774,35.14069],[139.66759,35.1407],[139.66774,35.1408]]],[[[139.66696,35.14074],[139.66694,35.14081],[139.6671,35.14084],[139.66696,35.14074]]],[[[139.67319,35.14085],[139.67314,35.14101],[139.67324,35.14105],[139.67319,35.14085]]],[[[139.66724,35.14097],[139.66738,35.14098],[139.6673,35.14089],[139.66724,35.14097]]],[[[139.67363,35.1409],[139.67365,35.14102],[139.67376,35.14102],[139.67363,35.1409]]],[[[139.67175,35.14117],[139.67178,35.14124],[139.67192,35.14115],[139.67175,35.14117]]],[[[139.66827,35.14113],[139.66813,35.14118],[139.66817,35.14123],[139.66827,35.14113]]],[[[139.65024,35.14189],[139.65035,35.1419],[139.65035,35.14186],[139.65024,35.14189]]],[[[139.65014,35.14207],[139.65015,35.14199],[139.65005,35.14198],[139.65014,35.14207]]],[[[139.66806,35.14496],[139.6682,35.14506],[139.66836,35.14494],[139.66806,35.14496]]],[[[139.66701,35.14541],[139.66696,35.14562],[139.66724,35.14556],[139.66701,35.14541]]],[[[139.6234,35.16443],[139.62361,35.16446],[139.62368,35.16429],[139.6234,35.16443]]],[[[139.61704,35.16792],[139.61702,35.16784],[139.61692,35.16786],[139.61704,35.16792]]],[[[139.61697,35.16936],[139.61694,35.16928],[139.61683,35.16929],[139.61697,35.16936]]],[[[139.61751,35.17254],[139.61757,35.17259],[139.61765,35.1725],[139.61751,35.17254]]],[[[139.61713,35.1726],[139.61721,35.1726],[139.61712,35.1725],[139.61713,35.1726]]],[[[139.61926,35.17565],[139.61937,35.17567],[139.61935,35.17559],[139.61926,35.17565]]],[[[139.61935,35.17582],[139.61932,35.17593],[139.6194,35.17594],[139.61935,35.17582]]],[[[139.61915,35.17583],[139.61915,35.17595],[139.61924,35.17595],[139.61915,35.17583]]],[[[139.61933,35.17606],[139.61938,35.17616],[139.61944,35.17612],[139.61933,35.17606]]],[[[139.65988,35.17702],[139.65989,35.17712],[139.6601,35.17712],[139.65988,35.17702]]],[[[139.65534,35.17782],[139.65546,35.1778],[139.65542,35.17775],[139.65534,35.17782]]],[[[139.65556,35.17782],[139.65562,35.1779],[139.65566,35.17787],[139.65556,35.17782]]],[[[139.6559,35.17785],[139.65582,35.17784],[139.65583,35.17791],[139.6559,35.17785]]],[[[139.65588,35.17803],[139.6558,35.17803],[139.65579,35.17814],[139.65588,35.17803]]],[[[139.65554,35.17805],[139.65554,35.17814],[139.65564,35.17814],[139.65554,35.17805]]],[[[139.61684,35.17943],[139.61672,35.17945],[139.61683,35.17959],[139.61684,35.17943]]],[[[139.61707,35.17969],[139.61714,35.1797],[139.61717,35.1796],[139.61707,35.17969]]],[[[139.61684,35.17967],[139.6168,35.17973],[139.61689,35.17977],[139.61684,35.17967]]],[[[139.617,35.1871],[139.61687,35.18705],[139.61683,35.18713],[139.617,35.1871]]],[[[139.61684,35.18828],[139.61674,35.18826],[139.61677,35.18834],[139.61684,35.18828]]],[[[139.66378,35.19026],[139.66384,35.19021],[139.66335,35.18984],[139.66378,35.19026]]],[[[139.66331,35.29726],[139.66304,35.29733],[139.66305,35.29734],[139.66331,35.29726]]],[[[139.64725,35.30395],[139.64942,35.30499],[139.65052,35.30599],[139.65007,35.30627],[139.65063,35.30689],[139.65094,35.30661],[139.65184,35.30742],[139.65428,35.30589],[139.65327,35.30632],[139.65274,35.30594],[139.65394,35.3052],[139.65369,35.30472],[139.65681,35.30294],[139.65627,35.30246],[139.65696,35.302],[139.65643,35.30187],[139.65679,35.30163],[139.65509,35.29993],[139.65535,35.30052],[139.65476,35.30002],[139.65378,35.30026],[139.6526,35.29971],[139.65214,35.29879],[139.65134,35.29897],[139.65217,35.29839],[139.65291,35.2967],[139.65196,35.29617],[139.65137,35.29644],[139.65043,35.29564],[139.65091,35.29469],[139.65052,35.29432],[139.64843,35.2947],[139.6437,35.30033],[139.64518,35.30087],[139.64725,35.30395]]],[[[139.65689,35.30325],[139.65689,35.30326],[139.65694,35.30324],[139.65689,35.30325]]],[[[139.6565,35.30335],[139.65649,35.30336],[139.65654,35.30338],[139.6565,35.30335]]],[[[139.65577,35.30383],[139.65576,35.30384],[139.65578,35.30385],[139.65577,35.30383]]],[[[139.6556,35.30384],[139.6556,35.30386],[139.6557,35.30383],[139.6556,35.30384]]],[[[139.65572,35.30388],[139.65575,35.30388],[139.65575,35.30387],[139.65572,35.30388]]],[[[139.65567,35.30388],[139.65568,35.30391],[139.65571,35.30391],[139.65567,35.30388]]],[[[139.65564,35.30389],[139.65564,35.30392],[139.65565,35.30392],[139.65564,35.30389]]],[[[139.67533,35.3191],[139.67202,35.32127],[139.67502,35.31963],[139.67533,35.3191]]],[[[139.63446,35.32214],[139.63483,35.32234],[139.63483,35.3223],[139.63446,35.32214]]],[[[139.67132,35.32152],[139.66389,35.32431],[139.66393,35.32439],[139.67132,35.32152]]],[[[139.66442,35.32549],[139.66406,35.32633],[139.66413,35.32635],[139.66442,35.32549]]],[[[139.63215,35.32626],[139.63005,35.32789],[139.62977,35.32903],[139.6337,35.33096],[139.63541,35.32909],[139.63728,35.32798],[139.63806,35.32798],[139.63768,35.3274],[139.6381,35.32702],[139.63919,35.32895],[139.63798,35.32669],[139.63363,35.32309],[139.63275,35.32411],[139.63215,35.32626]]],[[[139.6632,35.32832],[139.66308,35.32861],[139.66315,35.32863],[139.6632,35.32832]]],[[[139.62249,35.33144],[139.62268,35.33141],[139.62264,35.33128],[139.62249,35.33144]]],[[[139.64873,35.33539],[139.6488,35.33584],[139.64881,35.33469],[139.64633,35.33384],[139.64608,35.33442],[139.64633,35.33506],[139.64873,35.33539]]],[[[139.64862,35.3369],[139.64969,35.33674],[139.64969,35.33542],[139.64916,35.33673],[139.64755,35.33632],[139.64622,35.3367],[139.64581,35.33434],[139.64334,35.33433],[139.64168,35.33566],[139.64182,35.33694],[139.6424,35.33715],[139.64198,35.3378],[139.64371,35.33869],[139.64778,35.33864],[139.6489,35.33771],[139.64862,35.3369]]],[[[139.65194,35.37853],[139.65292,35.37926],[139.6484,35.37543],[139.65194,35.37853]]],[[[139.65334,35.37966],[139.65407,35.38026],[139.6541,35.38023],[139.65334,35.37966]]],[[[139.65449,35.38027],[139.65499,35.38022],[139.65498,35.38017],[139.65449,35.38027]]],[[[139.6558,35.37962],[139.6565,35.3802],[139.65661,35.37974],[139.65634,35.38002],[139.65583,35.37959],[139.65337,35.3787],[139.6558,35.37962]]],[[[139.65524,35.38545],[139.65833,35.38296],[139.65525,35.38542],[139.6545,35.38478],[139.65265,35.38627],[139.65457,35.38487],[139.65524,35.38545]]],[[[139.64172,35.40151],[139.64157,35.40204],[139.64329,35.40236],[139.64337,35.40206],[139.64172,35.40151]]],[[[139.65167,35.40879],[139.65173,35.40871],[139.6516,35.40863],[139.65167,35.40879]]],[[[139.67408,35.45267],[139.67345,35.45151],[139.6734,35.45153],[139.67408,35.45267]]],[[[139.65784,35.45329],[139.65805,35.45505],[139.65798,35.4541],[139.65784,35.45329]]],[[[139.6579,35.46081],[139.65649,35.46301],[139.6579,35.46089],[139.65822,35.4601],[139.6579,35.46081]]],[[[139.65598,35.46356],[139.65589,35.46367],[139.65593,35.4637],[139.65598,35.46356]]],[[[139.65593,35.4637],[139.6559,35.46369],[139.65559,35.46409],[139.65593,35.4637]]],[[[139.64363,35.4699],[139.64201,35.47113],[139.64183,35.47186],[139.64539,35.47461],[139.65039,35.47445],[139.65596,35.47022],[139.65228,35.46697],[139.65333,35.46619],[139.65473,35.46499],[139.65554,35.46413],[139.651,35.46773],[139.65051,35.46729],[139.6541,35.46458],[139.65301,35.46359],[139.64527,35.46942],[139.64215,35.46837],[139.64185,35.46891],[139.64363,35.4699]]],[[[139.67159,35.48333],[139.67156,35.48337],[139.67161,35.48339],[139.67159,35.48333]]],[[[139.67848,35.14179],[139.67856,35.14191],[139.67866,35.14184],[139.67848,35.14179]]],[[[139.67969,35.14464],[139.6796,35.14464],[139.67962,35.14483],[139.67969,35.14464]]],[[[139.68064,35.14544],[139.68068,35.14535],[139.68044,35.14538],[139.68064,35.14544]]],[[[139.68061,35.14969],[139.68048,35.14976],[139.68065,35.14988],[139.68061,35.14969]]],[[[139.68242,35.15015],[139.6827,35.15011],[139.68258,35.14981],[139.68242,35.15015]]],[[[139.68046,35.15002],[139.68058,35.15008],[139.68059,35.15001],[139.68046,35.15002]]],[[[139.68192,35.15007],[139.68201,35.15015],[139.6821,35.15009],[139.68192,35.15007]]],[[[139.67981,35.15339],[139.67973,35.15343],[139.6798,35.15353],[139.67981,35.15339]]],[[[139.68011,35.1538],[139.68056,35.1539],[139.68058,35.15369],[139.68011,35.1538]]],[[[139.68036,35.15415],[139.68028,35.15411],[139.68025,35.15423],[139.68036,35.15415]]],[[[139.68,35.15443],[139.67991,35.15441],[139.67988,35.15449],[139.68,35.15443]]],[[[139.69046,35.19694],[139.69057,35.19695],[139.69056,35.19676],[139.69046,35.19694]]],[[[139.69168,35.19695],[139.69164,35.19685],[139.69153,35.19691],[139.69168,35.19695]]],[[[139.69238,35.19728],[139.69246,35.19724],[139.69242,35.19716],[139.69238,35.19728]]],[[[139.72116,35.21079],[139.72132,35.21082],[139.72134,35.21076],[139.72116,35.21079]]],[[[139.72135,35.21083],[139.72267,35.21086],[139.72267,35.21078],[139.72135,35.21083]]],[[[139.72268,35.21089],[139.72413,35.21097],[139.72402,35.21083],[139.72268,35.21089]]],[[[139.72701,35.21088],[139.72432,35.21084],[139.72448,35.21092],[139.72766,35.21093],[139.72701,35.21088]]],[[[139.72859,35.22534],[139.72866,35.22517],[139.72862,35.22517],[139.72859,35.22534]]],[[[139.72895,35.22546],[139.72889,35.22545],[139.72888,35.22556],[139.72895,35.22546]]],[[[139.7288,35.22589],[139.72887,35.22589],[139.72887,35.22578],[139.7288,35.22589]]],[[[139.72883,35.22622],[139.72886,35.22611],[139.72879,35.2261],[139.72883,35.22622]]],[[[139.71661,35.2266],[139.71649,35.22665],[139.7165,35.22667],[139.71661,35.2266]]],[[[139.7191,35.22683],[139.71909,35.22687],[139.7192,35.22684],[139.7191,35.22683]]],[[[139.71732,35.22683],[139.71722,35.22688],[139.71726,35.2269],[139.71732,35.22683]]],[[[139.7166,35.22705],[139.71678,35.22702],[139.71677,35.227],[139.7166,35.22705]]],[[[139.7174,35.22707],[139.71716,35.22711],[139.71718,35.22712],[139.7174,35.22707]]],[[[139.71744,35.22708],[139.71736,35.22712],[139.71737,35.22714],[139.71744,35.22708]]],[[[139.71665,35.22722],[139.71664,35.22721],[139.71657,35.22728],[139.71665,35.22722]]],[[[139.71697,35.22743],[139.71689,35.22736],[139.71685,35.22738],[139.71697,35.22743]]],[[[139.71669,35.22744],[139.71663,35.22745],[139.71676,35.22759],[139.71669,35.22744]]],[[[139.71695,35.22756],[139.71696,35.22754],[139.71689,35.22755],[139.71695,35.22756]]],[[[139.71881,35.22762],[139.71881,35.22753],[139.71875,35.22756],[139.71881,35.22762]]],[[[139.71874,35.22764],[139.71875,35.22762],[139.71867,35.22761],[139.71874,35.22764]]],[[[139.71833,35.2277],[139.71841,35.22766],[139.71833,35.22763],[139.71833,35.2277]]],[[[139.7173,35.22802],[139.71738,35.22796],[139.71735,35.22795],[139.7173,35.22802]]],[[[139.72862,35.22806],[139.72865,35.22807],[139.72866,35.22805],[139.72862,35.22806]]],[[[139.72869,35.22821],[139.72871,35.22822],[139.72873,35.22821],[139.72869,35.22821]]],[[[139.72867,35.22832],[139.7287,35.22832],[139.72868,35.22828],[139.72867,35.22832]]],[[[139.7286,35.22836],[139.72864,35.22835],[139.72861,35.22831],[139.7286,35.22836]]],[[[139.72871,35.22842],[139.72871,35.22838],[139.72866,35.22839],[139.72871,35.22842]]],[[[139.72875,35.22839],[139.72876,35.22844],[139.72881,35.22841],[139.72875,35.22839]]],[[[139.72864,35.22843],[139.72858,35.22842],[139.72859,35.22846],[139.72864,35.22843]]],[[[139.72879,35.22858],[139.72883,35.22861],[139.72884,35.2286],[139.72879,35.22858]]],[[[139.72899,35.22869],[139.72902,35.22869],[139.729,35.22865],[139.72899,35.22869]]],[[[139.72879,35.22866],[139.72876,35.22867],[139.72884,35.2287],[139.72879,35.22866]]],[[[139.72896,35.22878],[139.72899,35.22877],[139.72896,35.22875],[139.72896,35.22878]]],[[[139.7293,35.22885],[139.72932,35.22887],[139.72934,35.22885],[139.7293,35.22885]]],[[[139.7294,35.22894],[139.72942,35.22891],[139.72937,35.22891],[139.7294,35.22894]]],[[[139.72936,35.22902],[139.72935,35.22898],[139.72929,35.22903],[139.72936,35.22902]]],[[[139.72941,35.22904],[139.72943,35.22902],[139.72941,35.22901],[139.72941,35.22904]]],[[[139.73013,35.22981],[139.73011,35.22981],[139.7301,35.22986],[139.73013,35.22981]]],[[[139.73007,35.22992],[139.7301,35.22994],[139.7301,35.22991],[139.73007,35.22992]]],[[[139.73014,35.22994],[139.73016,35.22996],[139.7302,35.22994],[139.73014,35.22994]]],[[[139.72858,35.23056],[139.72858,35.2305],[139.72851,35.23054],[139.72858,35.23056]]],[[[139.7288,35.2314],[139.72875,35.2314],[139.72878,35.23147],[139.7288,35.2314]]],[[[139.72973,35.2326],[139.72972,35.23258],[139.7297,35.23263],[139.72973,35.2326]]],[[[139.72961,35.23266],[139.72953,35.23265],[139.72954,35.23267],[139.72961,35.23266]]],[[[139.7298,35.23268],[139.72981,35.23265],[139.72974,35.23268],[139.7298,35.23268]]],[[[139.72952,35.2328],[139.72951,35.2329],[139.72961,35.23288],[139.72952,35.2328]]],[[[139.72928,35.2331],[139.72942,35.23318],[139.72942,35.23313],[139.72928,35.2331]]],[[[139.72965,35.23319],[139.72955,35.23309],[139.7295,35.23313],[139.72965,35.23319]]],[[[139.72912,35.23324],[139.72916,35.23327],[139.72916,35.23323],[139.72912,35.23324]]],[[[139.72902,35.23325],[139.72909,35.23329],[139.7291,35.23324],[139.72902,35.23325]]],[[[139.72904,35.23338],[139.72905,35.23339],[139.72906,35.23335],[139.72904,35.23338]]],[[[139.72924,35.23338],[139.72921,35.23339],[139.72923,35.23345],[139.72924,35.23338]]],[[[139.72886,35.23349],[139.72889,35.2335],[139.7289,35.23348],[139.72886,35.23349]]],[[[139.72907,35.23356],[139.72913,35.23359],[139.72904,35.23348],[139.72907,35.23356]]],[[[139.71839,35.26372],[139.7184,35.2637],[139.71827,35.26373],[139.71839,35.26372]]],[[[139.71819,35.26374],[139.71811,35.26378],[139.71813,35.26379],[139.71819,35.26374]]],[[[139.71839,35.26398],[139.71851,35.26398],[139.71858,35.26393],[139.71839,35.26398]]],[[[139.71825,35.26402],[139.71825,35.264],[139.71823,35.264],[139.71825,35.26402]]],[[[139.7277,35.26455],[139.72776,35.26453],[139.72777,35.26451],[139.7277,35.26455]]],[[[139.72779,35.26469],[139.72781,35.2647],[139.72782,35.26469],[139.72779,35.26469]]],[[[139.72771,35.26475],[139.7277,35.26475],[139.72771,35.26477],[139.72771,35.26475]]],[[[139.7277,35.26483],[139.72773,35.26482],[139.72768,35.26481],[139.7277,35.26483]]],[[[139.72683,35.26544],[139.72713,35.2654],[139.72712,35.26536],[139.72683,35.26544]]],[[[139.72778,35.26542],[139.72777,35.2654],[139.72776,35.2654],[139.72778,35.26542]]],[[[139.72589,35.2657],[139.72602,35.26525],[139.72581,35.26559],[139.72459,35.26512],[139.72589,35.2657]]],[[[139.72795,35.26548],[139.72798,35.26548],[139.72798,35.26547],[139.72795,35.26548]]],[[[139.72801,35.26565],[139.72803,35.26571],[139.72812,35.2657],[139.72801,35.26565]]],[[[139.69892,35.26572],[139.69885,35.26566],[139.69835,35.26601],[139.69892,35.26572]]],[[[139.72909,35.26624],[139.7293,35.26612],[139.72926,35.26604],[139.72909,35.26624]]],[[[139.68988,35.27264],[139.6898,35.27258],[139.68813,35.27415],[139.68988,35.27264]]],[[[139.70095,35.28167],[139.70088,35.28162],[139.70086,35.28167],[139.70095,35.28167]]],[[[139.68889,35.28349],[139.68879,35.28367],[139.68893,35.28362],[139.68889,35.28349]]],[[[139.69077,35.28426],[139.69078,35.28417],[139.69053,35.28431],[139.69077,35.28426]]],[[[139.68977,35.28496],[139.68996,35.28476],[139.6897,35.28475],[139.68977,35.28496]]],[[[139.69253,35.28548],[139.69254,35.2854],[139.69222,35.28537],[139.69253,35.28548]]],[[[139.69494,35.28804],[139.69644,35.28682],[139.69488,35.28604],[139.69443,35.28423],[139.69312,35.2842],[139.69275,35.28452],[139.69294,35.28573],[139.69494,35.28804]]],[[[139.69632,35.28724],[139.69624,35.28726],[139.6963,35.28738],[139.69632,35.28724]]],[[[139.6955,35.28777],[139.69556,35.28767],[139.69548,35.28767],[139.6955,35.28777]]],[[[139.68417,35.40898],[139.68888,35.41279],[139.69519,35.40759],[139.69073,35.39991],[139.68237,35.39316],[139.67836,35.39558],[139.67795,35.39532],[139.67838,35.39566],[139.67794,35.39598],[139.68533,35.40194],[139.68225,35.4045],[139.67638,35.39976],[139.6747,35.39967],[139.67126,35.40175],[139.67116,35.40291],[139.68019,35.41019],[139.68417,35.40898]]],[[[139.68126,35.42463],[139.68124,35.42461],[139.68118,35.42466],[139.68126,35.42463]]],[[[139.68128,35.42463],[139.6812,35.42469],[139.68131,35.42479],[139.68128,35.42463]]],[[[139.68063,35.42508],[139.68057,35.42513],[139.68059,35.42515],[139.68063,35.42508]]],[[[139.68086,35.42527],[139.68067,35.4251],[139.68059,35.42516],[139.68086,35.42527]]],[[[139.68918,35.4434],[139.68836,35.44258],[139.6883,35.44261],[139.68918,35.4434]]],[[[139.67595,35.45629],[139.67603,35.45629],[139.67581,35.45587],[139.67595,35.45629]]],[[[139.67676,35.45763],[139.67671,35.45764],[139.67698,35.45815],[139.67676,35.45763]]],[[[139.6924,35.47201],[139.69445,35.46917],[139.69487,35.46377],[139.68721,35.46007],[139.68806,35.4589],[139.68797,35.45862],[139.68715,35.46005],[139.68486,35.45863],[139.68843,35.457],[139.69806,35.46165],[139.69845,35.4611],[139.69807,35.46092],[139.70225,35.45512],[139.70718,35.45666],[139.70049,35.45449],[139.69373,35.44786],[139.6955,35.44982],[139.6772,35.45816],[139.67082,35.46189],[139.67021,35.46312],[139.67088,35.46192],[139.67311,35.46062],[139.67397,35.46221],[139.67259,35.46523],[139.67058,35.4645],[139.67612,35.46667],[139.6924,35.47201]]],[[[139.70733,35.47184],[139.70702,35.4723],[139.70715,35.47227],[139.70733,35.47184]]],[[[139.70219,35.48054],[139.70401,35.48142],[139.7036,35.48144],[139.73448,35.49483],[139.73562,35.49414],[139.73896,35.48906],[139.73507,35.48736],[139.73768,35.48339],[139.73812,35.48358],[139.74124,35.47881],[139.74184,35.47703],[139.71271,35.46425],[139.70595,35.47454],[139.70363,35.4751],[139.70027,35.47869],[139.70219,35.48054]]],[[[139.71114,35.48551],[139.71057,35.48538],[139.7106,35.48542],[139.7114,35.48577],[139.71114,35.48551]]],[[[139.73522,35.21214],[139.73514,35.21201],[139.73507,35.21225],[139.73522,35.21214]]],[[[139.73555,35.21218],[139.73545,35.21215],[139.73544,35.21234],[139.73555,35.21218]]],[[[139.73472,35.24333],[139.73482,35.24335],[139.73467,35.24307],[139.73472,35.24333]]],[[[139.73482,35.24365],[139.73498,35.24349],[139.73477,35.2435],[139.73482,35.24365]]],[[[139.73536,35.24423],[139.73544,35.24413],[139.73541,35.24412],[139.73536,35.24423]]],[[[139.73514,35.24426],[139.73515,35.24422],[139.7351,35.24422],[139.73514,35.24426]]],[[[139.73418,35.24538],[139.73417,35.24533],[139.73416,35.24534],[139.73418,35.24538]]],[[[139.7342,35.24541],[139.73426,35.24536],[139.73424,35.24536],[139.7342,35.24541]]],[[[139.73743,35.24747],[139.73743,35.2475],[139.73762,35.24738],[139.73743,35.24747]]],[[[139.73678,35.24772],[139.73679,35.24768],[139.7367,35.24772],[139.73678,35.24772]]],[[[139.73864,35.24824],[139.73818,35.24829],[139.73825,35.2485],[139.73864,35.24824]]],[[[139.73934,35.24941],[139.73937,35.24952],[139.73946,35.24947],[139.73934,35.24941]]],[[[139.73975,35.24953],[139.73975,35.2495],[139.73956,35.2495],[139.73975,35.24953]]],[[[139.7392,35.24964],[139.73933,35.24961],[139.73927,35.24945],[139.7392,35.24964]]],[[[139.73938,35.24974],[139.73943,35.24969],[139.73933,35.2497],[139.73938,35.24974]]],[[[139.73918,35.24972],[139.73917,35.24979],[139.73925,35.24976],[139.73918,35.24972]]],[[[139.73868,35.24981],[139.73867,35.24979],[139.73861,35.2498],[139.73868,35.24981]]],[[[139.73933,35.24997],[139.73931,35.24995],[139.73927,35.24996],[139.73933,35.24997]]],[[[139.73967,35.25012],[139.73965,35.25028],[139.73996,35.25014],[139.73967,35.25012]]],[[[139.73956,35.25018],[139.73949,35.25024],[139.73954,35.25025],[139.73956,35.25018]]],[[[139.74002,35.25043],[139.73997,35.25041],[139.73996,35.25045],[139.74002,35.25043]]],[[[139.74027,35.25046],[139.74019,35.25051],[139.7402,35.25053],[139.74027,35.25046]]],[[[139.74342,35.25153],[139.74349,35.25148],[139.74342,35.25148],[139.74342,35.25153]]],[[[139.74367,35.25158],[139.74368,35.25161],[139.74379,35.25158],[139.74367,35.25158]]],[[[139.7444,35.25168],[139.74434,35.25164],[139.74427,35.2517],[139.7444,35.25168]]],[[[139.74362,35.25189],[139.74371,35.25183],[139.74357,35.25189],[139.74362,35.25189]]],[[[139.74384,35.25205],[139.74382,35.25208],[139.74384,35.25208],[139.74384,35.25205]]],[[[139.74616,35.25242],[139.74609,35.25255],[139.74676,35.25219],[139.74616,35.25242]]],[[[139.74571,35.25266],[139.74562,35.25284],[139.74591,35.2527],[139.74571,35.25266]]],[[[139.74587,35.25308],[139.74587,35.25318],[139.74606,35.2531],[139.74587,35.25308]]],[[[139.74721,35.25347],[139.74726,35.25344],[139.74718,35.25341],[139.74721,35.25347]]],[[[139.74643,35.25421],[139.74613,35.25428],[139.74623,35.25436],[139.74643,35.25421]]],[[[139.74594,35.25463],[139.74599,35.25457],[139.74589,35.25459],[139.74594,35.25463]]],[[[139.74539,35.25679],[139.74535,35.25679],[139.74535,35.25681],[139.74539,35.25679]]],[[[139.74468,35.25801],[139.74468,35.25799],[139.74461,35.25799],[139.74468,35.25801]]],[[[139.74243,35.25855],[139.74246,35.25856],[139.74245,35.25854],[139.74243,35.25855]]],[[[139.74207,35.25862],[139.74207,35.25863],[139.74211,35.25861],[139.74207,35.25862]]],[[[139.74227,35.25869],[139.74229,35.25861],[139.74223,35.25864],[139.74227,35.25869]]],[[[139.7425,35.25867],[139.7425,35.25868],[139.74257,35.25868],[139.7425,35.25867]]],[[[139.74249,35.25869],[139.74245,35.2587],[139.74247,35.25871],[139.74249,35.25869]]],[[[139.74252,35.25869],[139.7425,35.25872],[139.74252,35.25872],[139.74252,35.25869]]],[[[139.74161,35.25873],[139.74153,35.25874],[139.74154,35.2588],[139.74161,35.25873]]],[[[139.74258,35.2588],[139.74259,35.25882],[139.74263,35.25879],[139.74258,35.2588]]],[[[139.7427,35.25912],[139.74282,35.25913],[139.74284,35.25904],[139.7427,35.25912]]],[[[139.74327,35.25918],[139.74326,35.25917],[139.74321,35.25919],[139.74327,35.25918]]],[[[139.74338,35.25917],[139.74337,35.25919],[139.74348,35.25927],[139.74338,35.25917]]],[[[139.74334,35.25926],[139.74334,35.25922],[139.74333,35.25922],[139.74334,35.25926]]],[[[139.74323,35.25929],[139.74324,35.25925],[139.74317,35.25926],[139.74323,35.25929]]],[[[139.74334,35.25938],[139.74332,35.2593],[139.74324,35.25939],[139.74334,35.25938]]],[[[139.7405,35.25987],[139.74049,35.25992],[139.74052,35.25993],[139.7405,35.25987]]],[[[139.74061,35.25995],[139.74064,35.25998],[139.74067,35.25989],[139.74061,35.25995]]],[[[139.73984,35.26015],[139.73981,35.26015],[139.7398,35.26018],[139.73984,35.26015]]],[[[139.73982,35.26025],[139.73983,35.26022],[139.73981,35.26022],[139.73982,35.26025]]],[[[139.73962,35.26139],[139.73962,35.26141],[139.73968,35.26143],[139.73962,35.26139]]],[[[139.73952,35.26151],[139.73954,35.26151],[139.73955,35.26149],[139.73952,35.26151]]],[[[139.7396,35.26155],[139.73961,35.26152],[139.73957,35.26152],[139.7396,35.26155]]],[[[139.73911,35.26174],[139.73909,35.26179],[139.73914,35.26178],[139.73911,35.26174]]],[[[139.73938,35.26191],[139.73938,35.2617],[139.73916,35.2618],[139.73938,35.26191]]],[[[139.73902,35.26184],[139.73902,35.26185],[139.73904,35.26185],[139.73902,35.26184]]],[[[139.73853,35.26191],[139.73853,35.26193],[139.73857,35.26193],[139.73853,35.26191]]],[[[139.73779,35.26196],[139.73774,35.26198],[139.73776,35.26199],[139.73779,35.26196]]],[[[139.73919,35.26212],[139.7392,35.26211],[139.73916,35.2621],[139.73919,35.26212]]],[[[139.73798,35.26221],[139.73814,35.26211],[139.73802,35.26207],[139.73798,35.26221]]],[[[139.73916,35.26214],[139.73917,35.26216],[139.73919,35.26216],[139.73916,35.26214]]],[[[139.73802,35.26221],[139.73802,35.26222],[139.73806,35.26222],[139.73802,35.26221]]],[[[139.73497,35.26274],[139.73494,35.26275],[139.73494,35.26276],[139.73497,35.26274]]],[[[139.73532,35.26276],[139.73519,35.26281],[139.73529,35.26286],[139.73532,35.26276]]],[[[139.73265,35.26287],[139.73265,35.2628],[139.7326,35.2628],[139.73265,35.26287]]],[[[139.73513,35.26282],[139.73511,35.26283],[139.73517,35.26286],[139.73524,35.26289],[139.73513,35.26282]]],[[[139.73517,35.26286],[139.73508,35.26288],[139.73509,35.2629],[139.73517,35.26286]]],[[[139.73253,35.26295],[139.73256,35.26277],[139.73244,35.26285],[139.73253,35.26295]]],[[[139.73257,35.26287],[139.73255,35.26293],[139.73261,35.26291],[139.73257,35.26287]]],[[[139.7359,35.26293],[139.7359,35.26299],[139.73595,35.26298],[139.7359,35.26293]]],[[[139.73559,35.26321],[139.73558,35.26336],[139.73561,35.26337],[139.73559,35.26321]]],[[[139.73585,35.26411],[139.73537,35.26445],[139.73589,35.26412],[139.73595,35.26373],[139.73585,35.26411]]],[[[139.73381,35.26548],[139.73372,35.26547],[139.7337,35.26553],[139.73381,35.26548]]],[[[139.73384,35.26556],[139.73383,35.26553],[139.73377,35.26555],[139.73384,35.26556]]],[[[139.73356,35.26556],[139.73354,35.2656],[139.73364,35.26557],[139.73356,35.26556]]],[[[139.73385,35.26574],[139.73394,35.26567],[139.73388,35.26561],[139.73385,35.26574]]],[[[139.73358,35.26569],[139.73354,35.26567],[139.73353,35.26572],[139.73358,35.26569]]],[[[139.73396,35.26573],[139.73401,35.26575],[139.73403,35.26573],[139.73396,35.26573]]],[[[139.73401,35.26583],[139.73396,35.26581],[139.73395,35.26583],[139.73401,35.26583]]],[[[139.73402,35.26582],[139.73402,35.26586],[139.73405,35.26584],[139.73402,35.26582]]],[[[139.73343,35.26588],[139.73339,35.26583],[139.73337,35.26584],[139.73343,35.26588]]],[[[139.73128,35.2659],[139.73114,35.266],[139.73125,35.26599],[139.73128,35.2659]]],[[[139.73345,35.26599],[139.73352,35.26599],[139.7335,35.26594],[139.73345,35.26599]]],[[[139.73119,35.2662],[139.73135,35.26606],[139.73129,35.26604],[139.73119,35.2662]]],[[[139.73285,35.26632],[139.73301,35.26632],[139.73295,35.2662],[139.73285,35.26632]]],[[[139.7327,35.26635],[139.73282,35.26634],[139.73282,35.2663],[139.7327,35.26635]]],[[[139.73199,35.26644],[139.73196,35.26642],[139.73195,35.26647],[139.73199,35.26644]]],[[[139.73276,35.26661],[139.73275,35.26656],[139.73271,35.26657],[139.73276,35.26661]]],[[[139.73293,35.26665],[139.73296,35.2667],[139.73297,35.26668],[139.73293,35.26665]]],[[[139.733,35.26671],[139.73303,35.26674],[139.73305,35.26671],[139.733,35.26671]]],[[[139.73248,35.26744],[139.73244,35.2675],[139.73254,35.26758],[139.73248,35.26744]]],[[[139.77018,35.48949],[139.75065,35.48083],[139.782,35.49489],[139.78314,35.49486],[139.78204,35.49474],[139.77018,35.48949]]],[[[139.83371,35.49167],[139.83442,35.4922],[139.83576,35.49167],[139.83517,35.4905],[139.83373,35.49096],[139.83371,35.49167]]],[[[139.75878,35.50467],[139.75925,35.50361],[139.76013,35.50367],[139.75992,35.50517],[139.76119,35.50573],[139.7712,35.50622],[139.77711,35.50503],[139.78443,35.50203],[139.77834,35.50445],[139.77609,35.50346],[139.77868,35.49955],[139.7821,35.50099],[139.76156,35.49189],[139.75891,35.49532],[139.75611,35.49408],[139.75819,35.49059],[139.74561,35.48501],[139.74116,35.48847],[139.74045,35.48816],[139.73628,35.49445],[139.74132,35.49641],[139.74275,35.49764],[139.74377,35.49747],[139.75878,35.50467]]],[[[139.7312,35.50302],[139.73119,35.50308],[139.73128,35.50308],[139.7312,35.50302]]],[[[139.75971,35.51017],[139.75972,35.51014],[139.75968,35.51013],[139.75971,35.51017]]],[[[139.75153,35.52118],[139.75122,35.52178],[139.75254,35.52292],[139.75218,35.52319],[139.7528,35.52373],[139.75316,35.52347],[139.75696,35.52666],[139.7589,35.5264],[139.76603,35.51356],[139.76496,35.51161],[139.75383,35.50858],[139.75177,35.50947],[139.74852,35.51835],[139.74897,35.51995],[139.75079,35.52153],[139.75153,35.52118]]]]}}]}