{"type":"FeatureCollection","features":[{"type":"Feature","properties":{},"geometry":{"type":"MultiPolygon","coordinates":[[[[139.09679,35.23304],[139.09694,35.23308],[139.09743,35.23305],[139.09766,35.23319],[139.09776,35.23332],[139.09794,35.23369],[139.09824,35.2347],[139.09843,35.23509],[139.09866,35.23539],[139.09907,35.23566],[139.09956,35.23578],[139.10013,35.23579],[139.10067,35.23564],[139.1009,35.23544],[139.10103,35.23515],[139.10106,35.23478],[139.10102,35.23441],[139.10081,35.2339],[139.10008,35.23296],[139.09991,35.23241],[139.09979,35.23236],[139.09941,35.23239],[139.09916,35.23225],[139.09873,35.23176],[139.09807,35.23077],[139.09776,35.23045],[139.09747,35.23027],[139.09719,35.23024],[139.09678,35.2303],[139.09636,35.23045],[139.09609,35.23061],[139.0958,35.2309],[139.09572,35.23113],[139.09572,35.2314],[139.09588,35.23185],[139.09605,35.23201],[139.09636,35.23208],[139.09654,35.23223],[139.09666,35.23255],[139.0967,35.23294],[139.09679,35.23304]]],[[[139.11453,35.23456],[139.11418,35.2344],[139.11408,35.23419],[139.11414,35.23389],[139.11428,35.23361],[139.11434,35.23358],[139.11449,35.23366],[139.11471,35.23364],[139.11489,35.23356],[139.11489,35.23345],[139.11472,35.2332],[139.11434,35.23289],[139.11397,35.23267],[139.11363,35.23259],[139.11325,35.23263],[139.11286,35.23284],[139.1127,35.23315],[139.11262,35.23369],[139.11263,35.23459],[139.11273,35.23497],[139.11284,35.23506],[139.11304,35.23509],[139.11325,35.23522],[139.11345,35.23545],[139.11352,35.23566],[139.11347,35.23608],[139.11306,35.23707],[139.11308,35.23724],[139.11321,35.23732],[139.11341,35.2373],[139.11364,35.23714],[139.11402,35.2363],[139.11414,35.23621],[139.11446,35.23613],[139.11456,35.2358],[139.11488,35.23558],[139.11497,35.23541],[139.11492,35.23502],[139.11476,35.23474],[139.11453,35.23456]]],[[[139.06923,35.24154],[139.06939,35.2414],[139.06947,35.24094],[139.06979,35.24054],[139.06993,35.24012],[139.06999,35.23917],[139.06984,35.23851],[139.06961,35.23823],[139.06945,35.23814],[139.06887,35.23799],[139.06833,35.23765],[139.06802,35.23728],[139.06736,35.23623],[139.06702,35.23594],[139.06681,35.23591],[139.06668,35.23604],[139.06665,35.23618],[139.06667,35.23659],[139.06689,35.23755],[139.06722,35.23849],[139.06759,35.23916],[139.06798,35.23962],[139.06831,35.24011],[139.06883,35.24131],[139.06904,35.24153],[139.06923,35.24154]]],[[[139.1361,35.2464],[139.13619,35.24665],[139.13632,35.24685],[139.13651,35.247],[139.13675,35.2471],[139.13704,35.24715],[139.13794,35.24709],[139.13833,35.24694],[139.13846,35.24684],[139.13859,35.24656],[139.13868,35.2459],[139.13878,35.24575],[139.13901,35.2456],[139.139,35.24554],[139.13873,35.24539],[139.13863,35.24526],[139.1386,35.2451],[139.13875,35.24498],[139.13932,35.24477],[139.14119,35.2443],[139.14156,35.24417],[139.14179,35.24399],[139.14198,35.24392],[139.14254,35.24393],[139.14404,35.24412],[139.14448,35.24411],[139.14479,35.24403],[139.14516,35.24374],[139.14557,35.24357],[139.14614,35.24347],[139.14668,35.24347],[139.1471,35.2436],[139.14769,35.24399],[139.14809,35.2441],[139.14814,35.24427],[139.14806,35.24466],[139.14814,35.2448],[139.14823,35.24484],[139.14849,35.24487],[139.14909,35.24482],[139.14983,35.24483],[139.1515,35.24507],[139.15201,35.24508],[139.15249,35.2448],[139.15338,35.24469],[139.15373,35.2444],[139.1539,35.24439],[139.15418,35.24447],[139.15435,35.24445],[139.15463,35.24435],[139.15482,35.24422],[139.15502,35.24393],[139.15513,35.24314],[139.1553,35.24272],[139.15394,35.24211],[139.15221,35.24112],[139.15133,35.24051],[139.15111,35.24042],[139.151,35.24048],[139.1502,35.2407],[139.14984,35.24099],[139.14944,35.24172],[139.14927,35.24191],[139.14908,35.24201],[139.14851,35.2421],[139.148,35.24236],[139.1478,35.24232],[139.14734,35.24207],[139.14696,35.24202],[139.14679,35.24207],[139.14663,35.24228],[139.14654,35.24297],[139.14646,35.24309],[139.14635,35.24314],[139.14605,35.24307],[139.14583,35.24284],[139.14568,35.24276],[139.14444,35.24261],[139.14381,35.24231],[139.14336,35.24237],[139.14326,35.24233],[139.14307,35.24215],[139.14262,35.24204],[139.14148,35.24199],[139.14061,35.24203],[139.13996,35.24213],[139.13951,35.24227],[139.1392,35.24229],[139.13866,35.2422],[139.13771,35.24185],[139.13717,35.24174],[139.13698,35.24175],[139.13681,35.24182],[139.13668,35.24195],[139.1365,35.24234],[139.13637,35.24252],[139.13607,35.24269],[139.13581,35.24276],[139.1356,35.24287],[139.13547,35.24305],[139.13544,35.24345],[139.13552,35.24376],[139.13563,35.24398],[139.13577,35.24409],[139.13614,35.24411],[139.13623,35.24432],[139.13621,35.24503],[139.13609,35.24576],[139.1361,35.2464]]],[[[139.12594,35.24441],[139.12645,35.24436],[139.12678,35.24414],[139.12697,35.24387],[139.1274,35.24292],[139.1278,35.24256],[139.12782,35.24237],[139.12776,35.24221],[139.12754,35.24194],[139.1269,35.24163],[139.12681,35.24138],[139.12672,35.2413],[139.12635,35.24123],[139.12595,35.24127],[139.12558,35.24143],[139.12517,35.24184],[139.12497,35.24214],[139.12487,35.24258],[139.12479,35.24271],[139.12463,35.24281],[139.12414,35.24296],[139.12388,35.24308],[139.12353,35.24338],[139.12332,35.24364],[139.12327,35.24392],[139.12332,35.24405],[139.12357,35.2443],[139.12378,35.24442],[139.12462,35.24474],[139.12506,35.24485],[139.12537,35.24485],[139.12554,35.24476],[139.12563,35.2446],[139.12576,35.24448],[139.12594,35.24441]]],[[[139.05493,35.24412],[139.05474,35.24423],[139.05437,35.24434],[139.05411,35.24458],[139.054,35.24498],[139.05404,35.24553],[139.05417,35.24572],[139.05453,35.24581],[139.055,35.24613],[139.05532,35.24647],[139.05566,35.247],[139.05589,35.24709],[139.05609,35.24711],[139.05628,35.24702],[139.05646,35.24683],[139.05692,35.24571],[139.05709,35.24541],[139.05728,35.24519],[139.05764,35.24489],[139.05775,35.24451],[139.05769,35.24378],[139.05776,35.2434],[139.05804,35.24287],[139.0587,35.24213],[139.05877,35.24189],[139.05866,35.24181],[139.05846,35.24179],[139.05825,35.24186],[139.05802,35.24201],[139.05778,35.24209],[139.05617,35.24219],[139.05584,35.24225],[139.05539,35.24244],[139.05522,35.24246],[139.0551,35.24241],[139.05492,35.24214],[139.05477,35.24202],[139.05441,35.24192],[139.05408,35.24191],[139.05369,35.24201],[139.05354,35.24217],[139.05347,35.24254],[139.05355,35.24278],[139.05385,35.24303],[139.05457,35.2432],[139.05486,35.24332],[139.05509,35.24356],[139.05511,35.24377],[139.05506,35.24397],[139.05493,35.24412]]],[[[139.15223,35.24941],[139.15241,35.24921],[139.15257,35.2492],[139.15287,35.24934],[139.15314,35.24938],[139.1537,35.24914],[139.15403,35.24913],[139.15442,35.24919],[139.15472,35.24915],[139.15485,35.24905],[139.15499,35.24883],[139.15525,35.2487],[139.15622,35.24873],[139.15637,35.24867],[139.15645,35.24838],[139.15665,35.24819],[139.15762,35.24793],[139.15788,35.2478],[139.15798,35.24762],[139.15794,35.24746],[139.15773,35.24713],[139.15748,35.24685],[139.1572,35.24663],[139.15693,35.2465],[139.15666,35.24645],[139.15626,35.2465],[139.15596,35.24645],[139.15583,35.24635],[139.1556,35.24605],[139.15535,35.24593],[139.155,35.24583],[139.15415,35.24574],[139.15373,35.24578],[139.15359,35.24586],[139.15352,35.24605],[139.15357,35.2463],[139.15388,35.247],[139.15385,35.24721],[139.15373,35.24736],[139.15358,35.24745],[139.15323,35.24751],[139.15311,35.24777],[139.15294,35.24784],[139.15139,35.24795],[139.15093,35.24804],[139.15052,35.2482],[139.14975,35.24872],[139.14922,35.24939],[139.14892,35.24953],[139.14866,35.24959],[139.14857,35.24966],[139.14888,35.24979],[139.15031,35.25003],[139.15093,35.25003],[139.15117,35.24996],[139.15142,35.24982],[139.15153,35.25009],[139.15178,35.25016],[139.15191,35.25011],[139.15202,35.24999],[139.15223,35.24941]]],[[[139.05345,35.24576],[139.05325,35.24573],[139.05297,35.2458],[139.05272,35.24595],[139.05258,35.24611],[139.05243,35.24645],[139.05252,35.24697],[139.05246,35.24726],[139.05229,35.24759],[139.05195,35.24794],[139.05142,35.24833],[139.05073,35.24873],[139.05017,35.24895],[139.04987,35.249],[139.04965,35.24896],[139.04942,35.24879],[139.04931,35.2485],[139.04929,35.2481],[139.04922,35.24781],[139.04912,35.24768],[139.04882,35.24746],[139.04856,35.2469],[139.04843,35.24672],[139.04813,35.24654],[139.04756,35.24637],[139.04741,35.24623],[139.04741,35.24607],[139.0475,35.24599],[139.04776,35.24593],[139.04814,35.24591],[139.04844,35.24579],[139.04857,35.24563],[139.04867,35.24532],[139.04866,35.24513],[139.04857,35.24496],[139.04822,35.2447],[139.048,35.2444],[139.04769,35.24339],[139.04752,35.24309],[139.04734,35.2429],[139.04733,35.2427],[139.04752,35.24247],[139.04803,35.24216],[139.04845,35.2421],[139.04877,35.24221],[139.04903,35.24255],[139.04927,35.24265],[139.04988,35.2427],[139.05047,35.24266],[139.05124,35.24254],[139.05163,35.24242],[139.05191,35.24228],[139.05217,35.242],[139.0521,35.24191],[139.05158,35.24183],[139.05108,35.24159],[139.05057,35.2412],[139.05045,35.2409],[139.05036,35.24081],[139.04962,35.24053],[139.04936,35.24027],[139.04926,35.24003],[139.04921,35.23976],[139.0493,35.23947],[139.04947,35.23934],[139.05015,35.23913],[139.05028,35.23904],[139.05038,35.23887],[139.05033,35.23874],[139.05021,35.23866],[139.05003,35.2386],[139.04978,35.23859],[139.04932,35.23867],[139.04855,35.23894],[139.04824,35.239],[139.04795,35.23893],[139.04781,35.23872],[139.04766,35.23864],[139.0473,35.23864],[139.04653,35.23882],[139.04621,35.23877],[139.04593,35.23863],[139.04598,35.23908],[139.04589,35.23929],[139.04572,35.23936],[139.045,35.23944],[139.04475,35.23957],[139.04456,35.23975],[139.04444,35.24003],[139.04445,35.24035],[139.04456,35.24052],[139.04479,35.24068],[139.04469,35.24076],[139.04436,35.24085],[139.04405,35.24084],[139.04393,35.24077],[139.04384,35.24039],[139.04375,35.24022],[139.04352,35.23997],[139.04319,35.23974],[139.04278,35.23961],[139.04246,35.23958],[139.04199,35.2396],[139.04162,35.23968],[139.04138,35.23983],[139.04122,35.24006],[139.04111,35.24079],[139.04095,35.24118],[139.04076,35.24142],[139.04012,35.24203],[139.03998,35.24239],[139.03982,35.24247],[139.03918,35.24256],[139.03878,35.24278],[139.03852,35.2428],[139.03815,35.24275],[139.0374,35.24255],[139.03639,35.24213],[139.03518,35.24143],[139.03492,35.24139],[139.03482,35.24142],[139.03468,35.2416],[139.03446,35.24213],[139.03435,35.24221],[139.03398,35.2423],[139.03371,35.24256],[139.03345,35.2426],[139.03285,35.24252],[139.03265,35.24256],[139.03246,35.24292],[139.03192,35.24331],[139.03187,35.24348],[139.03193,35.2437],[139.03188,35.24379],[139.03136,35.24404],[139.03131,35.24423],[139.03136,35.24446],[139.03125,35.24456],[139.03084,35.2446],[139.02997,35.24454],[139.02945,35.24462],[139.02919,35.24475],[139.02892,35.24499],[139.02876,35.2452],[139.02871,35.24543],[139.02864,35.2455],[139.0278,35.24567],[139.02716,35.24604],[139.02701,35.24624],[139.02697,35.24647],[139.02722,35.24728],[139.02723,35.24765],[139.02717,35.24787],[139.0269,35.24825],[139.02611,35.24868],[139.02596,35.24885],[139.02594,35.24896],[139.02619,35.24935],[139.02655,35.24967],[139.02685,35.24987],[139.02736,35.25008],[139.02849,35.25033],[139.02892,35.25053],[139.02936,35.25092],[139.02951,35.25129],[139.02974,35.25143],[139.03093,35.25168],[139.03129,35.25182],[139.03163,35.25202],[139.03221,35.25213],[139.03279,35.25213],[139.03309,35.25207],[139.03339,35.25192],[139.03356,35.25168],[139.03368,35.25259],[139.0339,35.25297],[139.0341,35.25311],[139.03456,35.25324],[139.03601,35.25335],[139.03686,35.25365],[139.03723,35.25366],[139.03775,35.25361],[139.03806,35.25369],[139.03829,35.2539],[139.03844,35.25418],[139.03854,35.25489],[139.0386,35.25502],[139.0387,35.25509],[139.03906,35.25518],[139.03927,35.25541],[139.03942,35.25549],[139.03994,35.25556],[139.04045,35.25554],[139.04097,35.25541],[139.04169,35.25512],[139.04218,35.25499],[139.04498,35.25465],[139.0457,35.25441],[139.04652,35.25389],[139.04696,35.25381],[139.04711,35.25388],[139.04716,35.25396],[139.04721,35.25418],[139.04712,35.25502],[139.04714,35.25524],[139.04722,35.25536],[139.04749,35.25545],[139.04761,35.25585],[139.04775,35.25598],[139.04802,35.25609],[139.04841,35.25617],[139.04922,35.25622],[139.04956,35.25615],[139.0497,35.256],[139.04992,35.2559],[139.05052,35.25586],[139.05088,35.25597],[139.0512,35.25624],[139.05176,35.25632],[139.05201,35.25624],[139.05223,35.25607],[139.05241,35.2558],[139.05256,35.25543],[139.05267,35.25482],[139.05262,35.25462],[139.05243,35.25439],[139.05244,35.2543],[139.05291,35.25408],[139.05305,35.25395],[139.05338,35.25336],[139.05355,35.25334],[139.05384,35.25352],[139.05415,35.25361],[139.05453,35.25363],[139.05483,35.25358],[139.05535,35.25337],[139.05595,35.25301],[139.05642,35.25261],[139.0566,35.25236],[139.05668,35.25212],[139.05665,35.2518],[139.05655,35.2515],[139.05632,35.25113],[139.05623,35.25087],[139.05615,35.24992],[139.05606,35.24954],[139.05585,35.24927],[139.05571,35.24916],[139.05532,35.24903],[139.05508,35.249],[139.0547,35.24887],[139.05446,35.24864],[139.05436,35.24831],[139.05443,35.24752],[139.05439,35.24718],[139.05429,35.24709],[139.05415,35.24707],[139.05404,35.24697],[139.05374,35.24605],[139.05361,35.24586],[139.05345,35.24576]]],[[[139.14465,35.25306],[139.14533,35.25303],[139.14586,35.25285],[139.1462,35.25247],[139.14632,35.25215],[139.14635,35.2519],[139.14624,35.25165],[139.14587,35.2515],[139.14573,35.25139],[139.14541,35.25093],[139.14509,35.25117],[139.14471,35.2511],[139.14461,35.25111],[139.14426,35.25143],[139.14386,35.25151],[139.14378,35.25162],[139.14375,35.25178],[139.14364,35.25189],[139.14299,35.25217],[139.14252,35.25243],[139.14241,35.25258],[139.1424,35.25283],[139.14255,35.25308],[139.14286,35.25334],[139.14325,35.25353],[139.14346,35.25355],[139.14364,35.25349],[139.14388,35.25327],[139.14413,35.25315],[139.14465,35.25306]]],[[[139.16566,35.2523],[139.16548,35.25215],[139.1652,35.25206],[139.16421,35.25196],[139.16403,35.25188],[139.16379,35.25165],[139.16327,35.25156],[139.1631,35.25149],[139.16293,35.25128],[139.16281,35.25097],[139.16267,35.25076],[139.16224,35.2506],[139.16216,35.25031],[139.16201,35.25015],[139.16181,35.25008],[139.16167,35.25011],[139.1614,35.25038],[139.16123,35.25074],[139.16117,35.25116],[139.16123,35.2518],[139.16115,35.25205],[139.16095,35.25223],[139.16024,35.25241],[139.15995,35.25257],[139.15985,35.25268],[139.15972,35.25297],[139.15967,35.25352],[139.15956,35.25392],[139.15941,35.25408],[139.15885,35.25434],[139.15849,35.25473],[139.1584,35.25504],[139.1585,35.25592],[139.15841,35.25631],[139.15801,35.25653],[139.15699,35.25682],[139.15664,35.257],[139.1563,35.25738],[139.1561,35.25798],[139.1559,35.25823],[139.15529,35.25836],[139.15497,35.25867],[139.15451,35.25878],[139.15442,35.25899],[139.15436,35.25903],[139.15403,35.25905],[139.15346,35.259],[139.1512,35.2587],[139.15047,35.2587],[139.15017,35.25873],[139.1497,35.25888],[139.14905,35.25937],[139.14892,35.25958],[139.14897,35.25976],[139.1491,35.25983],[139.14941,35.25988],[139.14962,35.26009],[139.14967,35.26035],[139.14955,35.26088],[139.1496,35.26099],[139.14981,35.26115],[139.14966,35.26123],[139.1491,35.26136],[139.14892,35.26148],[139.14889,35.26167],[139.14916,35.26218],[139.1492,35.26251],[139.14907,35.26267],[139.14852,35.26296],[139.14834,35.26318],[139.14842,35.26341],[139.14889,35.26376],[139.14901,35.26393],[139.14905,35.26425],[139.1489,35.26477],[139.1487,35.26507],[139.1482,35.26544],[139.14815,35.26555],[139.14819,35.26581],[139.14798,35.26589],[139.14725,35.26595],[139.14703,35.26605],[139.14687,35.2662],[139.14663,35.26665],[139.14634,35.2669],[139.14497,35.26769],[139.14466,35.26792],[139.14445,35.26822],[139.14448,35.26844],[139.14458,35.26857],[139.14482,35.26861],[139.14494,35.26869],[139.14515,35.26911],[139.14527,35.26921],[139.14579,35.26937],[139.14725,35.2695],[139.14934,35.26953],[139.15087,35.26961],[139.15149,35.26969],[139.1519,35.26984],[139.15244,35.26992],[139.15403,35.26986],[139.15449,35.26995],[139.15457,35.27001],[139.15462,35.27024],[139.15473,35.2704],[139.15492,35.27053],[139.15553,35.27078],[139.15578,35.27093],[139.15597,35.27111],[139.15612,35.27142],[139.15606,35.27167],[139.15582,35.27194],[139.15542,35.27224],[139.15434,35.27288],[139.15399,35.27314],[139.15379,35.27336],[139.15375,35.27354],[139.15383,35.27384],[139.15399,35.27403],[139.15424,35.27418],[139.1545,35.27425],[139.15502,35.27429],[139.15541,35.27428],[139.15576,35.27419],[139.15619,35.27393],[139.15652,35.27354],[139.15687,35.27328],[139.15712,35.27319],[139.15782,35.27311],[139.15813,35.27285],[139.15833,35.27281],[139.15862,35.27286],[139.15892,35.27301],[139.15964,35.27366],[139.16005,35.27385],[139.16026,35.27387],[139.16049,35.27383],[139.16061,35.27372],[139.16063,35.27357],[139.16071,35.27346],[139.16086,35.27342],[139.16104,35.27346],[139.16114,35.27358],[139.16118,35.27388],[139.16125,35.27407],[139.16141,35.2742],[139.16161,35.27422],[139.16182,35.27405],[139.16211,35.27356],[139.16244,35.27314],[139.16305,35.27258],[139.16361,35.27219],[139.16381,35.2721],[139.16405,35.27207],[139.16425,35.27196],[139.16542,35.27096],[139.16575,35.27077],[139.16605,35.27068],[139.16614,35.27045],[139.16607,35.27022],[139.16589,35.2701],[139.16542,35.26997],[139.16501,35.26994],[139.1646,35.27],[139.16398,35.27028],[139.16321,35.27084],[139.16285,35.27101],[139.16272,35.27098],[139.16254,35.27082],[139.16213,35.27069],[139.16149,35.2706],[139.16103,35.27058],[139.16041,35.27066],[139.15969,35.27094],[139.1591,35.2711],[139.15818,35.27115],[139.15764,35.27107],[139.15752,35.27101],[139.15738,35.27085],[139.15731,35.27043],[139.15722,35.27023],[139.15666,35.26963],[139.15647,35.26921],[139.15621,35.26908],[139.15576,35.26899],[139.15561,35.2689],[139.15536,35.26856],[139.15517,35.268],[139.15503,35.26673],[139.15504,35.26592],[139.15516,35.26531],[139.15538,35.26489],[139.1557,35.26468],[139.15639,35.26445],[139.15707,35.26439],[139.15735,35.26443],[139.15754,35.26453],[139.15765,35.26469],[139.15775,35.26507],[139.15805,35.2652],[139.15919,35.26515],[139.15974,35.26523],[139.16058,35.26544],[139.1618,35.26541],[139.16383,35.26594],[139.16455,35.26601],[139.16517,35.26595],[139.1653,35.26588],[139.16548,35.26569],[139.16551,35.26542],[139.16547,35.26497],[139.16552,35.26475],[139.16564,35.26461],[139.16592,35.2645],[139.16606,35.26439],[139.16615,35.26424],[139.1662,35.26393],[139.16611,35.26362],[139.16602,35.26355],[139.16583,35.26352],[139.16576,35.26345],[139.16575,35.26324],[139.16583,35.26293],[139.16578,35.26272],[139.16562,35.26265],[139.16511,35.26263],[139.1649,35.26291],[139.16467,35.26301],[139.16359,35.26307],[139.16312,35.26304],[139.16275,35.26296],[139.16249,35.26284],[139.16226,35.26262],[139.16212,35.26258],[139.16191,35.26269],[139.16168,35.26299],[139.16128,35.26316],[139.16091,35.26319],[139.16023,35.26313],[139.15974,35.26314],[139.15955,35.2632],[139.15936,35.26339],[139.15923,35.26346],[139.15897,35.2635],[139.15865,35.26347],[139.15789,35.26324],[139.15753,35.26292],[139.15734,35.26258],[139.15718,35.26215],[139.15704,35.26146],[139.15706,35.26113],[139.15716,35.26089],[139.15744,35.26068],[139.15767,35.26032],[139.15792,35.25935],[139.15808,35.25904],[139.1583,35.25885],[139.15844,35.25879],[139.15924,35.2587],[139.15935,35.25862],[139.15937,35.25851],[139.15953,35.25842],[139.16015,35.25834],[139.1627,35.25826],[139.1642,35.25804],[139.16486,35.25799],[139.16601,35.25798],[139.16762,35.25805],[139.16815,35.25801],[139.16848,35.25792],[139.16878,35.25753],[139.16922,35.2574],[139.16926,35.25715],[139.1691,35.25673],[139.16877,35.25626],[139.16853,35.25613],[139.16818,35.25611],[139.16852,35.25526],[139.16855,35.25491],[139.16838,35.25456],[139.16801,35.25429],[139.16775,35.254],[139.16757,35.25339],[139.16721,35.25322],[139.16637,35.25315],[139.16592,35.25299],[139.16577,35.2528],[139.16566,35.2523]]],[[[139.15445,35.2778],[139.15407,35.27762],[139.15391,35.27726],[139.1535,35.27714],[139.15343,35.27691],[139.15335,35.27681],[139.15309,35.27669],[139.15262,35.27656],[139.1525,35.27648],[139.15246,35.27639],[139.15253,35.27622],[139.15252,35.27605],[139.15208,35.27563],[139.1533,35.27534],[139.15376,35.27519],[139.15425,35.27489],[139.15432,35.27481],[139.15431,35.27467],[139.1539,35.27454],[139.15271,35.27449],[139.15199,35.27439],[139.15168,35.27428],[139.15143,35.27405],[139.15123,35.27395],[139.15083,35.2739],[139.15035,35.27396],[139.15003,35.27395],[139.14992,35.27389],[139.14988,35.27373],[139.1498,35.27366],[139.14965,35.27361],[139.14928,35.27358],[139.14882,35.27365],[139.14826,35.27394],[139.14808,35.27395],[139.14769,35.27389],[139.14753,35.27396],[139.1474,35.27413],[139.14722,35.27471],[139.147,35.27509],[139.14678,35.27527],[139.14631,35.27552],[139.14615,35.27573],[139.14619,35.27597],[139.14627,35.27605],[139.14658,35.27619],[139.14739,35.27634],[139.14909,35.27652],[139.14955,35.27666],[139.14965,35.27687],[139.14977,35.27696],[139.15034,35.27714],[139.15064,35.27732],[139.15077,35.27749],[139.15095,35.27792],[139.15111,35.27812],[139.15144,35.2784],[139.15173,35.27855],[139.15209,35.27863],[139.15252,35.27865],[139.15371,35.27848],[139.15396,35.27852],[139.1539,35.27864],[139.1536,35.27886],[139.15334,35.27898],[139.15303,35.27904],[139.15267,35.27929],[139.15122,35.28081],[139.15275,35.2806],[139.15326,35.28047],[139.15399,35.2802],[139.15444,35.27996],[139.15475,35.27967],[139.15492,35.27932],[139.15496,35.27912],[139.15489,35.27848],[139.15478,35.27816],[139.15463,35.27793],[139.15445,35.2778]]],[[[139.15891,35.28317],[139.15899,35.28331],[139.15906,35.28334],[139.15937,35.28326],[139.15964,35.28305],[139.15998,35.28238],[139.16017,35.28171],[139.16036,35.28046],[139.16035,35.27982],[139.16022,35.27939],[139.16011,35.27926],[139.15997,35.27918],[139.15951,35.27907],[139.15929,35.27896],[139.15887,35.27848],[139.15858,35.27838],[139.15831,35.27837],[139.15775,35.27853],[139.15694,35.27895],[139.15545,35.27987],[139.15493,35.28012],[139.15476,35.28015],[139.15467,35.28017],[139.15466,35.28022],[139.15498,35.28062],[139.15511,35.28121],[139.15537,35.28141],[139.15614,35.28164],[139.15789,35.28194],[139.15859,35.28217],[139.15881,35.28246],[139.15891,35.28317]]],[[[139.14347,35.281],[139.14286,35.28045],[139.14223,35.28013],[139.14181,35.28008],[139.14145,35.28016],[139.14116,35.28037],[139.14078,35.28083],[139.14051,35.28096],[139.14003,35.28092],[139.13947,35.28063],[139.1391,35.28059],[139.13848,35.28067],[139.13827,35.28078],[139.13815,35.28093],[139.13818,35.28124],[139.13835,35.28155],[139.13847,35.28162],[139.13868,35.28166],[139.13896,35.28185],[139.13991,35.28287],[139.14009,35.28297],[139.14042,35.28304],[139.14068,35.2833],[139.14081,35.28336],[139.14175,35.28332],[139.14183,35.28338],[139.14186,35.28354],[139.14198,35.28368],[139.14246,35.28391],[139.14257,35.28416],[139.14248,35.28477],[139.1425,35.28493],[139.14257,35.28502],[139.1427,35.28504],[139.14288,35.285],[139.14314,35.28474],[139.1433,35.28466],[139.14366,35.2846],[139.14416,35.28458],[139.14468,35.28446],[139.14509,35.28426],[139.14597,35.28371],[139.14596,35.284],[139.14577,35.28429],[139.14521,35.28472],[139.14467,35.28489],[139.14459,35.28505],[139.14456,35.28529],[139.14445,35.28548],[139.14413,35.28578],[139.14341,35.2863],[139.1432,35.28659],[139.14321,35.2867],[139.14332,35.28684],[139.14375,35.28702],[139.14389,35.28714],[139.144,35.28744],[139.14402,35.28783],[139.1441,35.2881],[139.14419,35.28818],[139.14447,35.28827],[139.14455,35.28843],[139.14457,35.28867],[139.14472,35.28892],[139.14554,35.28957],[139.14564,35.28976],[139.14557,35.28994],[139.14537,35.29],[139.14492,35.29005],[139.14474,35.29016],[139.14459,35.29032],[139.14435,35.29045],[139.14239,35.2911],[139.14192,35.2914],[139.14158,35.29184],[139.14115,35.29222],[139.14072,35.29246],[139.14034,35.29256],[139.13987,35.2926],[139.13932,35.29258],[139.13812,35.2924],[139.13788,35.2923],[139.13765,35.29209],[139.13748,35.29208],[139.13728,35.29213],[139.13707,35.29209],[139.13656,35.29154],[139.13605,35.29197],[139.13591,35.29215],[139.1359,35.29229],[139.13626,35.2928],[139.13647,35.29343],[139.1366,35.29368],[139.13689,35.294],[139.13727,35.29428],[139.13744,35.29452],[139.13752,35.29498],[139.13747,35.29536],[139.13735,35.2957],[139.13704,35.29608],[139.13616,35.29649],[139.1359,35.29671],[139.13576,35.29694],[139.13554,35.29707],[139.13521,35.29707],[139.13468,35.29691],[139.1343,35.29668],[139.13377,35.29626],[139.13375,35.2957],[139.13365,35.29552],[139.13333,35.29544],[139.13285,35.29549],[139.13259,35.29545],[139.13234,35.29527],[139.1322,35.29496],[139.13205,35.29481],[139.13169,35.29468],[139.13121,35.29463],[139.13095,35.29449],[139.1307,35.29407],[139.13051,35.29328],[139.13035,35.29302],[139.13014,35.29288],[139.12988,35.29285],[139.1295,35.29293],[139.12926,35.29306],[139.1286,35.29361],[139.12835,35.2937],[139.12795,35.29374],[139.12726,35.29369],[139.12672,35.29357],[139.1263,35.29336],[139.12599,35.29305],[139.12566,35.29293],[139.12539,35.29291],[139.1249,35.29296],[139.1245,35.29292],[139.1243,35.29282],[139.12406,35.29259],[139.12366,35.29246],[139.12307,35.29246],[139.12262,35.29252],[139.12231,35.29263],[139.12214,35.29278],[139.1221,35.29287],[139.12213,35.29309],[139.12224,35.29328],[139.1224,35.29344],[139.12261,35.29355],[139.12329,35.29376],[139.12378,35.29418],[139.12485,35.29468],[139.12586,35.295],[139.12632,35.29507],[139.12714,35.29512],[139.12752,35.2952],[139.12869,35.29567],[139.1295,35.29582],[139.1298,35.29599],[139.13022,35.29639],[139.13056,35.29664],[139.13146,35.29697],[139.13155,35.29706],[139.13161,35.29727],[139.13192,35.29744],[139.13231,35.29752],[139.13264,35.29751],[139.13285,35.29743],[139.13321,35.29715],[139.13349,35.2967],[139.13349,35.29738],[139.13364,35.29854],[139.13363,35.2993],[139.13343,35.3002],[139.13321,35.30054],[139.13306,35.30066],[139.13269,35.30079],[139.13222,35.30078],[139.13115,35.30049],[139.13093,35.30038],[139.13079,35.30022],[139.13057,35.30015],[139.12961,35.30029],[139.12962,35.29984],[139.12876,35.29981],[139.12846,35.29968],[139.12827,35.29931],[139.12823,35.29876],[139.12808,35.29833],[139.1279,35.29813],[139.12742,35.29788],[139.12718,35.29765],[139.12716,35.29754],[139.12724,35.29741],[139.12778,35.2973],[139.12789,35.29714],[139.12776,35.29664],[139.12748,35.29625],[139.12733,35.29614],[139.12697,35.29603],[139.1259,35.29596],[139.12554,35.29588],[139.12519,35.29557],[139.12479,35.29546],[139.12472,35.2953],[139.12466,35.29493],[139.12458,35.29483],[139.1244,35.29472],[139.12402,35.29468],[139.12249,35.29475],[139.12184,35.29471],[139.12155,35.29461],[139.12122,35.2943],[139.12091,35.29413],[139.1204,35.294],[139.11988,35.294],[139.11958,35.29415],[139.11941,35.29452],[139.11894,35.29461],[139.11879,35.29472],[139.11868,35.29503],[139.11864,35.2955],[139.11844,35.29588],[139.1182,35.29607],[139.11749,35.29636],[139.1173,35.29652],[139.11731,35.29672],[139.1175,35.29696],[139.11808,35.2975],[139.11894,35.29821],[139.11963,35.29869],[139.11996,35.29885],[139.12052,35.29895],[139.12076,35.29919],[139.12091,35.29926],[139.12127,35.29933],[139.12176,35.29935],[139.12215,35.29945],[139.12236,35.29957],[139.12273,35.29992],[139.123,35.30001],[139.12346,35.30007],[139.12359,35.30013],[139.12378,35.30033],[139.124,35.30041],[139.12455,35.30048],[139.12532,35.3005],[139.12587,35.30063],[139.12609,35.30079],[139.12629,35.3012],[139.12645,35.30138],[139.12678,35.30159],[139.12706,35.30169],[139.12733,35.30172],[139.12762,35.30166],[139.1285,35.30118],[139.12852,35.30147],[139.12863,35.30161],[139.12895,35.30178],[139.12968,35.30206],[139.12987,35.30218],[139.13014,35.30244],[139.13045,35.30252],[139.13121,35.30258],[139.13143,35.30266],[139.13158,35.30277],[139.13167,35.30293],[139.13169,35.30317],[139.13164,35.3033],[139.13141,35.30354],[139.13128,35.30378],[139.13122,35.30458],[139.13141,35.30486],[139.13153,35.30496],[139.13204,35.30505],[139.13216,35.30514],[139.13221,35.3054],[139.13214,35.30579],[139.13215,35.30609],[139.13222,35.30622],[139.13243,35.30636],[139.13243,35.30648],[139.13227,35.30664],[139.13201,35.30677],[139.13129,35.30684],[139.13099,35.30694],[139.13085,35.30705],[139.13062,35.3074],[139.13047,35.30747],[139.12995,35.30756],[139.12986,35.30766],[139.12982,35.30788],[139.12991,35.30804],[139.13027,35.30825],[139.1309,35.30844],[139.1313,35.30848],[139.13147,35.30846],[139.13172,35.30835],[139.13186,35.30815],[139.13208,35.30762],[139.1322,35.30753],[139.13239,35.3075],[139.13249,35.30743],[139.13257,35.30722],[139.13259,35.30692],[139.13271,35.30677],[139.13285,35.30678],[139.13341,35.30703],[139.13371,35.30707],[139.13407,35.30693],[139.1347,35.30648],[139.13504,35.30633],[139.13522,35.30634],[139.13557,35.30654],[139.13585,35.30653],[139.13598,35.30647],[139.13611,35.30632],[139.13617,35.30596],[139.13625,35.3058],[139.13675,35.30563],[139.13726,35.30517],[139.13744,35.3051],[139.13781,35.30504],[139.13791,35.3049],[139.13792,35.30462],[139.13756,35.30326],[139.13721,35.30381],[139.13706,35.30391],[139.13701,35.3039],[139.13692,35.30378],[139.13676,35.30329],[139.13663,35.3031],[139.13647,35.30297],[139.13609,35.3028],[139.13589,35.30255],[139.13575,35.30204],[139.1358,35.30178],[139.13592,35.30169],[139.13637,35.30162],[139.13655,35.30146],[139.13681,35.30107],[139.13722,35.30094],[139.13728,35.30085],[139.13733,35.30055],[139.13744,35.30044],[139.13776,35.30035],[139.13808,35.30034],[139.13822,35.30029],[139.13834,35.30019],[139.13847,35.29985],[139.1385,35.2996],[139.13831,35.29792],[139.13829,35.29748],[139.13835,35.29723],[139.1387,35.29708],[139.13902,35.29657],[139.13964,35.2961],[139.13985,35.29572],[139.14009,35.29486],[139.14025,35.29464],[139.14046,35.29452],[139.14095,35.29447],[139.14116,35.29439],[139.14129,35.29409],[139.1416,35.29375],[139.14214,35.29329],[139.14277,35.29289],[139.14339,35.29265],[139.14398,35.29255],[139.14437,35.29244],[139.1445,35.29234],[139.14456,35.29215],[139.14465,35.29211],[139.14525,35.29219],[139.14538,35.29215],[139.14556,35.29196],[139.14574,35.29189],[139.14616,35.29183],[139.14675,35.29183],[139.14739,35.29198],[139.14785,35.29228],[139.1481,35.29238],[139.14853,35.29242],[139.14936,35.29237],[139.14981,35.29244],[139.15009,35.29255],[139.15072,35.29295],[139.15169,35.29382],[139.15208,35.29411],[139.15245,35.29431],[139.1528,35.29443],[139.15349,35.29449],[139.15418,35.29437],[139.1545,35.29424],[139.15463,35.29414],[139.15483,35.29388],[139.15494,35.29354],[139.15495,35.29291],[139.15486,35.2926],[139.15471,35.2924],[139.15449,35.29232],[139.1541,35.29234],[139.15379,35.29242],[139.1534,35.29263],[139.15334,35.29258],[139.1533,35.29231],[139.15322,35.29219],[139.15306,35.29212],[139.15258,35.29207],[139.15228,35.29197],[139.15215,35.29186],[139.15202,35.29161],[139.15181,35.29136],[139.1512,35.29095],[139.1509,35.29085],[139.15059,35.2908],[139.14993,35.29085],[139.14957,35.29081],[139.14942,35.29071],[139.14928,35.29048],[139.14913,35.29034],[139.14814,35.29],[139.14778,35.28961],[139.14727,35.28839],[139.14713,35.28825],[139.14687,35.28815],[139.14692,35.28775],[139.14684,35.28758],[139.14649,35.28733],[139.14577,35.28698],[139.14551,35.28678],[139.14533,35.28657],[139.14522,35.28625],[139.14527,35.286],[139.1455,35.28594],[139.14564,35.28585],[139.1462,35.28501],[139.14641,35.28485],[139.14661,35.28481],[139.1467,35.28471],[139.14688,35.28361],[139.14698,35.28351],[139.14724,35.28346],[139.14738,35.28338],[139.1479,35.28281],[139.1468,35.28303],[139.14652,35.28326],[139.14653,35.28303],[139.14488,35.283],[139.14453,35.28295],[139.14436,35.28287],[139.14425,35.28258],[139.14396,35.2824],[139.14387,35.28227],[139.14373,35.28143],[139.14347,35.281]]],[[[139.13212,35.28555],[139.13224,35.28548],[139.13237,35.28529],[139.13237,35.28516],[139.13226,35.28479],[139.13211,35.28458],[139.13173,35.28446],[139.13146,35.28407],[139.13124,35.28393],[139.13069,35.28378],[139.13017,35.28371],[139.1296,35.28369],[139.12942,35.28376],[139.12967,35.2841],[139.1298,35.28506],[139.12998,35.28539],[139.13014,35.28549],[139.13041,35.28557],[139.131,35.28564],[139.13176,35.28563],[139.13212,35.28555]]],[[[139.13503,35.29034],[139.13546,35.29049],[139.13604,35.29099],[139.13631,35.29102],[139.13664,35.2909],[139.13722,35.29043],[139.13766,35.28993],[139.13783,35.28955],[139.13783,35.28945],[139.1377,35.28921],[139.1375,35.28904],[139.13712,35.2889],[139.13696,35.28879],[139.13678,35.28854],[139.13665,35.28823],[139.13636,35.28798],[139.13605,35.28787],[139.13528,35.28771],[139.13493,35.28758],[139.13461,35.2874],[139.13397,35.28693],[139.13369,35.2868],[139.13354,35.28679],[139.13341,35.28696],[139.13339,35.28721],[139.13345,35.2878],[139.13355,35.28819],[139.13381,35.28861],[139.13404,35.28879],[139.1344,35.28897],[139.13455,35.28911],[139.13474,35.28966],[139.13509,35.28979],[139.13503,35.29034]]],[[[139.14018,35.30421],[139.14075,35.30399],[139.14157,35.30383],[139.14219,35.30382],[139.1426,35.30387],[139.14314,35.304],[139.14357,35.30419],[139.14391,35.30443],[139.1442,35.30453],[139.14476,35.30457],[139.14545,35.30452],[139.14585,35.30454],[139.14631,35.30467],[139.14681,35.30496],[139.1472,35.30506],[139.14769,35.30511],[139.14878,35.3051],[139.14925,35.30497],[139.14937,35.30484],[139.14938,35.30467],[139.14947,35.30452],[139.14963,35.30438],[139.15009,35.30414],[139.1502,35.30395],[139.1501,35.30357],[139.14986,35.30325],[139.14946,35.30297],[139.14919,35.30286],[139.14853,35.30271],[139.14814,35.30267],[139.14635,35.30262],[139.14497,35.30248],[139.14389,35.3022],[139.14356,35.30203],[139.14339,35.30187],[139.14315,35.30181],[139.14102,35.30184],[139.14073,35.30178],[139.1404,35.30158],[139.1402,35.30152],[139.1397,35.30147],[139.13924,35.30158],[139.13859,35.30208],[139.13837,35.30213],[139.13784,35.30214],[139.13756,35.30326],[139.13842,35.30343],[139.13872,35.30357],[139.13891,35.30386],[139.13897,35.30436],[139.13909,35.30452],[139.13928,35.30461],[139.13966,35.30462],[139.13992,35.30456],[139.14,35.30448],[139.14005,35.30432],[139.14018,35.30421]]],[[[139.11992,35.30977],[139.12001,35.30985],[139.12027,35.30992],[139.12086,35.30997],[139.12102,35.31003],[139.12127,35.31025],[139.12152,35.31025],[139.12202,35.31009],[139.12232,35.31005],[139.12245,35.31009],[139.1226,35.31024],[139.12297,35.31031],[139.12435,35.31025],[139.12469,35.31027],[139.12491,35.31033],[139.12518,35.31059],[139.12543,35.31063],[139.12584,35.31047],[139.12614,35.31025],[139.12626,35.31011],[139.12621,35.30994],[139.12578,35.30978],[139.12563,35.30964],[139.12559,35.30942],[139.12572,35.30897],[139.12573,35.30869],[139.12557,35.3085],[139.12543,35.30844],[139.12393,35.3083],[139.12371,35.30822],[139.12351,35.30803],[139.12345,35.30804],[139.1233,35.30822],[139.12312,35.30832],[139.12265,35.30835],[139.12218,35.3082],[139.12139,35.3078],[139.12105,35.30776],[139.12074,35.30782],[139.12051,35.3078],[139.12017,35.30751],[139.11984,35.30744],[139.11955,35.30747],[139.11937,35.30754],[139.11891,35.30795],[139.11875,35.30805],[139.11836,35.30811],[139.11818,35.30807],[139.11803,35.30797],[139.11779,35.3075],[139.11762,35.30736],[139.11719,35.30729],[139.1168,35.30732],[139.11651,35.3074],[139.11636,35.30751],[139.11637,35.30764],[139.11666,35.30788],[139.11725,35.30812],[139.11801,35.30827],[139.11834,35.30838],[139.1187,35.30863],[139.11917,35.30919],[139.11983,35.30952],[139.11992,35.30977]]],[[[139.10237,35.31533],[139.10253,35.31557],[139.1028,35.31577],[139.1029,35.31592],[139.10289,35.31619],[139.10273,35.31651],[139.10277,35.31668],[139.10307,35.31687],[139.10379,35.317],[139.10409,35.31713],[139.10425,35.31745],[139.10473,35.31758],[139.10533,35.318],[139.10566,35.31834],[139.10588,35.31868],[139.10597,35.31903],[139.10593,35.31933],[139.1058,35.31968],[139.10535,35.32052],[139.10529,35.32086],[139.1054,35.32112],[139.10552,35.32122],[139.10606,35.32143],[139.10632,35.32164],[139.10641,35.32176],[139.10649,35.32207],[139.10646,35.32279],[139.1066,35.32306],[139.10686,35.32326],[139.10771,35.32357],[139.10788,35.32368],[139.10796,35.32379],[139.10792,35.32396],[139.10783,35.32407],[139.10741,35.32437],[139.10725,35.3247],[139.10723,35.325],[139.10731,35.32555],[139.10745,35.32592],[139.10757,35.32605],[139.1077,35.32607],[139.10793,35.32601],[139.1085,35.32561],[139.10873,35.32528],[139.1088,35.32487],[139.10891,35.32465],[139.10909,35.32448],[139.10937,35.32435],[139.1101,35.32428],[139.11054,35.32439],[139.11086,35.32466],[139.11118,35.32514],[139.11141,35.32528],[139.11169,35.32533],[139.11233,35.32527],[139.11258,35.32529],[139.11329,35.32561],[139.11391,35.32565],[139.11412,35.3256],[139.11428,35.3255],[139.11447,35.32521],[139.11469,35.32509],[139.11491,35.32507],[139.11563,35.32516],[139.11596,35.32509],[139.11615,35.32495],[139.11622,35.32469],[139.11633,35.32458],[139.11737,35.32413],[139.11752,35.32402],[139.1176,35.3238],[139.11771,35.3237],[139.11814,35.32364],[139.11828,35.32357],[139.1184,35.32336],[139.11842,35.32315],[139.11837,35.3229],[139.11829,35.3228],[139.11796,35.32271],[139.11788,35.32261],[139.11785,35.32245],[139.1177,35.32234],[139.11713,35.32229],[139.11683,35.32219],[139.1167,35.32207],[139.11653,35.32179],[139.1164,35.32172],[139.11585,35.32176],[139.11567,35.32171],[139.11506,35.32119],[139.11452,35.32096],[139.11441,35.32084],[139.11449,35.32062],[139.11448,35.32045],[139.1142,35.32006],[139.1142,35.31968],[139.11443,35.31896],[139.11464,35.31853],[139.11497,35.31814],[139.11502,35.31801],[139.11497,35.31779],[139.11478,35.31747],[139.1148,35.31736],[139.1149,35.31726],[139.11517,35.31716],[139.11532,35.31706],[139.11545,35.31671],[139.11537,35.31625],[139.11508,35.31601],[139.11499,35.31576],[139.11491,35.31479],[139.11501,35.31345],[139.11511,35.31317],[139.11543,35.31276],[139.11548,35.31236],[139.11503,35.31117],[139.11493,35.30974],[139.11476,35.30938],[139.11462,35.30927],[139.11424,35.30917],[139.114,35.30918],[139.11311,35.3094],[139.1128,35.30957],[139.11269,35.30981],[139.11244,35.31007],[139.1118,35.31048],[139.11125,35.31072],[139.11025,35.31094],[139.10988,35.3111],[139.10954,35.31134],[139.10924,35.31167],[139.10878,35.3124],[139.10863,35.31283],[139.10861,35.31317],[139.10869,35.31345],[139.10884,35.31366],[139.109,35.31377],[139.10944,35.31394],[139.11062,35.31424],[139.11097,35.31437],[139.11122,35.31459],[139.11118,35.31482],[139.11124,35.3149],[139.11152,35.3149],[139.11199,35.31477],[139.11235,35.31483],[139.11251,35.31499],[139.11272,35.3156],[139.11308,35.31607],[139.11324,35.31647],[139.1134,35.31733],[139.11339,35.31805],[139.11323,35.3187],[139.11296,35.31928],[139.11292,35.31972],[139.11304,35.31992],[139.11341,35.32012],[139.11371,35.32042],[139.11388,35.32084],[139.1139,35.3213],[139.11379,35.32151],[139.11369,35.32159],[139.11343,35.3217],[139.11296,35.3218],[139.11265,35.32197],[139.11234,35.32243],[139.1121,35.32263],[139.1117,35.32284],[139.11139,35.32292],[139.11108,35.32294],[139.1108,35.32287],[139.11055,35.32271],[139.11034,35.32249],[139.11018,35.32241],[139.10991,35.32241],[139.10949,35.32257],[139.10913,35.32252],[139.10873,35.32232],[139.10847,35.32211],[139.10845,35.32196],[139.10867,35.32181],[139.10878,35.3216],[139.10877,35.32104],[139.10862,35.32062],[139.10815,35.31969],[139.1081,35.31934],[139.10818,35.31909],[139.10817,35.31893],[139.10782,35.3188],[139.10774,35.31864],[139.10768,35.31827],[139.10733,35.31795],[139.10738,35.31781],[139.10761,35.31756],[139.10769,35.31738],[139.10775,35.31702],[139.10771,35.31676],[139.10752,35.3166],[139.10717,35.31654],[139.10609,35.31663],[139.10586,35.31657],[139.10566,35.31646],[139.10551,35.31629],[139.10532,35.31578],[139.10527,35.31439],[139.10517,35.31376],[139.10506,35.31356],[139.10481,35.31339],[139.10472,35.3131],[139.10456,35.31306],[139.10421,35.31311],[139.10409,35.31304],[139.10404,35.31276],[139.10412,35.31229],[139.10411,35.31195],[139.10403,35.3118],[139.10376,35.3116],[139.10367,35.31125],[139.10359,35.3111],[139.10323,35.31093],[139.10284,35.31085],[139.10238,35.31081],[139.10203,35.31083],[139.10169,35.31101],[139.1015,35.3114],[139.10137,35.31153],[139.10121,35.3116],[139.10072,35.31167],[139.10048,35.31183],[139.10033,35.31199],[139.10011,35.31251],[139.10011,35.31304],[139.10026,35.31323],[139.10038,35.3133],[139.10071,35.31339],[139.10138,35.31345],[139.10173,35.31361],[139.10186,35.31374],[139.10206,35.31409],[139.10224,35.31499],[139.10237,35.31533]]],[[[139.1372,35.31925],[139.13775,35.31955],[139.13822,35.31963],[139.13852,35.31956],[139.13872,35.31945],[139.13885,35.31909],[139.13924,35.31879],[139.13923,35.31853],[139.13908,35.31829],[139.13877,35.31812],[139.13816,35.31798],[139.13784,35.31786],[139.13773,35.31777],[139.1377,35.3176],[139.13758,35.31743],[139.13714,35.31716],[139.13692,35.31712],[139.13667,35.31713],[139.13614,35.31729],[139.13591,35.3173],[139.13563,35.31715],[139.13542,35.31685],[139.13525,35.31674],[139.13516,35.31678],[139.1349,35.31713],[139.13461,35.31728],[139.13434,35.31734],[139.13401,35.31749],[139.13398,35.31764],[139.13419,35.31785],[139.13455,35.31794],[139.13466,35.31811],[139.13471,35.3185],[139.13488,35.31868],[139.13519,35.31881],[139.13663,35.31906],[139.1372,35.31925]]],[[[139.12989,35.32037],[139.12971,35.31961],[139.12955,35.31932],[139.12941,35.31919],[139.12913,35.31908],[139.12888,35.31906],[139.12824,35.31916],[139.12794,35.3193],[139.12767,35.31951],[139.12733,35.31996],[139.12717,35.32047],[139.12719,35.32081],[139.12742,35.32132],[139.1278,35.32168],[139.1283,35.32182],[139.1287,35.32179],[139.12922,35.32164],[139.12958,35.3214],[139.12974,35.32119],[139.12984,35.32094],[139.12989,35.32037]]],[[[139.15323,35.32582],[139.15353,35.32597],[139.15366,35.32611],[139.15387,35.32646],[139.15403,35.32656],[139.15423,35.32658],[139.15432,35.32665],[139.1544,35.32687],[139.15442,35.32718],[139.15457,35.32742],[139.15476,35.32753],[139.15524,35.32769],[139.15539,35.32782],[139.15548,35.32799],[139.15554,35.3284],[139.15566,35.32856],[139.15585,35.32867],[139.15633,35.32882],[139.15648,35.32895],[139.15657,35.32913],[139.15661,35.32953],[139.15671,35.3297],[139.15703,35.32977],[139.15716,35.32985],[139.15751,35.3302],[139.15775,35.33036],[139.15824,35.33044],[139.15842,35.33051],[139.15859,35.33064],[139.15906,35.33121],[139.15939,35.33139],[139.15966,35.33146],[139.1599,35.33146],[139.16008,35.3314],[139.16022,35.33126],[139.16041,35.33087],[139.16057,35.33075],[139.16078,35.33068],[139.16117,35.33065],[139.16146,35.33049],[139.16165,35.33017],[139.1617,35.32977],[139.1616,35.32943],[139.16145,35.32924],[139.16109,35.32901],[139.16076,35.32889],[139.15946,35.32864],[139.1589,35.32842],[139.15859,35.32823],[139.15823,35.32791],[139.15802,35.32765],[139.15796,35.32741],[139.15787,35.32734],[139.15762,35.32727],[139.15724,35.32725],[139.15698,35.32715],[139.1569,35.32704],[139.15685,35.32679],[139.15673,35.3266],[139.15634,35.3263],[139.15578,35.32595],[139.15539,35.32558],[139.15527,35.32532],[139.15523,35.32492],[139.15512,35.32465],[139.15498,35.32456],[139.15469,35.32452],[139.15455,35.32442],[139.15447,35.32423],[139.15437,35.32349],[139.15411,35.32315],[139.15366,35.32293],[139.15327,35.32292],[139.15305,35.32297],[139.15227,35.32333],[139.15166,35.32374],[139.15096,35.3243],[139.15069,35.32459],[139.15057,35.32482],[139.15063,35.32506],[139.15089,35.32527],[139.15185,35.32568],[139.15219,35.32599],[139.15226,35.32598],[139.15248,35.32577],[139.15273,35.32573],[139.15323,35.32582]]],[[[139.14653,35.32764],[139.14658,35.32746],[139.14643,35.32731],[139.14624,35.32724],[139.14583,35.3272],[139.14536,35.32722],[139.14505,35.3273],[139.1448,35.32754],[139.14467,35.3276],[139.14403,35.32768],[139.14364,35.32789],[139.14354,35.32805],[139.14349,35.32829],[139.14358,35.32915],[139.14369,35.32942],[139.14384,35.32959],[139.14412,35.32967],[139.14439,35.32957],[139.14475,35.32935],[139.14545,35.32879],[139.14633,35.32793],[139.14653,35.32764]]],[[[139.14552,35.33819],[139.14501,35.33796],[139.14439,35.3374],[139.14412,35.33724],[139.1438,35.33714],[139.14304,35.33709],[139.14265,35.33699],[139.14252,35.33687],[139.14246,35.33654],[139.14231,35.33629],[139.14204,35.33603],[139.14168,35.33586],[139.1414,35.33582],[139.14108,35.33583],[139.14052,35.33596],[139.14032,35.3361],[139.14022,35.33636],[139.13955,35.33668],[139.13916,35.33713],[139.13893,35.33731],[139.13836,35.33748],[139.13752,35.33752],[139.13702,35.33759],[139.13667,35.33776],[139.13647,35.33803],[139.13644,35.33857],[139.13656,35.33901],[139.13705,35.33923],[139.13758,35.33972],[139.13797,35.33998],[139.13886,35.34043],[139.14075,35.34128],[139.14138,35.34162],[139.1428,35.34252],[139.14316,35.34267],[139.14379,35.34277],[139.14423,35.34293],[139.14481,35.34322],[139.1472,35.34459],[139.14774,35.34479],[139.14802,35.34477],[139.14823,35.34468],[139.14838,35.34448],[139.14837,35.34428],[139.14813,35.34388],[139.14808,35.34365],[139.14813,35.34352],[139.14836,35.34328],[139.14847,35.34302],[139.1485,35.34271],[139.14842,35.34237],[139.14814,35.34191],[139.14784,35.34163],[139.14753,35.3415],[139.14713,35.34154],[139.14698,35.3415],[139.14702,35.34098],[139.14693,35.34088],[139.14659,35.34072],[139.14631,35.3405],[139.14631,35.34072],[139.14563,35.34071],[139.14536,35.34061],[139.14534,35.34046],[139.14549,35.34004],[139.146,35.33974],[139.14609,35.33964],[139.14616,35.33942],[139.14613,35.33916],[139.14602,35.33883],[139.14571,35.33833],[139.14552,35.33819]]],[[[139.13025,35.33975],[139.13006,35.33973],[139.12995,35.33978],[139.12984,35.33999],[139.12981,35.34049],[139.12973,35.34078],[139.12963,35.34091],[139.12934,35.3411],[139.12926,35.34137],[139.12934,35.34172],[139.12966,35.34198],[139.12961,35.34212],[139.1293,35.34249],[139.12925,35.34288],[139.12937,35.34307],[139.12961,35.34312],[139.12968,35.34319],[139.1297,35.34332],[139.12961,35.3438],[139.12966,35.34396],[139.12978,35.34407],[139.13007,35.34415],[139.13034,35.34411],[139.13096,35.34363],[139.13221,35.34314],[139.13273,35.34272],[139.13317,35.34211],[139.13343,35.34158],[139.13348,35.34136],[139.13342,35.34122],[139.13319,35.34105],[139.13311,35.34059],[139.133,35.34041],[139.13254,35.34023],[139.13083,35.34011],[139.13059,35.34003],[139.13041,35.33983],[139.13025,35.33975]]],[[[139.13421,35.3529],[139.13455,35.35303],[139.13484,35.35305],[139.13513,35.35301],[139.13537,35.3529],[139.13557,35.35274],[139.13567,35.3524],[139.13549,35.3517],[139.13621,35.35175],[139.13639,35.35185],[139.13651,35.35201],[139.13669,35.35208],[139.13715,35.35202],[139.13731,35.35206],[139.13749,35.35224],[139.13761,35.35255],[139.13779,35.35279],[139.13804,35.35294],[139.13846,35.35299],[139.13866,35.35296],[139.13931,35.35272],[139.13955,35.3527],[139.1401,35.35276],[139.14039,35.35267],[139.14087,35.35234],[139.14166,35.35153],[139.14206,35.35129],[139.14231,35.35133],[139.14258,35.35159],[139.14283,35.3517],[139.14325,35.35175],[139.14372,35.35173],[139.14408,35.35165],[139.14442,35.35145],[139.14464,35.35137],[139.14511,35.35131],[139.14568,35.3513],[139.14607,35.35121],[139.1462,35.35109],[139.14624,35.35086],[139.14636,35.3507],[139.14695,35.35058],[139.14713,35.35042],[139.14726,35.35019],[139.14752,35.35003],[139.14794,35.34997],[139.14852,35.35002],[139.14871,35.35008],[139.14891,35.35027],[139.14909,35.35035],[139.14945,35.3503],[139.14955,35.35016],[139.14945,35.34974],[139.14889,35.34881],[139.14854,35.34804],[139.14839,35.34754],[139.14821,35.34659],[139.14809,35.34626],[139.14793,35.34602],[139.14741,35.34562],[139.14704,35.34507],[139.14664,35.34496],[139.14653,35.34469],[139.1463,35.34452],[139.14494,35.34402],[139.14257,35.34269],[139.14159,35.3423],[139.14056,35.342],[139.13985,35.34171],[139.13876,35.34108],[139.13709,35.33991],[139.13647,35.33965],[139.13623,35.33966],[139.13589,35.33994],[139.13565,35.34028],[139.1348,35.34176],[139.13431,35.34234],[139.1335,35.34309],[139.13329,35.34348],[139.13226,35.34429],[139.1302,35.3457],[139.1291,35.34666],[139.12873,35.34717],[139.12865,35.34739],[139.12861,35.34792],[139.12852,35.34817],[139.12837,35.34833],[139.12801,35.34848],[139.12786,35.34865],[139.12782,35.34888],[139.12787,35.34907],[139.12799,35.34917],[139.12822,35.34921],[139.12827,35.34929],[139.1282,35.34965],[139.12825,35.34986],[139.12853,35.35022],[139.12885,35.35049],[139.12939,35.35081],[139.1298,35.35094],[139.1304,35.351],[139.1311,35.351],[139.13113,35.35142],[139.13133,35.35155],[139.1319,35.3516],[139.13323,35.35154],[139.13358,35.35158],[139.13381,35.35166],[139.13393,35.35178],[139.13402,35.35198],[139.13393,35.35246],[139.13398,35.35267],[139.13421,35.3529]]],[[[139.27527,35.37421],[139.27488,35.37415],[139.27472,35.3742],[139.27463,35.37433],[139.27468,35.37482],[139.27459,35.37508],[139.27442,35.37517],[139.27404,35.3752],[139.27383,35.37529],[139.27361,35.37555],[139.27347,35.37594],[139.27317,35.3762],[139.27287,35.37629],[139.27229,35.37633],[139.27211,35.37637],[139.27182,35.37655],[139.27159,35.37682],[139.27135,35.37736],[139.27115,35.37763],[139.2709,35.3778],[139.27059,35.37787],[139.27026,35.37789],[139.2699,35.37804],[139.26974,35.37824],[139.26955,35.37874],[139.26939,35.37892],[139.26918,35.37905],[139.26879,35.37915],[139.26849,35.3793],[139.26809,35.37982],[139.26779,35.38002],[139.26731,35.38026],[139.26715,35.3804],[139.26706,35.38055],[139.26699,35.3809],[139.26691,35.38098],[139.26662,35.38107],[139.26652,35.38132],[139.2665,35.38192],[139.26656,35.38217],[139.26668,35.38235],[139.26695,35.38249],[139.26727,35.3825],[139.26769,35.38218],[139.26814,35.38213],[139.26833,35.38207],[139.26843,35.38184],[139.26852,35.38176],[139.26877,35.3817],[139.26917,35.38168],[139.26958,35.38156],[139.27,35.3813],[139.27036,35.38098],[139.27057,35.38068],[139.27065,35.38035],[139.27078,35.38023],[139.27101,35.38016],[139.27173,35.3801],[139.27199,35.37998],[139.27208,35.37988],[139.27216,35.37961],[139.2721,35.37892],[139.27212,35.3787],[139.2722,35.37858],[139.27255,35.37849],[139.27277,35.37825],[139.2729,35.37818],[139.2732,35.37812],[139.27358,35.3781],[139.27384,35.37801],[139.27393,35.37789],[139.27402,35.37754],[139.27414,35.37747],[139.27464,35.37738],[139.27476,35.37722],[139.27483,35.37692],[139.27495,35.37683],[139.27576,35.3767],[139.27596,35.37661],[139.27645,35.3762],[139.27678,35.37611],[139.27739,35.37606],[139.27761,35.37595],[139.27775,35.3758],[139.27795,35.37574],[139.27844,35.37573],[139.27941,35.37581],[139.28029,35.37577],[139.28159,35.37558],[139.28236,35.37536],[139.28249,35.37525],[139.28258,35.37504],[139.28286,35.37498],[139.28293,35.37491],[139.28295,35.3747],[139.28288,35.37438],[139.28293,35.37408],[139.28305,35.37389],[139.2834,35.37356],[139.2835,35.37335],[139.28348,35.37323],[139.28335,35.37308],[139.28328,35.3731],[139.28313,35.37328],[139.28291,35.37341],[139.28231,35.37356],[139.28201,35.37351],[139.28188,35.37342],[139.28174,35.37319],[139.28141,35.37306],[139.28105,35.37305],[139.27987,35.37315],[139.27891,35.37318],[139.27846,35.37318],[139.27801,35.37324],[139.27786,35.37332],[139.27775,35.37355],[139.27755,35.37361],[139.2771,35.37366],[139.27666,35.37399],[139.27621,35.37392],[139.2756,35.3742],[139.27527,35.37421]]],[[[139.24211,35.42997],[139.24238,35.4303],[139.2425,35.43038],[139.24277,35.43043],[139.24292,35.4304],[139.24327,35.43024],[139.24384,35.42977],[139.24407,35.42945],[139.24413,35.42915],[139.24405,35.42886],[139.24371,35.4285],[139.24345,35.42836],[139.24315,35.42831],[139.24252,35.42837],[139.24229,35.42835],[139.24214,35.42829],[139.24193,35.42806],[139.24169,35.42799],[139.24118,35.42805],[139.24045,35.42823],[139.24014,35.42835],[139.23997,35.42849],[139.23993,35.42864],[139.24004,35.42881],[139.24022,35.42895],[139.24048,35.42904],[139.24138,35.42912],[139.24177,35.42922],[139.2419,35.42934],[139.24196,35.42967],[139.24211,35.42997]]],[[[139.2409,35.43281],[139.24183,35.43287],[139.24228,35.43285],[139.24259,35.4328],[139.24276,35.43269],[139.24289,35.43248],[139.24291,35.43231],[139.2428,35.43188],[139.24243,35.43143],[139.24196,35.43109],[139.24111,35.43062],[139.24042,35.43038],[139.23973,35.4303],[139.23922,35.43035],[139.23894,35.43046],[139.23874,35.43064],[139.23863,35.43089],[139.23861,35.43121],[139.23866,35.43153],[139.23878,35.43182],[139.23896,35.43208],[139.23922,35.43231],[139.23957,35.43251],[139.24003,35.43266],[139.2409,35.43281]]],[[[139.34488,35.58762],[139.34547,35.58764],[139.34574,35.5877],[139.34599,35.58785],[139.34635,35.58799],[139.34727,35.58814],[139.34762,35.58811],[139.34791,35.58801],[139.34816,35.58784],[139.34841,35.5875],[139.34847,35.58727],[139.34844,35.58705],[139.34832,35.58682],[139.34811,35.58663],[139.34759,35.58642],[139.34638,35.58623],[139.34592,35.5861],[139.34554,35.58578],[139.34514,35.5857],[139.34501,35.58545],[139.3448,35.58544],[139.34441,35.58552],[139.3435,35.58579],[139.34255,35.58617],[139.34233,35.58631],[139.34229,35.58643],[139.34242,35.58662],[139.34285,35.5868],[139.34301,35.58691],[139.34314,35.58706],[139.34333,35.58746],[139.34355,35.5876],[139.34411,35.58768],[139.34488,35.58762]]],[[[139.33633,35.60231],[139.33648,35.60249],[139.33685,35.60267],[139.33732,35.60278],[139.33764,35.60299],[139.33775,35.6032],[139.3378,35.6037],[139.33786,35.60386],[139.33795,35.60395],[139.33831,35.60404],[139.33857,35.6043],[139.33877,35.60434],[139.33929,35.60427],[139.33938,35.60431],[139.33943,35.60449],[139.3395,35.60453],[139.34004,35.60433],[139.34013,35.60435],[139.34009,35.60467],[139.3403,35.60502],[139.34046,35.60515],[139.34083,35.60485],[139.34097,35.60483],[139.34127,35.60498],[139.34154,35.6047],[139.34188,35.60454],[139.34196,35.60436],[139.34194,35.60415],[139.34204,35.60406],[139.33986,35.60252],[139.3393,35.6022],[139.33901,35.60212],[139.33891,35.60195],[139.33887,35.60154],[139.33876,35.60121],[139.33853,35.60087],[139.33817,35.60055],[139.33765,35.60029],[139.33632,35.59987],[139.33617,35.59976],[139.33612,35.59959],[139.33601,35.59948],[139.33537,35.59919],[139.33502,35.59916],[139.33468,35.59925],[139.33433,35.59944],[139.33398,35.59975],[139.33344,35.60038],[139.33337,35.60054],[139.33343,35.60067],[139.33363,35.60072],[139.33413,35.60066],[139.33455,35.60077],[139.33482,35.60094],[139.33556,35.60159],[139.33601,35.60174],[139.33616,35.60191],[139.33633,35.60231]]],[[[139.40519,35.33689],[139.40555,35.33664],[139.40611,35.33594],[139.40638,35.33577],[139.40668,35.33571],[139.40701,35.33574],[139.4074,35.33585],[139.40755,35.33593],[139.40761,35.33609],[139.4077,35.33616],[139.40806,35.33616],[139.40891,35.336],[139.4094,35.33596],[139.4096,35.336],[139.40973,35.33615],[139.40991,35.33622],[139.41064,35.33615],[139.41198,35.33646],[139.41371,35.3366],[139.41404,35.3367],[139.41452,35.33699],[139.41481,35.33711],[139.41538,35.33721],[139.41606,35.33721],[139.41679,35.33712],[139.41704,35.33703],[139.41724,35.33689],[139.41741,35.33668],[139.41754,35.33637],[139.41767,35.33576],[139.41769,35.3354],[139.41759,35.33506],[139.41743,35.33497],[139.41724,35.33496],[139.41705,35.3349],[139.41684,35.33449],[139.41661,35.33432],[139.41633,35.33419],[139.41612,35.33419],[139.41599,35.33432],[139.41577,35.33441],[139.41534,35.33447],[139.41431,35.33451],[139.41313,35.33449],[139.41246,35.3344],[139.4123,35.33431],[139.41228,35.3342],[139.41213,35.33406],[139.41182,35.33395],[139.41144,35.3339],[139.41119,35.33394],[139.411,35.33413],[139.41078,35.33423],[139.41018,35.33428],[139.40992,35.33434],[139.40984,35.33442],[139.40977,35.33461],[139.40956,35.3347],[139.4092,35.33472],[139.40887,35.33465],[139.40871,35.33456],[139.40852,35.33426],[139.40839,35.33414],[139.4082,35.33407],[139.40783,35.33404],[139.40741,35.33411],[139.40714,35.33433],[139.40698,35.33439],[139.40662,35.3344],[139.40614,35.33434],[139.40578,35.33438],[139.40563,35.33448],[139.40548,35.33471],[139.40514,35.33487],[139.40458,35.33493],[139.40411,35.33491],[139.40372,35.33484],[139.40339,35.33471],[139.40262,35.3341],[139.40195,35.33395],[139.40182,35.33386],[139.4016,35.33352],[139.4014,35.33348],[139.40111,35.33359],[139.40088,35.33376],[139.40076,35.33393],[139.40073,35.33409],[139.40064,35.33417],[139.3999,35.33428],[139.39975,35.33437],[139.39964,35.33463],[139.39972,35.3351],[139.4001,35.33577],[139.40046,35.33609],[139.40074,35.33621],[139.40106,35.33627],[139.40138,35.33628],[139.40171,35.33637],[139.40181,35.33649],[139.4019,35.33682],[139.40215,35.33707],[139.4026,35.33733],[139.40309,35.33746],[139.40354,35.3374],[139.4041,35.33711],[139.40438,35.33702],[139.40519,35.33689]]],[[[139.39347,35.36051],[139.39343,35.36019],[139.39324,35.35991],[139.39217,35.35937],[139.39166,35.35893],[139.39114,35.35838],[139.39078,35.35811],[139.39039,35.35794],[139.39,35.35786],[139.3896,35.35789],[139.3893,35.35803],[139.38908,35.35828],[139.38894,35.35865],[139.3889,35.35942],[139.38906,35.35978],[139.38953,35.36014],[139.38968,35.36049],[139.38999,35.3607],[139.39071,35.36104],[139.39102,35.36122],[139.39131,35.36153],[139.39155,35.36197],[139.39179,35.36217],[139.39326,35.36284],[139.39341,35.36297],[139.39346,35.36313],[139.39354,35.36321],[139.3938,35.36328],[139.39406,35.36328],[139.39429,35.3632],[139.39448,35.363],[139.39466,35.3625],[139.39473,35.36187],[139.39471,35.36155],[139.39464,35.36129],[139.39452,35.3611],[139.3942,35.36087],[139.39372,35.36079],[139.39358,35.36072],[139.39347,35.36051]]],[[[139.39721,35.36281],[139.3971,35.36274],[139.39694,35.3622],[139.39678,35.36207],[139.39653,35.36202],[139.39611,35.36232],[139.39527,35.3624],[139.39495,35.36253],[139.39484,35.36272],[139.39481,35.36329],[139.39454,35.36329],[139.39456,35.36413],[139.39469,35.36445],[139.39479,35.36455],[139.39515,35.3647],[139.39618,35.36487],[139.39704,35.36512],[139.39722,35.36509],[139.39737,35.36502],[139.39747,35.36489],[139.39763,35.3645],[139.39772,35.36393],[139.39772,35.36323],[139.39764,35.36296],[139.39748,35.36285],[139.39721,35.36281]]],[[[139.38287,35.37527],[139.38293,35.37565],[139.38304,35.37587],[139.38328,35.37606],[139.38349,35.37616],[139.38388,35.37624],[139.38467,35.37618],[139.38503,35.37622],[139.38518,35.37632],[139.38531,35.37655],[139.38545,35.37667],[139.38574,35.37676],[139.38634,35.37684],[139.38656,35.377],[139.38675,35.37729],[139.38691,35.37736],[139.38738,35.37733],[139.38758,35.37722],[139.38764,35.37714],[139.38768,35.37693],[139.38751,35.37632],[139.38751,35.37605],[139.38769,35.37575],[139.38805,35.37556],[139.38827,35.37533],[139.3883,35.37504],[139.38819,35.37476],[139.38809,35.37468],[139.38797,35.37469],[139.38768,35.37487],[139.38737,35.37496],[139.38657,35.37495],[139.38564,35.37478],[139.38539,35.37465],[139.38518,35.37444],[139.38494,35.37436],[139.38432,35.3743],[139.38346,35.37428],[139.38288,35.37418],[139.38269,35.37406],[139.38263,35.37382],[139.38244,35.3736],[139.38149,35.37316],[139.3813,35.37294],[139.38122,35.37263],[139.38107,35.37254],[139.38083,35.37249],[139.38036,35.37248],[139.38004,35.37254],[139.37993,35.37262],[139.37989,35.37278],[139.3798,35.37287],[139.37954,35.37299],[139.37895,35.37315],[139.37873,35.37329],[139.37865,35.3734],[139.37863,35.37352],[139.37868,35.37366],[139.37922,35.37421],[139.37935,35.37453],[139.37949,35.37463],[139.38005,35.37476],[139.38195,35.37494],[139.38261,35.37506],[139.38279,35.37517],[139.38287,35.37527]]],[[[139.38113,35.38993],[139.3816,35.38997],[139.38192,35.38993],[139.38218,35.39005],[139.38258,35.39043],[139.38278,35.39055],[139.38299,35.39059],[139.3834,35.39045],[139.38371,35.39044],[139.38392,35.39052],[139.38435,35.39081],[139.38477,35.39094],[139.38526,35.39097],[139.38564,35.39093],[139.38584,35.39082],[139.38587,35.39067],[139.38599,35.39056],[139.38651,35.3905],[139.38671,35.39042],[139.38684,35.39027],[139.3869,35.39008],[139.38679,35.38952],[139.38688,35.38948],[139.38716,35.38955],[139.38723,35.38947],[139.38723,35.38932],[139.38716,35.38918],[139.38685,35.38903],[139.38649,35.389],[139.38558,35.38908],[139.3853,35.38903],[139.38512,35.38889],[139.38507,35.38879],[139.385,35.38841],[139.38476,35.38824],[139.38458,35.38818],[139.38406,35.38813],[139.38301,35.38817],[139.38226,35.38813],[139.38198,35.38803],[139.38181,35.3878],[139.38152,35.38764],[139.38004,35.3875],[139.37886,35.38719],[139.37836,35.38711],[139.37808,35.38716],[139.37793,35.38729],[139.37774,35.38774],[139.37762,35.38837],[139.37762,35.38849],[139.37768,35.38859],[139.37794,35.38872],[139.37854,35.38885],[139.37886,35.38897],[139.37897,35.38906],[139.37903,35.38923],[139.37937,35.38943],[139.38007,35.38967],[139.38113,35.38993]]],[[[139.38661,35.40134],[139.38696,35.40073],[139.38701,35.40035],[139.38679,35.3999],[139.38677,35.39976],[139.38705,35.39936],[139.3867,35.39927],[139.38641,35.39901],[139.38615,35.39893],[139.38547,35.39887],[139.38424,35.39887],[139.38368,35.39896],[139.38328,35.39922],[139.38282,35.39915],[139.38211,35.39948],[139.38128,35.39956],[139.38106,35.39967],[139.38092,35.39982],[139.38077,35.39992],[139.38008,35.40009],[139.37941,35.40018],[139.37909,35.40017],[139.3787,35.39997],[139.37818,35.39959],[139.37785,35.39947],[139.37767,35.39952],[139.37742,35.39974],[139.37694,35.39996],[139.37619,35.40015],[139.37539,35.40024],[139.37507,35.40018],[139.37493,35.40002],[139.37497,35.3995],[139.37492,35.39927],[139.3748,35.39906],[139.3745,35.39883],[139.3742,35.39882],[139.37384,35.39894],[139.37317,35.39935],[139.37276,35.39977],[139.37246,35.4003],[139.37219,35.40132],[139.37217,35.40206],[139.37233,35.40262],[139.37249,35.40283],[139.37269,35.403],[139.37294,35.40312],[139.37323,35.40319],[139.3739,35.40323],[139.37448,35.4032],[139.37498,35.4031],[139.3762,35.40251],[139.3765,35.40244],[139.37691,35.40242],[139.37712,35.40235],[139.37728,35.40222],[139.37746,35.40184],[139.37758,35.40174],[139.37772,35.40173],[139.3779,35.40183],[139.37801,35.40191],[139.3782,35.40198],[139.37849,35.40201],[139.37936,35.40201],[139.38061,35.40191],[139.38428,35.40152],[139.38519,35.40148],[139.38573,35.40154],[139.386,35.40162],[139.38626,35.40159],[139.38661,35.40134]]],[[[139.37673,35.4138],[139.37702,35.4139],[139.37716,35.41401],[139.37741,35.41438],[139.37779,35.41454],[139.37933,35.41465],[139.37957,35.41472],[139.37967,35.41481],[139.3797,35.41491],[139.37993,35.41499],[139.38079,35.41493],[139.38125,35.415],[139.38148,35.41514],[139.38179,35.41553],[139.38199,35.41566],[139.38222,35.41573],[139.38261,35.41574],[139.38287,35.41564],[139.38295,35.41553],[139.38306,35.4151],[139.38334,35.41491],[139.38347,35.41473],[139.38353,35.41446],[139.3835,35.41424],[139.38327,35.41396],[139.38299,35.41381],[139.38206,35.41348],[139.38176,35.4133],[139.38127,35.41288],[139.38085,35.41273],[139.38026,35.41263],[139.37865,35.41256],[139.37804,35.41249],[139.37765,35.41236],[139.37754,35.41228],[139.37743,35.41197],[139.37732,35.41188],[139.37665,35.41171],[139.3742,35.41159],[139.37387,35.41151],[139.37369,35.41136],[139.3735,35.41132],[139.37301,35.41136],[139.37255,35.41146],[139.37206,35.41162],[139.37192,35.41179],[139.37217,35.41212],[139.37227,35.41272],[139.37238,35.41293],[139.3727,35.41321],[139.37321,35.41346],[139.37366,35.41358],[139.3742,35.41366],[139.37602,35.41372],[139.37673,35.4138]]],[[[139.46249,35.44213],[139.4629,35.4423],[139.46311,35.44231],[139.46375,35.44224],[139.46504,35.44258],[139.46581,35.44262],[139.46625,35.44256],[139.46697,35.44231],[139.4675,35.44204],[139.46837,35.44145],[139.46862,35.44115],[139.46859,35.44102],[139.46843,35.4409],[139.46772,35.44076],[139.46748,35.4406],[139.46721,35.44033],[139.4671,35.44028],[139.46701,35.44031],[139.46687,35.44045],[139.46663,35.44053],[139.46601,35.44059],[139.46542,35.44059],[139.46423,35.44048],[139.4631,35.44021],[139.46268,35.44014],[139.46253,35.44016],[139.46237,35.44031],[139.46235,35.44044],[139.46253,35.44114],[139.46255,35.44141],[139.46249,35.44161],[139.46232,35.44179],[139.46229,35.44191],[139.46235,35.44202],[139.46249,35.44213]]],[[[139.3707,35.44522],[139.37132,35.44368],[139.37153,35.44279],[139.3715,35.44245],[139.37143,35.44235],[139.37132,35.4423],[139.37119,35.4423],[139.37072,35.4424],[139.37013,35.44288],[139.3698,35.44303],[139.36953,35.44309],[139.36927,35.44329],[139.3689,35.44392],[139.3682,35.44605],[139.36804,35.44629],[139.36789,35.44634],[139.36781,35.44649],[139.36793,35.44686],[139.36822,35.44739],[139.36847,35.44763],[139.36875,35.44774],[139.36907,35.44773],[139.3694,35.4476],[139.36966,35.4474],[139.36992,35.44696],[139.37019,35.44598],[139.3707,35.44522]]],[[[139.38146,35.45085],[139.38175,35.45069],[139.38244,35.45061],[139.38286,35.45028],[139.38399,35.45],[139.3844,35.44981],[139.38462,35.44954],[139.38472,35.44895],[139.38484,35.44874],[139.38498,35.44867],[139.38527,35.44865],[139.38544,35.44858],[139.38562,35.44837],[139.38574,35.44806],[139.38588,35.44785],[139.38649,35.44762],[139.38699,35.44726],[139.3872,35.44703],[139.38736,35.4467],[139.38731,35.44626],[139.3874,35.44605],[139.38757,35.44598],[139.38795,35.44595],[139.38825,35.44586],[139.38838,35.44575],[139.38852,35.44551],[139.38878,35.44536],[139.38951,35.44527],[139.38975,35.44517],[139.38994,35.44485],[139.38998,35.44439],[139.3901,35.44407],[139.39024,35.44397],[139.39063,35.44393],[139.39089,35.44384],[139.39121,35.44357],[139.39126,35.44344],[139.39123,35.4432],[139.39102,35.44291],[139.39083,35.4428],[139.39013,35.44257],[139.38991,35.44237],[139.38973,35.44207],[139.38944,35.44193],[139.38898,35.44196],[139.38857,35.44227],[139.38842,35.44229],[139.38805,35.44223],[139.38791,35.44228],[139.38782,35.44241],[139.38775,35.44301],[139.38764,35.44326],[139.38731,35.44349],[139.38714,35.44386],[139.38702,35.44391],[139.38666,35.44395],[139.38652,35.44404],[139.3864,35.4443],[139.38636,35.4447],[139.38623,35.44497],[139.386,35.44522],[139.38527,35.44567],[139.38488,35.44601],[139.38475,35.44624],[139.38471,35.44656],[139.38459,35.44677],[139.38445,35.44684],[139.38415,35.44687],[139.38395,35.44698],[139.38374,35.44717],[139.38312,35.44799],[139.38291,35.44814],[139.38249,35.44822],[139.38224,35.44835],[139.3818,35.44871],[139.38128,35.44926],[139.38089,35.44954],[139.38024,35.44982],[139.37955,35.44994],[139.37936,35.45001],[139.37906,35.45021],[139.37886,35.4505],[139.37871,35.45105],[139.37853,35.45136],[139.3781,35.45169],[139.37727,35.452],[139.37712,35.45215],[139.3771,35.45231],[139.37717,35.45246],[139.37732,35.45259],[139.37757,35.45256],[139.37764,35.45259],[139.37759,35.45284],[139.37734,35.45335],[139.37724,35.45368],[139.37726,35.45381],[139.3774,35.45402],[139.37769,35.45414],[139.37839,35.45417],[139.37869,35.45404],[139.37883,35.45382],[139.37896,35.4537],[139.37938,35.4536],[139.37964,35.45359],[139.37986,35.45349],[139.3799,35.45338],[139.37983,35.45294],[139.37998,35.45253],[139.38037,35.45207],[139.38085,35.45185],[139.38101,35.45173],[139.38114,35.45155],[139.38132,35.45104],[139.38146,35.45085]]],[[[139.466,35.46091],[139.46621,35.46078],[139.46649,35.46044],[139.46661,35.45996],[139.46656,35.45957],[139.46636,35.45933],[139.4662,35.45927],[139.46577,35.45927],[139.46503,35.45944],[139.46457,35.4596],[139.46433,35.45981],[139.46422,35.45986],[139.46398,35.45981],[139.46362,35.4596],[139.46347,35.45943],[139.46338,35.45919],[139.46317,35.45919],[139.46281,35.45932],[139.46263,35.45948],[139.4626,35.45972],[139.4628,35.4602],[139.46311,35.46057],[139.4633,35.46072],[139.46379,35.46095],[139.4644,35.46107],[139.46474,35.4611],[139.46546,35.46107],[139.466,35.46091]]],[[[139.41937,35.47538],[139.4197,35.47544],[139.4198,35.47552],[139.41983,35.47563],[139.41992,35.4757],[139.42028,35.4757],[139.42091,35.47558],[139.42143,35.47541],[139.4216,35.4753],[139.42164,35.47518],[139.42157,35.47501],[139.42159,35.4749],[139.4219,35.47452],[139.42154,35.47444],[139.42133,35.47422],[139.42128,35.47396],[139.42137,35.47365],[139.42155,35.47342],[139.42199,35.47328],[139.42209,35.47295],[139.42247,35.47269],[139.42257,35.47248],[139.42262,35.47206],[139.4227,35.47181],[139.42348,35.47077],[139.42351,35.47045],[139.42331,35.47013],[139.4233,35.47001],[139.42363,35.46968],[139.42374,35.46898],[139.42393,35.46852],[139.42432,35.46804],[139.4248,35.4676],[139.42517,35.46734],[139.4256,35.46721],[139.42571,35.46688],[139.42603,35.46666],[139.42612,35.46654],[139.42626,35.46564],[139.42634,35.46548],[139.42652,35.46535],[139.42661,35.4652],[139.42661,35.46474],[139.42646,35.46399],[139.42626,35.46354],[139.42597,35.46325],[139.4256,35.46311],[139.42514,35.46312],[139.42439,35.46327],[139.42414,35.46336],[139.42393,35.46353],[139.42383,35.46375],[139.42391,35.46398],[139.4239,35.46407],[139.42374,35.46419],[139.42345,35.4643],[139.42327,35.46446],[139.4231,35.4647],[139.42279,35.46542],[139.42259,35.46576],[139.42219,35.46619],[139.42158,35.46666],[139.42142,35.46691],[139.42136,35.46717],[139.42143,35.4677],[139.42141,35.46791],[139.42133,35.46807],[139.4211,35.46835],[139.4214,35.46844],[139.42155,35.46861],[139.42169,35.469],[139.42167,35.46925],[139.4216,35.46936],[139.42129,35.46957],[139.42115,35.4699],[139.42068,35.46999],[139.42048,35.47018],[139.42042,35.47041],[139.42039,35.47102],[139.42031,35.47145],[139.42011,35.4717],[139.41975,35.47178],[139.41968,35.47185],[139.41967,35.47206],[139.41973,35.47238],[139.41969,35.47255],[139.41957,35.47268],[139.4191,35.47284],[139.4188,35.47305],[139.41866,35.47326],[139.41848,35.47374],[139.41835,35.47388],[139.41819,35.47392],[139.4178,35.47386],[139.41762,35.47388],[139.41732,35.47404],[139.4171,35.47432],[139.41708,35.47449],[139.41713,35.47457],[139.41733,35.47462],[139.41782,35.47455],[139.41803,35.47459],[139.41819,35.47469],[139.41838,35.47507],[139.41854,35.47523],[139.4189,35.47536],[139.41937,35.47538]]],[[[139.45138,35.47321],[139.45143,35.47292],[139.45135,35.47231],[139.45137,35.47206],[139.45152,35.47182],[139.4518,35.47172],[139.45191,35.4716],[139.45188,35.4715],[139.45171,35.47132],[139.45162,35.47099],[139.45172,35.46998],[139.4517,35.46973],[139.45163,35.46957],[139.4514,35.46943],[139.45176,35.46932],[139.45181,35.4692],[139.45179,35.46902],[139.45135,35.46829],[139.45125,35.46764],[139.45106,35.46727],[139.4505,35.46673],[139.45017,35.46655],[139.45001,35.46652],[139.4497,35.46655],[139.44941,35.46673],[139.44906,35.46718],[139.44894,35.46753],[139.44891,35.46815],[139.44903,35.46877],[139.44924,35.46924],[139.44965,35.46972],[139.44967,35.46992],[139.4496,35.47012],[139.44933,35.47047],[139.44923,35.47075],[139.44924,35.47124],[139.44939,35.47181],[139.44938,35.47215],[139.44913,35.47259],[139.44882,35.47282],[139.44859,35.47306],[139.44851,35.47331],[139.44859,35.47357],[139.44897,35.47397],[139.44942,35.47424],[139.44974,35.47433],[139.45008,35.47435],[139.4505,35.47426],[139.45076,35.47405],[139.45103,35.4735],[139.45138,35.47321]]],[[[139.43279,35.4644],[139.43274,35.4645],[139.43269,35.46478],[139.4327,35.46521],[139.43299,35.46668],[139.43319,35.46723],[139.43355,35.46762],[139.43369,35.4687],[139.43381,35.46894],[139.43404,35.46911],[139.43409,35.46927],[139.43399,35.46997],[139.43401,35.47013],[139.43409,35.47022],[139.43421,35.47024],[139.43428,35.4704],[139.43423,35.47103],[139.43374,35.47334],[139.4336,35.4748],[139.43368,35.47617],[139.43378,35.4765],[139.43406,35.47694],[139.43414,35.4772],[139.43406,35.47741],[139.43383,35.47745],[139.43373,35.47752],[139.43368,35.47782],[139.43371,35.47814],[139.43385,35.47864],[139.43401,35.47881],[139.4341,35.47885],[139.43434,35.47883],[139.4347,35.47866],[139.43491,35.4785],[139.43498,35.47828],[139.43504,35.47824],[139.43584,35.47851],[139.43615,35.47849],[139.43641,35.47838],[139.43651,35.47821],[139.43644,35.47789],[139.43646,35.47757],[139.43675,35.47676],[139.43675,35.47629],[139.43654,35.47559],[139.43644,35.47504],[139.43637,35.47292],[139.43646,35.47146],[139.43656,35.47106],[139.43677,35.47071],[139.43679,35.47042],[139.4365,35.4689],[139.43648,35.46855],[139.43656,35.46806],[139.43655,35.46789],[139.43646,35.46776],[139.43613,35.46761],[139.43605,35.46751],[139.43613,35.46732],[139.4364,35.46707],[139.43654,35.46685],[139.43666,35.46643],[139.43668,35.46611],[139.43663,35.46582],[139.43651,35.46561],[139.43632,35.46546],[139.43606,35.46539],[139.4356,35.46517],[139.43511,35.46459],[139.4348,35.46442],[139.43441,35.46438],[139.43408,35.46442],[139.43386,35.46453],[139.4337,35.46472],[139.43357,35.46439],[139.43328,35.46423],[139.433,35.46427],[139.43279,35.4644]]],[[[139.39615,35.47355],[139.39609,35.47473],[139.39601,35.47501],[139.39583,35.47519],[139.39576,35.47534],[139.39587,35.47581],[139.3963,35.47681],[139.39637,35.47721],[139.39636,35.47737],[139.3962,35.47758],[139.39575,35.47773],[139.39562,35.47781],[139.39542,35.47806],[139.39531,35.47843],[139.39525,35.47933],[139.39509,35.47975],[139.39501,35.47984],[139.39465,35.48],[139.39453,35.4801],[139.39444,35.48047],[139.39435,35.48061],[139.39409,35.48076],[139.39372,35.48086],[139.3935,35.48107],[139.39346,35.48128],[139.39352,35.48168],[139.39351,35.48197],[139.39343,35.4821],[139.39325,35.4822],[139.39312,35.48235],[139.39305,35.48273],[139.39293,35.48295],[139.3925,35.48328],[139.39234,35.48353],[139.39215,35.48412],[139.39198,35.4851],[139.39177,35.48548],[139.39159,35.48554],[139.39131,35.48545],[139.39116,35.48532],[139.39108,35.4851],[139.39065,35.48493],[139.38879,35.48459],[139.38817,35.48442],[139.38798,35.4843],[139.38776,35.48409],[139.38738,35.48401],[139.38737,35.4839],[139.38745,35.48374],[139.38739,35.48364],[139.38699,35.48358],[139.3868,35.48351],[139.38663,35.48338],[139.38624,35.4829],[139.38588,35.48273],[139.3854,35.48269],[139.38496,35.48275],[139.38464,35.48291],[139.38444,35.48316],[139.38442,35.48351],[139.38452,35.48379],[139.38481,35.48427],[139.38512,35.48459],[139.38532,35.48469],[139.38563,35.48473],[139.38581,35.4848],[139.38598,35.48493],[139.38628,35.48533],[139.38648,35.4855],[139.38673,35.48563],[139.38737,35.48579],[139.38773,35.48594],[139.3882,35.48647],[139.38846,35.4866],[139.38958,35.48701],[139.38971,35.48713],[139.38982,35.48739],[139.39022,35.48748],[139.39048,35.48774],[139.3907,35.48785],[139.39118,35.48789],[139.39154,35.48783],[139.39174,35.48774],[139.39204,35.48746],[139.39215,35.48741],[139.39229,35.48753],[139.39242,35.48782],[139.39257,35.48794],[139.39279,35.48798],[139.39342,35.48783],[139.39378,35.48782],[139.39393,35.48791],[139.3942,35.48829],[139.39445,35.48835],[139.39458,35.48828],[139.39472,35.48811],[139.39528,35.48693],[139.39542,35.48681],[139.39566,35.48676],[139.3957,35.48671],[139.39564,35.4864],[139.3958,35.48634],[139.39614,35.48631],[139.39625,35.48623],[139.39617,35.48589],[139.39643,35.48541],[139.39644,35.48521],[139.39626,35.48485],[139.39582,35.48434],[139.39572,35.48413],[139.3959,35.48406],[139.39598,35.48395],[139.396,35.48376],[139.39591,35.48292],[139.39601,35.48267],[139.39621,35.48252],[139.39562,35.48223],[139.39556,35.48213],[139.39556,35.48197],[139.39563,35.48187],[139.39592,35.48181],[139.39604,35.48172],[139.39618,35.48146],[139.39631,35.48106],[139.39653,35.48074],[139.39674,35.48057],[139.39712,35.48038],[139.39731,35.4802],[139.39747,35.47982],[139.39751,35.47934],[139.3976,35.47907],[139.39775,35.47886],[139.39823,35.47855],[139.39831,35.4784],[139.39842,35.47768],[139.39822,35.47587],[139.39822,35.47523],[139.39825,35.47513],[139.39849,35.47501],[139.39857,35.47486],[139.39863,35.47416],[139.39875,35.47381],[139.39889,35.47367],[139.39909,35.4736],[139.39924,35.47348],[139.39935,35.47314],[139.39933,35.47281],[139.39921,35.47228],[139.399,35.47194],[139.39863,35.47175],[139.39851,35.47162],[139.39846,35.47133],[139.39853,35.47093],[139.39852,35.4707],[139.39837,35.47044],[139.39818,35.47031],[139.39776,35.47019],[139.39735,35.47024],[139.39716,35.47035],[139.39698,35.47053],[139.39674,35.47093],[139.39653,35.4717],[139.39661,35.47247],[139.39652,35.47265],[139.39633,35.47277],[139.39623,35.47299],[139.39615,35.47355]]],[[[139.44173,35.49215],[139.4422,35.49222],[139.44259,35.49212],[139.44298,35.49186],[139.44319,35.49181],[139.44354,35.49209],[139.44401,35.49214],[139.44436,35.49227],[139.44543,35.49299],[139.44629,35.49327],[139.44641,35.49336],[139.44653,35.49358],[139.44687,35.49373],[139.45028,35.49457],[139.45116,35.49491],[139.45174,35.49531],[139.45199,35.49542],[139.45222,35.49545],[139.45253,35.4954],[139.45271,35.49543],[139.45288,35.49554],[139.45334,35.49605],[139.45396,35.49639],[139.45489,35.49673],[139.45574,35.49696],[139.45615,35.49703],[139.45665,35.49699],[139.45693,35.49703],[139.45759,35.49755],[139.45846,35.49786],[139.45855,35.49795],[139.45858,35.49811],[139.45867,35.49817],[139.45893,35.49818],[139.45918,35.49814],[139.45947,35.49795],[139.45956,35.4976],[139.45948,35.49713],[139.45934,35.49678],[139.45922,35.49663],[139.45904,35.49652],[139.45901,35.49639],[139.45907,35.49621],[139.45952,35.49543],[139.45958,35.49518],[139.45956,35.49494],[139.45935,35.49452],[139.45923,35.49445],[139.45887,35.49436],[139.45863,35.49412],[139.45822,35.49399],[139.45777,35.49391],[139.45649,35.49382],[139.45614,35.4939],[139.45605,35.49413],[139.45579,35.4942],[139.4556,35.49413],[139.45547,35.49379],[139.45524,35.49374],[139.45505,35.49381],[139.45491,35.49415],[139.45476,35.49419],[139.45461,35.49417],[139.45433,35.49402],[139.45369,35.49343],[139.45324,35.4931],[139.45211,35.49258],[139.4519,35.49228],[139.45159,35.49228],[139.4507,35.49248],[139.45034,35.49247],[139.45,35.49222],[139.44969,35.49209],[139.44768,35.49142],[139.44683,35.49091],[139.44658,35.49087],[139.44638,35.49093],[139.44625,35.49092],[139.44617,35.4907],[139.44605,35.49057],[139.44481,35.48994],[139.44463,35.48981],[139.44453,35.48957],[139.44442,35.48948],[139.4441,35.48936],[139.44349,35.48922],[139.44326,35.48911],[139.44311,35.48898],[139.44284,35.48858],[139.44229,35.48827],[139.44195,35.4882],[139.44152,35.48821],[139.44041,35.48844],[139.43993,35.48871],[139.43964,35.4891],[139.43954,35.48961],[139.43962,35.49026],[139.43985,35.49102],[139.44003,35.49131],[139.44022,35.49144],[139.44065,35.49151],[139.44096,35.49181],[139.44115,35.49192],[139.44173,35.49215]]],[[[139.45101,35.50053],[139.45089,35.5006],[139.45082,35.50079],[139.45071,35.50086],[139.45027,35.5008],[139.44996,35.50084],[139.44917,35.50132],[139.44901,35.50138],[139.44881,35.50138],[139.44864,35.50131],[139.44843,35.50108],[139.44832,35.50102],[139.44761,35.50106],[139.44744,35.50099],[139.44709,35.5007],[139.44663,35.50058],[139.44545,35.50048],[139.44339,35.50045],[139.44252,35.50036],[139.4423,35.50027],[139.44226,35.50011],[139.44217,35.50002],[139.44155,35.49974],[139.44145,35.49943],[139.44134,35.4993],[139.44109,35.49918],[139.4408,35.49916],[139.4403,35.49923],[139.43989,35.49942],[139.43947,35.49977],[139.43878,35.50049],[139.43837,35.50073],[139.43798,35.50084],[139.4378,35.50102],[139.4378,35.50119],[139.43792,35.50141],[139.43817,35.50159],[139.43835,35.50166],[139.43884,35.50176],[139.4402,35.50182],[139.44103,35.50195],[139.44141,35.50211],[139.44188,35.5025],[139.44229,35.50267],[139.44278,35.50272],[139.44326,35.50265],[139.44337,35.50257],[139.44347,35.50231],[139.44391,35.50221],[139.44432,35.50184],[139.44443,35.50181],[139.44453,35.50189],[139.44472,35.50235],[139.44498,35.50255],[139.44517,35.50262],[139.44566,35.50271],[139.44735,35.5028],[139.44766,35.50288],[139.44791,35.50304],[139.44828,35.50314],[139.44918,35.5032],[139.44957,35.50326],[139.4497,35.50334],[139.44976,35.50355],[139.44985,35.50363],[139.45047,35.50392],[139.45057,35.5042],[139.45063,35.50424],[139.45085,35.50419],[139.45101,35.50409],[139.45118,35.50369],[139.45165,35.50365],[139.45248,35.5032],[139.45253,35.50282],[139.45302,35.50268],[139.45319,35.5025],[139.45321,35.50235],[139.45285,35.502],[139.45272,35.50119],[139.45257,35.50089],[139.45219,35.50064],[139.45172,35.50051],[139.45132,35.50049],[139.45101,35.50053]]],[[[139.45146,35.5049],[139.45127,35.50511],[139.45114,35.50557],[139.45107,35.50689],[139.45099,35.5075],[139.4509,35.50774],[139.45067,35.50794],[139.45062,35.50812],[139.45071,35.50896],[139.45068,35.50915],[139.45061,35.50926],[139.45043,35.50929],[139.45034,35.50938],[139.45045,35.50993],[139.45036,35.51046],[139.45018,35.5108],[139.44977,35.51111],[139.4496,35.51165],[139.44941,35.51174],[139.44913,35.51176],[139.44893,35.51182],[139.44877,35.51219],[139.44842,35.51245],[139.44826,35.51278],[139.44805,35.51363],[139.44784,35.51393],[139.44718,35.51411],[139.44674,35.51451],[139.44653,35.51459],[139.4464,35.51457],[139.44617,35.51444],[139.44604,35.5141],[139.44573,35.514],[139.44534,35.514],[139.44505,35.51406],[139.44491,35.51414],[139.4447,35.51437],[139.4444,35.51444],[139.44426,35.51438],[139.44412,35.51423],[139.44368,35.5134],[139.44331,35.51315],[139.44232,35.51301],[139.44217,35.51293],[139.44202,35.51278],[139.44185,35.51272],[139.44046,35.51276],[139.44033,35.5127],[139.44028,35.51254],[139.44013,35.51245],[139.4386,35.51214],[139.43814,35.51195],[139.43758,35.5116],[139.43707,35.51149],[139.43667,35.51151],[139.43631,35.51159],[139.43599,35.51174],[139.43583,35.5119],[139.43574,35.51214],[139.43574,35.51262],[139.43583,35.513],[139.43601,35.51331],[139.43643,35.51364],[139.43736,35.51396],[139.43779,35.51418],[139.43812,35.51442],[139.43839,35.51452],[139.4389,35.51456],[139.43951,35.51451],[139.44013,35.51452],[139.44054,35.51458],[139.44113,35.51474],[139.44142,35.51488],[139.4416,35.51502],[139.44176,35.5155],[139.44216,35.5156],[139.44238,35.51581],[139.44259,35.51591],[139.44326,35.51599],[139.44575,35.51609],[139.44725,35.51637],[139.44761,35.51632],[139.44796,35.51614],[139.44802,35.51633],[139.44813,35.51644],[139.44857,35.51649],[139.4488,35.51659],[139.44911,35.51705],[139.44928,35.51715],[139.44953,35.51719],[139.4496,35.51727],[139.44967,35.51762],[139.44978,35.51781],[139.45001,35.51794],[139.45021,35.51795],[139.45035,35.51778],[139.45044,35.51742],[139.45058,35.51558],[139.45067,35.51533],[139.45091,35.51515],[139.45099,35.51502],[139.4511,35.51431],[139.45149,35.5136],[139.45151,35.51344],[139.45143,35.5131],[139.45144,35.51291],[139.45172,35.5127],[139.452,35.51233],[139.45251,35.5114],[139.45271,35.51089],[139.45282,35.51025],[139.45276,35.50992],[139.4526,35.50955],[139.4526,35.50934],[139.45287,35.50924],[139.45295,35.50914],[139.45302,35.50868],[139.45313,35.50843],[139.45328,35.50833],[139.45356,35.50821],[139.4537,35.50807],[139.4538,35.50786],[139.45385,35.50724],[139.45397,35.5068],[139.4544,35.50618],[139.45459,35.50571],[139.45467,35.50512],[139.4546,35.50435],[139.45441,35.50399],[139.45407,35.50376],[139.45402,35.50368],[139.45448,35.50355],[139.45524,35.50298],[139.45477,35.50275],[139.4546,35.50235],[139.45431,35.50231],[139.45396,35.50238],[139.45371,35.5025],[139.45361,35.50262],[139.45357,35.50283],[139.45341,35.50297],[139.45248,35.5032],[139.45281,35.5039],[139.45286,35.50413],[139.45281,35.50422],[139.45266,35.50423],[139.45233,35.50409],[139.45224,35.50401],[139.45219,35.5038],[139.45211,35.50369],[139.45165,35.50365],[139.45159,35.50464],[139.45146,35.5049]]],[[[139.42971,35.51729],[139.4295,35.51776],[139.42916,35.51935],[139.4291,35.52057],[139.4293,35.52283],[139.42929,35.5235],[139.42924,35.52376],[139.42904,35.52409],[139.4289,35.52418],[139.42834,35.52431],[139.42819,35.5244],[139.42812,35.5245],[139.42813,35.52461],[139.42825,35.52471],[139.42867,35.52475],[139.42891,35.52465],[139.42899,35.52442],[139.42926,35.52469],[139.42985,35.52481],[139.43001,35.52502],[139.4301,35.52561],[139.43022,35.52575],[139.43041,35.5258],[139.431,35.52566],[139.43116,35.52557],[139.43146,35.52529],[139.43198,35.5252],[139.43213,35.52501],[139.43213,35.52463],[139.43195,35.52401],[139.43172,35.52366],[139.43144,35.5234],[139.43132,35.52314],[139.43135,35.52298],[139.43153,35.52269],[139.43162,35.52212],[139.43154,35.52025],[139.43156,35.51979],[139.43164,35.51948],[139.43188,35.51919],[139.43196,35.519],[139.43206,35.51816],[139.43219,35.51795],[139.43238,35.51782],[139.43245,35.51763],[139.43247,35.51712],[139.4324,35.51641],[139.4325,35.5158],[139.43267,35.51549],[139.43315,35.51496],[139.4333,35.51459],[139.43339,35.51413],[139.43341,35.51359],[139.4333,35.51316],[139.43318,35.51302],[139.43303,35.51292],[139.4326,35.51286],[139.43202,35.51298],[139.43153,35.51316],[139.43111,35.51345],[139.43105,35.51366],[139.43111,35.51403],[139.43106,35.51413],[139.43096,35.51417],[139.43073,35.51422],[139.43042,35.51443],[139.42992,35.51493],[139.42973,35.51522],[139.42974,35.51535],[139.42991,35.51547],[139.43001,35.51563],[139.43009,35.51641],[139.43,35.51699],[139.42991,35.51715],[139.42971,35.51729]]],[[[139.3732,35.52465],[139.37369,35.52463],[139.37468,35.52446],[139.37509,35.52447],[139.37516,35.52449],[139.37521,35.52464],[139.3753,35.5247],[139.37545,35.52472],[139.37598,35.52466],[139.37638,35.52471],[139.37718,35.52494],[139.37819,35.52533],[139.3789,35.52553],[139.37963,35.52565],[139.38109,35.52572],[139.38184,35.52582],[139.38212,35.52594],[139.38241,35.52635],[139.38271,35.52661],[139.38311,35.52685],[139.38356,35.52701],[139.38405,35.52708],[139.38464,35.52704],[139.3849,35.52693],[139.38506,35.52666],[139.38508,35.52627],[139.38498,35.52615],[139.38474,35.52601],[139.38467,35.5259],[139.38465,35.52575],[139.38472,35.52534],[139.38464,35.52515],[139.38429,35.52492],[139.38373,35.52473],[139.38342,35.52456],[139.3832,35.52435],[139.38304,35.52396],[139.38285,35.52375],[139.38251,35.52364],[139.38228,35.52362],[139.38104,35.52375],[139.3802,35.52372],[139.37975,35.5236],[139.3789,35.52316],[139.37845,35.52309],[139.37805,35.52314],[139.37779,35.52313],[139.3777,35.52307],[139.37766,35.52292],[139.37756,35.52284],[139.37642,35.5227],[139.37611,35.52261],[139.37556,35.52232],[139.3753,35.52223],[139.37507,35.52222],[139.37465,35.52238],[139.37441,35.52239],[139.3743,35.5223],[139.374,35.52185],[139.37341,35.52141],[139.3733,35.52119],[139.37328,35.52094],[139.3732,35.52075],[139.37311,35.52066],[139.3729,35.52058],[139.37257,35.52056],[139.37227,35.52062],[139.37199,35.52077],[139.37174,35.52101],[139.37154,35.52134],[139.37146,35.52156],[139.37145,35.5219],[139.37151,35.52223],[139.37145,35.52238],[139.37117,35.52251],[139.37068,35.52254],[139.37038,35.52262],[139.36999,35.52289],[139.36978,35.52315],[139.36954,35.52353],[139.36942,35.52384],[139.36944,35.52409],[139.36961,35.52419],[139.37013,35.52423],[139.37091,35.52418],[139.3714,35.5242],[139.37203,35.52433],[139.37277,35.5246],[139.3732,35.52465]]],[[[139.44184,35.52449],[139.44158,35.52453],[139.44094,35.52479],[139.44053,35.52487],[139.44007,35.52488],[139.43903,35.52472],[139.43844,35.52471],[139.43817,35.52479],[139.43792,35.52501],[139.4377,35.52513],[139.43704,35.52523],[139.43642,35.5252],[139.43601,35.52512],[139.43482,35.52472],[139.4343,35.52463],[139.43415,35.52468],[139.43397,35.52482],[139.43357,35.52559],[139.43343,35.52566],[139.43308,35.52567],[139.43395,35.52666],[139.43436,35.52699],[139.43488,35.52716],[139.43553,35.52711],[139.43578,35.52712],[139.43598,35.52718],[139.43634,35.52741],[139.43662,35.52749],[139.43675,35.52748],[139.43692,35.52738],[139.4372,35.52695],[139.43752,35.52674],[139.43798,35.52656],[139.43846,35.52648],[139.43856,35.52652],[139.4386,35.52667],[139.43871,35.52681],[139.43905,35.52694],[139.43946,35.52695],[139.43998,35.52676],[139.44021,35.52675],[139.44046,35.52683],[139.441,35.5272],[139.44129,35.52732],[139.44177,35.52734],[139.44227,35.52721],[139.44263,35.52717],[139.44279,35.52721],[139.44302,35.52742],[139.44343,35.52759],[139.44429,35.52781],[139.44478,35.52785],[139.44498,35.52781],[139.44517,35.52762],[139.4453,35.52756],[139.44575,35.5275],[139.44589,35.52743],[139.44601,35.52718],[139.44603,35.52662],[139.44549,35.52623],[139.44491,35.52614],[139.4447,35.52605],[139.44439,35.52579],[139.44407,35.5254],[139.44378,35.52519],[139.44321,35.52497],[139.44253,35.52487],[139.44208,35.52475],[139.44193,35.52465],[139.44184,35.52449]]],[[[139.43607,35.5425],[139.43668,35.54241],[139.43704,35.54217],[139.4372,35.54192],[139.43747,35.54114],[139.43777,35.54074],[139.43803,35.5405],[139.43854,35.5402],[139.43877,35.54013],[139.43918,35.54008],[139.43935,35.54001],[139.43986,35.5396],[139.44015,35.5395],[139.44052,35.53945],[139.44139,35.53947],[139.44189,35.53959],[139.44207,35.53979],[139.44222,35.53988],[139.44241,35.5399],[139.44262,35.53984],[139.4429,35.5396],[139.44308,35.53931],[139.44319,35.53889],[139.44324,35.53816],[139.44337,35.53785],[139.44361,35.53762],[139.44394,35.53745],[139.44476,35.53717],[139.44494,35.53706],[139.44508,35.5369],[139.44521,35.53684],[139.44551,35.53684],[139.44601,35.53691],[139.44627,35.53687],[139.44654,35.5366],[139.44693,35.53649],[139.44715,35.5363],[139.44859,35.5344],[139.44893,35.53407],[139.44957,35.53364],[139.44966,35.53341],[139.44966,35.5331],[139.44946,35.53256],[139.44921,35.5323],[139.44888,35.53216],[139.44846,35.53213],[139.44822,35.53216],[139.44768,35.53228],[139.44747,35.5324],[139.44729,35.53283],[139.44681,35.53278],[139.4462,35.53295],[139.44589,35.53314],[139.44577,35.53329],[139.44559,35.53393],[139.44494,35.53509],[139.44456,35.53554],[139.44416,35.53583],[139.44372,35.53596],[139.44301,35.53595],[139.44254,35.53605],[139.4421,35.53627],[139.44125,35.53705],[139.44055,35.53747],[139.44004,35.53761],[139.43902,35.53767],[139.43865,35.53774],[139.43838,35.53785],[139.43799,35.5382],[139.43771,35.5383],[139.43725,35.53835],[139.43707,35.53845],[139.43694,35.5386],[139.43681,35.53866],[139.43651,35.53867],[139.43612,35.53861],[139.43586,35.53865],[139.43551,35.53882],[139.43493,35.53934],[139.43463,35.53942],[139.4345,35.53965],[139.43448,35.54024],[139.43458,35.54109],[139.43471,35.54151],[139.4349,35.54179],[139.43501,35.54186],[139.43549,35.54194],[139.43565,35.54201],[139.43573,35.54213],[139.43581,35.54241],[139.43607,35.5425]]],[[[139.35698,35.55349],[139.35709,35.55341],[139.35719,35.55318],[139.3579,35.55305],[139.35817,35.55277],[139.35839,35.55267],[139.35868,35.55271],[139.35876,35.55282],[139.35878,35.55297],[139.35889,35.55308],[139.35933,35.55311],[139.3596,35.55302],[139.35998,35.55267],[139.36019,35.55258],[139.36059,35.55254],[139.36109,35.55259],[139.36141,35.55258],[139.36172,35.55251],[139.36229,35.55224],[139.36261,35.55216],[139.36315,35.55217],[139.36374,35.55231],[139.36417,35.55235],[139.36435,35.55231],[139.36449,35.55216],[139.36471,35.55206],[139.3656,35.55195],[139.36588,35.55172],[139.36608,35.55166],[139.36657,35.55165],[139.36742,35.55173],[139.36778,35.55169],[139.36787,35.55161],[139.36796,35.55136],[139.36827,35.55121],[139.36867,35.55119],[139.36972,35.55128],[139.37017,35.55127],[139.37033,35.55121],[139.3704,35.55102],[139.37049,35.55095],[139.37092,35.5509],[139.37108,35.55081],[139.37126,35.55054],[139.37133,35.55015],[139.37119,35.5499],[139.37105,35.54979],[139.37065,35.54958],[139.3698,35.54934],[139.36904,35.54924],[139.36863,35.54945],[139.36826,35.54951],[139.36639,35.54956],[139.36582,35.54965],[139.36568,35.54974],[139.36559,35.54995],[139.36518,35.55003],[139.36486,35.55032],[139.3646,35.55036],[139.36396,35.55029],[139.36372,35.55034],[139.36349,35.55043],[139.36296,35.55078],[139.36265,35.55087],[139.36219,35.55092],[139.36201,35.55103],[139.36193,35.55113],[139.36177,35.5512],[139.3613,35.5512],[139.3603,35.55103],[139.35955,35.55098],[139.35888,35.55106],[139.35832,35.55123],[139.35796,35.5514],[139.35779,35.55157],[139.35763,35.55164],[139.35716,35.55163],[139.35578,35.55142],[139.35541,35.55146],[139.35531,35.55156],[139.35528,35.55177],[139.35533,35.55194],[139.35563,35.55245],[139.35584,35.55261],[139.3562,35.55272],[139.35627,35.55288],[139.35632,35.55319],[139.35641,35.55331],[139.35664,35.55344],[139.35698,35.55349]]],[[[139.38568,35.56781],[139.38726,35.56947],[139.3875,35.56964],[139.38789,35.56977],[139.3887,35.57049],[139.38965,35.57103],[139.38977,35.57118],[139.38984,35.57151],[139.38999,35.57179],[139.39055,35.57234],[139.39072,35.57256],[139.39081,35.5729],[139.39073,35.57338],[139.39082,35.57351],[139.39107,35.57359],[139.39123,35.57384],[139.39137,35.57446],[139.39139,35.57503],[139.39133,35.57567],[139.3912,35.57627],[139.39099,35.57665],[139.39059,35.57689],[139.39059,35.57702],[139.3913,35.57779],[139.39151,35.57824],[139.39164,35.57871],[139.39177,35.57893],[139.39207,35.57907],[139.39256,35.57897],[139.39276,35.57884],[139.39286,35.57856],[139.39301,35.57835],[139.3934,35.57804],[139.39379,35.57788],[139.39457,35.5778],[139.39479,35.57773],[139.3949,35.57761],[139.39486,35.57721],[139.39495,35.57697],[139.39512,35.57686],[139.39577,35.57665],[139.39612,35.5764],[139.39633,35.57619],[139.39654,35.57583],[139.39659,35.57558],[139.39654,35.57516],[139.39636,35.57474],[139.39591,35.57433],[139.3955,35.57338],[139.39525,35.57301],[139.39507,35.57289],[139.39454,35.57279],[139.39422,35.57248],[139.39381,35.57237],[139.3937,35.57225],[139.39366,35.57195],[139.39358,35.57181],[139.39332,35.57167],[139.39281,35.5715],[139.3925,35.57125],[139.39227,35.57087],[139.39215,35.57051],[139.39217,35.57001],[139.39191,35.56984],[139.39121,35.56961],[139.39086,35.5694],[139.39078,35.56925],[139.39083,35.56885],[139.39075,35.5688],[139.39057,35.56878],[139.39047,35.5687],[139.3904,35.56849],[139.39034,35.56803],[139.39021,35.5679],[139.39001,35.56786],[139.38988,35.56772],[139.38945,35.56665],[139.3892,35.56626],[139.38868,35.56574],[139.38751,35.56495],[139.3871,35.56444],[139.38679,35.56435],[139.38617,35.56443],[139.38566,35.56464],[139.38534,35.56494],[139.38513,35.56507],[139.3846,35.56501],[139.384,35.56519],[139.3838,35.56538],[139.38374,35.56552],[139.38371,35.56612],[139.38389,35.5669],[139.38404,35.56731],[139.38422,35.56759],[139.38441,35.56774],[139.38471,35.56779],[139.38497,35.56775],[139.38528,35.5676],[139.38568,35.56781]]],[[[139.37801,35.57866],[139.37842,35.57917],[139.37852,35.5797],[139.37865,35.57985],[139.37883,35.57995],[139.37888,35.58004],[139.37886,35.58016],[139.37868,35.58046],[139.37869,35.58051],[139.379,35.58055],[139.37943,35.58049],[139.38019,35.58032],[139.38076,35.58011],[139.38114,35.57987],[139.38147,35.57949],[139.38166,35.57907],[139.38161,35.57879],[139.38125,35.57824],[139.38009,35.57706],[139.37963,35.57647],[139.37917,35.57544],[139.37858,35.57473],[139.37832,35.57434],[139.37824,35.5741],[139.37821,35.57376],[139.37805,35.57345],[139.37761,35.57309],[139.37719,35.5729],[139.37692,35.57283],[139.37664,35.57279],[139.37627,35.57281],[139.37601,35.5729],[139.37587,35.57304],[139.37577,35.57348],[139.37574,35.57425],[139.37579,35.5748],[139.37586,35.57507],[139.37623,35.57556],[139.37636,35.57611],[139.377,35.57666],[139.37718,35.57699],[139.37743,35.57768],[139.37787,35.57807],[139.37801,35.57866]]],[[[139.36172,35.58558],[139.36179,35.58538],[139.36208,35.58493],[139.36216,35.58451],[139.36212,35.58398],[139.36182,35.58278],[139.36179,35.58242],[139.36191,35.58201],[139.36218,35.58173],[139.36229,35.58145],[139.36226,35.58124],[139.36206,35.58083],[139.36207,35.58061],[139.36235,35.5804],[139.36246,35.58025],[139.36265,35.57962],[139.36268,35.5791],[139.36258,35.57806],[139.36259,35.57764],[139.36267,35.5775],[139.36286,35.57746],[139.36302,35.5773],[139.36332,35.5765],[139.36349,35.57629],[139.36368,35.57618],[139.36377,35.57597],[139.36375,35.57563],[139.36366,35.57536],[139.36349,35.57515],[139.36322,35.575],[139.36288,35.5749],[139.36249,35.57486],[139.3621,35.57493],[139.36197,35.57506],[139.36192,35.57538],[139.36177,35.57565],[139.36113,35.57607],[139.36107,35.57628],[139.36116,35.57661],[139.36165,35.57747],[139.36114,35.57762],[139.36094,35.57778],[139.36098,35.57835],[139.36089,35.57855],[139.36054,35.57899],[139.36039,35.57925],[139.36027,35.57969],[139.36018,35.58053],[139.35998,35.58104],[139.3597,35.58154],[139.3596,35.58188],[139.35959,35.58222],[139.35981,35.58301],[139.35981,35.58331],[139.35954,35.58353],[139.35946,35.58366],[139.35939,35.58416],[139.35928,35.58447],[139.35885,35.58491],[139.35869,35.58516],[139.35869,35.58541],[139.35882,35.58564],[139.35903,35.58576],[139.3594,35.5858],[139.3596,35.58587],[139.35966,35.58597],[139.35967,35.58625],[139.36002,35.58626],[139.36019,35.58631],[139.36061,35.5867],[139.36089,35.58683],[139.36112,35.58685],[139.36139,35.5868],[139.3616,35.58671],[139.36173,35.58655],[139.36177,35.58634],[139.3617,35.58594],[139.36172,35.58558]]],[[[139.35161,35.58922],[139.35186,35.58926],[139.35198,35.58953],[139.35242,35.58966],[139.35263,35.58998],[139.35276,35.59009],[139.35313,35.59009],[139.35368,35.5899],[139.3543,35.5896],[139.35457,35.58936],[139.35471,35.58929],[139.35513,35.58929],[139.35616,35.58947],[139.35644,35.58943],[139.35659,35.58931],[139.35661,35.58901],[139.35654,35.58876],[139.35644,35.58865],[139.35616,35.58848],[139.35602,35.58814],[139.35582,35.58806],[139.35512,35.58797],[139.35496,35.58787],[139.35471,35.58755],[139.35445,35.58754],[139.35376,35.58785],[139.35319,35.58789],[139.35251,35.58777],[139.35194,35.58758],[139.35169,35.58743],[139.35151,35.58719],[139.35133,35.58708],[139.35076,35.58708],[139.34984,35.58727],[139.34911,35.58754],[139.34889,35.58774],[139.34887,35.58795],[139.3491,35.58826],[139.34941,35.58847],[139.35013,35.58872],[139.35035,35.58891],[139.35048,35.58914],[139.35064,35.58924],[139.35086,35.58928],[139.35161,35.58922]]],[[[139.51722,35.31187],[139.51766,35.31197],[139.51798,35.31194],[139.51826,35.3118],[139.51851,35.31154],[139.51873,35.31118],[139.51897,35.31046],[139.51893,35.30936],[139.51918,35.30889],[139.51924,35.30869],[139.51913,35.30819],[139.51888,35.30781],[139.51847,35.30756],[139.5179,35.30743],[139.51757,35.30748],[139.51744,35.30756],[139.51725,35.30782],[139.51704,35.30938],[139.5169,35.30977],[139.51663,35.31028],[139.51655,35.31056],[139.51662,35.31091],[139.51704,35.31139],[139.51702,35.31174],[139.51722,35.31187]]],[[[139.4846,35.31953],[139.48495,35.31963],[139.48538,35.3196],[139.4855,35.31949],[139.48553,35.31934],[139.48568,35.31926],[139.48625,35.31935],[139.48651,35.31953],[139.48659,35.31971],[139.48666,35.3202],[139.48674,35.32033],[139.48698,35.32051],[139.48707,35.32076],[139.48714,35.32143],[139.48716,35.32237],[139.48728,35.32307],[139.48742,35.32335],[139.48783,35.32369],[139.48819,35.32416],[139.48858,35.32484],[139.48879,35.32543],[139.48891,35.32611],[139.48895,35.32688],[139.48885,35.32855],[139.48886,35.32965],[139.48905,35.33033],[139.48922,35.3306],[139.48946,35.33085],[139.48954,35.33102],[139.48962,35.33162],[139.48978,35.33183],[139.4903,35.33207],[139.49063,35.33227],[139.49171,35.33313],[139.49236,35.33382],[139.49291,35.33465],[139.49311,35.33476],[139.49331,35.33473],[139.49346,35.3346],[139.49376,35.33413],[139.49443,35.33361],[139.49458,35.33341],[139.49461,35.33305],[139.49435,35.33228],[139.49442,35.33183],[139.49425,35.33163],[139.49344,35.33143],[139.4932,35.33129],[139.49313,35.33119],[139.49309,35.33094],[139.49335,35.33005],[139.49329,35.32965],[139.49294,35.32924],[139.49207,35.32858],[139.49172,35.32825],[139.49164,35.32809],[139.49171,35.32785],[139.49169,35.32774],[139.49134,35.32732],[139.49125,35.32702],[139.49136,35.32671],[139.49177,35.32625],[139.4925,35.32563],[139.49317,35.32515],[139.49361,35.32495],[139.49377,35.32497],[139.49392,35.32512],[139.49383,35.32545],[139.49392,35.32551],[139.49404,35.32552],[139.49428,35.32538],[139.49444,35.32502],[139.49445,35.32446],[139.49426,35.32373],[139.4941,35.32339],[139.4939,35.32312],[139.49367,35.32292],[139.4934,35.32279],[139.49315,35.3225],[139.49285,35.32166],[139.49269,35.32081],[139.49255,35.31947],[139.49257,35.31888],[139.49267,35.31852],[139.49275,35.31843],[139.49302,35.31832],[139.49314,35.31819],[139.4933,35.31755],[139.49349,35.31742],[139.49405,35.31734],[139.49435,35.31716],[139.49454,35.31683],[139.49462,35.3162],[139.49477,35.31594],[139.49496,35.31585],[139.49558,35.31581],[139.49594,35.31574],[139.4962,35.31556],[139.49633,35.31523],[139.4969,35.31509],[139.49711,35.31479],[139.49732,35.31396],[139.49742,35.31373],[139.49754,35.31361],[139.49793,35.3135],[139.49866,35.31301],[139.49889,35.31298],[139.49899,35.31302],[139.49917,35.31322],[139.49959,35.31416],[139.50002,35.31457],[139.50019,35.31552],[139.50028,35.31561],[139.50055,35.31566],[139.50075,35.31578],[139.50096,35.31601],[139.501,35.31616],[139.50085,35.31637],[139.50014,35.31666],[139.49988,35.31683],[139.49969,35.31726],[139.49915,35.31783],[139.49909,35.31808],[139.49917,35.31851],[139.4988,35.31931],[139.49869,35.32059],[139.4986,35.32098],[139.49834,35.32137],[139.49796,35.32158],[139.49766,35.3219],[139.49748,35.32239],[139.49745,35.32292],[139.49756,35.32316],[139.49765,35.32326],[139.49792,35.32338],[139.4984,35.32348],[139.49865,35.32359],[139.49909,35.32396],[139.49931,35.3241],[139.49996,35.32428],[139.50017,35.32431],[139.50035,35.32428],[139.5005,35.32419],[139.50063,35.32404],[139.50074,35.32383],[139.50087,35.32323],[139.50099,35.32101],[139.50109,35.32057],[139.50132,35.32001],[139.50136,35.31964],[139.50128,35.31818],[139.5013,35.31787],[139.50138,35.31769],[139.50161,35.31762],[139.50169,35.31755],[139.50177,35.31714],[139.50183,35.31704],[139.50213,35.31693],[139.50208,35.31672],[139.50176,35.31621],[139.50168,35.31589],[139.50176,35.31572],[139.50203,35.31554],[139.50222,35.3153],[139.50233,35.3147],[139.50243,35.31449],[139.50261,35.31438],[139.50285,35.31438],[139.50302,35.31445],[139.5035,35.31477],[139.5037,35.31477],[139.50396,35.31439],[139.50413,35.31429],[139.50433,35.31426],[139.50445,35.31416],[139.50489,35.31295],[139.50515,35.31264],[139.50562,35.31232],[139.50585,35.31226],[139.50605,35.31228],[139.5062,35.31236],[139.5064,35.31259],[139.5065,35.31263],[139.50681,35.31257],[139.50693,35.31258],[139.50702,35.31266],[139.50729,35.31306],[139.50752,35.31315],[139.50781,35.31315],[139.50795,35.31308],[139.50805,35.31295],[139.50814,35.31236],[139.50827,35.31213],[139.5084,35.31201],[139.5088,35.31186],[139.50969,35.31178],[139.50988,35.31168],[139.50999,35.31152],[139.51,35.31121],[139.50984,35.31097],[139.50966,35.31086],[139.50927,35.31074],[139.50898,35.3105],[139.50885,35.31025],[139.50866,35.30964],[139.5085,35.30943],[139.50829,35.30928],[139.50791,35.30915],[139.50775,35.30897],[139.50766,35.30852],[139.50776,35.30752],[139.50771,35.30701],[139.50758,35.30679],[139.50746,35.30669],[139.50684,35.30658],[139.50666,35.30648],[139.50658,35.30637],[139.50649,35.30594],[139.50647,35.30548],[139.50592,35.3056],[139.50551,35.3056],[139.50494,35.30577],[139.50402,35.30589],[139.50406,35.3062],[139.50424,35.30645],[139.50437,35.30654],[139.50471,35.30662],[139.50509,35.30664],[139.50533,35.30675],[139.50539,35.30683],[139.50543,35.30707],[139.50525,35.30753],[139.50498,35.30796],[139.50462,35.30825],[139.50453,35.3087],[139.50458,35.3089],[139.5047,35.30905],[139.50489,35.30916],[139.50537,35.30931],[139.50552,35.30941],[139.50562,35.30962],[139.50557,35.30992],[139.50544,35.31007],[139.50519,35.31014],[139.50503,35.31006],[139.5048,35.3097],[139.50435,35.30949],[139.50403,35.30942],[139.5037,35.30942],[139.50323,35.30954],[139.50294,35.30971],[139.50258,35.31004],[139.50237,35.31034],[139.50228,35.31078],[139.50212,35.31108],[139.50175,35.3115],[139.5014,35.3117],[139.50118,35.31167],[139.50103,35.31154],[139.50093,35.31112],[139.50087,35.31104],[139.50075,35.31103],[139.50039,35.31118],[139.50025,35.31119],[139.50013,35.31104],[139.50011,35.31074],[139.50004,35.31056],[139.49994,35.31053],[139.49974,35.31057],[139.49949,35.31047],[139.499,35.3099],[139.49866,35.30964],[139.4984,35.30955],[139.49802,35.30952],[139.49787,35.30945],[139.49785,35.30924],[139.49811,35.30864],[139.49808,35.30843],[139.49794,35.30829],[139.49779,35.30822],[139.49721,35.30817],[139.49711,35.30811],[139.49721,35.30796],[139.49745,35.3078],[139.49766,35.30744],[139.49782,35.30643],[139.49665,35.30648],[139.49532,35.30625],[139.4953,35.3065],[139.49539,35.30713],[139.49552,35.30744],[139.4957,35.30764],[139.49582,35.30769],[139.4963,35.30779],[139.49645,35.30794],[139.49654,35.30817],[139.49655,35.30863],[139.49647,35.30895],[139.49637,35.30906],[139.49605,35.30915],[139.496,35.30927],[139.49602,35.30939],[139.49617,35.30956],[139.49674,35.30985],[139.49693,35.30999],[139.49708,35.31027],[139.49711,35.31059],[139.49718,35.3108],[139.49728,35.31087],[139.49756,35.31093],[139.49764,35.31103],[139.49762,35.31124],[139.49751,35.31137],[139.49733,35.31146],[139.49705,35.31152],[139.49632,35.31156],[139.49593,35.31151],[139.49574,35.31141],[139.49563,35.31115],[139.49523,35.31106],[139.49486,35.31076],[139.49439,35.31067],[139.49341,35.31064],[139.49286,35.31057],[139.49264,35.3105],[139.49236,35.31023],[139.49205,35.31016],[139.49191,35.31002],[139.49177,35.30977],[139.49149,35.30897],[139.49131,35.30863],[139.4911,35.30836],[139.49059,35.30806],[139.49034,35.3078],[139.49027,35.3076],[139.49017,35.30763],[139.48929,35.30757],[139.48886,35.3076],[139.48879,35.30769],[139.48879,35.3076],[139.48687,35.3073],[139.48581,35.30689],[139.48543,35.30668],[139.48537,35.30681],[139.48524,35.30759],[139.48511,35.30783],[139.48498,35.30795],[139.48492,35.30812],[139.48502,35.30854],[139.48547,35.30939],[139.48566,35.30988],[139.48581,35.31066],[139.48582,35.31122],[139.48576,35.31175],[139.4856,35.31224],[139.48536,35.31268],[139.4848,35.31344],[139.48469,35.31386],[139.4848,35.31407],[139.48504,35.31434],[139.48509,35.31453],[139.48506,35.31474],[139.48487,35.31515],[139.48489,35.3153],[139.48498,35.31541],[139.48536,35.3156],[139.48562,35.31594],[139.48588,35.31665],[139.48585,35.31708],[139.4857,35.31728],[139.48559,35.31736],[139.48514,35.31748],[139.48457,35.31748],[139.48368,35.31731],[139.48323,35.31726],[139.48308,35.31731],[139.48302,35.31745],[139.48287,35.31753],[139.4822,35.3176],[139.48152,35.31757],[139.48113,35.31749],[139.48079,35.31737],[139.4805,35.31721],[139.48022,35.31715],[139.48014,35.31727],[139.48014,35.31751],[139.48028,35.318],[139.48065,35.31855],[139.48091,35.31878],[139.48126,35.31896],[139.48198,35.31913],[139.48397,35.31925],[139.48427,35.31933],[139.4846,35.31953]],[[139.49218,35.31174],[139.49234,35.31179],[139.49272,35.31216],[139.49299,35.31235],[139.49349,35.31258],[139.49407,35.31277],[139.49441,35.31304],[139.49449,35.3134],[139.49435,35.31379],[139.49409,35.31408],[139.4935,35.31439],[139.49338,35.31451],[139.49334,35.31462],[139.49341,35.31478],[139.49339,35.31492],[139.49314,35.31509],[139.49305,35.3152],[139.49313,35.31546],[139.49311,35.31563],[139.49299,35.3158],[139.49281,35.3159],[139.4923,35.31601],[139.49113,35.31605],[139.49056,35.31599],[139.49014,35.31587],[139.48988,35.31567],[139.48981,35.31555],[139.48976,35.31528],[139.48981,35.31492],[139.49002,35.31462],[139.49041,35.3142],[139.49054,35.31367],[139.49067,35.31358],[139.49091,35.31353],[139.49098,35.31343],[139.49106,35.31296],[139.49114,35.31277],[139.4914,35.31253],[139.49197,35.31223],[139.49212,35.312],[139.49218,35.31174]]],[[[139.48239,35.32586],[139.48255,35.32578],[139.48365,35.32567],[139.4839,35.32557],[139.48417,35.32534],[139.48507,35.32521],[139.48529,35.32505],[139.48543,35.32482],[139.48576,35.32466],[139.48633,35.3246],[139.48717,35.32464],[139.48756,35.32475],[139.48788,35.32492],[139.48795,35.32482],[139.48794,35.32452],[139.48784,35.32436],[139.48743,35.32406],[139.48684,35.32323],[139.48655,35.32296],[139.48598,35.32267],[139.48552,35.32254],[139.4851,35.32249],[139.48463,35.32257],[139.48443,35.32273],[139.4842,35.32304],[139.484,35.32319],[139.48377,35.3233],[139.48317,35.32347],[139.48301,35.32356],[139.4828,35.32376],[139.48238,35.32383],[139.48107,35.32377],[139.4806,35.3238],[139.48013,35.32398],[139.47988,35.32428],[139.47967,35.32444],[139.47927,35.32456],[139.47894,35.32458],[139.47878,35.32448],[139.47864,35.32429],[139.47851,35.324],[139.47828,35.32315],[139.47819,35.32258],[139.47798,35.31989],[139.47804,35.31867],[139.47818,35.31829],[139.47839,35.31819],[139.4787,35.31812],[139.47919,35.31818],[139.47935,35.31814],[139.47929,35.31742],[139.47951,35.31594],[139.47983,35.31499],[139.48029,35.31427],[139.48091,35.31376],[139.48169,35.31344],[139.48229,35.31334],[139.48356,35.31328],[139.48404,35.31318],[139.48439,35.31303],[139.48472,35.3127],[139.48496,35.31226],[139.48515,35.31154],[139.48516,35.31107],[139.48509,35.31102],[139.48464,35.31125],[139.484,35.31134],[139.48382,35.31144],[139.48374,35.31155],[139.4835,35.31164],[139.48273,35.31172],[139.48194,35.31174],[139.48101,35.31172],[139.48024,35.31165],[139.47938,35.31144],[139.47883,35.31115],[139.47849,35.3111],[139.47831,35.31112],[139.47797,35.31128],[139.47706,35.31205],[139.47686,35.31215],[139.47656,35.31222],[139.47642,35.31255],[139.476,35.31267],[139.47587,35.313],[139.47561,35.31307],[139.47486,35.31261],[139.4747,35.31248],[139.4744,35.31259],[139.47414,35.31289],[139.47366,35.31302],[139.47368,35.31317],[139.47324,35.31329],[139.47268,35.31356],[139.47244,35.31353],[139.47206,35.31368],[139.47214,35.31399],[139.47245,35.3142],[139.47335,35.3144],[139.47364,35.3145],[139.47386,35.31464],[139.47418,35.31494],[139.47438,35.31503],[139.475,35.31511],[139.47521,35.31519],[139.47537,35.31531],[139.47548,35.3155],[139.47553,35.31586],[139.47544,35.31599],[139.47526,35.31602],[139.47519,35.31609],[139.47517,35.31621],[139.47526,35.3168],[139.47516,35.31704],[139.47496,35.31728],[139.47508,35.31735],[139.47536,35.31736],[139.47559,35.31743],[139.47574,35.31755],[139.4758,35.31769],[139.47583,35.31808],[139.47572,35.31919],[139.47573,35.31967],[139.47588,35.32032],[139.47616,35.32092],[139.47635,35.32155],[139.47643,35.32243],[139.47635,35.323],[139.47615,35.32341],[139.47575,35.32385],[139.4757,35.3241],[139.47577,35.3245],[139.47568,35.3247],[139.47556,35.32482],[139.4752,35.3249],[139.47455,35.32494],[139.47131,35.32486],[139.47033,35.32495],[139.47009,35.32507],[139.47005,35.32531],[139.46989,35.32552],[139.46951,35.32575],[139.46908,35.32582],[139.46813,35.32576],[139.46774,35.32579],[139.46718,35.32597],[139.46667,35.32627],[139.46619,35.32648],[139.46539,35.32661],[139.46524,35.3267],[139.46515,35.32686],[139.46505,35.32745],[139.46459,35.32837],[139.46455,35.32869],[139.46467,35.32879],[139.46534,35.32889],[139.4656,35.32912],[139.46573,35.32918],[139.4667,35.32915],[139.46698,35.32922],[139.4675,35.32949],[139.46772,35.32956],[139.46776,35.32949],[139.4677,35.32927],[139.46772,35.32913],[139.4678,35.32903],[139.46796,35.32895],[139.46833,35.32889],[139.46869,35.32888],[139.46989,35.32896],[139.47023,35.3289],[139.47033,35.32883],[139.47041,35.32861],[139.47024,35.328],[139.4703,35.32766],[139.47087,35.32719],[139.47106,35.32688],[139.47135,35.32673],[139.47193,35.32661],[139.4728,35.32652],[139.47538,35.32645],[139.47615,35.32652],[139.47625,35.32657],[139.47647,35.32678],[139.47672,35.32682],[139.47695,35.32675],[139.47716,35.32652],[139.47738,35.32638],[139.47771,35.32628],[139.47809,35.32623],[139.47835,35.32627],[139.47849,35.32641],[139.47854,35.32667],[139.47843,35.32706],[139.47845,35.32722],[139.4786,35.32742],[139.479,35.32772],[139.47905,35.32795],[139.47897,35.32819],[139.47899,35.32838],[139.47934,35.3287],[139.47942,35.32913],[139.47938,35.32955],[139.47929,35.32983],[139.47887,35.33053],[139.47879,35.33079],[139.47882,35.33104],[139.47913,35.33153],[139.47923,35.33186],[139.47921,35.33251],[139.47899,35.33375],[139.47904,35.33423],[139.4792,35.33451],[139.47913,35.3348],[139.47879,35.33511],[139.4783,35.33541],[139.47789,35.33557],[139.47747,35.33563],[139.47735,35.33568],[139.47729,35.33584],[139.47735,35.33607],[139.47729,35.33621],[139.47701,35.33635],[139.47654,35.33645],[139.47622,35.33656],[139.47611,35.33666],[139.47607,35.33681],[139.47601,35.33687],[139.47526,35.33681],[139.47466,35.33693],[139.47421,35.33711],[139.47401,35.33725],[139.47391,35.3374],[139.47385,35.33764],[139.47368,35.33775],[139.47316,35.33784],[139.4724,35.33788],[139.47203,35.338],[139.47189,35.3381],[139.47171,35.33837],[139.47168,35.33854],[139.4717,35.33909],[139.47185,35.33963],[139.47198,35.33981],[139.47211,35.33988],[139.47282,35.34004],[139.47403,35.34011],[139.47575,35.34007],[139.47646,35.33997],[139.47666,35.33987],[139.47684,35.33959],[139.47711,35.33861],[139.47733,35.33824],[139.47754,35.33812],[139.47792,35.33808],[139.47818,35.33799],[139.47827,35.33787],[139.47834,35.33758],[139.47846,35.33748],[139.47924,35.33738],[139.4794,35.33732],[139.47966,35.3371],[139.47997,35.3371],[139.48074,35.33729],[139.48099,35.33728],[139.48119,35.3372],[139.48142,35.33698],[139.48166,35.33685],[139.48185,35.33684],[139.48224,35.3369],[139.48242,35.33685],[139.48281,35.33653],[139.48303,35.33643],[139.4835,35.33639],[139.48408,35.33645],[139.48441,35.33644],[139.48477,35.33631],[139.48514,35.33602],[139.48546,35.33593],[139.48694,35.33584],[139.48746,35.33576],[139.4892,35.3353],[139.48944,35.33528],[139.48978,35.33535],[139.48993,35.33527],[139.49005,35.33513],[139.49018,35.33509],[139.49048,35.33513],[139.49118,35.33536],[139.49165,35.33542],[139.49227,35.3354],[139.49253,35.33527],[139.4926,35.33505],[139.49252,35.3348],[139.49233,35.33454],[139.4919,35.33414],[139.49175,35.33376],[139.4916,35.33359],[139.49115,35.33326],[139.49046,35.33287],[139.49003,35.33269],[139.48962,35.3326],[139.48925,35.33259],[139.48879,35.33269],[139.48848,35.33281],[139.48828,35.33302],[139.4881,35.33312],[139.48733,35.33325],[139.48582,35.33385],[139.48494,35.33404],[139.48434,35.33405],[139.48391,35.33399],[139.48374,35.33391],[139.48352,35.3337],[139.48303,35.33372],[139.48244,35.33345],[139.48205,35.33319],[139.48173,35.33288],[139.48147,35.33233],[139.48149,35.33168],[139.48168,35.33134],[139.48183,35.33122],[139.48224,35.33109],[139.48251,35.33107],[139.48372,35.33122],[139.48423,35.33123],[139.48436,35.33116],[139.48438,35.33105],[139.48447,35.33097],[139.48472,35.33091],[139.48529,35.33086],[139.48545,35.33076],[139.48548,35.3306],[139.48557,35.33053],[139.48595,35.33046],[139.48631,35.33048],[139.48646,35.33053],[139.48655,35.33061],[139.48658,35.33076],[139.48667,35.33086],[139.48704,35.33101],[139.48773,35.33108],[139.48828,35.33101],[139.48849,35.33085],[139.48862,35.33055],[139.48866,35.3301],[139.48861,35.32952],[139.48851,35.32886],[139.48841,35.32862],[139.48823,35.32877],[139.48808,35.32881],[139.48738,35.32873],[139.48723,35.32875],[139.48714,35.32881],[139.4871,35.32895],[139.48702,35.32899],[139.48676,35.32895],[139.48607,35.32872],[139.48525,35.32865],[139.48443,35.32872],[139.48316,35.32894],[139.48261,35.32898],[139.48239,35.32894],[139.48211,35.32868],[139.48186,35.32864],[139.48166,35.32847],[139.48152,35.32822],[139.48132,35.32763],[139.48122,35.32712],[139.48127,35.32686],[139.4815,35.32681],[139.48158,35.32673],[139.48166,35.32632],[139.48176,35.32619],[139.48212,35.32612],[139.48239,35.32586]]],[[[139.51575,35.34073],[139.51595,35.34045],[139.51646,35.34058],[139.51659,35.34056],[139.51661,35.34052],[139.51642,35.34006],[139.51642,35.33981],[139.5166,35.33942],[139.51696,35.33901],[139.51711,35.33875],[139.51715,35.3385],[139.51695,35.33797],[139.517,35.33785],[139.51735,35.33789],[139.51756,35.33786],[139.51787,35.33768],[139.51818,35.33738],[139.51853,35.33724],[139.51879,35.33724],[139.51918,35.33738],[139.51952,35.33742],[139.5197,35.33738],[139.51992,35.33723],[139.52021,35.33713],[139.52094,35.33704],[139.5212,35.33688],[139.52144,35.33639],[139.52157,35.33624],[139.52173,35.33613],[139.52216,35.33596],[139.52225,35.33587],[139.52232,35.33567],[139.52247,35.33567],[139.52274,35.33575],[139.52378,35.33616],[139.52408,35.33619],[139.52428,35.33611],[139.52437,35.33591],[139.52457,35.33573],[139.52494,35.3356],[139.52548,35.33553],[139.52681,35.33548],[139.52738,35.33531],[139.52752,35.33513],[139.52761,35.33467],[139.52789,35.33445],[139.52799,35.33429],[139.5281,35.33333],[139.52821,35.33301],[139.52853,35.33263],[139.529,35.33236],[139.52922,35.33217],[139.52935,35.33187],[139.52924,35.33154],[139.52902,35.33137],[139.52868,35.33124],[139.5277,35.33108],[139.52706,35.33086],[139.52675,35.33065],[139.52616,35.32999],[139.52593,35.32989],[139.52574,35.32992],[139.52564,35.33005],[139.52556,35.33044],[139.52543,35.33048],[139.52524,35.33043],[139.52507,35.33053],[139.52486,35.3311],[139.5247,35.33131],[139.52448,35.33146],[139.52386,35.33163],[139.52362,35.33178],[139.52343,35.33212],[139.52339,35.3326],[139.52323,35.33298],[139.52304,35.33316],[139.52241,35.33351],[139.52232,35.33363],[139.52228,35.33378],[139.5222,35.33384],[139.52194,35.33385],[139.52155,35.3338],[139.5213,35.33383],[139.52095,35.33401],[139.5205,35.33438],[139.52024,35.33449],[139.51993,35.33452],[139.51919,35.33446],[139.519,35.33449],[139.51874,35.33468],[139.51835,35.33476],[139.51728,35.33482],[139.51625,35.33482],[139.51531,35.3349],[139.5146,35.3351],[139.51433,35.33524],[139.51396,35.3356],[139.5137,35.33622],[139.51359,35.33664],[139.51367,35.337],[139.51362,35.33705],[139.5134,35.33708],[139.51335,35.33717],[139.51343,35.33749],[139.51376,35.33819],[139.51422,35.33843],[139.5143,35.33859],[139.51431,35.33887],[139.51396,35.33904],[139.51381,35.33932],[139.51375,35.33998],[139.51378,35.34016],[139.51393,35.34045],[139.51405,35.34056],[139.51438,35.34072],[139.51524,35.34083],[139.51554,35.34081],[139.51575,35.34073]]],[[[139.4873,35.34782],[139.48756,35.34711],[139.48754,35.34667],[139.48732,35.34629],[139.48691,35.34597],[139.48613,35.34558],[139.48546,35.34533],[139.48474,35.34516],[139.48435,35.34498],[139.48414,35.34481],[139.48372,35.34428],[139.48329,35.34413],[139.48321,35.34397],[139.48319,35.34374],[139.48308,35.34358],[139.48262,35.34349],[139.48212,35.34327],[139.48046,35.3422],[139.48009,35.34206],[139.47991,35.34204],[139.47936,35.34216],[139.47881,35.34131],[139.47841,35.34103],[139.47794,35.34092],[139.477,35.34092],[139.4762,35.34107],[139.47586,35.34122],[139.47574,35.34131],[139.47564,35.34152],[139.47563,35.34188],[139.47579,35.34228],[139.47609,35.34268],[139.47636,35.34291],[139.47686,35.34318],[139.47772,35.3435],[139.4779,35.34364],[139.47801,35.34395],[139.47813,35.34405],[139.47852,35.3441],[139.47926,35.34404],[139.47962,35.34413],[139.48001,35.34461],[139.48046,35.3448],[139.48065,35.34495],[139.48078,35.34543],[139.48085,35.34551],[139.48119,35.3456],[139.48134,35.34605],[139.48159,35.34613],[139.48234,35.34607],[139.48256,35.34609],[139.48272,35.34615],[139.48285,35.3463],[139.48311,35.34644],[139.484,35.34667],[139.48425,35.3468],[139.48448,35.34701],[139.48484,35.34758],[139.48512,35.34758],[139.48513,35.34786],[139.48522,35.34794],[139.48611,35.3479],[139.4862,35.34796],[139.48625,35.34816],[139.48641,35.34829],[139.48668,35.34839],[139.48688,35.34834],[139.48709,35.34815],[139.4873,35.34782]]],[[[139.47633,35.35453],[139.47598,35.35438],[139.47517,35.35431],[139.47489,35.35435],[139.47444,35.35452],[139.47427,35.35466],[139.47403,35.35505],[139.47392,35.35558],[139.47397,35.35603],[139.47417,35.35635],[139.47453,35.35653],[139.47476,35.35656],[139.47528,35.35656],[139.47584,35.35646],[139.47606,35.35635],[139.47625,35.35606],[139.47646,35.35598],[139.47674,35.35602],[139.47702,35.35615],[139.47749,35.35657],[139.47767,35.35665],[139.47805,35.35662],[139.47875,35.35635],[139.47875,35.35613],[139.47832,35.35511],[139.47817,35.3549],[139.47797,35.35477],[139.47764,35.35485],[139.47692,35.35535],[139.47673,35.3554],[139.47666,35.35537],[139.47657,35.35521],[139.47652,35.35476],[139.47633,35.35453]]],[[[139.47321,35.35859],[139.47334,35.35848],[139.47349,35.35815],[139.47352,35.35767],[139.47343,35.35727],[139.47322,35.35701],[139.47289,35.35689],[139.472,35.35692],[139.47161,35.35688],[139.47127,35.35678],[139.47062,35.35645],[139.47034,35.35641],[139.47019,35.35645],[139.47,35.35671],[139.46995,35.35718],[139.47007,35.35752],[139.47027,35.35768],[139.47113,35.35793],[139.47132,35.35805],[139.47162,35.35844],[139.47203,35.35861],[139.47267,35.35871],[139.47288,35.35871],[139.47321,35.35859]]],[[[139.46277,35.38961],[139.46299,35.38951],[139.46321,35.3893],[139.46337,35.38929],[139.46366,35.38936],[139.46382,35.38934],[139.4645,35.38905],[139.46488,35.38899],[139.465,35.38903],[139.46507,35.38913],[139.46516,35.38958],[139.46538,35.38971],[139.46602,35.38973],[139.46725,35.38959],[139.46787,35.38968],[139.46811,35.38984],[139.46841,35.39021],[139.46859,35.39031],[139.46899,35.39036],[139.4693,35.39049],[139.47004,35.39111],[139.47029,35.39121],[139.47082,35.39127],[139.47105,35.39136],[139.47133,35.39163],[139.47175,35.39232],[139.47202,35.39251],[139.47289,35.39261],[139.47394,35.39258],[139.47434,35.39247],[139.47473,35.39224],[139.47521,35.39217],[139.47534,35.3921],[139.47534,35.3918],[139.47521,35.39148],[139.47499,35.39111],[139.47472,35.39084],[139.47422,35.39062],[139.47325,35.39052],[139.47312,35.39044],[139.47309,35.39028],[139.47297,35.39018],[139.4724,35.39007],[139.47229,35.38991],[139.47219,35.38945],[139.47204,35.38926],[139.47188,35.38916],[139.4713,35.38908],[139.47021,35.38915],[139.4697,35.38911],[139.46888,35.38881],[139.46802,35.38873],[139.46786,35.38866],[139.46766,35.38846],[139.46747,35.38837],[139.46652,35.38819],[139.46609,35.38817],[139.46573,35.38821],[139.46544,35.38831],[139.46512,35.38852],[139.46498,35.38855],[139.46489,35.38846],[139.46485,35.38813],[139.46474,35.38785],[139.46447,35.3876],[139.46404,35.38735],[139.46318,35.38703],[139.46267,35.38693],[139.46206,35.38696],[139.46176,35.3871],[139.46138,35.38744],[139.4613,35.38761],[139.46129,35.38785],[139.46136,35.38805],[139.46164,35.38825],[139.46174,35.38839],[139.46187,35.38934],[139.46199,35.38953],[139.46218,35.38963],[139.46244,35.38965],[139.46277,35.38961]]],[[[139.50872,35.40533],[139.50919,35.40535],[139.50955,35.40544],[139.50971,35.40556],[139.5099,35.40587],[139.51006,35.40599],[139.51081,35.40623],[139.51122,35.40645],[139.51163,35.40675],[139.51191,35.40709],[139.512,35.40743],[139.51195,35.40785],[139.5121,35.40806],[139.51275,35.40829],[139.51345,35.40872],[139.51435,35.40949],[139.5148,35.4101],[139.51504,35.41027],[139.51566,35.41052],[139.51675,35.41086],[139.51721,35.41112],[139.51732,35.41129],[139.51731,35.41145],[139.51724,35.41164],[139.51695,35.41184],[139.51682,35.41205],[139.51677,35.41239],[139.51681,35.41277],[139.51696,35.41302],[139.5174,35.41323],[139.51751,35.41333],[139.51768,35.41386],[139.51796,35.41395],[139.51808,35.41409],[139.5184,35.41532],[139.51865,35.4157],[139.51903,35.41586],[139.51926,35.41585],[139.51945,35.41576],[139.51958,35.41558],[139.5198,35.41501],[139.51996,35.41485],[139.52029,35.41476],[139.52037,35.41449],[139.5206,35.41473],[139.52086,35.41481],[139.52136,35.41482],[139.52157,35.41477],[139.52173,35.41468],[139.52187,35.41446],[139.5219,35.41427],[139.52185,35.41419],[139.52162,35.41415],[139.52149,35.41405],[139.52144,35.41386],[139.52147,35.41365],[139.52157,35.41357],[139.52182,35.41363],[139.52203,35.41362],[139.5223,35.41346],[139.52243,35.41327],[139.52246,35.41312],[139.52233,35.4128],[139.52211,35.41265],[139.52177,35.41251],[139.5208,35.41227],[139.52028,35.4121],[139.52011,35.41199],[139.52,35.41175],[139.5198,35.41168],[139.51961,35.41168],[139.51944,35.41159],[139.51929,35.41125],[139.51924,35.41044],[139.51913,35.40983],[139.5189,35.40928],[139.51867,35.40896],[139.51833,35.40873],[139.51789,35.40858],[139.51654,35.40848],[139.51608,35.40835],[139.51596,35.40821],[139.51594,35.40804],[139.51583,35.40786],[139.51551,35.40755],[139.51478,35.40699],[139.51452,35.40665],[139.51438,35.40631],[139.51418,35.40608],[139.51369,35.40574],[139.51324,35.40552],[139.51281,35.40515],[139.51245,35.40461],[139.51229,35.40427],[139.51181,35.40255],[139.51145,35.40189],[139.51123,35.40165],[139.51098,35.40147],[139.51069,35.40135],[139.51038,35.40128],[139.50972,35.4013],[139.50916,35.40137],[139.50851,35.40158],[139.50821,35.40179],[139.508,35.402],[139.50787,35.4022],[139.50783,35.40239],[139.50788,35.40256],[139.50801,35.40275],[139.50818,35.40285],[139.50842,35.40289],[139.5085,35.40296],[139.50855,35.40324],[139.50847,35.40345],[139.50818,35.40363],[139.50785,35.40368],[139.50773,35.40361],[139.50767,35.40338],[139.50741,35.4033],[139.50709,35.40341],[139.50671,35.40368],[139.50638,35.40405],[139.50634,35.40423],[139.50639,35.40432],[139.5066,35.40441],[139.50722,35.40445],[139.5077,35.40458],[139.50814,35.40486],[139.50825,35.40503],[139.50829,35.40519],[139.50839,35.40527],[139.50872,35.40533]]],[[[139.47587,35.41098],[139.47582,35.41077],[139.47549,35.4102],[139.47618,35.4101],[139.47644,35.41022],[139.47666,35.41072],[139.47678,35.41149],[139.47696,35.41202],[139.47712,35.4122],[139.4776,35.41231],[139.47777,35.41259],[139.47798,35.41268],[139.47852,35.41279],[139.47923,35.41285],[139.4799,35.41285],[139.48053,35.41279],[139.48108,35.41267],[139.48137,35.41255],[139.48183,35.41225],[139.48206,35.41215],[139.48243,35.41211],[139.48283,35.41217],[139.48313,35.41216],[139.4836,35.41185],[139.48497,35.41159],[139.48543,35.41138],[139.48579,35.41098],[139.48611,35.41077],[139.48639,35.4107],[139.48689,35.41067],[139.48724,35.4106],[139.48775,35.41039],[139.48831,35.41008],[139.48918,35.4098],[139.48995,35.40966],[139.49129,35.40951],[139.49196,35.4095],[139.4922,35.40953],[139.4925,35.40965],[139.49256,35.40986],[139.49248,35.41019],[139.49228,35.41053],[139.49185,35.41107],[139.49172,35.41144],[139.49177,35.41176],[139.49209,35.41216],[139.49222,35.41252],[139.49227,35.41307],[139.49223,35.41368],[139.49207,35.4141],[139.4916,35.41449],[139.49181,35.41456],[139.49192,35.41472],[139.49206,35.4152],[139.49218,35.4159],[139.4924,35.41647],[139.49261,35.41675],[139.49309,35.41713],[139.49325,35.41735],[139.49333,35.4176],[139.49339,35.41811],[139.49348,35.41829],[139.49362,35.41842],[139.4939,35.41854],[139.49404,35.4187],[139.49413,35.41895],[139.49417,35.41928],[139.49411,35.41981],[139.49391,35.42015],[139.49368,35.42027],[139.49312,35.42044],[139.49277,35.42075],[139.49241,35.42087],[139.49149,35.42104],[139.49108,35.42121],[139.49061,35.42163],[139.49041,35.42173],[139.4902,35.42175],[139.49006,35.42184],[139.48964,35.42249],[139.48935,35.42275],[139.48912,35.42284],[139.48873,35.42287],[139.48847,35.42293],[139.48839,35.42301],[139.48835,35.42316],[139.48827,35.42326],[139.48775,35.42343],[139.4875,35.42356],[139.48728,35.42379],[139.48702,35.42432],[139.48692,35.42475],[139.48695,35.42509],[139.48712,35.42535],[139.48743,35.42553],[139.48801,35.42564],[139.48848,35.42556],[139.48906,35.42509],[139.48933,35.42494],[139.49011,35.42473],[139.49044,35.42458],[139.49055,35.42445],[139.49066,35.42398],[139.49081,35.42379],[139.49104,35.42364],[139.49208,35.42331],[139.49254,35.42296],[139.49277,35.42295],[139.49306,35.42301],[139.49334,35.42297],[139.49349,35.42287],[139.49384,35.42253],[139.49405,35.42243],[139.49437,35.42238],[139.49474,35.42207],[139.49497,35.42206],[139.49527,35.42211],[139.49546,35.42208],[139.4957,35.4219],[139.49612,35.42139],[139.49633,35.4213],[139.49645,35.42132],[139.49652,35.42141],[139.49655,35.42157],[139.49647,35.42219],[139.49663,35.42248],[139.49684,35.42263],[139.49724,35.42277],[139.4976,35.42281],[139.49802,35.42275],[139.49825,35.42282],[139.49836,35.42296],[139.49856,35.42344],[139.49901,35.42384],[139.49927,35.42431],[139.49965,35.42532],[139.4998,35.42597],[139.49982,35.42631],[139.49974,35.42687],[139.49983,35.42715],[139.50005,35.42753],[139.50009,35.42777],[139.50003,35.42881],[139.50018,35.4291],[139.50053,35.42933],[139.50063,35.42946],[139.50053,35.42974],[139.50058,35.43024],[139.50069,35.43065],[139.50074,35.43071],[139.50084,35.43073],[139.50119,35.43033],[139.50136,35.43022],[139.50154,35.43019],[139.50184,35.43025],[139.50212,35.43024],[139.50235,35.43014],[139.50247,35.42998],[139.50257,35.42943],[139.50248,35.42745],[139.50254,35.42677],[139.50264,35.42653],[139.50277,35.42641],[139.5029,35.42618],[139.50303,35.4255],[139.50322,35.42532],[139.50365,35.42513],[139.50377,35.42494],[139.50376,35.4247],[139.50357,35.42454],[139.50286,35.42446],[139.50254,35.42433],[139.50241,35.42408],[139.5025,35.42362],[139.50265,35.42348],[139.50293,35.42343],[139.50359,35.42376],[139.50407,35.42379],[139.50436,35.42365],[139.50454,35.42335],[139.50467,35.42323],[139.50486,35.42316],[139.50546,35.42308],[139.50566,35.42287],[139.50574,35.42237],[139.50589,35.42211],[139.50608,35.42202],[139.50646,35.42199],[139.50672,35.42183],[139.50682,35.42151],[139.50677,35.42114],[139.50665,35.42099],[139.50646,35.4209],[139.50597,35.4209],[139.50571,35.42098],[139.50553,35.42118],[139.50539,35.42125],[139.50505,35.42119],[139.50483,35.4212],[139.50345,35.42165],[139.50309,35.42169],[139.50273,35.42162],[139.50218,35.4219],[139.50197,35.42191],[139.50167,35.42184],[139.50147,35.42186],[139.50058,35.42215],[139.50013,35.42221],[139.49977,35.42217],[139.49964,35.42211],[139.49935,35.42183],[139.49864,35.42172],[139.49807,35.42142],[139.49797,35.42143],[139.49778,35.42165],[139.49756,35.42175],[139.49736,35.42174],[139.49715,35.42161],[139.49688,35.42125],[139.49675,35.42091],[139.49674,35.42057],[139.49683,35.42012],[139.49673,35.41967],[139.49641,35.41919],[139.4962,35.41906],[139.49595,35.41902],[139.49583,35.41883],[139.49583,35.41859],[139.49591,35.41844],[139.49619,35.41836],[139.49632,35.41823],[139.49638,35.41798],[139.49633,35.41765],[139.49612,35.41735],[139.49563,35.41698],[139.4954,35.41671],[139.49512,35.41614],[139.49474,35.41504],[139.49457,35.41475],[139.4942,35.41445],[139.49412,35.41432],[139.49415,35.41417],[139.49446,35.4138],[139.49458,35.41317],[139.49455,35.41254],[139.49436,35.41105],[139.49436,35.41041],[139.49445,35.41026],[139.49464,35.41022],[139.4948,35.4101],[139.49493,35.4098],[139.49492,35.40961],[139.49452,35.40926],[139.49403,35.40832],[139.49377,35.40806],[139.49358,35.408],[139.49319,35.40796],[139.49257,35.40762],[139.4922,35.40754],[139.49177,35.40761],[139.49165,35.40771],[139.49146,35.40799],[139.49148,35.407],[139.49155,35.40664],[139.49174,35.40637],[139.49202,35.40625],[139.49214,35.40612],[139.49219,35.40583],[139.49213,35.40543],[139.49215,35.40522],[139.49223,35.40507],[139.49257,35.40489],[139.49267,35.40475],[139.49266,35.4044],[139.49249,35.40393],[139.49244,35.40362],[139.4925,35.40351],[139.49273,35.40346],[139.49281,35.40338],[139.49286,35.40319],[139.49282,35.40296],[139.49267,35.40279],[139.49211,35.40254],[139.49199,35.40218],[139.4918,35.40204],[139.4915,35.40197],[139.49094,35.40204],[139.49082,35.40201],[139.49077,35.40191],[139.49084,35.40152],[139.49079,35.40128],[139.49067,35.40117],[139.49019,35.40095],[139.49001,35.40056],[139.48919,35.39992],[139.48904,35.39966],[139.48897,35.39926],[139.48878,35.399],[139.48851,35.39882],[139.48807,35.3987],[139.48802,35.39853],[139.4881,35.39813],[139.48808,35.39794],[139.488,35.39778],[139.48765,35.39751],[139.48751,35.39731],[139.48742,35.39704],[139.48735,35.39633],[139.4872,35.39606],[139.4869,35.39589],[139.48666,35.39584],[139.48546,35.39581],[139.48463,35.39561],[139.48441,35.39548],[139.48434,35.39528],[139.48426,35.3952],[139.4841,35.39515],[139.48374,35.39513],[139.48349,35.39517],[139.48328,35.39527],[139.4831,35.39542],[139.48274,35.39588],[139.48247,35.39602],[139.48221,35.39595],[139.48213,35.39567],[139.48203,35.39554],[139.48185,35.39544],[139.48162,35.3954],[139.48125,35.39544],[139.48098,35.39554],[139.48082,35.39566],[139.48076,35.39587],[139.48065,35.39593],[139.48046,35.39594],[139.47969,35.39587],[139.47927,35.39596],[139.47904,35.39608],[139.47871,35.3964],[139.47852,35.39682],[139.47845,35.39684],[139.47827,35.39679],[139.47815,35.39684],[139.47805,35.39717],[139.47797,35.39828],[139.47783,35.39768],[139.47774,35.39751],[139.47769,35.3975],[139.47757,35.3976],[139.47731,35.39814],[139.47715,35.39827],[139.47688,35.39792],[139.47674,35.39784],[139.47636,35.39778],[139.47629,35.39772],[139.47613,35.39739],[139.47602,35.39631],[139.47591,35.39614],[139.47583,35.39611],[139.47564,35.39613],[139.47545,35.39627],[139.47531,35.39652],[139.47503,35.39778],[139.47487,35.39816],[139.47475,35.39825],[139.47462,35.39827],[139.4745,35.39834],[139.47415,35.39901],[139.47398,35.39914],[139.47379,35.39917],[139.47362,35.39936],[139.47327,35.40045],[139.47289,35.40093],[139.47287,35.40109],[139.47295,35.40126],[139.47289,35.40143],[139.47235,35.40185],[139.47223,35.40207],[139.47218,35.40238],[139.47209,35.4025],[139.47166,35.4027],[139.4715,35.40282],[139.47131,35.40312],[139.47119,35.4035],[139.47113,35.40358],[139.47097,35.40367],[139.47076,35.40364],[139.47013,35.4033],[139.46977,35.4032],[139.46951,35.40327],[139.46945,35.4035],[139.46936,35.40356],[139.4692,35.40357],[139.46884,35.40352],[139.46842,35.40333],[139.46816,35.40297],[139.46794,35.40288],[139.46696,35.40311],[139.4664,35.40305],[139.46611,35.40308],[139.4644,35.4037],[139.464,35.40376],[139.46363,35.40376],[139.46329,35.40369],[139.46281,35.40351],[139.46188,35.40286],[139.46168,35.40276],[139.46145,35.40272],[139.46117,35.40286],[139.46066,35.4035],[139.46039,35.40368],[139.4601,35.40379],[139.45998,35.40391],[139.45993,35.4041],[139.45998,35.40448],[139.46011,35.40479],[139.46027,35.40495],[139.46059,35.40501],[139.46086,35.40527],[139.46106,35.40533],[139.46155,35.40534],[139.4626,35.40526],[139.46309,35.4053],[139.46322,35.40537],[139.46335,35.40552],[139.46346,35.40595],[139.46361,35.40604],[139.46385,35.4061],[139.46432,35.4061],[139.46456,35.40605],[139.46475,35.40589],[139.46482,35.40565],[139.46525,35.40547],[139.46736,35.40521],[139.46785,35.40508],[139.468,35.40493],[139.46809,35.4049],[139.4682,35.40495],[139.46858,35.40529],[139.46899,35.40542],[139.46956,35.40545],[139.47005,35.40541],[139.47034,35.4053],[139.47062,35.40505],[139.47087,35.405],[139.4711,35.40511],[139.47131,35.40546],[139.47147,35.40555],[139.47169,35.4056],[139.47243,35.40558],[139.47254,35.40562],[139.47269,35.40579],[139.47277,35.40637],[139.47292,35.40672],[139.47311,35.40687],[139.47358,35.40701],[139.4737,35.40709],[139.47374,35.40718],[139.47368,35.40735],[139.47377,35.40748],[139.47431,35.40765],[139.47457,35.4078],[139.47466,35.40794],[139.47475,35.40833],[139.47529,35.40879],[139.47537,35.40898],[139.47538,35.40926],[139.47521,35.40997],[139.47452,35.4102],[139.47443,35.41029],[139.47439,35.41045],[139.47451,35.41071],[139.47485,35.41103],[139.47505,35.41116],[139.47536,35.41124],[139.47557,35.41123],[139.47575,35.41116],[139.47587,35.41098]]],[[[139.50284,35.40859],[139.50266,35.4088],[139.50265,35.40913],[139.50313,35.41034],[139.50318,35.41064],[139.50312,35.41112],[139.50316,35.41131],[139.50337,35.41154],[139.50375,35.41172],[139.50405,35.41196],[139.50442,35.41266],[139.50465,35.4129],[139.505,35.41314],[139.5051,35.41335],[139.50503,35.41368],[139.50505,35.41383],[139.50513,35.41396],[139.50539,35.41414],[139.50552,35.4143],[139.50552,35.41464],[139.5052,35.41525],[139.50513,35.41557],[139.5052,35.41567],[139.50555,35.41573],[139.50567,35.4158],[139.50579,35.41629],[139.50587,35.41639],[139.50611,35.41656],[139.50624,35.41693],[139.50629,35.41758],[139.50626,35.41837],[139.50615,35.41896],[139.50597,35.41936],[139.50599,35.41957],[139.50621,35.41977],[139.5064,35.41987],[139.50693,35.42005],[139.50813,35.42031],[139.50884,35.42034],[139.50923,35.42016],[139.50929,35.42007],[139.50929,35.41991],[139.50911,35.41973],[139.50875,35.4196],[139.50856,35.41948],[139.50848,35.41934],[139.50851,35.41923],[139.5087,35.41916],[139.50942,35.41922],[139.50982,35.41915],[139.5101,35.41892],[139.51028,35.4185],[139.51022,35.41843],[139.51004,35.4184],[139.50983,35.41827],[139.50932,35.41765],[139.50905,35.41752],[139.50877,35.41749],[139.50861,35.41736],[139.50867,35.41673],[139.50862,35.41641],[139.50807,35.41486],[139.50805,35.41461],[139.50816,35.41417],[139.50813,35.41391],[139.50792,35.41351],[139.50749,35.41319],[139.50729,35.41297],[139.50698,35.41238],[139.50678,35.41181],[139.50642,35.41037],[139.50612,35.40786],[139.50591,35.40698],[139.5057,35.40666],[139.50521,35.40645],[139.50506,35.4063],[139.50498,35.40609],[139.50493,35.40559],[139.50483,35.40538],[139.50442,35.40525],[139.50421,35.40502],[139.50408,35.40494],[139.50352,35.40487],[139.50332,35.4049],[139.50323,35.40498],[139.50323,35.40509],[139.50342,35.40543],[139.5034,35.40563],[139.5033,35.40583],[139.50303,35.40618],[139.50291,35.4065],[139.50286,35.4071],[139.50293,35.4082],[139.50284,35.40859]]],[[[139.5119,35.4365],[139.51208,35.43644],[139.51244,35.43649],[139.51262,35.43659],[139.51277,35.43677],[139.51284,35.43678],[139.51323,35.43645],[139.51457,35.4359],[139.51494,35.43565],[139.51516,35.43509],[139.51565,35.43474],[139.51574,35.43462],[139.51569,35.43421],[139.51605,35.43395],[139.51617,35.43349],[139.51632,35.43324],[139.51677,35.43272],[139.51777,35.43174],[139.51804,35.43138],[139.51807,35.43125],[139.51802,35.4311],[139.51769,35.43084],[139.51816,35.43058],[139.51831,35.43024],[139.51834,35.42954],[139.51825,35.42927],[139.5181,35.4291],[139.51787,35.42902],[139.51774,35.42902],[139.51732,35.42919],[139.51691,35.42961],[139.5165,35.43023],[139.51612,35.43069],[139.51589,35.43087],[139.51559,35.43099],[139.51545,35.43109],[139.51536,35.43125],[139.5153,35.43166],[139.51521,35.43187],[139.51506,35.43206],[139.51441,35.43258],[139.51433,35.43275],[139.51438,35.43308],[139.51433,35.4333],[139.51376,35.43376],[139.5134,35.43442],[139.5132,35.43455],[139.51282,35.43451],[139.51268,35.43458],[139.51256,35.43486],[139.51253,35.43532],[139.51238,35.43557],[139.51219,35.4356],[139.5118,35.43549],[139.51157,35.43553],[139.51146,35.4356],[139.51128,35.43584],[139.51093,35.43665],[139.51072,35.43687],[139.51058,35.43689],[139.51043,35.43695],[139.51037,35.43705],[139.51034,35.43727],[139.51039,35.43741],[139.51051,35.4375],[139.5107,35.43756],[139.51108,35.43755],[139.51129,35.43746],[139.51145,35.43731],[139.51169,35.43671],[139.5119,35.4365]]],[[[139.50218,35.43617],[139.50251,35.43569],[139.50264,35.43525],[139.50256,35.43479],[139.50237,35.43463],[139.50208,35.4346],[139.50194,35.43451],[139.50183,35.43424],[139.50177,35.43369],[139.50156,35.43322],[139.50107,35.43258],[139.50074,35.43226],[139.50056,35.43215],[139.50035,35.43214],[139.50022,35.4322],[139.50009,35.43255],[139.4997,35.43283],[139.49954,35.43303],[139.49938,35.43354],[139.49926,35.43501],[139.49906,35.43554],[139.49887,35.43579],[139.49866,35.4361],[139.49861,35.4363],[139.49862,35.43648],[139.49872,35.43664],[139.49896,35.43677],[139.49934,35.43688],[139.50046,35.43699],[139.501,35.43693],[139.50124,35.43686],[139.50167,35.43664],[139.50218,35.43617]]],[[[139.5021,35.46052],[139.50226,35.46088],[139.50263,35.46114],[139.50277,35.46131],[139.50314,35.46203],[139.50325,35.4621],[139.50362,35.4622],[139.5044,35.4629],[139.50517,35.46327],[139.50556,35.46376],[139.50592,35.46389],[139.50666,35.46395],[139.50694,35.46407],[139.50712,35.46429],[139.50717,35.46444],[139.50722,35.46498],[139.50737,35.46535],[139.50756,35.46548],[139.50794,35.46552],[139.50828,35.46564],[139.50846,35.4658],[139.50888,35.46632],[139.50947,35.46651],[139.50995,35.46688],[139.51024,35.46732],[139.51053,35.46808],[139.51067,35.46827],[139.51095,35.46847],[139.5111,35.46865],[139.51115,35.46907],[139.51097,35.47006],[139.51107,35.47034],[139.51117,35.47044],[139.51148,35.47057],[139.51218,35.4706],[139.51247,35.47047],[139.51262,35.47024],[139.51288,35.47009],[139.51375,35.46999],[139.51406,35.46987],[139.51422,35.46965],[139.51425,35.46937],[139.51416,35.46907],[139.51399,35.46874],[139.51398,35.4685],[139.51408,35.46839],[139.51444,35.46825],[139.51465,35.46808],[139.51478,35.46785],[139.51473,35.46766],[139.51456,35.46758],[139.51397,35.46753],[139.51371,35.46746],[139.51346,35.46725],[139.51332,35.46694],[139.51316,35.46678],[139.5128,35.46666],[139.51232,35.46663],[139.51204,35.46656],[139.51172,35.46634],[139.51133,35.46588],[139.51106,35.46575],[139.51077,35.46572],[139.5106,35.46561],[139.51042,35.46529],[139.51029,35.46482],[139.51012,35.46457],[139.50969,35.46433],[139.50898,35.46415],[139.50878,35.464],[139.5087,35.46379],[139.50872,35.46325],[139.50857,35.46299],[139.50831,35.46275],[139.50771,35.46235],[139.50721,35.46188],[139.50634,35.4608],[139.50505,35.459],[139.50451,35.4584],[139.50406,35.45805],[139.50387,35.45796],[139.50341,35.45785],[139.50318,35.45774],[139.50303,35.45761],[139.5029,35.45738],[139.50279,35.45728],[139.50256,35.45724],[139.50236,35.45728],[139.5022,35.45738],[139.50212,35.45753],[139.50211,35.45787],[139.50233,35.45843],[139.50244,35.45856],[139.50266,35.45869],[139.50268,35.45874],[139.50244,35.45891],[139.50227,35.45921],[139.50211,35.45997],[139.5021,35.46052]]],[[[139.49135,35.46842],[139.49146,35.4688],[139.49153,35.46979],[139.49165,35.47009],[139.49184,35.47031],[139.49209,35.47045],[139.49251,35.47055],[139.49292,35.47056],[139.49331,35.47048],[139.49345,35.47037],[139.4935,35.47022],[139.49331,35.46979],[139.49323,35.46932],[139.49329,35.46798],[139.49314,35.46767],[139.49258,35.4674],[139.49235,35.46719],[139.49222,35.467],[139.49207,35.46637],[139.49202,35.46544],[139.49183,35.4649],[139.4916,35.46467],[139.49145,35.46458],[139.49089,35.46446],[139.49069,35.46456],[139.49065,35.46479],[139.49054,35.46492],[139.49022,35.46507],[139.4899,35.46513],[139.48962,35.46523],[139.48942,35.46538],[139.48929,35.46572],[139.48933,35.46615],[139.48942,35.46646],[139.48975,35.46711],[139.49006,35.4675],[139.49026,35.46764],[139.49086,35.46778],[139.49098,35.46811],[139.49135,35.46842]]],[[[139.47326,35.46885],[139.47358,35.46854],[139.47372,35.46831],[139.47386,35.46774],[139.47381,35.46711],[139.47368,35.46671],[139.47342,35.46618],[139.47341,35.46595],[139.47349,35.46575],[139.47338,35.4657],[139.47312,35.46576],[139.47289,35.46586],[139.4728,35.46595],[139.47275,35.46616],[139.47263,35.46633],[139.47211,35.4667],[139.47191,35.467],[139.47162,35.46774],[139.47138,35.46801],[139.4711,35.4682],[139.471,35.46838],[139.47102,35.46876],[139.47118,35.46926],[139.47127,35.4698],[139.4712,35.47074],[139.47123,35.47099],[139.47136,35.47113],[139.47157,35.47116],[139.47181,35.47113],[139.47191,35.4712],[139.47181,35.47148],[139.47137,35.47211],[139.47127,35.4724],[139.47132,35.47278],[139.4715,35.47302],[139.47154,35.47304],[139.4716,35.47298],[139.47165,35.47251],[139.47185,35.47209],[139.47215,35.47176],[139.47301,35.47104],[139.47302,35.47081],[139.47346,35.47031],[139.47367,35.47017],[139.47394,35.47012],[139.47403,35.46996],[139.47397,35.46951],[139.47382,35.46919],[139.47367,35.46906],[139.47331,35.469],[139.47323,35.46895],[139.47326,35.46885]]],[[[139.4787,35.512],[139.47909,35.5119],[139.47933,35.51175],[139.47961,35.51141],[139.47995,35.51078],[139.48021,35.51052],[139.48054,35.5103],[139.4811,35.51003],[139.48133,35.50986],[139.48138,35.50978],[139.48136,35.50961],[139.48111,35.50935],[139.48096,35.50903],[139.48096,35.50873],[139.48112,35.50802],[139.48029,35.50802],[139.48009,35.50773],[139.47988,35.50759],[139.47971,35.50754],[139.47807,35.50971],[139.47772,35.51032],[139.47699,35.51121],[139.47697,35.5114],[139.47706,35.51168],[139.47751,35.51216],[139.47801,35.51264],[139.4784,35.51215],[139.4787,35.512]]],[[[139.46692,35.50834],[139.46748,35.50776],[139.46744,35.50763],[139.46746,35.50746],[139.46763,35.50718],[139.46773,35.50711],[139.46793,35.50708],[139.46806,35.50684],[139.46802,35.5067],[139.46806,35.50662],[139.46815,35.50659],[139.46827,35.50621],[139.46827,35.50565],[139.46792,35.50562],[139.46734,35.5055],[139.46701,35.50534],[139.46667,35.50507],[139.46645,35.50476],[139.46628,35.50435],[139.46615,35.50423],[139.46589,35.50414],[139.4657,35.50416],[139.46558,35.50427],[139.46553,35.50446],[139.46559,35.50506],[139.4655,35.50551],[139.46533,35.50577],[139.46486,35.50623],[139.46474,35.50648],[139.4647,35.50675],[139.46475,35.50715],[139.46471,35.50736],[139.46449,35.50757],[139.464,35.50771],[139.46374,35.50784],[139.4636,35.50799],[139.46354,35.50817],[139.46347,35.50921],[139.46356,35.51019],[139.46375,35.51057],[139.46386,35.51064],[139.46421,35.51074],[139.46429,35.51097],[139.46428,35.51113],[139.46416,35.51132],[139.46374,35.51152],[139.46358,35.51173],[139.46363,35.51248],[139.46353,35.51286],[139.46327,35.5132],[139.4629,35.51346],[139.46246,35.51358],[139.46197,35.5136],[139.46161,35.51366],[139.4614,35.51379],[139.46135,35.51395],[139.46145,35.51408],[139.4618,35.51423],[139.46194,35.51445],[139.46206,35.51501],[139.46209,35.516],[139.46219,35.51642],[139.4623,35.51653],[139.4625,35.51655],[139.46265,35.51663],[139.46286,35.51701],[139.46289,35.51723],[139.46283,35.51738],[139.46244,35.51768],[139.46242,35.5178],[139.46249,35.51803],[139.46274,35.51831],[139.46321,35.51786],[139.4632,35.51785],[139.46325,35.51778],[139.4633,35.51777],[139.46344,35.51762],[139.46357,35.51736],[139.46356,35.51728],[139.46362,35.51725],[139.4639,35.51664],[139.46403,35.51613],[139.46397,35.51437],[139.4641,35.51306],[139.46415,35.51289],[139.46411,35.51286],[139.46401,35.51273],[139.46402,35.51262],[139.46414,35.51252],[139.46426,35.5125],[139.46437,35.51209],[139.46438,35.51206],[139.46437,35.51205],[139.46429,35.51177],[139.46438,35.51162],[139.46458,35.51157],[139.46485,35.5109],[139.46547,35.51003],[139.4653,35.50999],[139.46518,35.50989],[139.46513,35.50962],[139.46521,35.50935],[139.46533,35.50925],[139.46568,35.5091],[139.46639,35.50854],[139.46674,35.50836],[139.46692,35.50834]]],[[[139.49144,35.52959],[139.49157,35.52953],[139.49178,35.5293],[139.49214,35.52921],[139.49222,35.52906],[139.49224,35.52881],[139.49217,35.52802],[139.4923,35.52756],[139.49252,35.52739],[139.49331,35.52716],[139.49342,35.52706],[139.49344,35.52696],[139.49336,35.52679],[139.49289,35.52643],[139.49269,35.52614],[139.49253,35.52504],[139.49244,35.5249],[139.49225,35.52478],[139.49212,35.5245],[139.49199,35.52326],[139.4919,35.5231],[139.4917,35.52298],[139.49154,35.52277],[139.49133,35.52216],[139.4912,35.52193],[139.4909,35.52166],[139.49052,35.52148],[139.49035,35.52135],[139.49026,35.52113],[139.4903,35.5208],[139.49019,35.52066],[139.48925,35.5202],[139.48906,35.52002],[139.48885,35.5196],[139.4887,35.51945],[139.48848,35.51935],[139.48801,35.51931],[139.4876,35.51937],[139.48734,35.51953],[139.48719,35.51984],[139.48713,35.52023],[139.48719,35.52034],[139.48734,35.52042],[139.48805,35.52059],[139.48833,35.52074],[139.48838,35.52096],[139.4883,35.52111],[139.48814,35.52123],[139.48792,35.5213],[139.48762,35.52133],[139.48715,35.52132],[139.48669,35.52126],[139.48638,35.5211],[139.48629,35.5208],[139.48625,35.52075],[139.48584,35.5213],[139.48567,35.52172],[139.48569,35.52221],[139.48625,35.52292],[139.48653,35.52298],[139.48678,35.52321],[139.48698,35.52327],[139.48747,35.52328],[139.48814,35.52323],[139.48863,35.5233],[139.48883,35.52344],[139.48897,35.52375],[139.48913,35.52392],[139.48949,35.5241],[139.48996,35.52422],[139.49018,35.52438],[139.49029,35.52463],[139.4903,35.52496],[139.4902,35.52533],[139.49003,35.52562],[139.4899,35.52573],[139.4896,35.5259],[139.48904,35.52601],[139.48877,35.52615],[139.48878,35.52629],[139.48923,35.52675],[139.4893,35.527],[139.48923,35.52717],[139.48876,35.52752],[139.48866,35.5277],[139.48864,35.52794],[139.48887,35.52868],[139.48887,35.52894],[139.48852,35.52907],[139.48839,35.5294],[139.48792,35.52962],[139.48776,35.5299],[139.48776,35.53036],[139.48788,35.53084],[139.48801,35.53096],[139.48809,35.53096],[139.48827,35.53086],[139.48848,35.53065],[139.48883,35.53047],[139.48909,35.53044],[139.48949,35.53049],[139.48982,35.53038],[139.49001,35.53021],[139.49023,35.52983],[139.49052,35.52959],[139.49075,35.52955],[139.49125,35.52961],[139.49144,35.52959]]],[[[139.48733,35.53835],[139.48721,35.53843],[139.48712,35.53868],[139.48717,35.53878],[139.48732,35.53885],[139.48825,35.53877],[139.48849,35.53881],[139.48868,35.53899],[139.4887,35.5392],[139.48878,35.53936],[139.48896,35.53944],[139.48924,35.53943],[139.48997,35.53928],[139.4902,35.53929],[139.49033,35.53937],[139.49038,35.53967],[139.49048,35.53984],[139.49066,35.53995],[139.49081,35.53997],[139.49107,35.53993],[139.49165,35.53969],[139.49182,35.53967],[139.49211,35.53974],[139.49222,35.53973],[139.49237,35.5396],[139.4925,35.53937],[139.49279,35.53921],[139.49329,35.53915],[139.49383,35.53918],[139.49414,35.53931],[139.49425,35.53961],[139.49456,35.5398],[139.49494,35.5399],[139.4959,35.54003],[139.49631,35.54016],[139.49642,35.54026],[139.49648,35.54043],[139.49663,35.54054],[139.49735,35.54083],[139.49775,35.54107],[139.4981,35.54148],[139.4983,35.54164],[139.49877,35.54172],[139.49982,35.54156],[139.50018,35.5416],[139.50027,35.54172],[139.50019,35.54206],[139.49965,35.54269],[139.49972,35.54284],[139.49998,35.54295],[139.50006,35.54323],[139.49998,35.54352],[139.49965,35.54423],[139.4996,35.5445],[139.49962,35.5447],[139.49982,35.54488],[139.50014,35.54499],[139.50136,35.54503],[139.50221,35.54449],[139.50263,35.54408],[139.50278,35.54385],[139.50284,35.54361],[139.50274,35.54318],[139.5024,35.5427],[139.50202,35.54234],[139.50178,35.54222],[139.50136,35.54223],[139.50117,35.54215],[139.50093,35.54181],[139.50063,35.54111],[139.50043,35.54086],[139.5002,35.5407],[139.49981,35.54058],[139.49959,35.54047],[139.49938,35.54023],[139.49925,35.53991],[139.49907,35.53967],[139.49891,35.53956],[139.49852,35.5394],[139.49818,35.5391],[139.49799,35.53877],[139.4979,35.5384],[139.49792,35.53808],[139.49808,35.53736],[139.49836,35.53714],[139.4987,35.53713],[139.49882,35.53707],[139.49864,35.53669],[139.50121,35.53397],[139.50154,35.53353],[139.50168,35.53325],[139.50171,35.53308],[139.50184,35.53293],[139.50223,35.53273],[139.50298,35.53248],[139.50327,35.53232],[139.5035,35.53213],[139.50365,35.53191],[139.50378,35.5316],[139.5038,35.53131],[139.50371,35.531],[139.50377,35.53087],[139.50412,35.53077],[139.50426,35.53044],[139.50475,35.53031],[139.5055,35.52979],[139.50582,35.52964],[139.50636,35.52951],[139.50695,35.52951],[139.50728,35.52958],[139.50764,35.5298],[139.5078,35.53001],[139.50795,35.53037],[139.50808,35.53135],[139.50821,35.53151],[139.5084,35.53154],[139.50847,35.5316],[139.50843,35.53198],[139.50855,35.53208],[139.50914,35.53211],[139.51051,35.53199],[139.51104,35.53227],[139.51128,35.53235],[139.51159,35.53236],[139.5119,35.53231],[139.51206,35.53234],[139.51219,35.53244],[139.51236,35.53282],[139.51254,35.53304],[139.5127,35.53311],[139.513,35.53314],[139.51331,35.5333],[139.51362,35.53362],[139.51379,35.5339],[139.51383,35.5342],[139.51372,35.53451],[139.51287,35.53554],[139.51281,35.53573],[139.51287,35.53591],[139.51283,35.536],[139.51261,35.53612],[139.51185,35.53636],[139.51151,35.53657],[139.51132,35.53676],[139.51116,35.5372],[139.51119,35.53831],[139.51106,35.53864],[139.51078,35.53883],[139.51058,35.53887],[139.50982,35.53886],[139.5094,35.53899],[139.50922,35.53912],[139.50896,35.53949],[139.50853,35.54073],[139.50831,35.5411],[139.50806,35.54139],[139.50746,35.54181],[139.50692,35.54198],[139.50649,35.5425],[139.50626,35.54265],[139.5058,35.54278],[139.50507,35.54282],[139.50475,35.54295],[139.50468,35.54308],[139.50473,35.54338],[139.50506,35.54368],[139.50459,35.54389],[139.50444,35.54406],[139.5044,35.54421],[139.50443,35.54444],[139.50467,35.54465],[139.50496,35.54473],[139.50523,35.54469],[139.50577,35.54425],[139.50614,35.54414],[139.50633,35.54415],[139.50648,35.54422],[139.50644,35.54459],[139.50663,35.54472],[139.50686,35.54476],[139.50827,35.5447],[139.50855,35.54464],[139.50902,35.54441],[139.50921,35.54424],[139.5095,35.54379],[139.50984,35.5427],[139.51004,35.54232],[139.51027,35.54209],[139.51066,35.54196],[139.51088,35.54175],[139.51092,35.54154],[139.51084,35.54104],[139.51089,35.54083],[139.51124,35.54072],[139.51167,35.54015],[139.51275,35.53947],[139.51294,35.53922],[139.51298,35.53898],[139.51304,35.53888],[139.51324,35.53884],[139.51371,35.5389],[139.51388,35.53887],[139.5141,35.53873],[139.51429,35.53843],[139.51436,35.53791],[139.51445,35.53769],[139.51471,35.53735],[139.51531,35.53677],[139.51547,35.53651],[139.51567,35.53597],[139.51587,35.53576],[139.51617,35.53561],[139.51658,35.53551],[139.51749,35.53546],[139.51815,35.53556],[139.51904,35.53584],[139.51923,35.53556],[139.51938,35.53544],[139.52025,35.53514],[139.52041,35.53495],[139.52043,35.53471],[139.52051,35.53456],[139.52083,35.53447],[139.52089,35.53439],[139.52082,35.53424],[139.52067,35.53411],[139.52014,35.53402],[139.51987,35.53386],[139.51942,35.53318],[139.51925,35.53302],[139.51897,35.53291],[139.51868,35.53293],[139.51848,35.53302],[139.51835,35.53316],[139.51819,35.53325],[139.51772,35.53334],[139.51674,35.53335],[139.51623,35.53325],[139.51605,35.53313],[139.51597,35.53282],[139.51585,35.53267],[139.51502,35.5322],[139.51484,35.53182],[139.51446,35.53171],[139.51438,35.53155],[139.51433,35.53121],[139.51418,35.53092],[139.51381,35.53049],[139.5135,35.53024],[139.51309,35.53007],[139.51278,35.53004],[139.51243,35.53014],[139.5119,35.53041],[139.51089,35.53037],[139.51033,35.53016],[139.51016,35.53001],[139.51005,35.52982],[139.50992,35.52919],[139.50969,35.52896],[139.50926,35.52878],[139.50793,35.52851],[139.50718,35.52824],[139.5069,35.52801],[139.50661,35.52732],[139.50649,35.52719],[139.50628,35.52709],[139.50577,35.52702],[139.50526,35.52704],[139.505,35.52712],[139.50479,35.52731],[139.50434,35.52739],[139.50263,35.52731],[139.50211,35.52735],[139.50198,35.52743],[139.5019,35.52764],[139.50148,35.52775],[139.50134,35.52809],[139.50094,35.52817],[139.50072,35.52838],[139.50063,35.52879],[139.50058,35.52965],[139.50049,35.52997],[139.50023,35.53035],[139.49997,35.53054],[139.49976,35.53076],[139.49963,35.53105],[139.49959,35.53141],[139.49965,35.53224],[139.49955,35.53271],[139.49905,35.53332],[139.49903,35.53345],[139.4991,35.53368],[139.49905,35.53379],[139.49845,35.53424],[139.49832,35.53459],[139.49801,35.53468],[139.49796,35.53476],[139.49803,35.53508],[139.49837,35.53579],[139.4975,35.53566],[139.4972,35.5357],[139.49705,35.53583],[139.49696,35.53632],[139.49677,35.53665],[139.49653,35.53681],[139.49565,35.53719],[139.49507,35.53768],[139.49456,35.53793],[139.49381,35.53818],[139.49296,35.53838],[139.49267,35.53838],[139.49229,35.53825],[139.49229,35.53802],[139.4898,35.53736],[139.48925,35.53727],[139.48895,35.53727],[139.48865,35.53751],[139.48797,35.53772],[139.4878,35.53783],[139.48771,35.53808],[139.48776,35.53853],[139.48744,35.53836],[139.48733,35.53835]]],[[[139.48406,35.55095],[139.48475,35.5513],[139.48515,35.55144],[139.48595,35.55159],[139.48721,35.55173],[139.48769,35.55184],[139.48805,35.55197],[139.48828,35.55214],[139.48852,35.55239],[139.48863,35.55265],[139.48866,35.55289],[139.48877,35.55305],[139.48943,35.55318],[139.4897,35.55345],[139.4898,35.55349],[139.49012,35.55342],[139.49023,35.55344],[139.49038,35.55357],[139.4905,35.55379],[139.49065,35.55389],[139.49102,35.55393],[139.49162,35.55389],[139.49182,35.55396],[139.49193,35.55409],[139.49202,35.55458],[139.49222,35.55476],[139.49262,35.55493],[139.49267,35.55507],[139.49259,35.55523],[139.4926,35.5554],[139.4928,35.55563],[139.49303,35.55576],[139.4934,35.55583],[139.49374,35.55577],[139.49386,35.55561],[139.49392,35.55529],[139.49404,35.55515],[139.49487,35.55468],[139.49507,35.5543],[139.49535,35.55424],[139.49544,35.55417],[139.49553,35.55386],[139.49548,35.55347],[139.49535,35.55329],[139.49507,35.5531],[139.49499,35.55283],[139.49507,35.55248],[139.49543,35.55222],[139.49544,35.55208],[139.49539,35.55197],[139.49515,35.55189],[139.49469,35.55185],[139.49267,35.55191],[139.49177,35.55187],[139.49147,35.55177],[139.49132,35.55146],[139.49111,35.55134],[139.4901,35.55115],[139.48957,35.55096],[139.48933,35.55079],[139.4889,35.55027],[139.48876,35.55019],[139.48839,35.55012],[139.48802,35.54988],[139.48759,35.54946],[139.48727,35.54893],[139.48716,35.54886],[139.48686,35.54877],[139.48676,35.54856],[139.48668,35.54787],[139.48655,35.54771],[139.48633,35.54772],[139.48609,35.54784],[139.48486,35.54874],[139.48439,35.54898],[139.48395,35.54909],[139.48373,35.54909],[139.48332,35.54901],[139.48298,35.54895],[139.48275,35.54896],[139.48262,35.54904],[139.48259,35.54911],[139.48263,35.54936],[139.48272,35.54953],[139.48326,35.55012],[139.48331,35.55038],[139.48324,35.55068],[139.48329,35.55078],[139.48406,35.55095]]],[[[139.48893,35.59555],[139.489,35.59562],[139.48904,35.59582],[139.48914,35.59591],[139.48932,35.59593],[139.48948,35.59589],[139.48958,35.59563],[139.48969,35.59555],[139.49002,35.59549],[139.49034,35.59548],[139.49094,35.59559],[139.4915,35.59592],[139.49167,35.59593],[139.49185,35.59571],[139.49197,35.59525],[139.49211,35.59494],[139.49223,35.59483],[139.49244,35.59482],[139.49272,35.59495],[139.4934,35.59542],[139.49387,35.5956],[139.49486,35.59578],[139.49675,35.59598],[139.49732,35.59617],[139.49753,35.59646],[139.49766,35.59653],[139.49821,35.59652],[139.49841,35.59673],[139.49859,35.59732],[139.49875,35.59757],[139.49911,35.59781],[139.49959,35.59794],[139.49985,35.59812],[139.49995,35.59825],[139.50015,35.59877],[139.50022,35.59939],[139.50019,35.59969],[139.50012,35.59991],[139.49993,35.60011],[139.4998,35.60037],[139.49974,35.601],[139.49966,35.60129],[139.49957,35.60142],[139.49938,35.60154],[139.49931,35.60168],[139.49929,35.60203],[139.49936,35.6025],[139.49931,35.60289],[139.49919,35.60307],[139.49882,35.60333],[139.49867,35.60349],[139.49843,35.604],[139.4983,35.60417],[139.49811,35.6043],[139.49761,35.60448],[139.49742,35.60471],[139.49735,35.60488],[139.49733,35.60501],[139.49757,35.60487],[139.49796,35.60499],[139.49881,35.60547],[139.49937,35.60546],[139.49938,35.60545],[139.49948,35.60451],[139.49959,35.60418],[139.49968,35.60407],[139.49991,35.60395],[139.50075,35.60398],[139.50091,35.60392],[139.501,35.60382],[139.50109,35.60349],[139.50113,35.60285],[139.5012,35.60259],[139.50132,35.60234],[139.50176,35.60171],[139.50188,35.60136],[139.50194,35.60095],[139.50195,35.60023],[139.50183,35.59976],[139.50169,35.5996],[139.50141,35.59955],[139.50126,35.59948],[139.50115,35.59927],[139.50118,35.59886],[139.50133,35.5986],[139.5016,35.59841],[139.50189,35.59831],[139.50214,35.5983],[139.50248,35.59837],[139.50304,35.59809],[139.50348,35.5981],[139.50353,35.59789],[139.50346,35.59732],[139.50355,35.59703],[139.50372,35.59696],[139.50436,35.59702],[139.50482,35.5969],[139.50508,35.59673],[139.50516,35.59662],[139.50518,35.59651],[139.5051,35.5963],[139.50515,35.59622],[139.50555,35.59611],[139.50615,35.59559],[139.50642,35.59542],[139.50692,35.59524],[139.50765,35.5951],[139.50785,35.59499],[139.50793,35.59486],[139.5079,35.5947],[139.50777,35.59451],[139.5076,35.59441],[139.50734,35.59436],[139.50733,35.59425],[139.50739,35.5941],[139.50736,35.59402],[139.50714,35.59396],[139.50652,35.59393],[139.50616,35.59385],[139.5059,35.59367],[139.5058,35.59334],[139.50567,35.59328],[139.50548,35.59328],[139.50526,35.59348],[139.5051,35.59388],[139.50492,35.59412],[139.50429,35.59442],[139.50411,35.59461],[139.5039,35.59496],[139.5038,35.59504],[139.50352,35.59509],[139.50334,35.59523],[139.503,35.59566],[139.50248,35.59644],[139.50217,35.59678],[139.50201,35.59686],[139.50181,35.59684],[139.50166,35.59676],[139.5015,35.59656],[139.50128,35.59649],[139.50094,35.59651],[139.50069,35.59658],[139.50052,35.59668],[139.50043,35.59684],[139.50048,35.59745],[139.50041,35.59752],[139.50028,35.59754],[139.50014,35.59743],[139.50001,35.59718],[139.49964,35.59601],[139.4994,35.59557],[139.49925,35.59539],[139.49887,35.59509],[139.49784,35.59466],[139.49728,35.59427],[139.49692,35.59427],[139.49616,35.59443],[139.49562,35.59441],[139.4953,35.59429],[139.49455,35.59377],[139.4943,35.59369],[139.49395,35.59376],[139.49352,35.59403],[139.49326,35.59411],[139.49276,35.59412],[139.49224,35.59403],[139.49196,35.59391],[139.49181,35.59375],[139.49157,35.59315],[139.49132,35.59288],[139.49106,35.5928],[139.49057,35.59277],[139.49013,35.59267],[139.48988,35.59255],[139.48935,35.5922],[139.48894,35.5921],[139.48868,35.59213],[139.48859,35.5922],[139.48858,35.59232],[139.48868,35.59278],[139.48859,35.59302],[139.48841,35.59318],[139.48798,35.59328],[139.48776,35.5936],[139.48765,35.59397],[139.48765,35.5942],[139.48777,35.59437],[139.48819,35.59466],[139.48831,35.59479],[139.48836,35.59501],[139.48829,35.59525],[139.48831,35.59537],[139.48846,35.59546],[139.48874,35.59548],[139.48893,35.59555]]],[[[139.48897,35.60319],[139.48858,35.60266],[139.48846,35.60234],[139.48838,35.6018],[139.48826,35.60159],[139.48807,35.60143],[139.48769,35.60122],[139.48735,35.60083],[139.48717,35.60045],[139.48686,35.59952],[139.48667,35.59916],[139.48644,35.59888],[139.48584,35.59842],[139.48562,35.59811],[139.48549,35.59779],[139.48527,35.59758],[139.48506,35.59751],[139.48429,35.59742],[139.48351,35.59713],[139.48314,35.59712],[139.48287,35.59716],[139.48264,35.59736],[139.48255,35.59752],[139.48243,35.59799],[139.48237,35.59903],[139.48245,35.59964],[139.48253,35.59986],[139.48276,35.60011],[139.48291,35.60014],[139.48309,35.60012],[139.48377,35.59989],[139.484,35.5999],[139.48411,35.60019],[139.48439,35.60036],[139.48446,35.60047],[139.48448,35.60071],[139.4844,35.60103],[139.48445,35.60127],[139.48457,35.60138],[139.48494,35.60154],[139.48509,35.60167],[139.48532,35.60216],[139.4855,35.60237],[139.48566,35.60244],[139.48595,35.60248],[139.48609,35.6026],[139.48621,35.60297],[139.48623,35.60352],[139.48629,35.60381],[139.48649,35.60408],[139.48676,35.60422],[139.48684,35.60441],[139.48676,35.60492],[139.48651,35.60562],[139.48649,35.60599],[139.48654,35.60613],[139.48676,35.60633],[139.48751,35.60651],[139.48783,35.60667],[139.48811,35.60688],[139.48828,35.60708],[139.48841,35.60687],[139.48867,35.60618],[139.48866,35.60578],[139.48896,35.60524],[139.48907,35.60467],[139.48929,35.60441],[139.48959,35.60431],[139.48977,35.60434],[139.4899,35.6044],[139.48954,35.60378],[139.48897,35.60319]]],[[[139.50631,35.61296],[139.50635,35.61279],[139.50658,35.61262],[139.50743,35.61234],[139.50767,35.61221],[139.50777,35.61207],[139.50778,35.61199],[139.50763,35.61174],[139.50761,35.61152],[139.50771,35.61139],[139.50799,35.61121],[139.50818,35.61101],[139.50833,35.61051],[139.50859,35.61017],[139.50904,35.60977],[139.50954,35.60943],[139.50999,35.60922],[139.51061,35.60903],[139.51083,35.60884],[139.51095,35.6086],[139.51114,35.60841],[139.51178,35.60811],[139.51197,35.60772],[139.51261,35.60725],[139.51287,35.60699],[139.5131,35.60632],[139.51372,35.60564],[139.51389,35.60507],[139.5143,35.60493],[139.51456,35.60441],[139.51478,35.60419],[139.51499,35.60412],[139.51572,35.60404],[139.5159,35.60397],[139.51611,35.6038],[139.51627,35.60358],[139.51635,35.60326],[139.51676,35.60294],[139.5169,35.60221],[139.51703,35.60203],[139.51732,35.60184],[139.51748,35.60129],[139.51768,35.6012],[139.51805,35.60116],[139.51831,35.60097],[139.5184,35.60071],[139.51827,35.60033],[139.51791,35.59982],[139.51753,35.59945],[139.51699,35.59918],[139.51667,35.59908],[139.51589,35.59895],[139.51421,35.59894],[139.51352,35.599],[139.5137,35.59915],[139.51378,35.5993],[139.51381,35.59991],[139.51372,35.60014],[139.51356,35.60033],[139.51309,35.60059],[139.51291,35.60082],[139.51292,35.60101],[139.51308,35.60133],[139.51313,35.60158],[139.51308,35.60169],[139.51277,35.6019],[139.51259,35.60225],[139.5125,35.60281],[139.5126,35.60336],[139.51259,35.60353],[139.51243,35.60371],[139.51215,35.60382],[139.51203,35.60393],[139.51198,35.60417],[139.51203,35.6046],[139.51195,35.6048],[139.51178,35.60499],[139.51115,35.60546],[139.51096,35.60586],[139.51041,35.60601],[139.50993,35.60637],[139.5097,35.60675],[139.50962,35.60718],[139.50945,35.60734],[139.50893,35.60746],[139.50816,35.60748],[139.50753,35.60758],[139.50721,35.60769],[139.50689,35.60794],[139.50666,35.60838],[139.5066,35.60891],[139.50651,35.60916],[139.50625,35.60947],[139.50587,35.60975],[139.50561,35.61013],[139.50552,35.61045],[139.50545,35.6113],[139.50532,35.61157],[139.50519,35.61165],[139.505,35.61179],[139.50495,35.61205],[139.50503,35.61215],[139.50532,35.61221],[139.50541,35.6123],[139.50547,35.61246],[139.50553,35.61305],[139.50569,35.61322],[139.50586,35.61323],[139.50619,35.61309],[139.50631,35.61296]]],[[[139.46036,35.61433],[139.46024,35.61446],[139.46024,35.61463],[139.46031,35.61472],[139.46059,35.61487],[139.46089,35.61492],[139.46106,35.61491],[139.46145,35.6147],[139.46177,35.61463],[139.46255,35.61469],[139.46288,35.61468],[139.46333,35.61455],[139.46385,35.61428],[139.46411,35.61424],[139.46447,35.61452],[139.46512,35.6146],[139.46559,35.61486],[139.46579,35.61492],[139.46619,35.61493],[139.46669,35.61487],[139.46713,35.61492],[139.46738,35.61502],[139.46793,35.61539],[139.46869,35.61563],[139.46883,35.61573],[139.46886,35.61592],[139.46867,35.61615],[139.46847,35.61631],[139.46813,35.61638],[139.46804,35.61648],[139.46813,35.61698],[139.46804,35.61718],[139.46786,35.61737],[139.46781,35.61757],[139.46786,35.61801],[139.46805,35.61871],[139.46799,35.619],[139.46785,35.61907],[139.46749,35.61903],[139.46731,35.61893],[139.46714,35.61873],[139.46703,35.61904],[139.46656,35.61938],[139.4664,35.61955],[139.46643,35.61992],[139.466,35.62017],[139.46615,35.62034],[139.46685,35.62067],[139.46722,35.62089],[139.46727,35.62083],[139.46759,35.62063],[139.46818,35.62044],[139.46858,35.62039],[139.4686,35.62027],[139.46867,35.62015],[139.46886,35.62004],[139.46903,35.61986],[139.46922,35.61937],[139.46925,35.61909],[139.46916,35.61872],[139.46931,35.6186],[139.46978,35.61846],[139.46998,35.61833],[139.47013,35.61804],[139.47019,35.61766],[139.47036,35.6175],[139.47067,35.61744],[139.47088,35.61745],[139.47184,35.61761],[139.47226,35.61761],[139.47232,35.61758],[139.47245,35.61738],[139.47266,35.61729],[139.47412,35.61702],[139.47453,35.61687],[139.47527,35.61648],[139.47572,35.61642],[139.47626,35.61648],[139.47632,35.61649],[139.47674,35.61505],[139.47666,35.61393],[139.47644,35.61369],[139.4759,35.61371],[139.47526,35.61384],[139.4751,35.61394],[139.47494,35.61413],[139.4748,35.61469],[139.47467,35.61473],[139.47447,35.61468],[139.47431,35.61473],[139.47404,35.61496],[139.47374,35.61533],[139.47355,35.61545],[139.47338,35.61545],[139.4733,35.6154],[139.47309,35.61512],[139.47289,35.615],[139.47275,35.61504],[139.47238,35.61536],[139.4722,35.6154],[139.47179,35.61534],[139.47154,35.61537],[139.47126,35.61548],[139.4706,35.61584],[139.4703,35.61591],[139.47016,35.61589],[139.46991,35.61577],[139.46958,35.61539],[139.4692,35.61513],[139.46889,35.61504],[139.46812,35.61498],[139.4678,35.61487],[139.46765,35.61476],[139.46746,35.6145],[139.46737,35.614],[139.46722,35.61366],[139.46695,35.61326],[139.4667,35.61304],[139.46624,35.61287],[139.46548,35.61288],[139.46521,35.6128],[139.46507,35.6126],[139.46505,35.61246],[139.46512,35.61176],[139.4651,35.61152],[139.46503,35.61136],[139.46484,35.61123],[139.46467,35.61099],[139.46438,35.61004],[139.46421,35.60985],[139.46385,35.60975],[139.46358,35.60949],[139.46332,35.60945],[139.46294,35.6095],[139.46266,35.60964],[139.46258,35.6098],[139.46259,35.6103],[139.46245,35.61045],[139.46218,35.61055],[139.46162,35.61064],[139.46123,35.61063],[139.4611,35.61057],[139.46106,35.61041],[139.46095,35.61034],[139.46047,35.61026],[139.46,35.61033],[139.45974,35.61047],[139.45945,35.61085],[139.45934,35.61118],[139.4593,35.61146],[139.45942,35.61181],[139.45968,35.61207],[139.45976,35.61223],[139.45968,35.61228],[139.45941,35.6123],[139.45921,35.61236],[139.45908,35.61269],[139.45882,35.61286],[139.45872,35.61301],[139.45874,35.61316],[139.45889,35.61347],[139.4591,35.6137],[139.4593,35.61378],[139.4595,35.61372],[139.45963,35.61373],[139.4597,35.61394],[139.4599,35.61405],[139.4608,35.61413],[139.46036,35.61433]]],[[[139.47892,35.61016],[139.47837,35.60971],[139.47797,35.60946],[139.47751,35.60934],[139.47727,35.60917],[139.4766,35.60836],[139.47631,35.6081],[139.47599,35.60796],[139.47583,35.60793],[139.47521,35.60798],[139.47495,35.60794],[139.47484,35.60767],[139.47452,35.60758],[139.47445,35.60745],[139.47443,35.60723],[139.47451,35.60638],[139.47441,35.60605],[139.47426,35.60593],[139.47387,35.60575],[139.47369,35.60535],[139.47317,35.60496],[139.47266,35.60479],[139.47223,35.60475],[139.47173,35.60476],[139.47121,35.60484],[139.47083,35.60502],[139.47069,35.60515],[139.47052,35.60547],[139.47048,35.60567],[139.47053,35.60628],[139.47065,35.60656],[139.47084,35.60674],[139.47133,35.6069],[139.47152,35.607],[139.47189,35.60751],[139.47255,35.60787],[139.47266,35.60811],[139.47271,35.60851],[139.4728,35.60864],[139.47295,35.60871],[139.47323,35.60873],[139.47342,35.6088],[139.47353,35.60904],[139.47368,35.60919],[139.4748,35.6098],[139.47525,35.6101],[139.4754,35.61029],[139.47549,35.61062],[139.47564,35.61077],[139.47661,35.61121],[139.47687,35.61143],[139.47708,35.61179],[139.47725,35.61188],[139.47745,35.61191],[139.47759,35.61202],[139.47787,35.61249],[139.47802,35.61295],[139.47802,35.61329],[139.47786,35.6135],[139.47772,35.61356],[139.47779,35.61363],[139.47815,35.61376],[139.47848,35.61374],[139.47877,35.61354],[139.47966,35.61326],[139.47993,35.61303],[139.48008,35.6122],[139.48048,35.61171],[139.48052,35.61161],[139.48045,35.61155],[139.47892,35.61016]]],[[[139.5243,35.3126],[139.52454,35.31225],[139.52462,35.31154],[139.52478,35.3112],[139.52546,35.31084],[139.52588,35.31045],[139.526,35.31026],[139.52594,35.31005],[139.52562,35.30993],[139.5254,35.30978],[139.5252,35.30931],[139.52515,35.30884],[139.52516,35.3083],[139.52523,35.30786],[139.52534,35.30752],[139.52551,35.30728],[139.52593,35.30703],[139.52624,35.30699],[139.52654,35.30705],[139.52681,35.30704],[139.52697,35.30698],[139.52717,35.30682],[139.52726,35.3066],[139.52717,35.30628],[139.52727,35.30616],[139.52745,35.30606],[139.52758,35.30581],[139.52771,35.3048],[139.52791,35.30445],[139.52827,35.30412],[139.52842,35.3039],[139.52846,35.30373],[139.52839,35.30362],[139.52808,35.3035],[139.52754,35.3034],[139.527,35.30342],[139.5267,35.30352],[139.52598,35.30411],[139.52558,35.30425],[139.52553,35.30446],[139.52561,35.30507],[139.52555,35.30525],[139.52543,35.30538],[139.52501,35.30558],[139.52492,35.3057],[139.52488,35.30593],[139.5248,35.30605],[139.52449,35.30614],[139.52377,35.30609],[139.52349,35.30616],[139.52339,35.30623],[139.52326,35.30644],[139.52325,35.30695],[139.52348,35.30797],[139.52394,35.30932],[139.52402,35.30982],[139.52394,35.31014],[139.52385,35.31023],[139.52371,35.31028],[139.52328,35.3103],[139.52311,35.31035],[139.52305,35.31042],[139.52312,35.31058],[139.5231,35.31075],[139.52297,35.31092],[139.52282,35.31103],[139.5223,35.31115],[139.52154,35.31119],[139.52119,35.3113],[139.52077,35.31161],[139.52055,35.31193],[139.52022,35.31262],[139.52018,35.3129],[139.52022,35.31304],[139.52037,35.31317],[139.52093,35.31324],[139.52142,35.31349],[139.52175,35.3135],[139.52224,35.31342],[139.52326,35.31315],[139.52387,35.31289],[139.5243,35.3126]]],[[[139.53188,35.30775],[139.53193,35.30809],[139.5319,35.30824],[139.53169,35.30845],[139.53139,35.30851],[139.53136,35.30862],[139.53174,35.30943],[139.53186,35.3098],[139.53191,35.31042],[139.53185,35.31127],[139.53214,35.31074],[139.53254,35.31039],[139.53291,35.31025],[139.53359,35.31013],[139.53408,35.30989],[139.53428,35.30964],[139.53447,35.30899],[139.53462,35.30866],[139.53441,35.30861],[139.53404,35.30831],[139.53407,35.30799],[139.53348,35.30695],[139.53488,35.30657],[139.53487,35.3065],[139.53345,35.30689],[139.53167,35.30375],[139.53076,35.30369],[139.53071,35.30374],[139.53024,35.30443],[139.53013,35.3047],[139.53012,35.30505],[139.5303,35.30545],[139.53085,35.30606],[139.53098,35.30658],[139.53111,35.30668],[139.53131,35.30671],[139.53151,35.3069],[139.53172,35.30728],[139.53188,35.30775]]],[[[139.53817,35.31017],[139.53825,35.31055],[139.53848,35.31076],[139.53856,35.31092],[139.53859,35.31154],[139.5385,35.3118],[139.53835,35.31205],[139.53799,35.3124],[139.53743,35.31274],[139.53676,35.31297],[139.53655,35.31315],[139.53639,35.31342],[139.53628,35.3138],[139.53621,35.31441],[139.53623,35.31472],[139.53636,35.31501],[139.53659,35.31516],[139.5369,35.31525],[139.53743,35.31529],[139.53784,35.31548],[139.53811,35.31571],[139.53874,35.31641],[139.53894,35.31656],[139.53926,35.31669],[139.53926,35.31694],[139.53905,35.31754],[139.53902,35.31781],[139.53908,35.31802],[139.53941,35.31833],[139.53953,35.31863],[139.53958,35.31938],[139.5395,35.32068],[139.53955,35.32112],[139.53967,35.32139],[139.54014,35.32163],[139.54062,35.32219],[139.54086,35.32231],[139.54119,35.32234],[139.54161,35.32229],[139.54244,35.32207],[139.54293,35.32185],[139.54316,35.32154],[139.5433,35.32055],[139.54351,35.32025],[139.54412,35.32003],[139.54433,35.3199],[139.54476,35.31941],[139.54502,35.31922],[139.54539,35.31906],[139.54641,35.31878],[139.54692,35.31851],[139.54761,35.31787],[139.54825,35.317],[139.54868,35.31654],[139.54937,35.31609],[139.55007,35.31588],[139.5506,35.31562],[139.55084,35.31539],[139.55109,35.31499],[139.55134,35.31478],[139.55187,35.31457],[139.55253,35.31447],[139.55295,35.31436],[139.55305,35.31426],[139.55301,35.3141],[139.55307,35.314],[139.55323,35.31392],[139.55382,35.3138],[139.55414,35.31368],[139.55425,35.31359],[139.5543,35.31342],[139.55443,35.31329],[139.55554,35.31273],[139.55577,35.31257],[139.5559,35.3124],[139.55591,35.31215],[139.5558,35.312],[139.5552,35.31189],[139.55502,35.31178],[139.55495,35.31168],[139.5549,35.31142],[139.555,35.31095],[139.55495,35.31083],[139.55436,35.31053],[139.5542,35.31017],[139.5539,35.3101],[139.55374,35.31],[139.55296,35.30896],[139.55266,35.30872],[139.55228,35.30855],[139.55217,35.30842],[139.55209,35.30815],[139.55212,35.30784],[139.55222,35.30763],[139.55259,35.30737],[139.55264,35.30716],[139.55259,35.30708],[139.55239,35.30704],[139.55188,35.3071],[139.55159,35.30707],[139.55127,35.30697],[139.55061,35.30659],[139.55017,35.3064],[139.54992,35.30637],[139.5496,35.30643],[139.54925,35.30642],[139.54858,35.30618],[139.54824,35.30596],[139.54721,35.30666],[139.54623,35.3071],[139.54532,35.30785],[139.54353,35.30855],[139.54299,35.30853],[139.54275,35.30861],[139.5427,35.30871],[139.54256,35.30871],[139.54218,35.30888],[139.54106,35.30916],[139.53919,35.30941],[139.53835,35.30912],[139.53817,35.30911],[139.53816,35.30914],[139.53817,35.31017]],[[139.54295,35.31256],[139.54282,35.31278],[139.5425,35.31287],[139.54235,35.31325],[139.54197,35.31355],[139.5417,35.3137],[139.54132,35.31379],[139.54109,35.31377],[139.54079,35.31364],[139.5406,35.31365],[139.54036,35.31385],[139.53994,35.31449],[139.5398,35.31458],[139.53966,35.3146],[139.53955,35.31448],[139.53947,35.31421],[139.53943,35.3132],[139.53951,35.31249],[139.53962,35.31218],[139.53979,35.31202],[139.54,35.31194],[139.54035,35.31163],[139.54134,35.31026],[139.54152,35.31012],[139.54174,35.31011],[139.54195,35.31026],[139.54222,35.31071],[139.54274,35.3111],[139.54288,35.3113],[139.543,35.31192],[139.54295,35.31256]],[[139.54836,35.31125],[139.54863,35.3112],[139.54922,35.31132],[139.54998,35.31164],[139.5505,35.31201],[139.5506,35.31214],[139.5507,35.31241],[139.55067,35.31268],[139.55061,35.31279],[139.5504,35.31298],[139.55007,35.3131],[139.54902,35.31328],[139.54853,35.31346],[139.5484,35.31359],[139.54827,35.31385],[139.54821,35.31447],[139.54813,35.3147],[139.54804,35.31475],[139.54784,35.3147],[139.54768,35.31472],[139.54741,35.31484],[139.54697,35.31523],[139.54685,35.31543],[139.54682,35.3156],[139.54667,35.31577],[139.54622,35.31599],[139.54576,35.31611],[139.5455,35.31609],[139.54528,35.31596],[139.54517,35.31562],[139.54506,35.31553],[139.54482,35.31547],[139.54469,35.31512],[139.54465,35.31443],[139.54469,35.31357],[139.54478,35.31312],[139.54501,35.31264],[139.54543,35.31225],[139.54563,35.31212],[139.54594,35.31201],[139.5464,35.312],[139.54704,35.3122],[139.5473,35.31221],[139.54739,35.31213],[139.54741,35.31191],[139.54749,35.31175],[139.54792,35.31162],[139.54836,35.31125]]],[[[139.52088,35.34633],[139.52073,35.34662],[139.52077,35.34677],[139.52094,35.34691],[139.52176,35.34741],[139.52191,35.34758],[139.52197,35.34784],[139.52187,35.34811],[139.52149,35.34852],[139.52099,35.34889],[139.52079,35.34899],[139.52049,35.34905],[139.52038,35.34916],[139.52028,35.34935],[139.52016,35.34979],[139.52017,35.34993],[139.52034,35.35015],[139.5207,35.35027],[139.52124,35.35028],[139.52214,35.35019],[139.52266,35.35007],[139.52279,35.34996],[139.52288,35.34972],[139.52316,35.34955],[139.52326,35.34944],[139.52342,35.34875],[139.52362,35.34867],[139.5239,35.34873],[139.52409,35.34872],[139.52416,35.34864],[139.52417,35.34836],[139.52506,35.34867],[139.52551,35.34887],[139.52662,35.34958],[139.52713,35.34985],[139.52767,35.35001],[139.52825,35.35008],[139.52886,35.35005],[139.52958,35.34988],[139.52989,35.3497],[139.52999,35.34959],[139.53018,35.34921],[139.53046,35.34905],[139.53092,35.34899],[139.53121,35.349],[139.53227,35.34913],[139.53313,35.34914],[139.53356,35.34906],[139.5343,35.34872],[139.53478,35.34863],[139.53527,35.34864],[139.53553,35.34874],[139.53572,35.34893],[139.53595,35.34952],[139.53623,35.3497],[139.53644,35.34974],[139.53698,35.34973],[139.5377,35.34959],[139.53855,35.34932],[139.53888,35.34912],[139.53902,35.34891],[139.53906,35.34858],[139.53915,35.34838],[139.53966,35.34785],[139.53984,35.34751],[139.5398,35.34713],[139.53967,35.34699],[139.53951,35.34689],[139.53952,35.34682],[139.54008,35.34657],[139.54054,35.34651],[139.54081,35.34656],[139.54124,35.34682],[139.54147,35.34688],[139.54163,35.34676],[139.54166,35.34659],[139.54141,35.34637],[139.5403,35.34605],[139.5397,35.34572],[139.53944,35.34541],[139.53913,35.34469],[139.53887,35.34431],[139.53829,35.34386],[139.53816,35.34351],[139.53804,35.34345],[139.53785,35.34343],[139.53772,35.34333],[139.53767,35.34306],[139.53772,35.34283],[139.53808,35.34236],[139.53785,35.34229],[139.53773,35.34221],[139.53739,35.34136],[139.53722,35.3412],[139.53709,35.34118],[139.53698,35.34103],[139.53688,35.34039],[139.53679,35.33859],[139.53665,35.33812],[139.53654,35.33796],[139.53626,35.3378],[139.53578,35.33777],[139.53553,35.33769],[139.53533,35.33758],[139.53511,35.33737],[139.53497,35.33735],[139.53483,35.33747],[139.5347,35.33771],[139.53458,35.33804],[139.53455,35.3383],[139.53466,35.3386],[139.53498,35.33882],[139.535,35.33888],[139.53474,35.33892],[139.53446,35.33888],[139.5338,35.33855],[139.53352,35.3386],[139.53337,35.33874],[139.53328,35.3392],[139.53341,35.33962],[139.53364,35.33989],[139.53394,35.34012],[139.53448,35.34033],[139.53473,35.3408],[139.53501,35.34176],[139.53517,35.34257],[139.53516,35.34326],[139.53509,35.34355],[139.53482,35.34405],[139.53399,35.34474],[139.53372,35.34506],[139.53356,35.34535],[139.53347,35.34589],[139.53332,35.3461],[139.53308,35.34626],[139.53248,35.34652],[139.53228,35.34668],[139.53217,35.34687],[139.5321,35.34728],[139.53198,35.34743],[139.53179,35.34754],[139.53122,35.34771],[139.53107,35.34785],[139.53105,35.34796],[139.53088,35.34805],[139.53021,35.34813],[139.52904,35.34815],[139.52822,35.34809],[139.52751,35.34797],[139.5269,35.34777],[139.52614,35.34739],[139.52559,35.34719],[139.52468,35.34703],[139.5237,35.34698],[139.52323,35.34686],[139.52293,35.34664],[139.5228,35.34632],[139.52283,35.34578],[139.52294,35.3454],[139.5233,35.34494],[139.52361,35.3441],[139.52382,35.3438],[139.524,35.34366],[139.52435,35.34351],[139.52481,35.34343],[139.52573,35.34338],[139.52604,35.34325],[139.52617,35.34285],[139.52629,35.34266],[139.52686,35.34211],[139.52705,35.34187],[139.5272,35.34148],[139.52725,35.34107],[139.5274,35.34086],[139.52786,35.34065],[139.52852,35.34055],[139.52901,35.3404],[139.52921,35.34027],[139.52949,35.33988],[139.52989,35.33975],[139.53007,35.33917],[139.5304,35.33893],[139.53048,35.33883],[139.53059,35.33834],[139.53066,35.33827],[139.53091,35.33822],[139.53102,35.33815],[139.5314,35.33744],[139.53154,35.33728],[139.53198,35.33695],[139.53207,35.33679],[139.53209,35.3366],[139.53194,35.33622],[139.53174,35.33614],[139.53136,35.33628],[139.53113,35.33625],[139.53102,35.33613],[139.53084,35.33577],[139.53072,35.33569],[139.53046,35.33573],[139.53015,35.33594],[139.52984,35.33628],[139.52924,35.33712],[139.529,35.33731],[139.52873,35.3374],[139.52857,35.33765],[139.5284,35.33825],[139.5281,35.33863],[139.5278,35.33881],[139.52722,35.339],[139.52679,35.33923],[139.52662,35.33942],[139.52647,35.33973],[139.52629,35.33989],[139.52587,35.34001],[139.52514,35.34008],[139.52491,35.3402],[139.52478,35.3404],[139.52472,35.34089],[139.52462,35.3411],[139.52451,35.34115],[139.52428,35.34111],[139.52421,35.341],[139.52417,35.3408],[139.52407,35.34067],[139.52389,35.34057],[139.52368,35.34064],[139.52341,35.34106],[139.52325,35.34154],[139.52325,35.34192],[139.52344,35.34228],[139.5234,35.3424],[139.52309,35.34249],[139.52238,35.34254],[139.52215,35.34264],[139.52202,35.34279],[139.52194,35.34324],[139.52181,35.34331],[139.52153,35.34317],[139.52139,35.34287],[139.52116,35.34279],[139.52012,35.34272],[139.51942,35.34273],[139.51894,35.34278],[139.5187,35.34288],[139.51867,35.34297],[139.51896,35.34339],[139.51924,35.34362],[139.51942,35.34418],[139.51954,35.3444],[139.51978,35.34458],[139.52023,35.34478],[139.52061,35.34527],[139.52092,35.34539],[139.52172,35.34546],[139.52119,35.34574],[139.52106,35.3459],[139.52088,35.34633]]],[[[139.54322,35.39488],[139.54293,35.39483],[139.54249,35.39489],[139.5424,35.39496],[139.54229,35.39515],[139.54232,35.39609],[139.54224,35.39624],[139.54201,35.39639],[139.5419,35.39656],[139.54188,35.39679],[139.54195,35.39698],[139.54215,35.39707],[139.54257,35.39713],[139.54266,35.39719],[139.54273,35.39738],[139.54288,35.39744],[139.54333,35.39746],[139.54399,35.3974],[139.54444,35.39744],[139.54459,35.39754],[139.54468,35.39789],[139.54486,35.39799],[139.54503,35.39792],[139.54508,35.39747],[139.54498,35.39692],[139.54476,35.39646],[139.54455,35.39622],[139.54395,35.39576],[139.54373,35.39545],[139.5436,35.39513],[139.54345,35.39497],[139.54322,35.39488]]],[[[139.55906,35.39611],[139.55893,35.39568],[139.55871,35.39528],[139.55841,35.3949],[139.55802,35.39456],[139.5575,35.3942],[139.55714,35.39406],[139.55699,35.39409],[139.55686,35.3942],[139.55684,35.39433],[139.55691,35.39449],[139.55687,35.39457],[139.55675,35.39462],[139.55594,35.39471],[139.55568,35.39483],[139.55555,35.39496],[139.55539,35.39538],[139.55531,35.39625],[139.55518,35.39649],[139.55499,35.39662],[139.55509,35.39671],[139.55567,35.39688],[139.55585,35.39701],[139.55598,35.39718],[139.55624,35.39774],[139.55659,35.39802],[139.55664,35.39827],[139.55655,35.39899],[139.55664,35.3992],[139.55676,35.39927],[139.55687,35.39926],[139.55695,35.39914],[139.55704,35.39846],[139.55719,35.39821],[139.55746,35.39803],[139.55764,35.39797],[139.55831,35.39786],[139.5588,35.39771],[139.55906,35.3975],[139.55914,35.3972],[139.55906,35.39611]]],[[[139.54248,35.39975],[139.54241,35.40035],[139.5425,35.40097],[139.54259,35.40111],[139.54286,35.40117],[139.54306,35.4013],[139.54333,35.40161],[139.54348,35.40205],[139.54356,35.40277],[139.54363,35.40289],[139.54375,35.40295],[139.54395,35.40292],[139.54409,35.40284],[139.54462,35.40234],[139.54545,35.4019],[139.54561,35.40176],[139.54569,35.40161],[139.54569,35.40136],[139.54561,35.40121],[139.54545,35.40107],[139.54498,35.40082],[139.5448,35.40053],[139.54481,35.40026],[139.54498,35.39977],[139.54503,35.39943],[139.54498,35.39892],[139.54486,35.39858],[139.54459,35.39812],[139.54445,35.39801],[139.54425,35.39801],[139.54408,35.39817],[139.54386,35.39875],[139.54371,35.39896],[139.54348,35.39912],[139.54302,35.39924],[139.54274,35.39937],[139.54254,35.3996],[139.54248,35.39975]]],[[[139.56514,35.4],[139.56519,35.40072],[139.56507,35.40242],[139.56508,35.40319],[139.56516,35.40347],[139.56541,35.40366],[139.56556,35.40387],[139.56567,35.40418],[139.56572,35.40452],[139.56567,35.40497],[139.56554,35.40528],[139.56533,35.40549],[139.56488,35.40569],[139.56477,35.40582],[139.5647,35.40599],[139.56474,35.40646],[139.56487,35.40659],[139.56506,35.40661],[139.56518,35.40667],[139.56522,35.4069],[139.56504,35.40703],[139.56454,35.40709],[139.56442,35.4072],[139.5644,35.40735],[139.56432,35.40746],[139.56402,35.40752],[139.56387,35.40763],[139.56339,35.40826],[139.56326,35.40853],[139.56323,35.40872],[139.56331,35.40883],[139.56382,35.40892],[139.56411,35.40921],[139.56437,35.40934],[139.56475,35.40943],[139.56506,35.40944],[139.56563,35.40931],[139.56631,35.40903],[139.56667,35.40875],[139.56678,35.40858],[139.56687,35.4082],[139.56686,35.40798],[139.56657,35.40706],[139.56657,35.40659],[139.5667,35.40641],[139.56697,35.40622],[139.56709,35.40606],[139.56722,35.40537],[139.56735,35.40519],[139.56748,35.40513],[139.56755,35.40498],[139.5675,35.40451],[139.56718,35.40351],[139.56706,35.40292],[139.56709,35.40266],[139.56732,35.4024],[139.56743,35.40219],[139.56743,35.40185],[139.5672,35.4015],[139.56653,35.40089],[139.56621,35.40053],[139.56601,35.40014],[139.56593,35.39972],[139.56601,35.39908],[139.56615,35.39863],[139.56627,35.39845],[139.56651,35.3983],[139.56663,35.39812],[139.56659,35.39787],[139.56618,35.39754],[139.56609,35.39708],[139.56618,35.3967],[139.56646,35.39637],[139.56654,35.3962],[139.56649,35.39518],[139.56656,35.39506],[139.56687,35.39484],[139.56692,35.39458],[139.5668,35.3944],[139.56653,35.39429],[139.56613,35.3943],[139.56508,35.3945],[139.56463,35.39454],[139.56448,35.3945],[139.56443,35.39435],[139.5643,35.39428],[139.56373,35.3942],[139.56291,35.39427],[139.56274,35.39435],[139.56264,35.39446],[139.56255,35.39482],[139.56252,35.39541],[139.56257,35.39574],[139.56269,35.39605],[139.5635,35.39717],[139.56378,35.39786],[139.56407,35.39887],[139.56424,35.39921],[139.56442,35.39943],[139.56495,35.3997],[139.56514,35.4]]],[[[139.52556,35.40037],[139.52488,35.40059],[139.52469,35.40072],[139.52454,35.40101],[139.52456,35.40152],[139.52471,35.40177],[139.52526,35.40205],[139.52542,35.40244],[139.526,35.40309],[139.52625,35.40368],[139.52654,35.4048],[139.52683,35.40538],[139.52706,35.40557],[139.52745,35.40563],[139.52774,35.40582],[139.52788,35.40606],[139.52814,35.40687],[139.52832,35.40706],[139.52845,35.40709],[139.52862,35.40689],[139.52871,35.4066],[139.52881,35.40598],[139.5288,35.40556],[139.52872,35.40542],[139.52854,35.40537],[139.52841,35.40521],[139.52834,35.40462],[139.52823,35.40439],[139.52804,35.40421],[139.52745,35.4039],[139.52728,35.40356],[139.52725,35.40332],[139.52728,35.40271],[139.52759,35.40119],[139.52762,35.40064],[139.52754,35.40026],[139.52736,35.40005],[139.52703,35.39984],[139.52627,35.39959],[139.52609,35.39947],[139.5261,35.39938],[139.52637,35.39908],[139.52646,35.39878],[139.5264,35.39846],[139.52622,35.3982],[139.52596,35.39806],[139.5257,35.39802],[139.52498,35.39807],[139.52466,35.39819],[139.52445,35.39839],[139.52437,35.39868],[139.52446,35.39923],[139.52461,35.39952],[139.52483,35.39972],[139.52513,35.39984],[139.52566,35.39998],[139.52579,35.40012],[139.52574,35.40023],[139.52556,35.40037]]],[[[139.54355,35.40565],[139.54368,35.40538],[139.54386,35.40524],[139.54395,35.40491],[139.5439,35.40406],[139.54369,35.40351],[139.54347,35.40332],[139.54333,35.40328],[139.543,35.4033],[139.5427,35.40342],[139.54234,35.40375],[139.54209,35.40428],[139.54198,35.40493],[139.54203,35.40517],[139.54221,35.40544],[139.5423,35.40572],[139.54224,35.40641],[139.54239,35.40654],[139.54286,35.40659],[139.54325,35.4068],[139.54336,35.40682],[139.54347,35.40661],[139.54355,35.40565]]],[[[139.55643,35.40588],[139.55628,35.40578],[139.55617,35.40546],[139.55615,35.405],[139.55607,35.40468],[139.55598,35.40457],[139.55579,35.40454],[139.55562,35.40441],[139.5553,35.40379],[139.55516,35.40369],[139.55487,35.40365],[139.5547,35.40371],[139.55459,35.40386],[139.55446,35.40481],[139.55433,35.40505],[139.55414,35.40516],[139.55401,35.40531],[139.55396,35.40568],[139.55404,35.40584],[139.55432,35.40592],[139.55439,35.40603],[139.55441,35.40622],[139.55432,35.40715],[139.55437,35.40745],[139.55453,35.40789],[139.55484,35.40823],[139.55513,35.40838],[139.55549,35.40848],[139.5557,35.40851],[139.55603,35.40848],[139.55616,35.40843],[139.55635,35.40823],[139.55642,35.40792],[139.55651,35.40708],[139.55661,35.40684],[139.55693,35.40635],[139.55698,35.4061],[139.55685,35.40595],[139.55643,35.40588]]],[[[139.52347,35.44707],[139.52413,35.44717],[139.5247,35.44748],[139.52519,35.44751],[139.5256,35.44736],[139.52627,35.44693],[139.52705,35.44672],[139.5273,35.44661],[139.52744,35.44643],[139.52746,35.44632],[139.5273,35.44571],[139.52733,35.44533],[139.52748,35.44515],[139.52811,35.4448],[139.52821,35.44457],[139.52808,35.4445],[139.52778,35.44448],[139.52635,35.44468],[139.52563,35.44488],[139.52532,35.44503],[139.52504,35.44526],[139.5247,35.44534],[139.52392,35.44533],[139.52286,35.44519],[139.52207,35.44515],[139.52174,35.44519],[139.52137,35.44538],[139.52111,35.44544],[139.51974,35.44555],[139.51936,35.44573],[139.51931,35.4459],[139.51938,35.44613],[139.51989,35.44682],[139.52045,35.44726],[139.52087,35.44744],[139.52133,35.44751],[139.52214,35.44747],[139.52248,35.44737],[139.52262,35.44721],[139.52278,35.44713],[139.52347,35.44707]]],[[[139.51803,35.45417],[139.51822,35.45466],[139.51845,35.45497],[139.51865,35.45515],[139.51927,35.45548],[139.51953,35.45568],[139.51961,35.45583],[139.51968,35.45623],[139.51987,35.45649],[139.52009,35.45663],[139.52025,35.45667],[139.52081,35.4566],[139.52093,35.45662],[139.52099,35.45668],[139.52108,35.45695],[139.52155,35.45731],[139.5217,35.45767],[139.52166,35.45917],[139.52173,35.45942],[139.5219,35.45969],[139.52195,35.45988],[139.5219,35.45997],[139.52159,35.46018],[139.52154,35.46038],[139.52162,35.46057],[139.52204,35.46086],[139.52209,35.46106],[139.522,35.46125],[139.52172,35.46142],[139.52162,35.46153],[139.52145,35.4623],[139.52135,35.46237],[139.52122,35.46238],[139.52111,35.46252],[139.521,35.46307],[139.52098,35.46366],[139.521,35.46464],[139.5211,35.46523],[139.52121,35.46541],[139.52162,35.46553],[139.52183,35.46554],[139.52201,35.46548],[139.52233,35.46506],[139.5224,35.46511],[139.5226,35.46555],[139.52272,35.46565],[139.52298,35.46567],[139.52317,35.46559],[139.52324,35.46551],[139.52335,35.46513],[139.52328,35.46432],[139.52333,35.4638],[139.52346,35.46355],[139.52383,35.46313],[139.52397,35.46281],[139.52409,35.46241],[139.52419,35.4617],[139.52417,35.46136],[139.52408,35.46113],[139.52393,35.46104],[139.52366,35.46102],[139.52354,35.46097],[139.52347,35.46078],[139.52364,35.46056],[139.52421,35.46027],[139.52442,35.4601],[139.52464,35.45978],[139.52484,35.45927],[139.52509,35.45901],[139.52547,35.45889],[139.52583,35.45887],[139.52612,35.45894],[139.5264,35.45911],[139.52661,35.45912],[139.52707,35.45886],[139.52798,35.45873],[139.52814,35.45857],[139.52817,35.45835],[139.52824,35.45825],[139.52866,35.45847],[139.52891,35.45853],[139.52943,35.45857],[139.52982,35.45856],[139.5301,35.45847],[139.53028,35.45831],[139.53043,35.45772],[139.53058,35.45759],[139.53069,35.45756],[139.53132,35.45759],[139.53173,35.45756],[139.53219,35.45746],[139.53327,35.45707],[139.53389,35.4569],[139.53491,35.45672],[139.53597,35.45662],[139.53645,35.45651],[139.53671,35.45636],[139.53675,35.45627],[139.5366,35.45586],[139.53661,35.45571],[139.53671,35.4556],[139.53699,35.45549],[139.53715,35.45537],[139.53734,35.45507],[139.53741,35.4548],[139.53743,35.45457],[139.53738,35.45438],[139.53726,35.45425],[139.53698,35.45414],[139.53675,35.45396],[139.53651,35.45348],[139.53638,35.45332],[139.53619,35.45322],[139.53596,35.45318],[139.53526,35.45323],[139.53503,35.45331],[139.53487,35.45341],[139.53477,35.45371],[139.53466,35.45381],[139.53404,35.45389],[139.53372,35.45405],[139.53346,35.45433],[139.53339,35.45462],[139.53323,35.45485],[139.53264,35.45536],[139.53209,35.45561],[139.53155,35.45567],[139.53132,35.45575],[139.53112,35.45591],[139.53078,35.4564],[139.53047,35.4566],[139.52975,35.45675],[139.52878,35.45676],[139.52789,35.45666],[139.52751,35.45648],[139.52737,35.45647],[139.52717,35.45662],[139.52688,35.45699],[139.52671,35.45709],[139.52652,35.45713],[139.52621,35.45708],[139.52596,35.45711],[139.52567,35.45721],[139.52502,35.45757],[139.52472,35.45762],[139.52445,35.45753],[139.52433,35.45743],[139.524,35.45697],[139.52358,35.45662],[139.52323,35.45648],[139.52245,35.4563],[139.52213,35.45615],[139.52186,35.45593],[139.52131,35.45531],[139.52106,35.45512],[139.52054,35.45483],[139.52025,35.45441],[139.52011,35.45399],[139.51998,35.4532],[139.51973,35.45264],[139.51947,35.45242],[139.51885,35.45226],[139.51863,35.45215],[139.51847,35.45202],[139.51839,35.45185],[139.51831,35.45175],[139.51824,35.45225],[139.51818,35.45238],[139.51808,35.45245],[139.51772,35.45253],[139.51759,35.45266],[139.51753,35.45281],[139.51758,35.45294],[139.51781,35.45308],[139.51793,35.45329],[139.51803,35.45417]]],[[[139.54099,35.47132],[139.54116,35.47105],[139.54142,35.47093],[139.54179,35.47084],[139.54201,35.47069],[139.54205,35.47056],[139.542,35.47031],[139.54206,35.47014],[139.54234,35.46989],[139.54281,35.46963],[139.54309,35.46931],[139.54316,35.46906],[139.5431,35.46867],[139.54314,35.46847],[139.54336,35.46832],[139.54383,35.46828],[139.54395,35.46823],[139.54399,35.46815],[139.54392,35.46792],[139.54401,35.46786],[139.54424,35.46782],[139.54432,35.46774],[139.54437,35.46755],[139.54434,35.46736],[139.54418,35.46736],[139.54378,35.46763],[139.54324,35.46778],[139.54161,35.46787],[139.54117,35.46795],[139.54083,35.46806],[139.5406,35.46822],[139.54037,35.46849],[139.54025,35.4688],[139.54018,35.46928],[139.54006,35.4694],[139.53993,35.46942],[139.53984,35.46944],[139.53982,35.46949],[139.5401,35.46983],[139.53986,35.46988],[139.53973,35.47004],[139.53968,35.4705],[139.53974,35.47075],[139.53989,35.47096],[139.54013,35.47112],[139.5406,35.47129],[139.54099,35.47132]]],[[[139.55977,35.47364],[139.55993,35.4736],[139.56052,35.47366],[139.56078,35.47362],[139.56086,35.47352],[139.56088,35.47337],[139.56073,35.47318],[139.56034,35.47308],[139.55977,35.47306],[139.55934,35.473],[139.55917,35.47292],[139.55902,35.47277],[139.55872,35.47269],[139.55803,35.47274],[139.55769,35.47292],[139.55746,35.47327],[139.55738,35.47351],[139.5573,35.47412],[139.55724,35.47537],[139.55711,35.47594],[139.55683,35.47645],[139.55691,35.47675],[139.55689,35.47686],[139.55674,35.47703],[139.55632,35.47734],[139.5562,35.47756],[139.55617,35.4778],[139.55601,35.47802],[139.55534,35.47838],[139.5551,35.47861],[139.5551,35.47877],[139.55518,35.47885],[139.55544,35.47891],[139.5557,35.47892],[139.55696,35.47892],[139.55747,35.47884],[139.55816,35.47853],[139.55865,35.47812],[139.55894,35.47772],[139.55919,35.47723],[139.55957,35.47605],[139.55967,35.47529],[139.55957,35.47417],[139.55962,35.47377],[139.55977,35.47364]]],[[[139.55289,35.47988],[139.55287,35.48025],[139.55297,35.48058],[139.55321,35.48083],[139.55338,35.48092],[139.55383,35.48104],[139.55461,35.4811],[139.55504,35.48108],[139.55605,35.48083],[139.55625,35.48085],[139.55654,35.48101],[139.55664,35.481],[139.55672,35.4808],[139.55678,35.48022],[139.55691,35.48007],[139.55709,35.48004],[139.55717,35.47998],[139.55719,35.47989],[139.5571,35.47946],[139.55715,35.47935],[139.55736,35.47919],[139.55721,35.4791],[139.55678,35.47902],[139.55601,35.47898],[139.5551,35.47904],[139.55443,35.47919],[139.55428,35.47928],[139.55423,35.47944],[139.55412,35.4795],[139.5538,35.47951],[139.55348,35.47946],[139.5532,35.47949],[139.553,35.47963],[139.55289,35.47988]]],[[[139.54184,35.52245],[139.54195,35.52253],[139.54202,35.52273],[139.54223,35.52286],[139.54271,35.52297],[139.54297,35.52297],[139.54306,35.52291],[139.54312,35.52275],[139.54336,35.52263],[139.54407,35.52247],[139.54511,35.5223],[139.54582,35.5221],[139.54606,35.52195],[139.54616,35.52161],[139.54637,35.52136],[139.54673,35.52111],[139.54701,35.52098],[139.54742,35.5209],[139.54806,35.52097],[139.54827,35.52092],[139.54847,35.52049],[139.54955,35.51921],[139.54971,35.51888],[139.54962,35.51879],[139.54926,35.51885],[139.54907,35.51901],[139.54887,35.51936],[139.54863,35.51946],[139.54841,35.51942],[139.54831,35.51917],[139.54822,35.51913],[139.54729,35.51937],[139.54688,35.51938],[139.54647,35.51932],[139.54621,35.51935],[139.54586,35.51953],[139.54551,35.51984],[139.54508,35.52003],[139.54413,35.52026],[139.54226,35.52055],[139.54176,35.52072],[139.54163,35.52093],[139.54134,35.52093],[139.54115,35.52088],[139.54095,35.52089],[139.54089,35.52095],[139.54079,35.52124],[139.54046,35.52146],[139.54042,35.52177],[139.54053,35.52208],[139.54068,35.52223],[139.54091,35.52233],[139.54184,35.52245]]],[[[139.55334,35.53769],[139.55349,35.53727],[139.55365,35.53702],[139.55436,35.53631],[139.55455,35.53606],[139.55494,35.53513],[139.55506,35.53505],[139.55526,35.53501],[139.55538,35.53494],[139.55578,35.53418],[139.55614,35.53393],[139.55622,35.53382],[139.55627,35.53352],[139.55622,35.53333],[139.55614,35.53326],[139.55583,35.53317],[139.55564,35.53286],[139.55556,35.53247],[139.55569,35.53217],[139.5559,35.53204],[139.55622,35.53197],[139.55669,35.53193],[139.55708,35.53196],[139.55738,35.53204],[139.55757,35.53215],[139.55774,35.53251],[139.55796,35.53256],[139.55805,35.53249],[139.55805,35.53224],[139.55785,35.53164],[139.55782,35.53135],[139.55794,35.531],[139.5582,35.53075],[139.55828,35.53056],[139.5582,35.53047],[139.55793,35.53037],[139.55774,35.53022],[139.55766,35.53001],[139.5577,35.52973],[139.55793,35.52927],[139.55834,35.52878],[139.55865,35.52861],[139.55914,35.52864],[139.55928,35.5286],[139.55947,35.52835],[139.55944,35.52821],[139.55913,35.52808],[139.55875,35.52805],[139.55829,35.52807],[139.55789,35.52818],[139.55742,35.52849],[139.55699,35.52908],[139.55678,35.52927],[139.55658,35.52938],[139.55628,35.52941],[139.55608,35.5295],[139.55595,35.52997],[139.55588,35.53004],[139.55563,35.5301],[139.55551,35.53026],[139.55537,35.53074],[139.55524,35.53144],[139.55498,35.53198],[139.55472,35.53221],[139.55411,35.53247],[139.55392,35.53261],[139.55381,35.53276],[139.55371,35.53314],[139.55352,35.53329],[139.55309,35.53347],[139.55297,35.53366],[139.55288,35.53404],[139.55276,35.53414],[139.55223,35.5344],[139.5521,35.53455],[139.55187,35.53502],[139.55161,35.53515],[139.55123,35.53512],[139.55101,35.53516],[139.55092,35.53522],[139.55076,35.53561],[139.55078,35.53625],[139.55098,35.53667],[139.55132,35.53705],[139.55156,35.53724],[139.55214,35.53759],[139.55286,35.53786],[139.55317,35.53785],[139.55334,35.53769]]],[[[139.56866,35.54183],[139.56885,35.54172],[139.56913,35.54164],[139.56938,35.54148],[139.56962,35.54124],[139.57028,35.54025],[139.57066,35.53997],[139.57105,35.53986],[139.57135,35.53968],[139.57148,35.53951],[139.57162,35.53919],[139.57178,35.53902],[139.57214,35.53884],[139.57275,35.53869],[139.573,35.53853],[139.57307,35.53838],[139.57304,35.53815],[139.57294,35.53798],[139.57276,35.53787],[139.57274,35.53776],[139.573,35.53747],[139.57382,35.53686],[139.57423,35.53648],[139.57433,35.5363],[139.57425,35.53612],[139.57399,35.53601],[139.57358,35.53597],[139.5734,35.53597],[139.57303,35.5361],[139.57241,35.5366],[139.57146,35.53778],[139.5712,35.53802],[139.57066,35.53835],[139.57008,35.53848],[139.56918,35.53839],[139.56893,35.53842],[139.56849,35.53857],[139.56815,35.53889],[139.56769,35.53976],[139.56746,35.54005],[139.5672,35.54021],[139.56655,35.54031],[139.56646,35.54039],[139.56643,35.54054],[139.56634,35.54064],[139.56582,35.54081],[139.56559,35.54094],[139.56533,35.54132],[139.56513,35.54213],[139.56497,35.54247],[139.56461,35.54283],[139.56402,35.54313],[139.56385,35.54337],[139.56379,35.54367],[139.56383,35.54405],[139.56399,35.54451],[139.56413,35.54472],[139.56431,35.54484],[139.5646,35.54489],[139.5648,35.54485],[139.56511,35.54454],[139.56554,35.54432],[139.56605,35.54404],[139.56629,35.54355],[139.56675,35.54317],[139.56704,35.54307],[139.5674,35.54303],[139.56828,35.54308],[139.56844,35.54305],[139.56865,35.54294],[139.56871,35.54272],[139.56855,35.54213],[139.56866,35.54183]]],[[[139.5204,35.53973],[139.52074,35.54015],[139.52079,35.5403],[139.52076,35.54041],[139.52058,35.54052],[139.52045,35.5407],[139.52039,35.54118],[139.52031,35.54139],[139.52022,35.54146],[139.51986,35.54155],[139.51969,35.54173],[139.5197,35.54184],[139.51991,35.54201],[139.5205,35.54225],[139.5209,35.54248],[139.52142,35.54308],[139.52162,35.54324],[139.52234,35.54352],[139.52249,35.5437],[139.52258,35.54395],[139.52259,35.54427],[139.52251,35.54472],[139.52232,35.54506],[139.52204,35.54534],[139.52188,35.54572],[139.52186,35.54605],[139.52193,35.54662],[139.52183,35.54714],[139.52166,35.54746],[139.52118,35.54804],[139.52103,35.54835],[139.52094,35.54867],[139.52083,35.54961],[139.52051,35.5503],[139.52045,35.55056],[139.52052,35.55075],[139.5207,35.55089],[139.52157,35.55118],[139.52172,35.55132],[139.52182,35.55155],[139.52201,35.55162],[139.5222,35.55162],[139.52238,35.55158],[139.52253,35.55148],[139.52282,35.55094],[139.52295,35.55081],[139.52311,35.55074],[139.5234,35.55071],[139.52352,35.55062],[139.52357,35.55036],[139.5235,35.54997],[139.52351,35.54974],[139.52358,35.54969],[139.52382,35.54973],[139.5239,35.54966],[139.52401,35.54902],[139.52432,35.54858],[139.5244,35.54831],[139.52435,35.54616],[139.52443,35.54589],[139.52474,35.54548],[139.52478,35.54509],[139.5246,35.54485],[139.52424,35.54471],[139.52405,35.54456],[139.52392,35.54403],[139.52373,35.54377],[139.52339,35.54356],[139.52301,35.54349],[139.52318,35.54339],[139.52324,35.54328],[139.52334,35.54282],[139.52342,35.54152],[139.52345,35.53965],[139.52357,35.53832],[139.52372,35.53782],[139.52412,35.5374],[139.52417,35.53719],[139.52416,35.53694],[139.52394,35.53634],[139.52369,35.53605],[139.52338,35.53589],[139.52288,35.53584],[139.52268,35.53577],[139.52237,35.53555],[139.52196,35.53516],[139.52154,35.53496],[139.52123,35.53496],[139.52103,35.53505],[139.52072,35.53531],[139.5204,35.5357],[139.52017,35.53587],[139.5198,35.53598],[139.51952,35.53594],[139.51933,35.53596],[139.51927,35.536],[139.51922,35.53617],[139.51949,35.53717],[139.5194,35.53779],[139.51945,35.53789],[139.51968,35.53804],[139.5198,35.53819],[139.52017,35.53932],[139.5204,35.53973]]],[[[139.53257,35.55172],[139.53278,35.5515],[139.53313,35.55141],[139.53318,35.55125],[139.53297,35.55066],[139.533,35.55033],[139.53314,35.55017],[139.53351,35.54998],[139.53377,35.54975],[139.53386,35.54956],[139.53391,35.54922],[139.53409,35.54896],[139.5344,35.54868],[139.53538,35.54802],[139.53606,35.54748],[139.53642,35.54711],[139.53699,35.54639],[139.53727,35.54614],[139.53755,35.54598],[139.53794,35.54587],[139.5382,35.54572],[139.53829,35.54559],[139.53836,35.54519],[139.53855,35.54493],[139.53882,35.54475],[139.53917,35.54468],[139.53928,35.54462],[139.53939,35.54436],[139.53943,35.54377],[139.53952,35.5435],[139.53978,35.5432],[139.54024,35.54294],[139.54033,35.54278],[139.54028,35.54249],[139.54005,35.54219],[139.53985,35.54206],[139.53962,35.54199],[139.53935,35.54198],[139.53889,35.54204],[139.53794,35.54235],[139.53757,35.54254],[139.53728,35.54276],[139.53706,35.54301],[139.53674,35.54353],[139.53654,35.54374],[139.5363,35.5439],[139.53581,35.54415],[139.53566,35.54428],[139.53557,35.54444],[139.5355,35.54478],[139.53519,35.54518],[139.53456,35.54566],[139.53428,35.54578],[139.53407,35.54582],[139.53395,35.54592],[139.53358,35.54696],[139.53334,35.5472],[139.53294,35.54738],[139.53289,35.54751],[139.53295,35.54768],[139.53289,35.54777],[139.5326,35.54789],[139.532,35.54801],[139.53174,35.54814],[139.53162,35.54844],[139.53131,35.54866],[139.53124,35.54877],[139.53128,35.54952],[139.53112,35.54975],[139.53093,35.54987],[139.53069,35.55013],[139.53067,35.55028],[139.53072,35.55045],[139.53094,35.55072],[139.53154,35.551],[139.53165,35.55119],[139.5317,35.5515],[139.53186,35.55167],[139.53213,35.55178],[139.53246,35.55178],[139.53257,35.55172]]],[[[139.56914,35.55331],[139.57024,35.55317],[139.57154,35.55281],[139.57268,35.55233],[139.57397,35.55162],[139.57536,35.55076],[139.57638,35.55018],[139.57683,35.54999],[139.57745,35.54992],[139.57775,35.54982],[139.57794,35.54968],[139.57802,35.54942],[139.57815,35.5493],[139.57854,35.54914],[139.57914,35.54897],[139.5805,35.54873],[139.5812,35.54871],[139.58182,35.54888],[139.58254,35.54937],[139.58318,35.54963],[139.58392,35.54974],[139.58446,35.54971],[139.58471,35.54965],[139.58518,35.54942],[139.58539,35.54927],[139.58577,35.54886],[139.58617,35.54818],[139.58625,35.54787],[139.58623,35.54776],[139.58607,35.54762],[139.58569,35.54751],[139.58551,35.5474],[139.5852,35.54698],[139.58499,35.5469],[139.58471,35.54694],[139.58448,35.54704],[139.58436,35.54718],[139.58429,35.54742],[139.5841,35.54749],[139.58385,35.54744],[139.58359,35.54719],[139.58343,35.54713],[139.58307,35.54711],[139.58236,35.54718],[139.58216,35.54711],[139.58209,35.54696],[139.58167,35.54688],[139.58081,35.5469],[139.57956,35.54703],[139.57919,35.54712],[139.57899,35.54722],[139.5789,35.54732],[139.57864,35.5474],[139.57764,35.54735],[139.57745,35.54742],[139.57724,35.54771],[139.5769,35.54793],[139.57568,35.5483],[139.57538,35.54843],[139.57518,35.54858],[139.57503,35.54882],[139.57485,35.54892],[139.57443,35.54896],[139.57385,35.5489],[139.57342,35.54891],[139.57325,35.54897],[139.5731,35.54912],[139.5729,35.54922],[139.57173,35.54943],[139.57138,35.54954],[139.57104,35.54978],[139.57072,35.55041],[139.57025,35.55084],[139.56984,35.55103],[139.56944,35.55107],[139.5693,35.55112],[139.56921,35.55122],[139.56913,35.55151],[139.56896,35.55163],[139.56844,35.55172],[139.56793,35.55173],[139.56749,35.55177],[139.56721,35.55187],[139.56708,35.55203],[139.56708,35.55213],[139.56721,35.55243],[139.56734,35.55258],[139.5675,35.55269],[139.56793,35.55287],[139.56815,35.55321],[139.56851,35.55329],[139.56914,35.55331]]],[[[139.54096,35.56078],[139.54124,35.5607],[139.54149,35.56049],[139.54164,35.55995],[139.54183,35.55987],[139.54219,35.55991],[139.54231,35.55981],[139.54247,35.559],[139.54276,35.55859],[139.54305,35.55838],[139.54323,35.55831],[139.54371,35.55834],[139.54386,35.55821],[139.54402,35.55792],[139.54415,35.55783],[139.5448,35.55769],[139.54493,35.55738],[139.54526,35.5573],[139.54542,35.55714],[139.54567,35.55645],[139.54583,35.55624],[139.54619,35.55615],[139.54638,35.55605],[139.54703,35.55558],[139.54735,35.55541],[139.5479,35.55523],[139.54848,35.55512],[139.54874,35.55498],[139.54888,35.55476],[139.54891,35.55463],[139.54887,35.55431],[139.54891,35.554],[139.54908,35.55374],[139.54922,35.55362],[139.55055,35.553],[139.55075,35.55283],[139.55095,35.5525],[139.55111,35.55233],[139.55173,35.55192],[139.55222,35.55176],[139.55317,35.55169],[139.55339,35.55162],[139.55345,35.55149],[139.55343,35.5514],[139.55302,35.55098],[139.55255,35.55068],[139.55164,35.55023],[139.55133,35.54994],[139.55125,35.54972],[139.55128,35.54941],[139.55138,35.54915],[139.55159,35.54891],[139.55154,35.54882],[139.55116,35.5487],[139.55072,35.54864],[139.5503,35.54863],[139.54997,35.5487],[139.54972,35.54884],[139.54929,35.54935],[139.54882,35.54951],[139.54869,35.54982],[139.5485,35.54988],[139.54815,35.54991],[139.54806,35.54996],[139.54812,35.55029],[139.54803,35.5504],[139.54775,35.55059],[139.54766,35.55094],[139.54775,35.55124],[139.54802,35.55154],[139.54807,35.55168],[139.54774,35.55196],[139.54762,35.55263],[139.54738,35.55302],[139.5469,35.55338],[139.54666,35.55348],[139.54645,35.5535],[139.54633,35.55357],[139.54619,35.55378],[139.54603,35.55417],[139.54593,35.55427],[139.54582,35.5543],[139.54549,35.55425],[139.54508,35.55433],[139.54451,35.55454],[139.54397,35.55485],[139.54354,35.55526],[139.54321,35.55575],[139.54295,35.55601],[139.54251,35.55631],[139.54187,35.55659],[139.54162,35.5568],[139.54141,35.55707],[139.54103,35.55779],[139.54075,35.55803],[139.54032,35.55823],[139.5402,35.55842],[139.54013,35.5588],[139.54001,35.55894],[139.53988,35.55901],[139.53969,35.55915],[139.53964,35.55941],[139.53972,35.55951],[139.54,35.55958],[139.5401,35.55968],[139.54016,35.55987],[139.5402,35.56046],[139.54031,35.56068],[139.5405,35.56079],[139.54063,35.56081],[139.54096,35.56078]]],[[[139.58268,35.56063],[139.58232,35.56095],[139.58182,35.56123],[139.58135,35.56136],[139.58106,35.56135],[139.58061,35.56122],[139.58049,35.56113],[139.58042,35.56091],[139.58029,35.56078],[139.57919,35.56023],[139.57899,35.56009],[139.57891,35.55996],[139.57898,35.55972],[139.57896,35.55958],[139.57876,35.55926],[139.57848,35.55903],[139.57805,35.5589],[139.57798,35.55874],[139.57796,35.55851],[139.57784,35.55835],[139.57727,35.55825],[139.57716,35.55814],[139.57709,35.55791],[139.57671,35.55776],[139.57655,35.55747],[139.57637,35.55678],[139.5761,35.5565],[139.57592,35.55641],[139.57542,35.55628],[139.57447,35.55624],[139.57382,35.55611],[139.57361,35.55596],[139.57351,35.55556],[139.57339,35.55544],[139.5732,35.55536],[139.5728,35.55534],[139.57231,35.55524],[139.57135,35.55488],[139.57082,35.55454],[139.57056,35.55414],[139.57043,35.55402],[139.57007,35.55386],[139.56847,35.55364],[139.56777,35.55363],[139.56741,35.5537],[139.56714,35.55383],[139.56688,35.55409],[139.5668,35.55429],[139.56678,35.55449],[139.56683,35.55472],[139.56694,35.55491],[139.5671,35.55506],[139.56803,35.55542],[139.56862,35.55591],[139.56895,35.55601],[139.56935,35.55604],[139.56964,35.55619],[139.56978,35.55639],[139.5699,35.55679],[139.57008,35.55715],[139.57024,35.55735],[139.57054,35.5576],[139.57096,35.55774],[139.57137,35.55768],[139.5716,35.5577],[139.57185,35.55777],[139.57269,35.55817],[139.57397,35.55837],[139.57436,35.55858],[139.57488,35.55902],[139.57509,35.55909],[139.57549,35.55905],[139.57568,35.55909],[139.57575,35.55919],[139.57579,35.55947],[139.57585,35.55954],[139.57626,35.5595],[139.5764,35.55986],[139.57668,35.56003],[139.5768,35.56016],[139.57706,35.56084],[139.57719,35.56102],[139.57738,35.56111],[139.57798,35.56108],[139.57818,35.56116],[139.57832,35.56164],[139.5786,35.56184],[139.5787,35.56197],[139.57878,35.56226],[139.5788,35.56266],[139.57889,35.56289],[139.57904,35.56308],[139.57952,35.56334],[139.57974,35.56358],[139.57977,35.56377],[139.5797,35.56419],[139.57975,35.56444],[139.57998,35.56468],[139.58033,35.56482],[139.58053,35.56482],[139.58065,35.56476],[139.58076,35.56443],[139.5812,35.56409],[139.58149,35.5634],[139.58173,35.56321],[139.58211,35.56308],[139.58322,35.56301],[139.58369,35.56289],[139.58404,35.56267],[139.58426,35.56235],[139.58443,35.56176],[139.58448,35.5614],[139.58443,35.5603],[139.58458,35.56005],[139.58495,35.55989],[139.58516,35.55968],[139.58535,35.55915],[139.58541,35.55859],[139.58538,35.55829],[139.58529,35.55816],[139.58514,35.55809],[139.58469,35.55802],[139.58451,35.55786],[139.58443,35.5577],[139.58425,35.55757],[139.58407,35.55759],[139.58369,35.55778],[139.58348,35.55799],[139.58332,35.55841],[139.58336,35.55943],[139.5832,35.5597],[139.58293,35.55981],[139.58277,35.55996],[139.58281,35.56035],[139.58268,35.56063]]],[[[139.5599,35.55946],[139.56011,35.56],[139.5601,35.56024],[139.55996,35.5605],[139.55971,35.56077],[139.55935,35.56104],[139.55897,35.56125],[139.55832,35.56146],[139.5574,35.56155],[139.55683,35.56151],[139.55625,35.56133],[139.55599,35.5613],[139.55575,35.56135],[139.55531,35.56162],[139.55489,35.56175],[139.55357,35.56171],[139.55344,35.56177],[139.5534,35.56192],[139.55331,35.56202],[139.55248,35.5623],[139.55233,35.56243],[139.55229,35.56259],[139.55209,35.56266],[139.55109,35.56259],[139.55086,35.56263],[139.55047,35.56281],[139.54995,35.56285],[139.54857,35.5628],[139.54615,35.56263],[139.54538,35.56261],[139.54495,35.56265],[139.54486,35.56269],[139.54477,35.56294],[139.54442,35.56318],[139.54441,35.56332],[139.54447,35.56347],[139.54444,35.56355],[139.54431,35.5636],[139.54384,35.56365],[139.54368,35.56381],[139.54358,35.56429],[139.54376,35.56533],[139.54392,35.56562],[139.54417,35.56568],[139.54425,35.56576],[139.54431,35.5661],[139.54438,35.56626],[139.54461,35.56633],[139.54493,35.56622],[139.54542,35.56588],[139.54573,35.56575],[139.54653,35.56578],[139.54704,35.56566],[139.54803,35.56531],[139.54943,35.56513],[139.54988,35.56492],[139.55031,35.56462],[139.55063,35.5645],[139.55098,35.56446],[139.55179,35.5646],[139.55225,35.56459],[139.553,35.56439],[139.55417,35.5639],[139.55531,35.56365],[139.55711,35.5635],[139.5581,35.56349],[139.55861,35.56353],[139.55884,35.56366],[139.55896,35.56397],[139.55913,35.56408],[139.5604,35.56444],[139.56078,35.56468],[139.56092,35.56484],[139.56109,35.56522],[139.56114,35.56593],[139.56129,35.56647],[139.56148,35.56671],[139.56186,35.56693],[139.56212,35.56735],[139.56222,35.56803],[139.56218,35.56856],[139.5621,35.56877],[139.56183,35.56909],[139.5614,35.56926],[139.56027,35.56934],[139.55965,35.5695],[139.55937,35.56969],[139.55889,35.57011],[139.5584,35.57026],[139.5583,35.57057],[139.55817,35.57063],[139.55798,35.57065],[139.55785,35.57075],[139.55776,35.5711],[139.55761,35.57123],[139.55716,35.57138],[139.55628,35.57153],[139.55591,35.57166],[139.55562,35.57183],[139.55506,35.57232],[139.55468,35.5725],[139.55407,35.57267],[139.55362,35.57302],[139.5529,35.57297],[139.55284,35.57303],[139.55277,35.57326],[139.55233,35.57339],[139.55206,35.57378],[139.55176,35.57394],[139.55054,35.57405],[139.55028,35.57411],[139.54981,35.57433],[139.54929,35.57432],[139.54829,35.57418],[139.54806,35.5742],[139.54765,35.57436],[139.54734,35.57467],[139.5469,35.57556],[139.54669,35.57587],[139.54649,35.57606],[139.5462,35.57618],[139.54608,35.5763],[139.54611,35.57639],[139.54635,35.57667],[139.54637,35.57678],[139.54631,35.57702],[139.54647,35.57732],[139.54712,35.57791],[139.54771,35.57825],[139.5479,35.57831],[139.54827,35.57834],[139.54877,35.57818],[139.54913,35.57789],[139.54929,35.57762],[139.54944,35.57715],[139.54966,35.57692],[139.54982,35.57683],[139.55022,35.57673],[139.55122,35.57669],[139.55185,35.57656],[139.55202,35.57646],[139.55217,35.57627],[139.55235,35.57565],[139.55278,35.57552],[139.55322,35.57513],[139.55351,35.575],[139.55392,35.57489],[139.55504,35.57475],[139.55546,35.57464],[139.55562,35.57457],[139.55581,35.5744],[139.55589,35.574],[139.55605,35.57383],[139.55665,35.57372],[139.55688,35.57349],[139.55706,35.57338],[139.55754,35.57333],[139.55792,35.5732],[139.55895,35.57265],[139.55962,35.57244],[139.56126,35.57218],[139.56187,35.57189],[139.56197,35.5719],[139.56223,35.57211],[139.56264,35.57215],[139.56329,35.5721],[139.56388,35.57194],[139.56429,35.57164],[139.56472,35.57099],[139.56486,35.5709],[139.56511,35.57083],[139.56522,35.57062],[139.56526,35.57012],[139.56537,35.56983],[139.56552,35.5697],[139.56588,35.56955],[139.56604,35.56938],[139.56607,35.56915],[139.566,35.56892],[139.56533,35.56834],[139.5652,35.56781],[139.56474,35.56739],[139.56416,35.56617],[139.56389,35.56595],[139.56357,35.56589],[139.5633,35.56575],[139.5628,35.56533],[139.56205,35.56446],[139.56169,35.56383],[139.56156,35.56342],[139.5615,35.56278],[139.56155,35.56261],[139.56172,35.56254],[139.56186,35.56237],[139.56207,35.56169],[139.56238,35.55973],[139.56243,35.55913],[139.5624,35.55854],[139.56219,35.55811],[139.56207,35.55804],[139.56188,35.55801],[139.56175,35.55785],[139.56165,35.55708],[139.56157,35.55695],[139.56134,35.55689],[139.56125,35.55676],[139.56132,35.55629],[139.56123,35.55605],[139.56106,35.55594],[139.56081,35.55587],[139.56059,35.55586],[139.56043,35.5559],[139.56034,35.556],[139.56027,35.55636],[139.56008,35.55655],[139.55986,35.5567],[139.55977,35.55705],[139.55986,35.55729],[139.56008,35.55735],[139.56019,35.55744],[139.5603,35.55783],[139.56032,35.55849],[139.56027,35.55906],[139.56014,35.55935],[139.55995,35.55939],[139.5599,35.55946]]],[[[139.56688,35.57108],[139.56733,35.57149],[139.56739,35.57165],[139.56736,35.5717],[139.56716,35.57177],[139.56647,35.57182],[139.56626,35.57189],[139.56618,35.57201],[139.56623,35.57236],[139.56585,35.57233],[139.56575,35.5724],[139.56545,35.57285],[139.56505,35.57297],[139.56497,35.57313],[139.56491,35.5735],[139.56478,35.57365],[139.56453,35.5738],[139.56443,35.57401],[139.5644,35.57432],[139.56451,35.57457],[139.56466,35.57467],[139.56514,35.57473],[139.56533,35.57482],[139.56549,35.57508],[139.5655,35.57535],[139.56545,35.57559],[139.56533,35.57577],[139.56477,35.57605],[139.56462,35.57641],[139.56457,35.577],[139.56475,35.5788],[139.56475,35.57985],[139.56465,35.58028],[139.56431,35.5807],[139.56423,35.58094],[139.56421,35.58123],[139.56427,35.58185],[139.56422,35.58209],[139.5641,35.58227],[139.56382,35.58247],[139.56368,35.58265],[139.56356,35.58303],[139.56355,35.58336],[139.5636,35.58365],[139.56372,35.58389],[139.5639,35.58408],[139.5645,35.58441],[139.56472,35.58469],[139.56489,35.58509],[139.56502,35.58522],[139.56519,35.58529],[139.56547,35.58529],[139.56562,35.58522],[139.56573,35.58501],[139.56575,35.5848],[139.56562,35.58445],[139.56548,35.58434],[139.5652,35.58423],[139.5651,35.58409],[139.56509,35.58387],[139.56528,35.58324],[139.56531,35.58285],[139.5652,35.58218],[139.5649,35.58126],[139.56491,35.58095],[139.56503,35.58075],[139.56553,35.58057],[139.56574,35.58042],[139.56593,35.58021],[139.56628,35.5796],[139.56649,35.57939],[139.56663,35.57932],[139.56674,35.57914],[139.56685,35.57855],[139.5669,35.57723],[139.56709,35.57636],[139.56733,35.5759],[139.56805,35.57505],[139.56824,35.5746],[139.56826,35.57431],[139.56821,35.57395],[139.56809,35.57369],[139.5679,35.57349],[139.56781,35.57316],[139.56784,35.57268],[139.56798,35.57208],[139.56808,35.57196],[139.56825,35.57211],[139.56845,35.57211],[139.56902,35.57186],[139.56934,35.57179],[139.5696,35.57186],[139.56966,35.57209],[139.56973,35.57213],[139.57045,35.57189],[139.57135,35.57191],[139.57157,35.57179],[139.57175,35.57158],[139.57197,35.57101],[139.57192,35.57084],[139.57149,35.57098],[139.57134,35.57097],[139.57123,35.57089],[139.57103,35.57055],[139.57079,35.57044],[139.57032,35.57055],[139.56971,35.57082],[139.56932,35.57097],[139.56917,35.57098],[139.56899,35.57076],[139.56852,35.57063],[139.5672,35.57051],[139.56685,35.57053],[139.56666,35.57059],[139.56662,35.57069],[139.56667,35.57082],[139.56688,35.57108]]],[[[139.57254,35.58915],[139.57291,35.58905],[139.57342,35.58858],[139.57383,35.58844],[139.57393,35.58827],[139.57399,35.58795],[139.57404,35.58696],[139.57423,35.58644],[139.57447,35.58626],[139.57511,35.58618],[139.5754,35.58609],[139.57565,35.58593],[139.57624,35.58541],[139.57669,35.58529],[139.57687,35.58492],[139.57728,35.58481],[139.57741,35.58448],[139.57789,35.58426],[139.57803,35.58413],[139.57815,35.58384],[139.57824,35.58321],[139.57836,35.58303],[139.57873,35.58276],[139.57896,35.5825],[139.57931,35.58168],[139.57946,35.58156],[139.57984,35.58149],[139.58015,35.58133],[139.58088,35.58053],[139.58154,35.58015],[139.58159,35.57985],[139.58135,35.57897],[139.58137,35.57876],[139.58146,35.57861],[139.58169,35.57846],[139.58189,35.5784],[139.58281,35.57829],[139.58308,35.57806],[139.58323,35.578],[139.5836,35.57799],[139.58406,35.57805],[139.58423,35.57801],[139.58427,35.57797],[139.58423,35.57783],[139.58397,35.57751],[139.58378,35.57717],[139.58363,35.57645],[139.58343,35.57627],[139.58296,35.57605],[139.58279,35.57569],[139.58264,35.57565],[139.58246,35.57567],[139.58235,35.57576],[139.58231,35.57595],[139.58225,35.57603],[139.58205,35.57609],[139.58177,35.57611],[139.58165,35.57618],[139.5816,35.5764],[139.58168,35.57686],[139.58159,35.57699],[139.58128,35.57696],[139.58096,35.57665],[139.5807,35.57657],[139.58032,35.57655],[139.57999,35.5767],[139.57977,35.57706],[139.57964,35.57761],[139.5795,35.57788],[139.5792,35.5781],[139.57873,35.57819],[139.5786,35.57833],[139.57856,35.57857],[139.57861,35.57918],[139.57853,35.57942],[139.57836,35.5796],[139.57798,35.57979],[139.57777,35.57996],[139.57755,35.58028],[139.57742,35.58069],[139.57724,35.58101],[139.57679,35.58136],[139.57667,35.58151],[139.57662,35.58179],[139.57669,35.58222],[139.57658,35.58252],[139.57632,35.58278],[139.57601,35.58295],[139.5757,35.58299],[139.5754,35.58293],[139.57517,35.58294],[139.57505,35.583],[139.57485,35.58323],[139.57448,35.58332],[139.57439,35.58346],[139.57433,35.58372],[139.57427,35.58451],[139.57409,35.58484],[139.57395,35.58496],[139.57357,35.58514],[139.57259,35.58529],[139.57213,35.58541],[139.57178,35.5857],[139.57123,35.58579],[139.57096,35.58587],[139.57005,35.5864],[139.56948,35.58689],[139.56935,35.58709],[139.56934,35.58735],[139.56952,35.58759],[139.56988,35.58773],[139.57012,35.58788],[139.57044,35.58834],[139.5708,35.5886],[139.57173,35.58899],[139.57219,35.58912],[139.57254,35.58915]]],[[[139.51845,35.61845],[139.51868,35.61835],[139.51906,35.61752],[139.51918,35.61743],[139.51949,35.61735],[139.51967,35.61712],[139.51976,35.61676],[139.51967,35.61613],[139.51973,35.61592],[139.52001,35.61563],[139.52048,35.61538],[139.52077,35.61516],[139.52083,35.61503],[139.52076,35.61475],[139.52085,35.61458],[139.52105,35.61442],[139.52121,35.61436],[139.52148,35.61435],[139.52178,35.61441],[139.52194,35.61437],[139.52212,35.6142],[139.52224,35.61389],[139.52239,35.61368],[139.5225,35.61361],[139.52282,35.61355],[139.52303,35.61334],[139.52313,35.61305],[139.52321,35.61232],[139.52352,35.61176],[139.52355,35.61151],[139.52344,35.61099],[139.52318,35.61036],[139.52314,35.60993],[139.52327,35.60979],[139.5239,35.60973],[139.52425,35.60962],[139.52446,35.60952],[139.52463,35.60933],[139.52479,35.60886],[139.52482,35.60795],[139.5247,35.60728],[139.52449,35.60693],[139.5247,35.60681],[139.52539,35.60668],[139.52574,35.60653],[139.52582,35.60632],[139.52569,35.60612],[139.52548,35.60608],[139.52501,35.60627],[139.52467,35.60631],[139.52437,35.60616],[139.52427,35.60587],[139.52407,35.60582],[139.52336,35.60602],[139.52297,35.60624],[139.52285,35.60656],[139.52254,35.60679],[139.52246,35.60697],[139.52245,35.60742],[139.52253,35.60823],[139.52248,35.60861],[139.52215,35.60895],[139.52199,35.61007],[139.52179,35.61041],[139.5215,35.61068],[139.52131,35.61096],[139.52122,35.6115],[139.5211,35.61181],[139.52087,35.61208],[139.52052,35.61233],[139.52005,35.61254],[139.51929,35.61278],[139.51903,35.61292],[139.51886,35.6132],[139.51892,35.6136],[139.51887,35.61377],[139.51855,35.61387],[139.51847,35.61403],[139.51845,35.61426],[139.51833,35.61442],[139.51819,35.61447],[139.5179,35.61449],[139.51771,35.61459],[139.51763,35.61486],[139.51751,35.61501],[139.51705,35.61518],[139.51597,35.61532],[139.51551,35.61546],[139.51545,35.6156],[139.51589,35.61606],[139.51621,35.61655],[139.51636,35.61681],[139.51672,35.61708],[139.51705,35.61717],[139.51762,35.61721],[139.51789,35.61729],[139.51797,35.61736],[139.51805,35.61756],[139.518,35.61806],[139.5181,35.61832],[139.51825,35.61841],[139.51845,35.61845]]],[[[139.53564,35.62176],[139.53592,35.62233],[139.53598,35.62261],[139.53592,35.62303],[139.53605,35.62309],[139.53624,35.62306],[139.53634,35.62294],[139.53642,35.6225],[139.5365,35.6224],[139.53679,35.62219],[139.53689,35.62194],[139.53692,35.62156],[139.53687,35.62118],[139.53674,35.62086],[139.53656,35.6206],[139.53651,35.62041],[139.53657,35.62011],[139.53674,35.61979],[139.53679,35.61957],[139.53674,35.6195],[139.53643,35.61942],[139.53633,35.61909],[139.53607,35.61891],[139.53594,35.61875],[139.53575,35.618],[139.53566,35.61687],[139.53577,35.61624],[139.53611,35.6157],[139.53621,35.6154],[139.53623,35.61505],[139.53604,35.61422],[139.53603,35.6138],[139.53613,35.61366],[139.5364,35.61361],[139.5366,35.61342],[139.53668,35.61304],[139.53665,35.6126],[139.53655,35.61234],[139.53614,35.61221],[139.53594,35.61195],[139.53578,35.61022],[139.53559,35.60975],[139.53519,35.60922],[139.53514,35.60899],[139.5352,35.60877],[139.53504,35.60869],[139.53457,35.60865],[139.53436,35.60854],[139.53414,35.60822],[139.53396,35.60764],[139.53384,35.60748],[139.53367,35.60741],[139.53339,35.60747],[139.53323,35.60759],[139.53326,35.60796],[139.53275,35.60842],[139.53259,35.60884],[139.53255,35.60923],[139.53258,35.60982],[139.53264,35.61007],[139.53273,35.61021],[139.53291,35.61027],[139.53299,35.61043],[139.533,35.61091],[139.53289,35.6121],[139.53291,35.61275],[139.5331,35.61366],[139.53355,35.61459],[139.53363,35.61511],[139.53362,35.61575],[139.5335,35.6163],[139.53327,35.61672],[139.53279,35.61714],[139.53249,35.61723],[139.53243,35.61728],[139.53247,35.6174],[139.53299,35.618],[139.53324,35.61839],[139.53333,35.61863],[139.53337,35.61898],[139.53347,35.61922],[139.53379,35.61961],[139.53463,35.6204],[139.53515,35.62103],[139.53564,35.62176]]],[[[139.5685,35.61504],[139.56802,35.61532],[139.56771,35.61563],[139.56732,35.61631],[139.56688,35.61742],[139.56652,35.61797],[139.56626,35.61818],[139.56565,35.61849],[139.56511,35.61898],[139.56459,35.61923],[139.56316,35.61973],[139.56272,35.61999],[139.56247,35.62023],[139.56222,35.62035],[139.56189,35.62042],[139.56063,35.62051],[139.56035,35.62061],[139.56007,35.62083],[139.55964,35.62097],[139.55824,35.62114],[139.55406,35.62132],[139.55338,35.62137],[139.55317,35.62143],[139.5533,35.62149],[139.55339,35.62161],[139.55332,35.62194],[139.55348,35.622],[139.55377,35.62202],[139.55404,35.62215],[139.55466,35.62293],[139.55514,35.62337],[139.5555,35.62356],[139.55587,35.62363],[139.55599,35.6239],[139.55614,35.62404],[139.55725,35.62451],[139.5577,35.6248],[139.55785,35.62501],[139.5579,35.62532],[139.55801,35.6255],[139.55816,35.62554],[139.55853,35.62548],[139.55868,35.62553],[139.55905,35.62599],[139.55984,35.62633],[139.5601,35.62666],[139.56029,35.62737],[139.56051,35.62781],[139.56072,35.62801],[139.56129,35.62833],[139.56144,35.62855],[139.56148,35.62878],[139.56159,35.62886],[139.56178,35.62888],[139.56224,35.62876],[139.56238,35.62866],[139.5626,35.62832],[139.56273,35.62746],[139.56266,35.62593],[139.56269,35.62536],[139.56276,35.62494],[139.56289,35.62468],[139.5631,35.62442],[139.5633,35.6243],[139.5635,35.62428],[139.56363,35.62421],[139.56374,35.62388],[139.5641,35.62361],[139.56415,35.62336],[139.56406,35.62275],[139.56411,35.62254],[139.56443,35.62244],[139.56454,35.62218],[139.56467,35.6221],[139.56491,35.62206],[139.56564,35.62202],[139.56606,35.62186],[139.56624,35.62167],[139.56651,35.62102],[139.56663,35.62093],[139.56692,35.62087],[139.56709,35.62051],[139.56773,35.62021],[139.56786,35.62009],[139.56815,35.61965],[139.56838,35.6195],[139.56881,35.61933],[139.56891,35.61924],[139.56901,35.61899],[139.56927,35.61891],[139.56987,35.61888],[139.5702,35.61882],[139.5703,35.61874],[139.57037,35.61856],[139.57046,35.61852],[139.5709,35.61857],[139.5711,35.61851],[139.57141,35.61822],[139.57199,35.61744],[139.57215,35.61734],[139.57253,35.61725],[139.57279,35.617],[139.57308,35.61702],[139.57345,35.61725],[139.5736,35.61746],[139.57365,35.61778],[139.57377,35.61793],[139.57419,35.61801],[139.57431,35.61808],[139.57436,35.61829],[139.57429,35.61861],[139.5743,35.61885],[139.57437,35.61896],[139.57469,35.61918],[139.57482,35.61949],[139.57513,35.61966],[139.57613,35.62],[139.57632,35.62012],[139.57642,35.62034],[139.57657,35.62043],[139.57684,35.62051],[139.57748,35.62061],[139.57836,35.62062],[139.5791,35.62046],[139.57923,35.62039],[139.57939,35.62023],[139.5794,35.62013],[139.57932,35.6199],[139.57882,35.6194],[139.57846,35.61919],[139.57804,35.61912],[139.57788,35.61905],[139.57775,35.61892],[139.57758,35.61852],[139.5774,35.61828],[139.57675,35.61795],[139.57651,35.61771],[139.57622,35.61731],[139.57605,35.61719],[139.57549,35.61704],[139.57534,35.61678],[139.57525,35.61602],[139.57504,35.6156],[139.57455,35.61514],[139.57422,35.61493],[139.57389,35.61484],[139.57377,35.61469],[139.57361,35.6141],[139.57348,35.6127],[139.57353,35.61147],[139.5738,35.61031],[139.57379,35.61008],[139.57363,35.60986],[139.57347,35.60976],[139.57316,35.60968],[139.57277,35.60966],[139.57253,35.6097],[139.57227,35.60987],[139.57202,35.61035],[139.57176,35.61051],[139.57096,35.61063],[139.5707,35.61085],[139.57054,35.61091],[139.57018,35.61092],[139.5697,35.61087],[139.56949,35.6109],[139.56942,35.61094],[139.56936,35.61108],[139.56942,35.61139],[139.56941,35.61166],[139.56934,35.61181],[139.56911,35.61206],[139.56912,35.61211],[139.56921,35.61213],[139.56934,35.61215],[139.56947,35.61234],[139.56952,35.61272],[139.56949,35.61316],[139.56939,35.61342],[139.56897,35.61355],[139.56881,35.61373],[139.56875,35.61403],[139.56885,35.61455],[139.56879,35.61475],[139.5685,35.61504]]],[[[139.54462,35.62424],[139.54465,35.62402],[139.54473,35.62389],[139.54513,35.62392],[139.54523,35.62385],[139.54551,35.62345],[139.54574,35.62335],[139.54603,35.62332],[139.54627,35.62313],[139.54646,35.62258],[139.54647,35.62212],[139.54639,35.62201],[139.54604,35.62192],[139.54581,35.62169],[139.54562,35.62165],[139.54531,35.62167],[139.54445,35.62183],[139.54392,35.62187],[139.54367,35.62183],[139.54339,35.62166],[139.54328,35.62165],[139.54311,35.62179],[139.543,35.62212],[139.54302,35.6225],[139.54312,35.62263],[139.54336,35.62269],[139.54345,35.62283],[139.54359,35.62404],[139.54371,35.6243],[139.5439,35.62444],[139.54416,35.62447],[139.54447,35.6244],[139.54462,35.62424]]],[[[139.53891,35.62615],[139.53839,35.62597],[139.53761,35.62588],[139.53675,35.62586],[139.53616,35.62596],[139.53579,35.62617],[139.53561,35.62647],[139.53546,35.62656],[139.53512,35.6264],[139.53468,35.62632],[139.53306,35.62641],[139.53262,35.62639],[139.53245,35.62634],[139.5323,35.62615],[139.5322,35.62533],[139.53204,35.62505],[139.53186,35.62498],[139.53135,35.62504],[139.53113,35.62502],[139.53095,35.62496],[139.53067,35.62477],[139.53046,35.62473],[139.53025,35.62478],[139.5301,35.62493],[139.52998,35.62549],[139.52983,35.62564],[139.52955,35.62574],[139.52853,35.62584],[139.52838,35.62591],[139.52816,35.62609],[139.52807,35.62637],[139.52808,35.62669],[139.52816,35.627],[139.52825,35.62711],[139.52852,35.62715],[139.52872,35.62724],[139.52899,35.62745],[139.52912,35.62765],[139.52919,35.62805],[139.5293,35.62824],[139.53009,35.62891],[139.5303,35.62928],[139.53043,35.63004],[139.5304,35.63126],[139.53054,35.63168],[139.53081,35.63197],[139.53138,35.63222],[139.53155,35.63234],[139.53184,35.6327],[139.53207,35.6332],[139.5323,35.63415],[139.53258,35.63488],[139.53281,35.63521],[139.53318,35.6355],[139.53331,35.63568],[139.53327,35.63599],[139.5328,35.63663],[139.53265,35.6372],[139.53253,35.6373],[139.53217,35.63747],[139.53202,35.63768],[139.5319,35.63824],[139.53184,35.63923],[139.53171,35.63955],[139.53152,35.63972],[139.5314,35.63976],[139.53114,35.63975],[139.5307,35.6396],[139.53014,35.6391],[139.52858,35.63823],[139.52824,35.63789],[139.52807,35.63748],[139.52791,35.63731],[139.52749,35.6372],[139.52728,35.63697],[139.52714,35.63689],[139.5262,35.63674],[139.52612,35.63667],[139.52602,35.63637],[139.52569,35.63614],[139.52564,35.63588],[139.52574,35.6351],[139.52545,35.63421],[139.5255,35.63362],[139.52575,35.63284],[139.52604,35.63219],[139.52621,35.63191],[139.52648,35.6317],[139.52653,35.63158],[139.52621,35.63112],[139.52605,35.63004],[139.52593,35.62989],[139.52558,35.6298],[139.52548,35.62968],[139.52549,35.62931],[139.52569,35.62857],[139.52568,35.62822],[139.52558,35.6279],[139.52539,35.62762],[139.52515,35.6274],[139.52468,35.62723],[139.52431,35.62722],[139.52391,35.62728],[139.52326,35.62749],[139.52291,35.62772],[139.52273,35.62812],[139.52271,35.62851],[139.52278,35.629],[139.52321,35.63047],[139.52337,35.63065],[139.52373,35.63074],[139.52383,35.63081],[139.52389,35.63094],[139.52396,35.63149],[139.52409,35.63161],[139.52438,35.63169],[139.52446,35.63192],[139.52438,35.63227],[139.52409,35.63247],[139.52402,35.6326],[139.52401,35.63289],[139.52408,35.63329],[139.52402,35.63362],[139.5239,35.63378],[139.52345,35.63414],[139.52323,35.6346],[139.52317,35.63512],[139.52325,35.63543],[139.52341,35.63569],[139.52338,35.63582],[139.52321,35.63593],[139.52289,35.636],[139.52251,35.63605],[139.52212,35.63604],[139.52199,35.63598],[139.52191,35.63576],[139.52178,35.63615],[139.52181,35.63644],[139.52118,35.63677],[139.52095,35.63743],[139.52099,35.63776],[139.52159,35.63764],[139.52168,35.63758],[139.52186,35.63759],[139.52211,35.63755],[139.52217,35.63761],[139.5222,35.63761],[139.52257,35.6373],[139.5229,35.63727],[139.52318,35.6374],[139.52381,35.63786],[139.52415,35.63804],[139.52433,35.63807],[139.52454,35.63802],[139.52475,35.63803],[139.52526,35.63832],[139.52573,35.63839],[139.52595,35.63849],[139.52631,35.63887],[139.52685,35.63976],[139.52726,35.64023],[139.52754,35.64039],[139.52819,35.6405],[139.52828,35.64057],[139.52832,35.64078],[139.52842,35.64091],[139.5286,35.641],[139.52889,35.641],[139.5305,35.64043],[139.53449,35.63947],[139.53646,35.63884],[139.53843,35.63806],[139.53949,35.63755],[139.54019,35.63711],[139.54056,35.63674],[139.54061,35.63658],[139.54058,35.63644],[139.54047,35.63622],[139.54031,35.63609],[139.5401,35.63604],[139.53971,35.63608],[139.5395,35.63605],[139.53928,35.63587],[139.53914,35.63557],[139.5388,35.63535],[139.53845,35.63528],[139.53778,35.63525],[139.53745,35.63516],[139.53724,35.635],[139.53718,35.63489],[139.53712,35.6345],[139.53694,35.63427],[139.53643,35.63401],[139.53546,35.63373],[139.53529,35.63363],[139.53505,35.63339],[139.53498,35.63325],[139.53495,35.63292],[139.53499,35.63262],[139.53514,35.63224],[139.53531,35.63203],[139.53562,35.63181],[139.53594,35.63169],[139.53634,35.63163],[139.53651,35.63151],[139.53669,35.63114],[139.53682,35.6306],[139.5369,35.63045],[139.53712,35.63023],[139.53743,35.63011],[139.53818,35.63005],[139.53848,35.62998],[139.5387,35.62986],[139.53917,35.62945],[139.53964,35.6292],[139.54038,35.62893],[139.54075,35.62893],[139.54088,35.62903],[139.54109,35.62933],[139.54128,35.62944],[139.54177,35.62959],[139.54196,35.62973],[139.54212,35.63008],[139.54214,35.63055],[139.54222,35.63087],[139.54231,35.63097],[139.5425,35.63101],[139.5426,35.63108],[139.54267,35.63129],[139.54272,35.63173],[139.54281,35.63195],[139.54299,35.63222],[139.54351,35.6328],[139.54317,35.6331],[139.54312,35.63327],[139.54317,35.63344],[139.54351,35.63388],[139.5437,35.63425],[139.54376,35.63456],[139.54377,35.63528],[139.54395,35.6346],[139.54403,35.63446],[139.5441,35.63452],[139.54432,35.63518],[139.54451,35.63535],[139.54477,35.63541],[139.5451,35.63538],[139.54549,35.63528],[139.54568,35.63514],[139.54578,35.63491],[139.54598,35.63484],[139.54625,35.63483],[139.54633,35.63477],[139.54598,35.63451],[139.54584,35.63433],[139.54572,35.63395],[139.54566,35.63324],[139.54558,35.63309],[139.54535,35.63301],[139.54527,35.63288],[139.54532,35.63159],[139.54517,35.63111],[139.54489,35.63067],[139.54475,35.63033],[139.54453,35.62892],[139.54432,35.62862],[139.54417,35.6285],[139.54378,35.62832],[139.54319,35.62814],[139.543,35.628],[139.543,35.62785],[139.54332,35.62751],[139.5434,35.62732],[139.54341,35.62707],[139.54325,35.62649],[139.54324,35.62579],[139.54318,35.62556],[139.54298,35.62546],[139.54262,35.62551],[139.54251,35.6255],[139.54244,35.62544],[139.54241,35.62529],[139.54232,35.62523],[139.54195,35.62523],[139.5415,35.62539],[139.54134,35.62561],[139.54132,35.62604],[139.5408,35.62605],[139.54062,35.6261],[139.54051,35.62626],[139.54045,35.62656],[139.5403,35.62673],[139.53993,35.62686],[139.53942,35.62693],[139.53929,35.62692],[139.5392,35.62685],[139.53908,35.62632],[139.53891,35.62615]]],[[[139.57331,35.29008],[139.57265,35.29158],[139.57167,35.29277],[139.57132,35.29304],[139.57034,35.2936],[139.57004,35.29369],[139.57011,35.29389],[139.57037,35.29415],[139.57076,35.29439],[139.57125,35.29453],[139.57185,35.29447],[139.57202,35.29451],[139.57232,35.29469],[139.57255,35.29477],[139.57389,35.29491],[139.57419,35.29507],[139.57441,35.29535],[139.57463,35.29542],[139.57598,35.29539],[139.5762,35.29545],[139.57644,35.2956],[139.57676,35.29571],[139.57781,35.29582],[139.57813,35.29598],[139.57855,35.29637],[139.57901,35.2965],[139.57928,35.29689],[139.57945,35.29703],[139.57988,35.29717],[139.58073,35.29735],[139.58096,35.29748],[139.581,35.29764],[139.58112,35.29775],[139.58174,35.29783],[139.58222,35.2981],[139.58251,35.29819],[139.5845,35.29848],[139.58485,35.29857],[139.58523,35.29877],[139.58545,35.29883],[139.58599,35.29884],[139.58703,35.2987],[139.58704,35.29941],[139.58716,35.29976],[139.5873,35.29989],[139.58759,35.3],[139.58786,35.30018],[139.5883,35.30075],[139.58857,35.30095],[139.58878,35.30095],[139.58912,35.3008],[139.58965,35.30035],[139.58981,35.29999],[139.58996,35.29993],[139.59023,35.29991],[139.59129,35.30004],[139.59194,35.30028],[139.59217,35.30045],[139.59237,35.30068],[139.59242,35.30082],[139.59238,35.30105],[139.59266,35.30119],[139.59333,35.30129],[139.59417,35.30135],[139.59474,35.30131],[139.59503,35.30117],[139.59516,35.30092],[139.59516,35.30038],[139.59499,35.29979],[139.59489,35.29958],[139.59469,35.29937],[139.59425,35.29914],[139.59334,35.29887],[139.59287,35.29879],[139.59265,35.2988],[139.59242,35.29886],[139.59214,35.29881],[139.59116,35.29826],[139.59117,35.29755],[139.59129,35.29721],[139.59143,35.29708],[139.59191,35.29686],[139.59204,35.29653],[139.59241,35.29641],[139.59251,35.2962],[139.59254,35.29583],[139.59249,35.29551],[139.59241,35.29539],[139.59218,35.29532],[139.59209,35.29519],[139.59216,35.29472],[139.59212,35.29455],[139.592,35.29442],[139.59179,35.29433],[139.59152,35.29429],[139.59129,35.2943],[139.59101,35.29443],[139.59075,35.2947],[139.59064,35.29474],[139.59059,35.29456],[139.59032,35.29426],[139.58933,35.2935],[139.58897,35.29318],[139.58873,35.29287],[139.5885,35.29233],[139.58837,35.29221],[139.58818,35.29221],[139.58807,35.29226],[139.58767,35.29255],[139.58726,35.29273],[139.58698,35.29276],[139.58659,35.2927],[139.58633,35.29271],[139.58624,35.29277],[139.58618,35.29296],[139.58605,35.29303],[139.58527,35.29311],[139.58505,35.29321],[139.58485,35.29341],[139.58466,35.29347],[139.58393,35.29352],[139.58372,35.29358],[139.58359,35.29374],[139.58365,35.29397],[139.58363,35.29413],[139.58347,35.29433],[139.58308,35.29461],[139.58303,35.29478],[139.58308,35.29495],[139.583,35.29508],[139.58257,35.29534],[139.58155,35.29576],[139.58067,35.29535],[139.58028,35.29523],[139.57983,35.29524],[139.57919,35.29542],[139.579,35.29541],[139.57883,35.29533],[139.57861,35.29502],[139.57851,35.29416],[139.57836,35.29378],[139.57817,35.2936],[139.57753,35.29325],[139.57737,35.29289],[139.57722,35.29273],[139.57666,35.29232],[139.57606,35.29204],[139.57577,35.29202],[139.57523,35.29214],[139.57489,35.29185],[139.57471,35.2915],[139.57469,35.29118],[139.57474,35.29087],[139.5751,35.29025],[139.57515,35.29004],[139.57509,35.28986],[139.57481,35.28976],[139.57389,35.28963],[139.57339,35.2896],[139.57331,35.29008]]],[[[139.59811,35.30541],[139.59823,35.30586],[139.5983,35.30708],[139.59841,35.30756],[139.5986,35.30789],[139.59888,35.30807],[139.59954,35.30812],[139.59999,35.30804],[139.6004,35.30788],[139.60074,35.30765],[139.6013,35.30694],[139.60192,35.30643],[139.60203,35.30605],[139.60196,35.30531],[139.60197,35.30475],[139.60226,35.30377],[139.60226,35.30348],[139.60192,35.30319],[139.60185,35.30293],[139.60176,35.30284],[139.60139,35.30269],[139.60089,35.30262],[139.60053,35.30266],[139.60035,35.30277],[139.60024,35.30293],[139.60018,35.3033],[139.60009,35.3034],[139.59985,35.30346],[139.59966,35.30344],[139.59952,35.30336],[139.59943,35.3032],[139.59935,35.3026],[139.5992,35.30239],[139.59871,35.30228],[139.59847,35.30216],[139.59757,35.3014],[139.59722,35.30129],[139.59701,35.30133],[139.59688,35.3014],[139.59685,35.30148],[139.59719,35.30176],[139.59731,35.30215],[139.59728,35.30254],[139.59703,35.30365],[139.59703,35.3042],[139.59718,35.30446],[139.59733,35.30463],[139.59792,35.30508],[139.59811,35.30541]]],[[[139.6152,35.32706],[139.61506,35.32746],[139.61488,35.32767],[139.61446,35.32788],[139.61407,35.32795],[139.6137,35.32807],[139.61329,35.32841],[139.6131,35.32874],[139.6129,35.32944],[139.61291,35.32992],[139.61308,35.33013],[139.61344,35.33022],[139.61418,35.33017],[139.61464,35.33024],[139.61487,35.33038],[139.61525,35.33084],[139.61552,35.33097],[139.61592,35.33096],[139.61625,35.33084],[139.61645,35.33066],[139.61653,35.33048],[139.61654,35.3301],[139.61647,35.32962],[139.61652,35.3292],[139.61664,35.32898],[139.61699,35.32862],[139.61707,35.32843],[139.61703,35.32769],[139.6171,35.32762],[139.6173,35.3276],[139.6175,35.3275],[139.61786,35.32715],[139.61806,35.32702],[139.61832,35.32691],[139.6188,35.32681],[139.6191,35.32663],[139.61923,35.32649],[139.61946,35.32609],[139.61981,35.3249],[139.62012,35.32447],[139.62033,35.32433],[139.62057,35.32424],[139.62085,35.3242],[139.6224,35.32437],[139.6233,35.32436],[139.62363,35.3243],[139.62386,35.32419],[139.62401,35.32404],[139.62408,35.32384],[139.62405,35.32352],[139.62395,35.32322],[139.62377,35.32296],[139.62362,35.32283],[139.62336,35.32274],[139.6229,35.32281],[139.62278,35.32279],[139.62272,35.32273],[139.62266,35.32248],[139.6224,35.32231],[139.62191,35.32219],[139.62086,35.32204],[139.62051,35.32193],[139.62017,35.32169],[139.62003,35.32136],[139.61973,35.32102],[139.6186,35.32025],[139.61843,35.31996],[139.61849,35.31971],[139.61844,35.31945],[139.61805,35.31903],[139.61793,35.31881],[139.61796,35.31868],[139.61819,35.31842],[139.61829,35.31813],[139.61831,35.31761],[139.61819,35.31731],[139.61805,35.31719],[139.61775,35.31706],[139.61752,35.31688],[139.61715,35.31643],[139.61661,35.31562],[139.6162,35.31524],[139.61578,35.31508],[139.61542,35.31504],[139.61514,35.31506],[139.61486,35.31522],[139.61465,35.31551],[139.61444,35.31597],[139.61441,35.31612],[139.61444,35.31637],[139.61451,35.31647],[139.61475,35.31661],[139.61532,35.31673],[139.61587,35.31694],[139.61633,35.31728],[139.61657,35.31758],[139.6167,35.31793],[139.6167,35.31834],[139.6164,35.31928],[139.61636,35.31979],[139.61649,35.31999],[139.61685,35.32012],[139.61711,35.32036],[139.6172,35.32061],[139.61726,35.32131],[139.61734,35.32146],[139.61758,35.32155],[139.61775,35.32177],[139.61804,35.32288],[139.61821,35.32315],[139.6184,35.32327],[139.61847,35.32338],[139.61846,35.32372],[139.61824,35.32414],[139.61779,35.32431],[139.61721,35.32501],[139.6165,35.3254],[139.61641,35.32555],[139.61636,35.32596],[139.61627,35.32615],[139.61612,35.32632],[139.61563,35.32657],[139.61542,35.32674],[139.6152,35.32706]]],[[[139.58755,35.37524],[139.58754,35.37515],[139.58772,35.37503],[139.5881,35.37494],[139.58844,35.37479],[139.58876,35.3745],[139.58884,35.37429],[139.58883,35.37402],[139.58873,35.37369],[139.58842,35.37315],[139.58813,35.37293],[139.58777,35.37285],[139.58757,35.37287],[139.5871,35.373],[139.5869,35.37311],[139.58661,35.3734],[139.58652,35.37358],[139.58647,35.37402],[139.58663,35.37502],[139.58658,35.37544],[139.58644,35.37555],[139.58614,35.37557],[139.58581,35.3757],[139.58566,35.3758],[139.58558,35.37604],[139.58561,35.37703],[139.58589,35.37841],[139.5862,35.37901],[139.58632,35.3791],[139.58669,35.37917],[139.58684,35.37926],[139.58687,35.37952],[139.58668,35.38004],[139.58673,35.38007],[139.58687,35.37999],[139.58706,35.37979],[139.58718,35.37925],[139.58715,35.37873],[139.58699,35.37778],[139.58702,35.37705],[139.58717,35.37672],[139.58773,35.37627],[139.5879,35.37593],[139.58785,35.37561],[139.58755,35.37524]]],[[[139.60624,35.3846],[139.6065,35.38458],[139.60666,35.38448],[139.60675,35.38429],[139.60669,35.38369],[139.60674,35.38334],[139.60686,35.3832],[139.60714,35.38306],[139.60734,35.38266],[139.60741,35.38222],[139.60745,35.38112],[139.60755,35.38061],[139.60797,35.38017],[139.60817,35.37957],[139.60831,35.3793],[139.60843,35.37921],[139.60863,35.37919],[139.60879,35.37909],[139.60892,35.3789],[139.609,35.37865],[139.60899,35.37831],[139.60882,35.378],[139.60856,35.37788],[139.60808,35.37783],[139.60789,35.3777],[139.6079,35.37755],[139.60812,35.37706],[139.60807,35.37688],[139.60795,35.37682],[139.60769,35.37679],[139.60736,35.37687],[139.60697,35.37703],[139.60675,35.37719],[139.60671,35.37731],[139.6068,35.37747],[139.607,35.3776],[139.60734,35.37766],[139.60742,35.37777],[139.60742,35.37793],[139.6073,35.37815],[139.60705,35.37837],[139.60678,35.37844],[139.60651,35.37839],[139.60642,35.37856],[139.60645,35.37898],[139.60661,35.37967],[139.60672,35.3799],[139.60697,35.38019],[139.6071,35.38046],[139.60715,35.38096],[139.60707,35.38119],[139.60676,35.38145],[139.60573,35.38168],[139.60543,35.38181],[139.60534,35.38192],[139.60523,35.38221],[139.60522,35.38242],[139.6053,35.38253],[139.60559,35.3826],[139.60568,35.38276],[139.60576,35.38324],[139.60578,35.38394],[139.60586,35.38428],[139.60602,35.38451],[139.60612,35.38457],[139.60624,35.3846]]],[[[139.60921,35.40085],[139.60922,35.4009],[139.60943,35.40104],[139.60947,35.40114],[139.60945,35.40135],[139.6093,35.40159],[139.60905,35.40175],[139.60849,35.40193],[139.60842,35.40201],[139.60848,35.4021],[139.60894,35.40244],[139.60903,35.40271],[139.60912,35.40279],[139.61002,35.40293],[139.61047,35.40316],[139.61066,35.40332],[139.61082,35.40355],[139.61077,35.40398],[139.6109,35.40409],[139.61118,35.40416],[139.61152,35.40409],[139.61162,35.40382],[139.61157,35.40326],[139.61137,35.40227],[139.61137,35.40184],[139.61141,35.40177],[139.61165,35.40169],[139.61176,35.40156],[139.61197,35.40098],[139.61215,35.40068],[139.61231,35.40056],[139.61268,35.4004],[139.61279,35.40027],[139.61296,35.3995],[139.61331,35.39902],[139.61327,35.3983],[139.61343,35.39822],[139.61371,35.39828],[139.61394,35.39827],[139.61431,35.39795],[139.61469,35.39787],[139.61471,35.39777],[139.61463,35.3976],[139.61469,35.39743],[139.61528,35.39698],[139.61544,35.39661],[139.61591,35.39639],[139.61601,35.39623],[139.61599,35.39582],[139.61584,35.39528],[139.61583,35.39513],[139.61591,35.39491],[139.6161,35.39479],[139.61656,35.39474],[139.61689,35.39459],[139.617,35.39439],[139.6171,35.39385],[139.61728,35.39357],[139.61756,35.39328],[139.61827,35.39275],[139.61847,35.39255],[139.61856,35.39238],[139.61852,35.39226],[139.61836,35.39214],[139.6179,35.39197],[139.61691,35.39172],[139.61668,35.39161],[139.61628,35.3913],[139.61596,35.39087],[139.61574,35.39034],[139.61562,35.38984],[139.61568,35.38925],[139.61586,35.38896],[139.61613,35.38873],[139.61647,35.38832],[139.61703,35.38729],[139.6172,35.38711],[139.6176,35.38693],[139.61787,35.38669],[139.61843,35.38569],[139.61877,35.3854],[139.61941,35.38505],[139.61961,35.38467],[139.62002,35.38456],[139.6201,35.38429],[139.62028,35.38406],[139.62175,35.38259],[139.62211,35.38209],[139.62216,35.38186],[139.62204,35.38163],[139.62189,35.38151],[139.62154,35.38143],[139.6214,35.38115],[139.6212,35.38115],[139.6207,35.38132],[139.62033,35.38139],[139.61999,35.38137],[139.6198,35.3813],[139.61966,35.38118],[139.61957,35.38099],[139.6195,35.38039],[139.6194,35.38022],[139.61922,35.38024],[139.61904,35.38039],[139.61877,35.38095],[139.61862,35.3811],[139.61839,35.3812],[139.61778,35.38129],[139.61754,35.38154],[139.61739,35.38198],[139.61732,35.38302],[139.61719,35.38374],[139.61706,35.38407],[139.61667,35.38467],[139.61611,35.38518],[139.61545,35.38563],[139.61465,35.38631],[139.61424,35.38676],[139.61365,35.38758],[139.61319,35.38796],[139.61285,35.38809],[139.61253,35.38813],[139.61227,35.3881],[139.61208,35.388],[139.61181,35.38747],[139.61162,35.38722],[139.61087,35.38656],[139.6103,35.38624],[139.60969,35.38614],[139.6093,35.38593],[139.60907,35.3856],[139.60881,35.38487],[139.60868,35.38471],[139.60843,35.38461],[139.60822,35.38462],[139.60795,35.38475],[139.60758,35.38521],[139.60733,35.38542],[139.60715,35.38549],[139.60684,35.38553],[139.60663,35.38565],[139.60632,35.38602],[139.60588,35.38688],[139.60577,35.3872],[139.60576,35.38739],[139.60584,35.38752],[139.60606,35.38766],[139.60642,35.3877],[139.60705,35.38761],[139.60743,35.38762],[139.60823,35.38792],[139.60952,35.38806],[139.60967,35.38814],[139.60981,35.38829],[139.60999,35.38835],[139.61115,35.38831],[139.61152,35.38844],[139.61186,35.38902],[139.61205,35.38918],[139.61276,35.38959],[139.61297,35.38986],[139.61321,35.39035],[139.61335,35.39048],[139.61374,35.39067],[139.61384,35.39077],[139.61415,35.39132],[139.61456,35.39252],[139.61487,35.39315],[139.61508,35.39336],[139.61545,35.39344],[139.6156,35.39357],[139.61564,35.39379],[139.61554,35.39402],[139.61538,35.39416],[139.6149,35.3944],[139.61464,35.3946],[139.61456,35.39475],[139.61446,35.39519],[139.61407,35.39571],[139.61361,35.39606],[139.61297,35.39628],[139.61281,35.3964],[139.61272,35.39659],[139.61276,35.39697],[139.6127,35.39719],[139.61247,35.39735],[139.6118,35.39746],[139.61121,35.39747],[139.61074,35.39754],[139.61039,35.39767],[139.61016,35.39785],[139.61004,35.39809],[139.60996,35.39843],[139.60995,35.39908],[139.61001,35.39987],[139.60992,35.40043],[139.60975,35.40065],[139.60921,35.40085]]],[[[139.58303,35.40587],[139.58295,35.40561],[139.58297,35.40552],[139.58323,35.40534],[139.58336,35.40506],[139.58339,35.40421],[139.58331,35.40385],[139.58315,35.40352],[139.58267,35.40294],[139.58242,35.40251],[139.58233,35.40223],[139.58232,35.40195],[139.58245,35.40139],[139.58303,35.40037],[139.58299,35.39987],[139.58349,35.39915],[139.58358,35.39892],[139.5836,35.3987],[139.58342,35.39822],[139.58325,35.39809],[139.58301,35.39805],[139.58289,35.39785],[139.58293,35.39746],[139.58324,35.39709],[139.5833,35.39696],[139.58297,35.39665],[139.58289,35.39609],[139.58277,35.39586],[139.5825,35.3957],[139.58231,35.39565],[139.5818,35.3956],[139.58123,35.39561],[139.58082,35.3957],[139.58068,35.39577],[139.58054,35.39596],[139.58057,35.39661],[139.5805,35.3967],[139.58022,35.39676],[139.58014,35.39687],[139.58015,35.39704],[139.58026,35.39718],[139.58105,35.39779],[139.58137,35.39809],[139.58148,35.39828],[139.5815,35.39845],[139.58133,35.39897],[139.58065,35.40021],[139.58044,35.40089],[139.58039,35.40156],[139.58044,35.40211],[139.58052,35.40237],[139.58075,35.40266],[139.5808,35.40283],[139.5807,35.403],[139.58049,35.40314],[139.58028,35.40318],[139.58008,35.40313],[139.57992,35.40313],[139.57984,35.40325],[139.57985,35.40351],[139.57994,35.40377],[139.58045,35.40472],[139.58089,35.40529],[139.58136,35.4057],[139.58202,35.40602],[139.58255,35.4061],[139.58292,35.406],[139.58303,35.40587]]],[[[139.58564,35.40883],[139.58681,35.40896],[139.58713,35.40912],[139.58728,35.40928],[139.58748,35.40935],[139.58795,35.40918],[139.58885,35.40852],[139.58953,35.40812],[139.58997,35.40796],[139.59057,35.40784],[139.59087,35.40771],[139.59109,35.40753],[139.59132,35.40703],[139.5915,35.40685],[139.59192,35.40675],[139.5925,35.4068],[139.59297,35.40676],[139.59319,35.40666],[139.5935,35.40637],[139.59367,35.40627],[139.59439,35.40615],[139.5955,35.40564],[139.59568,35.40562],[139.59598,35.40569],[139.59606,35.40561],[139.59611,35.40541],[139.5962,35.40532],[139.59684,35.40504],[139.59736,35.40458],[139.59772,35.4044],[139.59865,35.40423],[139.60123,35.40413],[139.60188,35.40398],[139.60223,35.40352],[139.60269,35.4032],[139.60292,35.40294],[139.60308,35.40258],[139.60321,35.40195],[139.60324,35.40157],[139.60318,35.40138],[139.60306,35.40128],[139.60287,35.40126],[139.60274,35.4012],[139.60264,35.40087],[139.60227,35.40061],[139.60229,35.40055],[139.60256,35.40037],[139.60266,35.40012],[139.60269,35.39974],[139.60259,35.3994],[139.60233,35.39919],[139.60182,35.39909],[139.60151,35.39913],[139.60122,35.3993],[139.60113,35.39931],[139.60107,35.39923],[139.60103,35.39886],[139.60096,35.39865],[139.60086,35.39858],[139.60055,35.39852],[139.60027,35.39827],[139.60005,35.39822],[139.59925,35.39831],[139.59833,35.39855],[139.59796,35.39877],[139.59782,35.399],[139.5977,35.39909],[139.59756,35.3991],[139.59727,35.39898],[139.59711,35.39897],[139.59695,35.39922],[139.59682,35.40045],[139.59673,35.40063],[139.59649,35.40083],[139.59641,35.40103],[139.59633,35.40206],[139.59622,35.40252],[139.59604,35.40289],[139.59581,35.40312],[139.59563,35.40319],[139.59524,35.40314],[139.59497,35.40319],[139.59426,35.40374],[139.59317,35.40421],[139.59294,35.40453],[139.59253,35.40461],[139.59155,35.40464],[139.59096,35.40477],[139.59069,35.40492],[139.59031,35.40533],[139.59,35.40548],[139.58957,35.40559],[139.58825,35.4058],[139.58803,35.40589],[139.58777,35.40613],[139.58706,35.40624],[139.58646,35.40653],[139.58594,35.40657],[139.58519,35.40652],[139.58475,35.40651],[139.58444,35.40658],[139.58426,35.40672],[139.58423,35.40681],[139.58427,35.40714],[139.58436,35.40734],[139.58497,35.408],[139.58507,35.40836],[139.58518,35.40853],[139.58536,35.4087],[139.58564,35.40883]]],[[[139.59471,35.41807],[139.59581,35.41801],[139.59613,35.41805],[139.59674,35.41825],[139.5972,35.41821],[139.59758,35.41809],[139.59828,35.41778],[139.59881,35.41737],[139.59922,35.41729],[139.6001,35.41725],[139.60052,35.41718],[139.60105,35.41697],[139.60148,35.41666],[139.60193,35.41645],[139.60225,35.41638],[139.60275,35.41636],[139.60315,35.41623],[139.60335,35.41607],[139.60379,35.41557],[139.60419,35.41534],[139.60468,35.41515],[139.60504,35.41489],[139.60525,35.41453],[139.60531,35.41416],[139.60529,35.414],[139.60522,35.41391],[139.60496,35.41385],[139.60495,35.41375],[139.60502,35.41358],[139.60498,35.41345],[139.60476,35.41323],[139.60451,35.41306],[139.60376,35.41274],[139.60326,35.41264],[139.60299,35.41263],[139.60278,35.41276],[139.60282,35.41325],[139.60277,35.41343],[139.60265,35.41357],[139.60223,35.4139],[139.60214,35.41408],[139.60207,35.41449],[139.60194,35.41463],[139.60184,35.41467],[139.60156,35.4147],[139.60078,35.41466],[139.60043,35.41472],[139.60011,35.41486],[139.59954,35.41524],[139.59907,35.41537],[139.59795,35.41529],[139.59657,35.41536],[139.59568,35.4155],[139.59544,35.4156],[139.59526,35.41576],[139.59502,35.41583],[139.5944,35.4159],[139.59353,35.41592],[139.59304,35.41598],[139.5925,35.41619],[139.59216,35.4165],[139.59191,35.41666],[139.59147,35.41678],[139.59113,35.4168],[139.59077,35.41686],[139.59066,35.41696],[139.59068,35.41718],[139.59094,35.41735],[139.59143,35.41739],[139.59234,35.41735],[139.59276,35.41741],[139.59315,35.41755],[139.59387,35.41793],[139.59428,35.41804],[139.59471,35.41807]]],[[[139.61629,35.43282],[139.61642,35.43247],[139.61688,35.43231],[139.61732,35.43178],[139.61772,35.43151],[139.61898,35.4311],[139.6195,35.43081],[139.61986,35.43042],[139.62021,35.42979],[139.62017,35.42954],[139.62005,35.42948],[139.61974,35.42943],[139.61952,35.42922],[139.61942,35.42883],[139.61943,35.4284],[139.61953,35.4282],[139.61973,35.428],[139.62033,35.42765],[139.6207,35.42733],[139.6209,35.42695],[139.62093,35.42658],[139.62082,35.42642],[139.62073,35.42637],[139.61999,35.42629],[139.61977,35.42621],[139.61962,35.42609],[139.61942,35.4258],[139.61926,35.4257],[139.61841,35.42557],[139.61833,35.42549],[139.61827,35.42529],[139.61812,35.42521],[139.61773,35.4252],[139.61735,35.42533],[139.61671,35.42569],[139.61637,35.42603],[139.61631,35.42637],[139.6166,35.42708],[139.61665,35.42748],[139.61663,35.42785],[139.61652,35.42806],[139.61624,35.42813],[139.61619,35.42818],[139.61628,35.42843],[139.61626,35.42863],[139.61591,35.42924],[139.61579,35.43002],[139.61547,35.43047],[139.6151,35.43079],[139.61433,35.43129],[139.61391,35.43163],[139.61347,35.43214],[139.61319,35.43263],[139.61286,35.43287],[139.61233,35.43306],[139.61193,35.43313],[139.61003,35.43328],[139.60916,35.43301],[139.60882,35.43294],[139.60849,35.43299],[139.60819,35.43317],[139.60793,35.43321],[139.60764,35.43315],[139.60738,35.43298],[139.6072,35.43269],[139.60694,35.43202],[139.60665,35.43165],[139.60627,35.4313],[139.6061,35.43104],[139.60601,35.43059],[139.60607,35.42995],[139.60599,35.42966],[139.60577,35.42935],[139.60509,35.42877],[139.60543,35.42876],[139.60558,35.42871],[139.60597,35.42816],[139.60666,35.42776],[139.607,35.42737],[139.60726,35.42676],[139.60743,35.42589],[139.60738,35.4255],[139.60718,35.42527],[139.60718,35.42519],[139.60748,35.4252],[139.60824,35.42567],[139.60855,35.42571],[139.60876,35.42565],[139.6091,35.42542],[139.60919,35.42531],[139.60928,35.42504],[139.60941,35.42503],[139.60967,35.4251],[139.60981,35.42508],[139.61002,35.42497],[139.61015,35.42485],[139.6103,35.42448],[139.61041,35.42369],[139.6106,35.42332],[139.61095,35.42286],[139.61104,35.42264],[139.61101,35.42191],[139.61116,35.42173],[139.61144,35.42163],[139.61164,35.42148],[139.61171,35.42119],[139.6116,35.42107],[139.61113,35.42103],[139.61032,35.42114],[139.6098,35.42129],[139.60942,35.42147],[139.60918,35.4217],[139.60895,35.42233],[139.60872,35.42266],[139.60833,35.42287],[139.60785,35.42294],[139.60771,35.42308],[139.60759,35.42351],[139.60755,35.42413],[139.60742,35.42446],[139.60732,35.42458],[139.60703,35.42476],[139.60628,35.42492],[139.60599,35.42502],[139.60577,35.42516],[139.60534,35.42555],[139.60495,35.42564],[139.60484,35.42577],[139.60474,35.42625],[139.60455,35.4265],[139.60407,35.42686],[139.60352,35.427],[139.60345,35.42711],[139.60342,35.42727],[139.60333,35.42734],[139.60302,35.42741],[139.60234,35.42741],[139.60234,35.42764],[139.60065,35.42732],[139.60021,35.42729],[139.5999,35.42734],[139.59967,35.42743],[139.59944,35.42767],[139.59932,35.42799],[139.59929,35.42838],[139.59918,35.42858],[139.59903,35.42859],[139.59862,35.42841],[139.59813,35.42831],[139.59772,35.42831],[139.59727,35.42837],[139.5966,35.42855],[139.59621,35.42872],[139.59602,35.42889],[139.59595,35.42913],[139.59576,35.4292],[139.59562,35.42919],[139.59537,35.42906],[139.59488,35.4286],[139.59457,35.42842],[139.59437,35.42839],[139.59406,35.42844],[139.59379,35.42843],[139.59331,35.42816],[139.59295,35.42804],[139.59247,35.42794],[139.59204,35.42798],[139.59171,35.42821],[139.59124,35.42893],[139.59068,35.42933],[139.5905,35.42956],[139.5905,35.42972],[139.59057,35.42982],[139.59103,35.43002],[139.59107,35.43011],[139.59057,35.43026],[139.59023,35.43044],[139.5899,35.43082],[139.5898,35.43117],[139.5899,35.43132],[139.59018,35.43137],[139.59084,35.43104],[139.59132,35.43101],[139.59146,35.43108],[139.59155,35.43121],[139.59162,35.4316],[139.59168,35.43169],[139.59189,35.43181],[139.59243,35.4319],[139.59342,35.43187],[139.59375,35.4318],[139.59389,35.43173],[139.59406,35.43152],[139.59434,35.4308],[139.59453,35.43062],[139.59494,35.43045],[139.59528,35.43041],[139.59568,35.43042],[139.59639,35.43074],[139.59675,35.43078],[139.59718,35.43076],[139.59781,35.43063],[139.59845,35.4304],[139.59881,35.43014],[139.59917,35.42973],[139.59972,35.42952],[139.60029,35.42945],[139.60134,35.42945],[139.60188,35.42952],[139.60225,35.42965],[139.60245,35.42983],[139.60253,35.43005],[139.60271,35.43029],[139.60335,35.43062],[139.6035,35.43099],[139.6041,35.43147],[139.60441,35.43198],[139.60481,35.43299],[139.60508,35.43351],[139.60524,35.43369],[139.60552,35.43377],[139.60572,35.43394],[139.60599,35.43434],[139.60616,35.43476],[139.60615,35.43494],[139.60604,35.43507],[139.60525,35.43555],[139.60506,35.43575],[139.60499,35.43611],[139.6052,35.43667],[139.60524,35.43695],[139.60518,35.43752],[139.60496,35.43794],[139.60479,35.43806],[139.60443,35.43822],[139.60431,35.43835],[139.60421,35.43884],[139.60413,35.43901],[139.60387,35.43919],[139.6033,35.43928],[139.60315,35.4392],[139.60312,35.43906],[139.60304,35.43898],[139.60261,35.43905],[139.60241,35.43898],[139.6022,35.43883],[139.60199,35.43879],[139.60154,35.43902],[139.60131,35.43909],[139.60055,35.43912],[139.6001,35.43902],[139.59985,35.43878],[139.59972,35.43872],[139.59926,35.43868],[139.59891,35.43872],[139.59863,35.43883],[139.59847,35.43899],[139.59843,35.4392],[139.59832,35.43928],[139.59812,35.43933],[139.59767,35.43935],[139.59739,35.43931],[139.5972,35.43924],[139.59709,35.43912],[139.59702,35.43889],[139.59693,35.43882],[139.59636,35.43865],[139.59537,35.43854],[139.59441,35.43852],[139.59373,35.43859],[139.5933,35.43873],[139.593,35.43877],[139.59287,35.43873],[139.59261,35.43848],[139.59236,35.43843],[139.59222,35.43849],[139.59208,35.43861],[139.5918,35.43907],[139.59167,35.43945],[139.59168,35.43985],[139.5919,35.44017],[139.59221,35.44025],[139.5923,35.44032],[139.59236,35.44045],[139.59241,35.44084],[139.59251,35.441],[139.59271,35.4411],[139.59299,35.44114],[139.59372,35.44107],[139.59419,35.44084],[139.59456,35.44076],[139.59756,35.44063],[139.59784,35.44055],[139.598,35.44032],[139.59838,35.44025],[139.59865,35.44026],[139.59902,35.44036],[139.59968,35.44078],[139.60017,35.44099],[139.6006,35.44108],[139.60125,35.44113],[139.60247,35.44116],[139.60346,35.44109],[139.60372,35.44101],[139.60394,35.4408],[139.6042,35.44068],[139.60469,35.44057],[139.60495,35.44058],[139.60503,35.44064],[139.60507,35.4408],[139.60522,35.441],[139.6058,35.44141],[139.60613,35.44173],[139.60669,35.44259],[139.60687,35.44274],[139.60737,35.443],[139.60742,35.44319],[139.60736,35.44343],[139.60744,35.44356],[139.60787,35.44372],[139.6089,35.44387],[139.6087,35.44487],[139.60853,35.44525],[139.60831,35.44548],[139.6077,35.44577],[139.60741,35.44603],[139.60735,35.44626],[139.60741,35.44666],[139.60737,35.44687],[139.60715,35.44708],[139.60667,35.44726],[139.60651,35.44744],[139.60643,35.44769],[139.60637,35.44828],[139.60628,35.44847],[139.60614,35.44858],[139.60574,35.44863],[139.60553,35.44871],[139.60511,35.44898],[139.60479,35.44935],[139.60451,35.44995],[139.60436,35.45008],[139.60375,35.45003],[139.60206,35.45024],[139.60134,35.45025],[139.60103,35.45017],[139.60054,35.44978],[139.60016,35.44972],[139.59961,35.44986],[139.59866,35.45032],[139.59808,35.45049],[139.59771,35.45053],[139.59718,35.45047],[139.5965,35.45048],[139.59482,35.45072],[139.59421,35.45076],[139.59392,35.45073],[139.59362,35.45062],[139.59337,35.4504],[139.59303,35.45],[139.59286,35.44991],[139.59236,35.44979],[139.59165,35.44971],[139.59032,35.4497],[139.58941,35.44977],[139.58905,35.44989],[139.58907,35.45],[139.58918,35.4501],[139.5896,35.45016],[139.58972,35.45023],[139.58977,35.45044],[139.58972,35.45086],[139.5898,35.45103],[139.58997,35.45118],[139.59034,35.45136],[139.59064,35.45156],[139.59103,35.45211],[139.59146,35.45222],[139.59172,35.45247],[139.59183,35.45252],[139.59207,35.45248],[139.59236,35.45234],[139.59263,35.45236],[139.59279,35.45248],[139.59302,35.45279],[139.59322,35.45294],[139.59362,35.45307],[139.5941,35.45311],[139.59436,35.45321],[139.59462,35.45353],[139.59475,35.45399],[139.59493,35.45431],[139.59509,35.45442],[139.59557,35.45451],[139.5957,35.45482],[139.59583,35.45488],[139.59603,35.45491],[139.59623,35.45503],[139.59667,35.45561],[139.5971,35.456],[139.5975,35.45625],[139.59792,35.45641],[139.59824,35.45646],[139.59895,35.45647],[139.59861,35.45707],[139.59851,35.4574],[139.59851,35.45816],[139.59865,35.45877],[139.59891,35.45915],[139.59915,35.45928],[139.59952,35.45941],[139.59971,35.45956],[139.60015,35.46051],[139.60127,35.46181],[139.60148,35.46236],[139.60148,35.46253],[139.60135,35.46302],[139.60142,35.46325],[139.60167,35.4634],[139.6021,35.46347],[139.60304,35.46343],[139.60348,35.46332],[139.60371,35.46314],[139.60384,35.46282],[139.60389,35.46213],[139.60384,35.46167],[139.60371,35.46139],[139.60346,35.46123],[139.60335,35.4611],[139.60306,35.46045],[139.60289,35.46033],[139.6026,35.46027],[139.60252,35.46012],[139.6026,35.45987],[139.60289,35.4597],[139.60302,35.45952],[139.60307,35.45913],[139.60302,35.45888],[139.60294,35.45878],[139.6027,35.45873],[139.60257,35.45863],[139.60251,35.45827],[139.60235,35.45805],[139.60153,35.45758],[139.60134,35.4572],[139.60093,35.45708],[139.60079,35.45675],[139.6005,35.45668],[139.60036,35.45658],[139.60013,35.4562],[139.59978,35.45535],[139.5995,35.45478],[139.59933,35.45468],[139.59901,35.45463],[139.59883,35.45447],[139.59872,35.45421],[139.59863,35.45346],[139.5985,35.45333],[139.5983,35.4533],[139.59814,35.45321],[139.59787,35.45295],[139.59761,35.45257],[139.59759,35.45248],[139.59769,35.45237],[139.59795,35.45236],[139.59885,35.45251],[139.59927,35.4525],[139.59966,35.45242],[139.60018,35.4522],[139.60066,35.45207],[139.60095,35.45206],[139.60165,35.45212],[139.60302,35.45179],[139.60366,35.45175],[139.6041,35.45177],[139.60439,35.45188],[139.60452,35.45207],[139.6045,35.45234],[139.60429,35.45308],[139.60434,35.45349],[139.60443,35.45362],[139.60458,35.45375],[139.60501,35.45385],[139.60529,35.45423],[139.60461,35.45468],[139.60441,35.45495],[139.60438,35.45541],[139.60454,35.45597],[139.60459,35.45634],[139.60454,35.45646],[139.60424,35.45653],[139.60406,35.45668],[139.60397,35.45687],[139.60391,35.45722],[139.60392,35.45755],[139.60398,35.45776],[139.6041,35.45795],[139.60446,35.45834],[139.6046,35.4587],[139.60471,35.45954],[139.60474,35.46064],[139.60489,35.46141],[139.60508,35.46169],[139.6058,35.46198],[139.60644,35.46251],[139.6069,35.46271],[139.60776,35.463],[139.60799,35.46317],[139.60803,35.46333],[139.60815,35.46344],[139.60869,35.46351],[139.609,35.46364],[139.60931,35.46386],[139.60959,35.46416],[139.60967,35.46435],[139.60962,35.46454],[139.6092,35.46465],[139.60906,35.46499],[139.60862,35.46513],[139.60851,35.46546],[139.60814,35.46571],[139.60802,35.46595],[139.60803,35.46619],[139.60811,35.4663],[139.60837,35.4664],[139.60875,35.46642],[139.60896,35.46655],[139.609,35.46671],[139.60892,35.4671],[139.60898,35.46727],[139.60938,35.46737],[139.60995,35.46776],[139.61013,35.46782],[139.6103,35.4678],[139.61059,35.46755],[139.61075,35.46748],[139.61102,35.46755],[139.61132,35.46777],[139.61159,35.46789],[139.61178,35.4679],[139.61214,35.46777],[139.6125,35.46692],[139.61271,35.46659],[139.61305,35.46629],[139.61343,35.4661],[139.61369,35.4659],[139.61378,35.46575],[139.61384,35.46543],[139.61393,35.46528],[139.61455,35.46481],[139.61461,35.46468],[139.61463,35.46439],[139.61549,35.46452],[139.61596,35.46449],[139.61616,35.46439],[139.61648,35.4641],[139.61679,35.46398],[139.61768,35.46388],[139.61843,35.46359],[139.61864,35.46357],[139.61904,35.46364],[139.61923,35.46363],[139.6193,35.46355],[139.61931,35.46327],[139.62073,35.46304],[139.62103,35.46291],[139.6212,35.46271],[139.62125,35.46291],[139.62137,35.46304],[139.62184,35.4632],[139.62327,35.46328],[139.62415,35.46326],[139.62448,35.46321],[139.6246,35.46313],[139.6244,35.46288],[139.62432,35.4627],[139.62427,35.46234],[139.62429,35.46206],[139.6244,35.46178],[139.6246,35.46149],[139.62505,35.46107],[139.62543,35.46085],[139.62587,35.46072],[139.62635,35.46067],[139.62756,35.46073],[139.62788,35.46069],[139.62824,35.46054],[139.6284,35.46062],[139.62857,35.46086],[139.62898,35.46174],[139.62932,35.46234],[139.63027,35.46335],[139.63061,35.46405],[139.63072,35.46415],[139.63101,35.46425],[139.63106,35.46446],[139.63097,35.46519],[139.63106,35.46545],[139.63118,35.46558],[139.63136,35.46564],[139.63159,35.46563],[139.63187,35.46554],[139.63235,35.46531],[139.63274,35.46497],[139.63283,35.46465],[139.63293,35.46455],[139.63299,35.46454],[139.63294,35.4645],[139.63411,35.46411],[139.63355,35.46313],[139.63366,35.46302],[139.63444,35.46302],[139.63476,35.46359],[139.63476,35.46378],[139.63839,35.46378],[139.63852,35.46349],[139.63769,35.46277],[139.63711,35.46244],[139.63653,35.46229],[139.63549,35.46231],[139.63492,35.46223],[139.63409,35.46178],[139.63344,35.46171],[139.63323,35.46164],[139.63301,35.46142],[139.63287,35.46111],[139.63254,35.46087],[139.63219,35.46076],[139.63114,35.46058],[139.63074,35.46044],[139.63058,35.46033],[139.63045,35.4601],[139.63043,35.45989],[139.6305,35.45937],[139.63042,35.45914],[139.63007,35.45888],[139.62951,35.4587],[139.62916,35.45853],[139.62908,35.45842],[139.62914,35.45825],[139.62909,35.45811],[139.62869,35.45794],[139.62854,35.45776],[139.62854,35.45749],[139.6287,35.45712],[139.62881,35.45702],[139.62908,35.45696],[139.62926,35.45683],[139.63001,35.45592],[139.63046,35.45555],[139.63078,35.45543],[139.6316,35.45534],[139.6317,35.45526],[139.63175,35.45511],[139.63186,35.45507],[139.63315,35.45533],[139.63372,35.45528],[139.63388,35.45513],[139.63389,35.45485],[139.63383,35.45467],[139.63301,35.45307],[139.63295,35.45282],[139.63302,35.45256],[139.633,35.45245],[139.63272,35.45209],[139.63272,35.45184],[139.63293,35.45136],[139.63289,35.45128],[139.63274,35.45129],[139.63249,35.45138],[139.63218,35.45157],[139.63203,35.45179],[139.632,35.45204],[139.63188,35.45229],[139.63118,35.45293],[139.63098,35.45349],[139.63079,35.45367],[139.63053,35.45373],[139.62979,35.45369],[139.62936,35.45373],[139.62919,35.45383],[139.62887,35.45428],[139.62815,35.45473],[139.62779,35.45402],[139.62752,35.45367],[139.62734,35.45354],[139.6269,35.45336],[139.62679,35.45323],[139.62672,35.45299],[139.62623,35.45283],[139.62548,35.45218],[139.62523,35.4521],[139.62493,35.45214],[139.62485,35.45194],[139.62489,35.45168],[139.62504,35.45139],[139.62532,35.45106],[139.62568,35.45083],[139.62612,35.45075],[139.62673,35.45082],[139.62699,35.45078],[139.62711,35.45051],[139.62743,35.45042],[139.62755,35.45032],[139.62765,35.45013],[139.62782,35.44953],[139.62808,35.44918],[139.62833,35.44904],[139.62882,35.44892],[139.62913,35.44878],[139.62951,35.44843],[139.63007,35.44771],[139.63044,35.44747],[139.63091,35.4473],[139.63101,35.44717],[139.63097,35.44696],[139.63065,35.44639],[139.63134,35.44682],[139.63156,35.44725],[139.6321,35.4474],[139.63238,35.44759],[139.63272,35.44791],[139.63292,35.44842],[139.6334,35.4489],[139.63354,35.4491],[139.63366,35.44946],[139.63372,35.45005],[139.63385,35.45021],[139.63417,35.4503],[139.63422,35.45068],[139.63494,35.45003],[139.63525,35.4494],[139.63538,35.44924],[139.63568,35.44912],[139.63641,35.44903],[139.63692,35.44878],[139.63734,35.44878],[139.6377,35.44885],[139.6381,35.44898],[139.63845,35.44919],[139.63887,35.44962],[139.6394,35.45044],[139.6396,35.45061],[139.63981,35.45069],[139.64016,35.45065],[139.64062,35.45048],[139.64139,35.45008],[139.64177,35.4498],[139.64193,35.44959],[139.64189,35.44942],[139.64174,35.44925],[139.64126,35.44892],[139.64121,35.44875],[139.64128,35.44858],[139.64127,35.44848],[139.64092,35.44837],[139.64057,35.44799],[139.64014,35.44723],[139.64001,35.4467],[139.64014,35.44633],[139.64076,35.44549],[139.64092,35.44492],[139.64111,35.44477],[139.64146,35.44463],[139.64155,35.44452],[139.6415,35.44392],[139.64163,35.44373],[139.64182,35.44364],[139.64217,35.44364],[139.64269,35.44371],[139.6438,35.44399],[139.64452,35.44427],[139.64511,35.44462],[139.64556,35.44504],[139.64633,35.44623],[139.64651,35.44639],[139.64671,35.44643],[139.64681,35.4465],[139.64689,35.44671],[139.64691,35.44703],[139.64702,35.44727],[139.64716,35.44738],[139.64746,35.44749],[139.64758,35.44759],[139.64763,35.44756],[139.64774,35.44763],[139.64792,35.44754],[139.64789,35.44742],[139.6499,35.44625],[139.65003,35.44634],[139.65007,35.44632],[139.6494,35.44586],[139.64906,35.44556],[139.64886,35.44532],[139.64875,35.44493],[139.64856,35.44478],[139.64826,35.44466],[139.64795,35.44432],[139.64744,35.44325],[139.64713,35.44278],[139.64692,35.44262],[139.64663,35.44258],[139.64653,35.44252],[139.64655,35.44236],[139.6468,35.44207],[139.64701,35.44194],[139.64735,35.44187],[139.64756,35.4417],[139.64777,35.4414],[139.64781,35.44118],[139.64774,35.44095],[139.64748,35.44069],[139.64663,35.44011],[139.6481,35.44042],[139.64847,35.44041],[139.6488,35.44027],[139.64894,35.44003],[139.64893,35.43991],[139.64883,35.43982],[139.64848,35.43968],[139.64836,35.43957],[139.64829,35.43936],[139.64833,35.43914],[139.64848,35.43902],[139.64884,35.43897],[139.64904,35.43888],[139.64915,35.43847],[139.64925,35.43837],[139.64987,35.43825],[139.65011,35.43809],[139.65046,35.43774],[139.65086,35.4376],[139.65096,35.4374],[139.65102,35.43705],[139.6511,35.4355],[139.65118,35.43517],[139.65129,35.43496],[139.65162,35.43482],[139.65202,35.43478],[139.65395,35.43486],[139.65443,35.43484],[139.65476,35.43479],[139.65501,35.43461],[139.65522,35.43419],[139.65535,35.43358],[139.65526,35.4333],[139.6551,35.43323],[139.65451,35.43326],[139.65429,35.43313],[139.65407,35.43283],[139.65385,35.43271],[139.65336,35.43258],[139.65281,35.43253],[139.65245,35.43257],[139.6521,35.43286],[139.65167,35.43297],[139.65139,35.43335],[139.65119,35.43345],[139.6507,35.43349],[139.65003,35.43342],[139.64968,35.43332],[139.64943,35.4332],[139.64919,35.43289],[139.6489,35.43267],[139.6482,35.43242],[139.64699,35.43226],[139.64426,35.43218],[139.64328,35.43206],[139.64287,35.43192],[139.64251,35.43167],[139.6423,35.43146],[139.64223,35.43124],[139.64215,35.43118],[139.64189,35.43117],[139.6415,35.43123],[139.64112,35.43118],[139.64037,35.43076],[139.64006,35.43072],[139.63975,35.43077],[139.63955,35.43076],[139.63934,35.43069],[139.63867,35.43028],[139.63807,35.43018],[139.63761,35.43024],[139.63738,35.43039],[139.63723,35.43062],[139.63696,35.4314],[139.63684,35.43151],[139.63661,35.43156],[139.63656,35.43163],[139.63662,35.43191],[139.6368,35.4321],[139.6371,35.43219],[139.63754,35.43223],[139.63761,35.43228],[139.63709,35.43268],[139.63699,35.43298],[139.63688,35.43298],[139.63663,35.43281],[139.63639,35.43273],[139.63577,35.43278],[139.63565,35.43265],[139.63563,35.43242],[139.63556,35.43231],[139.63544,35.43223],[139.63528,35.4322],[139.63501,35.43223],[139.63489,35.43231],[139.63477,35.43272],[139.63468,35.43281],[139.6345,35.43287],[139.63398,35.43288],[139.63374,35.4322],[139.63361,35.43206],[139.63335,35.43197],[139.63304,35.432],[139.63283,35.43208],[139.63214,35.43254],[139.63161,35.43272],[139.6314,35.43302],[139.63092,35.43415],[139.63054,35.43464],[139.63062,35.43484],[139.63095,35.43512],[139.63024,35.4353],[139.62992,35.43555],[139.6295,35.43616],[139.62867,35.43777],[139.62774,35.43895],[139.62758,35.43952],[139.62739,35.43963],[139.62716,35.43959],[139.62673,35.4394],[139.62624,35.43908],[139.62604,35.43887],[139.6259,35.43854],[139.62547,35.43843],[139.62482,35.43786],[139.62377,35.43733],[139.62347,35.43703],[139.62325,35.43664],[139.62308,35.43587],[139.62311,35.43539],[139.62316,35.4352],[139.62337,35.43489],[139.62351,35.43477],[139.62426,35.43449],[139.62455,35.4343],[139.62478,35.43408],[139.62498,35.43368],[139.62503,35.43338],[139.62496,35.43324],[139.62462,35.43309],[139.62496,35.43307],[139.62506,35.433],[139.62501,35.4322],[139.62539,35.43166],[139.62569,35.43053],[139.62579,35.43031],[139.62591,35.43018],[139.62614,35.43012],[139.62619,35.43002],[139.62616,35.42976],[139.62605,35.42947],[139.62589,35.4293],[139.62554,35.42919],[139.62537,35.42857],[139.62508,35.42828],[139.62492,35.42824],[139.62474,35.42825],[139.62435,35.42845],[139.62407,35.42871],[139.6237,35.42934],[139.62345,35.42963],[139.62317,35.4298],[139.62281,35.42983],[139.62268,35.42976],[139.62258,35.42963],[139.62254,35.42947],[139.62258,35.42934],[139.6228,35.42919],[139.62336,35.42902],[139.62353,35.42883],[139.62347,35.42833],[139.6233,35.42772],[139.6232,35.42759],[139.62308,35.42754],[139.62287,35.42763],[139.62255,35.42797],[139.6221,35.42856],[139.62178,35.42906],[139.62154,35.42955],[139.62135,35.43034],[139.62132,35.4315],[139.62182,35.43235],[139.62194,35.43273],[139.62186,35.43283],[139.62159,35.4329],[139.62135,35.43331],[139.62105,35.43516],[139.62089,35.43572],[139.62068,35.43618],[139.62027,35.43669],[139.61997,35.43694],[139.61966,35.43712],[139.61916,35.43726],[139.61869,35.43726],[139.6183,35.43713],[139.61768,35.43674],[139.61708,35.43661],[139.61688,35.43636],[139.6167,35.43577],[139.61649,35.43542],[139.61627,35.43527],[139.61579,35.43511],[139.61563,35.43498],[139.61555,35.43476],[139.61553,35.4342],[139.61555,35.43363],[139.61561,35.43339],[139.61581,35.43316],[139.61629,35.43282]],[[139.64594,35.43998],[139.64565,35.44002],[139.64537,35.44025],[139.64515,35.44064],[139.6449,35.4409],[139.64472,35.44099],[139.64433,35.44105],[139.64419,35.44115],[139.64395,35.44161],[139.64369,35.44186],[139.64343,35.44197],[139.6431,35.44203],[139.64277,35.44203],[139.64246,35.44197],[139.64216,35.44183],[139.64149,35.44137],[139.64115,35.44124],[139.64084,35.4412],[139.6407,35.4411],[139.64059,35.44078],[139.64055,35.4403],[139.64028,35.43982],[139.63994,35.43952],[139.63912,35.43899],[139.63881,35.43869],[139.63877,35.43855],[139.63884,35.43835],[139.63882,35.43816],[139.63838,35.43716],[139.63652,35.43696],[139.63838,35.43694],[139.6384,35.43637],[139.63851,35.43616],[139.63883,35.43598],[139.63954,35.43581],[139.6397,35.43572],[139.63976,35.43562],[139.63971,35.43541],[139.6394,35.43519],[139.63932,35.43507],[139.63938,35.43412],[139.6393,35.43403],[139.63908,35.43397],[139.63944,35.43346],[139.63949,35.43266],[139.63986,35.43293],[139.64011,35.433],[139.64058,35.43296],[139.64132,35.43279],[139.64168,35.43279],[139.64201,35.43305],[139.64247,35.43331],[139.64346,35.43372],[139.64409,35.43393],[139.64441,35.43401],[139.64473,35.43401],[139.645,35.43395],[139.64539,35.43373],[139.64559,35.43373],[139.64584,35.4338],[139.6465,35.43418],[139.64689,35.43433],[139.64753,35.43446],[139.64821,35.43449],[139.64838,35.43453],[139.64863,35.43465],[139.64869,35.43474],[139.64873,35.43497],[139.64856,35.4354],[139.6482,35.43587],[139.64733,35.43665],[139.64712,35.43694],[139.64716,35.43705],[139.64734,35.43718],[139.64744,35.43743],[139.64745,35.43794],[139.64734,35.43827],[139.64719,35.43844],[139.64667,35.43882],[139.64635,35.43933],[139.64624,35.4394],[139.64598,35.43946],[139.64613,35.43968],[139.64663,35.44011],[139.64594,35.43998]],[[139.61498,35.4351],[139.61431,35.43525],[139.61418,35.43539],[139.6142,35.43548],[139.61441,35.43574],[139.61525,35.43645],[139.61525,35.43577],[139.61553,35.43645],[139.61663,35.43735],[139.61627,35.43738],[139.61611,35.43752],[139.61597,35.43777],[139.61576,35.43837],[139.61561,35.43904],[139.6155,35.44038],[139.61541,35.44074],[139.61515,35.44115],[139.61474,35.44141],[139.61401,35.4416],[139.61312,35.44164],[139.61266,35.4417],[139.61251,35.44178],[139.61248,35.44188],[139.61237,35.442],[139.6119,35.44221],[139.61055,35.44258],[139.60977,35.44266],[139.60954,35.44262],[139.60933,35.44252],[139.60928,35.44238],[139.60935,35.44217],[139.6093,35.44208],[139.60876,35.44184],[139.60864,35.4417],[139.60858,35.44147],[139.60825,35.44137],[139.60805,35.44115],[139.60777,35.44051],[139.60767,35.43998],[139.60772,35.43954],[139.60797,35.43901],[139.60797,35.43872],[139.60775,35.43851],[139.60737,35.43842],[139.60743,35.43805],[139.6071,35.43799],[139.60695,35.43791],[139.6068,35.4377],[139.60672,35.43742],[139.60677,35.43718],[139.60689,35.43712],[139.60708,35.4371],[139.60718,35.43703],[139.60726,35.43681],[139.60729,35.4365],[139.60748,35.43622],[139.60851,35.4357],[139.6089,35.43532],[139.60931,35.43474],[139.60948,35.43457],[139.60964,35.43451],[139.60978,35.43454],[139.60994,35.43464],[139.61005,35.43494],[139.61015,35.43502],[139.61048,35.43508],[139.61095,35.43508],[139.61134,35.43498],[139.61148,35.43469],[139.61187,35.43451],[139.61224,35.43451],[139.61262,35.43472],[139.61298,35.43483],[139.6139,35.43486],[139.61422,35.43481],[139.61448,35.43471],[139.61488,35.43435],[139.61509,35.43423],[139.61553,35.4342],[139.61498,35.4351]],[[139.6285,35.44602],[139.62816,35.4467],[139.62805,35.4468],[139.6278,35.44685],[139.62767,35.44694],[139.62756,35.44743],[139.62737,35.44761],[139.62694,35.44766],[139.62558,35.44744],[139.62502,35.44743],[139.6248,35.44751],[139.62465,35.44774],[139.6244,35.44793],[139.62329,35.44823],[139.62314,35.44833],[139.62292,35.44856],[139.62275,35.44862],[139.62255,35.44862],[139.62239,35.44857],[139.6218,35.44818],[139.62155,35.44806],[139.62127,35.44798],[139.62063,35.44792],[139.62039,35.44778],[139.62031,35.44767],[139.6202,35.44736],[139.62018,35.44694],[139.62023,35.44643],[139.62031,35.44623],[139.62042,35.44615],[139.62075,35.44606],[139.62109,35.44585],[139.62147,35.44554],[139.62165,35.4453],[139.62164,35.44519],[139.62142,35.44506],[139.62131,35.44493],[139.62129,35.44477],[139.62134,35.44469],[139.62155,35.44465],[139.62205,35.44471],[139.62232,35.4447],[139.62273,35.44458],[139.62315,35.44435],[139.62356,35.44419],[139.62449,35.44406],[139.62458,35.44398],[139.62463,35.44382],[139.62478,35.44371],[139.62523,35.44354],[139.62589,35.44337],[139.62634,35.44317],[139.62649,35.44298],[139.62653,35.44255],[139.62671,35.44283],[139.62683,35.44291],[139.62698,35.44293],[139.62736,35.44287],[139.62752,35.44292],[139.62765,35.44306],[139.62784,35.44355],[139.62801,35.4438],[139.62844,35.44411],[139.629,35.44439],[139.62924,35.44461],[139.62931,35.44473],[139.62932,35.44508],[139.629,35.44594],[139.62865,35.44595],[139.6285,35.44602]],[[139.62353,35.44223],[139.62342,35.44248],[139.62275,35.44263],[139.6225,35.44284],[139.62236,35.44305],[139.622,35.44325],[139.62092,35.44346],[139.61983,35.44354],[139.61778,35.44359],[139.61724,35.44351],[139.61744,35.44334],[139.61758,35.44314],[139.61771,35.44252],[139.61763,35.44175],[139.61754,35.44159],[139.61735,35.44147],[139.61728,35.44134],[139.61727,35.44104],[139.61732,35.44078],[139.61744,35.44056],[139.61763,35.44043],[139.61789,35.44038],[139.61837,35.44041],[139.61863,35.44031],[139.61874,35.44021],[139.61889,35.43992],[139.61906,35.43913],[139.61916,35.43888],[139.61928,35.43874],[139.61951,35.43869],[139.61956,35.43864],[139.61938,35.43826],[139.62096,35.43842],[139.62167,35.43858],[139.62264,35.43899],[139.62405,35.43985],[139.62543,35.44097],[139.6238,35.44196],[139.62353,35.44223]],[[139.60769,35.45054],[139.60762,35.44995],[139.60775,35.4496],[139.60796,35.44945],[139.60853,35.44932],[139.60869,35.44924],[139.60847,35.44907],[139.60843,35.44894],[139.60845,35.44866],[139.60854,35.44845],[139.6087,35.44828],[139.60892,35.44815],[139.6098,35.44793],[139.61006,35.44779],[139.61014,35.44768],[139.61024,35.44686],[139.61027,35.44507],[139.61034,35.4442],[139.61049,35.4436],[139.6106,35.4434],[139.61073,35.44327],[139.61088,35.4432],[139.61144,35.44327],[139.61163,35.44342],[139.61165,35.44358],[139.61157,35.44375],[139.61138,35.44379],[139.61105,35.44374],[139.61099,35.44378],[139.61138,35.44433],[139.61156,35.44476],[139.61168,35.44492],[139.61192,35.44507],[139.61235,35.44524],[139.61246,35.44538],[139.61252,35.44561],[139.61302,35.44577],[139.61371,35.44637],[139.61407,35.44649],[139.61478,35.44646],[139.61493,35.44659],[139.61496,35.44681],[139.61503,35.44691],[139.61522,35.44696],[139.61565,35.44689],[139.61574,35.44693],[139.61577,35.44701],[139.61575,35.44712],[139.61564,35.44722],[139.61486,35.44743],[139.61461,35.44761],[139.6146,35.44778],[139.61482,35.44825],[139.61493,35.4489],[139.61492,35.44964],[139.61481,35.45011],[139.6147,35.45036],[139.61446,35.45068],[139.61415,35.45093],[139.61354,35.45127],[139.61333,35.45156],[139.61328,35.45181],[139.61331,35.4522],[139.61341,35.4525],[139.61364,35.45279],[139.61369,35.45324],[139.61361,35.45382],[139.61327,35.45538],[139.61292,35.45524],[139.61273,35.45523],[139.61215,35.45544],[139.61195,35.45544],[139.61164,35.45529],[139.61112,35.45484],[139.61071,35.45469],[139.61024,35.45476],[139.60993,35.45495],[139.60989,35.45514],[139.60996,35.45545],[139.61058,35.45667],[139.61067,35.45711],[139.61063,35.45729],[139.61041,35.45758],[139.60976,35.45788],[139.60941,35.45814],[139.60927,35.45829],[139.60907,35.45865],[139.60888,35.45942],[139.60885,35.45866],[139.60877,35.45817],[139.60868,35.45795],[139.60849,35.45775],[139.60836,35.45752],[139.60826,35.45686],[139.60813,35.45673],[139.60794,35.4567],[139.60785,35.45663],[139.60777,35.45642],[139.60771,35.45594],[139.60763,35.4558],[139.6074,35.45565],[139.60733,35.45554],[139.6073,35.45539],[139.60739,35.45486],[139.60728,35.45452],[139.60703,35.45418],[139.60662,35.45387],[139.60637,35.4538],[139.60584,35.45378],[139.60584,35.45356],[139.60668,35.45353],[139.60688,35.45345],[139.60706,35.45327],[139.60712,35.45309],[139.6071,35.45286],[139.60663,35.45182],[139.60663,35.45144],[139.60676,35.45124],[139.60706,35.45102],[139.60764,35.45079],[139.60769,35.45054]],[[139.61226,35.4592],[139.61231,35.45897],[139.61216,35.45853],[139.6132,35.45851],[139.61356,35.4584],[139.61366,35.45832],[139.61379,35.45809],[139.6139,35.45751],[139.61397,35.45741],[139.61421,35.4573],[139.61475,35.45731],[139.61532,35.45746],[139.61544,35.45755],[139.61553,35.45775],[139.6158,35.45802],[139.61819,35.45982],[139.61846,35.46008],[139.61881,35.46054],[139.61892,35.46093],[139.61876,35.4615],[139.61856,35.46176],[139.61821,35.46192],[139.61683,35.46165],[139.61617,35.46161],[139.61595,35.46169],[139.61579,35.46192],[139.61546,35.46211],[139.61442,35.46231],[139.61381,35.46252],[139.61347,35.46273],[139.61292,35.4632],[139.61267,35.46331],[139.61241,35.4633],[139.61187,35.46303],[139.61132,35.46281],[139.61063,35.46217],[139.61051,35.46192],[139.61051,35.46167],[139.61063,35.46138],[139.61097,35.46101],[139.61108,35.46053],[139.61119,35.46033],[139.61151,35.45997],[139.61198,35.45956],[139.61226,35.4592]],[[139.61758,35.45523],[139.61732,35.45516],[139.6167,35.45511],[139.6165,35.45505],[139.61627,35.4549],[139.61612,35.45464],[139.6162,35.45424],[139.61619,35.45409],[139.61603,35.45389],[139.6157,35.45365],[139.61565,35.45344],[139.61585,35.45309],[139.61592,35.45284],[139.61589,35.45151],[139.61593,35.45136],[139.6161,35.45113],[139.61637,35.451],[139.61671,35.45093],[139.61718,35.45076],[139.61791,35.45027],[139.61823,35.45012],[139.61858,35.45002],[139.61917,35.44998],[139.61961,35.45006],[139.62034,35.4504],[139.62086,35.45077],[139.62157,35.45141],[139.62185,35.45179],[139.62197,35.45213],[139.62189,35.45291],[139.62197,35.45329],[139.62215,35.45352],[139.62256,35.45365],[139.62264,35.45388],[139.62263,35.45404],[139.62255,35.4542],[139.62227,35.45428],[139.62218,35.45435],[139.6221,35.45456],[139.62207,35.45489],[139.62191,35.45526],[139.62104,35.45633],[139.62064,35.45714],[139.62033,35.45736],[139.62016,35.45754],[139.61991,35.45809],[139.61982,35.4582],[139.61967,35.45822],[139.61932,35.45809],[139.61898,35.45808],[139.61878,35.45802],[139.6185,35.45764],[139.61816,35.45706],[139.61806,35.45677],[139.61805,35.45638],[139.61814,35.45587],[139.61809,35.45566],[139.61773,35.45554],[139.61766,35.45531],[139.61758,35.45523]],[[139.62564,35.4555],[139.62604,35.45568],[139.62635,35.45592],[139.62646,35.45604],[139.62656,35.4563],[139.62646,35.45671],[139.62609,35.45724],[139.62545,35.45785],[139.62518,35.45821],[139.6249,35.45869],[139.6242,35.46017],[139.62404,35.46038],[139.62373,35.46068],[139.6234,35.4608],[139.62258,35.46087],[139.62175,35.46111],[139.62154,35.4611],[139.62136,35.46102],[139.62111,35.46069],[139.62107,35.46049],[139.62109,35.46018],[139.62131,35.45972],[139.62169,35.45944],[139.6217,35.4593],[139.62162,35.45907],[139.62177,35.459],[139.62215,35.45889],[139.62264,35.45852],[139.623,35.45804],[139.62342,35.45718],[139.62356,35.45703],[139.62385,35.45694],[139.62403,35.4568],[139.62463,35.45596],[139.62493,35.45564],[139.62527,35.45548],[139.62564,35.4555]],[[139.6352,35.43735],[139.63608,35.4379],[139.63634,35.43815],[139.63651,35.43842],[139.6366,35.4387],[139.63658,35.43899],[139.63632,35.43945],[139.63522,35.44048],[139.63509,35.44067],[139.63501,35.44092],[139.63458,35.44107],[139.63425,35.44169],[139.63399,35.4419],[139.63328,35.44212],[139.63312,35.44221],[139.63291,35.44242],[139.63246,35.44252],[139.63131,35.44256],[139.63073,35.44252],[139.63028,35.44242],[139.62997,35.44226],[139.62987,35.44216],[139.62969,35.44181],[139.62956,35.44107],[139.62964,35.44055],[139.62995,35.44],[139.63083,35.43906],[139.63106,35.43874],[139.63119,35.43846],[139.63132,35.43786],[139.63158,35.43747],[139.63226,35.43667],[139.63241,35.43638],[139.6326,35.4358],[139.63329,35.43554],[139.63344,35.43551],[139.63364,35.43554],[139.63378,35.43566],[139.6339,35.43597],[139.63412,35.43624],[139.63438,35.43641],[139.63508,35.43671],[139.63493,35.437],[139.635,35.43717],[139.6352,35.43735]],[[139.63698,35.44247],[139.63733,35.44196],[139.63777,35.44183],[139.63788,35.44157],[139.63827,35.4416],[139.63887,35.44182],[139.63913,35.44204],[139.63922,35.44235],[139.63932,35.44245],[139.63952,35.44249],[139.64013,35.44244],[139.64053,35.44248],[139.64081,35.44265],[139.64098,35.44291],[139.64102,35.44311],[139.641,35.44342],[139.64096,35.44354],[139.6408,35.44371],[139.64034,35.44383],[139.63936,35.44382],[139.63914,35.44389],[139.63896,35.44401],[139.6388,35.44418],[139.63858,35.44467],[139.63848,35.44535],[139.63829,35.44595],[139.63795,35.44639],[139.63746,35.44666],[139.63715,35.44673],[139.63569,35.4469],[139.63485,35.44714],[139.63447,35.44712],[139.63414,35.4469],[139.63387,35.44658],[139.63372,35.44628],[139.63366,35.44594],[139.6336,35.44583],[139.63341,35.44573],[139.63302,35.44569],[139.63276,35.44556],[139.63246,35.4452],[139.63244,35.44511],[139.63254,35.44504],[139.6328,35.44497],[139.63298,35.44453],[139.63332,35.44421],[139.63359,35.44405],[139.63416,35.44384],[139.6354,35.44353],[139.63591,35.44328],[139.63647,35.44265],[139.63661,35.44258],[139.63687,35.44254],[139.63698,35.44247]]],[[[139.6341,35.46583],[139.63419,35.46595],[139.63445,35.46613],[139.63501,35.46632],[139.6354,35.46652],[139.63553,35.46667],[139.63557,35.46691],[139.63568,35.46707],[139.63591,35.46713],[139.63622,35.46711],[139.63653,35.46703],[139.63684,35.46688],[139.63701,35.46668],[139.63713,35.46637],[139.63725,35.46518],[139.63505,35.46517],[139.63408,35.46551],[139.63403,35.46546],[139.63402,35.46557],[139.6341,35.46583]]],[[[139.58781,35.46045],[139.58815,35.46068],[139.58912,35.46113],[139.58964,35.46144],[139.58981,35.46162],[139.58986,35.46188],[139.59001,35.4621],[139.59059,35.46242],[139.59092,35.46271],[139.5911,35.46298],[139.59146,35.46371],[139.59159,35.46389],[139.5919,35.46413],[139.59195,35.46443],[139.59187,35.46504],[139.59196,35.46545],[139.59213,35.46568],[139.5926,35.46603],[139.59276,35.4662],[139.59294,35.46667],[139.59325,35.4668],[139.59398,35.46684],[139.59448,35.46694],[139.59476,35.46705],[139.59517,35.46734],[139.59543,35.46743],[139.59558,35.46741],[139.59576,35.46732],[139.59586,35.46719],[139.5959,35.46699],[139.59599,35.46693],[139.59674,35.46697],[139.597,35.46684],[139.59715,35.46656],[139.59715,35.4663],[139.59706,35.4662],[139.59671,35.46614],[139.59654,35.46603],[139.59642,35.46584],[139.59624,35.46524],[139.59602,35.46483],[139.59524,35.46413],[139.59509,35.46377],[139.59506,35.46337],[139.59499,35.46311],[139.59489,35.46302],[139.59466,35.46297],[139.59462,35.4629],[139.59469,35.46255],[139.59465,35.46243],[139.59453,35.46236],[139.59405,35.46231],[139.59376,35.46222],[139.59363,35.4621],[139.59336,35.46171],[139.59286,35.46156],[139.59226,35.46114],[139.59179,35.46062],[139.59115,35.45941],[139.59076,35.45901],[139.59051,35.45887],[139.59018,35.45877],[139.58893,35.45865],[139.58866,35.4585],[139.58857,35.45839],[139.58848,35.45812],[139.58839,35.45741],[139.58812,35.45702],[139.58807,35.45681],[139.58809,35.4565],[139.58829,35.45551],[139.58822,35.45524],[139.58814,35.45513],[139.58788,35.455],[139.58756,35.45496],[139.58724,35.45497],[139.58713,35.45503],[139.58711,35.45513],[139.58716,35.45525],[139.58729,35.45532],[139.58748,35.45534],[139.58761,35.45543],[139.58765,35.45579],[139.58753,35.45613],[139.58735,35.45638],[139.58711,35.45657],[139.58694,35.45664],[139.58664,35.45668],[139.58636,35.45661],[139.58611,35.45645],[139.58582,35.45616],[139.58556,35.45603],[139.58526,35.456],[139.58511,35.45606],[139.58501,35.45631],[139.58508,35.45714],[139.58499,35.45733],[139.58486,35.45735],[139.58471,35.45741],[139.58465,35.45751],[139.58463,35.45782],[139.58481,35.4582],[139.5852,35.45864],[139.58586,35.45904],[139.58674,35.4594],[139.5871,35.45959],[139.58734,35.45979],[139.58759,35.46023],[139.58781,35.46045]]],[[[139.57482,35.48007],[139.5747,35.48053],[139.57473,35.48075],[139.57494,35.48115],[139.57545,35.48153],[139.57553,35.48166],[139.57545,35.48188],[139.57498,35.48235],[139.5749,35.48254],[139.57492,35.48265],[139.57503,35.48286],[139.57537,35.48317],[139.57557,35.48327],[139.57578,35.48327],[139.57599,35.48316],[139.57619,35.48296],[139.57644,35.48255],[139.5764,35.48181],[139.57689,35.48033],[139.57695,35.47991],[139.57692,35.47982],[139.57671,35.47966],[139.57666,35.47956],[139.57673,35.47918],[139.5767,35.47903],[139.57657,35.47889],[139.57611,35.47865],[139.57589,35.47848],[139.57585,35.47837],[139.57592,35.4782],[139.5759,35.47809],[139.57574,35.47792],[139.57527,35.47758],[139.57519,35.47741],[139.57523,35.4773],[139.57538,35.47721],[139.57565,35.47713],[139.5765,35.477],[139.57707,35.47685],[139.57793,35.47639],[139.5783,35.47635],[139.57896,35.47641],[139.57931,35.47634],[139.57978,35.47605],[139.58017,35.47552],[139.58053,35.4754],[139.58127,35.47536],[139.5817,35.47526],[139.58188,35.47515],[139.58208,35.47485],[139.58234,35.47473],[139.58271,35.4747],[139.58305,35.47478],[139.5832,35.47491],[139.5834,35.47528],[139.58358,35.47533],[139.584,35.47514],[139.5846,35.47469],[139.58499,35.47446],[139.58555,35.47427],[139.58605,35.47426],[139.58637,35.47432],[139.58648,35.4744],[139.58654,35.4746],[139.58677,35.4747],[139.58707,35.47469],[139.58738,35.4746],[139.58779,35.47433],[139.58795,35.47395],[139.58792,35.47359],[139.58764,35.47266],[139.58764,35.47245],[139.5878,35.47209],[139.58816,35.47181],[139.589,35.47153],[139.58943,35.47131],[139.58958,35.47118],[139.58978,35.4709],[139.5898,35.47042],[139.58969,35.4701],[139.58955,35.47],[139.58917,35.46996],[139.58897,35.46987],[139.58881,35.46967],[139.58872,35.46938],[139.58874,35.46922],[139.58882,35.4691],[139.58945,35.46875],[139.5896,35.46855],[139.58963,35.46811],[139.58952,35.46774],[139.58933,35.4674],[139.58891,35.46701],[139.58801,35.46666],[139.58778,35.46649],[139.58765,35.4663],[139.58756,35.4659],[139.58741,35.46578],[139.58718,35.4657],[139.5867,35.46568],[139.58638,35.46562],[139.58627,35.46554],[139.58622,35.46538],[139.58605,35.46527],[139.58477,35.46491],[139.58421,35.46465],[139.58399,35.46442],[139.5838,35.46388],[139.5836,35.4635],[139.58331,35.46315],[139.58307,35.46297],[139.58261,35.46285],[139.5817,35.46286],[139.5815,35.46274],[139.58142,35.46253],[139.58148,35.46206],[139.58143,35.46171],[139.58131,35.46157],[139.58094,35.46142],[139.58079,35.46131],[139.58064,35.4611],[139.58058,35.46091],[139.58056,35.46033],[139.58067,35.4593],[139.58058,35.45865],[139.5803,35.45823],[139.58014,35.4581],[139.57995,35.45803],[139.57975,35.45801],[139.57944,35.45808],[139.57879,35.45847],[139.57846,35.45858],[139.57776,35.45867],[139.57664,35.45873],[139.57623,35.45882],[139.57594,35.45898],[139.57571,35.45931],[139.57558,35.45974],[139.57552,35.46047],[139.57561,35.46101],[139.5757,35.46114],[139.57596,35.46119],[139.57606,35.46127],[139.57627,35.46162],[139.57649,35.46184],[139.57734,35.46232],[139.57743,35.46243],[139.57746,35.46259],[139.57755,35.46267],[139.57781,35.46273],[139.57828,35.46276],[139.5784,35.46281],[139.57844,35.46289],[139.57837,35.46305],[139.57838,35.46315],[139.57873,35.46324],[139.5789,35.4636],[139.57938,35.46382],[139.57957,35.46396],[139.57981,35.46431],[139.58003,35.46478],[139.58031,35.46506],[139.58055,35.46513],[139.58094,35.46509],[139.58128,35.46513],[139.58146,35.46523],[139.58186,35.46557],[139.5822,35.46567],[139.58259,35.46569],[139.58288,35.46575],[139.58328,35.46608],[139.58395,35.4663],[139.58412,35.46639],[139.58421,35.46658],[139.58414,35.46682],[139.58415,35.46701],[139.58423,35.4671],[139.58451,35.46727],[139.58459,35.46746],[139.5845,35.46781],[139.58423,35.46833],[139.5842,35.46856],[139.58426,35.46878],[139.5845,35.46912],[139.58489,35.4694],[139.58521,35.46953],[139.58597,35.4697],[139.58625,35.46988],[139.58636,35.47001],[139.58649,35.47033],[139.58651,35.47076],[139.58646,35.47116],[139.58625,35.47162],[139.58589,35.47193],[139.58556,35.47205],[139.58516,35.47212],[139.5847,35.47214],[139.58392,35.47209],[139.58336,35.47219],[139.58314,35.47237],[139.58299,35.47275],[139.58273,35.47301],[139.58247,35.4731],[139.58171,35.47314],[139.58123,35.47324],[139.58104,35.47339],[139.58091,35.47372],[139.5808,35.47377],[139.58029,35.47383],[139.58018,35.47394],[139.58014,35.4741],[139.57995,35.47423],[139.57939,35.47436],[139.57885,35.47438],[139.57827,35.47431],[139.57766,35.47417],[139.57731,35.47416],[139.57689,35.47431],[139.57638,35.47477],[139.57621,35.47487],[139.57599,35.47491],[139.57587,35.47485],[139.57576,35.47473],[139.57555,35.47413],[139.57525,35.47367],[139.57409,35.47259],[139.57391,35.47238],[139.57376,35.47204],[139.57327,35.47195],[139.57296,35.47172],[139.57234,35.47074],[139.57193,35.47027],[139.57144,35.47001],[139.57105,35.46994],[139.57082,35.47001],[139.57053,35.4703],[139.5701,35.47028],[139.56999,35.47039],[139.5699,35.47061],[139.56981,35.47121],[139.56991,35.4715],[139.57031,35.47171],[139.57037,35.47179],[139.57015,35.47212],[139.5702,35.47233],[139.57034,35.47249],[139.57072,35.47276],[139.57129,35.47293],[139.57166,35.47344],[139.57189,35.47354],[139.57219,35.47357],[139.57235,35.47367],[139.57248,35.47386],[139.57265,35.47446],[139.57278,35.47471],[139.57297,35.47489],[139.57346,35.47507],[139.57372,35.47528],[139.57381,35.47549],[139.57391,35.47618],[139.574,35.47631],[139.57419,35.47642],[139.57426,35.47655],[139.57425,35.47697],[139.5742,35.47724],[139.57429,35.47754],[139.57446,35.47766],[139.57482,35.47778],[139.5749,35.47784],[139.57496,35.47802],[139.5749,35.47827],[139.57458,35.47891],[139.57453,35.4792],[139.57456,35.47946],[139.57482,35.48007]]],[[[139.59537,35.47745],[139.59506,35.47735],[139.5942,35.4772],[139.59419,35.47748],[139.59413,35.47758],[139.59341,35.47772],[139.59326,35.47784],[139.5932,35.47801],[139.59331,35.47818],[139.59365,35.47842],[139.59377,35.47861],[139.59382,35.47899],[139.59376,35.47946],[139.59389,35.47985],[139.5941,35.48003],[139.59457,35.48023],[139.59469,35.48032],[139.59485,35.48056],[139.59491,35.48086],[139.59487,35.48155],[139.59498,35.48175],[139.5952,35.48183],[139.59568,35.48177],[139.59625,35.48156],[139.59659,35.48133],[139.59679,35.48101],[139.59685,35.48075],[139.59683,35.48044],[139.59664,35.47989],[139.59657,35.47981],[139.59637,35.4797],[139.59585,35.47968],[139.59567,35.47912],[139.59554,35.47892],[139.5954,35.47882],[139.59503,35.47877],[139.59496,35.47871],[139.59504,35.47856],[139.59531,35.47831],[139.5955,35.47806],[139.59558,35.47781],[139.59552,35.47757],[139.59537,35.47745]]],[[[139.61016,35.51321],[139.61002,35.51336],[139.61016,35.51347],[139.61146,35.51355],[139.61171,35.51362],[139.61195,35.51382],[139.61229,35.51396],[139.61394,35.51419],[139.6148,35.51404],[139.61508,35.5139],[139.61515,35.51381],[139.61521,35.5136],[139.61516,35.51334],[139.61506,35.51311],[139.6149,35.51295],[139.61469,35.51286],[139.61429,35.51283],[139.61387,35.51273],[139.61256,35.51212],[139.61116,35.51171],[139.61022,35.51157],[139.60941,35.51161],[139.60919,35.51148],[139.60899,35.51119],[139.6088,35.51109],[139.60854,35.51104],[139.6078,35.51107],[139.60754,35.51117],[139.60735,35.51136],[139.60719,35.5114],[139.60638,35.51135],[139.60616,35.51147],[139.60589,35.51186],[139.60553,35.51198],[139.60541,35.51229],[139.60541,35.51269],[139.60553,35.51305],[139.60567,35.51325],[139.60597,35.5135],[139.60632,35.51363],[139.60671,35.51363],[139.60703,35.51354],[139.60709,35.51345],[139.607,35.51334],[139.6065,35.51305],[139.60691,35.51285],[139.6065,35.51283],[139.6065,35.51238],[139.60737,35.51225],[139.60769,35.51225],[139.60795,35.51238],[139.60808,35.5126],[139.60826,35.51273],[139.60888,35.51268],[139.60906,35.51276],[139.60918,35.51291],[139.60932,35.51299],[139.61014,35.5131],[139.61016,35.51321]]],[[[139.60864,35.52251],[139.60833,35.5226],[139.60778,35.52234],[139.6073,35.52228],[139.60716,35.52223],[139.60704,35.52207],[139.60701,35.52184],[139.60681,35.52168],[139.60643,35.52162],[139.60579,35.52164],[139.60518,35.52174],[139.60503,35.52187],[139.60511,35.52206],[139.60557,35.52252],[139.60565,35.52271],[139.60562,35.52282],[139.60552,35.5229],[139.60532,35.52294],[139.60472,35.52297],[139.60448,35.52303],[139.60433,35.52312],[139.60427,35.52326],[139.60429,35.5235],[139.60445,35.52378],[139.60466,35.52395],[139.60502,35.52408],[139.60575,35.52422],[139.60624,35.52424],[139.60653,35.52417],[139.60667,35.52402],[139.60689,35.52391],[139.60723,35.52387],[139.6076,35.52389],[139.60786,35.52398],[139.60812,35.52424],[139.60843,35.52441],[139.60906,35.52463],[139.60966,35.52477],[139.60987,35.52477],[139.60999,35.52471],[139.61021,35.5244],[139.61031,35.52433],[139.61072,35.52425],[139.61186,35.52426],[139.61466,35.52448],[139.61515,35.52447],[139.61557,35.52434],[139.61585,35.52231],[139.61393,35.52216],[139.6135,35.52223],[139.61314,35.52242],[139.61305,35.52223],[139.61286,35.52217],[139.61251,35.52215],[139.61089,35.52222],[139.61047,35.52218],[139.60971,35.52199],[139.6093,35.52208],[139.60864,35.52251]]],[[[139.58307,35.54117],[139.58299,35.54139],[139.583,35.54163],[139.58311,35.54182],[139.58371,35.54211],[139.58389,35.5423],[139.58401,35.54253],[139.58414,35.54263],[139.58433,35.54267],[139.58457,35.54266],[139.58483,35.54259],[139.58502,35.54246],[139.58517,35.54216],[139.58519,35.5419],[139.58513,35.54162],[139.58498,35.54133],[139.58459,35.54091],[139.58411,35.54054],[139.58375,35.54033],[139.58335,35.54023],[139.58324,35.53996],[139.58309,35.53983],[139.58159,35.53919],[139.58119,35.53893],[139.58095,35.53869],[139.58067,35.53856],[139.58031,35.53856],[139.57993,35.53867],[139.57967,35.53884],[139.57953,35.53907],[139.57951,35.53923],[139.57956,35.53937],[139.58016,35.53988],[139.58026,35.54034],[139.58041,35.54056],[139.58064,35.54064],[139.58095,35.54068],[139.58287,35.54074],[139.58328,35.54083],[139.5833,35.54092],[139.58307,35.54117]]],[[[139.61108,35.55113],[139.61145,35.5515],[139.6116,35.55174],[139.61196,35.55286],[139.61208,35.553],[139.61234,35.55318],[139.6123,35.5536],[139.61281,35.55408],[139.61296,35.55458],[139.61306,35.55585],[139.61332,35.55644],[139.6136,35.55673],[139.61421,35.55707],[139.61453,35.55715],[139.6148,35.55708],[139.61487,35.5571],[139.61498,35.55741],[139.61517,35.55756],[139.6156,35.55767],[139.61622,35.55766],[139.61641,35.55754],[139.61653,35.55732],[139.61663,35.55632],[139.61676,35.55599],[139.61708,35.5556],[139.61714,35.55537],[139.61711,35.55514],[139.61701,35.55502],[139.61667,35.55492],[139.6166,35.55476],[139.61657,35.55452],[139.61642,35.5543],[139.61566,35.55384],[139.61554,35.55367],[139.61547,35.55325],[139.61536,35.553],[139.61522,35.55289],[139.61482,35.55272],[139.61477,35.55258],[139.61484,35.55242],[139.61483,35.55229],[139.61444,35.552],[139.61434,35.55167],[139.61421,35.55161],[139.61402,35.55159],[139.61395,35.55152],[139.61394,35.5513],[139.61401,35.55098],[139.61396,35.55068],[139.61384,35.55049],[139.61345,35.55009],[139.61339,35.54988],[139.61347,35.54962],[139.61307,35.54926],[139.61298,35.54879],[139.61282,35.54849],[139.61255,35.54816],[139.61222,35.54789],[139.61197,35.54776],[139.61145,35.5476],[139.61124,35.54749],[139.61102,35.54725],[139.61083,35.54685],[139.61057,35.54668],[139.6102,35.54664],[139.60984,35.54672],[139.60955,35.54693],[139.6094,35.54714],[139.60926,35.54763],[139.60926,35.54789],[139.60936,35.5483],[139.60961,35.54872],[139.61013,35.54911],[139.61025,35.54933],[139.61027,35.54957],[139.61034,35.54976],[139.61072,35.55007],[139.61088,35.55084],[139.61108,35.55113]]],[[[139.58848,35.5535],[139.58803,35.55315],[139.58788,35.55313],[139.58772,35.55317],[139.58765,35.55327],[139.58762,35.55343],[139.58751,35.55354],[139.58694,35.55364],[139.58685,35.55373],[139.58673,35.55415],[139.58653,35.55424],[139.58625,35.55426],[139.58606,35.55432],[139.5859,35.55467],[139.58542,35.55502],[139.58523,35.55525],[139.58516,35.55544],[139.58516,35.55576],[139.5852,35.55593],[139.58533,35.55611],[139.58565,35.55621],[139.58642,35.55618],[139.58681,35.55611],[139.58712,35.55601],[139.58734,35.55586],[139.58757,35.55544],[139.58777,35.55525],[139.58807,35.55509],[139.58891,35.55483],[139.58913,35.55463],[139.58915,35.55436],[139.58896,35.55402],[139.58848,35.5535]]],[[[139.5957,35.55425],[139.59594,35.55455],[139.59609,35.55493],[139.59619,35.55586],[139.59631,35.55617],[139.59645,35.55628],[139.59687,35.55634],[139.59699,35.55645],[139.59701,35.5566],[139.59709,35.55671],[139.59747,35.55679],[139.59768,35.55722],[139.59879,35.55809],[139.59906,35.55838],[139.59967,35.55923],[139.59992,35.55937],[139.6002,35.55934],[139.60041,35.55951],[139.60082,35.56021],[139.60127,35.56061],[139.60138,35.56095],[139.6014,35.56148],[139.60148,35.56182],[139.60166,35.56209],[139.60179,35.5622],[139.60233,35.56242],[139.60269,35.56248],[139.60298,35.56247],[139.60321,35.56239],[139.60344,35.56218],[139.60362,35.56209],[139.60396,35.56211],[139.60454,35.56227],[139.60466,35.56222],[139.60473,35.56195],[139.60484,35.56185],[139.60516,35.56181],[139.60562,35.56186],[139.60579,35.56179],[139.60583,35.56162],[139.6058,35.5615],[139.60539,35.56073],[139.60528,35.56032],[139.60524,35.5599],[139.60509,35.55964],[139.60487,35.55955],[139.60467,35.55955],[139.60377,35.55976],[139.60345,35.55976],[139.60314,35.55969],[139.60285,35.55952],[139.60251,35.55915],[139.60238,35.55885],[139.60234,35.55851],[139.60241,35.55779],[139.60236,35.55752],[139.60224,35.55731],[139.60205,35.55718],[139.60177,35.55708],[139.6016,35.55706],[139.60129,35.55712],[139.60093,35.55698],[139.60041,35.55662],[139.59986,35.55614],[139.5995,35.55576],[139.59928,35.55539],[139.59913,35.55524],[139.5989,35.5551],[139.59796,35.5547],[139.59786,35.55458],[139.59775,35.55428],[139.59747,35.55411],[139.5974,35.554],[139.59739,35.55376],[139.59746,35.55344],[139.59737,35.55323],[139.5972,35.55316],[139.59682,35.55313],[139.59652,35.55304],[139.59639,35.55292],[139.59625,35.55269],[139.59595,35.55253],[139.59477,35.55242],[139.59447,35.55232],[139.59438,35.55221],[139.59428,35.55216],[139.59428,35.55255],[139.59439,35.55276],[139.59465,35.55305],[139.59467,35.55313],[139.59431,35.55342],[139.59425,35.55356],[139.59427,35.55367],[139.59458,35.55385],[139.59533,35.55403],[139.5957,35.55425]]],[[[139.58375,35.59347],[139.58401,35.59354],[139.5842,35.59367],[139.58441,35.59406],[139.58456,35.59418],[139.58492,35.5942],[139.58553,35.59398],[139.58579,35.59377],[139.58591,35.59334],[139.5861,35.59324],[139.58649,35.59334],[139.58697,35.59369],[139.58725,35.59382],[139.58748,35.59382],[139.58774,35.59364],[139.58779,35.59349],[139.58776,35.59333],[139.58766,35.59321],[139.58742,35.59306],[139.58735,35.59286],[139.58733,35.59255],[139.58743,35.59115],[139.58738,35.59071],[139.58717,35.58992],[139.58714,35.58961],[139.58719,35.58938],[139.5876,35.58901],[139.5877,35.58871],[139.58763,35.58816],[139.58765,35.58775],[139.58816,35.58553],[139.58808,35.5851],[139.58782,35.58493],[139.58803,35.58481],[139.58884,35.58459],[139.58929,35.58439],[139.58944,35.58424],[139.58956,35.58384],[139.59002,35.58371],[139.5902,35.58347],[139.59019,35.58327],[139.58994,35.58286],[139.58985,35.58257],[139.58994,35.58193],[139.58992,35.58173],[139.58961,35.58117],[139.58949,35.58064],[139.58949,35.58015],[139.58957,35.57974],[139.58995,35.57904],[139.58992,35.57885],[139.58981,35.57874],[139.58907,35.57851],[139.58806,35.57834],[139.58772,35.57834],[139.58743,35.57841],[139.58718,35.57855],[139.58697,35.57874],[139.58681,35.57901],[139.58669,35.57933],[139.58661,35.57972],[139.58656,35.58057],[139.58659,35.58127],[139.58672,35.58179],[139.58681,35.58198],[139.58728,35.58246],[139.58743,35.58271],[139.58736,35.58313],[139.58758,35.58373],[139.58759,35.58397],[139.58742,35.58415],[139.58727,35.58422],[139.58633,35.58441],[139.58613,35.58449],[139.58582,35.58474],[139.58564,35.58511],[139.58555,35.58622],[139.58542,35.58666],[139.58529,35.58685],[139.58506,35.58702],[139.58488,35.58706],[139.58449,35.58704],[139.5843,35.58721],[139.58413,35.58757],[139.58383,35.58875],[139.58359,35.58944],[139.5834,35.58973],[139.58291,35.5901],[139.5828,35.59037],[139.58253,35.59041],[139.58153,35.59024],[139.58118,35.59027],[139.58093,35.59041],[139.58084,35.59052],[139.58075,35.59083],[139.58072,35.59134],[139.58081,35.59184],[139.581,35.59233],[139.58121,35.59261],[139.58134,35.59268],[139.58156,35.59264],[139.58184,35.59271],[139.58248,35.59316],[139.58294,35.59337],[139.58326,35.59344],[139.58375,35.59347]]],[[[139.60367,35.60856],[139.60389,35.60869],[139.60419,35.60874],[139.60543,35.6087],[139.60583,35.60882],[139.60599,35.60898],[139.60623,35.60912],[139.60661,35.60921],[139.60713,35.60927],[139.60838,35.60925],[139.60886,35.60917],[139.60922,35.60906],[139.60946,35.6089],[139.60969,35.60865],[139.60981,35.60839],[139.60984,35.60815],[139.60992,35.60801],[139.61018,35.60787],[139.61057,35.60779],[139.61078,35.60783],[139.61094,35.60793],[139.61126,35.60852],[139.61138,35.60859],[139.61161,35.60863],[139.61138,35.60877],[139.61129,35.60892],[139.61135,35.60921],[139.61143,35.60933],[139.61153,35.60938],[139.61165,35.60935],[139.6121,35.6091],[139.61275,35.60902],[139.61288,35.60896],[139.61301,35.60881],[139.61322,35.60876],[139.61389,35.60885],[139.61579,35.6093],[139.61693,35.60942],[139.61799,35.60939],[139.61831,35.60934],[139.61885,35.60914],[139.61907,35.609],[139.61943,35.60864],[139.61988,35.60774],[139.62008,35.60743],[139.62029,35.60723],[139.62065,35.60708],[139.62074,35.607],[139.6207,35.60665],[139.62086,35.60635],[139.62121,35.60596],[139.62168,35.60558],[139.62186,35.60549],[139.62226,35.60539],[139.62302,35.60487],[139.62338,35.60471],[139.62406,35.60459],[139.62524,35.60451],[139.62561,35.60436],[139.62576,35.60413],[139.62598,35.604],[139.62619,35.60399],[139.62659,35.60404],[139.62697,35.60397],[139.62719,35.60383],[139.62772,35.60337],[139.62792,35.60327],[139.62833,35.60319],[139.62847,35.603],[139.62856,35.60265],[139.62869,35.60095],[139.62878,35.60072],[139.62903,35.60055],[139.62915,35.60031],[139.62913,35.60006],[139.6289,35.59977],[139.62843,35.59946],[139.62799,35.59924],[139.6271,35.59903],[139.62635,35.59896],[139.62509,35.59896],[139.62445,35.59903],[139.62402,35.59915],[139.6238,35.59933],[139.62358,35.59976],[139.62346,35.59983],[139.62327,35.59986],[139.6232,35.59993],[139.62319,35.60014],[139.62327,35.60053],[139.62322,35.6007],[139.62273,35.60085],[139.62245,35.60104],[139.62219,35.60129],[139.62208,35.60154],[139.62215,35.60187],[139.6221,35.60203],[139.62155,35.60215],[139.62146,35.60225],[139.62135,35.60266],[139.62115,35.60276],[139.62086,35.60279],[139.6207,35.60289],[139.62057,35.60308],[139.62036,35.6038],[139.6202,35.60405],[139.61986,35.60417],[139.61969,35.60429],[139.61919,35.60487],[139.61888,35.60514],[139.61868,35.60522],[139.61837,35.60526],[139.61818,35.60537],[139.61801,35.60556],[139.61762,35.60626],[139.61725,35.60647],[139.61617,35.60646],[139.61527,35.60676],[139.6141,35.60694],[139.61365,35.60692],[139.61334,35.6068],[139.61324,35.60671],[139.61314,35.60644],[139.61322,35.60589],[139.61341,35.6057],[139.61384,35.60562],[139.61393,35.60552],[139.61397,35.6053],[139.61388,35.60507],[139.61353,35.60497],[139.61338,35.60485],[139.61326,35.60463],[139.61328,35.60444],[139.61354,35.6041],[139.61426,35.60356],[139.61454,35.60328],[139.61478,35.60285],[139.61489,35.6023],[139.61511,35.60204],[139.61544,35.6018],[139.6161,35.60146],[139.61656,35.60105],[139.61671,35.60075],[139.61674,35.60042],[139.61682,35.60026],[139.61697,35.60012],[139.61721,35.59998],[139.61791,35.59974],[139.61891,35.59954],[139.62096,35.59922],[139.62172,35.59903],[139.62202,35.59879],[139.62231,35.59865],[139.62347,35.59825],[139.62399,35.59803],[139.62416,35.59788],[139.6242,35.59759],[139.62299,35.59729],[139.62259,35.59712],[139.62242,35.59695],[139.62239,35.59674],[139.62242,35.59663],[139.62253,35.59646],[139.62269,35.59635],[139.62295,35.59633],[139.62365,35.59646],[139.62345,35.59574],[139.6231,35.5953],[139.62266,35.59501],[139.62145,35.59443],[139.62142,35.59274],[139.62136,35.59239],[139.62127,35.59221],[139.62091,35.59209],[139.62032,35.59158],[139.62002,35.59148],[139.61966,35.59147],[139.61859,35.59177],[139.61832,35.59181],[139.61817,35.59179],[139.61817,35.5916],[139.61827,35.59152],[139.61851,35.59146],[139.6186,35.59118],[139.61854,35.59035],[139.61832,35.58948],[139.61806,35.58897],[139.61774,35.5886],[139.61738,35.58839],[139.61712,35.58834],[139.61685,35.58835],[139.61664,35.5884],[139.61648,35.58849],[139.61629,35.58879],[139.61613,35.58893],[139.61561,35.58911],[139.61514,35.58916],[139.61488,35.58914],[139.61412,35.5888],[139.61382,35.58878],[139.61365,35.58887],[139.6135,35.5892],[139.61347,35.59],[139.61358,35.59066],[139.61381,35.59104],[139.61378,35.59123],[139.61363,35.59132],[139.61296,35.59153],[139.61259,35.59184],[139.61193,35.59181],[139.61184,35.59188],[139.61177,35.59217],[139.61167,35.5923],[139.61134,35.59245],[139.61087,35.59255],[139.61063,35.59268],[139.61044,35.59297],[139.6104,35.59336],[139.61031,35.59356],[139.61005,35.59372],[139.60967,35.59375],[139.60948,35.59384],[139.60936,35.594],[139.60928,35.59451],[139.60909,35.59493],[139.6087,35.59535],[139.60817,35.59571],[139.6076,35.59588],[139.60681,35.59585],[139.6065,35.59592],[139.60628,35.59608],[139.60606,35.59666],[139.6058,35.59694],[139.60554,35.59701],[139.60492,35.59695],[139.6047,35.59697],[139.60454,35.59703],[139.60441,35.59716],[139.6043,35.59713],[139.60415,35.59699],[139.60359,35.59619],[139.60342,35.59604],[139.60327,35.59597],[139.60307,35.59601],[139.60296,35.59608],[139.60275,35.59643],[139.60253,35.59658],[139.60206,35.59665],[139.60164,35.59656],[139.60123,35.59635],[139.60073,35.59592],[139.60053,35.59563],[139.6004,35.59517],[139.60028,35.5951],[139.59992,35.59506],[139.59977,35.595],[139.59981,35.59476],[139.59975,35.59469],[139.59959,35.59464],[139.599,35.59461],[139.59868,35.59454],[139.59857,35.59446],[139.59846,35.5942],[139.59812,35.59414],[139.598,35.59401],[139.59801,35.59386],[139.5981,35.5938],[139.59874,35.59383],[139.59893,35.59373],[139.599,35.59363],[139.59908,35.59334],[139.59916,35.59252],[139.59928,35.59216],[139.59947,35.59187],[139.60019,35.59114],[139.60058,35.59045],[139.60067,35.58997],[139.6006,35.58905],[139.60064,35.58876],[139.60086,35.58848],[139.60123,35.58834],[139.6014,35.58811],[139.60145,35.58794],[139.60149,35.5875],[139.6014,35.58664],[139.60127,35.5862],[139.60108,35.58589],[139.60085,35.58573],[139.60037,35.58568],[139.60015,35.58575],[139.59989,35.58601],[139.59958,35.58607],[139.59951,35.58616],[139.59949,35.58632],[139.59957,35.58681],[139.59956,35.58711],[139.59949,35.58723],[139.5992,35.58743],[139.59912,35.58778],[139.59917,35.58797],[139.59925,35.58805],[139.59962,35.58815],[139.59967,35.58828],[139.59964,35.58841],[139.59954,35.58846],[139.59929,35.58839],[139.59912,35.58843],[139.5988,35.58889],[139.59857,35.58904],[139.59828,35.58915],[139.59814,35.58927],[139.59802,35.58957],[139.59793,35.5902],[139.59773,35.59046],[139.59731,35.59077],[139.59719,35.59099],[139.59715,35.59124],[139.59705,35.59137],[139.59672,35.59152],[139.59599,35.59171],[139.59573,35.5919],[139.59564,35.59206],[139.59565,35.59223],[139.59576,35.5924],[139.59597,35.59257],[139.59668,35.59297],[139.59689,35.59323],[139.59684,35.59341],[139.59653,35.59351],[139.59645,35.59363],[139.59644,35.594],[139.59651,35.59454],[139.59646,35.59491],[139.59634,35.59503],[139.59594,35.5951],[139.59573,35.5952],[139.59501,35.5958],[139.5948,35.59586],[139.5944,35.59582],[139.59416,35.59586],[139.59401,35.59603],[139.59397,35.59618],[139.59418,35.59634],[139.59449,35.5964],[139.59515,35.5964],[139.5956,35.59634],[139.59575,35.59626],[139.59583,35.59603],[139.59604,35.59582],[139.5964,35.59558],[139.59663,35.59553],[139.59678,35.59563],[139.59684,35.59574],[139.59692,35.59666],[139.59708,35.59695],[139.59725,35.59699],[139.59752,35.59694],[139.59763,35.59696],[139.5977,35.59702],[139.59773,35.59717],[139.59781,35.59724],[139.59874,35.5974],[139.59916,35.59761],[139.59958,35.59792],[139.59987,35.59806],[139.60035,35.59813],[139.60098,35.59809],[139.60129,35.59822],[139.60176,35.59903],[139.60249,35.59982],[139.6027,35.60013],[139.60281,35.6004],[139.60278,35.60086],[139.60286,35.60104],[139.60321,35.60122],[139.60425,35.6014],[139.60463,35.60151],[139.60482,35.60169],[139.60495,35.60218],[139.60514,35.60228],[139.60534,35.60229],[139.60548,35.60239],[139.60553,35.60282],[139.60534,35.60382],[139.60536,35.60447],[139.60556,35.60484],[139.60624,35.60544],[139.60622,35.60586],[139.60614,35.60599],[139.60588,35.60603],[139.60536,35.60599],[139.60499,35.60611],[139.60458,35.6065],[139.60432,35.60693],[139.6043,35.60705],[139.60436,35.60715],[139.60449,35.60716],[139.60469,35.6071],[139.60493,35.60715],[139.60568,35.6077],[139.60498,35.60755],[139.60487,35.60762],[139.60485,35.60777],[139.60477,35.60784],[139.60443,35.60777],[139.60435,35.60779],[139.60429,35.608],[139.60417,35.6081],[139.60347,35.60814],[139.60367,35.60856]]],[[[139.59459,35.60726],[139.59497,35.60742],[139.59559,35.60749],[139.59599,35.60759],[139.59671,35.60785],[139.59764,35.60826],[139.59824,35.60867],[139.5986,35.60863],[139.59916,35.60843],[139.5996,35.60811],[139.59974,35.60785],[139.59977,35.60754],[139.59963,35.60709],[139.59937,35.60679],[139.59844,35.60644],[139.59764,35.60587],[139.59733,35.60575],[139.59717,35.60575],[139.59694,35.60588],[139.59677,35.60628],[139.59655,35.60633],[139.59645,35.60627],[139.5964,35.60606],[139.59648,35.60556],[139.59647,35.60523],[139.59634,35.605],[139.59618,35.6049],[139.59574,35.60479],[139.59454,35.60473],[139.59395,35.60464],[139.59368,35.60452],[139.59324,35.60413],[139.59297,35.60407],[139.59273,35.60421],[139.59252,35.60467],[139.59234,35.60488],[139.59208,35.60497],[139.5918,35.60492],[139.59179,35.60486],[139.59198,35.60465],[139.59206,35.60448],[139.59208,35.60427],[139.59201,35.60375],[139.59207,35.60354],[139.59236,35.60333],[139.59306,35.60316],[139.59321,35.60307],[139.59328,35.60297],[139.59324,35.60279],[139.59309,35.60258],[139.59262,35.60222],[139.59236,35.60217],[139.59186,35.60242],[139.59112,35.60248],[139.59083,35.60256],[139.59052,35.60285],[139.59036,35.60337],[139.59031,35.60394],[139.59033,35.60448],[139.59045,35.60497],[139.59063,35.6052],[139.59105,35.60539],[139.59144,35.60542],[139.5919,35.60551],[139.5924,35.60573],[139.59295,35.60608],[139.59412,35.60697],[139.59459,35.60726]]],[[[139.58218,35.6102],[139.58237,35.61047],[139.58247,35.61081],[139.58253,35.61135],[139.5827,35.61159],[139.58301,35.61181],[139.58418,35.61226],[139.58459,35.61251],[139.5847,35.61268],[139.58478,35.61304],[139.58516,35.6133],[139.58532,35.61369],[139.58581,35.61392],[139.58602,35.6141],[139.58633,35.61456],[139.58682,35.61549],[139.58698,35.61569],[139.5872,35.61577],[139.58732,35.61589],[139.58742,35.61635],[139.58748,35.61743],[139.5877,35.61784],[139.58787,35.61798],[139.58809,35.61808],[139.58834,35.61814],[139.58899,35.61813],[139.58928,35.61806],[139.58951,35.61795],[139.58969,35.61779],[139.58981,35.61759],[139.58989,35.61707],[139.5895,35.61531],[139.58948,35.615],[139.58956,35.61472],[139.58947,35.61466],[139.58929,35.61464],[139.58919,35.61457],[139.58908,35.61403],[139.58893,35.61378],[139.58847,35.61339],[139.58745,35.61271],[139.58721,35.61246],[139.58697,35.61201],[139.58682,35.61188],[139.58646,35.6118],[139.58598,35.61184],[139.58577,35.61178],[139.58566,35.61161],[139.58564,35.61149],[139.5857,35.61102],[139.58566,35.61071],[139.58544,35.61031],[139.58519,35.61008],[139.58483,35.60989],[139.58438,35.60977],[139.58382,35.6097],[139.58259,35.60964],[139.58386,35.60947],[139.58438,35.60926],[139.58455,35.60906],[139.58477,35.60861],[139.58515,35.60832],[139.58516,35.60819],[139.58511,35.60808],[139.58477,35.60795],[139.58435,35.6079],[139.58343,35.60788],[139.58266,35.60794],[139.58227,35.6081],[139.5822,35.60833],[139.58201,35.60849],[139.58127,35.60857],[139.5809,35.60865],[139.58032,35.60892],[139.57991,35.60918],[139.57947,35.60954],[139.57933,35.60972],[139.57931,35.60987],[139.57946,35.61003],[139.57991,35.61019],[139.58057,35.61028],[139.58103,35.61024],[139.58171,35.61004],[139.58202,35.61008],[139.58218,35.6102]]],[[[139.65074,35.2864],[139.65046,35.28625],[139.65041,35.28593],[139.65062,35.28543],[139.65092,35.28517],[139.65165,35.28478],[139.65223,35.28426],[139.65257,35.28411],[139.65314,35.28394],[139.6533,35.2838],[139.65339,35.28357],[139.65387,35.28348],[139.65404,35.28337],[139.65422,35.28305],[139.65448,35.2822],[139.65466,35.28195],[139.65482,35.28184],[139.65539,35.28172],[139.65605,35.2817],[139.65664,35.28178],[139.65693,35.28191],[139.65747,35.28252],[139.65783,35.28263],[139.65801,35.28279],[139.65862,35.28375],[139.6591,35.28359],[139.65914,35.28369],[139.65921,35.28367],[139.65917,35.28357],[139.66021,35.28327],[139.6608,35.28288],[139.66083,35.28289],[139.66076,35.28257],[139.66064,35.28229],[139.66047,35.28211],[139.65999,35.28188],[139.6599,35.28163],[139.65981,35.28155],[139.65918,35.28146],[139.65901,35.28135],[139.65893,35.28116],[139.65899,35.28057],[139.65894,35.28025],[139.65882,35.28014],[139.65845,35.2801],[139.65824,35.28002],[139.65812,35.27987],[139.65802,35.27964],[139.65802,35.27932],[139.65813,35.27919],[139.65836,35.27905],[139.65844,35.2789],[139.65839,35.27774],[139.65846,35.27759],[139.65874,35.27741],[139.65883,35.27722],[139.65877,35.27704],[139.65846,35.27695],[139.65839,35.27684],[139.65837,35.27665],[139.65845,35.27591],[139.65835,35.27557],[139.65809,35.27536],[139.65773,35.2753],[139.65729,35.27539],[139.65669,35.27565],[139.65653,35.27567],[139.65647,35.27561],[139.65664,35.27527],[139.65675,35.27519],[139.657,35.27515],[139.65707,35.2751],[139.65702,35.27452],[139.6574,35.27421],[139.65758,35.27387],[139.65767,35.27344],[139.65764,35.27315],[139.65758,35.27298],[139.65738,35.27284],[139.65701,35.27275],[139.65647,35.27269],[139.65543,35.2727],[139.65491,35.27279],[139.65472,35.27286],[139.65448,35.27305],[139.65444,35.27331],[139.65449,35.27365],[139.65462,35.27386],[139.6549,35.27406],[139.65498,35.27433],[139.6549,35.27468],[139.65457,35.27492],[139.65462,35.275],[139.6549,35.27517],[139.65498,35.27536],[139.65493,35.27563],[139.65463,35.27622],[139.65465,35.27637],[139.65489,35.2765],[139.65535,35.27652],[139.65568,35.27658],[139.65578,35.27666],[139.65589,35.27696],[139.65616,35.27714],[139.65621,35.27728],[139.6562,35.2775],[139.65599,35.27811],[139.65596,35.27839],[139.65602,35.27864],[139.65634,35.27901],[139.65642,35.27926],[139.65634,35.27943],[139.65587,35.27994],[139.65572,35.28041],[139.65541,35.28054],[139.65468,35.28059],[139.65438,35.28067],[139.65408,35.28094],[139.65392,35.28133],[139.65365,35.28156],[139.65347,35.28166],[139.65297,35.28182],[139.65232,35.28195],[139.65145,35.28197],[139.65099,35.28186],[139.6508,35.28176],[139.65014,35.28119],[139.64986,35.28103],[139.64971,35.28101],[139.6496,35.28086],[139.64953,35.28052],[139.64945,35.27887],[139.6493,35.27824],[139.64918,35.27798],[139.64885,35.27754],[139.64864,35.27736],[139.64797,35.277],[139.64746,35.27683],[139.6471,35.27685],[139.64684,35.277],[139.64666,35.27724],[139.64648,35.27763],[139.64628,35.27776],[139.6458,35.2777],[139.64562,35.27772],[139.64525,35.27792],[139.64505,35.27796],[139.64446,35.27767],[139.64417,35.27762],[139.64398,35.27765],[139.64379,35.27787],[139.64368,35.27869],[139.64355,35.27897],[139.64332,35.27918],[139.64262,35.27937],[139.64244,35.27954],[139.64246,35.27978],[139.64253,35.27994],[139.64299,35.28049],[139.64343,35.28089],[139.64368,35.28105],[139.64398,35.28118],[139.64412,35.28132],[139.64421,35.28154],[139.64427,35.28213],[139.64435,35.28233],[139.64451,35.28241],[139.64461,35.28241],[139.64498,35.28229],[139.6452,35.28228],[139.64524,35.28236],[139.64517,35.2826],[139.64518,35.28289],[139.64545,35.28341],[139.64579,35.28367],[139.64618,35.28372],[139.64634,35.2838],[139.64652,35.28401],[139.64664,35.28432],[139.64678,35.28451],[139.64756,35.28505],[139.64776,35.28552],[139.64785,35.28668],[139.64794,35.28711],[139.64812,35.28757],[139.64863,35.28845],[139.64926,35.28845],[139.64911,35.28828],[139.64917,35.28822],[139.64907,35.28805],[139.64933,35.28828],[139.64972,35.28803],[139.64983,35.28803],[139.64994,35.2876],[139.65015,35.28729],[139.65045,35.28711],[139.65085,35.287],[139.65147,35.28691],[139.65171,35.28682],[139.65181,35.28673],[139.65178,35.28662],[139.65157,35.28649],[139.65074,35.2864]]],[[[139.63691,35.28908],[139.63712,35.28936],[139.63748,35.28948],[139.63812,35.28943],[139.63842,35.28954],[139.63873,35.28977],[139.6394,35.29055],[139.63975,35.29086],[139.64026,35.29111],[139.64076,35.29116],[139.64104,35.29125],[139.64127,35.2914],[139.6416,35.29189],[139.64182,35.29207],[139.64228,35.29218],[139.64287,35.29213],[139.64333,35.29217],[139.64356,35.29227],[139.64385,35.29256],[139.64405,35.29269],[139.64426,35.29272],[139.64445,35.29265],[139.6445,35.29247],[139.64445,35.29232],[139.64414,35.2921],[139.64406,35.29198],[139.64411,35.29103],[139.64402,35.29081],[139.64387,35.29062],[139.6434,35.29031],[139.64297,35.2902],[139.64282,35.29003],[139.64262,35.28963],[139.64232,35.28946],[139.64151,35.28928],[139.64007,35.28912],[139.63964,35.28899],[139.6395,35.28891],[139.63941,35.28871],[139.63947,35.28839],[139.63942,35.28809],[139.63925,35.28783],[139.63892,35.28759],[139.63839,35.28739],[139.63734,35.28708],[139.63705,35.28694],[139.6367,35.28662],[139.6365,35.28651],[139.6361,35.28641],[139.63536,35.28636],[139.6351,35.28625],[139.63496,35.28609],[139.63481,35.28676],[139.63471,35.28683],[139.63452,35.28686],[139.63438,35.28693],[139.63403,35.28735],[139.63399,35.28756],[139.63406,35.28773],[139.63425,35.28788],[139.63456,35.288],[139.63525,35.28812],[139.63622,35.28805],[139.63647,35.28809],[139.63662,35.28842],[139.63698,35.28866],[139.637,35.28875],[139.63691,35.28908]]],[[[139.64614,35.29632],[139.64684,35.29554],[139.64736,35.29473],[139.64745,35.29478],[139.64749,35.29473],[139.6474,35.29467],[139.64838,35.29315],[139.64824,35.29302],[139.64823,35.29299],[139.64761,35.29271],[139.64756,35.29273],[139.64727,35.29267],[139.64727,35.29255],[139.64744,35.29251],[139.64737,35.29231],[139.64725,35.2925],[139.64654,35.29306],[139.64608,35.29332],[139.64575,35.29339],[139.64505,35.2934],[139.64499,35.29465],[139.64463,35.29574],[139.64465,35.29593],[139.64473,35.29607],[139.64489,35.29618],[139.64525,35.29629],[139.64614,35.29632]]],[[[139.63058,35.29708],[139.63129,35.29747],[139.63152,35.29771],[139.6316,35.29804],[139.63177,35.29822],[139.63229,35.2984],[139.63326,35.29856],[139.6336,35.29872],[139.63369,35.29881],[139.63433,35.29852],[139.63432,35.29833],[139.63445,35.29807],[139.63444,35.29807],[139.6339,35.29724],[139.63404,35.2967],[139.63396,35.29668],[139.6337,35.29647],[139.63344,35.29594],[139.63332,35.29587],[139.63296,35.29579],[139.63261,35.29548],[139.63204,35.29527],[139.63082,35.29493],[139.63033,35.29473],[139.62999,35.29449],[139.62988,35.29437],[139.62969,35.29397],[139.62936,35.29378],[139.62849,35.29362],[139.62764,35.2936],[139.62674,35.29364],[139.62651,35.2937],[139.6265,35.29374],[139.62708,35.29407],[139.62726,35.29445],[139.62756,35.29453],[139.62772,35.29467],[139.62833,35.29573],[139.6287,35.29613],[139.62953,35.29665],[139.63058,35.29708]]],[[[139.62203,35.3084],[139.62258,35.30842],[139.6228,35.30854],[139.62299,35.30894],[139.62312,35.30909],[139.62338,35.30924],[139.62373,35.30932],[139.62477,35.30949],[139.62523,35.30949],[139.62547,35.30937],[139.6255,35.30914],[139.62562,35.30898],[139.62576,35.30893],[139.62624,35.30888],[139.62676,35.30862],[139.62697,35.3087],[139.62745,35.30929],[139.62788,35.30944],[139.62796,35.30959],[139.62799,35.30989],[139.62814,35.31004],[139.62845,35.31001],[139.62872,35.30975],[139.62885,35.30969],[139.62987,35.30973],[139.63013,35.30963],[139.63024,35.3095],[139.63025,35.3093],[139.63016,35.30903],[139.62971,35.3083],[139.62949,35.30784],[139.62945,35.3076],[139.62952,35.30724],[139.62941,35.30694],[139.62904,35.30652],[139.62862,35.30634],[139.62827,35.30631],[139.62787,35.30634],[139.62743,35.30651],[139.62729,35.30669],[139.62726,35.30681],[139.62728,35.30728],[139.62714,35.30739],[139.62702,35.30741],[139.62585,35.30719],[139.62422,35.30708],[139.62355,35.30695],[139.62313,35.30681],[139.6226,35.30657],[139.62234,35.30636],[139.62235,35.3061],[139.62214,35.30606],[139.6217,35.30611],[139.62132,35.30621],[139.62112,35.30635],[139.62109,35.3065],[139.62102,35.30656],[139.62083,35.30657],[139.62053,35.30652],[139.62033,35.30655],[139.62002,35.30673],[139.6195,35.30717],[139.61919,35.30724],[139.61898,35.3072],[139.61875,35.30718],[139.61866,35.30722],[139.61862,35.30736],[139.6187,35.30747],[139.61901,35.30764],[139.62004,35.308],[139.62026,35.30814],[139.62042,35.30839],[139.62058,35.3085],[139.62105,35.30855],[139.62203,35.3084]]],[[[139.6306,35.32124],[139.63017,35.32117],[139.62983,35.32135],[139.62968,35.32164],[139.62975,35.32215],[139.62969,35.32228],[139.62962,35.32233],[139.6294,35.32236],[139.62857,35.3223],[139.62805,35.32237],[139.62732,35.32264],[139.62713,35.32281],[139.62711,35.32298],[139.62723,35.32331],[139.62738,35.32347],[139.62783,35.32364],[139.62847,35.32371],[139.62888,35.32363],[139.62933,35.32335],[139.62972,35.32322],[139.63002,35.32321],[139.63065,35.32327],[139.63095,35.32323],[139.63134,35.32293],[139.63216,35.32265],[139.63217,35.32264],[139.63192,35.32231],[139.63214,35.32219],[139.63274,35.32211],[139.63273,35.32169],[139.63258,35.3214],[139.63233,35.32119],[139.63198,35.32104],[139.63153,35.32097],[139.63099,35.32095],[139.63072,35.32102],[139.63066,35.3212],[139.6306,35.32124]]],[[[139.62974,35.32521],[139.62962,35.32509],[139.62931,35.32495],[139.62913,35.32492],[139.62855,35.32495],[139.62808,35.32508],[139.62753,35.32542],[139.62722,35.32546],[139.62701,35.3254],[139.62668,35.32517],[139.62645,35.32474],[139.62593,35.32457],[139.62565,35.32461],[139.62557,35.32474],[139.62561,35.3251],[139.62575,35.32538],[139.62616,35.32581],[139.62747,35.32669],[139.62762,35.32685],[139.62774,35.32715],[139.62981,35.32571],[139.62994,35.32571],[139.62991,35.32552],[139.62974,35.32521]]],[[[139.62223,35.33777],[139.62262,35.33786],[139.62283,35.33798],[139.62321,35.33833],[139.62387,35.33851],[139.62413,35.33881],[139.62442,35.33949],[139.62462,35.3398],[139.62476,35.33984],[139.62502,35.3397],[139.62518,35.33974],[139.62536,35.34004],[139.62557,35.34028],[139.62709,35.34148],[139.6275,35.34191],[139.62774,35.34254],[139.62816,35.34297],[139.6283,35.3432],[139.62842,35.34361],[139.62845,35.34421],[139.62856,35.34446],[139.62892,35.3446],[139.62906,35.34494],[139.62947,35.34502],[139.6298,35.34532],[139.63011,35.34536],[139.63073,35.34529],[139.63099,35.34531],[139.63117,35.34538],[139.63129,35.3455],[139.63131,35.34567],[139.6311,35.34584],[139.63066,35.34601],[139.62892,35.34645],[139.62846,35.34667],[139.6282,35.34692],[139.62814,35.34705],[139.62817,35.34732],[139.62836,35.34761],[139.62859,35.34774],[139.62939,35.34796],[139.6295,35.34805],[139.62957,35.34829],[139.62983,35.34836],[139.62995,35.34828],[139.63006,35.34808],[139.63028,35.34715],[139.63036,35.34697],[139.63058,35.34669],[139.63088,35.34651],[139.63189,35.34629],[139.63212,35.34614],[139.63218,35.34601],[139.63228,35.3451],[139.6322,35.34434],[139.63201,35.34404],[139.63153,35.34381],[139.63145,35.34366],[139.63148,35.34351],[139.63158,35.34343],[139.63183,35.34339],[139.63197,35.34328],[139.63218,35.34296],[139.63239,35.34249],[139.63268,35.34211],[139.63291,35.34193],[139.6334,35.34168],[139.63356,35.34154],[139.63364,35.34139],[139.63369,35.34109],[139.63379,35.34096],[139.6342,35.34087],[139.63499,35.34038],[139.6353,35.34034],[139.63569,35.3404],[139.63587,35.34036],[139.63603,35.34026],[139.63638,35.33991],[139.63652,35.33984],[139.63679,35.33979],[139.63684,35.33975],[139.63587,35.33904],[139.63532,35.33847],[139.63494,35.33797],[139.6349,35.338],[139.63406,35.33826],[139.63378,35.33845],[139.63337,35.33884],[139.63291,35.3391],[139.63231,35.33927],[139.63188,35.33923],[139.63183,35.3394],[139.63191,35.33999],[139.63181,35.3402],[139.63118,35.34032],[139.63066,35.34058],[139.63015,35.34063],[139.6294,35.34057],[139.62895,35.34049],[139.62864,35.34039],[139.62847,35.34025],[139.62835,35.33986],[139.62806,35.33978],[139.6279,35.33962],[139.62756,35.33877],[139.62744,35.33868],[139.62715,35.3386],[139.62709,35.33851],[139.62702,35.3381],[139.62689,35.338],[139.62669,35.33797],[139.62653,35.33781],[139.6264,35.3375],[139.62632,35.33711],[139.62637,35.33667],[139.62646,35.33655],[139.62675,35.33638],[139.62764,35.3361],[139.6281,35.3359],[139.62872,35.33539],[139.62899,35.3353],[139.62928,35.33528],[139.62952,35.33522],[139.62984,35.33492],[139.63036,35.3347],[139.63101,35.33454],[139.63166,35.33446],[139.63352,35.3344],[139.63507,35.33444],[139.63548,35.3345],[139.63538,35.33414],[139.63581,35.33406],[139.63694,35.33442],[139.63711,35.33439],[139.63709,35.33433],[139.63695,35.33435],[139.63582,35.33399],[139.63545,35.33406],[139.63539,35.33387],[139.63531,35.33389],[139.63495,35.33267],[139.63538,35.33259],[139.63742,35.33324],[139.6377,35.33421],[139.63741,35.33426],[139.63743,35.33432],[139.63779,35.33425],[139.63746,35.33312],[139.63559,35.33251],[139.63505,35.33222],[139.63501,35.33227],[139.63532,35.33244],[139.63471,35.33255],[139.63495,35.33217],[139.63454,35.3319],[139.63447,35.33198],[139.63487,35.3322],[139.63463,35.3325],[139.63391,35.33212],[139.63377,35.33226],[139.63351,35.33235],[139.63303,35.33238],[139.63267,35.33247],[139.63251,35.33259],[139.63233,35.33287],[139.6322,35.33294],[139.63147,35.33291],[139.6309,35.33319],[139.63036,35.33309],[139.6299,35.33314],[139.62934,35.33331],[139.62907,35.33356],[139.62892,35.33364],[139.62823,35.33371],[139.62795,35.33359],[139.62776,35.33332],[139.62765,35.3329],[139.62757,35.33175],[139.62731,35.33103],[139.62709,35.33071],[139.62659,35.33094],[139.6267,35.33111],[139.62661,35.33116],[139.6265,35.33098],[139.62607,35.33118],[139.62599,35.33128],[139.62481,35.33157],[139.62505,35.33197],[139.62514,35.33225],[139.62521,35.33287],[139.62528,35.33303],[139.62546,35.33316],[139.62554,35.33333],[139.62548,35.33388],[139.62524,35.33478],[139.62511,35.33507],[139.62477,35.33554],[139.62456,35.3357],[139.62407,35.33591],[139.62259,35.33602],[139.62235,35.3361],[139.62216,35.33629],[139.62211,35.3361],[139.62199,35.33596],[139.62176,35.33585],[139.62148,35.33581],[139.62127,35.3359],[139.62108,35.33618],[139.6207,35.33634],[139.6203,35.33639],[139.61931,35.33642],[139.61867,35.33655],[139.61851,35.33665],[139.61833,35.3369],[139.61807,35.33776],[139.61793,35.33801],[139.61775,35.33819],[139.61726,35.33839],[139.61738,35.33847],[139.61797,35.33862],[139.61913,35.33877],[139.61964,35.33875],[139.62009,35.33868],[139.62048,35.33857],[139.6209,35.33837],[139.62108,35.33822],[139.62122,35.33798],[139.62138,35.33786],[139.6216,35.33779],[139.62189,35.33776],[139.62223,35.33777]]],[[[139.62774,35.35236],[139.6281,35.35232],[139.62836,35.35214],[139.62846,35.35183],[139.62878,35.35186],[139.62887,35.35176],[139.62896,35.35118],[139.6289,35.35076],[139.62878,35.35061],[139.6286,35.35049],[139.62836,35.3504],[139.6277,35.35034],[139.62637,35.35047],[139.62547,35.35064],[139.62517,35.35075],[139.62502,35.35102],[139.62473,35.35107],[139.62448,35.3512],[139.62368,35.35191],[139.62303,35.35219],[139.62294,35.35228],[139.62283,35.35256],[139.62263,35.35262],[139.62244,35.35263],[139.62234,35.35267],[139.62285,35.35288],[139.62337,35.35293],[139.62388,35.35278],[139.62439,35.35249],[139.62479,35.35234],[139.62499,35.35235],[139.62522,35.35248],[139.62554,35.35252],[139.6268,35.35226],[139.62774,35.35236]]],[[[139.63092,35.36496],[139.6311,35.36542],[139.63123,35.3655],[139.63139,35.36548],[139.63182,35.3652],[139.63223,35.36507],[139.63272,35.36504],[139.63311,35.36513],[139.6333,35.36534],[139.63341,35.3659],[139.63376,35.3662],[139.63378,35.36632],[139.63371,35.36662],[139.63377,35.36672],[139.63405,35.36676],[139.6347,35.36671],[139.63517,35.36679],[139.63545,35.36692],[139.63581,35.36716],[139.63602,35.36738],[139.63607,35.36756],[139.63598,35.36778],[139.6357,35.36808],[139.63558,35.36828],[139.63528,35.36942],[139.63512,35.36976],[139.63466,35.37016],[139.63417,35.37095],[139.63403,35.37108],[139.63375,35.37115],[139.63357,35.37128],[139.63258,35.37244],[139.63234,35.37258],[139.63223,35.37261],[139.63192,35.37258],[139.63173,35.37268],[139.63149,35.37307],[139.63125,35.3737],[139.63085,35.37418],[139.63068,35.3743],[139.63026,35.37448],[139.62948,35.37459],[139.62921,35.3745],[139.62914,35.3742],[139.62898,35.37403],[139.62871,35.37392],[139.62852,35.37391],[139.62826,35.37399],[139.62777,35.37444],[139.6276,35.37449],[139.62725,35.3745],[139.62771,35.37518],[139.62792,35.37532],[139.62828,35.3754],[139.62884,35.37533],[139.62921,35.37504],[139.62936,35.37503],[139.6299,35.3751],[139.63003,35.37506],[139.63016,35.37493],[139.63035,35.37483],[139.63097,35.37475],[139.63198,35.37473],[139.63283,35.37478],[139.63325,35.37488],[139.63333,35.37507],[139.63339,35.37511],[139.63377,35.37506],[139.63384,35.37519],[139.63387,35.37541],[139.63395,35.37553],[139.63421,35.37563],[139.63459,35.37565],[139.6348,35.37581],[139.63484,35.37601],[139.63478,35.37656],[139.63483,35.37687],[139.63499,35.37725],[139.6355,35.37812],[139.63577,35.37812],[139.63578,35.37841],[139.63585,35.37856],[139.63646,35.3792],[139.63655,35.37937],[139.63667,35.37984],[139.63679,35.37994],[139.63715,35.38009],[139.63729,35.3802],[139.6374,35.38044],[139.63742,35.38066],[139.63724,35.38111],[139.63646,35.38194],[139.63642,35.38208],[139.63648,35.38232],[139.63643,35.38243],[139.63603,35.38272],[139.63591,35.38291],[139.63586,35.38329],[139.63591,35.38375],[139.63684,35.38415],[139.63694,35.38336],[139.63717,35.38305],[139.63733,35.38304],[139.63753,35.38318],[139.63831,35.38423],[139.63878,35.38457],[139.63911,35.38466],[139.6396,35.38464],[139.64001,35.38455],[139.64035,35.38441],[139.6405,35.38424],[139.64059,35.38401],[139.64054,35.38297],[139.64059,35.38268],[139.64071,35.38244],[139.64107,35.38205],[139.64123,35.38167],[139.64127,35.38137],[139.64124,35.38103],[139.64097,35.38056],[139.64064,35.38026],[139.63959,35.37955],[139.63931,35.37926],[139.6391,35.37898],[139.63895,35.37859],[139.63893,35.37838],[139.63899,35.37822],[139.63915,35.37804],[139.63916,35.37795],[139.63898,35.37783],[139.63822,35.37759],[139.63778,35.37729],[139.6375,35.37692],[139.63734,35.37618],[139.63725,35.37611],[139.63706,35.37608],[139.63699,35.37603],[139.637,35.3758],[139.63719,35.3755],[139.63733,35.3754],[139.6379,35.37514],[139.63797,35.37503],[139.63798,35.37474],[139.63923,35.3751],[139.63962,35.37528],[139.63986,35.3755],[139.64031,35.3756],[139.64111,35.37565],[139.64204,35.37563],[139.64266,35.37554],[139.64304,35.37536],[139.64328,35.37535],[139.64357,35.3755],[139.64382,35.37576],[139.64393,35.37606],[139.64387,35.37638],[139.64391,35.37658],[139.64422,35.37679],[139.6454,35.37701],[139.64557,35.37708],[139.64674,35.37614],[139.64653,35.37568],[139.64651,35.37535],[139.64664,35.37461],[139.6469,35.37414],[139.64718,35.37387],[139.6478,35.37354],[139.64802,35.37334],[139.64804,35.37311],[139.64789,35.37288],[139.64744,35.37266],[139.6467,35.37258],[139.64645,35.37265],[139.64631,35.3728],[139.64609,35.37291],[139.64549,35.37294],[139.64513,35.37284],[139.64494,35.37265],[139.64476,35.37254],[139.6444,35.3725],[139.64423,35.37255],[139.64412,35.37267],[139.64404,35.37313],[139.64397,35.37326],[139.64365,35.37347],[139.64339,35.37355],[139.64268,35.37368],[139.64126,35.37376],[139.64053,35.37372],[139.64004,35.37362],[139.63979,35.37345],[139.63961,35.37314],[139.63936,35.37299],[139.63901,35.37288],[139.63785,35.37266],[139.63765,35.37257],[139.63738,35.37231],[139.6367,35.37209],[139.63644,35.37188],[139.63634,35.37154],[139.63636,35.37117],[139.63642,35.37101],[139.63652,35.37093],[139.63671,35.37089],[139.63688,35.3707],[139.63713,35.36986],[139.63729,35.36956],[139.63772,35.36933],[139.63772,35.36952],[139.63785,35.36962],[139.63852,35.36974],[139.63905,35.36978],[139.64345,35.36994],[139.64591,35.36991],[139.64637,35.36983],[139.64647,35.36972],[139.64674,35.36964],[139.64837,35.36955],[139.64887,35.36945],[139.64921,35.36926],[139.64932,35.36913],[139.64943,35.36882],[139.64943,35.3685],[139.64928,35.36808],[139.64907,35.36783],[139.64878,35.36762],[139.64844,35.36746],[139.64805,35.36736],[139.64737,35.36732],[139.64671,35.36739],[139.64656,35.36747],[139.64646,35.36762],[139.64614,35.36768],[139.64257,35.36763],[139.64201,35.36769],[139.64116,35.36787],[139.64077,35.36783],[139.64044,35.36768],[139.64002,35.36758],[139.63948,35.36753],[139.63908,35.36755],[139.63878,35.36764],[139.63856,35.3678],[139.6383,35.36839],[139.63809,35.3686],[139.63791,35.36866],[139.6377,35.36865],[139.63719,35.36851],[139.63689,35.36834],[139.63675,35.36819],[139.63663,35.36792],[139.63662,35.3677],[139.63667,35.36749],[139.63679,35.36732],[139.6374,35.36694],[139.63663,35.36698],[139.63641,35.36687],[139.63634,35.36664],[139.63637,35.36648],[139.63668,35.3657],[139.63673,35.36536],[139.63666,35.36527],[139.63654,35.36526],[139.63646,35.36521],[139.63645,35.36505],[139.63653,35.3647],[139.63649,35.36463],[139.63626,35.36458],[139.63616,35.36449],[139.63603,35.36373],[139.63595,35.36373],[139.63566,35.36408],[139.63556,35.36391],[139.63557,35.36316],[139.63574,35.36287],[139.63588,35.36277],[139.63626,35.36267],[139.6365,35.36267],[139.63724,35.36276],[139.63776,35.36289],[139.6383,35.36318],[139.63876,35.36325],[139.63921,35.36321],[139.63933,35.36314],[139.63945,35.36295],[139.64003,35.36284],[139.64216,35.36281],[139.64332,35.36291],[139.64351,35.363],[139.64353,35.36311],[139.64361,35.36321],[139.64424,35.36344],[139.64441,35.36364],[139.6445,35.36415],[139.64443,35.36485],[139.64444,35.36536],[139.64457,35.36561],[139.64478,35.36565],[139.64505,35.36551],[139.64525,35.36526],[139.64538,35.36492],[139.64546,35.36415],[139.64561,35.36392],[139.64589,35.36377],[139.64628,35.36371],[139.64693,35.36368],[139.64727,35.36361],[139.64751,35.36349],[139.64782,35.3632],[139.64799,35.3631],[139.64866,35.36297],[139.64876,35.36274],[139.64887,35.36268],[139.64992,35.36272],[139.65011,35.36265],[139.65038,35.36236],[139.65096,35.36224],[139.65097,35.36089],[139.64647,35.36093],[139.64479,35.36091],[139.64379,35.36085],[139.64355,35.36081],[139.64341,35.36071],[139.64325,35.36067],[139.64307,35.36068],[139.64268,35.36085],[139.64245,35.36089],[139.64234,35.36085],[139.64218,35.3607],[139.64169,35.36059],[139.63927,35.36048],[139.63889,35.3604],[139.63855,35.36025],[139.63824,35.36017],[139.63754,35.36026],[139.63722,35.36022],[139.6371,35.36014],[139.63703,35.36],[139.63704,35.3595],[139.6372,35.35891],[139.63731,35.3587],[139.63756,35.35841],[139.63761,35.35821],[139.63756,35.35778],[139.63736,35.35708],[139.63738,35.35686],[139.63748,35.35674],[139.63786,35.35667],[139.63803,35.35657],[139.63854,35.35597],[139.63875,35.3559],[139.63904,35.35596],[139.63919,35.35574],[139.63973,35.35563],[139.64081,35.35559],[139.64211,35.35562],[139.64299,35.35575],[139.64334,35.35589],[139.64374,35.35612],[139.64415,35.35624],[139.64589,35.35649],[139.64625,35.35662],[139.64636,35.3567],[139.64642,35.35679],[139.64643,35.35712],[139.6467,35.35733],[139.64763,35.35761],[139.64986,35.35802],[139.65088,35.35828],[139.65138,35.35853],[139.65165,35.35876],[139.65484,35.35367],[139.65671,35.35367],[139.65693,35.35349],[139.65693,35.35143],[139.65613,35.35141],[139.65473,35.35145],[139.6543,35.35153],[139.65411,35.35165],[139.654,35.35167],[139.65371,35.3514],[139.65341,35.35133],[139.65309,35.3514],[139.65252,35.35165],[139.65237,35.35166],[139.65226,35.35162],[139.65212,35.35147],[139.6519,35.3514],[139.65083,35.35132],[139.64998,35.35139],[139.64972,35.35147],[139.64936,35.35166],[139.64924,35.35139],[139.64854,35.35124],[139.64823,35.35102],[139.64803,35.35081],[139.64786,35.35056],[139.64774,35.35026],[139.64764,35.34936],[139.64751,35.34909],[139.64741,35.34899],[139.64713,35.34886],[139.64609,35.34877],[139.64571,35.34858],[139.64556,35.34835],[139.6455,35.34814],[139.64547,35.34775],[139.64553,35.34763],[139.64583,35.34744],[139.64607,35.34737],[139.64716,35.34726],[139.64808,35.34729],[139.64847,35.34735],[139.64913,35.34755],[139.64962,35.34786],[139.6498,35.34806],[139.65015,35.34868],[139.65027,35.34901],[139.65031,35.34926],[139.65028,35.34952],[139.65047,35.34964],[139.65064,35.34968],[139.65114,35.34974],[139.65275,35.34979],[139.65316,35.34986],[139.65348,35.35],[139.65395,35.35009],[139.6555,35.35013],[139.65694,35.35011],[139.65694,35.34648],[139.65434,35.34652],[139.65273,35.3465],[139.65103,35.3464],[139.65031,35.34626],[139.64977,35.34606],[139.6494,35.34579],[139.64921,35.34545],[139.64899,35.34472],[139.64881,35.34442],[139.64857,35.34417],[139.64797,35.34374],[139.64747,35.34359],[139.64712,35.34314],[139.64676,35.34301],[139.64602,35.34299],[139.64555,35.34308],[139.64533,35.3432],[139.6449,35.34359],[139.64456,35.34367],[139.64444,35.34374],[139.64417,35.34426],[139.64387,35.3445],[139.64357,35.34461],[139.64318,35.34468],[139.64266,35.34461],[139.6424,35.34445],[139.64206,35.34387],[139.64181,35.34363],[139.64148,35.34349],[139.64062,35.34341],[139.64025,35.34328],[139.64019,35.34312],[139.64038,35.34273],[139.64038,35.34256],[139.64004,35.34243],[139.6397,35.34176],[139.63953,35.34163],[139.6394,35.34162],[139.63926,35.34148],[139.63906,35.34093],[139.639,35.34069],[139.63893,35.34072],[139.63801,35.34038],[139.63767,35.3402],[139.63762,35.34024],[139.63735,35.3403],[139.63725,35.3404],[139.63712,35.34066],[139.63699,35.34115],[139.63699,35.34152],[139.63709,35.34164],[139.63732,35.3418],[139.6374,35.34204],[139.63735,35.3438],[139.6375,35.34452],[139.63771,35.34491],[139.63823,35.34546],[139.63847,35.34561],[139.63888,35.34569],[139.63902,35.34578],[139.63914,35.34604],[139.6392,35.34667],[139.63939,35.347],[139.63962,35.34713],[139.63982,35.34717],[139.64045,35.34711],[139.6407,35.34713],[139.64094,35.3472],[139.64116,35.34732],[139.64159,35.34778],[139.64193,35.34847],[139.64207,35.34856],[139.64245,35.34862],[139.64264,35.34871],[139.64272,35.34899],[139.64264,35.34926],[139.64236,35.34968],[139.64197,35.35002],[139.64135,35.35035],[139.63956,35.3511],[139.63871,35.35176],[139.63696,35.35268],[139.6365,35.35314],[139.63638,35.35347],[139.63641,35.35396],[139.63651,35.35438],[139.63673,35.35484],[139.63671,35.35499],[139.63658,35.35509],[139.63587,35.35516],[139.63562,35.35529],[139.63547,35.35581],[139.635,35.35657],[139.63489,35.35693],[139.63491,35.35714],[139.63516,35.35759],[139.63518,35.35779],[139.63511,35.35822],[139.63519,35.35841],[139.63554,35.35865],[139.63638,35.35896],[139.63662,35.35918],[139.63664,35.35934],[139.63656,35.35952],[139.63638,35.35972],[139.63553,35.36026],[139.63522,35.3605],[139.63492,35.36089],[139.63465,35.36156],[139.63453,35.36165],[139.63434,35.36169],[139.6343,35.36175],[139.63425,35.36209],[139.63432,35.36305],[139.63416,35.36338],[139.63395,35.36347],[139.63381,35.36347],[139.63359,35.36337],[139.6335,35.36328],[139.63335,35.3628],[139.63332,35.3621],[139.63323,35.36175],[139.63308,35.36153],[139.63297,35.36147],[139.63272,35.36144],[139.63217,35.36154],[139.63162,35.36182],[139.63124,35.36212],[139.63111,35.36242],[139.631,35.36251],[139.63068,35.36263],[139.63021,35.36272],[139.62997,35.36283],[139.62978,35.36308],[139.62972,35.36339],[139.62955,35.36352],[139.6292,35.36359],[139.62893,35.36359],[139.62755,35.36346],[139.62874,35.36369],[139.629,35.36383],[139.62926,35.36409],[139.62967,35.36418],[139.62974,35.36428],[139.62977,35.36444],[139.62985,35.36452],[139.63001,35.36457],[139.63049,35.36461],[139.63071,35.36469],[139.63092,35.36496]],[[139.64836,35.35366],[139.64838,35.35408],[139.64828,35.35486],[139.64817,35.35523],[139.6481,35.35536],[139.64794,35.35549],[139.64774,35.35547],[139.64746,35.35533],[139.64696,35.35476],[139.64663,35.35457],[139.64615,35.35441],[139.6448,35.35413],[139.64452,35.35402],[139.64409,35.35371],[139.64395,35.35351],[139.64381,35.35303],[139.64381,35.35275],[139.64393,35.35229],[139.6442,35.35198],[139.64439,35.35187],[139.64489,35.35177],[139.64548,35.35177],[139.64606,35.35184],[139.64625,35.35192],[139.64631,35.35207],[139.64642,35.35215],[139.64661,35.3522],[139.64734,35.35225],[139.6476,35.35238],[139.64774,35.35283],[139.64821,35.35324],[139.64836,35.35366]]],[[[139.61921,35.36457],[139.61962,35.36446],[139.62013,35.36414],[139.62027,35.36413],[139.62036,35.36424],[139.62044,35.3648],[139.62054,35.36493],[139.62087,35.36512],[139.62111,35.36518],[139.62172,35.36525],[139.623,35.36523],[139.62366,35.36515],[139.62391,35.36498],[139.62418,35.36442],[139.62434,35.36427],[139.6247,35.36414],[139.62518,35.36411],[139.62546,35.36404],[139.62579,35.36383],[139.62621,35.36331],[139.62638,35.36324],[139.62673,35.36323],[139.62655,35.36281],[139.62645,35.36268],[139.62628,35.36264],[139.62599,35.3627],[139.62584,35.36247],[139.62552,35.3624],[139.62455,35.36233],[139.62222,35.36228],[139.62011,35.36202],[139.61983,35.36208],[139.61972,35.36229],[139.61985,35.36299],[139.61949,35.36327],[139.61931,35.36335],[139.61904,35.36336],[139.61866,35.36329],[139.6184,35.36337],[139.6183,35.36353],[139.61831,35.36376],[139.61858,35.36427],[139.61882,35.36448],[139.61901,35.36455],[139.61921,35.36457]]],[[[139.62029,35.38033],[139.62065,35.37997],[139.62096,35.37975],[139.62117,35.37968],[139.62157,35.37964],[139.62174,35.37957],[139.62212,35.37922],[139.62236,35.37906],[139.62265,35.379],[139.62284,35.37902],[139.62298,35.37915],[139.62307,35.37937],[139.62319,35.38046],[139.62329,35.38063],[139.62348,35.38075],[139.62365,35.38096],[139.62399,35.38186],[139.62439,35.3822],[139.62447,35.38245],[139.6245,35.38287],[139.62457,35.3829],[139.62467,35.38276],[139.62479,35.3827],[139.62511,35.38271],[139.62541,35.38282],[139.62574,35.38313],[139.62594,35.38345],[139.62599,35.38368],[139.62597,35.3839],[139.62577,35.38434],[139.62576,35.38452],[139.62594,35.3847],[139.62631,35.38481],[139.6265,35.38493],[139.62666,35.38523],[139.6267,35.38562],[139.62685,35.38581],[139.6273,35.38597],[139.62742,35.38598],[139.62859,35.38416],[139.6307,35.38362],[139.63041,35.38341],[139.6301,35.38326],[139.62873,35.38275],[139.628,35.38228],[139.6277,35.38192],[139.62743,35.38135],[139.62727,35.38084],[139.62718,35.38018],[139.62698,35.38001],[139.6265,35.38003],[139.62631,35.37995],[139.62615,35.37961],[139.62609,35.37892],[139.62588,35.37863],[139.62566,35.37855],[139.62513,35.37861],[139.62478,35.37877],[139.6242,35.37916],[139.62397,35.37923],[139.62384,35.37921],[139.62371,35.37908],[139.62365,35.37862],[139.62356,35.37844],[139.6233,35.37826],[139.62292,35.37816],[139.62271,35.37805],[139.62249,35.3778],[139.62226,35.37731],[139.62211,35.37718],[139.62174,35.37703],[139.62162,35.37692],[139.62157,35.37668],[139.62165,35.37619],[139.62156,35.37601],[139.62137,35.37592],[139.62115,35.37596],[139.62056,35.37659],[139.62022,35.37692],[139.6201,35.37718],[139.62004,35.37756],[139.61996,35.37766],[139.61978,35.37777],[139.6197,35.37791],[139.61976,35.37833],[139.62024,35.37981],[139.62025,35.38008],[139.62018,35.38037],[139.62029,35.38033]]],[[[139.63881,35.42222],[139.63866,35.42241],[139.63842,35.42251],[139.63814,35.42253],[139.63794,35.42266],[139.63786,35.42291],[139.63791,35.42313],[139.63812,35.4233],[139.63829,35.42337],[139.63877,35.42348],[139.63971,35.42356],[139.64019,35.42353],[139.64049,35.42343],[139.64057,35.42335],[139.64066,35.42296],[139.64075,35.42283],[139.64089,35.42276],[139.64125,35.42272],[139.64137,35.42264],[139.64152,35.42216],[139.64164,35.42205],[139.64217,35.4218],[139.64235,35.42155],[139.64248,35.42125],[139.64263,35.42111],[139.64286,35.42104],[139.64349,35.42108],[139.64379,35.42103],[139.64417,35.4208],[139.6445,35.42042],[139.64485,35.42015],[139.6451,35.42007],[139.64579,35.41998],[139.64614,35.41972],[139.6465,35.41967],[139.64739,35.41975],[139.6477,35.41971],[139.64778,35.41963],[139.64782,35.41948],[139.64791,35.41942],[139.64835,35.41936],[139.64862,35.41924],[139.64892,35.41887],[139.64895,35.41867],[139.64885,35.41849],[139.64861,35.41834],[139.64778,35.41813],[139.64643,35.41802],[139.64556,35.4181],[139.64509,35.41827],[139.64489,35.41839],[139.64455,35.41871],[139.64425,35.41908],[139.64387,35.41935],[139.64364,35.41945],[139.64313,35.41957],[139.64225,35.41961],[139.64176,35.41972],[139.64137,35.41991],[139.64122,35.42004],[139.64085,35.4205],[139.64047,35.42073],[139.63995,35.42088],[139.63964,35.42092],[139.63892,35.42094],[139.63809,35.42102],[139.6378,35.42115],[139.63773,35.42123],[139.63775,35.42145],[139.63793,35.4217],[139.63822,35.42183],[139.6387,35.42187],[139.63882,35.42195],[139.63886,35.42206],[139.63881,35.42222]]],[[[139.63825,35.45569],[139.63841,35.45605],[139.6389,35.45627],[139.63907,35.45642],[139.63931,35.45626],[139.63989,35.45607],[139.64043,35.456],[139.64084,35.45577],[139.64136,35.45643],[139.64139,35.45641],[139.64172,35.45632],[139.64206,35.45639],[139.64215,35.45648],[139.64219,35.45671],[139.64229,35.45688],[139.64252,35.45703],[139.64321,35.45667],[139.64197,35.45515],[139.64291,35.45463],[139.64495,35.45711],[139.64507,35.457],[139.64483,35.4567],[139.64566,35.45643],[139.64563,35.4563],[139.64474,35.45659],[139.64443,35.45621],[139.6455,35.45563],[139.64555,35.45544],[139.64433,35.45394],[139.64408,35.45395],[139.645,35.45099],[139.64415,35.45099],[139.6441,35.45091],[139.64404,35.45112],[139.64382,35.45127],[139.6432,35.45131],[139.64172,35.45122],[139.64104,35.45123],[139.64078,35.45129],[139.64049,35.45155],[139.64024,35.45159],[139.64017,35.45173],[139.64018,35.45205],[139.64057,35.45379],[139.64057,35.4541],[139.64052,35.45417],[139.64034,35.45413],[139.64004,35.45391],[139.63968,35.45376],[139.63925,35.45366],[139.63875,35.45362],[139.63793,35.45366],[139.63738,35.45375],[139.63627,35.45412],[139.6357,35.45448],[139.63554,35.45473],[139.63555,35.45501],[139.63578,35.45539],[139.63583,35.45538],[139.63596,35.45545],[139.63613,35.45529],[139.63644,35.45521],[139.6372,35.45521],[139.63751,35.4553],[139.63784,35.4556],[139.63825,35.45569]]],[[[139.62326,35.50194],[139.62335,35.50202],[139.62354,35.50255],[139.62361,35.50352],[139.62353,35.50491],[139.62342,35.50532],[139.62334,35.50544],[139.62305,35.50565],[139.62291,35.50605],[139.62282,35.50674],[139.62278,35.50772],[139.62279,35.50884],[139.6229,35.51004],[139.62304,35.51053],[139.62337,35.51094],[139.62343,35.51113],[139.6234,35.51134],[139.62323,35.51169],[139.62318,35.51198],[139.62323,35.51253],[139.62342,35.51336],[139.62341,35.51366],[139.62331,35.51388],[139.62297,35.51413],[139.62288,35.51427],[139.62286,35.51442],[139.62294,35.51473],[139.62289,35.51485],[139.62259,35.51492],[139.62245,35.51499],[139.62186,35.51552],[139.62066,35.51613],[139.62035,35.51646],[139.62022,35.51718],[139.62009,35.51734],[139.61991,35.51738],[139.61986,35.51751],[139.61987,35.51773],[139.62003,35.51825],[139.62018,35.51857],[139.62034,35.51879],[139.62063,35.51894],[139.62095,35.51887],[139.62131,35.51862],[139.62198,35.5179],[139.62234,35.51765],[139.6229,35.51755],[139.62316,35.51745],[139.62415,35.51691],[139.62449,35.51681],[139.62484,35.51678],[139.62518,35.51682],[139.62565,35.51697],[139.62603,35.51721],[139.62635,35.51751],[139.62662,35.51763],[139.62678,35.51758],[139.62699,35.51737],[139.6272,35.51724],[139.62733,35.51723],[139.62768,35.51729],[139.62828,35.51699],[139.62888,35.51692],[139.62926,35.51699],[139.62935,35.51707],[139.62946,35.51731],[139.63,35.51766],[139.63045,35.51788],[139.63105,35.51805],[139.63224,35.51813],[139.63426,35.518],[139.63529,35.51802],[139.63563,35.51814],[139.6357,35.51823],[139.63575,35.51854],[139.63596,35.51875],[139.63632,35.51886],[139.63666,35.51887],[139.63688,35.51874],[139.637,35.51851],[139.63712,35.51842],[139.63726,35.51837],[139.63764,35.51841],[139.63771,35.51837],[139.63787,35.51803],[139.6379,35.51714],[139.63778,35.51632],[139.6376,35.51585],[139.63751,35.51573],[139.63724,35.51556],[139.63665,35.51545],[139.63566,35.51556],[139.6352,35.51573],[139.63504,35.51588],[139.63487,35.51615],[139.63477,35.51623],[139.63457,35.51626],[139.63434,35.51619],[139.63409,35.51596],[139.63379,35.5159],[139.63329,35.51588],[139.63151,35.51594],[139.63084,35.51586],[139.63063,35.51573],[139.63055,35.51557],[139.63037,35.51541],[139.62972,35.51528],[139.6296,35.51501],[139.62926,35.51519],[139.62893,35.51523],[139.62802,35.51501],[139.62756,35.51497],[139.62725,35.51512],[139.62715,35.51541],[139.62706,35.51546],[139.62668,35.51537],[139.62643,35.51523],[139.62624,35.51495],[139.62612,35.51456],[139.62606,35.51344],[139.62594,35.51276],[139.6258,35.51245],[139.62545,35.51209],[139.62537,35.51192],[139.62535,35.51175],[139.62542,35.5115],[139.62537,35.51128],[139.62498,35.51097],[139.62486,35.5108],[139.62489,35.51069],[139.62506,35.5105],[139.62514,35.51028],[139.62515,35.5098],[139.62508,35.50917],[139.62513,35.50871],[139.62525,35.50853],[139.62553,35.50839],[139.62563,35.50816],[139.62564,35.50778],[139.62541,35.50646],[139.62542,35.50599],[139.6255,35.50588],[139.62576,35.50581],[139.62583,35.50556],[139.62599,35.50533],[139.62671,35.50473],[139.62726,35.50447],[139.62754,35.5044],[139.62795,35.50438],[139.62823,35.50442],[139.62879,35.50461],[139.62928,35.50471],[139.63057,35.50478],[139.63093,35.50483],[139.6312,35.50495],[139.6313,35.50508],[139.63136,35.50528],[139.63151,35.50534],[139.63196,35.50535],[139.63264,35.5053],[139.63329,35.50537],[139.63368,35.50551],[139.63424,35.50582],[139.63478,35.50595],[139.63547,35.50602],[139.63722,35.50598],[139.63808,35.50602],[139.63834,35.50612],[139.63834,35.50642],[139.63855,35.50659],[139.63915,35.50672],[139.63965,35.50674],[139.6399,35.50667],[139.64008,35.50651],[139.64034,35.50582],[139.64052,35.50552],[139.64069,35.50539],[139.64105,35.50524],[139.64117,35.50511],[139.64125,35.50472],[139.64116,35.50419],[139.64109,35.50407],[139.64101,35.50402],[139.64048,35.50395],[139.6384,35.50402],[139.63763,35.50398],[139.63731,35.50389],[139.63689,35.50371],[139.63648,35.50364],[139.63612,35.50368],[139.63599,35.50374],[139.63579,35.50394],[139.63538,35.50405],[139.63465,35.50409],[139.63362,35.50404],[139.63321,35.50394],[139.63304,35.50378],[139.63271,35.50361],[139.63136,35.50321],[139.63115,35.5031],[139.63099,35.50288],[139.63086,35.50284],[139.63009,35.50275],[139.62827,35.50271],[139.62749,35.50266],[139.62692,35.50256],[139.62656,35.50243],[139.62637,35.50225],[139.62618,35.50197],[139.62608,35.50143],[139.626,35.50122],[139.62584,35.50103],[139.62527,35.50057],[139.62515,35.50035],[139.62511,35.50011],[139.62516,35.49983],[139.62531,35.49947],[139.62546,35.49929],[139.62583,35.499],[139.62595,35.49871],[139.626,35.49828],[139.62596,35.49681],[139.62601,35.49659],[139.62617,35.49626],[139.62644,35.49609],[139.62709,35.49591],[139.62719,35.49582],[139.62727,35.49558],[139.6274,35.49552],[139.62768,35.49556],[139.62779,35.49581],[139.62792,35.49583],[139.62932,35.49542],[139.62994,35.49538],[139.63055,35.49543],[139.63109,35.49536],[139.63141,35.49522],[139.6322,35.4947],[139.63293,35.49455],[139.63302,35.49432],[139.63314,35.49421],[139.63381,35.49411],[139.63487,35.49362],[139.63514,35.49358],[139.63569,35.49364],[139.63597,35.4936],[139.63638,35.49343],[139.63688,35.49308],[139.63704,35.49305],[139.63713,35.49313],[139.63716,35.49344],[139.63731,35.49378],[139.63787,35.49434],[139.63805,35.49461],[139.63804,35.49476],[139.63782,35.49501],[139.63771,35.49522],[139.63769,35.49546],[139.63773,35.49559],[139.63788,35.49567],[139.63825,35.49561],[139.63844,35.49563],[139.63868,35.49576],[139.63895,35.49614],[139.63896,35.49634],[139.6389,35.49651],[139.63893,35.49661],[139.63906,35.49669],[139.63953,35.49684],[139.63972,35.49704],[139.63984,35.49735],[139.6399,35.49825],[139.63999,35.49862],[139.64025,35.49896],[139.6405,35.49904],[139.64074,35.49922],[139.64092,35.49958],[139.64106,35.5001],[139.64122,35.50138],[139.64137,35.50193],[139.6415,35.50207],[139.64163,35.50208],[139.6418,35.50218],[139.64214,35.50268],[139.64226,35.50274],[139.64245,35.50274],[139.64258,35.50268],[139.64265,35.50245],[139.64274,35.50237],[139.64299,35.50231],[139.64336,35.50229],[139.64355,35.50219],[139.64354,35.50208],[139.64338,35.50182],[139.64341,35.5014],[139.64356,35.50104],[139.64401,35.50024],[139.6441,35.49999],[139.64409,35.49985],[139.64377,35.49972],[139.64325,35.49929],[139.6425,35.49855],[139.64206,35.49798],[139.64189,35.49768],[139.64165,35.49709],[139.64154,35.49648],[139.64152,35.49567],[139.64142,35.4952],[139.64131,35.49508],[139.64117,35.49507],[139.641,35.49498],[139.64071,35.49453],[139.64061,35.49449],[139.64035,35.49453],[139.64023,35.49443],[139.64009,35.49404],[139.63994,35.49324],[139.63978,35.49286],[139.6394,35.49255],[139.6393,35.49222],[139.63898,35.49213],[139.63888,35.49205],[139.63871,35.49113],[139.63862,35.49104],[139.63831,35.49096],[139.63813,35.49073],[139.63805,35.49048],[139.63805,35.49027],[139.63813,35.49009],[139.63825,35.48999],[139.63856,35.48987],[139.63947,35.48965],[139.6397,35.48953],[139.64003,35.48923],[139.64025,35.48917],[139.64054,35.48919],[139.64135,35.48945],[139.64191,35.48957],[139.6434,35.48968],[139.64427,35.48967],[139.64534,35.48958],[139.6459,35.48946],[139.64679,35.48918],[139.64726,35.48911],[139.64777,35.48909],[139.64831,35.48914],[139.64878,35.48928],[139.64898,35.48939],[139.6493,35.4897],[139.64942,35.4899],[139.64978,35.49084],[139.65007,35.49125],[139.65045,35.49161],[139.65147,35.4923],[139.65181,35.49267],[139.65203,35.49316],[139.6522,35.49328],[139.6524,35.49332],[139.65261,35.49355],[139.65288,35.49419],[139.65298,35.49476],[139.65293,35.4953],[139.65274,35.49592],[139.65275,35.49614],[139.65293,35.49633],[139.65322,35.49636],[139.65348,35.49623],[139.65387,35.49579],[139.65407,35.49571],[139.6543,35.49572],[139.65489,35.49589],[139.65551,35.49593],[139.65629,35.49588],[139.65691,35.49576],[139.65722,35.49557],[139.65734,35.49517],[139.65775,35.49504],[139.65782,35.49481],[139.65802,35.49526],[139.65831,35.49548],[139.65862,35.49555],[139.65901,35.49556],[139.65932,35.49552],[139.65949,35.49542],[139.65953,35.49527],[139.65927,35.49468],[139.65918,35.49407],[139.65921,35.49375],[139.6594,35.4934],[139.65964,35.49326],[139.66048,35.49304],[139.6609,35.49271],[139.6618,35.49257],[139.66196,35.49248],[139.66215,35.49219],[139.66228,35.49209],[139.66258,35.49205],[139.66297,35.49209],[139.6632,35.49203],[139.66349,35.49174],[139.66391,35.49096],[139.66405,35.49086],[139.66427,35.49082],[139.6645,35.49071],[139.66515,35.49025],[139.66569,35.48977],[139.66606,35.48929],[139.66605,35.48901],[139.66563,35.48847],[139.665,35.48792],[139.66436,35.48756],[139.66417,35.48752],[139.66377,35.48759],[139.66305,35.48813],[139.66339,35.48743],[139.66344,35.48718],[139.66339,35.48706],[139.66304,35.48698],[139.66269,35.48679],[139.66201,35.48608],[139.66144,35.48567],[139.66098,35.48545],[139.66021,35.48518],[139.65985,35.48497],[139.65965,35.48474],[139.65961,35.48461],[139.65967,35.48411],[139.65965,35.48395],[139.65957,35.48386],[139.65938,35.48385],[139.65922,35.48391],[139.65893,35.48429],[139.65893,35.48401],[139.65885,35.48385],[139.65842,35.4836],[139.65712,35.48318],[139.65423,35.48243],[139.65333,35.48213],[139.65286,35.48188],[139.65239,35.48181],[139.65212,35.48184],[139.65198,35.4819],[139.6517,35.48212],[139.65143,35.48247],[139.65079,35.48351],[139.6505,35.4838],[139.65036,35.48383],[139.65031,35.48373],[139.65038,35.48348],[139.65101,35.48231],[139.6511,35.48191],[139.65098,35.48163],[139.65084,35.48154],[139.65041,35.48145],[139.65018,35.48148],[139.64996,35.48157],[139.64974,35.48172],[139.64933,35.48221],[139.64914,35.48254],[139.64879,35.48338],[139.6484,35.48462],[139.64825,35.48537],[139.64818,35.48635],[139.6481,35.48662],[139.64795,35.48685],[139.64771,35.48705],[139.6474,35.4872],[139.64702,35.48732],[139.64655,35.48739],[139.64601,35.48743],[139.64481,35.48741],[139.64379,35.48734],[139.64293,35.48721],[139.64123,35.4867],[139.6408,35.48667],[139.64009,35.4868],[139.63983,35.48677],[139.63964,35.48663],[139.63952,35.48638],[139.63947,35.48606],[139.63951,35.48581],[139.63973,35.48556],[139.64011,35.48544],[139.64035,35.48528],[139.64055,35.48503],[139.64078,35.48451],[139.641,35.48421],[139.64131,35.48404],[139.64151,35.484],[139.64199,35.48402],[139.64288,35.48416],[139.64319,35.48412],[139.64327,35.48394],[139.64346,35.48372],[139.64532,35.48226],[139.64559,35.482],[139.64571,35.48177],[139.64583,35.48166],[139.64629,35.48149],[139.64734,35.48124],[139.64751,35.48112],[139.6476,35.48098],[139.64762,35.48081],[139.64756,35.48062],[139.64743,35.48039],[139.64696,35.47985],[139.64644,35.4794],[139.64598,35.47908],[139.64558,35.4789],[139.64539,35.47887],[139.64493,35.4789],[139.64462,35.47902],[139.6444,35.47933],[139.64411,35.47955],[139.64309,35.4799],[139.64283,35.48007],[139.64285,35.48047],[139.64246,35.48095],[139.64237,35.48146],[139.64213,35.48192],[139.64165,35.48251],[139.64141,35.48267],[139.64111,35.48273],[139.64098,35.483],[139.64074,35.48309],[139.64031,35.48317],[139.63868,35.48329],[139.63819,35.48327],[139.63786,35.48321],[139.63768,35.48311],[139.63759,35.48295],[139.63753,35.48261],[139.63763,35.48173],[139.63754,35.48143],[139.63737,35.48124],[139.63744,35.48101],[139.63842,35.48019],[139.63866,35.47962],[139.63892,35.47947],[139.63961,35.47924],[139.64009,35.47894],[139.64071,35.47839],[139.64097,35.47797],[139.64104,35.47755],[139.64096,35.47719],[139.64077,35.47693],[139.64029,35.47658],[139.64021,35.47641],[139.64024,35.4763],[139.64039,35.47625],[139.64067,35.47623],[139.64174,35.47631],[139.64231,35.47627],[139.64262,35.47619],[139.64288,35.47606],[139.64314,35.4758],[139.64325,35.47544],[139.64322,35.47505],[139.64312,35.47475],[139.64289,35.4745],[139.64284,35.47436],[139.64288,35.47433],[139.64268,35.47413],[139.64279,35.47409],[139.64274,35.47403],[139.64266,35.47412],[139.64197,35.47344],[139.64054,35.47438],[139.64037,35.47427],[139.64187,35.47331],[139.64143,35.47292],[139.64163,35.47274],[139.64057,35.47186],[139.64015,35.47135],[139.6401,35.47138],[139.63997,35.47126],[139.64013,35.47116],[139.63983,35.47081],[139.63958,35.47066],[139.63905,35.47053],[139.63859,35.47052],[139.63795,35.47062],[139.63758,35.47078],[139.63676,35.47146],[139.63648,35.47162],[139.63633,35.47164],[139.6362,35.47158],[139.63606,35.47143],[139.63551,35.47041],[139.63537,35.47031],[139.63505,35.47024],[139.63477,35.47001],[139.63453,35.47007],[139.63411,35.47031],[139.63224,35.47163],[139.63154,35.47205],[139.63132,35.47249],[139.63094,35.4726],[139.63086,35.47275],[139.63084,35.47299],[139.63075,35.4731],[139.63049,35.4732],[139.62993,35.47325],[139.6298,35.47331],[139.62974,35.4735],[139.62965,35.47354],[139.62927,35.47346],[139.62884,35.47324],[139.62838,35.47286],[139.62771,35.47215],[139.62739,35.47191],[139.62708,35.4718],[139.62694,35.4718],[139.62653,35.47189],[139.62632,35.47181],[139.62616,35.47158],[139.62606,35.47119],[139.62599,35.47052],[139.62605,35.47014],[139.62615,35.47005],[139.62628,35.47004],[139.62649,35.46994],[139.62686,35.46959],[139.6271,35.46946],[139.62763,35.46931],[139.62851,35.46922],[139.62898,35.46927],[139.62937,35.46944],[139.62953,35.46932],[139.62976,35.46875],[139.63007,35.46858],[139.63037,35.46857],[139.63083,35.46867],[139.63114,35.4688],[139.6313,35.46896],[139.63147,35.46905],[139.63223,35.46915],[139.63308,35.46914],[139.63351,35.46907],[139.63378,35.46895],[139.6339,35.46876],[139.6339,35.46865],[139.6336,35.46836],[139.63241,35.46777],[139.63113,35.46727],[139.62901,35.46652],[139.62803,35.4662],[139.62721,35.46599],[139.62702,35.466],[139.6269,35.46613],[139.62708,35.4666],[139.62702,35.46677],[139.62665,35.46695],[139.626,35.46705],[139.62558,35.4672],[139.62548,35.46733],[139.62552,35.46773],[139.62505,35.4679],[139.62458,35.46832],[139.62417,35.46849],[139.62342,35.46862],[139.62303,35.46874],[139.6229,35.46883],[139.6228,35.46909],[139.62241,35.46926],[139.622,35.46931],[139.62146,35.46922],[139.62117,35.46921],[139.6206,35.46929],[139.61992,35.46946],[139.61957,35.46964],[139.61932,35.46988],[139.61907,35.47049],[139.61896,35.47062],[139.61883,35.47072],[139.61845,35.47087],[139.61793,35.47093],[139.61733,35.47092],[139.61682,35.47087],[139.61639,35.47077],[139.61524,35.47024],[139.61381,35.46983],[139.6136,35.46971],[139.61348,35.4695],[139.61333,35.46942],[139.61183,35.46928],[139.61154,35.46919],[139.61116,35.46891],[139.61106,35.46912],[139.61099,35.47004],[139.6109,35.47026],[139.61076,35.47037],[139.61056,35.47034],[139.61036,35.47019],[139.61031,35.46995],[139.61039,35.4695],[139.61029,35.46943],[139.61001,35.46957],[139.60991,35.46987],[139.60982,35.46992],[139.60889,35.46988],[139.60875,35.46994],[139.60849,35.47017],[139.60819,35.47023],[139.60772,35.47026],[139.60756,35.47034],[139.60757,35.47043],[139.60768,35.47058],[139.60784,35.47067],[139.60803,35.47069],[139.6081,35.47075],[139.60805,35.47101],[139.60766,35.47176],[139.60761,35.47214],[139.6079,35.47272],[139.60782,35.47304],[139.60786,35.4732],[139.60857,35.47411],[139.60889,35.4748],[139.609,35.47562],[139.60894,35.47638],[139.60863,35.47781],[139.60828,35.47875],[139.6079,35.47924],[139.60722,35.47973],[139.60709,35.48008],[139.60664,35.48022],[139.60654,35.48055],[139.60613,35.48085],[139.60598,35.48129],[139.6057,35.48144],[139.60486,35.48164],[139.60362,35.4818],[139.60249,35.48187],[139.60221,35.48185],[139.60203,35.48175],[139.60193,35.48162],[139.60189,35.48142],[139.60178,35.48131],[139.60154,35.48127],[139.60133,35.48129],[139.60108,35.48137],[139.60064,35.48164],[139.6003,35.4819],[139.60005,35.48217],[139.59989,35.48255],[139.59994,35.48279],[139.60008,35.48308],[139.60007,35.48321],[139.59997,35.48328],[139.59969,35.48328],[139.59952,35.48319],[139.59934,35.48292],[139.59923,35.48255],[139.59904,35.48238],[139.59888,35.4824],[139.59858,35.48261],[139.59823,35.48274],[139.59732,35.4827],[139.59724,35.48276],[139.59713,35.48306],[139.59683,35.48327],[139.59689,35.48344],[139.59713,35.48367],[139.59741,35.48386],[139.59773,35.48397],[139.59798,35.48392],[139.59827,35.48367],[139.59851,35.48361],[139.59913,35.4836],[139.60023,35.48367],[139.60075,35.48363],[139.60092,35.48355],[139.60108,35.48337],[139.60132,35.4833],[139.60154,35.48334],[139.60167,35.4836],[139.60191,35.48366],[139.60233,35.48367],[139.60423,35.4836],[139.60479,35.48368],[139.60509,35.48385],[139.6052,35.48387],[139.60554,35.48357],[139.60595,35.48349],[139.60611,35.48315],[139.60631,35.48309],[139.60659,35.48309],[139.60678,35.48315],[139.60689,35.48338],[139.60707,35.48344],[139.60836,35.4834],[139.6086,35.48343],[139.60903,35.48354],[139.60939,35.48376],[139.60982,35.48422],[139.61012,35.48445],[139.61043,35.4846],[139.61077,35.48467],[139.61109,35.48465],[139.61135,35.48456],[139.61161,35.4843],[139.61174,35.48391],[139.61188,35.48372],[139.61206,35.48359],[139.61244,35.48354],[139.61266,35.48363],[139.61282,35.48382],[139.6129,35.48413],[139.61297,35.48493],[139.61309,35.48521],[139.61328,35.48539],[139.61396,35.48562],[139.61424,35.48587],[139.61446,35.48591],[139.61501,35.48587],[139.61599,35.48566],[139.61646,35.48549],[139.61662,35.48538],[139.61665,35.4852],[139.61657,35.48515],[139.61622,35.48512],[139.6161,35.48506],[139.61605,35.48497],[139.6161,35.48467],[139.616,35.48456],[139.61559,35.48446],[139.61493,35.48444],[139.61448,35.48438],[139.61433,35.4843],[139.61428,35.48414],[139.61417,35.48404],[139.61374,35.48398],[139.61351,35.48389],[139.61327,35.48354],[139.61311,35.48342],[139.61289,35.48335],[139.61226,35.48331],[139.61186,35.48321],[139.61166,35.48309],[139.6113,35.48274],[139.6109,35.48261],[139.61081,35.48247],[139.61073,35.48205],[139.61077,35.48112],[139.6109,35.48086],[139.61116,35.48081],[139.61131,35.48073],[139.61143,35.48058],[139.61145,35.48047],[139.61135,35.4803],[139.61091,35.48001],[139.6107,35.4798],[139.61057,35.47955],[139.61055,35.47934],[139.61064,35.47919],[139.61083,35.47909],[139.61104,35.47888],[139.61125,35.47854],[139.61138,35.4782],[139.61151,35.47724],[139.61158,35.47457],[139.6117,35.47331],[139.61184,35.47281],[139.61237,35.4722],[139.61266,35.4716],[139.61282,35.47149],[139.61304,35.47146],[139.61361,35.47161],[139.61376,35.47175],[139.61383,35.47198],[139.61424,35.4721],[139.61441,35.47245],[139.61469,35.4726],[139.61531,35.4727],[139.6172,35.47277],[139.6175,35.47284],[139.61799,35.47309],[139.61832,35.47348],[139.61876,35.47478],[139.6189,35.47496],[139.6191,35.47501],[139.61923,35.47513],[139.61936,35.47591],[139.61971,35.4765],[139.61986,35.47696],[139.61998,35.47758],[139.62,35.47815],[139.61991,35.47857],[139.61979,35.47875],[139.6196,35.4789],[139.61918,35.47907],[139.61825,35.47927],[139.61784,35.47952],[139.61758,35.4799],[139.6175,35.48026],[139.61756,35.48045],[139.61788,35.48073],[139.61798,35.48095],[139.61797,35.48143],[139.61779,35.48222],[139.61783,35.48245],[139.61798,35.48255],[139.61845,35.48251],[139.61861,35.48255],[139.61869,35.48265],[139.61872,35.48288],[139.61884,35.48308],[139.61934,35.48334],[139.61946,35.48352],[139.61952,35.48377],[139.61949,35.48436],[139.61934,35.48462],[139.61888,35.48472],[139.6189,35.48483],[139.6191,35.48504],[139.6191,35.48516],[139.61888,35.48529],[139.61875,35.48544],[139.61869,35.48581],[139.61861,35.48597],[139.61823,35.48607],[139.61812,35.48634],[139.61802,35.4863],[139.61763,35.48593],[139.61749,35.48589],[139.61729,35.48593],[139.6171,35.48608],[139.61703,35.48633],[139.61694,35.48641],[139.61668,35.48647],[139.61631,35.48649],[139.61605,35.48658],[139.61596,35.4867],[139.61586,35.48713],[139.61545,35.48743],[139.6151,35.4881],[139.61494,35.48812],[139.61474,35.48798],[139.61457,35.48794],[139.61431,35.48816],[139.61418,35.4882],[139.61359,35.48813],[139.6135,35.48817],[139.61345,35.48835],[139.61333,35.48846],[139.61283,35.48852],[139.61267,35.48861],[139.61258,35.4889],[139.61226,35.48912],[139.61219,35.48925],[139.61217,35.48943],[139.61224,35.48995],[139.61218,35.49021],[139.61189,35.49058],[139.61142,35.49095],[139.6111,35.4915],[139.61099,35.492],[139.61089,35.49331],[139.61069,35.49372],[139.61041,35.49386],[139.61021,35.49413],[139.61015,35.49442],[139.61011,35.49513],[139.60995,35.4956],[139.60982,35.49573],[139.60954,35.49586],[139.60866,35.49594],[139.60844,35.49601],[139.60831,35.49622],[139.60841,35.49682],[139.60828,35.49713],[139.60814,35.49724],[139.60773,35.49734],[139.60767,35.49744],[139.60762,35.49773],[139.60752,35.49785],[139.60719,35.49794],[139.6066,35.498],[139.6064,35.49816],[139.60639,35.49835],[139.60655,35.49874],[139.60698,35.49911],[139.60699,35.4993],[139.6069,35.49964],[139.60693,35.49983],[139.60722,35.50047],[139.60727,35.50072],[139.60724,35.50086],[139.60712,35.501],[139.60684,35.50111],[139.60659,35.50107],[139.6063,35.50081],[139.60626,35.50116],[139.60634,35.50147],[139.60644,35.50155],[139.6068,35.50163],[139.60698,35.50186],[139.60694,35.50194],[139.60681,35.50199],[139.60634,35.50202],[139.60608,35.50211],[139.606,35.50223],[139.60599,35.50247],[139.60607,35.50266],[139.60636,35.50287],[139.60649,35.50309],[139.60699,35.50467],[139.60715,35.50506],[139.60734,35.50535],[139.60777,35.50578],[139.6079,35.50604],[139.60785,35.50624],[139.60753,35.50646],[139.60746,35.50659],[139.60744,35.50677],[139.60752,35.50751],[139.60743,35.50778],[139.6072,35.50802],[139.60709,35.50823],[139.60706,35.50848],[139.60714,35.50861],[139.60732,35.50871],[139.60761,35.50876],[139.60849,35.50873],[139.60878,35.50863],[139.60903,35.50839],[139.60926,35.50833],[139.60963,35.5083],[139.60981,35.50818],[139.60977,35.50792],[139.60936,35.5076],[139.60925,35.50703],[139.60906,35.50666],[139.60803,35.50562],[139.60792,35.50541],[139.60789,35.50516],[139.60782,35.50501],[139.60754,35.50493],[139.60745,35.5048],[139.60751,35.50443],[139.60769,35.50414],[139.60799,35.50391],[139.60837,35.50372],[139.60863,35.50342],[139.60872,35.50315],[139.60876,35.50256],[139.60882,35.50237],[139.60892,35.50226],[139.60928,35.50218],[139.60987,35.50178],[139.6103,35.50159],[139.61105,35.50144],[139.6117,35.50144],[139.61201,35.50154],[139.61219,35.50173],[139.61229,35.50199],[139.61234,35.50241],[139.61253,35.50268],[139.61292,35.5029],[139.61337,35.503],[139.61363,35.50292],[139.61373,35.50244],[139.61389,35.50219],[139.61416,35.502],[139.61438,35.50193],[139.61474,35.50193],[139.61528,35.50209],[139.61569,35.50207],[139.61597,35.50195],[139.61671,35.50144],[139.61704,35.50135],[139.61722,35.50142],[139.61732,35.50152],[139.61756,35.50203],[139.61805,35.50207],[139.61833,35.50233],[139.61879,35.50244],[139.61959,35.50248],[139.62056,35.50248],[139.62133,35.50243],[139.62207,35.50233],[139.62252,35.50217],[139.62277,35.50193],[139.62306,35.5019],[139.62326,35.50194]],[[139.62625,35.47401],[139.62689,35.47436],[139.62708,35.47474],[139.62749,35.47485],[139.6276,35.47518],[139.62791,35.47541],[139.62796,35.47575],[139.62785,35.47634],[139.62769,35.47682],[139.62742,35.47719],[139.62725,35.47733],[139.62682,35.47753],[139.62606,35.47765],[139.62554,35.47783],[139.62537,35.478],[139.62529,35.47843],[139.62506,35.47881],[139.62465,35.47913],[139.62415,35.47934],[139.62375,35.47942],[139.6235,35.47939],[139.62326,35.47928],[139.62304,35.47911],[139.62285,35.47888],[139.6227,35.47855],[139.62273,35.47784],[139.62258,35.47772],[139.6223,35.47768],[139.62218,35.47755],[139.62213,35.47733],[139.6222,35.47662],[139.62215,35.4761],[139.62203,35.47578],[139.62175,35.47535],[139.62156,35.47492],[139.62143,35.47404],[139.62131,35.47389],[139.62111,35.47385],[139.6209,35.47373],[139.6207,35.47347],[139.6206,35.47326],[139.62061,35.47318],[139.62074,35.47305],[139.62123,35.47297],[139.6217,35.47296],[139.62231,35.47286],[139.62265,35.47275],[139.62309,35.47252],[139.62343,35.47244],[139.62403,35.47245],[139.62472,35.47262],[139.6251,35.47278],[139.62538,35.47299],[139.62591,35.47374],[139.62625,35.47401]],[[139.6132,35.49421],[139.61339,35.49373],[139.61346,35.49283],[139.61355,35.49247],[139.61381,35.49199],[139.61427,35.49143],[139.61436,35.49117],[139.61436,35.49093],[139.61416,35.49051],[139.61416,35.4903],[139.61455,35.48996],[139.61482,35.48938],[139.61508,35.48917],[139.61584,35.48893],[139.61651,35.48851],[139.61674,35.48845],[139.61711,35.48852],[139.61752,35.48874],[139.61793,35.4889],[139.61849,35.48896],[139.6187,35.4891],[139.61877,35.48924],[139.61885,35.48965],[139.61881,35.49094],[139.61885,35.49125],[139.61905,35.49176],[139.61921,35.49197],[139.61965,35.49229],[139.62059,35.4927],[139.6212,35.49305],[139.62138,35.49335],[139.62145,35.49386],[139.62154,35.49405],[139.62169,35.49421],[139.62217,35.49447],[139.62236,35.49462],[139.62248,35.49479],[139.62255,35.49521],[139.62264,35.49538],[139.62289,35.49556],[139.62339,35.4957],[139.62365,35.49583],[139.62379,35.49598],[139.62388,35.49625],[139.62391,35.49656],[139.62386,35.49679],[139.62348,35.49727],[139.62338,35.4976],[139.6233,35.49823],[139.62307,35.49855],[139.62236,35.49901],[139.62131,35.49942],[139.6206,35.49978],[139.62036,35.49999],[139.6203,35.50023],[139.62021,35.50033],[139.61995,35.50037],[139.61957,35.50031],[139.61927,35.50032],[139.61914,35.50038],[139.61899,35.50053],[139.61857,35.50064],[139.61754,35.50068],[139.61656,35.50061],[139.61367,35.5001],[139.61266,35.5],[139.61176,35.49998],[139.61114,35.49988],[139.6109,35.49977],[139.61061,35.49938],[139.61017,35.49924],[139.61004,35.4989],[139.60969,35.49884],[139.60949,35.49871],[139.60937,35.49842],[139.60942,35.49811],[139.60968,35.49773],[139.61014,35.49742],[139.61037,35.49719],[139.61074,35.49648],[139.61104,35.49625],[139.61143,35.49606],[139.61177,35.49577],[139.61237,35.49471],[139.61251,35.49461],[139.61286,35.49452],[139.6132,35.49421]],[[139.6262,35.48733],[139.6275,35.48755],[139.62849,35.48748],[139.62869,35.48752],[139.62901,35.48771],[139.62933,35.48781],[139.6305,35.48793],[139.63093,35.48816],[139.63114,35.48822],[139.63154,35.48823],[139.63202,35.48817],[139.63226,35.4882],[139.63245,35.48838],[139.63251,35.48877],[139.63266,35.48894],[139.63324,35.48905],[139.63412,35.48958],[139.63456,35.48973],[139.63531,35.4899],[139.6355,35.48999],[139.63565,35.49015],[139.63555,35.4903],[139.63523,35.49051],[139.63324,35.4914],[139.63262,35.49173],[139.63246,35.49189],[139.63245,35.492],[139.63233,35.49213],[139.63171,35.49241],[139.63156,35.49274],[139.63144,35.49279],[139.63093,35.49286],[139.63082,35.49296],[139.63075,35.49316],[139.63063,35.49322],[139.63004,35.49328],[139.62959,35.49347],[139.62854,35.4943],[139.62787,35.49455],[139.62736,35.49461],[139.62683,35.49459],[139.62638,35.49448],[139.62603,35.49429],[139.62576,35.49402],[139.62553,35.49369],[139.62503,35.49331],[139.62458,35.49313],[139.62361,35.49289],[139.62319,35.49272],[139.62309,35.4926],[139.62299,35.49236],[139.62247,35.49197],[139.6222,35.49168],[139.62192,35.49124],[139.62165,35.49065],[139.62138,35.4899],[139.62126,35.48924],[139.62134,35.48878],[139.62147,35.48861],[139.62164,35.48849],[139.62186,35.48842],[139.62238,35.48836],[139.6229,35.48824],[139.62307,35.48815],[139.62318,35.48795],[139.62336,35.48789],[139.62423,35.48783],[139.62473,35.48774],[139.625,35.48762],[139.62534,35.4874],[139.62564,35.48732],[139.6262,35.48733]],[[139.628,35.48032],[139.62829,35.4803],[139.62851,35.48035],[139.62874,35.48049],[139.62903,35.4806],[139.62979,35.4807],[139.63015,35.48091],[139.63058,35.48141],[139.63093,35.4817],[139.63118,35.48183],[139.63157,35.48194],[139.63176,35.48207],[139.63188,35.48225],[139.63195,35.48276],[139.63204,35.48295],[139.63229,35.48311],[139.63276,35.48318],[139.63289,35.4833],[139.63293,35.4835],[139.63287,35.484],[139.63295,35.48418],[139.63312,35.48431],[139.6338,35.48453],[139.63398,35.48468],[139.63404,35.48486],[139.63395,35.48492],[139.63364,35.48497],[139.63337,35.48523],[139.63319,35.48527],[139.63293,35.48525],[139.63188,35.48504],[139.63159,35.48508],[139.63141,35.48526],[139.63132,35.4853],[139.63091,35.48523],[139.63083,35.4853],[139.63077,35.48552],[139.63065,35.48563],[139.63034,35.4858],[139.62997,35.48591],[139.62971,35.48587],[139.6295,35.4856],[139.62926,35.48548],[139.62888,35.48541],[139.62774,35.48534],[139.62712,35.4852],[139.62619,35.48478],[139.6246,35.48373],[139.62426,35.48359],[139.62393,35.48354],[139.62374,35.48344],[139.6235,35.48312],[139.6233,35.48264],[139.62321,35.4822],[139.62324,35.48182],[139.62346,35.48132],[139.62378,35.48101],[139.62418,35.48088],[139.62493,35.4808],[139.62521,35.48064],[139.62544,35.48041],[139.62562,35.48033],[139.62584,35.48032],[139.62637,35.48048],[139.62686,35.48053],[139.628,35.48032]]],[[[139.62276,35.5265],[139.62255,35.52626],[139.62191,35.52597],[139.62163,35.52576],[139.62104,35.52501],[139.62075,35.52478],[139.62039,35.52463],[139.61996,35.52457],[139.6195,35.52458],[139.61915,35.52465],[139.6189,35.52478],[139.61875,35.52496],[139.6187,35.52518],[139.61874,35.52535],[139.61896,35.52553],[139.61934,35.52564],[139.61952,35.52574],[139.61964,35.5259],[139.61971,35.52631],[139.61987,35.52658],[139.62006,35.52673],[139.62052,35.52698],[139.62065,35.52711],[139.62069,35.52726],[139.62061,35.52764],[139.6207,35.52779],[139.62089,35.5279],[139.62098,35.52806],[139.62106,35.52847],[139.62112,35.52937],[139.62125,35.5298],[139.62137,35.53004],[139.62154,35.5302],[139.62174,35.53028],[139.62197,35.53027],[139.62224,35.53018],[139.62274,35.52992],[139.62318,35.5296],[139.62347,35.5293],[139.62355,35.52911],[139.62346,35.5289],[139.62301,35.52879],[139.62282,35.52852],[139.62279,35.52813],[139.62289,35.52704],[139.62276,35.5265]]],[[[139.63872,35.52824],[139.63825,35.5282],[139.63799,35.5281],[139.6379,35.52798],[139.6378,35.52752],[139.63758,35.52728],[139.63714,35.52715],[139.63665,35.5271],[139.63563,35.52707],[139.63473,35.52714],[139.63417,35.52729],[139.63388,35.52754],[139.63333,35.52782],[139.631,35.52863],[139.63076,35.52878],[139.6307,35.52894],[139.63061,35.529],[139.62967,35.52896],[139.62954,35.52902],[139.62941,35.52917],[139.62919,35.52931],[139.62847,35.52951],[139.62807,35.52969],[139.62786,35.52986],[139.62777,35.53003],[139.62768,35.53062],[139.62776,35.53105],[139.62786,35.53117],[139.62805,35.53129],[139.62818,35.53153],[139.62823,35.5321],[139.62815,35.53235],[139.62797,35.53246],[139.62784,35.53247],[139.6271,35.53226],[139.62675,35.53225],[139.62646,35.53237],[139.62633,35.53247],[139.62611,35.53278],[139.62624,35.53293],[139.62662,35.53307],[139.6281,35.53332],[139.63055,35.5335],[139.63396,35.53364],[139.6382,35.53373],[139.63999,35.53372],[139.64096,35.53365],[139.64186,35.53344],[139.64285,35.53338],[139.64327,35.53326],[139.64351,35.533],[139.64357,35.53271],[139.64352,35.53254],[139.64328,35.53248],[139.64303,35.53232],[139.64228,35.53147],[139.64212,35.53138],[139.64167,35.53126],[139.64081,35.53073],[139.64024,35.53027],[139.64011,35.53011],[139.64005,35.52988],[139.63996,35.52979],[139.63934,35.52953],[139.63902,35.52926],[139.63885,35.52901],[139.6388,35.52884],[139.63888,35.52843],[139.63884,35.52831],[139.63872,35.52824]]],[[[139.62305,35.53643],[139.62324,35.53655],[139.62391,35.53677],[139.62469,35.53689],[139.62555,35.53684],[139.62574,35.53691],[139.62581,35.53708],[139.62557,35.53797],[139.62555,35.53837],[139.62562,35.53871],[139.62558,35.53886],[139.62536,35.53899],[139.6248,35.53904],[139.62468,35.53911],[139.62462,35.5392],[139.6247,35.53944],[139.62509,35.53983],[139.62546,35.54006],[139.62582,35.54017],[139.62595,35.54052],[139.626,35.54121],[139.62597,35.5418],[139.62578,35.54241],[139.62554,35.54264],[139.62494,35.54282],[139.62474,35.54295],[139.62464,35.54312],[139.62464,35.54344],[139.62487,35.54365],[139.62515,35.54372],[139.62554,35.54373],[139.62588,35.54388],[139.62611,35.54423],[139.62619,35.54447],[139.62626,35.54512],[139.62617,35.5467],[139.62608,35.54706],[139.62585,35.5475],[139.6258,35.54782],[139.62587,35.54894],[139.62586,35.54936],[139.6257,35.54986],[139.62534,35.5504],[139.62522,35.5508],[139.62516,35.55129],[139.62515,35.55243],[139.62526,35.55337],[139.62542,35.55375],[139.62559,35.55393],[139.62583,35.55409],[139.62595,35.55439],[139.62591,35.5549],[139.62578,35.55514],[139.62559,35.55532],[139.6255,35.55555],[139.62553,35.55585],[139.62561,35.55606],[139.62577,35.55621],[139.62599,35.55631],[139.62661,35.55637],[139.62687,35.55644],[139.62713,35.55665],[139.62727,35.55695],[139.62735,35.55703],[139.62757,35.5571],[139.62806,35.55706],[139.62845,35.55693],[139.62873,35.55673],[139.62891,35.55646],[139.62899,35.55592],[139.62889,35.55537],[139.62863,35.55489],[139.62826,35.55443],[139.628,35.55375],[139.62791,35.55316],[139.62789,35.55214],[139.62781,35.55145],[139.62772,35.55122],[139.6274,35.5511],[139.62735,35.55092],[139.62748,35.55066],[139.62791,35.55024],[139.62805,35.55001],[139.62817,35.54954],[139.62824,35.54872],[139.62831,35.54854],[139.62855,35.54844],[139.62862,35.5483],[139.62864,35.54788],[139.62857,35.54726],[139.62862,35.5468],[139.62874,35.54662],[139.62926,35.54636],[139.62945,35.54606],[139.62946,35.54548],[139.62918,35.54402],[139.62916,35.54366],[139.62921,35.5434],[139.62941,35.54323],[139.6297,35.54325],[139.63042,35.54372],[139.63057,35.54378],[139.63066,35.54373],[139.63069,35.54351],[139.63081,35.54336],[139.63104,35.54329],[139.63128,35.54331],[139.63211,35.54356],[139.63362,35.54418],[139.63413,35.54448],[139.63426,35.54468],[139.63441,35.54478],[139.63503,35.54491],[139.63713,35.54513],[139.63779,35.54532],[139.63815,35.54556],[139.63842,35.54568],[139.63892,35.54577],[139.63952,35.5458],[139.63987,35.54589],[139.64029,35.54616],[139.64069,35.5467],[139.64099,35.54741],[139.64105,35.54768],[139.64103,35.54804],[139.6409,35.54834],[139.6407,35.54856],[139.64049,35.54868],[139.64028,35.54872],[139.64018,35.54879],[139.64013,35.54909],[139.6402,35.54979],[139.64007,35.55032],[139.63985,35.55064],[139.63954,35.55093],[139.63897,35.55131],[139.63841,35.5515],[139.63783,35.5522],[139.63766,35.55233],[139.63736,35.55244],[139.6372,35.55257],[139.6371,35.55295],[139.63716,35.55376],[139.63712,35.55408],[139.63707,35.55421],[139.6369,35.55439],[139.63665,35.55447],[139.63642,35.55463],[139.63627,35.55493],[139.63618,35.55538],[139.63617,35.55625],[139.63625,35.55699],[139.6364,35.55754],[139.63667,35.55792],[139.63714,35.55818],[139.63755,35.55827],[139.63801,35.55832],[139.63836,35.5583],[139.63861,35.55823],[139.63889,35.55791],[139.63902,35.55786],[139.63918,35.55789],[139.63947,35.55801],[139.63961,35.558],[139.6397,35.55789],[139.63976,35.55742],[139.63987,35.55712],[139.64002,35.557],[139.64031,35.55689],[139.64054,35.55674],[139.64069,35.55653],[139.64074,35.55637],[139.64068,35.55624],[139.64051,35.55613],[139.63992,35.55597],[139.63978,35.55587],[139.63956,35.55559],[139.6394,35.55519],[139.63932,35.55466],[139.6393,35.55417],[139.63936,35.55378],[139.63948,35.55349],[139.63977,35.55322],[139.64019,35.55303],[139.64059,35.55298],[139.64078,35.55291],[139.64095,35.55279],[139.64117,35.55249],[139.64127,35.55215],[139.64122,35.55204],[139.64105,35.55194],[139.641,35.55186],[139.64123,35.5517],[139.6413,35.55158],[139.64126,35.5507],[139.64141,35.55054],[139.64179,35.55049],[139.64199,35.55036],[139.64212,35.55014],[139.64223,35.54972],[139.64224,35.54947],[139.64219,35.54928],[139.64206,35.54918],[139.64187,35.54916],[139.64175,35.5491],[139.6417,35.54887],[139.64182,35.54874],[139.64207,35.5487],[139.64219,35.54863],[139.64233,35.54842],[139.64253,35.54794],[139.64264,35.54781],[139.64283,35.54769],[139.64292,35.54756],[139.64292,35.54718],[139.64273,35.54637],[139.64273,35.54618],[139.64284,35.54585],[139.64308,35.5456],[139.6438,35.54522],[139.64411,35.54488],[139.64427,35.54406],[139.64437,35.54393],[139.6446,35.54379],[139.64436,35.54375],[139.6442,35.54366],[139.64407,35.54347],[139.64403,35.54325],[139.64419,35.54312],[139.64466,35.54306],[139.64476,35.543],[139.64491,35.54281],[139.645,35.5425],[139.64507,35.54151],[139.64526,35.54099],[139.64541,35.54083],[139.64569,35.54064],[139.64642,35.54042],[139.64666,35.54024],[139.64663,35.54001],[139.6465,35.53994],[139.64631,35.53993],[139.64618,35.53983],[139.64614,35.53948],[139.64626,35.53924],[139.64658,35.53899],[139.64685,35.53837],[139.64708,35.53741],[139.64708,35.53673],[139.64693,35.53612],[139.64667,35.53566],[139.64634,35.53538],[139.64589,35.53524],[139.64652,35.53519],[139.64678,35.5351],[139.64704,35.53484],[139.64712,35.53457],[139.64711,35.53445],[139.64694,35.53423],[139.64658,35.53408],[139.64604,35.53398],[139.64528,35.53394],[139.64367,35.53401],[139.63981,35.53444],[139.63777,35.53459],[139.63671,35.53458],[139.63544,35.53444],[139.63368,35.53436],[139.63182,35.53437],[139.62712,35.5345],[139.62608,35.5345],[139.62562,35.53457],[139.62549,35.53466],[139.62546,35.53495],[139.6251,35.53481],[139.62492,35.53482],[139.62474,35.53489],[139.62421,35.53533],[139.62409,35.53553],[139.62406,35.5357],[139.62398,35.53579],[139.62315,35.53607],[139.62303,35.53616],[139.62298,35.53632],[139.62305,35.53643]]],[[[139.65367,35.55755],[139.65351,35.55775],[139.6529,35.55811],[139.65143,35.55878],[139.65105,35.55903],[139.65064,35.55948],[139.65037,35.55965],[139.64978,35.55983],[139.64858,35.56002],[139.64826,35.56014],[139.64787,35.56046],[139.64756,35.56061],[139.64684,35.56081],[139.64588,35.56099],[139.64523,35.56122],[139.64502,35.56141],[139.64495,35.56181],[139.64484,35.56198],[139.64447,35.56209],[139.64437,35.56238],[139.64429,35.56239],[139.64399,35.56233],[139.64383,35.56241],[139.6437,35.5627],[139.64375,35.56289],[139.64395,35.56302],[139.64434,35.56307],[139.64451,35.56303],[139.64488,35.56283],[139.64496,35.56292],[139.64499,35.56315],[139.64514,35.56331],[139.64545,35.56337],[139.64589,35.56334],[139.64641,35.56321],[139.64763,35.5628],[139.64825,35.56271],[139.64888,35.56268],[139.64933,35.56257],[139.65008,35.56226],[139.6513,35.56158],[139.65174,35.56145],[139.65205,35.56146],[139.65231,35.56125],[139.65271,35.56068],[139.65298,35.56043],[139.65314,35.5604],[139.65336,35.56052],[139.65365,35.56057],[139.65415,35.56043],[139.65466,35.56006],[139.6552,35.55932],[139.65551,35.55901],[139.65572,35.5589],[139.65625,35.55881],[139.65662,35.55848],[139.65731,35.55825],[139.6575,35.55805],[139.65762,35.55774],[139.65767,35.55707],[139.65752,35.55666],[139.65736,35.55652],[139.6569,35.55633],[139.65622,35.55628],[139.65581,35.5563],[139.65485,35.55643],[139.65445,35.55655],[139.65424,35.55669],[139.65402,35.55701],[139.65364,35.55714],[139.65367,35.55755]]],[[[139.6312,35.58047],[139.63135,35.58081],[139.63159,35.58104],[139.63222,35.58133],[139.63258,35.58162],[139.63305,35.58237],[139.63333,35.58264],[139.63363,35.58284],[139.63394,35.5832],[139.63448,35.5842],[139.63479,35.58467],[139.63519,35.58515],[139.63619,35.58617],[139.63657,35.58673],[139.63681,35.58733],[139.63688,35.58765],[139.63695,35.58888],[139.6371,35.58942],[139.63727,35.5896],[139.63761,35.58975],[139.6377,35.58987],[139.63776,35.59018],[139.63804,35.59034],[139.63882,35.5904],[139.63922,35.59036],[139.63953,35.59026],[139.63979,35.59001],[139.63984,35.58979],[139.63982,35.58958],[139.63967,35.58929],[139.63925,35.58887],[139.63912,35.58853],[139.63914,35.58831],[139.6392,35.58821],[139.63958,35.58811],[139.63967,35.58795],[139.63962,35.58775],[139.63931,35.58753],[139.63926,35.58742],[139.63931,35.58718],[139.63954,35.58669],[139.63965,35.58614],[139.63968,35.58543],[139.6396,35.58502],[139.63952,35.58486],[139.63929,35.58464],[139.63914,35.58458],[139.6384,35.58451],[139.63804,35.58438],[139.63769,35.58393],[139.637,35.58353],[139.63674,35.58329],[139.63639,35.58275],[139.63607,35.58204],[139.63564,35.5815],[139.63529,35.58127],[139.63471,35.58105],[139.63443,35.58083],[139.63425,35.58053],[139.6342,35.58035],[139.63414,35.57952],[139.63398,35.57905],[139.63381,35.57883],[139.6335,35.57861],[139.63319,35.57848],[139.6328,35.57843],[139.63268,35.57834],[139.63263,35.57808],[139.6327,35.57768],[139.63268,35.57744],[139.63259,35.57722],[139.63244,35.57703],[139.63205,35.57677],[139.63181,35.57673],[139.63151,35.57688],[139.63142,35.57712],[139.63133,35.57721],[139.63097,35.5773],[139.63033,35.57732],[139.62997,35.57738],[139.62976,35.57753],[139.6297,35.57776],[139.62973,35.57791],[139.62996,35.57836],[139.63016,35.57858],[139.63039,35.57872],[139.63078,35.57885],[139.63097,35.57905],[139.63112,35.57956],[139.6312,35.58047]]],[[[139.66127,35.19296],[139.66195,35.19275],[139.66233,35.19257],[139.66305,35.19193],[139.66329,35.1918],[139.66352,35.19177],[139.66348,35.19173],[139.66325,35.19157],[139.66315,35.19137],[139.6632,35.19132],[139.66288,35.19109],[139.66294,35.19106],[139.66278,35.1907],[139.6619,35.19012],[139.66244,35.18963],[139.66237,35.18958],[139.66167,35.19025],[139.66115,35.19001],[139.66079,35.19039],[139.66067,35.19064],[139.66064,35.19089],[139.66055,35.191],[139.6603,35.1911],[139.65979,35.19115],[139.65958,35.19125],[139.6594,35.1914],[139.65912,35.19191],[139.6591,35.19207],[139.65918,35.19232],[139.65916,35.19243],[139.65901,35.1926],[139.65882,35.19271],[139.65864,35.19292],[139.65862,35.1931],[139.65876,35.19342],[139.65893,35.1936],[139.65912,35.19373],[139.65936,35.1938],[139.65976,35.1938],[139.66003,35.19373],[139.66045,35.19352],[139.66086,35.1932],[139.66127,35.19296]]],[[[139.67298,35.20069],[139.67318,35.20072],[139.67343,35.20067],[139.67372,35.20048],[139.67412,35.20005],[139.67344,35.19953],[139.67364,35.19929],[139.67359,35.19926],[139.67339,35.1995],[139.67303,35.19937],[139.67212,35.19876],[139.67214,35.19873],[139.672,35.19878],[139.6718,35.1988],[139.67171,35.19887],[139.67154,35.1996],[139.67144,35.19967],[139.67125,35.1997],[139.67108,35.19979],[139.6708,35.20022],[139.67049,35.20038],[139.66987,35.20052],[139.66955,35.20064],[139.66944,35.20073],[139.66941,35.2009],[139.66932,35.20101],[139.66858,35.20144],[139.66843,35.20166],[139.66834,35.20192],[139.66836,35.20261],[139.66844,35.20254],[139.66852,35.20239],[139.66874,35.2023],[139.66978,35.20252],[139.67029,35.20254],[139.67124,35.20249],[139.67181,35.20236],[139.67223,35.20213],[139.67249,35.20181],[139.67269,35.20102],[139.67282,35.2008],[139.67298,35.20069]]],[[[139.66268,35.20535],[139.66259,35.20545],[139.66255,35.20558],[139.66256,35.20586],[139.66274,35.20637],[139.66312,35.20681],[139.66334,35.20695],[139.66359,35.20702],[139.6641,35.20698],[139.66427,35.20701],[139.66435,35.20711],[139.6643,35.2075],[139.66439,35.20778],[139.66467,35.20799],[139.66507,35.20807],[139.66543,35.20791],[139.66617,35.20695],[139.66676,35.20646],[139.66697,35.20604],[139.6671,35.20543],[139.66705,35.2049],[139.66688,35.20467],[139.66662,35.20454],[139.66614,35.2045],[139.66578,35.20458],[139.66543,35.20487],[139.66512,35.20498],[139.6644,35.20508],[139.66345,35.2051],[139.66298,35.20519],[139.66268,35.20535]]],[[[139.6786,35.2128],[139.6787,35.21267],[139.67889,35.21254],[139.679,35.21239],[139.67932,35.21157],[139.67955,35.21136],[139.67984,35.21125],[139.67996,35.2111],[139.68001,35.21075],[139.67995,35.21013],[139.68004,35.20986],[139.6802,35.20964],[139.68071,35.20924],[139.68092,35.20895],[139.68151,35.2076],[139.68184,35.20724],[139.68223,35.20705],[139.68253,35.20682],[139.68284,35.20622],[139.68297,35.2061],[139.68313,35.20603],[139.68357,35.20596],[139.68341,35.20592],[139.68308,35.20574],[139.68288,35.2054],[139.68173,35.20496],[139.68119,35.20446],[139.68113,35.20443],[139.68081,35.20484],[139.68032,35.20573],[139.68013,35.20591],[139.67967,35.20623],[139.67942,35.20661],[139.67945,35.20706],[139.67988,35.20796],[139.67988,35.20825],[139.67976,35.20836],[139.67937,35.20854],[139.67921,35.2089],[139.67892,35.20896],[139.6788,35.20904],[139.67836,35.21006],[139.67785,35.2106],[139.67776,35.21075],[139.67779,35.21116],[139.67764,35.21133],[139.67722,35.21161],[139.67713,35.21172],[139.67706,35.21194],[139.67693,35.21202],[139.6767,35.21207],[139.67599,35.21211],[139.67572,35.21219],[139.67564,35.21226],[139.67556,35.21246],[139.67562,35.21297],[139.6756,35.21318],[139.67553,35.21335],[139.6754,35.21347],[139.67519,35.2138],[139.67518,35.21413],[139.67535,35.21442],[139.67576,35.21464],[139.67659,35.21472],[139.67753,35.21467],[139.67807,35.21454],[139.67843,35.21431],[139.6786,35.21398],[139.67855,35.21318],[139.6786,35.2128]]],[[[139.69705,35.24103],[139.69714,35.24084],[139.69726,35.24078],[139.69783,35.24074],[139.6982,35.24084],[139.69852,35.24112],[139.69941,35.24123],[139.69963,35.24134],[139.69987,35.24157],[139.7001,35.24163],[139.70039,35.24163],[139.70062,35.24153],[139.70071,35.24124],[139.70097,35.24106],[139.70137,35.24106],[139.70215,35.24124],[139.70247,35.24116],[139.70262,35.24106],[139.70292,35.24075],[139.70345,35.23988],[139.70366,35.23962],[139.70384,35.2395],[139.70399,35.23952],[139.70412,35.23964],[139.70413,35.23983],[139.70406,35.24007],[139.70411,35.24023],[139.70431,35.24029],[139.70452,35.24028],[139.70487,35.24015],[139.70553,35.23969],[139.70595,35.23948],[139.70622,35.23941],[139.70696,35.23932],[139.70757,35.23899],[139.70844,35.23879],[139.70869,35.23867],[139.7087,35.23858],[139.70854,35.23841],[139.70845,35.23821],[139.70853,35.23781],[139.70852,35.23759],[139.70819,35.23717],[139.7082,35.23694],[139.70829,35.23684],[139.70859,35.23677],[139.70946,35.23683],[139.70974,35.23678],[139.70993,35.23664],[139.71,35.23643],[139.70992,35.23583],[139.70964,35.23542],[139.70955,35.23475],[139.70961,35.23306],[139.70972,35.23223],[139.70988,35.23166],[139.71009,35.23135],[139.71022,35.23128],[139.71077,35.23121],[139.71114,35.23093],[139.71129,35.23091],[139.71178,35.23098],[139.71219,35.23084],[139.71263,35.23043],[139.71276,35.23009],[139.71274,35.22992],[139.71266,35.22975],[139.71195,35.22914],[139.71184,35.2288],[139.71212,35.22787],[139.71206,35.22712],[139.71221,35.22694],[139.71249,35.22684],[139.71269,35.22669],[139.71276,35.22648],[139.71274,35.22633],[139.71264,35.22623],[139.71244,35.22619],[139.71171,35.22625],[139.71146,35.22621],[139.71134,35.22597],[139.71122,35.22588],[139.71065,35.22571],[139.71035,35.22557],[139.71022,35.22543],[139.71006,35.22513],[139.70984,35.22498],[139.70953,35.22502],[139.70928,35.22527],[139.70914,35.22535],[139.70896,35.22532],[139.70879,35.22523],[139.70874,35.2251],[139.7088,35.22494],[139.70898,35.22479],[139.70929,35.22472],[139.70939,35.2246],[139.70945,35.22438],[139.70947,35.22386],[139.70943,35.22368],[139.70934,35.22353],[139.70904,35.22328],[139.70883,35.22319],[139.70827,35.22307],[139.70762,35.22303],[139.70694,35.2231],[139.70668,35.22324],[139.70639,35.22379],[139.70601,35.22408],[139.70599,35.22416],[139.70606,35.22437],[139.706,35.22447],[139.70558,35.22462],[139.70506,35.22465],[139.70472,35.22458],[139.70437,35.22444],[139.70373,35.22399],[139.70337,35.22357],[139.70285,35.22258],[139.70271,35.22243],[139.7025,35.22234],[139.70197,35.22226],[139.7017,35.22231],[139.70155,35.22252],[139.70146,35.22321],[139.70138,35.22333],[139.7012,35.22339],[139.70101,35.22332],[139.70095,35.22308],[139.70083,35.22291],[139.70039,35.22264],[139.69992,35.22256],[139.69939,35.22263],[139.6991,35.22262],[139.69897,35.22256],[139.69876,35.22235],[139.69846,35.22223],[139.69783,35.22211],[139.69733,35.22209],[139.69708,35.22216],[139.69698,35.22243],[139.69703,35.22299],[139.69719,35.22377],[139.69716,35.2243],[139.69702,35.22447],[139.69664,35.22453],[139.69626,35.22475],[139.69604,35.22503],[139.69563,35.22572],[139.69537,35.22601],[139.69515,35.22608],[139.69495,35.226],[139.69446,35.22539],[139.6942,35.22522],[139.6939,35.22518],[139.69375,35.2253],[139.69364,35.22576],[139.69371,35.22685],[139.69362,35.22743],[139.69345,35.22762],[139.69283,35.2277],[139.69255,35.22781],[139.6924,35.22791],[139.69225,35.22812],[139.69217,35.2284],[139.69219,35.22881],[139.69229,35.22902],[139.6926,35.22924],[139.69262,35.22933],[139.69256,35.22949],[139.69242,35.22958],[139.6922,35.22964],[139.69117,35.22973],[139.69086,35.2299],[139.69079,35.23019],[139.69087,35.2305],[139.69097,35.23057],[139.69133,35.23066],[139.69145,35.23078],[139.69151,35.23094],[139.6914,35.23107],[139.69095,35.23124],[139.69069,35.23141],[139.69042,35.23172],[139.69032,35.23201],[139.69039,35.23219],[139.69057,35.23232],[139.69086,35.23238],[139.69124,35.2324],[139.69142,35.2325],[139.69141,35.23261],[139.69119,35.23295],[139.69108,35.23325],[139.69108,35.23387],[139.69117,35.23416],[139.6913,35.23431],[139.69151,35.2344],[139.69188,35.23444],[139.692,35.23452],[139.69205,35.23468],[139.69197,35.23528],[139.69202,35.23549],[139.69244,35.23567],[139.69319,35.23645],[139.69353,35.23663],[139.69392,35.23668],[139.69436,35.23661],[139.69481,35.23646],[139.69499,35.23644],[139.69526,35.23647],[139.69541,35.23661],[139.69546,35.23699],[139.69562,35.23735],[139.6958,35.23756],[139.69617,35.23782],[139.69629,35.23801],[139.69625,35.23832],[139.69579,35.23879],[139.69555,35.23892],[139.69525,35.23897],[139.69512,35.23925],[139.69474,35.23951],[139.69331,35.24015],[139.69255,35.24058],[139.69206,35.241],[139.69189,35.24132],[139.69193,35.24137],[139.69214,35.24137],[139.69339,35.24094],[139.69356,35.24093],[139.69355,35.24103],[139.69341,35.24126],[139.69346,35.24143],[139.6939,35.24158],[139.69437,35.24163],[139.69456,35.24153],[139.69465,35.24118],[139.69484,35.24108],[139.69542,35.24104],[139.69627,35.2411],[139.69685,35.24109],[139.69705,35.24103]]],[[[139.7082,35.25472],[139.70852,35.25533],[139.70872,35.25557],[139.70895,35.25575],[139.70944,35.25601],[139.7096,35.25617],[139.70968,35.25636],[139.70973,35.2567],[139.7099,35.25694],[139.71042,35.25733],[139.71119,35.25773],[139.71198,35.258],[139.71264,35.25797],[139.7127,35.25803],[139.71277,35.25826],[139.71303,35.25833],[139.71315,35.25828],[139.71326,35.25815],[139.7136,35.25727],[139.71378,35.25711],[139.71396,35.2571],[139.71404,35.25721],[139.71408,35.25743],[139.71407,35.25804],[139.71396,35.25837],[139.71368,35.25871],[139.71363,35.25892],[139.71375,35.25924],[139.7139,35.25937],[139.71412,35.25948],[139.71459,35.25959],[139.71513,35.25959],[139.71571,35.25946],[139.7163,35.25924],[139.71677,35.25918],[139.71699,35.25924],[139.71726,35.25946],[139.71761,35.25958],[139.71846,35.25968],[139.71924,35.25969],[139.7199,35.25961],[139.72014,35.25954],[139.72046,35.25932],[139.72056,35.259],[139.72053,35.2588],[139.7204,35.25847],[139.72018,35.25822],[139.71987,35.25806],[139.71911,35.25791],[139.71879,35.2578],[139.71809,35.25739],[139.71778,35.25735],[139.71722,35.25755],[139.7165,35.25765],[139.7156,35.25765],[139.71483,35.25756],[139.71456,35.25745],[139.71444,35.25735],[139.71428,35.25675],[139.71413,35.25656],[139.71397,35.25645],[139.71346,35.25632],[139.71238,35.25626],[139.71193,35.2561],[139.71171,35.25586],[139.71159,35.25537],[139.71144,35.25513],[139.71099,35.25467],[139.71,35.25378],[139.70973,35.2534],[139.70965,35.25309],[139.70953,35.25302],[139.70894,35.25305],[139.70865,35.25302],[139.70833,35.25292],[139.70767,35.25254],[139.70723,35.25236],[139.70698,35.25233],[139.70666,35.25238],[139.70631,35.25237],[139.7054,35.25212],[139.70506,35.25217],[139.70475,35.25232],[139.70446,35.2526],[139.70433,35.25284],[139.70432,35.25299],[139.70441,35.25311],[139.70521,35.25343],[139.70545,35.25362],[139.70589,35.25412],[139.70618,35.25429],[139.70675,35.2544],[139.70763,35.25438],[139.70796,35.2545],[139.7082,35.25472]]],[[[139.69888,35.2568],[139.69961,35.25735],[139.6997,35.25755],[139.69963,35.25772],[139.69965,35.25782],[139.70008,35.25807],[139.7002,35.25839],[139.70025,35.25893],[139.70018,35.26054],[139.70022,35.26128],[139.70044,35.26216],[139.7009,35.26295],[139.70102,35.26327],[139.70106,35.26355],[139.70099,35.26388],[139.70101,35.26409],[139.70108,35.26416],[139.70127,35.26419],[139.70137,35.26424],[139.7032,35.26396],[139.70386,35.26394],[139.70374,35.2629],[139.7034,35.26212],[139.7032,35.26187],[139.70306,35.2618],[139.70296,35.26163],[139.70291,35.26108],[139.70298,35.25987],[139.7029,35.25931],[139.70282,35.25907],[139.70256,35.25867],[139.70199,35.25822],[139.70171,35.25792],[139.70153,35.2576],[139.70145,35.25728],[139.70149,35.25683],[139.70158,35.25664],[139.70173,35.25654],[139.7022,35.25645],[139.70236,35.25609],[139.70283,35.25575],[139.70295,35.2556],[139.703,35.25543],[139.70299,35.25522],[139.70287,35.25501],[139.70275,35.25491],[139.70214,35.2547],[139.69996,35.25444],[139.69914,35.25418],[139.69883,35.25427],[139.69832,35.25472],[139.69811,35.25485],[139.6979,35.25492],[139.6977,35.25493],[139.6975,35.25489],[139.69733,35.25479],[139.69695,35.25432],[139.69663,35.25408],[139.69619,35.25393],[139.69568,35.2539],[139.69561,35.25397],[139.69562,35.25403],[139.69583,35.25442],[139.69578,35.25447],[139.69542,35.25455],[139.69526,35.25473],[139.69521,35.25506],[139.6953,35.2558],[139.69514,35.25606],[139.69493,35.25616],[139.69454,35.25621],[139.69424,35.25617],[139.69394,35.256],[139.69377,35.25605],[139.69351,35.2567],[139.69338,35.25689],[139.69322,35.25701],[139.69279,35.25721],[139.69267,35.2574],[139.69258,35.25777],[139.69239,35.25792],[139.69203,35.25807],[139.69191,35.2582],[139.69182,35.25869],[139.69166,35.25897],[139.69147,35.25912],[139.69084,35.25946],[139.69075,35.25957],[139.69071,35.25976],[139.69061,35.25976],[139.69036,35.25959],[139.69019,35.25954],[139.68982,35.25981],[139.68873,35.25992],[139.68854,35.25999],[139.6883,35.26018],[139.68815,35.2601],[139.68772,35.25955],[139.68745,35.25937],[139.68702,35.2592],[139.6869,35.25906],[139.68684,35.25882],[139.68658,35.25875],[139.68647,35.25867],[139.68637,35.25833],[139.68629,35.25737],[139.68609,35.25703],[139.68586,35.25695],[139.6853,35.25688],[139.68505,35.25665],[139.68494,35.25661],[139.68479,35.25662],[139.68417,35.25685],[139.68367,35.25685],[139.68328,35.25671],[139.68297,35.25641],[139.68274,35.25596],[139.68269,35.25566],[139.68277,35.25542],[139.68296,35.25524],[139.68343,35.25508],[139.68383,35.25507],[139.68403,35.25515],[139.68433,35.25545],[139.68468,35.25566],[139.685,35.25573],[139.68527,35.25566],[139.6856,35.25549],[139.68639,35.2549],[139.68687,35.25462],[139.68768,35.25427],[139.68899,35.25386],[139.68933,35.25366],[139.68941,35.25345],[139.6895,35.25339],[139.68993,35.25333],[139.69012,35.25324],[139.69036,35.25298],[139.69064,35.2525],[139.69085,35.25233],[139.69099,35.25232],[139.69121,35.25245],[139.69138,35.25286],[139.69154,35.2529],[139.69167,35.25288],[139.69179,35.25277],[139.69188,35.25258],[139.69212,35.25185],[139.69231,35.25164],[139.69257,35.25149],[139.6929,35.25142],[139.69333,35.25144],[139.69366,35.25162],[139.69388,35.25193],[139.69406,35.25206],[139.6944,35.25214],[139.69466,35.2521],[139.69487,35.2519],[139.69495,35.25172],[139.69504,35.2509],[139.69491,35.24942],[139.69481,35.24897],[139.6947,35.24875],[139.69463,35.24872],[139.69457,35.24875],[139.69441,35.24892],[139.69433,35.24921],[139.69431,35.2496],[139.69419,35.24987],[139.69405,35.24995],[139.69377,35.24998],[139.69353,35.25008],[139.69334,35.25035],[139.69318,35.25049],[139.69291,35.25058],[139.6924,35.25064],[139.69103,35.25064],[139.69098,35.25107],[139.69074,35.25126],[139.69003,35.25146],[139.68842,35.25176],[139.68787,35.25198],[139.68749,35.25232],[139.68735,35.25236],[139.68709,35.25232],[139.68704,35.25248],[139.68721,35.2531],[139.6872,35.25326],[139.68713,35.25337],[139.68698,35.25344],[139.68675,35.25347],[139.68609,35.2534],[139.6839,35.25286],[139.68333,35.25277],[139.68297,35.25276],[139.68277,35.25282],[139.68254,35.25297],[139.6823,35.25334],[139.68204,35.25353],[139.68107,35.25379],[139.68092,35.25388],[139.68083,35.25409],[139.68073,35.25417],[139.6804,35.25423],[139.67994,35.25425],[139.67975,35.25432],[139.67969,35.25438],[139.67968,35.25453],[139.67984,35.25485],[139.67985,35.25512],[139.67975,35.25527],[139.67947,35.25545],[139.67928,35.25565],[139.67922,35.2558],[139.67921,35.25605],[139.67938,35.25648],[139.67967,35.25678],[139.67998,35.25691],[139.68048,35.25696],[139.68058,35.257],[139.6807,35.25715],[139.68073,35.25753],[139.68054,35.25808],[139.68031,35.25827],[139.67995,35.25833],[139.67985,35.2585],[139.6799,35.2588],[139.68003,35.25907],[139.68014,35.2592],[139.68046,35.25943],[139.68044,35.25978],[139.68058,35.25986],[139.68101,35.25997],[139.68143,35.26001],[139.68184,35.26],[139.68246,35.25987],[139.68361,35.25949],[139.68407,35.25942],[139.68445,35.25945],[139.6847,35.25953],[139.68497,35.25978],[139.68514,35.2598],[139.68534,35.25974],[139.68548,35.25977],[139.68562,35.25987],[139.68592,35.26026],[139.68621,35.26041],[139.68687,35.26054],[139.68773,35.26057],[139.68839,35.26066],[139.68868,35.26078],[139.68912,35.26117],[139.68957,35.2613],[139.68994,35.26183],[139.69045,35.26209],[139.69055,35.26225],[139.69054,35.26265],[139.69037,35.2632],[139.69032,35.2636],[139.69037,35.26376],[139.69059,35.26397],[139.69063,35.2642],[139.69055,35.26516],[139.69057,35.26552],[139.69072,35.26594],[139.69107,35.26628],[139.69115,35.26643],[139.69116,35.2665],[139.69359,35.26558],[139.6935,35.26549],[139.6932,35.26534],[139.69308,35.26516],[139.69303,35.26488],[139.6931,35.26407],[139.69308,35.26371],[139.69293,35.2633],[139.69265,35.26301],[139.69251,35.26273],[139.69238,35.26193],[139.69243,35.26102],[139.69262,35.26039],[139.69297,35.25997],[139.69356,35.25978],[139.69395,35.25951],[139.6941,35.25933],[139.6942,35.25903],[139.69414,35.2586],[139.69418,35.25839],[139.6944,35.2581],[139.69477,35.25785],[139.69499,35.25763],[139.69501,35.25748],[139.69486,35.25718],[139.69558,35.25663],[139.696,35.25647],[139.69666,35.25645],[139.69764,35.25661],[139.69795,35.25662],[139.69812,35.25658],[139.69824,35.25633],[139.69847,35.25629],[139.69866,35.25636],[139.69873,35.2566],[139.69888,35.2568]]],[[[139.67761,35.26432],[139.6779,35.26477],[139.6781,35.26498],[139.67841,35.26519],[139.67862,35.26526],[139.67902,35.26531],[139.67919,35.26538],[139.67975,35.26589],[139.68059,35.26635],[139.68084,35.26665],[139.68104,35.26717],[139.68134,35.26746],[139.68164,35.26759],[139.68223,35.26772],[139.68277,35.26806],[139.68309,35.26842],[139.68378,35.2695],[139.68405,35.26975],[139.68458,35.26996],[139.68475,35.27011],[139.68484,35.27046],[139.68479,35.27093],[139.68492,35.27116],[139.68504,35.27124],[139.68539,35.27135],[139.68636,35.27135],[139.68683,35.27127],[139.68698,35.27115],[139.68659,35.27075],[139.68727,35.2703],[139.68755,35.27058],[139.68776,35.27044],[139.68749,35.27016],[139.688,35.26981],[139.68824,35.27006],[139.68824,35.27004],[139.68822,35.26937],[139.68812,35.26899],[139.68801,35.26889],[139.68787,35.26888],[139.6877,35.26879],[139.6875,35.26844],[139.68736,35.26832],[139.68707,35.26823],[139.68666,35.2682],[139.68634,35.26809],[139.6858,35.26777],[139.68522,35.26728],[139.68493,35.26693],[139.68475,35.26656],[139.68463,35.26551],[139.6845,35.26524],[139.68437,35.26516],[139.68417,35.26516],[139.68396,35.26528],[139.68366,35.26559],[139.68335,35.26575],[139.68283,35.26588],[139.68223,35.26595],[139.68192,35.26595],[139.68173,35.26589],[139.68112,35.26541],[139.68094,35.26536],[139.68055,35.2654],[139.68041,35.26526],[139.68032,35.26497],[139.68026,35.26398],[139.68013,35.26356],[139.68003,35.26339],[139.67975,35.26314],[139.67918,35.26293],[139.67884,35.26266],[139.67876,35.26244],[139.6788,35.26178],[139.67871,35.26157],[139.67856,35.26138],[139.67804,35.26106],[139.67784,35.261],[139.67754,35.261],[139.6774,35.26106],[139.67731,35.26115],[139.67726,35.26144],[139.67719,35.26154],[139.67707,35.26158],[139.67691,35.26157],[139.67671,35.26153],[139.67652,35.26161],[139.67644,35.26184],[139.67647,35.26214],[139.67657,35.26236],[139.67691,35.26262],[139.67708,35.26339],[139.67717,35.26346],[139.67736,35.26349],[139.67749,35.26361],[139.67761,35.26432]]],[[[139.66824,35.27349],[139.66902,35.27331],[139.66948,35.27334],[139.66971,35.27346],[139.66994,35.27376],[139.67026,35.27401],[139.67147,35.27437],[139.67235,35.2749],[139.67299,35.275],[139.67311,35.27511],[139.67313,35.27526],[139.67321,35.27537],[139.67356,35.27545],[139.67351,35.27586],[139.67375,35.27616],[139.67427,35.27648],[139.67551,35.27686],[139.676,35.27709],[139.6762,35.27728],[139.6764,35.27771],[139.67656,35.27792],[139.67736,35.27853],[139.67779,35.2791],[139.67796,35.27909],[139.67817,35.27895],[139.67845,35.27884],[139.67895,35.2788],[139.67913,35.27884],[139.67945,35.27863],[139.67994,35.27912],[139.67997,35.2791],[139.68054,35.27846],[139.6807,35.27837],[139.6809,35.27833],[139.681,35.27825],[139.68108,35.27798],[139.68108,35.27772],[139.68093,35.27738],[139.6807,35.27722],[139.67998,35.27705],[139.67972,35.27693],[139.67958,35.27674],[139.67955,35.27663],[139.67962,35.27613],[139.67957,35.27592],[139.67917,35.27579],[139.67857,35.27527],[139.67824,35.27513],[139.6778,35.27506],[139.67665,35.2751],[139.67576,35.27503],[139.67491,35.27479],[139.6742,35.27442],[139.67392,35.27412],[139.67384,35.27396],[139.67379,35.2736],[139.67385,35.27295],[139.67376,35.27273],[139.67364,35.27271],[139.67349,35.27275],[139.67341,35.27286],[139.67339,35.27301],[139.67327,35.27312],[139.67284,35.27315],[139.67255,35.273],[139.67238,35.2727],[139.6722,35.27251],[139.67161,35.27225],[139.67149,35.27211],[139.67143,35.27187],[139.6711,35.27177],[139.67096,35.27163],[139.67076,35.27121],[139.67035,35.2701],[139.67014,35.2698],[139.66998,35.2697],[139.66954,35.26959],[139.66912,35.26955],[139.66835,35.26955],[139.66776,35.26961],[139.66749,35.26969],[139.66727,35.26986],[139.66711,35.27013],[139.66707,35.27044],[139.66698,35.27052],[139.66683,35.27053],[139.66624,35.27035],[139.66604,35.27035],[139.66598,35.27047],[139.66609,35.27066],[139.6667,35.27113],[139.66678,35.27126],[139.66671,35.27137],[139.66661,35.27141],[139.66631,35.27147],[139.66592,35.27162],[139.66577,35.27177],[139.66571,35.27196],[139.66574,35.27227],[139.6659,35.27248],[139.66635,35.27268],[139.6665,35.27278],[139.66686,35.27329],[139.66728,35.27347],[139.66772,35.27353],[139.66824,35.27349]]],[[[139.66272,35.28485],[139.66239,35.28519],[139.66198,35.28491],[139.66197,35.28495],[139.66202,35.2853],[139.66214,35.28562],[139.66237,35.28588],[139.66271,35.28602],[139.66318,35.28605],[139.66377,35.28596],[139.66429,35.28583],[139.6648,35.28558],[139.66497,35.28537],[139.66512,35.28507],[139.66528,35.28491],[139.66561,35.28477],[139.66586,35.28474],[139.66601,35.28485],[139.66605,35.28507],[139.66583,35.28602],[139.66581,35.28627],[139.66587,35.28642],[139.66614,35.28649],[139.66626,35.28675],[139.66646,35.28685],[139.66704,35.28696],[139.66791,35.28703],[139.66847,35.28696],[139.66897,35.2868],[139.66942,35.28653],[139.67,35.2861],[139.67032,35.28594],[139.6706,35.28587],[139.67112,35.28592],[139.67143,35.28585],[139.67181,35.28563],[139.67199,35.28541],[139.67199,35.28524],[139.67192,35.28513],[139.67145,35.28478],[139.67133,35.28461],[139.67128,35.28429],[139.67135,35.28389],[139.67126,35.28359],[139.67109,35.28346],[139.67072,35.28336],[139.6705,35.28325],[139.67046,35.28315],[139.67053,35.28299],[139.67051,35.28289],[139.67043,35.28281],[139.66988,35.28257],[139.66976,35.28226],[139.66927,35.2823],[139.66898,35.28201],[139.66855,35.28188],[139.6684,35.28162],[139.6681,35.28068],[139.66799,35.28053],[139.66779,35.28041],[139.6677,35.28027],[139.66759,35.27945],[139.66746,35.27918],[139.66708,35.27888],[139.66651,35.27869],[139.66623,35.27854],[139.66599,35.27827],[139.66597,35.27805],[139.66602,35.27777],[139.66615,35.2776],[139.66634,35.27748],[139.66647,35.2772],[139.66651,35.27637],[139.66639,35.27587],[139.66607,35.27558],[139.66616,35.27525],[139.66611,35.2752],[139.66588,35.27514],[139.66579,35.27494],[139.66573,35.27459],[139.66564,35.27292],[139.66558,35.27289],[139.66547,35.27304],[139.66531,35.27313],[139.66506,35.27313],[139.66497,35.27306],[139.66491,35.27294],[139.66483,35.27246],[139.66462,35.27229],[139.66426,35.27224],[139.6639,35.27229],[139.66328,35.27258],[139.66315,35.27225],[139.66299,35.27214],[139.66286,35.27211],[139.66265,35.27225],[139.66228,35.27292],[139.66201,35.27316],[139.66164,35.2733],[139.66142,35.27335],[139.66045,35.27339],[139.66014,35.27344],[139.65993,35.27356],[139.65995,35.27373],[139.66005,35.27401],[139.66018,35.27416],[139.66039,35.27425],[139.66076,35.27429],[139.6609,35.27439],[139.66102,35.27471],[139.66108,35.27545],[139.66127,35.27582],[139.6615,35.27597],[139.6617,35.27603],[139.66231,35.27608],[139.66253,35.27614],[139.66257,35.27622],[139.6625,35.27638],[139.66252,35.27647],[139.66309,35.2768],[139.66321,35.27704],[139.66325,35.27737],[139.66338,35.2776],[139.66376,35.27793],[139.66433,35.27827],[139.66461,35.2785],[139.66484,35.27884],[139.66489,35.27925],[139.66495,35.27937],[139.66505,35.27944],[139.66536,35.27952],[139.66572,35.28005],[139.66623,35.28033],[139.66631,35.2808],[139.66623,35.28132],[139.66605,35.28201],[139.66579,35.28261],[139.66546,35.28305],[139.66527,35.2832],[139.66484,35.28339],[139.6646,35.28341],[139.66421,35.28349],[139.66394,35.2836],[139.66379,35.28373],[139.66369,35.28403],[139.66354,35.28412],[139.66331,35.28418],[139.66271,35.28421],[139.66251,35.28426],[139.6624,35.28433],[139.66236,35.2845],[139.66272,35.28485]]],[[[139.65787,35.47746],[139.65708,35.47755],[139.65676,35.47766],[139.65621,35.47797],[139.65547,35.4786],[139.65516,35.47898],[139.65508,35.47926],[139.65521,35.47967],[139.65562,35.48032],[139.65566,35.48061],[139.65553,35.48074],[139.65482,35.48099],[139.65456,35.4812],[139.65449,35.48129],[139.6545,35.48138],[139.65475,35.48158],[139.65499,35.4817],[139.65618,35.48208],[139.65723,35.48231],[139.65807,35.48233],[139.65842,35.48226],[139.65871,35.48214],[139.65895,35.48196],[139.65914,35.48173],[139.65975,35.48068],[139.65993,35.4805],[139.66007,35.48047],[139.6602,35.48033],[139.66031,35.48001],[139.66044,35.47918],[139.66049,35.4782],[139.66039,35.47757],[139.66024,35.47734],[139.65991,35.47719],[139.65942,35.47709],[139.65889,35.4771],[139.65853,35.47719],[139.65787,35.47746]]],[[[139.68037,35.50407],[139.68041,35.50425],[139.68064,35.50448],[139.68131,35.50489],[139.68196,35.50516],[139.68241,35.50529],[139.684,35.5056],[139.68598,35.50627],[139.6867,35.50643],[139.68698,35.50642],[139.68721,35.50635],[139.68738,35.50622],[139.68749,35.50603],[139.68755,35.50578],[139.68756,35.50521],[139.68762,35.50482],[139.68774,35.50461],[139.68791,35.50459],[139.68818,35.50478],[139.6883,35.50494],[139.68839,35.50545],[139.6885,35.50569],[139.68864,35.5058],[139.68884,35.50587],[139.68912,35.50585],[139.68937,35.50567],[139.68966,35.50529],[139.68983,35.50519],[139.69001,35.50516],[139.69032,35.50521],[139.6905,35.50519],[139.69075,35.50507],[139.6911,35.50474],[139.6913,35.5047],[139.69162,35.50477],[139.69176,35.50469],[139.69184,35.50459],[139.69189,35.50437],[139.69178,35.50405],[139.69179,35.5036],[139.69199,35.50255],[139.69228,35.50148],[139.69248,35.50112],[139.69263,35.50104],[139.69295,35.50097],[139.69298,35.50091],[139.6929,35.50069],[139.69294,35.50051],[139.69341,35.4998],[139.69358,35.49946],[139.69362,35.49909],[139.69359,35.49891],[139.69312,35.49797],[139.69311,35.49768],[139.69327,35.49744],[139.69388,35.49705],[139.69413,35.49681],[139.69433,35.49653],[139.69464,35.49591],[139.69481,35.4957],[139.69499,35.49556],[139.69548,35.49533],[139.69572,35.49509],[139.69594,35.49478],[139.69623,35.49457],[139.69646,35.4945],[139.69673,35.49448],[139.69704,35.49459],[139.69719,35.49485],[139.69729,35.49554],[139.69739,35.49567],[139.69752,35.49574],[139.69778,35.49565],[139.69799,35.49546],[139.6986,35.49461],[139.69885,35.49414],[139.69886,35.49401],[139.69881,35.49391],[139.69861,35.49378],[139.69813,35.49365],[139.69796,35.49356],[139.69788,35.49344],[139.69793,35.49313],[139.69787,35.49301],[139.6977,35.49294],[139.69711,35.49287],[139.69688,35.49267],[139.69679,35.49252],[139.69666,35.49182],[139.69669,35.491],[139.69675,35.49062],[139.69681,35.49048],[139.69574,35.49001],[139.69577,35.48995],[139.69462,35.48945],[139.69462,35.48953],[139.6945,35.48948],[139.69429,35.49011],[139.694,35.49005],[139.69321,35.49241],[139.69239,35.4923],[139.69249,35.49201],[139.69236,35.49198],[139.69222,35.49199],[139.69215,35.49221],[139.69183,35.49213],[139.6919,35.49188],[139.69143,35.49178],[139.69143,35.49189],[139.6915,35.49246],[139.6917,35.49287],[139.69203,35.49326],[139.69209,35.4935],[139.69206,35.49378],[139.69184,35.49452],[139.69179,35.49503],[139.69188,35.49696],[139.69183,35.49755],[139.69173,35.49773],[139.69151,35.49791],[139.69134,35.49819],[139.69084,35.49938],[139.69061,35.4998],[139.69024,35.50022],[139.68974,35.50049],[139.68959,35.50062],[139.6895,35.50077],[139.6894,35.50121],[139.68906,35.50148],[139.68896,35.50182],[139.6889,35.50264],[139.68859,35.50157],[139.68848,35.50141],[139.68816,35.50119],[139.68795,35.50073],[139.6879,35.50028],[139.688,35.49972],[139.68796,35.49953],[139.68774,35.4993],[139.68737,35.49909],[139.68711,35.49863],[139.68703,35.49817],[139.68697,35.49708],[139.68688,35.49673],[139.68674,35.49654],[139.68646,35.49648],[139.68626,35.49632],[139.6861,35.49544],[139.68601,35.49532],[139.68576,35.49515],[139.68569,35.49499],[139.68564,35.49438],[139.68576,35.49363],[139.68598,35.49317],[139.68638,35.49285],[139.68647,35.49239],[139.6863,35.49194],[139.68574,35.49138],[139.6856,35.49107],[139.68566,35.49088],[139.68612,35.49041],[139.6862,35.49022],[139.68618,35.4901],[139.68594,35.48977],[139.68527,35.48916],[139.68511,35.48893],[139.68508,35.48876],[139.68499,35.48868],[139.68473,35.48862],[139.68423,35.48863],[139.68383,35.48876],[139.68363,35.48894],[139.68353,35.48941],[139.68361,35.49013],[139.68359,35.49048],[139.68351,35.49077],[139.68315,35.49128],[139.68292,35.49181],[139.68281,35.49226],[139.68271,35.49306],[139.68273,35.49346],[139.68281,35.49374],[139.68297,35.49389],[139.68316,35.49397],[139.68331,35.49428],[139.68327,35.49523],[139.6834,35.49569],[139.68361,35.49587],[139.68421,35.49603],[139.6844,35.49613],[139.68451,35.49627],[139.68462,35.49669],[139.6849,35.49689],[139.68499,35.49707],[139.68496,35.49734],[139.68484,35.49765],[139.68469,35.49786],[139.68438,35.49809],[139.68426,35.49851],[139.68426,35.49901],[139.68433,35.49941],[139.68476,35.50079],[139.68471,35.50114],[139.68461,35.50127],[139.68425,35.50142],[139.68399,35.50145],[139.68293,35.50143],[139.68235,35.50135],[139.68213,35.50122],[139.68196,35.50104],[139.68145,35.50031],[139.68111,35.50006],[139.68042,35.49982],[139.67932,35.49968],[139.67885,35.49955],[139.67874,35.49945],[139.67865,35.4992],[139.67837,35.49901],[139.67827,35.49879],[139.67814,35.49707],[139.67806,35.49682],[139.67795,35.49671],[139.67776,35.49678],[139.67765,35.49693],[139.67748,35.49747],[139.67748,35.49817],[139.67764,35.49915],[139.67793,35.50036],[139.67828,35.50131],[139.67853,35.50176],[139.67922,35.50261],[139.67959,35.50338],[139.67982,35.50361],[139.68025,35.5039],[139.68037,35.50407]]],[[[139.71122,35.50018],[139.71157,35.50002],[139.71178,35.49984],[139.71187,35.49965],[139.71182,35.49944],[139.71163,35.49921],[139.71131,35.49896],[139.71028,35.49841],[139.70858,35.49767],[139.70812,35.49754],[139.70792,35.49755],[139.70764,35.49781],[139.70737,35.49828],[139.70721,35.49888],[139.70733,35.49924],[139.70777,35.49958],[139.70879,35.50009],[139.70897,35.50026],[139.70905,35.50051],[139.70911,35.50057],[139.70941,35.5006],[139.70965,35.50057],[139.71074,35.50032],[139.71122,35.50018]]],[[[139.72992,35.50303],[139.73023,35.50288],[139.73048,35.50257],[139.73075,35.50172],[139.7309,35.50149],[139.73112,35.50138],[139.73137,35.49906],[139.72851,35.49781],[139.72826,35.49817],[139.72824,35.49816],[139.72813,35.49853],[139.72789,35.49906],[139.72757,35.49961],[139.72707,35.50031],[139.72662,35.50079],[139.72609,35.50119],[139.72588,35.50146],[139.72569,35.50178],[139.7255,35.50233],[139.72544,35.5027],[139.72555,35.50285],[139.7258,35.50278],[139.72587,35.50255],[139.72596,35.50247],[139.72612,35.50242],[139.72648,35.5024],[139.72707,35.50254],[139.72791,35.503],[139.72847,35.50318],[139.72886,35.50322],[139.72946,35.50315],[139.72992,35.50303]]],[[[139.69651,35.50707],[139.69661,35.50694],[139.69665,35.50665],[139.69672,35.50646],[139.69701,35.50626],[139.69714,35.50608],[139.69721,35.5056],[139.69729,35.50544],[139.69745,35.50534],[139.69781,35.5053],[139.69804,35.50519],[139.69824,35.50472],[139.6983,35.50391],[139.69822,35.50313],[139.69803,35.50257],[139.69775,35.5022],[139.69763,35.50196],[139.69758,35.50157],[139.69768,35.50116],[139.6979,35.50087],[139.69811,35.50074],[139.69879,35.50052],[139.69897,35.50037],[139.69903,35.50024],[139.69905,35.49967],[139.69892,35.49876],[139.69874,35.49843],[139.69848,35.49824],[139.69813,35.49819],[139.69754,35.49833],[139.69702,35.49862],[139.69658,35.49908],[139.69625,35.49961],[139.69621,35.49979],[139.69627,35.49998],[139.69623,35.50009],[139.6961,35.5002],[139.69544,35.50056],[139.69529,35.50078],[139.69522,35.50114],[139.69514,35.50121],[139.69496,35.50124],[139.69486,35.50132],[139.69481,35.50161],[139.69489,35.5023],[139.69488,35.50267],[139.69481,35.5028],[139.69461,35.50284],[139.69447,35.50297],[139.69413,35.50371],[139.694,35.50432],[139.69398,35.50496],[139.69413,35.5058],[139.69434,35.50622],[139.69452,35.5064],[139.69493,35.50656],[139.69571,35.50652],[139.69589,35.50665],[139.69615,35.50704],[139.69633,35.5071],[139.69651,35.50707]]],[[[139.66356,35.50367],[139.66327,35.50429],[139.66332,35.50462],[139.66364,35.50484],[139.66413,35.50492],[139.66474,35.50488],[139.66542,35.50475],[139.66587,35.50477],[139.66602,35.50489],[139.66614,35.50544],[139.66642,35.50571],[139.66632,35.50597],[139.6656,35.5068],[139.6655,35.50709],[139.66562,35.50725],[139.66605,35.5073],[139.66624,35.5074],[139.66637,35.50786],[139.6665,35.50796],[139.66669,35.50798],[139.66679,35.50807],[139.66686,35.50834],[139.66687,35.5086],[139.66682,35.50887],[139.6667,35.50913],[139.66651,35.50937],[139.66602,35.50983],[139.66587,35.51005],[139.66576,35.51039],[139.66581,35.51075],[139.66594,35.51088],[139.66615,35.51091],[139.66643,35.51107],[139.66705,35.51167],[139.66736,35.51224],[139.66749,35.51298],[139.66761,35.5131],[139.66796,35.51317],[139.66812,35.51329],[139.66808,35.51376],[139.66819,35.51393],[139.6686,35.51411],[139.66944,35.51428],[139.6698,35.51453],[139.66989,35.51477],[139.66997,35.51525],[139.67016,35.51546],[139.67044,35.51558],[139.67058,35.5157],[139.6707,35.516],[139.67074,35.51639],[139.67087,35.51659],[139.67125,35.51674],[139.67183,35.51678],[139.67216,35.51687],[139.67252,35.51713],[139.67277,35.51751],[139.67306,35.51767],[139.67372,35.51773],[139.67483,35.51757],[139.67521,35.51756],[139.67545,35.5176],[139.67563,35.51779],[139.67579,35.51787],[139.67605,35.51787],[139.67616,35.51775],[139.67626,35.51753],[139.67651,35.5166],[139.67688,35.51597],[139.67743,35.51531],[139.67813,35.51478],[139.67895,35.51447],[139.67989,35.51434],[139.68061,35.51418],[139.68233,35.51361],[139.68362,35.51305],[139.68423,35.51273],[139.68462,35.51245],[139.68489,35.51212],[139.68507,35.51198],[139.68541,35.51191],[139.68596,35.51195],[139.68627,35.51189],[139.68659,35.51175],[139.68709,35.51141],[139.68735,35.5111],[139.68754,35.51072],[139.68766,35.51026],[139.6877,35.50976],[139.68764,35.50929],[139.68736,35.50863],[139.68704,35.50823],[139.68667,35.50787],[139.68583,35.50727],[139.68508,35.50692],[139.68363,35.50642],[139.6809,35.5056],[139.67978,35.50511],[139.6793,35.50476],[139.67905,35.50451],[139.67849,35.50363],[139.67835,35.50348],[139.67806,35.50327],[139.67784,35.50295],[139.67698,35.50122],[139.67664,35.50033],[139.67634,35.49902],[139.67622,35.49703],[139.67613,35.49651],[139.67599,35.49617],[139.67565,35.49586],[139.67572,35.49574],[139.67607,35.49559],[139.67619,35.49543],[139.67627,35.49509],[139.67624,35.49482],[139.67611,35.49457],[139.67588,35.49435],[139.67518,35.49398],[139.67498,35.49372],[139.67494,35.49356],[139.675,35.4932],[139.6755,35.4922],[139.67552,35.49179],[139.67541,35.4916],[139.67522,35.49143],[139.67445,35.49101],[139.67386,35.49079],[139.67334,35.49071],[139.6729,35.49075],[139.67269,35.49091],[139.67253,35.49142],[139.67258,35.49317],[139.6725,35.49344],[139.67219,35.49388],[139.67208,35.49454],[139.67201,35.49464],[139.67175,35.4947],[139.67159,35.49483],[139.671,35.49575],[139.67057,35.49625],[139.67022,35.49652],[139.66925,35.49714],[139.66912,35.49729],[139.66902,35.49753],[139.66883,35.4976],[139.66852,35.49762],[139.6683,35.49771],[139.66792,35.49797],[139.66726,35.49855],[139.66691,35.49871],[139.66644,35.49879],[139.66626,35.49895],[139.66606,35.49927],[139.66575,35.49948],[139.66487,35.49982],[139.66461,35.49999],[139.66448,35.50015],[139.66435,35.50021],[139.66405,35.50022],[139.66367,35.50016],[139.66341,35.5002],[139.66332,35.5003],[139.66322,35.50076],[139.66299,35.501],[139.66291,35.50114],[139.66289,35.5013],[139.66319,35.50203],[139.66321,35.50222],[139.66313,35.50256],[139.66314,35.50272],[139.6633,35.50292],[139.66357,35.5031],[139.66364,35.50329],[139.66356,35.50367]]],[[[139.72145,35.50397],[139.72087,35.50396],[139.72037,35.50383],[139.7201,35.50368],[139.71963,35.50328],[139.71934,35.50316],[139.71879,35.50307],[139.7182,35.5031],[139.71753,35.50329],[139.71701,35.50362],[139.71675,35.50387],[139.71648,35.50431],[139.71631,35.50441],[139.71611,35.50443],[139.71602,35.5045],[139.71595,35.5047],[139.71596,35.5047],[139.71602,35.50461],[139.71669,35.50487],[139.7171,35.50504],[139.71704,35.50513],[139.71819,35.50563],[139.71824,35.50555],[139.71843,35.50564],[139.71839,35.50571],[139.71917,35.50604],[139.71905,35.50623],[139.71975,35.5063],[139.72027,35.50657],[139.7205,35.50664],[139.72094,35.50668],[139.72138,35.50666],[139.72159,35.50657],[139.72155,35.5063],[139.72165,35.50609],[139.72191,35.50585],[139.72215,35.5057],[139.72262,35.50553],[139.72398,35.50524],[139.72453,35.50503],[139.72485,35.50485],[139.72509,35.50459],[139.72524,35.50426],[139.7253,35.50364],[139.72521,35.50327],[139.725,35.50302],[139.72467,35.50288],[139.72446,35.50285],[139.72382,35.50287],[139.7234,35.50295],[139.72295,35.50329],[139.72236,35.50346],[139.7221,35.50357],[139.72192,35.50387],[139.72145,35.50397]]],[[[139.71923,35.51525],[139.71867,35.51591],[139.71851,35.51625],[139.71852,35.51644],[139.71862,35.5166],[139.71884,35.51673],[139.71918,35.51684],[139.71991,35.51694],[139.72058,35.51692],[139.72102,35.51674],[139.72126,35.51645],[139.72155,35.5163],[139.72178,35.51631],[139.72234,35.51649],[139.7228,35.51657],[139.72331,35.5166],[139.72359,35.51653],[139.72378,35.51638],[139.72384,35.51628],[139.724,35.51534],[139.72409,35.51519],[139.72433,35.51503],[139.72441,35.5149],[139.72446,35.51462],[139.72442,35.51432],[139.72427,35.51411],[139.72391,35.51395],[139.72377,35.51382],[139.72365,35.51353],[139.72359,35.513],[139.72338,35.51266],[139.72302,35.51238],[139.72266,35.51226],[139.72237,35.51232],[139.7221,35.51255],[139.72214,35.512],[139.72204,35.51177],[139.72162,35.51151],[139.72118,35.51138],[139.72056,35.51134],[139.72023,35.51142],[139.71997,35.51158],[139.71971,35.51195],[139.71961,35.51241],[139.71968,35.51348],[139.71959,35.51386],[139.71934,35.5143],[139.71932,35.51446],[139.71938,35.51491],[139.71923,35.51525]]],[[[139.6992,35.50465],[139.6987,35.50488],[139.69861,35.505],[139.69856,35.50531],[139.69848,35.50546],[139.69798,35.50563],[139.69778,35.50582],[139.69766,35.50602],[139.69763,35.50633],[139.69774,35.50701],[139.69804,35.50787],[139.69829,35.5083],[139.69843,35.50845],[139.69873,35.50864],[139.69954,35.50875],[139.69964,35.50883],[139.69964,35.50899],[139.69951,35.50906],[139.69928,35.50911],[139.69827,35.50918],[139.69804,35.50928],[139.69799,35.50944],[139.69788,35.50951],[139.69756,35.50958],[139.69708,35.5096],[139.6968,35.50967],[139.69647,35.50988],[139.69625,35.51018],[139.69605,35.51036],[139.69591,35.51039],[139.69569,35.51034],[139.69541,35.51035],[139.69505,35.51045],[139.69466,35.51063],[139.69424,35.51095],[139.69387,35.51138],[139.69283,35.51185],[139.6924,35.5122],[139.6921,35.51266],[139.69175,35.51358],[139.69139,35.51506],[139.69147,35.51544],[139.69178,35.51585],[139.6918,35.51609],[139.69169,35.51658],[139.69155,35.51695],[139.69131,35.51735],[139.69112,35.51751],[139.69063,35.51774],[139.69048,35.51807],[139.68997,35.51817],[139.6897,35.51831],[139.6892,35.51873],[139.68859,35.51935],[139.68797,35.5198],[139.68755,35.51998],[139.68696,35.5201],[139.68653,35.52025],[139.68635,35.52038],[139.68622,35.52061],[139.68608,35.52074],[139.68596,35.52075],[139.68576,35.5207],[139.68555,35.52077],[139.68535,35.52101],[139.68515,35.52143],[139.68513,35.52163],[139.68521,35.52197],[139.68519,35.52208],[139.68503,35.52218],[139.68475,35.52219],[139.68456,35.52226],[139.68446,35.52249],[139.68433,35.52257],[139.68394,35.52263],[139.6832,35.52262],[139.68284,35.52253],[139.68259,35.52234],[139.68226,35.5223],[139.68099,35.52238],[139.68015,35.52251],[139.67953,35.52269],[139.67914,35.52293],[139.67897,35.52322],[139.67899,35.52354],[139.67905,35.52367],[139.67923,35.52386],[139.67951,35.52396],[139.68008,35.524],[139.68051,35.52413],[139.68069,35.52428],[139.6809,35.52475],[139.68107,35.52487],[139.68121,35.52489],[139.68136,35.52482],[139.68147,35.52444],[139.68166,35.52435],[139.68295,35.52462],[139.68422,35.52471],[139.68445,35.52481],[139.6845,35.52497],[139.68458,35.52505],[139.68474,35.5251],[139.68522,35.52514],[139.68543,35.52522],[139.68559,35.52538],[139.68578,35.52588],[139.68596,35.52614],[139.68612,35.52623],[139.68641,35.52627],[139.68658,35.52637],[139.68676,35.52669],[139.68694,35.52743],[139.68711,35.52785],[139.68729,35.52801],[139.6876,35.52807],[139.68769,35.5282],[139.68777,35.52857],[139.68782,35.52929],[139.68797,35.52971],[139.68814,35.52992],[139.68844,35.53015],[139.68869,35.53027],[139.68891,35.53031],[139.68901,35.53051],[139.68905,35.53171],[139.68893,35.53319],[139.68871,35.53398],[139.68837,35.53454],[139.68815,35.53474],[139.68791,35.53488],[139.68696,35.53516],[139.68642,35.53526],[139.68617,35.53519],[139.68603,35.53482],[139.68571,35.53466],[139.68514,35.53465],[139.68386,35.53475],[139.68327,35.53471],[139.6828,35.5345],[139.68241,35.53412],[139.68219,35.53399],[139.68172,35.53384],[139.68114,35.53374],[139.68071,35.53356],[139.68054,35.53338],[139.68034,35.533],[139.68018,35.53289],[139.67997,35.53286],[139.67948,35.53292],[139.67928,35.53288],[139.67914,35.53259],[139.67873,35.53248],[139.67865,35.53219],[139.67855,35.53206],[139.67823,35.53192],[139.67788,35.53187],[139.67758,35.53194],[139.67729,35.53221],[139.67712,35.53216],[139.67667,35.53191],[139.67628,35.53187],[139.67611,35.53192],[139.67596,35.53213],[139.6759,35.53262],[139.67579,35.53282],[139.67559,35.53294],[139.67498,35.53301],[139.67454,35.5332],[139.67418,35.53358],[139.67399,35.5339],[139.67392,35.53422],[139.67399,35.53432],[139.67426,35.53435],[139.67442,35.53445],[139.67438,35.53496],[139.67462,35.53522],[139.67483,35.53532],[139.67514,35.53539],[139.67573,35.53532],[139.67588,35.53534],[139.67599,35.5354],[139.6762,35.53563],[139.67636,35.53569],[139.67668,35.53566],[139.67699,35.53535],[139.67738,35.53525],[139.67757,35.53526],[139.67777,35.53532],[139.67786,35.53555],[139.67795,35.53559],[139.67914,35.53529],[139.67979,35.53525],[139.68044,35.53527],[139.68085,35.53536],[139.68116,35.53563],[139.68139,35.5357],[139.68167,35.53566],[139.68208,35.53542],[139.68219,35.53541],[139.68229,35.53549],[139.68253,35.53596],[139.68284,35.53617],[139.68372,35.53639],[139.68397,35.53653],[139.68412,35.53669],[139.68429,35.53676],[139.68472,35.53683],[139.68529,35.53685],[139.68568,35.53694],[139.68581,35.53706],[139.68592,35.53739],[139.68614,35.53756],[139.68756,35.53819],[139.68809,35.53855],[139.68885,35.53921],[139.68935,35.5394],[139.68971,35.54007],[139.68978,35.54006],[139.68989,35.53992],[139.69007,35.53981],[139.69066,35.53971],[139.69078,35.53955],[139.69083,35.53927],[139.69092,35.53919],[139.69154,35.53923],[139.69161,35.53917],[139.69165,35.53898],[139.69175,35.53889],[139.69216,35.53881],[139.69264,35.53849],[139.69277,35.53845],[139.69313,35.53851],[139.69361,35.53876],[139.69421,35.53918],[139.69484,35.53972],[139.69541,35.54028],[139.69553,35.54049],[139.69551,35.54055],[139.69533,35.54066],[139.69523,35.54083],[139.6952,35.54106],[139.6953,35.54125],[139.69556,35.54134],[139.69594,35.54136],[139.6962,35.54143],[139.69629,35.5415],[139.69635,35.54174],[139.69661,35.54181],[139.69685,35.5417],[139.69719,35.5412],[139.69751,35.54111],[139.69772,35.54092],[139.6982,35.53997],[139.69834,35.53979],[139.69875,35.53946],[139.69936,35.53833],[139.69982,35.53781],[139.70012,35.53759],[139.70073,35.53725],[139.70233,35.53657],[139.70265,35.53635],[139.7028,35.53612],[139.70281,35.53601],[139.70272,35.53579],[139.70242,35.53552],[139.70212,35.53537],[139.70154,35.53518],[139.70107,35.53492],[139.70085,35.53469],[139.70037,35.53396],[139.69983,35.53352],[139.69973,35.53318],[139.69978,35.53271],[139.69994,35.53241],[139.70022,35.53214],[139.70062,35.53192],[139.70179,35.53149],[139.70217,35.53124],[139.70235,35.53099],[139.70265,35.53088],[139.70347,35.53078],[139.70461,35.53077],[139.70543,35.5307],[139.70573,35.53063],[139.70592,35.53045],[139.70602,35.53045],[139.70613,35.53058],[139.70613,35.53087],[139.70569,35.53203],[139.70554,35.53283],[139.70558,35.53506],[139.7055,35.53531],[139.70522,35.53551],[139.70514,35.53576],[139.70528,35.53586],[139.70561,35.53595],[139.70684,35.53609],[139.70717,35.53605],[139.70746,35.53594],[139.70769,35.53577],[139.70788,35.53553],[139.70803,35.53522],[139.70817,35.53441],[139.70819,35.53345],[139.70828,35.5327],[139.70843,35.53216],[139.70866,35.53183],[139.70918,35.53156],[139.70942,35.53149],[139.70974,35.53146],[139.71019,35.53156],[139.71069,35.53186],[139.71102,35.5319],[139.71112,35.5318],[139.71103,35.53153],[139.71107,35.53148],[139.71124,35.53146],[139.71134,35.53133],[139.71139,35.53082],[139.71133,35.52994],[139.71118,35.52938],[139.71094,35.52897],[139.71058,35.52872],[139.70946,35.52848],[139.70931,35.52838],[139.70927,35.52823],[139.70918,35.52817],[139.70892,35.52816],[139.70854,35.52821],[139.70835,35.52818],[139.7082,35.528],[139.70809,35.52741],[139.70787,35.52714],[139.70742,35.52695],[139.70636,35.52674],[139.70613,35.52663],[139.70598,35.52642],[139.70599,35.52626],[139.70606,35.52611],[139.70642,35.52598],[139.70643,35.52582],[139.70636,35.52559],[139.70641,35.5254],[139.70653,35.5253],[139.70681,35.5252],[139.707,35.52502],[139.70717,35.52433],[139.70726,35.52426],[139.70745,35.52423],[139.70758,35.52417],[139.70771,35.52382],[139.70836,35.52331],[139.70849,35.5231],[139.70877,35.52237],[139.70892,35.52222],[139.70929,35.52205],[139.70945,35.52191],[139.7094,35.52138],[139.70948,35.52132],[139.70984,35.52124],[139.70997,35.52112],[139.71002,35.52097],[139.70991,35.52089],[139.70954,35.52085],[139.70929,35.52076],[139.70901,35.5206],[139.70852,35.52023],[139.70805,35.5197],[139.70794,35.51946],[139.70788,35.51903],[139.70779,35.51888],[139.70712,35.51852],[139.70619,35.51759],[139.70603,35.51751],[139.70572,35.51742],[139.70485,35.51753],[139.70423,35.51737],[139.70353,35.51694],[139.70311,35.51659],[139.70278,35.51623],[139.70254,35.51585],[139.7023,35.51528],[139.70209,35.51493],[139.70169,35.5145],[139.70122,35.51414],[139.70098,35.51374],[139.70096,35.51344],[139.70112,35.51295],[139.70115,35.51269],[139.70103,35.51239],[139.70077,35.51217],[139.7007,35.51169],[139.70077,35.51119],[139.70103,35.51024],[139.70111,35.50955],[139.70103,35.50926],[139.70078,35.50901],[139.70098,35.50888],[139.70179,35.50875],[139.70228,35.5086],[139.70248,35.50847],[139.70263,35.50823],[139.70293,35.50808],[139.70342,35.50801],[139.70398,35.50804],[139.70434,35.50817],[139.70461,35.50854],[139.70477,35.50866],[139.70558,35.50892],[139.70574,35.50901],[139.70599,35.50925],[139.70625,35.50929],[139.70675,35.50923],[139.70709,35.50934],[139.70727,35.50952],[139.70773,35.51024],[139.70796,35.51042],[139.70848,35.51072],[139.70849,35.51144],[139.70856,35.51174],[139.70875,35.51205],[139.70927,35.5126],[139.70943,35.51292],[139.70948,35.51315],[139.70943,35.51355],[139.70897,35.51447],[139.70892,35.51477],[139.70899,35.51488],[139.7092,35.51503],[139.70934,35.51523],[139.70989,35.51647],[139.71032,35.51686],[139.71049,35.5177],[139.71089,35.5182],[139.7112,35.51906],[139.71149,35.51949],[139.71192,35.51982],[139.71234,35.51999],[139.71283,35.52009],[139.71329,35.52009],[139.71368,35.51997],[139.71401,35.51973],[139.71444,35.51951],[139.71555,35.51915],[139.71607,35.51893],[139.71622,35.51881],[139.71633,35.51865],[139.71646,35.51811],[139.71644,35.51755],[139.71625,35.51715],[139.71601,35.51699],[139.71517,35.51676],[139.7148,35.51645],[139.71427,35.5165],[139.71405,35.51628],[139.71385,35.51618],[139.71269,35.51595],[139.71236,35.51573],[139.71215,35.51539],[139.71209,35.51517],[139.71204,35.51437],[139.71189,35.51365],[139.7117,35.51325],[139.71113,35.51239],[139.71098,35.51188],[139.71094,35.51139],[139.71083,35.51114],[139.71051,35.5109],[139.71003,35.51077],[139.70975,35.51061],[139.70952,35.51036],[139.70919,35.50965],[139.70883,35.50915],[139.7085,35.50887],[139.70777,35.50841],[139.70746,35.50807],[139.70738,35.50773],[139.70744,35.50752],[139.70756,35.50732],[139.7078,35.5071],[139.70849,35.50667],[139.70748,35.5062],[139.7067,35.50555],[139.70634,35.50551],[139.70567,35.5058],[139.70525,35.5058],[139.70484,35.50561],[139.70462,35.50542],[139.70446,35.5052],[139.70436,35.50482],[139.70444,35.50427],[139.70463,35.5039],[139.70506,35.50334],[139.70519,35.50289],[139.7051,35.50239],[139.70483,35.50207],[139.70478,35.50194],[139.70483,35.50171],[139.70502,35.5014],[139.70501,35.50128],[139.70491,35.50119],[139.70449,35.50102],[139.70436,35.50083],[139.70444,35.50058],[139.70499,35.50004],[139.70509,35.49983],[139.70499,35.49959],[139.70467,35.49937],[139.70417,35.49915],[139.70383,35.49908],[139.70357,35.4991],[139.70337,35.49924],[139.70316,35.49958],[139.70275,35.5006],[139.70227,35.50126],[139.70227,35.50158],[139.70243,35.50215],[139.70192,35.50244],[139.70176,35.5026],[139.70171,35.50274],[139.70176,35.50306],[139.70166,35.50319],[139.70124,35.50334],[139.7002,35.50351],[139.69971,35.5037],[139.69945,35.50402],[139.69932,35.50454],[139.6992,35.50465]],[[139.69608,35.52788],[139.6963,35.52806],[139.69693,35.52891],[139.69744,35.52932],[139.69765,35.52966],[139.69796,35.53052],[139.69816,35.53132],[139.69837,35.53233],[139.69842,35.53296],[139.69837,35.53318],[139.69824,35.53337],[139.69807,35.53346],[139.69776,35.53351],[139.69743,35.53379],[139.69717,35.53379],[139.69667,35.53363],[139.69641,35.5336],[139.69606,35.5337],[139.69568,35.53396],[139.69553,35.53401],[139.69546,35.53379],[139.69536,35.53366],[139.69518,35.53357],[139.69497,35.53354],[139.69477,35.53362],[139.69453,35.53383],[139.69448,35.534],[139.69453,35.53422],[139.6942,35.53429],[139.69346,35.53427],[139.69282,35.5342],[139.69239,35.53407],[139.69216,35.53389],[139.69215,35.53365],[139.69226,35.53338],[139.69229,35.53317],[139.69218,35.53296],[139.69199,35.53289],[139.69183,35.53276],[139.69171,35.53253],[139.69163,35.532],[139.69169,35.5312],[139.69182,35.53079],[139.69208,35.53033],[139.69209,35.53002],[139.69202,35.5297],[139.69207,35.52946],[139.69219,35.52935],[139.69247,35.52925],[139.69271,35.5291],[139.69283,35.52893],[139.69302,35.52851],[139.69337,35.52863],[139.69351,35.52859],[139.69365,35.52836],[139.69377,35.52799],[139.69383,35.5279],[139.69399,35.52782],[139.69425,35.52788],[139.69495,35.52828],[139.69565,35.52788],[139.69596,35.52784],[139.69608,35.52788]],[[139.69138,35.5199],[139.69169,35.51985],[139.69231,35.52001],[139.69267,35.52002],[139.69283,35.51994],[139.69304,35.51962],[139.69315,35.51958],[139.69327,35.51959],[139.6934,35.51966],[139.69353,35.5198],[139.6936,35.52018],[139.69371,35.52035],[139.69403,35.52061],[139.6945,35.52087],[139.69472,35.52107],[139.69483,35.52131],[139.6948,35.52185],[139.69488,35.52215],[139.69523,35.52263],[139.69595,35.52332],[139.69618,35.52371],[139.69631,35.52412],[139.69633,35.52457],[139.69628,35.52512],[139.69615,35.52548],[139.69602,35.52561],[139.69563,35.52578],[139.6941,35.52612],[139.69363,35.52627],[139.69315,35.52654],[139.69288,35.52686],[139.69232,35.52707],[139.69176,35.52714],[139.69104,35.52715],[139.6904,35.52711],[139.68991,35.52701],[139.68958,35.52686],[139.68935,35.52653],[139.68926,35.52623],[139.68933,35.52579],[139.68929,35.52566],[139.68907,35.52551],[139.6886,35.52537],[139.68844,35.52526],[139.68835,35.52513],[139.68839,35.52473],[139.68869,35.52435],[139.6887,35.52421],[139.68852,35.52393],[139.68796,35.5234],[139.68779,35.52302],[139.68781,35.52286],[139.68789,35.52275],[139.68805,35.52267],[139.68827,35.52264],[139.68853,35.52263],[139.68879,35.52247],[139.68888,35.52227],[139.68892,35.52178],[139.68902,35.52157],[139.68939,35.52145],[139.68947,35.5212],[139.68971,35.521],[139.69056,35.5206],[139.69099,35.52035],[139.69138,35.5199]],[[139.69873,35.51551],[139.6992,35.51561],[139.69953,35.51575],[139.69963,35.51589],[139.69971,35.51619],[139.69983,35.51628],[139.70002,35.51634],[139.7005,35.51637],[139.7007,35.51645],[139.70084,35.51679],[139.70119,35.51703],[139.70116,35.51738],[139.70137,35.51751],[139.70181,35.5176],[139.70196,35.51768],[139.7021,35.51782],[139.70232,35.51824],[139.70247,35.51888],[139.7026,35.52014],[139.70278,35.52111],[139.70294,35.52155],[139.70323,35.52193],[139.70338,35.5223],[139.70334,35.52323],[139.70341,35.52332],[139.70363,35.52338],[139.70368,35.52348],[139.70366,35.52373],[139.70356,35.52395],[139.70327,35.52422],[139.70278,35.52443],[139.702,35.52457],[139.70151,35.52453],[139.70081,35.52433],[139.70054,35.52431],[139.70012,35.52436],[139.69987,35.52432],[139.69956,35.52403],[139.69925,35.52325],[139.69893,35.52282],[139.69865,35.52268],[139.69804,35.52262],[139.69778,35.5225],[139.69768,35.52211],[139.69759,35.52197],[139.69716,35.52166],[139.69697,35.52146],[139.69681,35.52093],[139.69662,35.52079],[139.69633,35.52068],[139.6961,35.52047],[139.69573,35.51957],[139.69561,35.51944],[139.69542,35.51933],[139.69529,35.51915],[139.69519,35.51851],[139.69511,35.51841],[139.69493,35.51837],[139.69484,35.51828],[139.69484,35.51795],[139.69509,35.51699],[139.69509,35.51665],[139.695,35.51657],[139.69474,35.5165],[139.69461,35.51616],[139.6942,35.51607],[139.69402,35.51592],[139.69396,35.51565],[139.69411,35.51527],[139.69429,35.51507],[139.69444,35.515],[139.69488,35.51492],[139.6955,35.51493],[139.6975,35.51514],[139.69786,35.51514],[139.69819,35.51507],[139.69827,35.51514],[139.6983,35.5153],[139.69841,35.51539],[139.69873,35.51551]]],[[[139.71571,35.5273],[139.71545,35.52775],[139.71535,35.52849],[139.71542,35.52979],[139.71561,35.53088],[139.71604,35.53261],[139.71617,35.53333],[139.71613,35.53357],[139.71604,35.53369],[139.71547,35.53397],[139.71534,35.53424],[139.71539,35.53455],[139.7157,35.53494],[139.71578,35.53514],[139.71572,35.53653],[139.71585,35.53674],[139.71607,35.53679],[139.71633,35.5367],[139.71673,35.53644],[139.71691,35.53643],[139.71716,35.53665],[139.71751,35.53726],[139.71783,35.53753],[139.71825,35.53775],[139.71962,35.53827],[139.71989,35.53844],[139.72031,35.53884],[139.72065,35.53904],[139.72116,35.53924],[139.72156,35.53927],[139.72171,35.53923],[139.72186,35.5391],[139.72195,35.53875],[139.72186,35.5383],[139.72171,35.53786],[139.72154,35.53753],[139.7214,35.53739],[139.72078,35.537],[139.71925,35.53654],[139.71858,35.53624],[139.71818,35.53591],[139.71806,35.5356],[139.71812,35.53493],[139.71856,35.53363],[139.71882,35.53237],[139.71891,35.53138],[139.71896,35.52937],[139.71906,35.52852],[139.71917,35.52831],[139.7193,35.52833],[139.7194,35.52842],[139.71947,35.52868],[139.7195,35.52906],[139.71965,35.5293],[139.71984,35.52935],[139.72023,35.5293],[139.72046,35.52933],[139.72075,35.52951],[139.72089,35.52972],[139.72107,35.53025],[139.72117,35.53076],[139.72132,35.53237],[139.72126,35.53296],[139.72116,35.53314],[139.72098,35.53325],[139.72091,35.53335],[139.72085,35.53356],[139.72088,35.5338],[139.72098,35.53397],[139.72135,35.53422],[139.72145,35.53455],[139.72171,35.53462],[139.72182,35.53473],[139.72193,35.53515],[139.72199,35.53637],[139.72215,35.53688],[139.72231,35.53707],[139.72252,35.53718],[139.72313,35.53732],[139.7234,35.53733],[139.72353,35.53729],[139.72376,35.5371],[139.72386,35.53694],[139.72405,35.53651],[139.7244,35.53524],[139.72454,35.53497],[139.72468,35.53485],[139.7248,35.53482],[139.72485,35.53468],[139.7248,35.53426],[139.72463,35.53363],[139.7246,35.53327],[139.72472,35.53285],[139.72499,35.53258],[139.7251,35.53233],[139.72507,35.53216],[139.72484,35.53172],[139.72477,35.5313],[139.72471,35.52972],[139.72463,35.529],[139.72454,35.52874],[139.72428,35.52849],[139.72432,35.52778],[139.72424,35.52768],[139.72389,35.52763],[139.72374,35.52753],[139.72372,35.52742],[139.7238,35.52712],[139.72375,35.52699],[139.7234,35.52692],[139.72303,35.5266],[139.7228,35.52659],[139.72251,35.52665],[139.72228,35.52661],[139.72203,35.52629],[139.72188,35.52621],[139.72166,35.5262],[139.72136,35.52626],[139.7208,35.52648],[139.72061,35.52665],[139.72057,35.52682],[139.72048,35.52693],[139.71966,35.52738],[139.71953,35.52749],[139.71943,35.52773],[139.71922,35.52773],[139.71886,35.52761],[139.7184,35.52734],[139.71786,35.52686],[139.71766,35.52682],[139.71746,35.52687],[139.71729,35.52686],[139.71699,35.52658],[139.71669,35.5265],[139.7165,35.52657],[139.71643,35.52681],[139.71628,35.52698],[139.71571,35.5273]]],[[[139.73259,35.53123],[139.73275,35.53115],[139.7329,35.53094],[139.73297,35.53072],[139.73299,35.53055],[139.73294,35.5304],[139.73262,35.53018],[139.73255,35.53005],[139.73259,35.52913],[139.73244,35.52887],[139.73192,35.52848],[139.7316,35.52798],[139.73144,35.52788],[139.73123,35.52788],[139.73096,35.52803],[139.73052,35.52846],[139.72986,35.52878],[139.72965,35.52908],[139.72953,35.52953],[139.72943,35.5308],[139.72939,35.53362],[139.72931,35.53496],[139.72922,35.53552],[139.72902,35.53597],[139.7289,35.53642],[139.72869,35.53836],[139.72877,35.53914],[139.72889,35.53944],[139.72906,35.53968],[139.72929,35.53986],[139.72956,35.53998],[139.72989,35.54004],[139.73027,35.54004],[139.7306,35.53998],[139.73087,35.53986],[139.7311,35.53968],[139.73127,35.53944],[139.73139,35.53914],[139.73146,35.53878],[139.73142,35.5371],[139.73147,35.53633],[139.73157,35.53611],[139.73175,35.53598],[139.73183,35.53583],[139.73189,35.53523],[139.73196,35.53496],[139.73206,35.53487],[139.73225,35.53483],[139.73234,35.53469],[139.73251,35.53327],[139.7327,35.53286],[139.7329,35.53267],[139.73314,35.53237],[139.73316,35.53224],[139.73311,35.53212],[139.73288,35.53197],[139.73229,35.53186],[139.7322,35.53177],[139.73216,35.53163],[139.73218,35.53141],[139.73225,35.53131],[139.73234,35.53126],[139.73259,35.53123]]],[[[139.74055,35.53231],[139.74078,35.53251],[139.7413,35.53279],[139.74151,35.533],[139.74169,35.53327],[139.74197,35.53404],[139.74199,35.53428],[139.74191,35.53465],[139.74192,35.5348],[139.74201,35.53494],[139.74236,35.53519],[139.74253,35.53537],[139.74271,35.53575],[139.74296,35.53661],[139.7433,35.53706],[139.7433,35.53731],[139.74307,35.53786],[139.74308,35.53811],[139.74318,35.53838],[139.74346,35.53882],[139.7436,35.5392],[139.74369,35.53968],[139.74377,35.54081],[139.74401,35.54124],[139.7442,35.54139],[139.74472,35.54159],[139.74505,35.54163],[139.74607,35.5416],[139.74675,35.54147],[139.747,35.54133],[139.74714,35.54117],[139.74739,35.54102],[139.74794,35.54089],[139.7481,35.54064],[139.74813,35.54004],[139.74806,35.53979],[139.74795,35.53961],[139.74752,35.53941],[139.74743,35.53933],[139.74743,35.53921],[139.74759,35.53892],[139.74705,35.53854],[139.74649,35.53846],[139.74637,35.53837],[139.74631,35.5381],[139.74638,35.53769],[139.74625,35.53721],[139.74603,35.53685],[139.74557,35.53628],[139.74528,35.53585],[139.74522,35.53564],[139.74528,35.53545],[139.74523,35.53518],[139.74483,35.53453],[139.74464,35.53401],[139.74455,35.53297],[139.74443,35.53245],[139.74429,35.53219],[139.74396,35.53185],[139.7439,35.5317],[139.74393,35.53157],[139.74416,35.53132],[139.74426,35.53107],[139.74429,35.53065],[139.74423,35.5303],[139.74405,35.53001],[139.7439,35.52993],[139.74364,35.52987],[139.7435,35.5297],[139.74329,35.52917],[139.74295,35.52794],[139.74274,35.52747],[139.74251,35.5272],[139.74211,35.52701],[139.74152,35.52688],[139.74087,35.52682],[139.74046,35.52687],[139.74012,35.52713],[139.7396,35.52721],[139.73946,35.52728],[139.73934,35.5275],[139.73929,35.52791],[139.73918,35.52772],[139.73902,35.52757],[139.73855,35.5274],[139.73734,35.52726],[139.73661,35.5273],[139.73641,35.52745],[139.73644,35.52788],[139.7363,35.52801],[139.73598,35.52812],[139.73469,35.52833],[139.73437,35.52851],[139.73422,35.52876],[139.7343,35.52924],[139.73456,35.52962],[139.73481,35.5298],[139.73566,35.53016],[139.73586,35.53032],[139.73593,35.53046],[139.73601,35.53124],[139.73597,35.53229],[139.73584,35.53257],[139.73565,35.53262],[139.73555,35.53269],[139.73547,35.533],[139.73549,35.5333],[139.73555,35.53342],[139.73565,35.53349],[139.73583,35.53353],[139.7359,35.53363],[139.73592,35.53395],[139.73585,35.53442],[139.73589,35.53469],[139.7361,35.53499],[139.73648,35.53518],[139.73674,35.53541],[139.73692,35.53605],[139.73711,35.53612],[139.73746,35.53607],[139.73756,35.53616],[139.73751,35.53637],[139.7373,35.53658],[139.73694,35.53673],[139.73633,35.53687],[139.73614,35.53697],[139.73603,35.53711],[139.73603,35.53735],[139.73614,35.53748],[139.73633,35.53759],[139.73695,35.53773],[139.73735,35.53787],[139.73797,35.5384],[139.73841,35.53851],[139.73848,35.53864],[139.73849,35.53892],[139.73878,35.53376],[139.73895,35.53285],[139.7392,35.53257],[139.73927,35.53231],[139.73938,35.53092],[139.73946,35.53073],[139.73957,35.53068],[139.73971,35.53076],[139.73991,35.53103],[139.74027,35.53187],[139.74055,35.53231]]],[[[139.67164,35.55455],[139.67166,35.55497],[139.67181,35.55538],[139.67182,35.55548],[139.67175,35.55564],[139.67155,35.55573],[139.67072,35.55582],[139.67056,35.55589],[139.67043,35.55605],[139.67027,35.55611],[139.67005,35.55612],[139.66943,35.55606],[139.66919,35.55611],[139.669,35.55634],[139.66893,35.55672],[139.66869,35.55688],[139.6685,35.55692],[139.66798,35.55693],[139.66694,35.55683],[139.66642,35.55692],[139.66623,35.55704],[139.66608,35.55719],[139.66594,35.55763],[139.66598,35.55816],[139.66606,35.55839],[139.66633,35.55875],[139.66652,35.5589],[139.66702,35.55909],[139.66784,35.55921],[139.6683,35.55917],[139.66838,35.55912],[139.66852,35.55881],[139.66877,35.55867],[139.6699,35.55836],[139.67042,35.55816],[139.67059,35.55801],[139.67066,35.55777],[139.67081,35.55766],[139.67126,35.55756],[139.67212,35.55751],[139.67242,35.55741],[139.67262,35.55726],[139.67287,35.55679],[139.67302,35.55669],[139.6732,35.55665],[139.67341,35.55666],[139.67372,35.55676],[139.67425,35.55711],[139.67452,35.55722],[139.67502,35.55732],[139.67589,35.55729],[139.67612,35.55718],[139.67623,35.55692],[139.67639,35.55688],[139.67658,35.5569],[139.67674,35.55699],[139.6769,35.55718],[139.67701,35.55724],[139.67715,35.55726],[139.67754,35.5572],[139.67772,35.55725],[139.67789,35.55738],[139.67811,35.55774],[139.67834,35.558],[139.67891,35.55834],[139.68001,35.55868],[139.68042,35.55877],[139.6807,35.55876],[139.68067,35.55851],[139.68102,35.55842],[139.68128,35.55825],[139.68157,35.55796],[139.68181,35.55756],[139.68192,35.55706],[139.68193,35.5565],[139.68185,35.55606],[139.6817,35.55579],[139.68153,35.55569],[139.6811,35.55561],[139.67988,35.55567],[139.67913,35.55563],[139.6786,35.5555],[139.67753,35.55508],[139.67665,35.55578],[139.67615,35.55606],[139.67579,35.55611],[139.67542,35.55593],[139.6753,35.55578],[139.67499,35.55517],[139.6748,35.55501],[139.67431,35.55474],[139.67417,35.5545],[139.67413,35.55417],[139.67431,35.55325],[139.67432,35.55265],[139.67422,35.55233],[139.67388,35.55188],[139.67378,35.55163],[139.67383,35.55144],[139.67401,35.55129],[139.67469,35.55108],[139.67495,35.5509],[139.67504,35.55073],[139.67513,35.5502],[139.67533,35.54991],[139.67563,35.54962],[139.67586,35.54927],[139.67624,35.54849],[139.67676,35.54719],[139.67716,35.54649],[139.6773,35.54639],[139.67743,35.54643],[139.67738,35.54704],[139.67747,35.54722],[139.67755,35.54728],[139.67782,35.54733],[139.67838,35.54728],[139.67877,35.54732],[139.6789,35.54742],[139.67899,35.54769],[139.67914,35.54774],[139.68008,35.54754],[139.68052,35.5475],[139.68127,35.54752],[139.68179,35.54759],[139.68221,35.5477],[139.68253,35.54785],[139.68305,35.54841],[139.68332,35.54854],[139.68352,35.54855],[139.68368,35.54847],[139.68376,35.54827],[139.68373,35.54733],[139.68381,35.54697],[139.68401,35.54668],[139.68416,35.54656],[139.68472,35.54628],[139.68511,35.546],[139.68527,35.54568],[139.6852,35.54542],[139.68505,35.54536],[139.68494,35.54537],[139.68389,35.54578],[139.68364,35.54584],[139.68333,35.54584],[139.6831,35.54578],[139.68285,35.54555],[139.68267,35.54549],[139.68225,35.54548],[139.68167,35.54554],[139.68124,35.54549],[139.68107,35.54539],[139.68082,35.54505],[139.68059,35.54495],[139.68039,35.54494],[139.67998,35.54505],[139.67945,35.5454],[139.67906,35.54555],[139.6786,35.54562],[139.67804,35.54558],[139.67803,35.54554],[139.67823,35.5454],[139.67828,35.54519],[139.67822,35.54488],[139.67809,35.54468],[139.67773,35.54443],[139.6768,35.5441],[139.6762,35.54375],[139.67575,35.54321],[139.67564,35.54293],[139.67561,35.54268],[139.67552,35.54254],[139.67526,35.54239],[139.67487,35.54229],[139.67464,35.54218],[139.67436,35.54194],[139.67406,35.54156],[139.67389,35.54148],[139.67371,35.54149],[139.67317,35.54171],[139.67227,35.54184],[139.67206,35.54199],[139.67188,35.54222],[139.67163,35.54284],[139.67158,35.54333],[139.67168,35.54358],[139.67182,35.54374],[139.67194,35.54379],[139.67214,35.5438],[139.6723,35.54373],[139.67243,35.54361],[139.67252,35.54326],[139.67243,35.54266],[139.67251,35.54254],[139.67268,35.54247],[139.67306,35.54246],[139.67336,35.54252],[139.67373,35.54281],[139.67424,35.5428],[139.67434,35.54297],[139.67436,35.54312],[139.67428,35.54386],[139.67393,35.5452],[139.67379,35.54549],[139.67346,35.5459],[139.6734,35.5463],[139.67328,35.54659],[139.67274,35.5473],[139.67242,35.54784],[139.67202,35.54878],[139.67179,35.5495],[139.67175,35.54982],[139.67188,35.55009],[139.67206,35.55019],[139.67257,35.55034],[139.6719,35.55049],[139.67175,35.55059],[139.67185,35.55078],[139.67229,35.55114],[139.67239,35.55147],[139.67211,35.55244],[139.67219,35.55314],[139.67217,35.55342],[139.67209,35.55371],[139.67174,35.55427],[139.67164,35.55455]]],[[[139.64823,35.57538],[139.64826,35.57593],[139.64833,35.5762],[139.64844,35.57637],[139.6488,35.57648],[139.64895,35.57664],[139.64906,35.57711],[139.64916,35.5785],[139.64925,35.57889],[139.64945,35.57939],[139.64979,35.57982],[139.65018,35.58001],[139.65037,35.58017],[139.65061,35.58057],[139.65096,35.58141],[139.6511,35.58161],[139.65142,35.5819],[139.65152,35.58232],[139.65158,35.58343],[139.65174,35.5839],[139.6519,35.58409],[139.65229,35.58437],[139.65242,35.58472],[139.65261,35.58479],[139.65295,35.58472],[139.65323,35.58454],[139.65338,35.58431],[139.65331,35.58393],[139.65344,35.58389],[139.65362,35.58391],[139.65372,35.584],[139.65377,35.5842],[139.65388,35.58433],[139.65494,35.58498],[139.65513,35.58515],[139.65546,35.58561],[139.65576,35.58576],[139.65636,35.58595],[139.65658,35.58614],[139.65672,35.58638],[139.65692,35.58652],[139.65741,35.58666],[139.65786,35.58673],[139.65808,35.58666],[139.65827,35.58649],[139.65843,35.58622],[139.65869,35.58539],[139.65883,35.58417],[139.65898,35.58216],[139.65924,35.58098],[139.65935,35.58077],[139.65948,35.58065],[139.65986,35.58052],[139.66004,35.58036],[139.66018,35.58015],[139.66034,35.57967],[139.6605,35.5795],[139.66092,35.57956],[139.66129,35.57952],[139.66168,35.57935],[139.66178,35.57909],[139.66193,35.57899],[139.66238,35.57895],[139.66269,35.57899],[139.66285,35.57909],[139.66287,35.57925],[139.66295,35.57935],[139.66338,35.57946],[139.66391,35.57992],[139.66433,35.58004],[139.66523,35.58012],[139.66546,35.58022],[139.66559,35.58037],[139.66569,35.58079],[139.666,35.58104],[139.66655,35.58123],[139.66739,35.58141],[139.66774,35.58143],[139.66797,35.58137],[139.66809,35.58121],[139.66811,35.58098],[139.66818,35.58086],[139.66829,35.58079],[139.66846,35.58076],[139.66885,35.58082],[139.6691,35.58098],[139.66937,35.58125],[139.66958,35.5813],[139.66979,35.58118],[139.67002,35.58076],[139.6704,35.5796],[139.67086,35.57763],[139.67079,35.57743],[139.67032,35.5772],[139.67022,35.57702],[139.67023,35.57657],[139.67038,35.57595],[139.67033,35.57565],[139.67011,35.57549],[139.66995,35.57545],[139.66881,35.5755],[139.66815,35.57542],[139.66708,35.5752],[139.66647,35.57527],[139.66609,35.57515],[139.66593,35.57502],[139.66591,35.57482],[139.66606,35.57455],[139.66686,35.57367],[139.66702,35.57329],[139.66693,35.57312],[139.66654,35.57284],[139.66641,35.57251],[139.6662,35.57238],[139.66562,35.57219],[139.66546,35.57203],[139.66538,35.57182],[139.66539,35.57132],[139.66549,35.57106],[139.66567,35.57094],[139.66578,35.57074],[139.66591,35.56981],[139.66587,35.56813],[139.66574,35.56758],[139.66551,35.56726],[139.66556,35.56709],[139.66576,35.56693],[139.66609,35.56682],[139.66653,35.56678],[139.667,35.5668],[139.66737,35.56689],[139.6677,35.56709],[139.6681,35.56726],[139.66938,35.56757],[139.66995,35.56761],[139.67082,35.56754],[139.67219,35.56787],[139.67307,35.56792],[139.67362,35.56788],[139.67389,35.56777],[139.67394,35.56762],[139.67402,35.56756],[139.67418,35.56754],[139.67476,35.56761],[139.67497,35.56753],[139.6752,35.5668],[139.67575,35.56581],[139.67583,35.5655],[139.67581,35.56539],[139.67566,35.56525],[139.67519,35.56522],[139.67469,35.56532],[139.67435,35.56552],[139.67408,35.5656],[139.67348,35.56566],[139.67269,35.56565],[139.67171,35.5655],[139.67088,35.56521],[139.67045,35.56512],[139.67027,35.56514],[139.67,35.56539],[139.66969,35.56543],[139.66956,35.56536],[139.66949,35.56514],[139.66941,35.56508],[139.66843,35.56512],[139.66781,35.56483],[139.66708,35.56476],[139.66679,35.5648],[139.66656,35.5649],[139.66641,35.56505],[139.66621,35.56544],[139.66605,35.56557],[139.66572,35.56565],[139.66538,35.5656],[139.66528,35.56539],[139.66554,35.56466],[139.66553,35.56433],[139.6654,35.56418],[139.66527,35.56412],[139.66482,35.56406],[139.66465,35.56399],[139.66447,35.56378],[139.66427,35.56331],[139.6641,35.56319],[139.66396,35.56317],[139.66381,35.56295],[139.66356,35.56206],[139.66315,35.56],[139.66288,35.5592],[139.66272,35.55892],[139.66256,35.55871],[139.66238,35.55859],[139.66218,35.55854],[139.6612,35.55871],[139.66094,35.55879],[139.66078,35.55904],[139.66071,35.55955],[139.66072,35.56044],[139.66082,35.56082],[139.66094,35.56092],[139.66106,35.56094],[139.66113,35.56106],[139.66116,35.56129],[139.66107,35.56217],[139.66117,35.56263],[139.66171,35.56345],[139.66181,35.56401],[139.66189,35.56422],[139.66215,35.56451],[139.66252,35.56478],[139.66267,35.56502],[139.66271,35.56531],[139.66265,35.56566],[139.66243,35.56619],[139.66226,35.56644],[139.66207,35.5666],[139.66169,35.56675],[139.66154,35.56686],[139.66129,35.56724],[139.66109,35.56739],[139.6606,35.56759],[139.65975,35.56783],[139.65948,35.56796],[139.65933,35.56811],[139.65928,35.56836],[139.6592,35.56851],[139.65882,35.56877],[139.65817,35.56895],[139.6575,35.5689],[139.65741,35.56897],[139.65732,35.56926],[139.65689,35.56948],[139.65637,35.56961],[139.65503,35.56984],[139.65441,35.57],[139.65421,35.57012],[139.65404,35.57029],[139.65382,35.5704],[139.65293,35.57069],[139.65238,35.57092],[139.65178,35.57132],[139.65144,35.5715],[139.65076,35.57162],[139.64963,35.57158],[139.64909,35.57165],[139.64894,35.57179],[139.64897,35.57231],[139.6489,35.57238],[139.64878,35.57239],[139.64849,35.5725],[139.64824,35.57265],[139.64748,35.57329],[139.64722,35.57367],[139.64715,35.57391],[139.64717,35.57413],[139.64725,35.57432],[139.64741,35.57448],[139.64789,35.57474],[139.64808,35.57495],[139.64823,35.57538]],[[139.65682,35.57171],[139.65756,35.57146],[139.65777,35.57129],[139.65776,35.57091],[139.65785,35.57081],[139.658,35.57073],[139.65844,35.57068],[139.65882,35.57075],[139.65945,35.57096],[139.65965,35.57098],[139.65988,35.57093],[139.66007,35.57078],[139.66017,35.57045],[139.66049,35.57036],[139.66059,35.57027],[139.66065,35.57012],[139.6607,35.56962],[139.66081,35.56943],[139.66113,35.56927],[139.66145,35.56925],[139.66175,35.5693],[139.66206,35.56947],[139.66226,35.56985],[139.66239,35.56997],[139.66269,35.57],[139.66325,35.56985],[139.66377,35.56989],[139.66416,35.57],[139.6647,35.57026],[139.66493,35.57043],[139.66506,35.5706],[139.66509,35.57077],[139.66501,35.57104],[139.66446,35.57177],[139.66436,35.57203],[139.66438,35.57216],[139.66449,35.57231],[139.66465,35.57239],[139.665,35.57246],[139.66508,35.57261],[139.66507,35.57272],[139.66495,35.57286],[139.66453,35.57304],[139.66442,35.57331],[139.66471,35.57477],[139.66463,35.57589],[139.66468,35.57613],[139.6648,35.57629],[139.66518,35.57646],[139.66552,35.57676],[139.66566,35.57698],[139.66568,35.57718],[139.66555,35.57736],[139.66506,35.57757],[139.66458,35.57766],[139.66414,35.57765],[139.66355,35.57744],[139.66285,35.57695],[139.66251,35.57676],[139.66199,35.57659],[139.66152,35.57656],[139.66121,35.57669],[139.661,35.57707],[139.66066,35.57732],[139.66031,35.57743],[139.65928,35.5776],[139.65903,35.57768],[139.65885,35.57784],[139.6586,35.57793],[139.65777,35.57802],[139.65592,35.57805],[139.65472,35.57814],[139.65411,35.57825],[139.653,35.57861],[139.65235,35.57857],[139.65201,35.57874],[139.65192,35.57863],[139.65186,35.57833],[139.65182,35.57726],[139.65175,35.57665],[139.65165,35.57642],[139.65146,35.57628],[139.65134,35.57604],[139.65121,35.57504],[139.65109,35.57483],[139.65059,35.57445],[139.65046,35.57422],[139.6505,35.57412],[139.65069,35.57404],[139.65155,35.57397],[139.65213,35.57397],[139.65275,35.5739],[139.653,35.57383],[139.65328,35.57359],[139.65408,35.57346],[139.65434,35.57321],[139.65456,35.57261],[139.65487,35.57232],[139.65509,35.5722],[139.65568,35.57197],[139.65682,35.57171]]]]}}]}