{"type":"FeatureCollection","features":[{"type":"Feature","properties":{},"geometry":{"type":"MultiPolygon","coordinates":[[[[139.13783,35.15002],[139.13798,35.15025],[139.13815,35.15035],[139.13857,35.15039],[139.13915,35.15035],[139.13943,35.15042],[139.13961,35.15059],[139.13966,35.15071],[139.13975,35.15128],[139.13993,35.15145],[139.14006,35.1515],[139.1404,35.15152],[139.14114,35.15147],[139.14157,35.15155],[139.14178,35.15165],[139.14211,35.15191],[139.14217,35.15201],[139.14244,35.15195],[139.14252,35.15229],[139.14252,35.15205],[139.14361,35.15188],[139.14492,35.15132],[139.14523,35.15183],[139.14533,35.15179],[139.14516,35.15153],[139.14581,35.15124],[139.14564,35.15093],[139.14586,35.151],[139.14626,35.15074],[139.14634,35.15084],[139.14657,35.15089],[139.14665,35.15077],[139.1469,35.15076],[139.14711,35.15136],[139.14723,35.15133],[139.14685,35.1504],[139.14816,35.1501],[139.14864,35.15011],[139.14863,35.1498],[139.14853,35.14986],[139.14834,35.14978],[139.14835,35.14971],[139.14898,35.148],[139.14924,35.14762],[139.1493,35.1477],[139.14944,35.1477],[139.14949,35.14755],[139.14986,35.14735],[139.14989,35.14717],[139.15034,35.14705],[139.15031,35.14698],[139.15047,35.14692],[139.15047,35.14678],[139.15094,35.14679],[139.15103,35.14695],[139.15123,35.14683],[139.15127,35.14694],[139.15175,35.14685],[139.1517,35.14679],[139.1519,35.14667],[139.15199,35.14667],[139.15188,35.14678],[139.15202,35.14689],[139.15218,35.14666],[139.15244,35.14676],[139.15264,35.14705],[139.15295,35.14712],[139.15319,35.1474],[139.15325,35.1474],[139.15336,35.14746],[139.15333,35.14759],[139.15351,35.1476],[139.15358,35.14735],[139.15375,35.14743],[139.15381,35.14758],[139.1539,35.14752],[139.15393,35.14757],[139.15402,35.14738],[139.15442,35.14742],[139.15482,35.14764],[139.15487,35.14785],[139.15497,35.14794],[139.15503,35.14789],[139.15496,35.14771],[139.15514,35.14763],[139.15526,35.14781],[139.15538,35.14763],[139.15555,35.14774],[139.15588,35.1477],[139.15593,35.1478],[139.15618,35.14769],[139.15625,35.14761],[139.15622,35.1475],[139.15641,35.14753],[139.15629,35.1474],[139.15647,35.14741],[139.1563,35.14715],[139.15646,35.14701],[139.15696,35.1473],[139.15724,35.14739],[139.15768,35.14728],[139.15826,35.1462],[139.15863,35.14587],[139.15863,35.14579],[139.15881,35.14572],[139.15922,35.14533],[139.15913,35.14508],[139.1586,35.1448],[139.15861,35.1446],[139.15853,35.14453],[139.15796,35.14428],[139.1585,35.14357],[139.1589,35.14325],[139.15933,35.14323],[139.15952,35.14331],[139.15967,35.14316],[139.16004,35.14324],[139.16021,35.14318],[139.16007,35.14313],[139.16034,35.143],[139.16052,35.14309],[139.16054,35.14299],[139.16037,35.14294],[139.16063,35.143],[139.16062,35.14287],[139.16046,35.14283],[139.16065,35.14276],[139.16089,35.14281],[139.16076,35.14272],[139.16081,35.1426],[139.16115,35.14244],[139.16161,35.14257],[139.1616,35.14248],[139.16127,35.14235],[139.16175,35.14239],[139.16157,35.1421],[139.16181,35.14158],[139.16135,35.14139],[139.16106,35.1416],[139.1609,35.14099],[139.16047,35.14074],[139.16024,35.14032],[139.15994,35.14062],[139.15928,35.14091],[139.15909,35.14092],[139.15916,35.14068],[139.15887,35.14058],[139.15882,35.14065],[139.15893,35.14069],[139.15896,35.14086],[139.15874,35.141],[139.15883,35.14109],[139.15863,35.14121],[139.1576,35.14145],[139.1575,35.14152],[139.15723,35.14155],[139.15709,35.14148],[139.15715,35.14166],[139.1569,35.14157],[139.15707,35.14176],[139.15697,35.14195],[139.15606,35.14209],[139.15562,35.14199],[139.15532,35.14179],[139.15543,35.14167],[139.15535,35.14163],[139.15537,35.14139],[139.15522,35.14128],[139.15538,35.14106],[139.15526,35.14077],[139.15532,35.1407],[139.1551,35.14072],[139.15493,35.14048],[139.1548,35.14056],[139.15481,35.14048],[139.1547,35.14045],[139.15458,35.14058],[139.15453,35.14051],[139.15412,35.14062],[139.15426,35.14032],[139.15425,35.14011],[139.15418,35.14028],[139.15377,35.1406],[139.15358,35.14089],[139.15344,35.14063],[139.1534,35.14094],[139.15326,35.14071],[139.15317,35.14084],[139.15314,35.14078],[139.15303,35.14081],[139.15305,35.14059],[139.15292,35.14057],[139.15298,35.1407],[139.15288,35.14088],[139.1525,35.14119],[139.15258,35.14137],[139.15241,35.14137],[139.15227,35.1416],[139.15228,35.14147],[139.152,35.14135],[139.15188,35.14133],[139.1518,35.14141],[139.15157,35.14091],[139.15143,35.14082],[139.15152,35.14054],[139.15145,35.14033],[139.1513,35.14052],[139.15131,35.14084],[139.15105,35.14081],[139.15072,35.14065],[139.15058,35.14083],[139.15039,35.1409],[139.15057,35.14113],[139.15048,35.14108],[139.15043,35.14122],[139.15028,35.14113],[139.15015,35.14125],[139.15014,35.14151],[139.14993,35.14139],[139.14997,35.14155],[139.14989,35.14162],[139.1498,35.14156],[139.14971,35.14162],[139.14971,35.14214],[139.14956,35.14233],[139.14964,35.14241],[139.14953,35.14259],[139.14959,35.14278],[139.14945,35.14273],[139.14939,35.14278],[139.14945,35.14314],[139.14936,35.1429],[139.14919,35.14279],[139.14939,35.14345],[139.1492,35.14321],[139.14918,35.14333],[139.14908,35.14327],[139.14929,35.14379],[139.14922,35.14401],[139.14892,35.14399],[139.14902,35.14364],[139.14879,35.1436],[139.14867,35.14346],[139.14832,35.14381],[139.14815,35.14383],[139.14816,35.14395],[139.148,35.14394],[139.14808,35.14409],[139.14789,35.1442],[139.14771,35.14451],[139.14663,35.14481],[139.14657,35.1447],[139.14634,35.14476],[139.14615,35.14461],[139.14574,35.14446],[139.14547,35.14448],[139.14521,35.14421],[139.14453,35.1442],[139.1444,35.14434],[139.14396,35.1445],[139.14369,35.14479],[139.1435,35.14535],[139.14323,35.14534],[139.14309,35.145],[139.14276,35.14494],[139.14252,35.14504],[139.14227,35.14557],[139.14173,35.14597],[139.14181,35.14635],[139.14162,35.14641],[139.14166,35.1463],[139.14151,35.14635],[139.14106,35.14623],[139.14096,35.14632],[139.14105,35.14646],[139.14092,35.14655],[139.14079,35.14635],[139.14029,35.14705],[139.13975,35.1474],[139.1397,35.14758],[139.13949,35.14763],[139.13954,35.14773],[139.13945,35.14782],[139.1395,35.14803],[139.13944,35.14809],[139.13928,35.14814],[139.13914,35.14803],[139.13904,35.14805],[139.13911,35.14795],[139.13897,35.14784],[139.13875,35.14788],[139.1386,35.14878],[139.13871,35.14893],[139.13843,35.14914],[139.13801,35.14914],[139.13805,35.14902],[139.1378,35.14905],[139.13769,35.14892],[139.13757,35.14898],[139.13779,35.14834],[139.13777,35.14813],[139.1377,35.14811],[139.13755,35.14862],[139.13738,35.14857],[139.1373,35.14862],[139.13738,35.14882],[139.13728,35.14898],[139.13709,35.14911],[139.13671,35.14913],[139.1365,35.14922],[139.13648,35.14912],[139.13626,35.14927],[139.13627,35.14943],[139.13609,35.1496],[139.13616,35.14991],[139.13646,35.14994],[139.13723,35.14988],[139.13754,35.1499],[139.13783,35.15002]]],[[[139.12788,35.31342],[139.12816,35.3136],[139.12834,35.31386],[139.12847,35.31439],[139.12901,35.31474],[139.12911,35.31512],[139.12903,35.31592],[139.12908,35.31634],[139.1292,35.31648],[139.12958,35.31654],[139.12984,35.31667],[139.13005,35.3169],[139.13018,35.31719],[139.13017,35.31768],[139.13002,35.31807],[139.12976,35.31837],[139.12928,35.31862],[139.12918,35.31876],[139.12928,35.31883],[139.12952,35.31889],[139.13037,35.31887],[139.1317,35.31862],[139.13232,35.31846],[139.13275,35.31829],[139.13298,35.31812],[139.13311,35.31777],[139.13323,35.31769],[139.13359,35.31763],[139.13373,35.31745],[139.13385,35.31692],[139.13384,35.31593],[139.13369,35.31546],[139.13352,35.31531],[139.13325,35.3152],[139.13314,35.3151],[139.13299,35.31457],[139.13279,35.31437],[139.1326,35.31425],[139.13245,35.31405],[139.13235,35.31354],[139.13241,35.31252],[139.13234,35.31204],[139.13225,35.31183],[139.13199,35.31146],[139.13115,35.31075],[139.13092,35.31038],[139.1309,35.31015],[139.13096,35.30986],[139.13109,35.30963],[139.13126,35.30946],[139.13128,35.30932],[139.13076,35.30905],[139.13065,35.30886],[139.13059,35.30851],[139.13046,35.30842],[139.13033,35.3084],[139.13001,35.30851],[139.12951,35.30885],[139.12926,35.30897],[139.12882,35.30906],[139.12818,35.3091],[139.12793,35.30917],[139.12773,35.30929],[139.12734,35.30963],[139.12707,35.30973],[139.12687,35.30974],[139.12669,35.30978],[139.12667,35.30984],[139.12687,35.31006],[139.127,35.31036],[139.12709,35.31135],[139.12717,35.31153],[139.1274,35.31172],[139.12748,35.31188],[139.12748,35.31228],[139.12739,35.31298],[139.12744,35.31327],[139.12754,35.31335],[139.12788,35.31342]]],[[[139.13444,35.19406],[139.13454,35.19435],[139.13448,35.19491],[139.13463,35.19525],[139.1351,35.19567],[139.13528,35.19574],[139.13535,35.19572],[139.13544,35.1956],[139.13547,35.19522],[139.13559,35.19486],[139.13602,35.19436],[139.13617,35.19399],[139.13629,35.19316],[139.13634,35.19176],[139.13645,35.19113],[139.13656,35.19093],[139.13686,35.19084],[139.13733,35.19081],[139.13757,35.1909],[139.13768,35.19111],[139.1377,35.19142],[139.13777,35.19163],[139.13787,35.1917],[139.13801,35.19174],[139.13816,35.19154],[139.13879,35.19189],[139.13928,35.19245],[139.13939,35.19237],[139.1389,35.19189],[139.13845,35.19162],[139.13845,35.19147],[139.13934,35.19049],[139.13967,35.19035],[139.13971,35.19023],[139.14,35.19003],[139.14002,35.18986],[139.14022,35.18959],[139.14026,35.18884],[139.14018,35.18844],[139.14003,35.18819],[139.14006,35.18789],[139.13989,35.18758],[139.13974,35.18747],[139.13962,35.18712],[139.13928,35.18687],[139.13922,35.18672],[139.13895,35.18656],[139.13895,35.18643],[139.13875,35.18621],[139.13851,35.18614],[139.13826,35.18584],[139.13804,35.1857],[139.13789,35.18571],[139.13766,35.18544],[139.13736,35.1853],[139.13682,35.18467],[139.13619,35.18328],[139.13597,35.18257],[139.136,35.18137],[139.13624,35.18063],[139.13713,35.17908],[139.13711,35.17889],[139.13746,35.17859],[139.13796,35.17768],[139.13836,35.17744],[139.1383,35.17739],[139.13841,35.17726],[139.13829,35.17726],[139.13834,35.17706],[139.13837,35.17718],[139.13848,35.17715],[139.13878,35.17683],[139.1387,35.17679],[139.1386,35.17685],[139.13855,35.17673],[139.13879,35.17606],[139.13911,35.17574],[139.13973,35.17539],[139.14161,35.17459],[139.14199,35.17434],[139.14245,35.17388],[139.14265,35.1738],[139.14281,35.17351],[139.14303,35.17338],[139.14342,35.17278],[139.14361,35.17124],[139.14371,35.17119],[139.1442,35.16969],[139.14464,35.16941],[139.14481,35.16882],[139.14514,35.1688],[139.14519,35.16868],[139.14498,35.16873],[139.14496,35.16869],[139.1452,35.16859],[139.14536,35.16843],[139.14523,35.1684],[139.14539,35.16787],[139.14523,35.16736],[139.1448,35.16714],[139.14339,35.16607],[139.1433,35.16572],[139.14319,35.16568],[139.14329,35.16548],[139.14312,35.16558],[139.14252,35.16523],[139.14222,35.16472],[139.14233,35.16446],[139.14223,35.16451],[139.14187,35.16399],[139.14134,35.16386],[139.14129,35.16377],[139.14087,35.16361],[139.14049,35.16326],[139.14018,35.16242],[139.13961,35.16232],[139.1393,35.16205],[139.13894,35.16195],[139.13885,35.16185],[139.13878,35.16153],[139.13875,35.16107],[139.1386,35.16078],[139.13841,35.16071],[139.13816,35.16074],[139.13793,35.16092],[139.13778,35.16124],[139.13769,35.16172],[139.13767,35.16293],[139.13774,35.16365],[139.1378,35.1638],[139.13798,35.16395],[139.13866,35.16417],[139.13885,35.16428],[139.139,35.16452],[139.13901,35.16473],[139.13893,35.16508],[139.13864,35.16531],[139.13854,35.16553],[139.13843,35.16687],[139.13832,35.16725],[139.13812,35.1675],[139.13784,35.1676],[139.13711,35.16756],[139.13676,35.16747],[139.13657,35.16732],[139.13647,35.16699],[139.13622,35.16692],[139.13612,35.16684],[139.13607,35.16655],[139.13617,35.16572],[139.13615,35.16552],[139.13608,35.16544],[139.1359,35.1655],[139.13581,35.16565],[139.13589,35.16608],[139.13587,35.16617],[139.1358,35.16623],[139.13544,35.16631],[139.13522,35.16653],[139.13505,35.16657],[139.13478,35.16656],[139.13391,35.16631],[139.13371,35.1662],[139.13363,35.16608],[139.1337,35.16584],[139.13368,35.16568],[139.13339,35.16499],[139.13344,35.16481],[139.13375,35.1646],[139.1338,35.16445],[139.13377,35.16435],[139.13346,35.16424],[139.13233,35.16418],[139.13177,35.16405],[139.13156,35.16389],[139.13141,35.16358],[139.13126,35.16344],[139.13103,35.16338],[139.13041,35.16341],[139.13001,35.16334],[139.12981,35.1632],[139.12948,35.1628],[139.12907,35.16258],[139.1285,35.16246],[139.12818,35.16245],[139.12798,35.16249],[139.1279,35.16259],[139.12795,35.16282],[139.1279,35.16304],[139.12778,35.16317],[139.12735,35.16346],[139.12724,35.16362],[139.12722,35.16374],[139.12708,35.16382],[139.12651,35.16386],[139.12519,35.16376],[139.12445,35.16361],[139.12416,35.16347],[139.12405,35.16331],[139.12403,35.1631],[139.12412,35.16295],[139.12429,35.16284],[139.12414,35.1628],[139.12355,35.16277],[139.12325,35.16268],[139.12287,35.16241],[139.12258,35.162],[139.12248,35.16168],[139.12247,35.16134],[139.12271,35.16045],[139.12273,35.16022],[139.12267,35.1601],[139.12243,35.16004],[139.12232,35.15997],[139.12209,35.15957],[139.12199,35.15991],[139.12178,35.16004],[139.12129,35.16005],[139.12096,35.15989],[139.12078,35.1597],[139.12064,35.15943],[139.12057,35.15903],[139.12069,35.15866],[139.12094,35.15833],[139.12095,35.15816],[139.12081,35.15803],[139.12068,35.15798],[139.12014,35.15785],[139.1199,35.15767],[139.11983,35.15755],[139.1198,35.15722],[139.11984,35.15702],[139.12005,35.15643],[139.12026,35.15609],[139.1207,35.1559],[139.12094,35.15549],[139.1211,35.15537],[139.12129,35.15534],[139.12147,35.15538],[139.12179,35.15566],[139.12189,35.15556],[139.12199,35.15533],[139.12201,35.15499],[139.12189,35.15466],[139.12175,35.15456],[139.12157,35.15452],[139.12108,35.15457],[139.12089,35.15454],[139.12074,35.15436],[139.12073,35.15405],[139.12085,35.15375],[139.12109,35.1536],[139.12122,35.15345],[139.12133,35.15296],[139.12141,35.15289],[139.12164,35.15283],[139.12172,35.15271],[139.12168,35.15132],[139.12175,35.15109],[139.12207,35.15053],[139.12215,35.15009],[139.12171,35.14994],[139.12018,35.14924],[139.11959,35.14881],[139.11785,35.14782],[139.11725,35.14737],[139.11689,35.14696],[139.11631,35.14656],[139.11615,35.14637],[139.11617,35.14604],[139.11682,35.14554],[139.11573,35.14457],[139.11567,35.1447],[139.11545,35.14563],[139.11546,35.14755],[139.11535,35.14839],[139.11519,35.14864],[139.11492,35.14877],[139.11481,35.14895],[139.11471,35.14967],[139.11455,35.14999],[139.11436,35.15009],[139.1139,35.15013],[139.11381,35.15018],[139.11382,35.15026],[139.11404,35.1505],[139.11414,35.15075],[139.11415,35.15117],[139.11407,35.15141],[139.11366,35.15173],[139.11353,35.15209],[139.11304,35.1523],[139.11281,35.15248],[139.11257,35.15296],[139.11241,35.15314],[139.11205,35.15331],[139.11157,35.15341],[139.11125,35.15352],[139.11114,35.15362],[139.11108,35.15382],[139.11093,35.1539],[139.11066,35.15392],[139.11037,35.15386],[139.11013,35.1537],[139.10979,35.15335],[139.10951,35.15324],[139.10925,35.15331],[139.10915,35.15364],[139.10896,35.15378],[139.10874,35.15382],[139.10848,35.15374],[139.10801,35.15333],[139.10781,35.153],[139.10762,35.15247],[139.10743,35.15227],[139.10694,35.15211],[139.10626,35.15208],[139.10584,35.152],[139.10532,35.15179],[139.10503,35.15158],[139.1047,35.15124],[139.10426,35.15042],[139.10403,35.15029],[139.10383,35.15027],[139.10352,35.15034],[139.10331,35.15043],[139.103,35.15065],[139.10285,35.15086],[139.10274,35.15128],[139.10278,35.15234],[139.10262,35.15272],[139.10243,35.1529],[139.10194,35.15311],[139.10147,35.15321],[139.09997,35.15333],[139.09958,35.15331],[139.09937,35.15325],[139.09924,35.15296],[139.09902,35.15282],[139.09891,35.15283],[139.0988,35.153],[139.09873,35.1536],[139.09858,35.15385],[139.09794,35.15415],[139.09736,35.15468],[139.09715,35.15474],[139.09701,35.15473],[139.09681,35.15463],[139.09646,35.15429],[139.09628,35.15419],[139.09595,35.15414],[139.09556,35.15419],[139.09537,35.15412],[139.09522,35.15383],[139.09519,35.15337],[139.09511,35.15314],[139.09485,35.15295],[139.09448,35.15289],[139.09429,35.15271],[139.09417,35.15239],[139.09412,35.15193],[139.09421,35.15096],[139.09433,35.15061],[139.0945,35.15037],[139.09485,35.15015],[139.09531,35.15003],[139.09589,35.15],[139.09635,35.15005],[139.09658,35.15015],[139.09665,35.15036],[139.09688,35.15052],[139.09735,35.15063],[139.09774,35.15056],[139.09795,35.15037],[139.09808,35.15016],[139.09835,35.14954],[139.0984,35.14924],[139.09839,35.14897],[139.09824,35.14861],[139.09798,35.14835],[139.09765,35.14822],[139.09694,35.14823],[139.09613,35.14833],[139.09582,35.14841],[139.09557,35.14854],[139.09537,35.14871],[139.09513,35.14902],[139.0949,35.14918],[139.09444,35.1493],[139.09385,35.1493],[139.09315,35.14915],[139.09259,35.14884],[139.09229,35.14855],[139.09224,35.14818],[139.09171,35.14859],[139.09146,35.1487],[139.09115,35.14869],[139.09085,35.14853],[139.09056,35.14825],[139.09041,35.14786],[139.09046,35.14769],[139.09069,35.14755],[139.09082,35.14741],[139.09086,35.14704],[139.09077,35.14692],[139.09062,35.14685],[139.09004,35.14676],[139.08983,35.14654],[139.08979,35.14617],[139.08992,35.14586],[139.09024,35.1457],[139.09095,35.14563],[139.0911,35.14553],[139.09117,35.14531],[139.0911,35.14517],[139.09095,35.14508],[139.09009,35.14498],[139.08973,35.14485],[139.08956,35.14471],[139.08937,35.14439],[139.08938,35.14413],[139.08952,35.14398],[139.08978,35.1439],[139.09046,35.14384],[139.09058,35.14378],[139.09063,35.14363],[139.09057,35.14353],[139.09042,35.14344],[139.08948,35.14319],[139.08933,35.14311],[139.08927,35.143],[139.08935,35.14279],[139.0897,35.14272],[139.08986,35.14259],[139.09001,35.14229],[139.09009,35.14194],[139.09009,35.14178],[139.09002,35.1417],[139.08991,35.14165],[139.08947,35.14159],[139.08936,35.14152],[139.08928,35.14133],[139.08934,35.14101],[139.08966,35.14059],[139.08975,35.14022],[139.08832,35.1407],[139.0868,35.14096],[139.08544,35.14108],[139.08436,35.14103],[139.08359,35.14111],[139.08311,35.14126],[139.08124,35.14233],[139.07995,35.14252],[139.07954,35.14264],[139.07798,35.14337],[139.07736,35.14379],[139.07671,35.14468],[139.07582,35.14495],[139.07409,35.1451],[139.07338,35.14494],[139.07283,35.14518],[139.07249,35.14513],[139.0716,35.14471],[139.0713,35.14476],[139.07088,35.14499],[139.07058,35.14504],[139.07005,35.14483],[139.06881,35.1446],[139.0676,35.14474],[139.06705,35.14457],[139.06613,35.14413],[139.06581,35.14412],[139.06529,35.14439],[139.06464,35.1445],[139.06389,35.1448],[139.06264,35.14501],[139.0624,35.14512],[139.06232,35.14544],[139.06197,35.14573],[139.06095,35.14595],[139.06063,35.14595],[139.06041,35.14604],[139.05994,35.14689],[139.05931,35.14721],[139.05877,35.14724],[139.05846,35.14718],[139.0583,35.1468],[139.05804,35.1467],[139.05637,35.14716],[139.05508,35.1472],[139.05453,35.14731],[139.05391,35.14731],[139.05336,35.14704],[139.05262,35.14693],[139.05164,35.14706],[139.05141,35.14716],[139.05085,35.14783],[139.05041,35.1486],[139.05006,35.14895],[139.04915,35.14941],[139.04823,35.1497],[139.04519,35.14974],[139.04367,35.14989],[139.0427,35.15007],[139.04221,35.15005],[139.04148,35.15032],[139.04122,35.15054],[139.04035,35.15071],[139.03962,35.15067],[139.03873,35.15045],[139.03795,35.15013],[139.03704,35.14999],[139.03473,35.1499],[139.03372,35.14998],[139.03147,35.14996],[139.03043,35.14975],[139.02996,35.14978],[139.02901,35.15016],[139.02843,35.15072],[139.02854,35.15226],[139.02865,35.15254],[139.02893,35.1528],[139.02896,35.15298],[139.02871,35.15334],[139.02867,35.15402],[139.02841,35.15487],[139.02895,35.15536],[139.03051,35.15609],[139.03088,35.15634],[139.03121,35.15679],[139.03123,35.15699],[139.03053,35.15809],[139.03059,35.1586],[139.03053,35.15875],[139.02933,35.1592],[139.02862,35.15941],[139.02813,35.15946],[139.02744,35.15982],[139.02696,35.15988],[139.02661,35.15983],[139.02635,35.15998],[139.02628,35.16026],[139.02637,35.16055],[139.02713,35.16145],[139.02805,35.16224],[139.02849,35.16324],[139.02945,35.16478],[139.02946,35.16566],[139.02933,35.16606],[139.02905,35.1665],[139.02899,35.16659],[139.0285,35.1667],[139.02779,35.16702],[139.02762,35.16723],[139.02804,35.16779],[139.02795,35.16862],[139.02807,35.16905],[139.02867,35.1698],[139.02908,35.17014],[139.02912,35.1703],[139.02878,35.17072],[139.02826,35.17101],[139.02774,35.17118],[139.0272,35.17151],[139.02658,35.17218],[139.02614,35.17326],[139.02677,35.17373],[139.02705,35.17414],[139.02692,35.17468],[139.02641,35.17562],[139.02603,35.17593],[139.02499,35.17607],[139.02489,35.17614],[139.02464,35.1765],[139.02417,35.17773],[139.02394,35.17792],[139.0233,35.17824],[139.02257,35.17887],[139.02199,35.17919],[139.02166,35.17952],[139.02134,35.18012],[139.02126,35.18052],[139.02156,35.18131],[139.02158,35.18204],[139.02149,35.1821],[139.02125,35.18211],[139.02105,35.18189],[139.02055,35.18176],[139.01962,35.18183],[139.01939,35.18191],[139.0185,35.18256],[139.01839,35.18251],[139.01836,35.18225],[139.01815,35.18199],[139.0177,35.18185],[139.01662,35.1823],[139.01613,35.18224],[139.01561,35.18234],[139.01154,35.18239],[139.01068,35.18264],[139.00934,35.18325],[139.00901,35.18344],[139.00818,35.18416],[139.00648,35.18586],[139.00486,35.1866],[139.00286,35.18789],[139.00232,35.18857],[139.00178,35.18953],[139.00124,35.19024],[139.00114,35.19071],[139.00063,35.19084],[138.99819,35.19372],[138.99654,35.1947],[138.99504,35.19697],[138.99453,35.19735],[138.99318,35.19861],[138.99305,35.19881],[138.99201,35.19908],[138.99127,35.19942],[138.98968,35.20055],[138.98907,35.20071],[138.98784,35.2008],[138.98768,35.20088],[138.98767,35.20123],[138.98805,35.20239],[138.98809,35.20284],[138.98739,35.20369],[138.98693,35.20467],[138.98649,35.20521],[138.98642,35.20544],[138.98648,35.20568],[138.98716,35.20691],[138.98729,35.20807],[138.98764,35.20853],[138.988,35.20884],[138.9881,35.20904],[138.9882,35.21034],[138.98839,35.21096],[138.98835,35.21135],[138.98806,35.21193],[138.98798,35.21232],[138.98769,35.21282],[138.98675,35.21337],[138.98608,35.21363],[138.98571,35.21395],[138.98486,35.21473],[138.98412,35.21574],[138.98315,35.21642],[138.98216,35.21783],[138.98213,35.21807],[138.98223,35.21863],[138.98203,35.2193],[138.98206,35.21963],[138.98261,35.2205],[138.98365,35.22168],[138.9837,35.22189],[138.98357,35.22275],[138.9833,35.22333],[138.98219,35.2241],[138.98224,35.22495],[138.98167,35.22602],[138.98147,35.22622],[138.98085,35.22651],[138.98074,35.22663],[138.98073,35.22682],[138.98093,35.22743],[138.98072,35.22807],[138.98031,35.22845],[138.97923,35.22886],[138.97911,35.22898],[138.97901,35.22995],[138.97912,35.23057],[138.97878,35.23108],[138.97922,35.2324],[138.97955,35.23308],[138.97951,35.23322],[138.97809,35.23461],[138.97607,35.23555],[138.97605,35.23569],[138.97673,35.23666],[138.97725,35.2378],[138.97755,35.23812],[138.97807,35.23851],[138.97874,35.23939],[138.97812,35.2399],[138.97717,35.24088],[138.97606,35.2417],[138.97601,35.24188],[138.97633,35.24317],[138.9764,35.24432],[138.97572,35.24497],[138.97554,35.2456],[138.97536,35.24688],[138.97453,35.2477],[138.9744,35.24814],[138.97459,35.24942],[138.97494,35.2501],[138.97501,35.25115],[138.97563,35.25174],[138.97558,35.25191],[138.97506,35.25258],[138.97482,35.25312],[138.97496,35.25395],[138.97431,35.25651],[138.97432,35.25712],[138.97467,35.25785],[138.97448,35.2582],[138.97506,35.25883],[138.97522,35.25944],[138.97561,35.26011],[138.97566,35.26035],[138.97564,35.2611],[138.97514,35.2617],[138.97547,35.26375],[138.97702,35.26542],[138.97737,35.2664],[138.97782,35.26705],[138.97827,35.26751],[138.97942,35.26841],[138.98139,35.26952],[138.98191,35.27013],[138.98174,35.27142],[138.98185,35.27177],[138.98223,35.27208],[138.98223,35.27241],[138.9821,35.27278],[138.98224,35.27332],[138.98286,35.27389],[138.98392,35.2751],[138.98452,35.27624],[138.98508,35.27701],[138.98532,35.27779],[138.98595,35.27828],[138.9874,35.27865],[138.98764,35.27882],[138.98774,35.27908],[138.98764,35.27933],[138.98765,35.2796],[138.98774,35.27978],[138.98848,35.28027],[138.98901,35.2812],[138.98967,35.28179],[138.99067,35.2825],[138.99097,35.28293],[138.9916,35.28328],[138.99229,35.28411],[138.99295,35.2847],[138.99319,35.28488],[138.99403,35.28517],[138.99427,35.28538],[138.99435,35.28602],[138.99486,35.28619],[138.99503,35.28632],[138.99561,35.28719],[138.99619,35.28781],[138.99721,35.2887],[138.99761,35.28892],[138.99922,35.28946],[139.00006,35.28962],[139.00098,35.28935],[139.00304,35.28941],[139.0036,35.28952],[139.00461,35.2899],[139.00464,35.2902],[139.00498,35.29064],[139.00467,35.291],[139.00447,35.29166],[139.00446,35.29262],[139.00453,35.29286],[139.00508,35.29346],[139.00666,35.29557],[139.00676,35.29591],[139.00672,35.29644],[139.00604,35.29799],[139.00607,35.29846],[139.00658,35.29971],[139.00741,35.30106],[139.00799,35.30242],[139.00845,35.3043],[139.00904,35.30553],[139.00905,35.30658],[139.00913,35.30694],[139.00976,35.30805],[139.01009,35.30957],[139.0107,35.3106],[139.00994,35.31167],[139.00963,35.31365],[139.0103,35.31407],[139.01044,35.31437],[139.01055,35.31506],[139.01121,35.31558],[139.01175,35.3166],[139.012,35.31689],[139.01278,35.31731],[139.01291,35.31751],[139.01296,35.31778],[139.01275,35.31816],[139.01264,35.31871],[139.01269,35.31971],[139.0139,35.3201],[139.01434,35.32045],[139.01514,35.32068],[139.01525,35.32079],[139.01537,35.32121],[139.01617,35.32197],[139.01647,35.32241],[139.0168,35.32318],[139.01672,35.32418],[139.01777,35.32587],[139.01813,35.3266],[139.01851,35.32817],[139.01898,35.32906],[139.01901,35.32931],[139.01886,35.3296],[139.01829,35.33],[139.01779,35.33015],[139.0173,35.33039],[139.01688,35.3316],[139.01664,35.33194],[139.01646,35.33269],[139.01602,35.33315],[139.01505,35.33366],[139.01471,35.33467],[139.01384,35.33496],[139.01339,35.33542],[139.01248,35.33594],[139.01238,35.3361],[139.01243,35.33674],[139.01233,35.33707],[139.0119,35.3375],[139.01082,35.33816],[139.01059,35.33841],[139.0106,35.33881],[139.01093,35.33941],[139.01107,35.34069],[139.01098,35.34093],[139.0103,35.34121],[139.01013,35.34137],[139.01,35.34173],[139.01085,35.34274],[139.01106,35.34332],[139.01102,35.34364],[139.01092,35.34388],[139.01062,35.3442],[139.01002,35.34463],[139.00973,35.34499],[139.00946,35.34556],[139.00936,35.34614],[139.00882,35.34668],[139.00862,35.34709],[139.00864,35.34767],[139.00946,35.34843],[139.00886,35.3493],[139.00867,35.34972],[139.00821,35.35009],[139.00811,35.3503],[139.00818,35.35083],[139.00836,35.35137],[139.00925,35.35232],[139.00952,35.35314],[139.01123,35.35485],[139.01133,35.35508],[139.01181,35.35543],[139.01191,35.35573],[139.01188,35.35642],[139.0123,35.35719],[139.01232,35.35816],[139.01302,35.35845],[139.01335,35.35867],[139.01331,35.35877],[139.01221,35.35906],[139.0105,35.35986],[139.01004,35.35975],[139.00967,35.35902],[139.00915,35.3591],[139.00902,35.35903],[139.00881,35.35904],[139.00856,35.35922],[139.00853,35.35956],[139.00776,35.36017],[139.00684,35.36139],[139.00672,35.3622],[139.00687,35.36357],[139.00744,35.36406],[139.0075,35.36439],[139.00663,35.36574],[139.0064,35.36698],[139.00614,35.36773],[139.00663,35.36844],[139.00625,35.36881],[139.00607,35.3693],[139.0061,35.36966],[139.00577,35.37103],[139.00573,35.37174],[139.0054,35.37245],[139.0051,35.37259],[139.00481,35.37302],[139.00455,35.37374],[139.00463,35.37388],[139.00485,35.37399],[139.00527,35.37404],[139.00543,35.37416],[139.00594,35.37497],[139.00592,35.37538],[139.00527,35.37596],[139.00504,35.37637],[139.00367,35.37767],[139.00259,35.37901],[139.00145,35.37986],[139.00116,35.38027],[139.0007,35.38184],[139.00045,35.38197],[138.99965,35.38195],[138.9993,35.38209],[138.99935,35.38299],[138.99928,35.38321],[138.99881,35.38353],[138.99862,35.38404],[138.99879,35.38452],[138.99906,35.38478],[138.9993,35.38532],[138.99933,35.38581],[138.99923,35.38647],[138.99956,35.38742],[139.00016,35.38844],[139.00014,35.38948],[139.00027,35.39017],[139.00066,35.39084],[139.00068,35.39115],[139.00096,35.39191],[139.00101,35.39243],[139.00093,35.39313],[139.00113,35.39395],[139.00079,35.39465],[139.00085,35.39551],[139.00098,35.3959],[139.00152,35.39669],[139.00151,35.3982],[139.0018,35.39894],[139.00156,35.39921],[139.00142,35.39975],[139.00033,35.401],[138.99991,35.40165],[138.99931,35.40193],[138.99908,35.40215],[138.99818,35.40257],[138.99631,35.40287],[138.99528,35.40333],[138.99467,35.4033],[138.99421,35.40343],[138.9936,35.40347],[138.99197,35.40304],[138.99102,35.4032],[138.9899,35.4032],[138.98885,35.40287],[138.98815,35.4024],[138.98693,35.40208],[138.98455,35.40175],[138.98407,35.40177],[138.98382,35.40201],[138.98375,35.40238],[138.98351,35.40277],[138.98265,35.40364],[138.98229,35.40391],[138.98127,35.40434],[138.97975,35.40469],[138.97821,35.40462],[138.9777,35.40469],[138.97678,35.40456],[138.97532,35.40476],[138.97439,35.40478],[138.97412,35.40485],[138.97371,35.40481],[138.97274,35.40512],[138.97182,35.40518],[138.96946,35.4049],[138.96906,35.40475],[138.96856,35.40425],[138.96823,35.40353],[138.96792,35.40321],[138.96739,35.40286],[138.96661,35.40193],[138.9654,35.40195],[138.96436,35.40185],[138.96273,35.4014],[138.95957,35.40229],[138.95906,35.40231],[138.95865,35.40221],[138.957,35.40139],[138.95608,35.40135],[138.95512,35.40144],[138.95419,35.40136],[138.95244,35.40167],[138.95148,35.40173],[138.95122,35.40169],[138.95066,35.40144],[138.94924,35.40142],[138.94804,35.40127],[138.94713,35.40087],[138.94634,35.40028],[138.94573,35.39972],[138.94453,35.39961],[138.94434,35.3995],[138.94375,35.39931],[138.94348,35.39931],[138.94326,35.39919],[138.94221,35.3995],[138.9414,35.3997],[138.9411,35.3997],[138.94028,35.39968],[138.93861,35.39918],[138.93773,35.39915],[138.93115,35.40113],[138.93001,35.40111],[138.92879,35.40076],[138.92736,35.40061],[138.9258,35.40027],[138.92553,35.40026],[138.92466,35.40051],[138.92323,35.40122],[138.92282,35.40126],[138.92192,35.40101],[138.92142,35.40095],[138.92028,35.40099],[138.91879,35.40048],[138.91772,35.40039],[138.9164,35.40061],[138.91659,35.40168],[138.9164,35.40249],[138.91596,35.40341],[138.9158,35.40401],[138.91582,35.40553],[138.91661,35.40829],[138.91807,35.41134],[138.91906,35.41191],[138.91992,35.4123],[138.92072,35.41251],[138.92337,35.41415],[138.92512,35.41469],[138.92548,35.41502],[138.92566,35.41531],[138.926,35.41668],[138.92666,35.41819],[138.9267,35.4186],[138.9266,35.41939],[138.92673,35.42003],[138.92738,35.42061],[138.92797,35.42094],[138.92842,35.4211],[138.92905,35.42111],[138.93017,35.42087],[138.93002,35.42223],[138.9301,35.42419],[138.93025,35.4252],[138.9306,35.42592],[138.93064,35.42633],[138.92947,35.42852],[138.92673,35.43049],[138.92659,35.43065],[138.9262,35.43239],[138.92618,35.43261],[138.92647,35.43315],[138.9272,35.43355],[138.92791,35.43518],[138.9278,35.43674],[138.9274,35.43764],[138.92823,35.43889],[138.92857,35.43917],[138.92935,35.43954],[138.93091,35.44011],[138.93102,35.44031],[138.9309,35.44112],[138.931,35.44136],[138.93146,35.44177],[138.93211,35.44285],[138.93357,35.44428],[138.9341,35.4447],[138.9348,35.44482],[138.93549,35.44517],[138.93633,35.4459],[138.93739,35.447],[138.93763,35.44766],[138.93723,35.4486],[138.93737,35.44887],[138.94044,35.44949],[138.94058,35.44957],[138.94106,35.45016],[138.9418,35.45058],[138.94282,35.45145],[138.94331,35.4517],[138.94373,35.45217],[138.9451,35.453],[138.94555,35.45313],[138.94622,35.45366],[138.94743,35.45426],[138.94824,35.45494],[138.94865,35.45554],[138.9493,35.4561],[138.95205,35.45752],[138.95314,35.45785],[138.95381,35.45848],[138.95397,35.45898],[138.95457,35.45991],[138.95491,35.46001],[138.95553,35.46037],[138.95703,35.46075],[138.95748,35.46137],[138.9584,35.46183],[138.95873,35.46209],[138.95925,35.46223],[138.9603,35.46205],[138.96145,35.4621],[138.96236,35.46221],[138.96323,35.46245],[138.9644,35.46264],[138.96518,35.4629],[138.96568,35.46316],[138.96588,35.46338],[138.96602,35.46374],[138.96633,35.46383],[138.9672,35.46384],[138.96859,35.46349],[138.96923,35.46352],[138.97004,35.46448],[138.97182,35.46566],[138.97346,35.46655],[138.97448,35.4663],[138.97653,35.46618],[138.97685,35.46587],[138.97728,35.4652],[138.97743,35.46445],[138.97799,35.46405],[138.97862,35.46373],[138.97877,35.46374],[138.97998,35.46444],[138.98092,35.46533],[138.98175,35.46677],[138.9822,35.46733],[138.98395,35.46782],[138.98456,35.46813],[138.98504,35.46855],[138.98599,35.47075],[138.98663,35.47181],[138.98804,35.47266],[138.98882,35.47364],[138.99046,35.47404],[138.99183,35.47412],[138.99265,35.47435],[138.99397,35.47392],[138.99572,35.47367],[138.99632,35.47401],[138.99672,35.47413],[138.99699,35.47413],[138.99767,35.47492],[138.99861,35.47515],[139.00036,35.47488],[139.00296,35.47467],[139.0042,35.4744],[139.00447,35.47442],[139.006,35.47484],[139.00686,35.47456],[139.00787,35.4745],[139.00814,35.47456],[139.00837,35.47472],[139.0088,35.47517],[139.00965,35.47534],[139.01012,35.47563],[139.01045,35.47598],[139.01069,35.47647],[139.01181,35.47723],[139.01226,35.47811],[139.01323,35.4785],[139.01348,35.47875],[139.01361,35.47914],[139.01459,35.47983],[139.01486,35.47991],[139.01577,35.47965],[139.01655,35.47925],[139.01721,35.47903],[139.01874,35.47898],[139.01971,35.47914],[139.02046,35.47902],[139.02095,35.47879],[139.02126,35.47886],[139.02184,35.47919],[139.02248,35.47933],[139.02369,35.48097],[139.02395,35.48106],[139.02494,35.48102],[139.02585,35.48077],[139.02646,35.48075],[139.02755,35.48097],[139.02764,35.4812],[139.02756,35.48179],[139.02776,35.48225],[139.02761,35.48285],[139.02786,35.48385],[139.02787,35.48453],[139.02821,35.48506],[139.02833,35.48555],[139.02853,35.48575],[139.02924,35.48695],[139.0294,35.48713],[139.02988,35.4874],[139.03062,35.4887],[139.03096,35.48894],[139.03158,35.48903],[139.03217,35.48953],[139.03295,35.4899],[139.03345,35.49026],[139.03424,35.49035],[139.0354,35.49093],[139.03566,35.49099],[139.03694,35.49095],[139.03732,35.49111],[139.03777,35.49167],[139.0382,35.49293],[139.0388,35.49338],[139.03927,35.49399],[139.03937,35.49436],[139.03938,35.49493],[139.03951,35.49522],[139.03968,35.49541],[139.04046,35.49592],[139.04123,35.49703],[139.04184,35.49739],[139.04216,35.49779],[139.04278,35.4981],[139.0437,35.49894],[139.04399,35.49974],[139.0443,35.50277],[139.04443,35.5031],[139.04505,35.50394],[139.04536,35.50604],[139.04563,35.507],[139.04604,35.50784],[139.04595,35.50921],[139.04598,35.50955],[139.04611,35.50974],[139.04682,35.51001],[139.04794,35.51021],[139.0484,35.51024],[139.04909,35.51011],[139.05037,35.51029],[139.05113,35.51057],[139.05164,35.51054],[139.05199,35.51038],[139.05225,35.51013],[139.0529,35.50906],[139.05322,35.50886],[139.05372,35.50882],[139.05478,35.50892],[139.05644,35.50838],[139.05735,35.50844],[139.05819,35.50837],[139.05907,35.50804],[139.06008,35.5075],[139.06162,35.50776],[139.06317,35.50848],[139.0652,35.50927],[139.06617,35.50943],[139.06647,35.50931],[139.06681,35.50944],[139.06743,35.50985],[139.06871,35.51097],[139.0699,35.51086],[139.07166,35.51033],[139.07282,35.51016],[139.07363,35.51014],[139.0742,35.50996],[139.0747,35.50995],[139.07546,35.51015],[139.0767,35.51082],[139.07766,35.51097],[139.07863,35.5116],[139.07947,35.51232],[139.08033,35.51271],[139.08076,35.51274],[139.08231,35.5126],[139.08308,35.51238],[139.08579,35.51209],[139.08622,35.5128],[139.08641,35.51341],[139.08713,35.51438],[139.08736,35.51458],[139.08849,35.51524],[139.08903,35.51609],[139.09046,35.5177],[139.09075,35.51821],[139.091,35.51924],[139.09164,35.51955],[139.09253,35.52029],[139.09354,35.52094],[139.09388,35.52123],[139.0943,35.52187],[139.09491,35.52203],[139.09618,35.52275],[139.09808,35.52322],[139.10084,35.52519],[139.1025,35.52602],[139.1033,35.52653],[139.10387,35.52669],[139.10411,35.52689],[139.10485,35.52788],[139.10577,35.52946],[139.10624,35.53007],[139.10659,35.53204],[139.10687,35.53249],[139.10705,35.53257],[139.10736,35.53257],[139.10974,35.53212],[139.11013,35.53229],[139.11028,35.53268],[139.11005,35.5342],[139.11017,35.53458],[139.11045,35.53483],[139.11092,35.53493],[139.11168,35.53495],[139.11224,35.53517],[139.11229,35.53547],[139.112,35.53608],[139.11196,35.53647],[139.11217,35.5368],[139.1131,35.53738],[139.11392,35.53849],[139.11398,35.53873],[139.11391,35.53896],[139.11376,35.53907],[139.11242,35.53966],[139.11186,35.5401],[139.11191,35.54035],[139.11239,35.54078],[139.1125,35.54104],[139.11223,35.54202],[139.11222,35.54332],[139.11201,35.54401],[139.11171,35.54454],[139.11168,35.54491],[139.1125,35.54666],[139.11275,35.54701],[139.11325,35.54747],[139.1134,35.54778],[139.11275,35.54904],[139.11196,35.54979],[139.11224,35.54994],[139.11266,35.55033],[139.1129,35.55065],[139.11316,35.55129],[139.1144,35.55219],[139.11503,35.5535],[139.11545,35.55388],[139.11676,35.55464],[139.11789,35.55546],[139.11818,35.55558],[139.11906,35.55567],[139.12129,35.55617],[139.12254,35.55689],[139.12386,35.55813],[139.12401,35.55855],[139.12424,35.55878],[139.12448,35.55925],[139.12469,35.56008],[139.12574,35.56045],[139.12592,35.56064],[139.12605,35.56103],[139.12653,35.56159],[139.1271,35.56177],[139.1276,35.56224],[139.12801,35.56233],[139.12836,35.56257],[139.12871,35.5634],[139.12918,35.56387],[139.12922,35.56508],[139.1297,35.56586],[139.12985,35.56637],[139.12964,35.56704],[139.12893,35.56769],[139.12861,35.56849],[139.12866,35.56883],[139.12892,35.56929],[139.12891,35.56987],[139.1288,35.57028],[139.12841,35.57064],[139.12751,35.57116],[139.12711,35.57151],[139.12702,35.57171],[139.12705,35.57269],[139.12746,35.57376],[139.12777,35.57414],[139.12798,35.57457],[139.12811,35.57523],[139.12793,35.5764],[139.12741,35.57711],[139.1271,35.57786],[139.1275,35.57832],[139.12776,35.57895],[139.12774,35.58108],[139.12762,35.5812],[139.12736,35.58117],[139.12715,35.58125],[139.12672,35.58162],[139.1252,35.58185],[139.12452,35.58183],[139.12406,35.582],[139.12404,35.58224],[139.12471,35.58313],[139.12515,35.58321],[139.12556,35.58315],[139.12593,35.583],[139.12574,35.58348],[139.12543,35.58385],[139.12513,35.58404],[139.12406,35.58447],[139.12281,35.58402],[139.12248,35.58402],[139.12225,35.5841],[139.12209,35.58451],[139.12209,35.58557],[139.12242,35.58594],[139.12183,35.58623],[139.12144,35.58699],[139.12159,35.58734],[139.12171,35.58801],[139.12204,35.58875],[139.1222,35.58897],[139.12285,35.58951],[139.12373,35.5908],[139.12403,35.59186],[139.1246,35.59265],[139.12512,35.59303],[139.12553,35.5932],[139.12635,35.59294],[139.12713,35.59302],[139.12728,35.59316],[139.12822,35.59357],[139.12847,35.59384],[139.12903,35.59421],[139.12933,35.5946],[139.12956,35.59526],[139.13001,35.59616],[139.13015,35.59817],[139.13051,35.59916],[139.1309,35.59981],[139.13106,35.6007],[139.13169,35.6019],[139.13191,35.60308],[139.13171,35.60387],[139.13168,35.60466],[139.13187,35.60503],[139.13278,35.60613],[139.1331,35.6067],[139.1331,35.60736],[139.13252,35.6088],[139.13162,35.60951],[139.1301,35.61125],[139.12861,35.612],[139.12817,35.61229],[139.12779,35.61264],[139.1278,35.6129],[139.12813,35.61319],[139.1301,35.61443],[139.13081,35.61476],[139.13244,35.61525],[139.13371,35.61581],[139.13435,35.61634],[139.13441,35.61651],[139.13384,35.61757],[139.1325,35.61818],[139.13184,35.61776],[139.13155,35.61779],[139.13124,35.61801],[139.13105,35.61803],[139.13067,35.61772],[139.13042,35.61762],[139.13,35.61764],[139.12986,35.61774],[139.12979,35.61807],[139.12991,35.61838],[139.13031,35.61885],[139.13027,35.61908],[139.13017,35.61915],[139.12962,35.61912],[139.12905,35.61928],[139.1288,35.61952],[139.12864,35.61986],[139.12791,35.62065],[139.12778,35.62071],[139.12658,35.62076],[139.12646,35.62083],[139.12627,35.62123],[139.12638,35.62183],[139.12573,35.62187],[139.12547,35.62199],[139.1256,35.62249],[139.12626,35.62318],[139.12624,35.62327],[139.12582,35.62324],[139.12566,35.62331],[139.12542,35.62386],[139.12524,35.624],[139.12394,35.6238],[139.12368,35.62381],[139.12349,35.62395],[139.12344,35.62478],[139.1235,35.62512],[139.12321,35.62564],[139.12318,35.62586],[139.12335,35.62641],[139.12368,35.62692],[139.12392,35.62753],[139.12388,35.6278],[139.1237,35.62793],[139.12421,35.62909],[139.12403,35.62981],[139.12417,35.63033],[139.12439,35.63075],[139.12429,35.63125],[139.12382,35.63184],[139.12388,35.63194],[139.12435,35.63213],[139.12435,35.63224],[139.12408,35.63249],[139.12362,35.63233],[139.12346,35.63234],[139.12331,35.63258],[139.1233,35.63284],[139.12347,35.63302],[139.12368,35.63306],[139.12361,35.63384],[139.1237,35.63431],[139.12421,35.63519],[139.12489,35.63578],[139.12516,35.63627],[139.12524,35.63667],[139.12512,35.63761],[139.12546,35.63795],[139.12555,35.63814],[139.12568,35.63846],[139.12569,35.63901],[139.12588,35.63919],[139.12647,35.6393],[139.12664,35.6394],[139.12723,35.64005],[139.12725,35.6403],[139.12694,35.64091],[139.1271,35.64104],[139.12755,35.64108],[139.12705,35.64135],[139.12699,35.64156],[139.12704,35.64188],[139.12628,35.64177],[139.12595,35.64182],[139.12583,35.64193],[139.12579,35.64226],[139.12612,35.64281],[139.12611,35.64316],[139.12624,35.64338],[139.1262,35.64362],[139.12606,35.64376],[139.12548,35.64377],[139.12538,35.64383],[139.12532,35.64459],[139.12513,35.64503],[139.12459,35.64521],[139.12442,35.64535],[139.12437,35.64556],[139.12448,35.6458],[139.12447,35.646],[139.12431,35.64612],[139.12384,35.64605],[139.1237,35.64612],[139.1236,35.64676],[139.12347,35.64686],[139.12317,35.64689],[139.12271,35.64677],[139.12255,35.64684],[139.12241,35.64705],[139.12239,35.64725],[139.12174,35.64761],[139.12147,35.64822],[139.12172,35.64891],[139.12116,35.64953],[139.12073,35.64974],[139.12063,35.64989],[139.12071,35.65011],[139.12064,35.65028],[139.12029,35.65048],[139.11962,35.65118],[139.11921,35.65184],[139.1192,35.65218],[139.11909,35.65242],[139.11827,35.65309],[139.11778,35.65328],[139.11755,35.65348],[139.11717,35.65454],[139.11735,35.65501],[139.11819,35.65591],[139.11844,35.65609],[139.11966,35.65657],[139.12008,35.65758],[139.12004,35.65791],[139.11962,35.65881],[139.11984,35.65957],[139.1198,35.6603],[139.11988,35.66049],[139.12135,35.66119],[139.12327,35.66242],[139.1239,35.66292],[139.12434,35.66364],[139.12478,35.66506],[139.12529,35.66565],[139.12604,35.66612],[139.12662,35.66675],[139.12697,35.66699],[139.12749,35.66725],[139.12895,35.66721],[139.13,35.66761],[139.13054,35.66864],[139.13079,35.66952],[139.13054,35.67002],[139.13044,35.67081],[139.13134,35.67199],[139.13191,35.67238],[139.13352,35.6729],[139.1356,35.67234],[139.13599,35.67235],[139.13634,35.67245],[139.13673,35.67241],[139.13812,35.67136],[139.13893,35.67054],[139.13931,35.67045],[139.14026,35.67061],[139.14076,35.67058],[139.14123,35.6704],[139.14279,35.67001],[139.14285,35.66996],[139.14282,35.66954],[139.14315,35.66903],[139.14344,35.66888],[139.14436,35.66859],[139.14567,35.66747],[139.14626,35.66711],[139.14716,35.66682],[139.1514,35.66672],[139.15289,35.66639],[139.1536,35.66602],[139.15588,35.66658],[139.15635,35.66659],[139.15673,35.66645],[139.15708,35.66646],[139.15759,35.66688],[139.15838,35.66707],[139.15934,35.66752],[139.16026,35.66776],[139.1616,35.66791],[139.16174,35.6674],[139.1621,35.66698],[139.16265,35.66674],[139.16325,35.66662],[139.16367,35.66645],[139.16384,35.66627],[139.16398,35.66588],[139.16422,35.66554],[139.16498,35.66528],[139.16514,35.66496],[139.16493,35.66416],[139.16513,35.66334],[139.16542,35.66303],[139.16611,35.66283],[139.16636,35.6622],[139.16723,35.66176],[139.16693,35.66064],[139.16693,35.65962],[139.16702,35.6593],[139.16725,35.65909],[139.16836,35.65856],[139.16834,35.65775],[139.16857,35.65726],[139.16863,35.65682],[139.16796,35.65576],[139.16795,35.65456],[139.16784,35.65386],[139.16766,35.65358],[139.16686,35.65289],[139.16659,35.65234],[139.16666,35.65185],[139.16695,35.65107],[139.16721,35.65099],[139.16804,35.65116],[139.16873,35.65118],[139.16934,35.65148],[139.16957,35.65149],[139.17085,35.65071],[139.17179,35.65034],[139.17332,35.65044],[139.17374,35.65035],[139.17438,35.65004],[139.17495,35.64989],[139.17549,35.64955],[139.17585,35.64916],[139.17599,35.64842],[139.17612,35.64819],[139.17699,35.64755],[139.17747,35.64691],[139.17802,35.64654],[139.17909,35.64557],[139.18137,35.64574],[139.18246,35.64547],[139.18318,35.64538],[139.18423,35.64507],[139.18628,35.64607],[139.1872,35.64623],[139.18794,35.64655],[139.18919,35.64642],[139.18983,35.64653],[139.19023,35.64675],[139.19092,35.64729],[139.19153,35.6474],[139.19182,35.64761],[139.19217,35.64829],[139.19247,35.65026],[139.19385,35.65156],[139.19399,35.65178],[139.19412,35.65182],[139.1946,35.65142],[139.19481,35.65133],[139.19523,35.65124],[139.19573,35.65129],[139.19602,35.65142],[139.19628,35.65168],[139.19671,35.65193],[139.19707,35.65245],[139.1979,35.6529],[139.19826,35.653],[139.19849,35.65302],[139.19918,35.65286],[139.19974,35.65294],[139.20032,35.65258],[139.20131,35.65254],[139.20162,35.65261],[139.20195,35.65294],[139.20211,35.65301],[139.20236,35.65264],[139.20258,35.65246],[139.20307,35.65239],[139.20356,35.65169],[139.20424,35.65158],[139.20506,35.65162],[139.20564,35.65136],[139.20639,35.65062],[139.20672,35.65004],[139.20732,35.64972],[139.20816,35.64952],[139.20912,35.64951],[139.20994,35.6492],[139.21104,35.6492],[139.21146,35.64912],[139.21207,35.64856],[139.21274,35.64811],[139.21367,35.64778],[139.21424,35.64719],[139.21479,35.64694],[139.21489,35.64656],[139.21546,35.64612],[139.21573,35.64556],[139.21574,35.64537],[139.21481,35.64396],[139.21481,35.6428],[139.21443,35.64155],[139.21506,35.64054],[139.21552,35.63927],[139.21525,35.63792],[139.21537,35.63708],[139.21562,35.63679],[139.21613,35.63643],[139.21643,35.63597],[139.21664,35.63536],[139.21665,35.63474],[139.21679,35.63448],[139.21728,35.63428],[139.21782,35.63383],[139.21854,35.63365],[139.21867,35.63345],[139.2188,35.63268],[139.21916,35.63197],[139.2199,35.63114],[139.22074,35.63061],[139.22078,35.63032],[139.2211,35.63004],[139.22143,35.62947],[139.22147,35.62916],[139.22115,35.62856],[139.22016,35.6276],[139.21948,35.62668],[139.21942,35.62623],[139.21964,35.6259],[139.22023,35.62557],[139.2225,35.625],[139.22345,35.62464],[139.22545,35.62375],[139.22591,35.62348],[139.22606,35.6233],[139.22601,35.62261],[139.22617,35.62232],[139.2265,35.6221],[139.22721,35.6211],[139.22758,35.62082],[139.22783,35.62074],[139.22817,35.62075],[139.22859,35.62053],[139.22887,35.62023],[139.22924,35.61951],[139.22966,35.61899],[139.23011,35.61743],[139.23038,35.61713],[139.23048,35.6169],[139.23016,35.61552],[139.22987,35.61477],[139.22988,35.61457],[139.23087,35.61394],[139.23155,35.61334],[139.23249,35.61287],[139.23307,35.61226],[139.23455,35.61169],[139.2365,35.60984],[139.23677,35.60974],[139.23755,35.60986],[139.2378,35.6098],[139.23798,35.60935],[139.23809,35.60788],[139.23827,35.60746],[139.23864,35.60698],[139.23906,35.60672],[139.23974,35.60658],[139.24059,35.60625],[139.24197,35.60634],[139.24283,35.60625],[139.24424,35.60576],[139.24549,35.60513],[139.24577,35.60509],[139.24687,35.60522],[139.24722,35.6051],[139.24835,35.60455],[139.24925,35.60366],[139.25075,35.6032],[139.2512,35.60252],[139.25222,35.60167],[139.25298,35.60199],[139.25355,35.60246],[139.25526,35.60297],[139.25564,35.60314],[139.25684,35.60398],[139.25771,35.60423],[139.25798,35.60416],[139.25877,35.60365],[139.25972,35.60354],[139.2612,35.60287],[139.26183,35.60301],[139.26214,35.60296],[139.26349,35.60235],[139.26401,35.60248],[139.26478,35.60246],[139.26507,35.6031],[139.26515,35.60373],[139.26544,35.60404],[139.26565,35.60467],[139.266,35.60517],[139.26614,35.60563],[139.26583,35.60676],[139.26589,35.60756],[139.26616,35.60811],[139.26644,35.60824],[139.26738,35.6083],[139.26827,35.60924],[139.2695,35.60943],[139.27065,35.60979],[139.27125,35.6098],[139.27181,35.61029],[139.27212,35.61038],[139.27272,35.61035],[139.27353,35.61067],[139.27406,35.61102],[139.27603,35.61085],[139.27653,35.61095],[139.27755,35.61154],[139.279,35.61139],[139.27988,35.61148],[139.28029,35.61169],[139.28038,35.61195],[139.2808,35.61226],[139.28093,35.6125],[139.28134,35.61266],[139.28156,35.61284],[139.28226,35.61302],[139.28266,35.61303],[139.28267,35.61319],[139.28281,35.61327],[139.28357,35.61314],[139.28377,35.61301],[139.28392,35.61326],[139.28416,35.61333],[139.28463,35.61293],[139.28483,35.61307],[139.28483,35.61328],[139.28525,35.61339],[139.28541,35.61332],[139.28552,35.61308],[139.28584,35.61298],[139.286,35.61251],[139.28732,35.6126],[139.28757,35.61246],[139.28802,35.61239],[139.28825,35.61219],[139.28861,35.61221],[139.28895,35.61208],[139.28934,35.61212],[139.28962,35.61196],[139.28992,35.61209],[139.29005,35.61255],[139.29016,35.61258],[139.2904,35.61235],[139.29104,35.61229],[139.29099,35.61203],[139.2912,35.61192],[139.29132,35.61195],[139.29142,35.61219],[139.29219,35.61194],[139.29214,35.61173],[139.29254,35.61184],[139.29266,35.61169],[139.29244,35.61134],[139.29252,35.61118],[139.2926,35.61109],[139.29285,35.61108],[139.29296,35.61087],[139.2933,35.61067],[139.29358,35.61071],[139.29368,35.61089],[139.29424,35.61089],[139.2942,35.61119],[139.29435,35.61117],[139.29466,35.61097],[139.29529,35.61026],[139.29565,35.61016],[139.29591,35.61028],[139.29611,35.61028],[139.29637,35.61004],[139.2966,35.60994],[139.29686,35.6094],[139.29671,35.60898],[139.297,35.608],[139.29715,35.60792],[139.29803,35.60793],[139.29829,35.60769],[139.29875,35.60764],[139.29871,35.60748],[139.29848,35.60732],[139.29843,35.60708],[139.29901,35.6069],[139.29918,35.60659],[139.29917,35.60624],[139.30036,35.60615],[139.30088,35.60657],[139.30116,35.6065],[139.30127,35.6064],[139.30098,35.60624],[139.30107,35.60582],[139.30124,35.60577],[139.3015,35.60597],[139.30168,35.60598],[139.30242,35.60547],[139.30352,35.60513],[139.30365,35.60493],[139.30364,35.60472],[139.30419,35.60462],[139.30484,35.60473],[139.30474,35.60493],[139.30449,35.6051],[139.30452,35.60527],[139.30504,35.60537],[139.30502,35.60507],[139.30553,35.60494],[139.30594,35.60514],[139.30601,35.60539],[139.30614,35.60547],[139.30662,35.60538],[139.30711,35.60509],[139.3071,35.60536],[139.30771,35.60534],[139.3079,35.60519],[139.30761,35.60493],[139.3076,35.60479],[139.30804,35.60456],[139.30923,35.60422],[139.31139,35.60431],[139.3128,35.60468],[139.31307,35.60465],[139.31304,35.60438],[139.31311,35.60433],[139.3133,35.60438],[139.31364,35.60467],[139.31403,35.60435],[139.31428,35.6043],[139.31443,35.60441],[139.3144,35.60473],[139.31477,35.60509],[139.31474,35.60519],[139.31447,35.60534],[139.31462,35.60548],[139.31491,35.6055],[139.31549,35.60527],[139.31576,35.60532],[139.31638,35.60531],[139.31678,35.60555],[139.31712,35.60538],[139.3172,35.60546],[139.3172,35.60573],[139.31728,35.60579],[139.31785,35.60564],[139.318,35.60571],[139.31817,35.60595],[139.31861,35.60596],[139.31896,35.60609],[139.31935,35.60593],[139.31972,35.60599],[139.31988,35.60578],[139.32002,35.60573],[139.32007,35.60583],[139.31986,35.6061],[139.31983,35.60626],[139.3203,35.60643],[139.32039,35.60637],[139.32074,35.60621],[139.32138,35.60614],[139.32153,35.60609],[139.32155,35.60601],[139.32155,35.606],[139.32126,35.60564],[139.32108,35.6051],[139.32104,35.60477],[139.32118,35.60429],[139.32139,35.604],[139.32219,35.60326],[139.3223,35.60309],[139.3224,35.60278],[139.32269,35.60248],[139.32316,35.60216],[139.32335,35.60211],[139.32371,35.6021],[139.32407,35.60154],[139.32426,35.60134],[139.32453,35.60122],[139.32483,35.60119],[139.32515,35.6011],[139.32546,35.60091],[139.32577,35.6006],[139.32582,35.6004],[139.32569,35.6002],[139.32554,35.60015],[139.32522,35.60022],[139.32502,35.60008],[139.32494,35.59984],[139.32507,35.59959],[139.32543,35.59933],[139.32591,35.59912],[139.32628,35.59904],[139.32668,35.59909],[139.32674,35.59902],[139.32677,35.59873],[139.32685,35.59857],[139.32731,35.59841],[139.32779,35.59788],[139.32805,35.59766],[139.32838,35.59753],[139.32877,35.59748],[139.32963,35.59759],[139.32999,35.59772],[139.33008,35.59782],[139.33017,35.59807],[139.33032,35.59817],[139.33051,35.59823],[139.33067,35.59818],[139.33097,35.5979],[139.33177,35.59765],[139.33203,35.59748],[139.33217,35.59725],[139.33212,35.59704],[139.33184,35.59689],[139.33137,35.59679],[139.33105,35.59667],[139.33094,35.59658],[139.33084,35.59632],[139.33017,35.596],[139.32985,35.59565],[139.32974,35.59542],[139.32971,35.5952],[139.32977,35.59497],[139.33001,35.59464],[139.33039,35.59433],[139.3309,35.59416],[139.33132,35.59364],[139.33157,35.59343],[139.33175,35.59336],[139.33212,35.59333],[139.33228,35.59324],[139.33237,35.59295],[139.33269,35.59272],[139.33281,35.59256],[139.33309,35.59162],[139.33317,35.59147],[139.33339,35.59125],[139.3337,35.59113],[139.33427,35.59108],[139.33458,35.59098],[139.33488,35.59066],[139.33503,35.5902],[139.33518,35.58999],[139.33529,35.58992],[139.33554,35.58985],[139.3363,35.58989],[139.33636,35.58983],[139.3363,35.58968],[139.33636,35.58951],[139.3369,35.58911],[139.3371,35.58874],[139.33736,35.58866],[139.33797,35.58863],[139.33823,35.58856],[139.33849,35.58835],[139.33862,35.58804],[139.3388,35.58783],[139.33896,35.58776],[139.33926,35.58771],[139.33936,35.58765],[139.33962,35.58727],[139.34001,35.58619],[139.34032,35.58582],[139.34057,35.58572],[139.34097,35.58574],[139.34133,35.58583],[139.34194,35.58609],[139.34226,35.58608],[139.34252,35.58591],[139.34262,35.58557],[139.34304,35.58546],[139.3432,35.58511],[139.34377,35.58483],[139.34376,35.58469],[139.34349,35.58439],[139.34341,35.584],[139.34329,35.58383],[139.34283,35.58358],[139.34154,35.58315],[139.34118,35.58289],[139.34117,35.58272],[139.3413,35.58255],[139.34139,35.58227],[139.34131,35.58163],[139.34133,35.58146],[139.3414,35.58131],[139.34159,35.58113],[139.34168,35.5809],[139.34162,35.58021],[139.34171,35.58008],[139.34206,35.57992],[139.3422,35.57978],[139.34229,35.57956],[139.34237,35.57896],[139.34243,35.57883],[139.34264,35.57865],[139.34297,35.57854],[139.34417,35.57845],[139.34451,35.57833],[139.34468,35.57815],[139.34473,35.57786],[139.34456,35.57755],[139.34431,35.57738],[139.34362,35.57714],[139.3435,35.57702],[139.34345,35.57679],[139.34363,35.57642],[139.3445,35.57554],[139.34485,35.57484],[139.34496,35.57474],[139.34521,35.57469],[139.34534,35.57459],[139.34548,35.57413],[139.34559,35.57406],[139.3461,35.57396],[139.34619,35.57387],[139.34631,35.57346],[139.34643,35.57338],[139.34679,35.57334],[139.34696,35.57325],[139.34714,35.57298],[139.3474,35.57226],[139.34765,35.57198],[139.34806,35.57182],[139.34881,35.57177],[139.34901,35.5717],[139.34908,35.57157],[139.34893,35.57118],[139.34895,35.57097],[139.3491,35.5709],[139.34947,35.57087],[139.34966,35.5708],[139.34978,35.57067],[139.34985,35.57028],[139.34997,35.57007],[139.35011,35.57],[139.35051,35.56995],[139.35072,35.56985],[139.35151,35.56917],[139.35181,35.56909],[139.35213,35.5692],[139.35241,35.56939],[139.35274,35.56971],[139.35296,35.57018],[139.35336,35.57027],[139.35376,35.57061],[139.35445,35.57069],[139.35482,35.57082],[139.35563,35.5715],[139.35616,35.57165],[139.35663,35.57197],[139.35676,35.57218],[139.35679,35.57245],[139.35671,35.57277],[139.35639,35.57344],[139.35639,35.57361],[139.35704,35.57323],[139.35725,35.57318],[139.35756,35.57318],[139.35797,35.57333],[139.35859,35.57372],[139.3589,35.57377],[139.35924,35.57372],[139.35957,35.57377],[139.36027,35.57401],[139.36143,35.57449],[139.36215,35.57466],[139.36272,35.57464],[139.36288,35.57458],[139.36316,35.57435],[139.36339,35.57397],[139.36364,35.57315],[139.36377,35.57289],[139.36397,35.57267],[139.36422,35.5725],[139.36453,35.57237],[139.36533,35.57226],[139.36686,35.57236],[139.36729,35.57236],[139.36798,35.57228],[139.36842,35.57209],[139.36873,35.57164],[139.36889,35.57152],[139.36933,35.57139],[139.36994,35.57136],[139.3711,35.57151],[139.37227,35.57179],[139.37325,35.57223],[139.37343,35.57225],[139.37379,35.57218],[139.37411,35.5722],[139.37602,35.57257],[139.37647,35.57067],[139.37676,35.56983],[139.3769,35.56958],[139.37714,35.56931],[139.37741,35.56913],[139.37776,35.569],[139.37781,35.56892],[139.37762,35.56864],[139.37761,35.56835],[139.37814,35.56722],[139.3781,35.56665],[139.37848,35.566],[139.37875,35.56498],[139.37897,35.56461],[139.37919,35.56449],[139.37957,35.56447],[139.37988,35.56457],[139.37994,35.56477],[139.38006,35.56484],[139.38062,35.56477],[139.38111,35.56485],[139.38169,35.56512],[139.38181,35.56524],[139.38187,35.56545],[139.38193,35.56549],[139.38276,35.5652],[139.38393,35.56503],[139.38438,35.56491],[139.38455,35.56482],[139.38479,35.56458],[139.3849,35.56425],[139.38495,35.56372],[139.38507,35.56347],[139.38526,35.56331],[139.38564,35.56318],[139.3859,35.56288],[139.38599,35.56255],[139.38604,35.56176],[139.38615,35.56142],[139.38626,35.56134],[139.3864,35.56133],[139.3866,35.56123],[139.38688,35.56096],[139.38711,35.56081],[139.38768,35.56065],[139.38924,35.56042],[139.38966,35.56023],[139.38985,35.56],[139.39015,35.55992],[139.39097,35.55994],[139.39281,35.56014],[139.3938,35.56014],[139.39412,35.56008],[139.39449,35.55993],[139.39464,35.5598],[139.39478,35.55957],[139.39504,35.55944],[139.39607,35.55949],[139.3963,35.55945],[139.3968,35.55923],[139.39777,35.55913],[139.39883,35.55914],[139.39962,35.55924],[139.39995,35.55936],[139.40044,35.55978],[139.40093,35.55996],[139.40124,35.55998],[139.40179,35.5599],[139.40233,35.55991],[139.4045,35.56028],[139.40553,35.56071],[139.40587,35.56092],[139.40603,35.56117],[139.40596,35.56149],[139.40598,35.56161],[139.40611,35.56173],[139.40659,35.56181],[139.40748,35.56172],[139.40774,35.56181],[139.4078,35.56194],[139.40776,35.56217],[139.40767,35.56229],[139.40718,35.56251],[139.40709,35.56259],[139.40712,35.5629],[139.40669,35.56286],[139.40654,35.56295],[139.40645,35.56314],[139.4064,35.56383],[139.40628,35.56426],[139.40614,35.56446],[139.40577,35.56474],[139.40559,35.56515],[139.40559,35.56554],[139.40568,35.56574],[139.40593,35.5659],[139.40619,35.56592],[139.40632,35.56603],[139.40655,35.56661],[139.40665,35.56708],[139.4069,35.56917],[139.40704,35.57162],[139.40705,35.57269],[139.407,35.57331],[139.40695,35.57345],[139.40676,35.57357],[139.40669,35.5737],[139.40661,35.57419],[139.40646,35.57443],[139.40627,35.57454],[139.40567,35.57473],[139.40551,35.57485],[139.40532,35.57516],[139.40516,35.57529],[139.40494,35.5754],[139.40445,35.57552],[139.4065,35.57582],[139.40735,35.57583],[139.40835,35.57563],[139.40872,35.57548],[139.4091,35.57522],[139.40944,35.57473],[139.40977,35.57318],[139.41051,35.57142],[139.41071,35.57102],[139.41184,35.5694],[139.41241,35.56743],[139.41278,35.5669],[139.4127,35.56684],[139.41285,35.56622],[139.41297,35.56615],[139.41343,35.56625],[139.41484,35.56502],[139.41464,35.56478],[139.41447,35.56443],[139.41417,35.56416],[139.41368,35.56394],[139.4131,35.5638],[139.41264,35.56376],[139.41219,35.56382],[139.412,35.56379],[139.41184,35.56369],[139.41153,35.5633],[139.41131,35.56312],[139.41085,35.56294],[139.41027,35.56283],[139.40988,35.56262],[139.40975,35.56241],[139.4097,35.56201],[139.40958,35.56176],[139.40934,35.56154],[139.40862,35.56114],[139.40834,35.56075],[139.40816,35.56021],[139.40811,35.55987],[139.40808,35.55869],[139.40797,35.5579],[139.40783,35.55764],[139.40747,35.5575],[139.40731,35.55716],[139.40729,35.55618],[139.40735,35.55576],[139.40744,35.55553],[139.40766,35.55537],[139.40812,35.55532],[139.4084,35.55523],[139.40863,35.55504],[139.40879,35.5548],[139.40879,35.55458],[139.40852,35.55427],[139.40844,35.55411],[139.4084,35.5536],[139.40853,35.55335],[139.40876,35.55329],[139.40884,35.55322],[139.40879,35.55245],[139.40886,35.55235],[139.4091,35.55218],[139.40918,35.55203],[139.40932,35.55112],[139.40968,35.55078],[139.40966,35.55014],[139.40992,35.54997],[139.41045,35.54993],[139.4108,35.54986],[139.41106,35.54969],[139.41124,35.54942],[139.41146,35.5486],[139.41163,35.54838],[139.41183,35.54834],[139.41192,35.54827],[139.412,35.54806],[139.41203,35.54775],[139.41218,35.54754],[139.41243,35.54747],[139.41312,35.54746],[139.4133,35.5469],[139.41351,35.54655],[139.41378,35.54641],[139.41419,35.54634],[139.41446,35.5464],[139.41481,35.54672],[139.41495,35.54679],[139.41543,35.54687],[139.41667,35.54687],[139.41839,35.54674],[139.41886,35.54674],[139.41959,35.5468],[139.42002,35.54696],[139.42013,35.54708],[139.4203,35.5475],[139.42037,35.54747],[139.4206,35.54712],[139.42083,35.54697],[139.42124,35.54688],[139.42165,35.54689],[139.42195,35.54698],[139.42214,35.54716],[139.42226,35.54775],[139.42246,35.54749],[139.42281,35.5474],[139.42375,35.54736],[139.42509,35.54742],[139.42603,35.54741],[139.42638,35.54736],[139.4266,35.54718],[139.42681,35.54719],[139.42709,35.54731],[139.42725,35.54748],[139.42733,35.54772],[139.42735,35.54802],[139.42725,35.54857],[139.42711,35.54897],[139.42699,35.54914],[139.4267,35.54932],[139.42662,35.54956],[139.4267,35.54972],[139.42698,35.54978],[139.42708,35.54985],[139.42716,35.55006],[139.42721,35.55051],[139.42743,35.55032],[139.42759,35.55026],[139.42792,35.55022],[139.42826,35.55024],[139.42836,35.55032],[139.42814,35.55059],[139.42814,35.55081],[139.42815,35.55082],[139.42828,35.5507],[139.42924,35.55006],[139.43199,35.54874],[139.43194,35.54864],[139.43231,35.5479],[139.43255,35.54772],[139.43271,35.54731],[139.43287,35.54726],[139.43311,35.54729],[139.43311,35.54696],[139.43332,35.5467],[139.43339,35.54636],[139.43366,35.54639],[139.43332,35.5455],[139.43297,35.54426],[139.43273,35.54309],[139.43273,35.54256],[139.43285,35.54221],[139.43303,35.54206],[139.43355,35.5419],[139.43352,35.54134],[139.43334,35.54116],[139.43283,35.54108],[139.43186,35.54112],[139.43145,35.54099],[139.43135,35.54082],[139.43126,35.54036],[139.43086,35.54004],[139.43055,35.5394],[139.43035,35.53923],[139.42997,35.53917],[139.42978,35.53908],[139.42957,35.5385],[139.42868,35.5376],[139.42853,35.53722],[139.42867,35.53677],[139.42862,35.53659],[139.42825,35.53641],[139.4274,35.53623],[139.4271,35.53605],[139.42699,35.53594],[139.42681,35.53548],[139.42686,35.535],[139.42715,35.53454],[139.42771,35.53402],[139.42781,35.53384],[139.42778,35.53371],[139.42738,35.53353],[139.42711,35.53335],[139.4263,35.53262],[139.42594,35.53235],[139.42536,35.53205],[139.42462,35.5318],[139.42437,35.53159],[139.42435,35.53143],[139.42451,35.53116],[139.42462,35.53108],[139.42497,35.53099],[139.42505,35.53083],[139.42507,35.5306],[139.42516,35.53046],[139.42532,35.53036],[139.42568,35.53025],[139.4258,35.53016],[139.42602,35.52981],[139.42624,35.52883],[139.42633,35.52787],[139.42633,35.52673],[139.42625,35.52629],[139.42618,35.52616],[139.4261,35.5261],[139.42576,35.52603],[139.42567,35.52594],[139.42558,35.52565],[139.42532,35.52557],[139.42455,35.52558],[139.42276,35.52577],[139.42196,35.52576],[139.42155,35.52558],[139.42092,35.52502],[139.42045,35.52474],[139.41916,35.52435],[139.41865,35.52413],[139.41829,35.52389],[139.41809,35.52365],[139.41784,35.5231],[139.41755,35.52207],[139.41731,35.52144],[139.41703,35.52104],[139.41681,35.5209],[139.41654,35.52087],[139.41638,35.5209],[139.41603,35.52104],[139.41503,35.5216],[139.41448,35.52176],[139.41413,35.52178],[139.4134,35.52167],[139.41242,35.52131],[139.41195,35.52102],[139.41179,35.52068],[139.41157,35.52064],[139.41151,35.52059],[139.41141,35.52032],[139.41136,35.51985],[139.41135,35.51837],[139.41147,35.51742],[139.41158,35.51726],[139.41171,35.51722],[139.41178,35.51703],[139.41175,35.51515],[139.41191,35.51475],[139.41218,35.5146],[139.41231,35.5144],[139.41236,35.5139],[139.41229,35.5132],[139.41231,35.51272],[139.41238,35.51256],[139.41261,35.51251],[139.41238,35.51235],[139.41225,35.51201],[139.4122,35.51142],[139.41223,35.51075],[139.41234,35.51037],[139.41245,35.51028],[139.41264,35.51021],[139.41275,35.51007],[139.41304,35.50893],[139.41135,35.50908],[139.4106,35.50907],[139.41014,35.50891],[139.41005,35.50882],[139.40993,35.50854],[139.40974,35.50847],[139.40955,35.50846],[139.40922,35.50857],[139.40898,35.50892],[139.40872,35.50911],[139.4083,35.50923],[139.40774,35.50928],[139.40755,35.50921],[139.40747,35.50906],[139.40717,35.50898],[139.40626,35.50891],[139.40493,35.50889],[139.40399,35.50875],[139.40364,35.5086],[139.40342,35.50821],[139.4033,35.50811],[139.40313,35.50808],[139.40283,35.50811],[139.40262,35.50797],[139.40232,35.50747],[139.40178,35.50625],[139.40141,35.50577],[139.40101,35.50548],[139.4008,35.50526],[139.40059,35.50484],[139.40047,35.50437],[139.40033,35.50405],[139.40021,35.50395],[139.40002,35.5039],[139.3999,35.50378],[139.39951,35.50249],[139.39939,35.50237],[139.39911,35.5023],[139.39885,35.50213],[139.39856,35.50183],[139.39838,35.50157],[139.39817,35.50106],[139.398,35.50023],[139.39784,35.49992],[139.39762,35.49972],[139.39748,35.49966],[139.39684,35.49959],[139.39643,35.49942],[139.396,35.49901],[139.39577,35.49861],[139.39576,35.49826],[139.396,35.49797],[139.39646,35.49766],[139.39733,35.49724],[139.39764,35.49715],[139.39783,35.49718],[139.39798,35.49726],[139.39814,35.49746],[139.39832,35.49753],[139.39858,35.49751],[139.39878,35.49743],[139.39897,35.49709],[139.39908,35.49602],[139.39921,35.49563],[139.39945,35.49535],[139.3996,35.49524],[139.40031,35.49497],[139.40057,35.49472],[139.4006,35.49452],[139.40041,35.49415],[139.40026,35.49405],[139.39988,35.49399],[139.39961,35.49387],[139.39895,35.49308],[139.39831,35.49265],[139.39804,35.49257],[139.39776,35.49256],[139.3971,35.49274],[139.39688,35.49276],[139.3967,35.49272],[139.39615,35.49242],[139.39523,35.49225],[139.39469,35.49226],[139.39448,35.49231],[139.39431,35.49242],[139.39415,35.49272],[139.3941,35.49333],[139.39398,35.49374],[139.39383,35.49396],[139.39335,35.49444],[139.3932,35.49484],[139.39272,35.49505],[139.39257,35.49518],[139.39246,35.49547],[139.39245,35.49587],[139.39252,35.49608],[139.39263,35.49624],[139.39306,35.49643],[139.39314,35.49651],[139.39308,35.49688],[139.39323,35.49711],[139.39347,35.49726],[139.3937,35.49732],[139.39447,35.49738],[139.39472,35.49745],[139.39491,35.49758],[139.39503,35.49777],[139.39505,35.49798],[139.39498,35.49807],[139.39469,35.49822],[139.39446,35.49828],[139.39315,35.49844],[139.39265,35.4986],[139.39236,35.49885],[139.39229,35.499],[139.39231,35.50002],[139.39218,35.50036],[139.39202,35.50052],[139.3918,35.50063],[139.3915,35.50071],[139.39075,35.50075],[139.39037,35.50084],[139.39024,35.50096],[139.3902,35.50119],[139.39008,35.50138],[139.38946,35.50168],[139.38929,35.50204],[139.38891,35.50214],[139.38883,35.5023],[139.38882,35.50246],[139.38872,35.50259],[139.38831,35.50267],[139.38732,35.50262],[139.38686,35.50269],[139.38665,35.50276],[139.38629,35.50297],[139.38553,35.50374],[139.38527,35.50387],[139.38506,35.50384],[139.38492,35.50376],[139.38458,35.50342],[139.38442,35.50332],[139.38415,35.50327],[139.38376,35.50333],[139.38362,35.50329],[139.38336,35.50296],[139.38309,35.50284],[139.38241,35.50274],[139.3812,35.50269],[139.38081,35.50259],[139.3806,35.50243],[139.38047,35.50191],[139.38038,35.50184],[139.38009,35.50176],[139.38002,35.5016],[139.37996,35.50125],[139.37983,35.50116],[139.37952,35.50108],[139.37931,35.50076],[139.3793,35.50021],[139.37954,35.4991],[139.37948,35.49874],[139.37927,35.49848],[139.37911,35.4984],[139.37829,35.49823],[139.37798,35.49806],[139.37795,35.49791],[139.37801,35.49759],[139.37796,35.49704],[139.37773,35.49602],[139.37753,35.49549],[139.37739,35.49531],[139.37695,35.49515],[139.37609,35.49451],[139.37552,35.49394],[139.37537,35.49362],[139.37542,35.49333],[139.3755,35.49322],[139.37574,35.49306],[139.37581,35.49288],[139.37583,35.49243],[139.37576,35.4918],[139.37581,35.49131],[139.37594,35.4911],[139.37621,35.49089],[139.37631,35.49069],[139.3763,35.49026],[139.37611,35.48953],[139.37613,35.48923],[139.37623,35.48899],[139.37641,35.48881],[139.3767,35.48864],[139.37694,35.4886],[139.37715,35.48865],[139.37727,35.4886],[139.37767,35.48777],[139.37797,35.48756],[139.37861,35.48735],[139.3787,35.48725],[139.37879,35.48697],[139.37947,35.48648],[139.38001,35.48582],[139.38027,35.48569],[139.38087,35.48573],[139.38129,35.48553],[139.38168,35.48515],[139.38181,35.48477],[139.38222,35.48466],[139.38239,35.4843],[139.38319,35.48391],[139.38361,35.48353],[139.38379,35.48325],[139.38378,35.48307],[139.38355,35.48293],[139.38347,35.48282],[139.38341,35.48244],[139.38332,35.48229],[139.38306,35.48209],[139.3823,35.48168],[139.38177,35.48115],[139.38148,35.48065],[139.3812,35.4799],[139.38097,35.47969],[139.38056,35.47951],[139.38051,35.47937],[139.38058,35.47921],[139.38057,35.47911],[139.38041,35.479],[139.38013,35.47889],[139.37999,35.47875],[139.37988,35.4784],[139.37983,35.47779],[139.37974,35.47758],[139.3796,35.47743],[139.37917,35.47723],[139.37906,35.47704],[139.37905,35.47688],[139.37909,35.47674],[139.37918,35.47664],[139.37972,35.47654],[139.37993,35.47644],[139.38065,35.47583],[139.38096,35.4757],[139.38135,35.47564],[139.3815,35.47555],[139.38166,35.47529],[139.38172,35.47491],[139.38163,35.47473],[139.38139,35.47459],[139.38129,35.47446],[139.38126,35.47431],[139.38134,35.47412],[139.38154,35.4739],[139.38193,35.47359],[139.38219,35.47347],[139.38247,35.47343],[139.3826,35.47337],[139.38273,35.47302],[139.38321,35.47268],[139.3834,35.47248],[139.38356,35.47197],[139.38368,35.4719],[139.38403,35.47186],[139.38415,35.4718],[139.38421,35.47171],[139.38414,35.47141],[139.38418,35.47125],[139.38431,35.47112],[139.38477,35.47088],[139.385,35.47071],[139.38503,35.4706],[139.38496,35.47032],[139.38505,35.47015],[139.38526,35.46999],[139.38554,35.46992],[139.38626,35.47],[139.38642,35.46998],[139.38651,35.46992],[139.38653,35.46977],[139.38661,35.4697],[139.38692,35.46976],[139.38717,35.46973],[139.38838,35.46927],[139.38873,35.4692],[139.38898,35.46926],[139.38907,35.46934],[139.38923,35.46972],[139.38933,35.46983],[139.38985,35.47008],[139.39067,35.47021],[139.39123,35.47023],[139.3917,35.47019],[139.39224,35.47002],[139.39263,35.46974],[139.39294,35.46936],[139.39327,35.46873],[139.39356,35.46849],[139.39375,35.46839],[139.3945,35.4682],[139.39591,35.46814],[139.39614,35.46818],[139.39632,35.4683],[139.39642,35.46851],[139.39646,35.46891],[139.39662,35.46912],[139.39681,35.46919],[139.39721,35.46923],[139.3975,35.46934],[139.39798,35.46966],[139.39847,35.47011],[139.39873,35.47025],[139.39892,35.47024],[139.39899,35.47018],[139.39916,35.46971],[139.39931,35.4695],[139.39944,35.46944],[139.39958,35.46946],[139.39987,35.46959],[139.40075,35.47019],[139.4011,35.47026],[139.40159,35.4702],[139.40184,35.47028],[139.40214,35.47057],[139.40224,35.47103],[139.40239,35.47119],[139.4027,35.47126],[139.40309,35.47124],[139.4034,35.47115],[139.4037,35.47097],[139.40381,35.47095],[139.40391,35.47099],[139.40412,35.47134],[139.40433,35.47151],[139.40461,35.47162],[139.40484,35.4716],[139.40493,35.47149],[139.40497,35.47132],[139.4049,35.47096],[139.4047,35.47083],[139.40428,35.47075],[139.40419,35.47065],[139.40415,35.47052],[139.40418,35.4703],[139.40424,35.4702],[139.40452,35.47013],[139.40461,35.47003],[139.40453,35.46946],[139.40482,35.46852],[139.40477,35.46797],[139.40445,35.46712],[139.40438,35.4667],[139.40445,35.46656],[139.40472,35.46651],[139.40484,35.46639],[139.4049,35.46602],[139.40484,35.46547],[139.40497,35.46507],[139.40519,35.46491],[139.40551,35.46483],[139.40565,35.46474],[139.40587,35.46435],[139.40599,35.46369],[139.40596,35.46171],[139.40605,35.46065],[139.40622,35.4603],[139.40634,35.46023],[139.40694,35.46016],[139.40755,35.45986],[139.40771,35.45987],[139.40806,35.46001],[139.40853,35.45957],[139.4087,35.45895],[139.40916,35.45882],[139.40937,35.45858],[139.40955,35.45848],[139.40981,35.45844],[139.41009,35.45847],[139.4103,35.4586],[139.41047,35.45889],[139.41065,35.45905],[139.41085,35.45911],[139.41137,35.45912],[139.41149,35.45864],[139.41167,35.45827],[139.41193,35.45807],[139.41228,35.45794],[139.41295,35.45786],[139.41344,35.4579],[139.41364,35.458],[139.41391,35.45839],[139.41416,35.45845],[139.41461,35.45828],[139.41554,35.4577],[139.41596,35.45751],[139.41658,35.45735],[139.41699,35.45734],[139.41734,35.45738],[139.4177,35.45755],[139.41792,35.45795],[139.41822,35.45816],[139.41852,35.45823],[139.41925,35.45828],[139.41948,35.45835],[139.41961,35.45847],[139.41971,35.45882],[139.41983,35.45889],[139.42021,35.45895],[139.42044,35.45905],[139.42081,35.45937],[139.42122,35.45984],[139.42154,35.46007],[139.42208,35.46026],[139.42268,35.4603],[139.42314,35.46039],[139.42336,35.46051],[139.42359,35.46074],[139.42383,35.4609],[139.42432,35.46098],[139.42453,35.46107],[139.42484,35.46134],[139.42513,35.46174],[139.42533,35.4621],[139.4254,35.46248],[139.42553,35.46261],[139.42583,35.46268],[139.4263,35.46269],[139.42726,35.46262],[139.4278,35.46253],[139.42838,35.46234],[139.42893,35.46201],[139.42924,35.46197],[139.42955,35.46202],[139.42986,35.46195],[139.43065,35.46133],[139.43081,35.4613],[139.43101,35.46136],[139.43114,35.46135],[139.43121,35.46114],[139.43132,35.46106],[139.43165,35.461],[139.43212,35.46101],[139.43238,35.4611],[139.43257,35.46126],[139.43269,35.46149],[139.43275,35.46187],[139.4327,35.46212],[139.4324,35.46234],[139.43225,35.46255],[139.43213,35.46285],[139.43216,35.46309],[139.43237,35.46316],[139.43277,35.46311],[139.43318,35.46315],[139.43351,35.46328],[139.43421,35.4637],[139.43442,35.46313],[139.43465,35.4629],[139.43521,35.46267],[139.43597,35.4625],[139.43649,35.46233],[139.43666,35.46222],[139.43675,35.46194],[139.43701,35.46166],[139.43728,35.46154],[139.43774,35.46159],[139.43784,35.46152],[139.43814,35.46108],[139.43856,35.46082],[139.43921,35.46061],[139.43974,35.46057],[139.44004,35.46068],[139.44028,35.46102],[139.44132,35.46117],[139.4417,35.46128],[139.44192,35.4614],[139.44222,35.46182],[139.44244,35.46204],[139.4436,35.46295],[139.44383,35.46326],[139.44389,35.46351],[139.44408,35.46363],[139.44466,35.46373],[139.44581,35.46376],[139.44654,35.46385],[139.4471,35.464],[139.44775,35.4643],[139.44818,35.46459],[139.44857,35.46496],[139.44888,35.46538],[139.44928,35.46612],[139.44951,35.46626],[139.44979,35.46629],[139.45028,35.46613],[139.45064,35.46574],[139.4508,35.46535],[139.45104,35.46424],[139.45128,35.46379],[139.45148,35.46361],[139.45184,35.4634],[139.45277,35.46314],[139.45303,35.463],[139.45322,35.46278],[139.45343,35.46219],[139.45361,35.46199],[139.45387,35.46191],[139.4548,35.46205],[139.45527,35.46196],[139.45595,35.46144],[139.45633,35.46131],[139.45696,35.46124],[139.45725,35.46108],[139.45747,35.46084],[139.45776,35.46065],[139.45857,35.4604],[139.45869,35.46031],[139.45879,35.46003],[139.459,35.45982],[139.45936,35.45957],[139.45996,35.45927],[139.46062,35.45903],[139.46106,35.45895],[139.46138,35.45899],[139.46159,35.45913],[139.46168,35.45914],[139.46162,35.4589],[139.46147,35.45869],[139.46124,35.45854],[139.46095,35.45844],[139.46083,35.45833],[139.46078,35.45809],[139.46084,35.45763],[139.46048,35.45781],[139.46028,35.45785],[139.45992,35.45783],[139.45966,35.45776],[139.45923,35.4575],[139.45872,35.45688],[139.45826,35.45673],[139.45816,35.45646],[139.45777,35.45667],[139.45766,35.45668],[139.45737,35.45643],[139.45726,35.45642],[139.45692,35.45648],[139.45666,35.4564],[139.45637,35.45618],[139.45619,35.45598],[139.45598,35.4556],[139.4557,35.4547],[139.45556,35.45449],[139.45519,35.45421],[139.45507,35.45403],[139.45502,35.45364],[139.45509,35.45317],[139.455,35.45286],[139.45483,35.45275],[139.45445,35.45272],[139.45415,35.45262],[139.45397,35.45243],[139.45391,35.45223],[139.45383,35.45087],[139.45386,35.44998],[139.45392,35.4496],[139.45401,35.44939],[139.45438,35.44928],[139.45466,35.4489],[139.45494,35.44838],[139.45525,35.4482],[139.45572,35.4481],[139.45586,35.44801],[139.45605,35.44766],[139.45613,35.44706],[139.45612,35.44667],[139.45595,35.44458],[139.45601,35.44413],[139.45607,35.44401],[139.45615,35.44394],[139.45645,35.44391],[139.45662,35.44384],[139.45713,35.44342],[139.45734,35.44343],[139.45761,35.44358],[139.45775,35.44354],[139.45818,35.44304],[139.45835,35.44291],[139.45898,35.44276],[139.45892,35.4424],[139.45913,35.44212],[139.4595,35.44197],[139.4603,35.44187],[139.46063,35.44172],[139.4612,35.44134],[139.46158,35.44102],[139.4618,35.44075],[139.46187,35.44054],[139.46178,35.44038],[139.46141,35.44025],[139.4609,35.4402],[139.46002,35.44027],[139.45956,35.44026],[139.45941,35.4402],[139.45931,35.43999],[139.45911,35.43998],[139.4587,35.44005],[139.45846,35.44003],[139.45794,35.43987],[139.45773,35.43972],[139.45758,35.43942],[139.45763,35.4389],[139.45758,35.43854],[139.45747,35.43834],[139.45699,35.43786],[139.45687,35.43751],[139.45666,35.43738],[139.45617,35.43724],[139.45594,35.43709],[139.45566,35.43674],[139.45535,35.43615],[139.45515,35.43596],[139.45492,35.43585],[139.45442,35.43577],[139.45423,35.43565],[139.4541,35.43546],[139.45402,35.43519],[139.454,35.43477],[139.45429,35.43373],[139.45424,35.43357],[139.45391,35.43339],[139.45379,35.43319],[139.45374,35.43268],[139.45382,35.43198],[139.45381,35.43151],[139.45373,35.43135],[139.45355,35.4313],[139.45345,35.43121],[139.45337,35.43082],[139.45342,35.43034],[139.45355,35.43013],[139.45381,35.42996],[139.45383,35.42982],[139.45377,35.42971],[139.45384,35.42955],[139.45431,35.42917],[139.45601,35.42811],[139.45646,35.42767],[139.45675,35.42713],[139.45687,35.42706],[139.45706,35.42703],[139.45716,35.42696],[139.45724,35.42675],[139.45722,35.42636],[139.45712,35.42619],[139.45675,35.42607],[139.4567,35.42589],[139.45675,35.42579],[139.45696,35.42566],[139.45745,35.42553],[139.45768,35.42542],[139.45797,35.42518],[139.45839,35.42466],[139.45882,35.42451],[139.45901,35.42392],[139.45939,35.4235],[139.45981,35.42323],[139.46008,35.42315],[139.46036,35.42316],[139.46088,35.42333],[139.46119,35.42333],[139.46173,35.42305],[139.46292,35.42279],[139.46312,35.42266],[139.4632,35.42249],[139.46312,35.42218],[139.46296,35.42206],[139.4626,35.42204],[139.46212,35.42217],[139.4618,35.42222],[139.46169,35.42217],[139.46166,35.42202],[139.46154,35.42192],[139.46087,35.42181],[139.45984,35.42132],[139.45949,35.42128],[139.45919,35.42133],[139.45902,35.42132],[139.45884,35.42119],[139.45866,35.4209],[139.4585,35.4208],[139.4579,35.42072],[139.45756,35.4206],[139.45738,35.42044],[139.4571,35.42006],[139.45697,35.41995],[139.45683,35.41992],[139.45651,35.41998],[139.45612,35.41968],[139.45582,35.41961],[139.45544,35.41959],[139.45518,35.4195],[139.45508,35.41931],[139.45512,35.41906],[139.45527,35.41885],[139.45563,35.41858],[139.45583,35.41803],[139.45591,35.4167],[139.45583,35.41562],[139.45574,35.41537],[139.4555,35.41527],[139.45542,35.41515],[139.45532,35.41431],[139.4552,35.41399],[139.45507,35.41381],[139.4549,35.41369],[139.45471,35.41362],[139.45447,35.4136],[139.45408,35.41365],[139.45387,35.4136],[139.45365,35.41337],[139.45357,35.41311],[139.45353,35.4124],[139.45361,35.41198],[139.45374,35.41166],[139.45391,35.4115],[139.4542,35.41142],[139.45428,35.41127],[139.45431,35.41103],[139.45439,35.41092],[139.45465,35.41082],[139.45503,35.4108],[139.45522,35.41075],[139.45534,35.41066],[139.45539,35.41052],[139.45532,35.41029],[139.45514,35.41017],[139.45428,35.40996],[139.45398,35.4098],[139.45386,35.40968],[139.45368,35.40939],[139.45359,35.40902],[139.4536,35.40851],[139.45368,35.40825],[139.45384,35.40804],[139.45405,35.40788],[139.45428,35.40778],[139.45452,35.40774],[139.45492,35.40779],[139.45523,35.40789],[139.45539,35.40803],[139.45544,35.40822],[139.45553,35.40826],[139.45576,35.40824],[139.45601,35.40814],[139.45606,35.40802],[139.45581,35.40774],[139.45569,35.40745],[139.4557,35.4072],[139.45581,35.40698],[139.45638,35.40656],[139.4565,35.4064],[139.45654,35.40622],[139.45667,35.40609],[139.45763,35.40562],[139.45801,35.40534],[139.45814,35.40513],[139.45826,35.40453],[139.45848,35.40426],[139.45885,35.40411],[139.45946,35.40404],[139.45963,35.40392],[139.45971,35.40367],[139.45971,35.40348],[139.45956,35.40249],[139.45869,35.40232],[139.45832,35.40211],[139.45818,35.40196],[139.45794,35.4016],[139.45761,35.40088],[139.45734,35.40046],[139.45684,35.39996],[139.45626,35.39961],[139.45583,35.39927],[139.45566,35.39904],[139.45552,35.3987],[139.4553,35.39836],[139.45461,35.39768],[139.4544,35.39729],[139.45433,35.39675],[139.45423,35.39648],[139.45391,35.39611],[139.4532,35.39554],[139.45301,35.3952],[139.45299,35.39498],[139.45313,35.39472],[139.45346,35.39442],[139.45533,35.39331],[139.45595,35.39272],[139.45615,35.39232],[139.45637,35.39152],[139.45681,35.39093],[139.45691,35.3904],[139.4573,35.39006],[139.45732,35.38994],[139.45726,35.38963],[139.45737,35.38948],[139.45778,35.38928],[139.45844,35.38911],[139.45889,35.38894],[139.45904,35.38883],[139.45909,35.38867],[139.45918,35.38861],[139.45943,35.3886],[139.45991,35.38867],[139.46012,35.38863],[139.46021,35.38839],[139.4603,35.3883],[139.46073,35.38813],[139.46085,35.38804],[139.4609,35.38785],[139.46083,35.38761],[139.46085,35.38748],[139.46094,35.38737],[139.46128,35.38719],[139.46113,35.38702],[139.46031,35.38661],[139.46011,35.38641],[139.46002,35.38621],[139.46006,35.38598],[139.46027,35.38567],[139.4605,35.38548],[139.46111,35.38513],[139.46144,35.38488],[139.46155,35.38471],[139.46162,35.38435],[139.4617,35.38428],[139.46194,35.38423],[139.46203,35.38416],[139.46212,35.38385],[139.46205,35.38342],[139.46176,35.38305],[139.46144,35.38282],[139.46121,35.38273],[139.46057,35.38263],[139.4604,35.38249],[139.46035,35.38238],[139.46031,35.38207],[139.46038,35.38143],[139.46036,35.38103],[139.46021,35.38052],[139.45989,35.37996],[139.45987,35.37973],[139.45995,35.37953],[139.46041,35.37905],[139.46052,35.37873],[139.46067,35.37853],[139.46134,35.37792],[139.4622,35.37728],[139.46267,35.37706],[139.46322,35.37697],[139.46359,35.37664],[139.46451,35.37634],[139.4648,35.37615],[139.46494,35.37599],[139.46518,35.37585],[139.4658,35.37572],[139.46706,35.37569],[139.46794,35.37559],[139.46938,35.3752],[139.46964,35.37522],[139.46983,35.37532],[139.46997,35.37547],[139.47017,35.3755],[139.47038,35.37531],[139.47055,35.37497],[139.4706,35.37464],[139.47054,35.3741],[139.47062,35.37395],[139.47079,35.37384],[139.47117,35.37377],[139.47155,35.37384],[139.47177,35.37398],[139.47229,35.37444],[139.4726,35.37457],[139.47281,35.37459],[139.47296,35.37455],[139.47305,35.37445],[139.47302,35.37397],[139.47315,35.37379],[139.47327,35.3737],[139.47386,35.37349],[139.47461,35.37341],[139.47498,35.37349],[139.47513,35.37358],[139.47534,35.37383],[139.47556,35.37429],[139.47572,35.3745],[139.47591,35.37465],[139.47626,35.37482],[139.47637,35.37508],[139.47631,35.37558],[139.47641,35.37577],[139.47665,35.3759],[139.47683,35.37593],[139.47781,35.37602],[139.47808,35.37618],[139.4782,35.3766],[139.47848,35.3768],[139.47858,35.37695],[139.47865,35.3773],[139.47867,35.37777],[139.47879,35.37808],[139.47893,35.37819],[139.47933,35.37824],[139.47964,35.37837],[139.47994,35.37859],[139.48018,35.37889],[139.48029,35.3793],[139.4803,35.38002],[139.48081,35.38019],[139.48099,35.38038],[139.48111,35.38083],[139.48119,35.38181],[139.48139,35.38217],[139.48167,35.38237],[139.48186,35.3826],[139.48202,35.38335],[139.48212,35.38346],[139.4824,35.38364],[139.4825,35.38394],[139.48259,35.38403],[139.48341,35.38432],[139.48356,35.38445],[139.48357,35.38463],[139.48334,35.38515],[139.48308,35.38547],[139.48266,35.38572],[139.48192,35.38597],[139.48163,35.38612],[139.48145,35.3863],[139.48133,35.3868],[139.48118,35.38696],[139.48053,35.38707],[139.48019,35.38731],[139.48016,35.38743],[139.48021,35.38754],[139.48054,35.38777],[139.48069,35.388],[139.48071,35.38819],[139.48066,35.38841],[139.48048,35.38869],[139.48018,35.38887],[139.47979,35.38897],[139.47945,35.38911],[139.47905,35.38948],[139.4788,35.38964],[139.47818,35.38976],[139.47807,35.38992],[139.47798,35.39033],[139.47759,35.39076],[139.47704,35.39106],[139.47612,35.39138],[139.47588,35.3916],[139.47581,35.39174],[139.47577,35.39208],[139.47588,35.39251],[139.47605,35.3929],[139.47641,35.39332],[139.47727,35.39375],[139.47742,35.39389],[139.47749,35.39405],[139.47748,35.39421],[139.4774,35.39437],[139.47702,35.39449],[139.47676,35.39475],[139.47647,35.39519],[139.4763,35.39556],[139.47611,35.39642],[139.47611,35.39711],[139.47617,35.39732],[139.47622,35.39734],[139.47641,35.3971],[139.47693,35.39601],[139.4771,35.39752],[139.4772,35.39787],[139.47725,35.39787],[139.4774,35.39752],[139.47775,35.39601],[139.47777,35.39559],[139.47783,35.39544],[139.47803,35.39535],[139.47832,35.39531],[139.47853,35.39521],[139.47884,35.39489],[139.47917,35.39443],[139.47959,35.39408],[139.48014,35.39389],[139.48086,35.39386],[139.48122,35.39399],[139.48145,35.39422],[139.48178,35.39438],[139.48221,35.39445],[139.48254,35.39443],[139.4829,35.39424],[139.48306,35.394],[139.4833,35.39331],[139.48345,35.39316],[139.48363,35.3931],[139.48402,35.39316],[139.48453,35.39356],[139.48494,35.39369],[139.48599,35.39384],[139.4878,35.39399],[139.48858,35.39416],[139.48877,35.39431],[139.48875,35.39448],[139.48864,35.39473],[139.48824,35.39515],[139.48822,35.39532],[139.48849,35.39558],[139.48919,35.39591],[139.48944,35.39612],[139.48947,35.39624],[139.48935,35.39639],[139.48919,35.39647],[139.48894,35.39651],[139.48949,35.39682],[139.48963,35.39698],[139.48966,35.39731],[139.4895,35.3977],[139.48948,35.39797],[139.48958,35.39805],[139.49014,35.39814],[139.49044,35.39833],[139.49058,35.39859],[139.49051,35.39899],[139.4906,35.39921],[139.49139,35.39968],[139.49148,35.3998],[139.49155,35.40003],[139.49167,35.40017],[139.49249,35.40079],[139.49268,35.40119],[139.49306,35.40128],[139.49313,35.40139],[139.49315,35.40154],[139.49327,35.40165],[139.4937,35.40171],[139.49384,35.40182],[139.49395,35.40213],[139.49397,35.4026],[139.49405,35.40295],[139.49414,35.4031],[139.49432,35.40321],[139.49437,35.40332],[139.49435,35.40347],[139.49415,35.40388],[139.49409,35.40412],[139.49415,35.40423],[139.49442,35.40445],[139.49454,35.40501],[139.49461,35.4051],[139.49485,35.40525],[139.49522,35.40536],[139.49574,35.40543],[139.49675,35.40544],[139.49721,35.40538],[139.49781,35.40522],[139.4981,35.40509],[139.49828,35.40495],[139.49838,35.40463],[139.49849,35.40451],[139.49881,35.40442],[139.49955,35.40435],[139.4998,35.40419],[139.50003,35.40389],[139.50039,35.40377],[139.50094,35.40374],[139.50146,35.40382],[139.50182,35.40404],[139.50213,35.40442],[139.50244,35.40455],[139.50269,35.40455],[139.50322,35.40439],[139.50388,35.40397],[139.50409,35.40389],[139.5043,35.40388],[139.50476,35.40406],[139.50485,35.40405],[139.50476,35.40359],[139.50481,35.40333],[139.50503,35.40312],[139.50534,35.40306],[139.50546,35.40299],[139.50581,35.40239],[139.50617,35.40222],[139.50734,35.40211],[139.50752,35.40203],[139.50765,35.40188],[139.50783,35.40177],[139.50839,35.40171],[139.50872,35.40158],[139.50892,35.40141],[139.50902,35.40125],[139.50913,35.40051],[139.50937,35.40012],[139.50973,35.39984],[139.51077,35.39926],[139.51061,35.39883],[139.51064,35.39864],[139.51076,35.39851],[139.51123,35.39826],[139.51142,35.3981],[139.51158,35.39777],[139.51161,35.39737],[139.51173,35.39704],[139.51187,35.39688],[139.51235,35.39653],[139.51247,35.39621],[139.5127,35.39611],[139.51309,35.39613],[139.51334,35.39622],[139.51375,35.39645],[139.51384,35.3962],[139.514,35.39603],[139.51427,35.39586],[139.51455,35.39577],[139.51472,35.39579],[139.51519,35.39601],[139.5156,35.39607],[139.51801,35.39619],[139.51834,35.39627],[139.51859,35.39642],[139.51888,35.3965],[139.51974,35.39641],[139.52002,35.39643],[139.52023,35.39652],[139.52035,35.39663],[139.52066,35.39726],[139.52086,35.39739],[139.52115,35.39736],[139.52135,35.39723],[139.5214,35.39704],[139.52135,35.39673],[139.52151,35.39656],[139.52185,35.39646],[139.52228,35.39645],[139.52241,35.39651],[139.52267,35.39677],[139.52307,35.39685],[139.52326,35.39723],[139.52406,35.39769],[139.52415,35.39786],[139.52407,35.39806],[139.52412,35.39814],[139.52429,35.39817],[139.52447,35.3981],[139.52461,35.39795],[139.52477,35.39765],[139.52499,35.3975],[139.52527,35.39753],[139.52544,35.39785],[139.52555,35.39787],[139.52582,35.39782],[139.52598,35.39772],[139.52606,35.39757],[139.52608,35.39735],[139.52601,35.39697],[139.52607,35.39673],[139.52619,35.39669],[139.52656,35.39675],[139.52676,35.3967],[139.52689,35.39657],[139.52697,35.39636],[139.52702,35.39598],[139.52699,35.39565],[139.52689,35.39535],[139.52666,35.395],[139.52663,35.39483],[139.52669,35.39467],[139.52683,35.3945],[139.52713,35.39428],[139.52739,35.39415],[139.52761,35.39412],[139.52768,35.39406],[139.52763,35.3938],[139.52727,35.39306],[139.52733,35.39272],[139.52751,35.39257],[139.52807,35.39225],[139.52833,35.39186],[139.52847,35.39175],[139.52865,35.39167],[139.52916,35.39163],[139.52942,35.39156],[139.52965,35.39143],[139.53021,35.39099],[139.53062,35.39095],[139.5314,35.39121],[139.53152,35.39121],[139.53171,35.39113],[139.53187,35.39079],[139.53188,35.3904],[139.53181,35.39032],[139.53156,35.39028],[139.5314,35.39019],[139.53129,35.39004],[139.5313,35.38991],[139.53141,35.38975],[139.53169,35.38952],[139.53255,35.38895],[139.53308,35.38882],[139.53332,35.38884],[139.53363,35.38902],[139.53394,35.38932],[139.53429,35.38944],[139.53454,35.38939],[139.53509,35.38912],[139.5355,35.38904],[139.53592,35.38908],[139.53638,35.38927],[139.53712,35.38978],[139.53779,35.39041],[139.53802,35.39081],[139.53809,35.39129],[139.53833,35.39111],[139.53869,35.39106],[139.53943,35.39115],[139.53971,35.39125],[139.53989,35.39137],[139.54004,35.39181],[139.54024,35.39196],[139.54052,35.39207],[139.54064,35.39221],[139.54069,35.39256],[139.54062,35.39319],[139.54067,35.39345],[139.54079,35.39368],[139.54107,35.39392],[139.5413,35.39402],[139.54141,35.39399],[139.54167,35.39374],[139.54198,35.39372],[139.54211,35.39384],[139.54218,35.39431],[139.54226,35.39449],[139.54252,35.39467],[139.54291,35.39475],[139.54328,35.39478],[139.54372,35.39471],[139.54401,35.39456],[139.5441,35.39431],[139.54419,35.39425],[139.54434,35.39423],[139.54501,35.39431],[139.54517,35.39424],[139.54522,35.39409],[139.54537,35.39403],[139.54582,35.39402],[139.54649,35.39408],[139.54702,35.39404],[139.54726,35.39394],[139.54763,35.3936],[139.54791,35.39349],[139.54816,35.39356],[139.54823,35.3938],[139.54839,35.3939],[139.5487,35.39394],[139.54914,35.3939],[139.54926,35.39384],[139.54934,35.39364],[139.54947,35.39357],[139.5497,35.39352],[139.55044,35.39348],[139.5509,35.39332],[139.55112,35.39313],[139.55151,35.39255],[139.55169,35.39243],[139.55188,35.39237],[139.55232,35.39242],[139.55297,35.39263],[139.55334,35.39286],[139.55343,35.39297],[139.55346,35.39313],[139.55355,35.39321],[139.5537,35.39326],[139.55438,35.39332],[139.5545,35.39339],[139.55457,35.39359],[139.55467,35.39368],[139.555,35.3938],[139.55549,35.39389],[139.55635,35.39396],[139.55699,35.39392],[139.5573,35.39375],[139.55751,35.39336],[139.55785,35.39311],[139.55842,35.39297],[139.55906,35.39292],[139.55948,35.39296],[139.55975,35.39318],[139.55988,35.39322],[139.5605,35.39317],[139.56068,35.3933],[139.56079,35.39352],[139.56089,35.39361],[139.56116,35.39339],[139.56153,35.39327],[139.56208,35.39317],[139.56267,35.39322],[139.56305,35.39335],[139.56373,35.39382],[139.56405,35.39396],[139.56416,35.39389],[139.56423,35.39352],[139.56444,35.39335],[139.56539,35.3932],[139.56649,35.39274],[139.56682,35.39264],[139.56715,35.39268],[139.56747,35.39297],[139.56753,35.39296],[139.5677,35.39279],[139.56792,35.39275],[139.56848,35.39279],[139.56948,35.39296],[139.57005,35.39296],[139.57032,35.39289],[139.57061,35.39272],[139.57081,35.39251],[139.57104,35.39213],[139.57133,35.39198],[139.57162,35.39198],[139.57181,35.39204],[139.57197,35.39241],[139.57213,35.39252],[139.57233,35.39256],[139.57254,35.39248],[139.57282,35.3922],[139.57298,35.39212],[139.57316,35.39211],[139.57356,35.39226],[139.57376,35.39229],[139.57397,35.39224],[139.57438,35.39198],[139.57459,35.39194],[139.5749,35.39206],[139.57511,35.39226],[139.57538,35.39243],[139.57573,35.39253],[139.57617,35.39257],[139.57695,35.39252],[139.5775,35.39259],[139.57772,35.39273],[139.57791,35.39315],[139.57812,35.39345],[139.57853,35.39379],[139.57924,35.39403],[139.58024,35.39417],[139.58071,35.39429],[139.58084,35.39439],[139.5808,35.39454],[139.58089,35.39465],[139.58143,35.39471],[139.58173,35.39483],[139.58186,35.39499],[139.58202,35.39537],[139.58215,35.39474],[139.58243,35.39453],[139.5825,35.39442],[139.58252,35.39418],[139.58243,35.39377],[139.58253,35.39351],[139.58273,35.39343],[139.58288,35.39344],[139.58316,35.39357],[139.58352,35.39384],[139.58364,35.39389],[139.5837,35.39386],[139.5837,35.39371],[139.58362,35.3936],[139.58289,35.39318],[139.58274,35.39293],[139.58274,35.39272],[139.58283,35.39251],[139.58298,35.39236],[139.58321,35.39226],[139.58367,35.39222],[139.58414,35.39228],[139.58452,35.39244],[139.58484,35.39267],[139.58505,35.39273],[139.58525,35.39271],[139.58566,35.39246],[139.58589,35.39239],[139.586,35.39246],[139.58613,35.39268],[139.58643,35.39284],[139.58692,35.3929],[139.58731,35.39289],[139.58759,35.39282],[139.58777,35.39269],[139.58787,35.3923],[139.58795,35.39216],[139.58811,35.3921],[139.58859,35.39214],[139.58878,35.39211],[139.5889,35.39201],[139.58895,35.39172],[139.58903,35.39162],[139.58942,35.39145],[139.59012,35.39132],[139.59112,35.39123],[139.59277,35.39122],[139.59319,35.39125],[139.5938,35.39139],[139.59415,35.39161],[139.59437,35.39198],[139.59462,35.39219],[139.59533,35.39235],[139.59585,35.3927],[139.5962,35.39286],[139.59645,35.39291],[139.59684,35.39291],[139.59715,35.39282],[139.59734,35.39241],[139.59784,35.3919],[139.598,35.39156],[139.59806,35.39104],[139.59819,35.39087],[139.59842,35.39078],[139.59916,35.39081],[139.59962,35.3907],[139.59984,35.39053],[139.60019,35.39004],[139.60045,35.38988],[139.60085,35.38979],[139.60189,35.38978],[139.60207,35.38936],[139.60218,35.38923],[139.60235,35.38919],[139.60266,35.38925],[139.60284,35.38913],[139.60297,35.38878],[139.60304,35.38816],[139.60327,35.38777],[139.60375,35.38741],[139.60399,35.38731],[139.6042,35.38729],[139.60432,35.38722],[139.60466,35.38654],[139.60477,35.38644],[139.60502,35.38639],[139.60515,35.3863],[139.60523,35.38594],[139.60534,35.38581],[139.60566,35.38566],[139.60612,35.38556],[139.60629,35.38543],[139.60633,35.38525],[139.60622,35.38501],[139.60588,35.38467],[139.60558,35.38459],[139.60523,35.38461],[139.60483,35.38475],[139.60448,35.38496],[139.60412,35.38539],[139.60389,35.38613],[139.60355,35.38665],[139.60298,35.38712],[139.60215,35.38757],[139.60175,35.38773],[139.60159,35.38775],[139.60143,35.38771],[139.60132,35.38745],[139.60119,35.38739],[139.59981,35.38743],[139.59963,35.38737],[139.59942,35.38714],[139.59918,35.38707],[139.59893,35.38714],[139.59886,35.38737],[139.59874,35.38747],[139.59824,35.38754],[139.59812,35.38759],[139.59802,35.38783],[139.59779,35.38799],[139.59712,35.38822],[139.5966,35.3883],[139.59624,35.38826],[139.59592,35.38807],[139.59572,35.388],[139.59489,35.38792],[139.59473,35.38785],[139.59446,35.38762],[139.59435,35.38763],[139.59408,35.38781],[139.5939,35.38787],[139.59357,35.38788],[139.5933,35.38783],[139.59284,35.38765],[139.59244,35.38729],[139.59228,35.38722],[139.59201,35.38729],[139.59152,35.3876],[139.59135,35.38764],[139.5912,35.38763],[139.59101,35.38751],[139.5909,35.38738],[139.59067,35.3869],[139.59046,35.38676],[139.5899,35.38669],[139.58914,35.38672],[139.58879,35.3866],[139.58867,35.38648],[139.58854,35.38615],[139.58861,35.38527],[139.58856,35.38489],[139.58846,35.38479],[139.58828,35.38475],[139.5882,35.38465],[139.58814,35.38418],[139.58802,35.38394],[139.58788,35.38383],[139.58746,35.38366],[139.58734,35.38352],[139.58728,35.38328],[139.58702,35.38321],[139.58692,35.38313],[139.58687,35.38279],[139.58697,35.38185],[139.58695,35.38165],[139.58687,35.38158],[139.58666,35.38171],[139.5863,35.38178],[139.58524,35.3817],[139.58501,35.38172],[139.58488,35.38178],[139.58483,35.38193],[139.58473,35.38201],[139.5844,35.38207],[139.58408,35.38208],[139.58379,35.38205],[139.58356,35.38197],[139.58341,35.38186],[139.58315,35.38146],[139.58296,35.3814],[139.58284,35.38141],[139.58277,35.38148],[139.58274,35.38161],[139.58281,35.38212],[139.58273,35.38232],[139.58256,35.38251],[139.58192,35.38287],[139.58125,35.383],[139.58102,35.38312],[139.58065,35.38349],[139.58011,35.38417],[139.57987,35.38437],[139.57964,35.38445],[139.57943,35.38442],[139.5792,35.38432],[139.57908,35.38418],[139.57898,35.38388],[139.57883,35.38377],[139.57868,35.38373],[139.57816,35.38381],[139.57689,35.38425],[139.57651,35.38432],[139.57624,35.38429],[139.57608,35.38421],[139.57603,35.38402],[139.57594,35.38396],[139.575,35.384],[139.57487,35.38394],[139.57468,35.38374],[139.57452,35.38368],[139.57393,35.38363],[139.57367,35.38356],[139.57359,35.38349],[139.57348,35.38319],[139.57326,35.38306],[139.57273,35.38298],[139.57154,35.38295],[139.57098,35.38288],[139.57076,35.3828],[139.57061,35.38265],[139.57036,35.38251],[139.56962,35.38234],[139.5693,35.38222],[139.56919,35.38213],[139.56915,35.38197],[139.56904,35.38189],[139.56813,35.38177],[139.56797,35.38164],[139.56792,35.38156],[139.56797,35.38105],[139.56788,35.38066],[139.56771,35.38041],[139.56725,35.37996],[139.56712,35.37973],[139.56708,35.37951],[139.56716,35.3791],[139.56711,35.37893],[139.56679,35.37882],[139.56667,35.37842],[139.56647,35.37825],[139.56613,35.37808],[139.56481,35.37764],[139.56446,35.37742],[139.56427,35.37717],[139.56425,35.37676],[139.56436,35.3764],[139.56455,35.37617],[139.56506,35.37573],[139.56456,35.37488],[139.56445,35.37454],[139.56453,35.37425],[139.56485,35.37403],[139.5649,35.37395],[139.56453,35.37385],[139.56435,35.37362],[139.56439,35.37352],[139.56452,35.37344],[139.565,35.37331],[139.56537,35.37313],[139.56571,35.37286],[139.56594,35.37252],[139.56594,35.37218],[139.56555,35.3716],[139.56539,35.37117],[139.56537,35.37054],[139.56553,35.37022],[139.56572,35.37012],[139.56635,35.37003],[139.56644,35.36995],[139.56648,35.36979],[139.56656,35.3697],[139.5672,35.36948],[139.56741,35.36933],[139.56763,35.36898],[139.56786,35.36813],[139.568,35.36782],[139.56818,35.36766],[139.56858,35.36756],[139.5687,35.36716],[139.56897,35.36694],[139.56975,35.3667],[139.57084,35.36651],[139.57132,35.36654],[139.5715,35.36665],[139.57163,35.3668],[139.57193,35.36688],[139.57262,35.36683],[139.57336,35.36668],[139.57397,35.36648],[139.5743,35.36627],[139.57452,35.366],[139.57473,35.36552],[139.57497,35.36538],[139.57519,35.36543],[139.57535,35.36553],[139.57597,35.36607],[139.57638,35.36619],[139.57687,35.36616],[139.57726,35.36604],[139.57745,35.36585],[139.57753,35.36549],[139.57766,35.3654],[139.57779,35.36539],[139.57815,35.3655],[139.57877,35.36586],[139.57914,35.3662],[139.57928,35.36645],[139.57949,35.36658],[139.58016,35.36666],[139.58193,35.3666],[139.58239,35.36662],[139.58265,35.36668],[139.58275,35.36691],[139.58307,35.367],[139.58314,35.36708],[139.58309,35.36775],[139.58326,35.36811],[139.58352,35.36831],[139.58455,35.36883],[139.58493,35.36917],[139.58512,35.36964],[139.58519,35.37067],[139.58529,35.37097],[139.5854,35.37104],[139.58565,35.37098],[139.58609,35.37036],[139.58646,35.37011],[139.58662,35.37009],[139.58678,35.37031],[139.58683,35.37097],[139.58694,35.37131],[139.58708,35.37139],[139.58747,35.37139],[139.58765,35.3715],[139.58781,35.37172],[139.58815,35.37241],[139.58829,35.37256],[139.58843,35.37262],[139.58868,35.37255],[139.58875,35.37232],[139.58887,35.37222],[139.58937,35.37215],[139.58949,35.3721],[139.5896,35.37183],[139.58983,35.37173],[139.59012,35.37173],[139.59035,35.3718],[139.59072,35.37213],[139.59114,35.37228],[139.59157,35.37231],[139.59187,35.37224],[139.5922,35.37211],[139.593,35.37165],[139.59339,35.37152],[139.59371,35.37149],[139.59392,35.3714],[139.59423,35.37114],[139.59467,35.37064],[139.59508,35.37038],[139.59613,35.37011],[139.59674,35.36978],[139.5977,35.36965],[139.59799,35.36949],[139.59822,35.36927],[139.59844,35.36919],[139.59891,35.3692],[139.59965,35.36941],[139.60001,35.36958],[139.60033,35.36985],[139.60057,35.36986],[139.60076,35.36982],[139.60097,35.36986],[139.60128,35.37015],[139.60184,35.37111],[139.60217,35.37139],[139.60256,35.37157],[139.60342,35.37172],[139.60369,35.3718],[139.60384,35.3719],[139.60387,35.37201],[139.60379,35.3722],[139.60333,35.37266],[139.6033,35.37279],[139.60351,35.37294],[139.60396,35.37306],[139.60418,35.37324],[139.60424,35.37337],[139.6043,35.37369],[139.60424,35.37434],[139.60429,35.37495],[139.60441,35.37532],[139.6047,35.37582],[139.60522,35.37639],[139.60553,35.37656],[139.60588,35.37667],[139.6064,35.37671],[139.60671,35.37667],[139.60687,35.37657],[139.6069,35.37641],[139.60701,35.37627],[139.60745,35.37613],[139.60772,35.3762],[139.60811,35.37664],[139.60835,35.37678],[139.60888,35.37686],[139.60955,35.37678],[139.60986,35.37669],[139.61003,35.37657],[139.61007,35.37643],[139.61001,35.37619],[139.61007,35.37607],[139.61061,35.37579],[139.61073,35.3756],[139.61078,35.3753],[139.61093,35.37518],[139.6112,35.37515],[139.61149,35.37519],[139.61196,35.37544],[139.61221,35.37549],[139.61254,35.37547],[139.61344,35.3753],[139.6142,35.37523],[139.61595,35.37532],[139.61639,35.3753],[139.61655,35.37525],[139.61671,35.37511],[139.61679,35.37465],[139.61694,35.37447],[139.61727,35.37434],[139.61779,35.37427],[139.61937,35.3743],[139.61986,35.37441],[139.62007,35.37459],[139.6202,35.37463],[139.62073,35.37456],[139.62084,35.37458],[139.62091,35.37464],[139.62096,35.37484],[139.62105,35.37493],[139.62147,35.3751],[139.62162,35.37521],[139.62173,35.37546],[139.62177,35.37577],[139.62187,35.3759],[139.62207,35.37597],[139.62268,35.37594],[139.62298,35.376],[139.62337,35.37629],[139.62369,35.37675],[139.62392,35.37699],[139.62416,35.37713],[139.62442,35.3772],[139.62477,35.37716],[139.6249,35.37706],[139.62494,35.3769],[139.62488,35.37658],[139.62492,35.37635],[139.62514,35.37602],[139.62539,35.37579],[139.62566,35.37562],[139.62594,35.37552],[139.62622,35.37549],[139.6266,35.37554],[139.62675,35.3755],[139.62679,35.3754],[139.62673,35.37523],[139.62659,35.37503],[139.62643,35.37491],[139.62616,35.37488],[139.62585,35.37502],[139.6255,35.37506],[139.62512,35.37497],[139.62462,35.37473],[139.62396,35.37413],[139.62325,35.37381],[139.62314,35.37367],[139.6231,35.3735],[139.62287,35.3733],[139.62163,35.37268],[139.6215,35.37255],[139.62139,35.37224],[139.62107,35.37202],[139.62102,35.37181],[139.6211,35.3714],[139.62108,35.37125],[139.62093,35.37112],[139.62051,35.37104],[139.62042,35.37095],[139.62038,35.37081],[139.62047,35.37042],[139.62088,35.36992],[139.62093,35.36968],[139.62091,35.36953],[139.62068,35.36937],[139.61982,35.36928],[139.6194,35.36913],[139.61922,35.36893],[139.61904,35.36842],[139.61891,35.36821],[139.61875,35.36804],[139.61846,35.36786],[139.61827,35.36762],[139.6181,35.36683],[139.61775,35.36638],[139.61773,35.36623],[139.61782,35.36571],[139.61751,35.36487],[139.61756,35.36458],[139.61781,35.36418],[139.61782,35.36398],[139.61774,35.36369],[139.61799,35.36334],[139.61796,35.36314],[139.61765,35.3627],[139.6171,35.36215],[139.61675,35.36171],[139.61667,35.36151],[139.61673,35.36132],[139.61668,35.36116],[139.6162,35.36081],[139.61602,35.36052],[139.61602,35.36027],[139.61611,35.3601],[139.61637,35.35985],[139.61701,35.35937],[139.61719,35.35897],[139.6175,35.35864],[139.61856,35.35779],[139.61882,35.35765],[139.61913,35.35754],[139.61923,35.35733],[139.61929,35.35695],[139.61935,35.35526],[139.61944,35.35468],[139.61966,35.35447],[139.61997,35.35442],[139.6201,35.35436],[139.62024,35.35402],[139.62061,35.35392],[139.62078,35.35339],[139.62097,35.35324],[139.62145,35.35303],[139.62153,35.35288],[139.6215,35.35272],[139.6214,35.3526],[139.62107,35.3524],[139.62092,35.35208],[139.62066,35.35208],[139.62005,35.35224],[139.61965,35.35222],[139.61945,35.3521],[139.61913,35.35172],[139.61894,35.35162],[139.6187,35.35159],[139.61823,35.35164],[139.6181,35.35159],[139.61806,35.3515],[139.61812,35.35127],[139.61803,35.35117],[139.61769,35.35113],[139.61712,35.35118],[139.61669,35.35107],[139.61652,35.35089],[139.61638,35.3505],[139.61612,35.35011],[139.61586,35.34986],[139.61539,35.34952],[139.61511,35.34922],[139.61505,35.34903],[139.6151,35.3487],[139.61502,35.34855],[139.61448,35.34824],[139.61431,35.34807],[139.61422,35.34775],[139.61429,35.34725],[139.61419,35.34703],[139.61393,35.34698],[139.61372,35.34704],[139.61367,35.3472],[139.61375,35.34755],[139.6137,35.34763],[139.6136,35.34766],[139.6133,35.34759],[139.6131,35.34736],[139.61296,35.34728],[139.61256,35.34736],[139.6123,35.34731],[139.612,35.34718],[139.61177,35.34701],[139.61166,35.34684],[139.61163,35.34667],[139.61154,35.3466],[139.61128,35.34653],[139.6109,35.34651],[139.61065,35.34642],[139.61056,35.3463],[139.61049,35.34593],[139.61036,35.34578],[139.61024,35.34572],[139.61015,35.34559],[139.61015,35.34521],[139.61036,35.3444],[139.61041,35.34392],[139.61036,35.3437],[139.61016,35.34346],[139.61014,35.34338],[139.61037,35.3432],[139.6105,35.34299],[139.61056,35.34239],[139.61064,35.34212],[139.61074,35.34204],[139.61093,35.34201],[139.6111,35.34191],[139.61131,35.34157],[139.61144,35.34147],[139.61163,35.34143],[139.61222,35.3415],[139.61243,35.34145],[139.61261,35.34109],[139.61323,35.34064],[139.61335,35.3403],[139.61344,35.34019],[139.61397,35.33983],[139.61423,35.33958],[139.61445,35.33926],[139.61453,35.33905],[139.61453,35.33875],[139.61438,35.33849],[139.61411,35.33826],[139.61368,35.33813],[139.61351,35.33758],[139.61297,35.33741],[139.61249,35.33705],[139.61226,35.33676],[139.61223,35.33653],[139.61241,35.33636],[139.61294,35.33613],[139.61312,35.33594],[139.61325,35.33572],[139.61336,35.33564],[139.61359,35.33565],[139.61388,35.33577],[139.61404,35.33574],[139.61417,35.3356],[139.61435,35.33503],[139.61453,35.33475],[139.61469,35.33468],[139.61508,35.33472],[139.61526,35.33465],[139.61542,35.33452],[139.61562,35.33418],[139.61572,35.33386],[139.61583,35.33255],[139.61596,35.33218],[139.61619,35.33193],[139.61635,35.33184],[139.6171,35.33166],[139.61739,35.33151],[139.61761,35.3313],[139.61783,35.3309],[139.61792,35.33057],[139.6179,35.33039],[139.61774,35.33009],[139.61691,35.33045],[139.61669,35.33067],[139.61662,35.33099],[139.61653,35.33111],[139.61638,35.33118],[139.61615,35.33121],[139.61575,35.33116],[139.61551,35.33103],[139.61528,35.33084],[139.61488,35.33035],[139.61462,35.33013],[139.61447,35.33008],[139.61422,35.33012],[139.61404,35.33028],[139.61401,35.33046],[139.61409,35.33051],[139.61444,35.33054],[139.61463,35.3306],[139.61471,35.33073],[139.61469,35.33085],[139.61445,35.33123],[139.61409,35.33162],[139.6138,35.33182],[139.6135,35.33193],[139.61317,35.33194],[139.61202,35.3317],[139.6103,35.33161],[139.60994,35.33154],[139.60946,35.33135],[139.60912,35.33128],[139.60826,35.33132],[139.60804,35.3312],[139.60778,35.33081],[139.60745,35.33073],[139.60717,35.33057],[139.60621,35.32972],[139.6057,35.32955],[139.60536,35.32904],[139.60519,35.32895],[139.60506,35.32894],[139.605,35.32887],[139.60519,35.32849],[139.6057,35.3279],[139.60606,35.32765],[139.60647,35.32756],[139.60659,35.32742],[139.60664,35.32716],[139.60663,35.3268],[139.60646,35.32609],[139.60639,35.32611],[139.60628,35.32639],[139.60609,35.32664],[139.60593,35.32674],[139.6055,35.32692],[139.60538,35.32705],[139.60537,35.32716],[139.60527,35.32724],[139.60486,35.32728],[139.60389,35.32721],[139.60338,35.32722],[139.60321,35.32728],[139.60308,35.32754],[139.60293,35.32758],[139.6026,35.3275],[139.60227,35.32728],[139.60189,35.32697],[139.60167,35.32669],[139.60163,35.32654],[139.6017,35.32632],[139.60164,35.32623],[139.60124,35.32606],[139.60101,35.32584],[139.60067,35.32498],[139.60044,35.32467],[139.60009,35.32433],[139.59998,35.32412],[139.60004,35.32394],[139.60022,35.32381],[139.601,35.3237],[139.60121,35.32353],[139.60126,35.32324],[139.60121,35.32296],[139.60108,35.32278],[139.60076,35.32257],[139.60071,35.32242],[139.60074,35.32231],[139.60097,35.32218],[139.60196,35.32194],[139.60216,35.32179],[139.60225,35.32158],[139.60221,35.32131],[139.60208,35.32097],[139.60197,35.32082],[139.60165,35.32056],[139.60164,35.32037],[139.60171,35.32013],[139.60166,35.31991],[139.60126,35.31959],[139.60107,35.3193],[139.60101,35.31903],[139.601,35.31855],[139.60112,35.31791],[139.60127,35.31778],[139.60146,35.31774],[139.60219,35.3178],[139.60238,35.31777],[139.60246,35.31767],[139.60245,35.31759],[139.60234,35.31738],[139.60231,35.31714],[139.60251,35.31671],[139.60282,35.3164],[139.60322,35.31608],[139.60368,35.3158],[139.60391,35.31573],[139.60406,35.31577],[139.60424,35.31596],[139.60449,35.31677],[139.60464,35.31702],[139.60475,35.31705],[139.6052,35.31681],[139.60559,35.31677],[139.60592,35.31687],[139.60616,35.31718],[139.60621,35.31689],[139.60625,35.31566],[139.60641,35.31478],[139.60654,35.31443],[139.60672,35.31417],[139.60708,35.31396],[139.60738,35.31394],[139.60794,35.3141],[139.60814,35.31429],[139.60819,35.31458],[139.60828,35.31465],[139.60843,35.31466],[139.60871,35.31458],[139.60886,35.3144],[139.60881,35.31383],[139.60886,35.3137],[139.60907,35.31362],[139.60935,35.31365],[139.60956,35.31378],[139.60974,35.31407],[139.60989,35.31417],[139.61025,35.31421],[139.61087,35.31416],[139.61118,35.31424],[139.61152,35.31471],[139.61181,35.31496],[139.61243,35.31532],[139.61279,35.31543],[139.61305,35.31536],[139.61312,35.31512],[139.61328,35.31499],[139.6141,35.31471],[139.61431,35.31433],[139.61482,35.31405],[139.61514,35.31399],[139.6155,35.314],[139.61592,35.31409],[139.61659,35.31429],[139.61685,35.3143],[139.61692,35.31426],[139.61693,35.31408],[139.61661,35.31346],[139.61653,35.31317],[139.61651,35.31291],[139.61659,35.31242],[139.6165,35.3123],[139.61632,35.31226],[139.61627,35.31207],[139.61645,35.31152],[139.61665,35.31114],[139.61686,35.31095],[139.61708,35.31089],[139.61661,35.31055],[139.61645,35.31034],[139.61642,35.3101],[139.61648,35.30968],[139.61657,35.30942],[139.61675,35.30923],[139.61705,35.30914],[139.61754,35.30911],[139.61774,35.30902],[139.6179,35.30866],[139.61841,35.30817],[139.61855,35.30795],[139.61849,35.30772],[139.61839,35.30761],[139.61744,35.30704],[139.6172,35.30682],[139.6171,35.30659],[139.61714,35.30626],[139.61711,35.30607],[139.61689,35.30584],[139.61651,35.30566],[139.61626,35.30546],[139.61617,35.30531],[139.6161,35.30491],[139.61574,35.30441],[139.61563,35.30399],[139.61561,35.30338],[139.61566,35.30281],[139.61579,35.3024],[139.616,35.30214],[139.61633,35.30195],[139.61663,35.30192],[139.617,35.30199],[139.61736,35.3022],[139.61749,35.30215],[139.61754,35.30173],[139.61749,35.30142],[139.61741,35.30129],[139.61717,35.30123],[139.61704,35.3011],[139.61699,35.30085],[139.61702,35.30055],[139.61712,35.30038],[139.61737,35.30032],[139.61753,35.30016],[139.61788,35.29932],[139.618,35.29923],[139.61818,35.29921],[139.61828,35.29914],[139.61822,35.29896],[139.61808,35.29884],[139.617,35.29829],[139.61669,35.29801],[139.61666,35.2978],[139.61686,35.29732],[139.61691,35.29702],[139.61683,35.29596],[139.61694,35.29563],[139.61709,35.29551],[139.61749,35.29546],[139.61816,35.2955],[139.61942,35.29567],[139.61998,35.29566],[139.62043,35.29555],[139.62079,35.29535],[139.62119,35.29498],[139.62143,35.29482],[139.62166,35.29473],[139.62198,35.2947],[139.62232,35.29461],[139.62297,35.29425],[139.62334,35.29386],[139.62357,35.29335],[139.62372,35.29318],[139.62392,35.29314],[139.62407,35.29318],[139.62415,35.29329],[139.62421,35.29354],[139.62447,35.29372],[139.62487,35.29381],[139.62526,35.2938],[139.62543,35.29371],[139.62556,35.29355],[139.62584,35.2928],[139.62608,35.29249],[139.62627,35.29231],[139.62649,35.29219],[139.62673,35.29212],[139.62698,35.2921],[139.62746,35.29216],[139.62759,35.29212],[139.62763,35.29202],[139.62758,35.29171],[139.62766,35.29156],[139.62783,35.29143],[139.62826,35.29121],[139.62833,35.29113],[139.62827,35.29105],[139.62801,35.29094],[139.62781,35.29067],[139.62774,35.29],[139.62782,35.28956],[139.62793,35.28939],[139.6283,35.28929],[139.62846,35.28915],[139.62864,35.28872],[139.62883,35.2879],[139.62899,35.28758],[139.6292,35.28732],[139.62946,35.28713],[139.62983,35.28697],[139.63011,35.28692],[139.63031,35.28698],[139.63044,35.28697],[139.63053,35.2867],[139.63063,35.28659],[139.63107,35.28632],[139.63142,35.28631],[139.63167,35.2864],[139.63218,35.28665],[139.63243,35.28665],[139.63276,35.28623],[139.63313,35.28613],[139.63308,35.28576],[139.63344,35.28568],[139.63351,35.28557],[139.63355,35.28537],[139.6337,35.28528],[139.63399,35.28531],[139.63415,35.28567],[139.63443,35.28582],[139.63473,35.28588],[139.63499,35.28588],[139.6352,35.28582],[139.63532,35.28572],[139.63542,35.28547],[139.63545,35.28523],[139.63537,35.28483],[139.63506,35.28449],[139.63434,35.28412],[139.63406,35.28392],[139.63383,35.28356],[139.6338,35.28328],[139.63389,35.28305],[139.6341,35.2829],[139.63443,35.28281],[139.63489,35.28279],[139.63528,35.28271],[139.63555,35.28251],[139.63564,35.28237],[139.63573,35.282],[139.63571,35.28139],[139.6356,35.28097],[139.63539,35.28068],[139.63542,35.28057],[139.63573,35.2804],[139.63611,35.28029],[139.63678,35.28024],[139.63753,35.28039],[139.63854,35.28074],[139.63891,35.28077],[139.63906,35.28074],[139.63927,35.2806],[139.63944,35.28024],[139.63949,35.27982],[139.6394,35.27889],[139.6395,35.27854],[139.63962,35.27836],[139.6399,35.27823],[139.64037,35.27813],[139.64293,35.27801],[139.6434,35.27791],[139.64368,35.27778],[139.64393,35.27732],[139.644,35.27678],[139.64409,35.27659],[139.64435,35.27636],[139.64471,35.27618],[139.64486,35.27598],[139.6448,35.27583],[139.64434,35.27533],[139.64427,35.27507],[139.64432,35.27483],[139.64452,35.27462],[139.64502,35.2744],[139.64551,35.27432],[139.64583,35.27437],[139.646,35.27429],[139.64615,35.27383],[139.64625,35.27238],[139.64637,35.27195],[139.64656,35.27166],[139.64668,35.27157],[139.64694,35.27148],[139.64724,35.27147],[139.64738,35.27158],[139.64757,35.27199],[139.64862,35.27158],[139.64909,35.27147],[139.64965,35.27148],[139.65048,35.2717],[139.65121,35.27177],[139.65159,35.2717],[139.65168,35.27163],[139.65173,35.27147],[139.65204,35.27137],[139.65266,35.27133],[139.6536,35.27135],[139.65413,35.27143],[139.6543,35.27154],[139.65435,35.27175],[139.65426,35.27231],[139.65431,35.27241],[139.65447,35.27246],[139.65466,35.27235],[139.65473,35.272],[139.65484,35.27184],[139.65499,35.27179],[139.65546,35.27174],[139.65605,35.27144],[139.65652,35.27135],[139.65717,35.27133],[139.65774,35.2714],[139.65807,35.27156],[139.65826,35.27179],[139.65861,35.27193],[139.65918,35.27203],[139.66045,35.27214],[139.66135,35.27214],[139.66216,35.27208],[139.66289,35.27194],[139.6638,35.27163],[139.66449,35.27128],[139.66461,35.27115],[139.6647,35.27093],[139.66507,35.27085],[139.66526,35.27049],[139.66552,35.27038],[139.66611,35.27021],[139.66638,35.27002],[139.66644,35.26971],[139.66619,35.26886],[139.66618,35.26863],[139.66627,35.26848],[139.66672,35.26839],[139.66687,35.26827],[139.66689,35.2679],[139.66672,35.2672],[139.66683,35.26686],[139.66702,35.26674],[139.66729,35.26666],[139.66762,35.26632],[139.66781,35.26595],[139.66804,35.26525],[139.6684,35.26471],[139.66873,35.26447],[139.6693,35.26427],[139.66959,35.2641],[139.66977,35.2639],[139.66986,35.26338],[139.67002,35.26312],[139.67021,35.26303],[139.67059,35.263],[139.6708,35.26291],[139.67102,35.26264],[139.67114,35.26226],[139.67128,35.26199],[139.67142,35.2619],[139.67177,35.26189],[139.67243,35.26138],[139.67286,35.26122],[139.67329,35.26126],[139.67341,35.26136],[139.67343,35.26152],[139.67351,35.26162],[139.67379,35.26165],[139.67395,35.26151],[139.67404,35.26115],[139.67419,35.26105],[139.67442,35.261],[139.67513,35.26103],[139.67532,35.26114],[139.67538,35.26135],[139.67554,35.26147],[139.67591,35.26159],[139.67626,35.26155],[139.67648,35.26142],[139.67661,35.26123],[139.67662,35.261],[139.67654,35.2607],[139.67659,35.26057],[139.67691,35.2605],[139.67699,35.26039],[139.67701,35.26024],[139.6771,35.26016],[139.67736,35.2601],[139.67781,35.26007],[139.67791,35.26002],[139.6779,35.25995],[139.6777,35.25973],[139.67768,35.25961],[139.67791,35.25932],[139.67799,35.25914],[139.67801,35.2589],[139.67794,35.25827],[139.678,35.25797],[139.67828,35.25757],[139.67883,35.25713],[139.6789,35.25695],[139.67888,35.25688],[139.67872,35.25674],[139.67836,35.25655],[139.67821,35.25639],[139.67812,35.2562],[139.67808,35.2558],[139.67798,35.25563],[139.67748,35.25548],[139.67692,35.25504],[139.67677,35.25478],[139.67672,35.25446],[139.67666,35.25436],[139.67646,35.25432],[139.67617,35.25438],[139.67586,35.25436],[139.67555,35.25426],[139.67529,35.25408],[139.67519,35.25387],[139.67527,35.25341],[139.67518,35.25327],[139.67505,35.2532],[139.67502,35.25309],[139.67522,35.2528],[139.6762,35.2519],[139.67639,35.25166],[139.67646,35.25146],[139.67643,35.25121],[139.67634,35.25107],[139.67577,35.25065],[139.67565,35.25048],[139.67564,35.25037],[139.67581,35.25018],[139.67637,35.25001],[139.67651,35.24987],[139.67645,35.24973],[139.676,35.24927],[139.67592,35.24902],[139.676,35.24886],[139.67623,35.24882],[139.67629,35.24877],[139.67638,35.24851],[139.67644,35.24803],[139.67649,35.24654],[139.67669,35.24569],[139.67693,35.24535],[139.67772,35.24497],[139.67783,35.24485],[139.67786,35.24469],[139.67793,35.24463],[139.67816,35.24464],[139.67867,35.24477],[139.67837,35.24277],[139.67845,35.24194],[139.67874,35.24134],[139.67921,35.24083],[139.6798,35.24041],[139.68046,35.24005],[139.68062,35.24],[139.68085,35.24001],[139.68123,35.24022],[139.68188,35.24031],[139.682,35.24037],[139.6822,35.24057],[139.68244,35.24067],[139.68416,35.24092],[139.68467,35.24109],[139.68484,35.24124],[139.6849,35.24156],[139.68481,35.24176],[139.6845,35.24214],[139.68445,35.24275],[139.6853,35.2429],[139.6856,35.243],[139.6858,35.24319],[139.68583,35.24342],[139.6859,35.2435],[139.68609,35.24349],[139.68637,35.24332],[139.68651,35.2431],[139.68661,35.2428],[139.68673,35.24153],[139.68683,35.24135],[139.68706,35.24119],[139.68704,35.24113],[139.68683,35.24101],[139.6867,35.24086],[139.68665,35.24065],[139.68667,35.24043],[139.68678,35.2403],[139.68702,35.24026],[139.68711,35.24019],[139.68723,35.23967],[139.68741,35.23955],[139.68792,35.23953],[139.68888,35.23974],[139.68929,35.23991],[139.68942,35.24012],[139.68955,35.24018],[139.69093,35.24014],[139.69111,35.2402],[139.69135,35.24043],[139.69178,35.2405],[139.69281,35.24024],[139.69446,35.23962],[139.69502,35.23933],[139.69517,35.23918],[139.69524,35.23898],[139.69571,35.23877],[139.69581,35.23868],[139.6958,35.23849],[139.69562,35.23823],[139.69549,35.23788],[139.69543,35.23712],[139.69532,35.23684],[139.69508,35.23678],[139.6948,35.23688],[139.69459,35.23705],[139.69436,35.23742],[139.6941,35.23755],[139.69373,35.23758],[139.69331,35.23745],[139.6929,35.23713],[139.69217,35.23635],[139.69199,35.23624],[139.69178,35.2362],[139.69166,35.23612],[139.69127,35.23521],[139.69108,35.23499],[139.69059,35.23462],[139.6904,35.2344],[139.69025,35.23398],[139.69026,35.23336],[139.69036,35.23302],[139.69062,35.23266],[139.6905,35.23255],[139.69009,35.23238],[139.68997,35.23224],[139.68996,35.23214],[139.69009,35.23192],[139.6903,35.23173],[139.69133,35.23104],[139.69048,35.23073],[139.69018,35.23053],[139.68998,35.23015],[139.68996,35.22983],[139.69004,35.22954],[139.69022,35.22933],[139.69035,35.22924],[139.69108,35.22906],[139.69159,35.22882],[139.69186,35.22857],[139.69231,35.22798],[139.69258,35.22779],[139.69288,35.22768],[139.69336,35.22764],[139.6936,35.22753],[139.69368,35.22745],[139.69381,35.22707],[139.69378,35.22656],[139.69362,35.22605],[139.69322,35.22526],[139.6932,35.22505],[139.69328,35.2249],[139.69346,35.22483],[139.69379,35.22485],[139.69404,35.22495],[139.69471,35.2254],[139.69498,35.22548],[139.69526,35.22547],[139.69564,35.22532],[139.69582,35.22516],[139.69582,35.22504],[139.69565,35.22487],[139.69556,35.22467],[139.69562,35.22435],[139.69575,35.22422],[139.69611,35.22409],[139.69713,35.22402],[139.69736,35.22391],[139.69739,35.22381],[139.69726,35.22355],[139.69635,35.22254],[139.69615,35.22216],[139.69614,35.22196],[139.69625,35.2218],[139.6967,35.22161],[139.69784,35.22145],[139.69842,35.22144],[139.69887,35.22148],[139.69918,35.22158],[139.69971,35.22201],[139.70007,35.22213],[139.70034,35.22217],[139.70057,35.22216],[139.70076,35.22209],[139.70107,35.22181],[139.70136,35.22165],[139.70172,35.22158],[139.70208,35.22162],[139.70228,35.22174],[139.70236,35.22204],[139.70246,35.22216],[139.70279,35.22225],[139.70325,35.22228],[139.70344,35.22237],[139.70351,35.22253],[139.70351,35.22263],[139.7034,35.2229],[139.70336,35.22319],[139.70357,35.22365],[139.70388,35.22398],[139.70446,35.22443],[139.70492,35.22468],[139.70516,35.22474],[139.70547,35.2247],[139.70578,35.22453],[139.70609,35.22424],[139.70623,35.22399],[139.70628,35.22357],[139.70606,35.22279],[139.70604,35.22255],[139.70615,35.22229],[139.70638,35.22216],[139.70669,35.22211],[139.7072,35.2222],[139.70757,35.22236],[139.70777,35.22257],[139.70814,35.22268],[139.70953,35.22274],[139.71005,35.22283],[139.71033,35.22297],[139.71044,35.22316],[139.71042,35.22331],[139.71015,35.22374],[139.71005,35.22408],[139.71004,35.2246],[139.71019,35.22487],[139.71038,35.22496],[139.71078,35.22499],[139.71119,35.22508],[139.71188,35.22543],[139.71233,35.22559],[139.71327,35.2257],[139.71352,35.22586],[139.71359,35.22605],[139.71354,35.22641],[139.71341,35.22654],[139.71318,35.2266],[139.71313,35.2267],[139.71321,35.22716],[139.71316,35.22741],[139.71304,35.22752],[139.71254,35.22773],[139.71223,35.22797],[139.71179,35.22848],[139.71166,35.22878],[139.71179,35.2291],[139.71213,35.22941],[139.71258,35.22972],[139.71322,35.23003],[139.71339,35.23017],[139.71347,35.23035],[139.71346,35.23056],[139.71327,35.23098],[139.71284,35.23144],[139.71248,35.23163],[139.71204,35.23173],[139.7113,35.23178],[139.71111,35.23184],[139.7109,35.23203],[139.71075,35.23209],[139.70992,35.23208],[139.7097,35.23225],[139.70963,35.2324],[139.70958,35.23314],[139.70979,35.23439],[139.71009,35.23514],[139.71066,35.2361],[139.71081,35.23659],[139.71083,35.23688],[139.71076,35.23711],[139.71061,35.23726],[139.71038,35.23735],[139.71005,35.23737],[139.70962,35.2373],[139.70939,35.23721],[139.70901,35.23685],[139.7088,35.23672],[139.70859,35.23669],[139.7085,35.23677],[139.70844,35.23706],[139.70847,35.23738],[139.70866,35.23804],[139.70881,35.23825],[139.70926,35.23848],[139.70941,35.2387],[139.70943,35.23911],[139.70928,35.23938],[139.70909,35.23953],[139.70883,35.23965],[139.70827,35.23977],[139.70798,35.23969],[139.70785,35.23957],[139.70777,35.23932],[139.7075,35.23925],[139.7065,35.23932],[139.70564,35.23949],[139.70544,35.23963],[139.70534,35.23981],[139.70513,35.24052],[139.70499,35.24077],[139.70488,35.2408],[139.70455,35.24062],[139.70414,35.24054],[139.7034,35.24052],[139.70301,35.24059],[139.70285,35.24071],[139.70288,35.24086],[139.70298,35.24095],[139.70326,35.24101],[139.70331,35.24118],[139.70325,35.24147],[139.70307,35.24171],[139.70277,35.24178],[139.70239,35.24172],[139.70209,35.24173],[139.70175,35.24198],[139.70164,35.24197],[139.70129,35.24178],[139.70123,35.24182],[139.7012,35.24202],[139.70113,35.24216],[139.70082,35.24229],[139.70028,35.24232],[139.69981,35.24227],[139.69963,35.24221],[139.69953,35.24201],[139.69934,35.24191],[139.69847,35.24184],[139.69805,35.24176],[139.69755,35.2415],[139.6974,35.24133],[139.69736,35.24116],[139.6973,35.24111],[139.69704,35.24119],[139.69642,35.24156],[139.69607,35.2417],[139.69556,35.24177],[139.69503,35.24173],[139.69465,35.24182],[139.694,35.24215],[139.69353,35.24252],[139.69306,35.24298],[139.69297,35.24319],[139.69299,35.24326],[139.69315,35.24334],[139.69341,35.24336],[139.69359,35.24328],[139.69385,35.24303],[139.69403,35.24299],[139.69422,35.24302],[139.69437,35.24314],[139.69464,35.24356],[139.69487,35.24365],[139.69524,35.24369],[139.69536,35.24377],[139.69543,35.24404],[139.69535,35.24435],[139.69512,35.24459],[139.69492,35.24468],[139.69446,35.24477],[139.69323,35.24483],[139.6929,35.24493],[139.6928,35.24504],[139.69281,35.24511],[139.69305,35.24541],[139.69454,35.24642],[139.69478,35.24663],[139.69488,35.24679],[139.69479,35.24704],[139.69451,35.24721],[139.69441,35.24732],[139.69434,35.24756],[139.69433,35.24788],[139.69439,35.24823],[139.69452,35.24847],[139.69472,35.2486],[139.69497,35.24864],[139.69504,35.24875],[139.69505,35.24906],[139.69496,35.24965],[139.69501,35.24986],[139.69535,35.24985],[139.69554,35.24995],[139.69619,35.25051],[139.6965,35.2507],[139.69685,35.25082],[139.69777,35.25094],[139.69797,35.25109],[139.69803,35.25119],[139.69805,35.25147],[139.69796,35.2518],[139.69774,35.25224],[139.69753,35.2525],[139.69686,35.25301],[139.69645,35.25319],[139.69595,35.25332],[139.69571,35.2535],[139.69569,35.25361],[139.69577,35.25372],[139.69608,35.25389],[139.69662,35.25406],[139.69704,35.25408],[139.69748,35.25397],[139.69771,35.25387],[139.69865,35.25321],[139.69925,35.2529],[139.69959,35.25285],[139.70012,35.253],[139.70038,35.25295],[139.7007,35.25252],[139.70115,35.2524],[139.70159,35.25201],[139.70186,35.25191],[139.70245,35.25187],[139.70297,35.25191],[139.70339,35.25203],[139.70354,35.25212],[139.7037,35.25237],[139.70372,35.25252],[139.70355,35.25319],[139.7036,35.25336],[139.70385,35.25321],[139.70408,35.25295],[139.70417,35.25279],[139.70422,35.25246],[139.7043,35.2523],[139.70471,35.25217],[139.70481,35.25184],[139.705,35.25169],[139.70516,35.25165],[139.70538,35.25166],[139.70641,35.25199],[139.70667,35.25196],[139.70682,35.25178],[139.70684,35.25145],[139.7067,35.25087],[139.70654,35.25064],[139.70633,35.25054],[139.70565,35.25057],[139.70551,35.25051],[139.70534,35.25033],[139.70521,35.25029],[139.70467,35.25036],[139.70452,35.25034],[139.70441,35.25028],[139.7042,35.25005],[139.70381,35.24993],[139.70376,35.24961],[139.7039,35.24911],[139.70406,35.24886],[139.7043,35.24869],[139.70435,35.24856],[139.7043,35.24826],[139.7041,35.24777],[139.7041,35.24756],[139.70438,35.24746],[139.70448,35.24736],[139.70478,35.24672],[139.70501,35.2465],[139.7057,35.24636],[139.70716,35.24621],[139.70764,35.24611],[139.70794,35.24595],[139.70807,35.24576],[139.70811,35.24546],[139.7082,35.2453],[139.70834,35.24519],[139.7087,35.24505],[139.70881,35.24495],[139.70898,35.24442],[139.70936,35.24431],[139.70952,35.24395],[139.71032,35.24355],[139.71197,35.24216],[139.71243,35.24191],[139.71294,35.24181],[139.71306,35.24153],[139.71315,35.24147],[139.71348,35.24143],[139.71382,35.24149],[139.71419,35.24165],[139.71457,35.24189],[139.71482,35.24218],[139.71476,35.24257],[139.71497,35.24306],[139.71531,35.24332],[139.71564,35.24342],[139.7165,35.24345],[139.71704,35.24335],[139.71726,35.24298],[139.71769,35.24269],[139.71783,35.24255],[139.71795,35.24227],[139.71799,35.24189],[139.71809,35.24181],[139.71836,35.24196],[139.71872,35.24207],[139.71906,35.24209],[139.71919,35.24146],[139.71929,35.24133],[139.71943,35.2414],[139.72016,35.24031],[139.72078,35.23965],[139.72074,35.23962],[139.7211,35.2393],[139.72128,35.23942],[139.7211,35.23961],[139.72115,35.23964],[139.7214,35.23942],[139.7213,35.23935],[139.72176,35.23871],[139.72192,35.23881],[139.72186,35.23871],[139.72221,35.23816],[139.72227,35.23819],[139.72246,35.23795],[139.72268,35.23836],[139.72258,35.23854],[139.72262,35.23865],[139.72281,35.23833],[139.72247,35.23782],[139.72423,35.23598],[139.72386,35.23537],[139.7236,35.23524],[139.72341,35.23506],[139.72344,35.235],[139.72214,35.23456],[139.72204,35.23449],[139.72205,35.23438],[139.72229,35.23436],[139.72353,35.23483],[139.72357,35.23475],[139.72378,35.23474],[139.72386,35.23459],[139.72381,35.23454],[139.72404,35.23449],[139.72399,35.23438],[139.72465,35.23423],[139.72526,35.23471],[139.72528,35.23485],[139.72541,35.23499],[139.72554,35.23498],[139.72578,35.23532],[139.72595,35.23583],[139.72495,35.23712],[139.72501,35.23715],[139.72602,35.23597],[139.72605,35.23576],[139.72586,35.23529],[139.72627,35.23476],[139.72634,35.23447],[139.72739,35.23356],[139.72772,35.23317],[139.72792,35.23323],[139.72818,35.233],[139.72836,35.233],[139.72876,35.23309],[139.72879,35.23304],[139.72885,35.23313],[139.72897,35.23307],[139.72904,35.23321],[139.7292,35.23321],[139.72929,35.23298],[139.72948,35.23282],[139.7295,35.23267],[139.72938,35.23255],[139.72922,35.23243],[139.72919,35.23251],[139.729,35.23253],[139.72859,35.23208],[139.72829,35.23101],[139.72839,35.23083],[139.72837,35.23062],[139.72846,35.23056],[139.72839,35.23042],[139.72852,35.2298],[139.72879,35.22954],[139.72913,35.22951],[139.72913,35.22939],[139.7294,35.2294],[139.72911,35.22896],[139.72888,35.22885],[139.72851,35.2285],[139.72858,35.22817],[139.72789,35.22758],[139.72784,35.22731],[139.72798,35.22696],[139.72791,35.22607],[139.72805,35.2257],[139.72816,35.22566],[139.72829,35.22533],[139.7284,35.22535],[139.72861,35.22507],[139.72898,35.22508],[139.729,35.22517],[139.7291,35.22508],[139.72922,35.22423],[139.72877,35.22372],[139.72816,35.22364],[139.72812,35.22372],[139.72743,35.22365],[139.7274,35.22356],[139.72696,35.22354],[139.72685,35.22364],[139.72668,35.22457],[139.7226,35.22418],[139.72198,35.22389],[139.72187,35.22401],[139.72197,35.22405],[139.72201,35.22401],[139.72264,35.22439],[139.7225,35.22497],[139.72256,35.22506],[139.72248,35.22506],[139.72164,35.22638],[139.72247,35.22639],[139.72237,35.22709],[139.72226,35.22708],[139.72224,35.22722],[139.72209,35.22731],[139.72133,35.22724],[139.72073,35.22791],[139.72062,35.22784],[139.72048,35.22798],[139.72026,35.22797],[139.72022,35.22806],[139.71891,35.22794],[139.7191,35.22779],[139.71903,35.22772],[139.7185,35.22796],[139.71839,35.22791],[139.71822,35.22798],[139.71823,35.22808],[139.71766,35.22835],[139.71714,35.22813],[139.71656,35.22746],[139.71643,35.22717],[139.71597,35.22695],[139.71608,35.22686],[139.71574,35.22703],[139.71549,35.22672],[139.71561,35.22663],[139.71505,35.22684],[139.71477,35.22661],[139.71627,35.22616],[139.71631,35.22607],[139.71621,35.22602],[139.71542,35.22627],[139.71486,35.22654],[139.71424,35.22564],[139.71339,35.22386],[139.71338,35.22369],[139.71365,35.22365],[139.71387,35.22167],[139.71432,35.22128],[139.71407,35.22146],[139.71329,35.22148],[139.7133,35.22139],[139.71321,35.22138],[139.71331,35.22044],[139.71445,35.22055],[139.71445,35.22092],[139.71449,35.22055],[139.71513,35.22051],[139.71511,35.22064],[139.71531,35.22059],[139.71551,35.22114],[139.71562,35.22111],[139.7154,35.22049],[139.71608,35.22044],[139.71636,35.22122],[139.71829,35.22295],[139.71972,35.22188],[139.71994,35.22208],[139.72006,35.222],[139.71836,35.22047],[139.71876,35.22017],[139.72024,35.2215],[139.72035,35.22142],[139.71883,35.22004],[139.71832,35.22043],[139.71598,35.21833],[139.71586,35.21843],[139.7158,35.21837],[139.7159,35.21831],[139.71585,35.21826],[139.71575,35.21832],[139.71569,35.21827],[139.71548,35.21769],[139.71524,35.21765],[139.71529,35.21734],[139.71545,35.21707],[139.71661,35.21763],[139.71662,35.21772],[139.71781,35.21833],[139.71823,35.21833],[139.71823,35.21843],[139.7178,35.21843],[139.7178,35.21847],[139.72237,35.21847],[139.72276,35.21828],[139.72429,35.21609],[139.72504,35.21645],[139.72511,35.21636],[139.72435,35.216],[139.72506,35.21497],[139.72506,35.21134],[139.72497,35.21134],[139.72494,35.21195],[139.72062,35.21197],[139.72031,35.21188],[139.72006,35.21157],[139.71974,35.21159],[139.71903,35.21142],[139.71863,35.21145],[139.71853,35.21154],[139.71781,35.2112],[139.71796,35.21101],[139.71818,35.21096],[139.71976,35.21099],[139.71988,35.21121],[139.72006,35.2112],[139.72015,35.21078],[139.72115,35.21079],[139.72116,35.21072],[139.72063,35.21066],[139.71705,35.21063],[139.71673,35.21069],[139.7163,35.21091],[139.71535,35.21079],[139.71532,35.21095],[139.71613,35.21107],[139.71632,35.21129],[139.71616,35.21142],[139.71593,35.21135],[139.71567,35.21161],[139.71542,35.21171],[139.71476,35.21181],[139.71367,35.21133],[139.7132,35.21125],[139.71293,35.21106],[139.71276,35.21114],[139.71211,35.2111],[139.71052,35.21123],[139.70995,35.21106],[139.70834,35.21106],[139.7081,35.21098],[139.70771,35.21109],[139.70731,35.21108],[139.70364,35.21028],[139.70207,35.21021],[139.70067,35.21026],[139.7001,35.21013],[139.69948,35.21021],[139.69875,35.21019],[139.69804,35.21002],[139.69621,35.20992],[139.6962,35.21022],[139.69613,35.21036],[139.69595,35.21047],[139.69586,35.21062],[139.69588,35.21083],[139.696,35.21105],[139.69615,35.21118],[139.6965,35.21125],[139.69659,35.21147],[139.69652,35.21157],[139.69637,35.21166],[139.69567,35.21182],[139.69538,35.21197],[139.69532,35.21211],[139.6954,35.21242],[139.69537,35.21254],[139.69506,35.21278],[139.69496,35.21299],[139.69494,35.2133],[139.69501,35.21357],[139.6952,35.21375],[139.69558,35.21389],[139.69578,35.21406],[139.69591,35.2143],[139.69591,35.21455],[139.69567,35.21489],[139.69534,35.21511],[139.69492,35.21524],[139.69415,35.21531],[139.69396,35.21541],[139.69385,35.21556],[139.69383,35.21577],[139.69393,35.21611],[139.69409,35.21634],[139.69445,35.21668],[139.69467,35.21696],[139.69488,35.21756],[139.69493,35.21806],[139.69489,35.21882],[139.6948,35.21918],[139.69465,35.21944],[139.69456,35.21952],[139.69435,35.2196],[139.69413,35.21956],[139.69375,35.21925],[139.69333,35.21872],[139.693,35.21846],[139.69281,35.21838],[139.69239,35.21829],[139.69216,35.21829],[139.69133,35.21845],[139.69093,35.21864],[139.69069,35.21888],[139.69046,35.21901],[139.69,35.21916],[139.68895,35.21937],[139.68873,35.21946],[139.68851,35.21963],[139.68825,35.21998],[139.68815,35.22029],[139.6882,35.22046],[139.68848,35.22065],[139.68858,35.22082],[139.68859,35.22112],[139.68848,35.22128],[139.68788,35.22139],[139.6877,35.22149],[139.68745,35.22174],[139.68689,35.22192],[139.68634,35.22196],[139.68554,35.22185],[139.68515,35.22187],[139.68484,35.22202],[139.68475,35.22232],[139.68463,35.22242],[139.6844,35.22247],[139.68409,35.22243],[139.68378,35.22231],[139.68335,35.22201],[139.68306,35.22189],[139.6827,35.22182],[139.68161,35.22172],[139.68128,35.22157],[139.68115,35.22147],[139.68095,35.22119],[139.68078,35.22069],[139.68073,35.22018],[139.68082,35.21925],[139.68074,35.21895],[139.68061,35.21883],[139.68017,35.21867],[139.67875,35.21856],[139.67836,35.21843],[139.67817,35.21829],[139.67794,35.21787],[139.6777,35.21667],[139.67748,35.21617],[139.67727,35.21603],[139.67689,35.21606],[139.67663,35.21595],[139.67655,35.21577],[139.67645,35.21505],[139.67623,35.21477],[139.67586,35.21461],[139.67526,35.21455],[139.67514,35.21444],[139.67518,35.21412],[139.67558,35.21336],[139.67571,35.21292],[139.67563,35.21253],[139.67541,35.21229],[139.67499,35.21216],[139.67455,35.21211],[139.67362,35.21209],[139.67285,35.21213],[139.67246,35.21223],[139.67237,35.21245],[139.67225,35.21256],[139.67194,35.21273],[139.67151,35.21288],[139.67105,35.21296],[139.67055,35.21298],[139.67022,35.21294],[139.6699,35.21284],[139.66947,35.21259],[139.66909,35.21224],[139.66884,35.21186],[139.66852,35.21106],[139.66822,35.21075],[139.66758,35.21027],[139.66746,35.20995],[139.66735,35.20995],[139.667,35.21016],[139.66677,35.2102],[139.66616,35.21015],[139.66587,35.21003],[139.66556,35.20969],[139.66533,35.20884],[139.66523,35.20862],[139.66511,35.20849],[139.6648,35.20843],[139.66454,35.20817],[139.66441,35.20811],[139.66343,35.20815],[139.66329,35.20809],[139.66303,35.20783],[139.66272,35.20777],[139.66263,35.20768],[139.66257,35.20752],[139.66253,35.20704],[139.66244,35.2069],[139.66237,35.20687],[139.66219,35.2069],[139.66179,35.20709],[139.66154,35.20706],[139.66142,35.20699],[139.66119,35.20673],[139.66079,35.20597],[139.66054,35.20567],[139.66039,35.20563],[139.66016,35.20579],[139.66004,35.2063],[139.65988,35.20651],[139.65961,35.20669],[139.65933,35.20673],[139.65908,35.20658],[139.65887,35.20628],[139.65869,35.20612],[139.65835,35.20599],[139.65797,35.20596],[139.6578,35.20585],[139.65772,35.20566],[139.65774,35.20507],[139.65756,35.20484],[139.65716,35.20469],[139.65689,35.20465],[139.65557,35.2046],[139.65515,35.20455],[139.65491,35.20447],[139.65486,35.20437],[139.65497,35.20416],[139.65567,35.20348],[139.65572,35.20331],[139.65541,35.20325],[139.65522,35.2031],[139.65512,35.20251],[139.65497,35.20225],[139.65478,35.20216],[139.65429,35.2021],[139.65403,35.20193],[139.65392,35.20175],[139.65387,35.20143],[139.65398,35.20118],[139.65432,35.2009],[139.65442,35.20065],[139.6544,35.20006],[139.65419,35.19887],[139.65424,35.1985],[139.65436,35.19841],[139.65462,35.19839],[139.65535,35.1986],[139.65568,35.19858],[139.65594,35.19837],[139.65614,35.19794],[139.65615,35.19766],[139.65605,35.1974],[139.6558,35.19711],[139.65531,35.19676],[139.65526,35.19665],[139.6553,35.19639],[139.6551,35.19631],[139.65483,35.19628],[139.65414,35.19635],[139.65367,35.19668],[139.65267,35.19689],[139.65229,35.19704],[139.65216,35.19717],[139.65208,35.19747],[139.65196,35.19757],[139.65165,35.19763],[139.65139,35.1976],[139.65115,35.19744],[139.65096,35.19716],[139.6506,35.1961],[139.65045,35.1958],[139.65037,35.1958],[139.65018,35.19595],[139.64971,35.19603],[139.64898,35.19605],[139.64836,35.19594],[139.64812,35.19578],[139.64805,35.19568],[139.648,35.19529],[139.64781,35.19499],[139.64757,35.19486],[139.64694,35.19469],[139.64669,35.19454],[139.64649,35.19433],[139.6462,35.19383],[139.646,35.19362],[139.64548,35.19346],[139.64499,35.19311],[139.64468,35.19295],[139.64416,35.19287],[139.64393,35.19278],[139.64356,35.19252],[139.64302,35.19202],[139.64274,35.19186],[139.64247,35.19178],[139.64173,35.19169],[139.64147,35.19156],[139.64129,35.19137],[139.64117,35.19102],[139.64121,35.1906],[139.64136,35.19039],[139.64172,35.19024],[139.64184,35.19013],[139.64189,35.18989],[139.64182,35.18957],[139.64184,35.1894],[139.64193,35.18927],[139.64227,35.18911],[139.64241,35.18898],[139.64251,35.1888],[139.64254,35.18842],[139.64262,35.1882],[139.6428,35.18807],[139.64293,35.18803],[139.64378,35.18806],[139.64395,35.18799],[139.64399,35.18793],[139.64388,35.18765],[139.6436,35.18737],[139.6432,35.18719],[139.6426,35.18704],[139.6424,35.18691],[139.6423,35.18673],[139.64227,35.18652],[139.64235,35.18626],[139.64255,35.18614],[139.64282,35.1861],[139.64298,35.18591],[139.64293,35.18509],[139.64298,35.1849],[139.6431,35.18479],[139.64343,35.18472],[139.64349,35.1846],[139.64334,35.18414],[139.64303,35.18375],[139.64274,35.18365],[139.64256,35.18366],[139.64244,35.18373],[139.64238,35.18394],[139.64246,35.18425],[139.64244,35.18446],[139.64237,35.18453],[139.64218,35.18456],[139.64206,35.18465],[139.64192,35.18492],[139.6418,35.1853],[139.64167,35.1855],[139.64148,35.18562],[139.64125,35.18567],[139.64081,35.18564],[139.64048,35.18556],[139.6397,35.18529],[139.63922,35.18503],[139.639,35.18487],[139.63865,35.18438],[139.63847,35.18432],[139.63822,35.18436],[139.63804,35.18451],[139.63798,35.18468],[139.63803,35.18485],[139.63823,35.18509],[139.63822,35.18525],[139.63809,35.18546],[139.63766,35.18585],[139.63722,35.18617],[139.6369,35.18632],[139.63657,35.1864],[139.6363,35.18679],[139.63605,35.18692],[139.63499,35.18688],[139.63488,35.18694],[139.63484,35.18709],[139.63476,35.18715],[139.6345,35.18716],[139.63394,35.18709],[139.63378,35.18716],[139.63375,35.18731],[139.63363,35.18742],[139.6332,35.18745],[139.63291,35.1873],[139.63274,35.18701],[139.63261,35.18689],[139.63242,35.18682],[139.63192,35.18677],[139.63159,35.18668],[139.63141,35.18656],[139.63114,35.18629],[139.63103,35.18624],[139.63094,35.18626],[139.63083,35.1864],[139.63069,35.18648],[139.63037,35.18641],[139.6302,35.18646],[139.62996,35.18684],[139.62986,35.18691],[139.62974,35.18692],[139.62942,35.18685],[139.62917,35.18687],[139.62826,35.18707],[139.62784,35.18711],[139.6276,35.18703],[139.62754,35.18686],[139.62759,35.18669],[139.62783,35.18643],[139.62782,35.18637],[139.62745,35.18631],[139.62731,35.18624],[139.62722,35.18611],[139.62716,35.18571],[139.62708,35.18552],[139.62692,35.18536],[139.62644,35.1851],[139.62625,35.18494],[139.6261,35.18461],[139.62606,35.18421],[139.62583,35.18388],[139.62555,35.18371],[139.62498,35.18352],[139.62467,35.18338],[139.62438,35.1831],[139.62417,35.1827],[139.62398,35.18257],[139.62372,35.1825],[139.62298,35.18242],[139.62273,35.18226],[139.62259,35.18203],[139.62244,35.18191],[139.62221,35.18184],[139.62161,35.18178],[139.62142,35.18164],[139.62134,35.18138],[139.62135,35.18122],[139.62163,35.18041],[139.62193,35.17998],[139.62243,35.17969],[139.62261,35.17949],[139.62261,35.17934],[139.62239,35.17894],[139.62244,35.17874],[139.62256,35.17863],[139.6228,35.17852],[139.62307,35.17851],[139.6235,35.17858],[139.62359,35.17854],[139.62363,35.17846],[139.62358,35.17827],[139.62346,35.17811],[139.62288,35.1776],[139.62233,35.17729],[139.62181,35.17714],[139.62163,35.17699],[139.62163,35.17686],[139.62188,35.1764],[139.6219,35.17617],[139.62184,35.17565],[139.62196,35.17549],[139.62224,35.17543],[139.62244,35.17544],[139.62295,35.17553],[139.62357,35.1757],[139.62388,35.17587],[139.62399,35.17614],[139.6244,35.17622],[139.62471,35.17652],[139.62482,35.17648],[139.62495,35.17633],[139.62514,35.17625],[139.6266,35.17612],[139.62681,35.17596],[139.62677,35.1758],[139.62667,35.17566],[139.62641,35.17554],[139.6258,35.17544],[139.62555,35.17519],[139.62544,35.17491],[139.62539,35.17459],[139.62548,35.17417],[139.62565,35.17395],[139.62591,35.17377],[139.62629,35.17358],[139.62664,35.17349],[139.62711,35.17352],[139.62729,35.17363],[139.62741,35.17378],[139.62767,35.17385],[139.62826,35.1738],[139.62856,35.17362],[139.62881,35.17327],[139.62892,35.17303],[139.62932,35.17146],[139.62949,35.17105],[139.62967,35.17082],[139.62977,35.17078],[139.62998,35.17079],[139.63039,35.17094],[139.63093,35.17139],[139.63111,35.17184],[139.63124,35.1719],[139.63144,35.1719],[139.63196,35.17169],[139.63245,35.17135],[139.63265,35.17106],[139.63272,35.17062],[139.63288,35.17031],[139.63307,35.17013],[139.63366,35.1697],[139.63407,35.16913],[139.63433,35.16896],[139.63496,35.16882],[139.63554,35.16886],[139.63601,35.16907],[139.63654,35.16956],[139.63681,35.16965],[139.63701,35.16966],[139.63751,35.16949],[139.63864,35.16872],[139.63894,35.16859],[139.63923,35.16854],[139.63948,35.16857],[139.63958,35.16862],[139.6397,35.16879],[139.63974,35.16906],[139.63966,35.16976],[139.63971,35.1701],[139.64011,35.17046],[139.6404,35.17111],[139.64051,35.17121],[139.6407,35.17125],[139.6408,35.17133],[139.64085,35.17167],[139.64077,35.17246],[139.64086,35.17285],[139.64102,35.17295],[139.6414,35.17293],[139.64151,35.17296],[139.6417,35.17313],[139.64183,35.17342],[139.64193,35.17405],[139.64187,35.17453],[139.64175,35.17475],[139.6414,35.175],[139.64124,35.17516],[139.6412,35.17533],[139.64128,35.17554],[139.64156,35.17593],[139.64188,35.17622],[139.64224,35.17639],[139.64295,35.1765],[139.6431,35.17666],[139.64317,35.17698],[139.64325,35.17703],[139.64349,35.17697],[139.64366,35.17701],[139.64398,35.17748],[139.64421,35.17763],[139.64441,35.17769],[139.64451,35.17782],[139.64447,35.17805],[139.6443,35.17838],[139.64367,35.17917],[139.64326,35.17951],[139.64303,35.17959],[139.64276,35.17962],[139.64264,35.17969],[139.64258,35.17981],[139.64258,35.18005],[139.64264,35.18018],[139.64276,35.18029],[139.64328,35.18054],[139.64346,35.18078],[139.64362,35.18116],[139.64372,35.18124],[139.64384,35.18123],[139.64417,35.18105],[139.64446,35.18099],[139.6455,35.18094],[139.64583,35.18088],[139.6461,35.18072],[139.64615,35.1805],[139.64623,35.1804],[139.64649,35.18036],[139.64687,35.18041],[139.64708,35.18036],[139.6473,35.18012],[139.64757,35.17944],[139.64782,35.17925],[139.64805,35.17924],[139.64829,35.17945],[139.64878,35.17956],[139.65003,35.1796],[139.6509,35.17954],[139.65139,35.17938],[139.65155,35.17916],[139.65168,35.17907],[139.65198,35.17909],[139.65237,35.17921],[139.65263,35.17918],[139.65298,35.17893],[139.65342,35.17836],[139.65369,35.17819],[139.65399,35.17812],[139.65449,35.1782],[139.65501,35.17841],[139.65509,35.17847],[139.6553,35.17783],[139.65521,35.17752],[139.65524,35.17489],[139.65588,35.17326],[139.65608,35.17297],[139.65638,35.17273],[139.65663,35.17267],[139.65726,35.1729],[139.65744,35.17289],[139.6571,35.17267],[139.65738,35.17255],[139.65765,35.17267],[139.65768,35.17255],[139.65757,35.17242],[139.6579,35.17225],[139.6582,35.17195],[139.65854,35.17192],[139.65904,35.172],[139.65921,35.17186],[139.65942,35.17189],[139.65933,35.17179],[139.65955,35.17173],[139.65953,35.17158],[139.65977,35.17139],[139.6599,35.17151],[139.66016,35.17152],[139.66008,35.17138],[139.66015,35.17129],[139.65999,35.17121],[139.65994,35.17078],[139.66007,35.16893],[139.6601,35.16661],[139.66034,35.16478],[139.6607,35.16344],[139.661,35.16275],[139.66226,35.16055],[139.66337,35.1594],[139.6646,35.16016],[139.66562,35.16023],[139.66459,35.16012],[139.66389,35.1597],[139.66459,35.15894],[139.66471,35.15901],[139.66558,35.1589],[139.66645,35.15897],[139.66685,35.16],[139.66604,35.1606],[139.6659,35.16071],[139.66595,35.16075],[139.66751,35.15959],[139.66692,35.15807],[139.66741,35.15783],[139.66839,35.15761],[139.66947,35.15763],[139.67008,35.15771],[139.67009,35.15779],[139.67039,35.15777],[139.67075,35.15823],[139.67095,35.15832],[139.67166,35.15824],[139.67192,35.15831],[139.6719,35.15817],[139.67206,35.15812],[139.673,35.15807],[139.674,35.15813],[139.67422,35.15804],[139.67423,35.15792],[139.67473,35.15793],[139.67446,35.15775],[139.67473,35.15758],[139.67695,35.1579],[139.67738,35.15756],[139.67857,35.15766],[139.67854,35.15758],[139.67794,35.15754],[139.67788,35.15746],[139.67802,35.15739],[139.67842,35.15745],[139.67849,35.15728],[139.67888,35.15726],[139.67855,35.15717],[139.67882,35.15714],[139.67884,35.15708],[139.67906,35.15706],[139.67903,35.157],[139.6793,35.15699],[139.67938,35.15692],[139.67937,35.15673],[139.67928,35.15671],[139.6793,35.15642],[139.67939,35.15637],[139.6793,35.1563],[139.67929,35.15612],[139.67891,35.15588],[139.67871,35.15589],[139.67858,35.15517],[139.67865,35.15485],[139.67895,35.15464],[139.67948,35.15471],[139.6792,35.15451],[139.6793,35.15437],[139.67966,35.1543],[139.67975,35.1544],[139.67976,35.15427],[139.67992,35.15428],[139.67999,35.15408],[139.67987,35.15391],[139.67975,35.15386],[139.67956,35.15391],[139.67947,35.15379],[139.67945,35.15359],[139.67958,35.15354],[139.67947,35.15347],[139.67948,35.1533],[139.67982,35.15278],[139.67996,35.1528],[139.68041,35.15314],[139.68057,35.15313],[139.6804,35.15296],[139.68062,35.15293],[139.68057,35.15274],[139.68073,35.15272],[139.68077,35.1526],[139.68076,35.15251],[139.68061,35.15248],[139.68049,35.15221],[139.68073,35.15207],[139.68053,35.15206],[139.68048,35.15198],[139.68056,35.15164],[139.68086,35.15166],[139.68116,35.15158],[139.6812,35.15147],[139.68109,35.15143],[139.68116,35.15135],[139.68089,35.15145],[139.68088,35.15132],[139.68143,35.15123],[139.68142,35.15113],[139.68195,35.15103],[139.68164,35.15097],[139.68096,35.15104],[139.68105,35.15093],[139.68084,35.15086],[139.68093,35.15078],[139.68074,35.1507],[139.6805,35.15083],[139.68035,35.15076],[139.68012,35.15054],[139.67991,35.15011],[139.67997,35.14997],[139.68018,35.15],[139.68026,35.14991],[139.68018,35.14985],[139.6804,35.14974],[139.68009,35.14969],[139.67989,35.14979],[139.67999,35.14962],[139.68048,35.14958],[139.68052,35.14947],[139.68017,35.14948],[139.67991,35.14924],[139.67972,35.14934],[139.67975,35.14922],[139.67934,35.14898],[139.67935,35.14765],[139.67943,35.14742],[139.67956,35.14733],[139.67936,35.1472],[139.67951,35.14684],[139.67983,35.14665],[139.68114,35.14656],[139.68117,35.14651],[139.68108,35.14648],[139.6813,35.1464],[139.68098,35.14635],[139.68087,35.14641],[139.68073,35.14633],[139.68055,35.14641],[139.68022,35.14604],[139.68015,35.14599],[139.68009,35.14605],[139.67999,35.14586],[139.68011,35.14582],[139.68007,35.14566],[139.67989,35.14567],[139.67998,35.14556],[139.68009,35.14557],[139.68012,35.14543],[139.67978,35.14559],[139.67944,35.1456],[139.67942,35.14551],[139.67971,35.14535],[139.67958,35.14528],[139.67918,35.14544],[139.67913,35.14562],[139.67869,35.14514],[139.67878,35.14405],[139.67862,35.14372],[139.67873,35.14407],[139.67868,35.14484],[139.67757,35.14479],[139.67754,35.14462],[139.67747,35.14486],[139.67766,35.14518],[139.67773,35.14564],[139.67713,35.14565],[139.67706,35.1455],[139.67716,35.14544],[139.67701,35.14525],[139.67678,35.14523],[139.67674,35.1453],[139.67664,35.14525],[139.67641,35.14511],[139.67629,35.1449],[139.67639,35.14455],[139.6765,35.14443],[139.6767,35.1446],[139.67679,35.14452],[139.67669,35.14457],[139.67652,35.14442],[139.67671,35.14438],[139.67709,35.144],[139.67674,35.14377],[139.67722,35.14328],[139.67739,35.14339],[139.67759,35.14317],[139.67798,35.14343],[139.67734,35.14416],[139.67802,35.14345],[139.67812,35.14352],[139.67819,35.14345],[139.67758,35.1431],[139.67772,35.14311],[139.67788,35.1429],[139.67801,35.143],[139.67823,35.14293],[139.67828,35.14299],[139.6785,35.14288],[139.67848,35.14279],[139.67831,35.14282],[139.67814,35.14262],[139.67831,35.14269],[139.67841,35.14253],[139.67842,35.14233],[139.67831,35.14243],[139.67821,35.14234],[139.67834,35.14227],[139.67852,35.14231],[139.67849,35.14201],[139.67838,35.14194],[139.67818,35.14201],[139.67799,35.14217],[139.67796,35.14241],[139.67786,35.14248],[139.67776,35.14179],[139.6778,35.14173],[139.67811,35.14173],[139.67859,35.14158],[139.67853,35.14147],[139.67832,35.14155],[139.67797,35.14154],[139.67845,35.14138],[139.67855,35.14122],[139.67872,35.14119],[139.67877,35.14099],[139.67895,35.141],[139.67894,35.14088],[139.67878,35.14077],[139.67863,35.14082],[139.67875,35.14053],[139.67866,35.14049],[139.67857,35.14075],[139.67787,35.14111],[139.67727,35.14089],[139.67692,35.14059],[139.67684,35.14057],[139.67663,35.14057],[139.67649,35.14056],[139.67647,35.14055],[139.67684,35.14052],[139.67691,35.14045],[139.677,35.14058],[139.67728,35.14071],[139.6778,35.14086],[139.67793,35.14083],[139.67799,35.14067],[139.67812,35.1406],[139.67812,35.14029],[139.67844,35.13992],[139.67828,35.13987],[139.67816,35.13997],[139.67817,35.13983],[139.67807,35.13984],[139.67782,35.14032],[139.67802,35.13965],[139.67798,35.13945],[139.67784,35.13951],[139.67786,35.1393],[139.67769,35.13948],[139.67757,35.1395],[139.67746,35.13971],[139.67711,35.13952],[139.67699,35.13936],[139.67665,35.13949],[139.67643,35.13971],[139.67615,35.13978],[139.67616,35.14012],[139.67594,35.14027],[139.67579,35.14013],[139.67566,35.14043],[139.67538,35.14035],[139.67563,35.14019],[139.67553,35.14011],[139.67506,35.14028],[139.67494,35.14045],[139.6744,35.14057],[139.67424,35.14073],[139.67419,35.1411],[139.67403,35.14129],[139.67399,35.14153],[139.67385,35.14155],[139.67392,35.1414],[139.67383,35.1413],[139.67357,35.1414],[139.67351,35.14129],[139.67328,35.14135],[139.6732,35.14169],[139.67338,35.14185],[139.6734,35.14208],[139.67326,35.14216],[139.67298,35.14213],[139.67283,35.1422],[139.67284,35.14189],[139.67268,35.14191],[139.67255,35.14206],[139.67245,35.14196],[139.6726,35.14193],[139.67282,35.14167],[139.67291,35.14142],[139.67287,35.14132],[139.67175,35.14163],[139.67147,35.14205],[139.67095,35.1421],[139.67083,35.14189],[139.67096,35.14167],[139.67111,35.14176],[139.67123,35.14171],[139.67136,35.14102],[139.67154,35.14073],[139.67128,35.14061],[139.67127,35.14047],[139.67198,35.14035],[139.67201,35.14009],[139.67186,35.14005],[139.67164,35.14011],[139.67178,35.14001],[139.67191,35.13955],[139.67172,35.1396],[139.67171,35.13942],[139.67149,35.13943],[139.67156,35.13933],[139.67146,35.13918],[139.67095,35.13916],[139.67078,35.13921],[139.67052,35.13951],[139.67051,35.13973],[139.67025,35.13968],[139.67034,35.13953],[139.6702,35.13946],[139.6701,35.13968],[139.67001,35.13968],[139.66994,35.13939],[139.66987,35.13938],[139.66978,35.13972],[139.66957,35.13981],[139.66956,35.14013],[139.66912,35.14018],[139.66923,35.14045],[139.66907,35.14054],[139.66899,35.14033],[139.66889,35.14031],[139.66889,35.14084],[139.66866,35.14068],[139.66864,35.14076],[139.66877,35.14094],[139.66842,35.14099],[139.66844,35.14115],[139.66853,35.14119],[139.66915,35.14104],[139.66893,35.14122],[139.66902,35.14131],[139.66903,35.14146],[139.66882,35.14143],[139.66873,35.14153],[139.66885,35.14185],[139.66912,35.14197],[139.66894,35.14209],[139.66889,35.14223],[139.66906,35.14237],[139.66898,35.14271],[139.66875,35.14264],[139.66879,35.14258],[139.66869,35.14252],[139.66859,35.14257],[139.66856,35.14274],[139.66678,35.14276],[139.6666,35.14285],[139.6667,35.14298],[139.66704,35.14291],[139.66704,35.14284],[139.66764,35.14282],[139.66766,35.14372],[139.6681,35.14371],[139.66893,35.14448],[139.66893,35.14466],[139.66799,35.1456],[139.66721,35.146],[139.66676,35.14642],[139.66623,35.1466],[139.66552,35.14652],[139.66521,35.14636],[139.66501,35.14611],[139.66493,35.14584],[139.66509,35.14524],[139.66499,35.14522],[139.6651,35.14495],[139.66501,35.14493],[139.66495,35.14508],[139.66462,35.14511],[139.66427,35.14484],[139.66395,35.14436],[139.66378,35.14435],[139.6638,35.14443],[139.66349,35.14429],[139.66315,35.14453],[139.66273,35.14449],[139.66228,35.14487],[139.66195,35.14485],[139.6618,35.14462],[139.66211,35.14408],[139.66215,35.14372],[139.6623,35.14363],[139.66252,35.14334],[139.66285,35.1433],[139.66316,35.14313],[139.6643,35.14305],[139.66442,35.14296],[139.66461,35.14298],[139.66471,35.1432],[139.66475,35.14309],[139.66498,35.14309],[139.66506,35.14319],[139.66518,35.14316],[139.66519,35.143],[139.66483,35.14293],[139.66481,35.14283],[139.66487,35.14272],[139.66505,35.14284],[139.66524,35.14278],[139.66521,35.14264],[139.66539,35.14258],[139.66533,35.14223],[139.66509,35.14215],[139.66491,35.14223],[139.66519,35.14261],[139.66479,35.14221],[139.66507,35.14214],[139.66525,35.14213],[139.66536,35.14183],[139.66517,35.14167],[139.66504,35.1418],[139.66503,35.14172],[139.66486,35.14166],[139.66483,35.1415],[139.66461,35.14154],[139.66479,35.14139],[139.66485,35.14102],[139.66472,35.14088],[139.66455,35.14103],[139.66448,35.141],[139.66466,35.14085],[139.66451,35.1408],[139.66458,35.14072],[139.6645,35.14059],[139.66436,35.14067],[139.66432,35.14059],[139.66446,35.14051],[139.66437,35.14035],[139.66428,35.1403],[139.66392,35.14033],[139.66387,35.14027],[139.66442,35.1402],[139.6644,35.14008],[139.66452,35.13997],[139.66453,35.13961],[139.66409,35.13985],[139.66419,35.13967],[139.66355,35.13967],[139.66348,35.13982],[139.66289,35.1399],[139.66262,35.14031],[139.66199,35.14039],[139.6616,35.14023],[139.66214,35.14016],[139.66219,35.14007],[139.6618,35.13996],[139.66178,35.13967],[139.66167,35.13959],[139.6615,35.13958],[139.66117,35.13973],[139.66105,35.13992],[139.66095,35.1398],[139.6607,35.13987],[139.66063,35.14],[139.66065,35.13981],[139.66034,35.1399],[139.6603,35.13996],[139.66044,35.1401],[139.66055,35.1401],[139.66063,35.1404],[139.66044,35.14043],[139.66043,35.14057],[139.66027,35.14065],[139.66006,35.14067],[139.65968,35.14002],[139.65942,35.13985],[139.65921,35.13989],[139.65955,35.13976],[139.65951,35.13923],[139.65942,35.13914],[139.65905,35.13916],[139.65849,35.13943],[139.6585,35.13955],[139.65873,35.13961],[139.6584,35.13959],[139.65833,35.13964],[139.65825,35.13954],[139.65798,35.13961],[139.65776,35.13948],[139.65751,35.13949],[139.65715,35.13925],[139.65716,35.13909],[139.65702,35.13909],[139.65693,35.13893],[139.65683,35.13851],[139.65729,35.13839],[139.65754,35.1381],[139.65744,35.13788],[139.6576,35.13788],[139.65765,35.13768],[139.65745,35.13748],[139.65706,35.1373],[139.65689,35.13742],[139.65668,35.13738],[139.65673,35.13748],[139.65659,35.13746],[139.65669,35.13768],[139.65659,35.13772],[139.6566,35.13779],[139.65674,35.13789],[139.65655,35.13802],[139.65647,35.138],[139.65657,35.13794],[139.65655,35.13785],[139.6564,35.13775],[139.65649,35.13773],[139.65648,35.13762],[139.65623,35.13741],[139.65626,35.13763],[139.6561,35.13763],[139.65604,35.13769],[139.65612,35.13792],[139.656,35.13787],[139.65595,35.13791],[139.65604,35.13823],[139.65624,35.13834],[139.65626,35.13849],[139.65616,35.13871],[139.6556,35.13916],[139.65524,35.13925],[139.65515,35.13911],[139.65495,35.13916],[139.65467,35.13965],[139.65448,35.1397],[139.65427,35.13962],[139.65422,35.13973],[139.65404,35.13969],[139.65365,35.13976],[139.65319,35.13972],[139.65283,35.13953],[139.65262,35.1396],[139.65244,35.13957],[139.65254,35.13971],[139.65228,35.14003],[139.65244,35.14011],[139.65227,35.14009],[139.65218,35.14018],[139.65225,35.14023],[139.65204,35.1403],[139.65213,35.14045],[139.65204,35.14056],[139.65187,35.14055],[139.65187,35.14075],[139.65168,35.14082],[139.65168,35.14075],[139.65152,35.14069],[139.65145,35.14083],[139.65125,35.14084],[139.65116,35.14073],[139.65123,35.1409],[139.65168,35.14092],[139.65172,35.1415],[139.65178,35.14155],[139.65189,35.1415],[139.65215,35.14166],[139.6521,35.14192],[139.65189,35.14221],[139.65148,35.14233],[139.65143,35.14223],[139.65119,35.14215],[139.65107,35.14225],[139.65097,35.1422],[139.65067,35.14233],[139.64991,35.14225],[139.64969,35.14214],[139.64967,35.14205],[139.64947,35.14209],[139.64949,35.14201],[139.64935,35.142],[139.64902,35.14212],[139.64858,35.14198],[139.6484,35.14162],[139.64861,35.1413],[139.64947,35.14077],[139.65026,35.1408],[139.65027,35.13973],[139.65048,35.13974],[139.65048,35.13969],[139.64955,35.1397],[139.64908,35.13989],[139.64901,35.13985],[139.64906,35.13966],[139.64849,35.1397],[139.64845,35.13966],[139.64865,35.13957],[139.64871,35.13925],[139.64846,35.13929],[139.64844,35.1392],[139.64836,35.13918],[139.64875,35.13892],[139.64797,35.13882],[139.64779,35.13888],[139.64775,35.13882],[139.64756,35.1389],[139.64763,35.13874],[139.64745,35.13885],[139.64757,35.13864],[139.64748,35.13852],[139.64731,35.13863],[139.6472,35.13894],[139.64723,35.13917],[139.64722,35.13925],[139.64738,35.13927],[139.64717,35.13929],[139.6471,35.13926],[139.64721,35.13914],[139.64704,35.13907],[139.64721,35.13909],[139.64719,35.13892],[139.64729,35.13861],[139.64718,35.13857],[139.64697,35.13882],[139.64722,35.13839],[139.64712,35.13824],[139.64721,35.13804],[139.64658,35.13776],[139.64651,35.13781],[139.64644,35.13776],[139.64638,35.13786],[139.64622,35.13771],[139.64602,35.13771],[139.64606,35.13797],[139.6464,35.13814],[139.64565,35.13797],[139.64537,35.138],[139.6453,35.13823],[139.64535,35.1385],[139.64557,35.13846],[139.64536,35.13857],[139.64523,35.13856],[139.64487,35.13813],[139.6445,35.13805],[139.64431,35.1379],[139.64418,35.13804],[139.64419,35.13817],[139.64373,35.13807],[139.64372,35.13826],[139.64383,35.13833],[139.64367,35.13831],[139.64365,35.13844],[139.64378,35.13849],[139.64387,35.13867],[139.64366,35.13856],[139.64331,35.1388],[139.64324,35.13894],[139.64353,35.13906],[139.64354,35.13925],[139.64362,35.1393],[139.64354,35.13936],[139.64336,35.13913],[139.64302,35.13916],[139.643,35.13903],[139.64269,35.13901],[139.64267,35.13892],[139.64282,35.1389],[139.64296,35.13874],[139.64293,35.13862],[139.64257,35.13856],[139.64237,35.13875],[139.64242,35.13849],[139.6421,35.13835],[139.64199,35.13809],[139.64151,35.13806],[139.6411,35.13822],[139.64124,35.13827],[139.64082,35.1383],[139.64065,35.1387],[139.64057,35.13859],[139.64066,35.13841],[139.64058,35.13836],[139.64071,35.13828],[139.64075,35.13815],[139.64063,35.13813],[139.64073,35.13804],[139.64054,35.13792],[139.6404,35.13807],[139.6403,35.13787],[139.64014,35.13788],[139.64005,35.13796],[139.63977,35.13793],[139.63957,35.13817],[139.63943,35.13819],[139.63958,35.13823],[139.63953,35.13834],[139.63968,35.13835],[139.63958,35.13843],[139.63962,35.13847],[139.63934,35.13865],[139.63945,35.13877],[139.63933,35.13881],[139.63947,35.13883],[139.63952,35.13895],[139.63921,35.13899],[139.63925,35.13907],[139.6395,35.13901],[139.63954,35.13908],[139.6398,35.13908],[139.63966,35.13917],[139.63964,35.13932],[139.64014,35.13927],[139.6402,35.13936],[139.64011,35.13946],[139.64014,35.13954],[139.64064,35.13968],[139.64058,35.13989],[139.64039,35.13991],[139.63999,35.13979],[139.63986,35.13996],[139.64025,35.1403],[139.64049,35.14032],[139.64021,35.14043],[139.64036,35.14063],[139.64047,35.14058],[139.64044,35.14071],[139.64022,35.14081],[139.64012,35.141],[139.63993,35.14107],[139.63981,35.14129],[139.63984,35.14146],[139.63964,35.14145],[139.63956,35.1413],[139.63964,35.14096],[139.63907,35.14067],[139.63902,35.14079],[139.63891,35.14078],[139.63886,35.14063],[139.63875,35.14065],[139.63883,35.14051],[139.63864,35.14049],[139.6387,35.14067],[139.63859,35.14084],[139.6384,35.1407],[139.63862,35.14117],[139.63846,35.14121],[139.63841,35.14137],[139.63798,35.14179],[139.6379,35.1421],[139.63729,35.14203],[139.63732,35.14183],[139.63744,35.14185],[139.6375,35.14151],[139.63787,35.14136],[139.63794,35.14105],[139.63803,35.14102],[139.63797,35.14088],[139.63786,35.14088],[139.63747,35.14126],[139.63785,35.14085],[139.63784,35.14061],[139.63754,35.1406],[139.63726,35.1414],[139.63729,35.14107],[139.6371,35.14095],[139.63732,35.14094],[139.63728,35.14082],[139.63705,35.14077],[139.63697,35.14068],[139.63678,35.1407],[139.63675,35.14061],[139.63659,35.1407],[139.63633,35.14058],[139.63613,35.14069],[139.636,35.14056],[139.63583,35.14062],[139.63593,35.14046],[139.6356,35.14049],[139.63553,35.14038],[139.63528,35.14038],[139.6356,35.14032],[139.6355,35.14015],[139.6349,35.14002],[139.63445,35.1401],[139.63468,35.14019],[139.63431,35.14023],[139.63438,35.14],[139.63379,35.14005],[139.6338,35.13996],[139.63399,35.13983],[139.63395,35.13977],[139.63359,35.1399],[139.63351,35.14002],[139.63272,35.13985],[139.63256,35.13997],[139.63249,35.13986],[139.63238,35.13984],[139.63226,35.13989],[139.63199,35.13986],[139.63103,35.14011],[139.63053,35.14001],[139.63028,35.13987],[139.63012,35.13989],[139.63013,35.13968],[139.62985,35.13953],[139.62991,35.13945],[139.63017,35.1395],[139.62987,35.13931],[139.63008,35.13932],[139.6294,35.13901],[139.62913,35.13872],[139.62903,35.13854],[139.62909,35.13841],[139.62897,35.13837],[139.62884,35.13807],[139.62901,35.13781],[139.62931,35.13784],[139.62911,35.1377],[139.62915,35.13753],[139.62932,35.13759],[139.62952,35.13757],[139.62948,35.13742],[139.63019,35.13733],[139.63019,35.13728],[139.62975,35.13729],[139.63016,35.13726],[139.63016,35.1372],[139.62926,35.13725],[139.62916,35.13745],[139.62895,35.13749],[139.62888,35.13761],[139.62856,35.13756],[139.62847,35.13776],[139.62836,35.13778],[139.62803,35.13772],[139.62789,35.13742],[139.628,35.13732],[139.62783,35.13729],[139.62779,35.13719],[139.6275,35.13724],[139.62599,35.13778],[139.62554,35.1375],[139.6252,35.13762],[139.62522,35.13767],[139.62554,35.13755],[139.62594,35.1378],[139.62464,35.13831],[139.62437,35.13808],[139.62452,35.13828],[139.6244,35.1384],[139.62437,35.13834],[139.62417,35.13842],[139.62404,35.13829],[139.62375,35.1384],[139.6239,35.13865],[139.62305,35.13903],[139.62309,35.13911],[139.6228,35.13921],[139.62265,35.13894],[139.62252,35.13892],[139.62146,35.13915],[139.62199,35.14064],[139.62205,35.14063],[139.62214,35.14082],[139.62223,35.14077],[139.62302,35.14211],[139.62386,35.14268],[139.62386,35.14282],[139.62357,35.14307],[139.62296,35.14305],[139.62239,35.14278],[139.62229,35.14264],[139.62251,35.14252],[139.6211,35.14071],[139.61986,35.13946],[139.62006,35.13932],[139.61944,35.1387],[139.61781,35.13899],[139.61667,35.13975],[139.61786,35.14092],[139.61759,35.14124],[139.61687,35.14102],[139.61497,35.1391],[139.61431,35.13954],[139.61506,35.14047],[139.61538,35.1411],[139.61465,35.14138],[139.61455,35.14121],[139.61437,35.14127],[139.61331,35.13938],[139.61322,35.1395],[139.61359,35.14016],[139.61272,35.14047],[139.61335,35.14163],[139.61184,35.14219],[139.61083,35.14117],[139.61008,35.14145],[139.60911,35.14048],[139.60925,35.13988],[139.60912,35.13985],[139.60892,35.14045],[139.60977,35.1413],[139.60763,35.14274],[139.6077,35.1428],[139.6073,35.1431],[139.60734,35.14313],[139.6072,35.14323],[139.60716,35.14318],[139.60487,35.1447],[139.60439,35.14609],[139.6045,35.14611],[139.60498,35.14472],[139.60724,35.14326],[139.60729,35.14331],[139.6078,35.14288],[139.61133,35.14643],[139.61341,35.14503],[139.61365,35.14521],[139.61372,35.14545],[139.61369,35.14522],[139.61395,35.1452],[139.61403,35.14529],[139.61421,35.14508],[139.6142,35.14491],[139.6147,35.14518],[139.61487,35.14553],[139.61429,35.14572],[139.61382,35.14573],[139.61385,35.14582],[139.614,35.14586],[139.61386,35.14596],[139.61404,35.14609],[139.61432,35.14606],[139.61461,35.14588],[139.61502,35.14577],[139.61501,35.14592],[139.6149,35.14598],[139.61525,35.14607],[139.61538,35.1463],[139.61503,35.14634],[139.61493,35.14644],[139.61544,35.14647],[139.61552,35.14661],[139.61532,35.14666],[139.61563,35.1467],[139.6155,35.14681],[139.61577,35.1468],[139.61591,35.14704],[139.61592,35.14728],[139.61571,35.1472],[139.61582,35.14734],[139.61592,35.14732],[139.61567,35.14773],[139.61576,35.14762],[139.61615,35.14747],[139.61608,35.14734],[139.61688,35.14712],[139.61713,35.14722],[139.61731,35.1476],[139.61711,35.14772],[139.61726,35.14783],[139.61709,35.14795],[139.61698,35.14786],[139.61636,35.14815],[139.6163,35.14831],[139.61641,35.1484],[139.61629,35.14851],[139.61592,35.14848],[139.616,35.14834],[139.61584,35.14828],[139.61549,35.14835],[139.6153,35.14826],[139.61527,35.14835],[139.61516,35.14826],[139.615,35.14827],[139.61491,35.14841],[139.61481,35.1484],[139.61481,35.14845],[139.61473,35.14844],[139.61448,35.14866],[139.61421,35.14877],[139.61439,35.14877],[139.61425,35.14893],[139.61402,35.14894],[139.61406,35.14902],[139.61386,35.14917],[139.6139,35.14924],[139.61394,35.14918],[139.61404,35.14922],[139.61396,35.1493],[139.61401,35.14941],[139.61415,35.14936],[139.61431,35.14944],[139.61434,35.1496],[139.61452,35.14959],[139.61437,35.14985],[139.61454,35.1499],[139.61463,35.15001],[139.61499,35.15004],[139.61513,35.14988],[139.61535,35.14995],[139.61521,35.1502],[139.6153,35.1502],[139.61534,35.15039],[139.61577,35.15087],[139.61541,35.15105],[139.6149,35.1505],[139.61447,35.15049],[139.61432,35.15032],[139.61389,35.15021],[139.61373,35.15006],[139.61359,35.15019],[139.61348,35.15014],[139.61333,35.15018],[139.61335,35.15032],[139.61314,35.15026],[139.61311,35.15044],[139.61324,35.15037],[139.61341,35.15041],[139.61313,35.15049],[139.61309,35.1506],[139.61303,35.15054],[139.6129,35.15058],[139.61287,35.15068],[139.61277,35.15071],[139.61277,35.1508],[139.61287,35.15083],[139.61275,35.15087],[139.61271,35.15097],[139.61286,35.15134],[139.61327,35.15131],[139.61331,35.15144],[139.61334,35.15167],[139.61324,35.15173],[139.61326,35.15218],[139.61343,35.15231],[139.61317,35.15246],[139.61306,35.15242],[139.61304,35.15227],[139.61289,35.15226],[139.61297,35.15209],[139.61291,35.15182],[139.61265,35.15175],[139.61257,35.15187],[139.61247,35.15181],[139.61231,35.1515],[139.61214,35.15151],[139.61221,35.15136],[139.61212,35.1512],[139.61111,35.15112],[139.61101,35.15128],[139.61113,35.15136],[139.61104,35.15147],[139.61082,35.15145],[139.61049,35.1516],[139.61056,35.15175],[139.61068,35.15176],[139.61067,35.15196],[139.61083,35.15213],[139.61059,35.15222],[139.61047,35.15242],[139.61065,35.15292],[139.6106,35.15298],[139.61034,35.15299],[139.61028,35.15239],[139.61007,35.15245],[139.61025,35.15256],[139.61011,35.1528],[139.60966,35.15282],[139.60967,35.15297],[139.60979,35.15296],[139.60967,35.15307],[139.6096,35.15287],[139.60935,35.15283],[139.60939,35.15298],[139.60952,35.15299],[139.60931,35.15319],[139.60928,35.15304],[139.60914,35.1532],[139.60912,35.15303],[139.60897,35.15303],[139.60883,35.15289],[139.60851,35.15294],[139.60835,35.15324],[139.60826,35.15327],[139.60821,35.15316],[139.60812,35.15319],[139.60803,35.153],[139.60765,35.153],[139.60769,35.15312],[139.60785,35.15314],[139.60786,35.15342],[139.60777,35.15337],[139.60772,35.15345],[139.60821,35.15368],[139.60821,35.15374],[139.60802,35.15372],[139.60807,35.1539],[139.6078,35.15399],[139.60785,35.1541],[139.608,35.15412],[139.60765,35.15414],[139.60762,35.15422],[139.60734,35.15424],[139.60729,35.15435],[139.6072,35.15436],[139.60717,35.15429],[139.60705,35.15435],[139.60714,35.15443],[139.60698,35.1545],[139.60715,35.15461],[139.60695,35.15482],[139.60681,35.15484],[139.60701,35.15489],[139.6069,35.15499],[139.60717,35.15502],[139.60703,35.15522],[139.60714,35.15521],[139.60739,35.15493],[139.6072,35.15464],[139.60735,35.15454],[139.60737,35.15441],[139.60746,35.15441],[139.60743,35.15492],[139.60755,35.1551],[139.60757,35.15536],[139.60742,35.15539],[139.60748,35.15548],[139.60711,35.15568],[139.60727,35.15575],[139.6071,35.15577],[139.60704,35.15584],[139.60712,35.15597],[139.60756,35.15588],[139.60762,35.15577],[139.60776,35.15585],[139.60781,35.15573],[139.60774,35.15566],[139.60785,35.15562],[139.60788,35.15571],[139.60803,35.15556],[139.60813,35.15558],[139.6081,35.15568],[139.60825,35.15576],[139.60844,35.15565],[139.60861,35.15566],[139.60851,35.15579],[139.60858,35.15588],[139.60864,35.15579],[139.60874,35.15581],[139.60874,35.15589],[139.60893,35.15591],[139.60903,35.15583],[139.60912,35.15588],[139.60922,35.15569],[139.60921,35.15561],[139.60908,35.15561],[139.60918,35.15558],[139.60915,35.15543],[139.60932,35.1554],[139.60914,35.15534],[139.60925,35.15519],[139.60936,35.1552],[139.60933,35.15506],[139.60955,35.15504],[139.60959,35.15467],[139.61033,35.15477],[139.61014,35.15548],[139.61036,35.15551],[139.6105,35.1548],[139.61128,35.15491],[139.61118,35.15499],[139.61109,35.15542],[139.61118,35.15543],[139.6112,35.15529],[139.61157,35.15534],[139.61211,35.15502],[139.61238,35.15513],[139.61269,35.15546],[139.61349,35.15546],[139.61371,35.15531],[139.61388,35.15572],[139.61766,35.15477],[139.61822,35.15474],[139.61822,35.15468],[139.61931,35.15455],[139.61954,35.15548],[139.61902,35.15571],[139.61863,35.15567],[139.6181,35.15575],[139.61762,35.15612],[139.61757,35.15606],[139.61707,35.15616],[139.61692,35.15608],[139.61622,35.15616],[139.61602,35.15636],[139.61602,35.15674],[139.61585,35.157],[139.61529,35.15704],[139.61512,35.15711],[139.61516,35.15719],[139.61506,35.15734],[139.61432,35.15741],[139.61416,35.15751],[139.61409,35.15747],[139.61405,35.15754],[139.61411,35.15765],[139.61455,35.15781],[139.61467,35.15797],[139.61454,35.15824],[139.61456,35.15846],[139.6144,35.15861],[139.61431,35.15889],[139.61448,35.15931],[139.61468,35.15941],[139.61545,35.15925],[139.61576,35.15897],[139.61618,35.15885],[139.6163,35.15857],[139.61663,35.15856],[139.61665,35.1582],[139.61734,35.1582],[139.61769,35.1584],[139.61809,35.15846],[139.61905,35.15812],[139.6193,35.15816],[139.61954,35.15837],[139.61961,35.15864],[139.61851,35.1593],[139.61835,35.1595],[139.61799,35.15954],[139.61771,35.15945],[139.61743,35.15958],[139.61725,35.15954],[139.61712,35.15958],[139.61705,35.15951],[139.6171,35.1596],[139.61701,35.15967],[139.61649,35.15983],[139.61604,35.16021],[139.61567,35.16016],[139.61565,35.16007],[139.61565,35.16017],[139.61545,35.16013],[139.61522,35.16026],[139.61448,35.16013],[139.61415,35.16022],[139.61393,35.15992],[139.61376,35.1599],[139.61354,35.15971],[139.6133,35.15937],[139.61273,35.15882],[139.61277,35.15857],[139.61258,35.15833],[139.61259,35.1582],[139.61246,35.15815],[139.61245,35.15804],[139.61235,35.15806],[139.61243,35.15796],[139.61219,35.15806],[139.61197,35.15795],[139.61212,35.15771],[139.61203,35.15779],[139.61176,35.15778],[139.61188,35.15761],[139.61178,35.1576],[139.61166,35.15773],[139.61139,35.15754],[139.61124,35.15754],[139.61123,35.15774],[139.61112,35.15781],[139.61109,35.15758],[139.61096,35.15778],[139.61097,35.15798],[139.6109,35.15782],[139.61087,35.15796],[139.6108,35.15794],[139.6107,35.15804],[139.61088,35.15816],[139.61088,35.15828],[139.61075,35.15835],[139.61088,35.15848],[139.61058,35.15901],[139.61078,35.15905],[139.61091,35.159],[139.61093,35.15912],[139.61102,35.15909],[139.61118,35.15915],[139.61119,35.15925],[139.61074,35.15935],[139.61122,35.15926],[139.61121,35.15905],[139.61134,35.15891],[139.6117,35.15898],[139.61194,35.15921],[139.61204,35.1597],[139.61195,35.15991],[139.61158,35.16001],[139.6116,35.16014],[139.61149,35.16022],[139.6111,35.16022],[139.61093,35.16035],[139.61096,35.16046],[139.61073,35.16053],[139.61076,35.16068],[139.61058,35.16091],[139.61069,35.16117],[139.61047,35.16128],[139.61043,35.16153],[139.61084,35.16154],[139.61061,35.1619],[139.6107,35.16195],[139.61054,35.16203],[139.61044,35.16225],[139.61033,35.16226],[139.61036,35.16232],[139.61062,35.16226],[139.61064,35.16237],[139.61076,35.16244],[139.61063,35.16255],[139.61051,35.16255],[139.61058,35.1626],[139.61058,35.16281],[139.61055,35.16296],[139.61045,35.16302],[139.61053,35.16313],[139.61048,35.16325],[139.61072,35.16336],[139.61066,35.16345],[139.61119,35.16347],[139.61192,35.16329],[139.61187,35.16282],[139.61207,35.16262],[139.6127,35.16271],[139.61293,35.16298],[139.61368,35.16298],[139.61404,35.16272],[139.61411,35.16221],[139.61466,35.162],[139.61492,35.16203],[139.61499,35.16194],[139.61517,35.16198],[139.61512,35.16185],[139.61522,35.16186],[139.61515,35.16176],[139.61527,35.16171],[139.61551,35.1617],[139.61559,35.16182],[139.61583,35.16183],[139.61651,35.16161],[139.61705,35.1618],[139.61791,35.16162],[139.61831,35.16167],[139.61853,35.16162],[139.61882,35.16165],[139.61859,35.16338],[139.61905,35.16343],[139.61905,35.16349],[139.61909,35.1634],[139.61867,35.16335],[139.61876,35.16263],[139.61907,35.16265],[139.6191,35.16247],[139.6192,35.16243],[139.61938,35.16244],[139.61935,35.16268],[139.61973,35.16271],[139.61965,35.16337],[139.61932,35.1634],[139.62219,35.16345],[139.62201,35.16334],[139.62221,35.16333],[139.6223,35.1631],[139.6223,35.16345],[139.62243,35.16345],[139.62246,35.16352],[139.6227,35.16283],[139.62312,35.1628],[139.6231,35.1629],[139.62324,35.16255],[139.62348,35.16253],[139.62345,35.16238],[139.625,35.16221],[139.62502,35.16235],[139.62535,35.16231],[139.62531,35.16208],[139.62606,35.16198],[139.62617,35.16237],[139.62608,35.1618],[139.62624,35.1618],[139.62699,35.16193],[139.62742,35.16267],[139.62785,35.16313],[139.62931,35.16317],[139.62955,35.16332],[139.63008,35.1635],[139.63013,35.16359],[139.629,35.1639],[139.62887,35.16378],[139.62876,35.16379],[139.62845,35.16411],[139.62808,35.16428],[139.62762,35.16424],[139.62706,35.16403],[139.62645,35.16337],[139.62636,35.16316],[139.62621,35.16312],[139.62613,35.16329],[139.6259,35.16341],[139.62521,35.1636],[139.62517,35.16376],[139.62548,35.16407],[139.62605,35.16425],[139.62633,35.16471],[139.62635,35.1649],[139.62537,35.1646],[139.62519,35.16443],[139.62481,35.16438],[139.62456,35.16405],[139.62408,35.16428],[139.624,35.16446],[139.62405,35.16459],[139.6239,35.16466],[139.62405,35.16481],[139.62393,35.16499],[139.62358,35.16507],[139.62346,35.16499],[139.62341,35.16511],[139.62323,35.16516],[139.62274,35.16513],[139.62269,35.16519],[139.62283,35.16532],[139.62249,35.16562],[139.62236,35.16564],[139.62228,35.16553],[139.62194,35.16556],[139.62172,35.16577],[139.62109,35.16596],[139.62098,35.16596],[139.62084,35.16582],[139.6207,35.16584],[139.62066,35.16601],[139.62029,35.16622],[139.6202,35.16619],[139.62017,35.16626],[139.61927,35.16626],[139.61856,35.16653],[139.61835,35.16652],[139.61832,35.16633],[139.61814,35.16615],[139.61804,35.16638],[139.61794,35.16619],[139.6175,35.16577],[139.61689,35.16525],[139.61682,35.1653],[139.61799,35.16632],[139.61792,35.16638],[139.61774,35.16635],[139.61765,35.16644],[139.61756,35.16637],[139.61704,35.16689],[139.61691,35.16679],[139.61688,35.16685],[139.61672,35.16682],[139.61696,35.16714],[139.61692,35.16734],[139.6171,35.16744],[139.61724,35.16766],[139.61722,35.16781],[139.61744,35.16779],[139.61742,35.16762],[139.61762,35.16766],[139.61785,35.16793],[139.61775,35.16814],[139.61799,35.16839],[139.61779,35.1686],[139.61736,35.16852],[139.61727,35.16866],[139.61715,35.16873],[139.61709,35.16868],[139.61694,35.16881],[139.61711,35.1688],[139.61716,35.16902],[139.61749,35.1691],[139.61753,35.16926],[139.61746,35.16936],[139.61729,35.1694],[139.61724,35.16961],[139.61703,35.16966],[139.61704,35.1698],[139.61681,35.16978],[139.61689,35.1699],[139.61665,35.16994],[139.6167,35.17001],[139.61652,35.17004],[139.61661,35.1702],[139.61652,35.17019],[139.6164,35.17035],[139.6165,35.17042],[139.61644,35.1707],[139.61664,35.1707],[139.61671,35.17079],[139.61681,35.17125],[139.61673,35.17141],[139.61659,35.1714],[139.61664,35.17151],[139.61657,35.17151],[139.6169,35.17166],[139.61684,35.1718],[139.61692,35.17189],[139.61698,35.17174],[139.61748,35.17158],[139.61802,35.17185],[139.61771,35.17225],[139.61798,35.17198],[139.61808,35.17197],[139.61805,35.17219],[139.61796,35.1722],[139.61793,35.17232],[139.61778,35.17324],[139.61783,35.17337],[139.61795,35.17333],[139.61812,35.17226],[139.61839,35.17226],[139.61847,35.17202],[139.61864,35.17199],[139.61896,35.17208],[139.61954,35.17248],[139.62002,35.17308],[139.62017,35.17348],[139.62007,35.17467],[139.61967,35.17593],[139.61956,35.17676],[139.61934,35.17727],[139.61951,35.17736],[139.61927,35.17735],[139.61904,35.17812],[139.61846,35.17902],[139.61788,35.17948],[139.61763,35.17952],[139.61772,35.17967],[139.61764,35.17981],[139.61757,35.17986],[139.61739,35.17981],[139.61755,35.1799],[139.61748,35.18001],[139.61704,35.18012],[139.6171,35.18018],[139.61703,35.18023],[139.61685,35.18019],[139.61688,35.18028],[139.61679,35.18034],[139.61652,35.18028],[139.61668,35.18046],[139.6164,35.18051],[139.61664,35.18063],[139.61661,35.18069],[139.61648,35.18067],[139.61644,35.18078],[139.61628,35.18071],[139.61611,35.1808],[139.61618,35.18091],[139.6161,35.18097],[139.61582,35.18095],[139.61587,35.18103],[139.6157,35.18111],[139.61571,35.18118],[139.61557,35.18116],[139.61566,35.18125],[139.6159,35.18123],[139.61585,35.18142],[139.6157,35.1815],[139.61578,35.18165],[139.61573,35.18174],[139.61585,35.18177],[139.61576,35.18214],[139.61548,35.18211],[139.61539,35.18215],[139.61547,35.18223],[139.61539,35.18225],[139.61524,35.18218],[139.61527,35.18228],[139.61515,35.18241],[139.61488,35.1825],[139.61505,35.18264],[139.61477,35.18252],[139.6146,35.1826],[139.61456,35.18273],[139.61475,35.18291],[139.61473,35.18301],[139.6146,35.18292],[139.61447,35.18297],[139.6143,35.18286],[139.61426,35.18294],[139.61398,35.18297],[139.61393,35.1831],[139.61401,35.18306],[139.6141,35.18314],[139.61412,35.18327],[139.61438,35.18324],[139.61441,35.18332],[139.61457,35.18326],[139.61462,35.18336],[139.6152,35.18328],[139.61542,35.18318],[139.61547,35.18325],[139.61583,35.18321],[139.61588,35.18303],[139.61612,35.18305],[139.61629,35.18295],[139.61649,35.18303],[139.61645,35.18319],[139.6167,35.18311],[139.6169,35.18322],[139.61742,35.18313],[139.61785,35.1834],[139.61818,35.1833],[139.61841,35.1834],[139.61839,35.18358],[139.61867,35.18359],[139.61876,35.18356],[139.61869,35.18349],[139.61896,35.18333],[139.61944,35.18343],[139.61947,35.18336],[139.61984,35.18346],[139.61981,35.18354],[139.62014,35.18366],[139.6201,35.18412],[139.6188,35.1844],[139.61836,35.18423],[139.61836,35.18396],[139.61833,35.18425],[139.61825,35.18424],[139.61826,35.18432],[139.61788,35.1846],[139.61791,35.18507],[139.61881,35.18532],[139.61863,35.18553],[139.61831,35.18544],[139.61809,35.18584],[139.61786,35.1857],[139.61747,35.18563],[139.61728,35.18541],[139.61717,35.18535],[139.61703,35.18539],[139.61686,35.1852],[139.61676,35.1852],[139.61671,35.18532],[139.61626,35.18537],[139.61626,35.18548],[139.61659,35.18558],[139.61685,35.18556],[139.61687,35.1854],[139.61703,35.18562],[139.61721,35.18568],[139.61724,35.18579],[139.61677,35.18577],[139.61677,35.18591],[139.61688,35.1859],[139.61703,35.18602],[139.61706,35.18594],[139.61755,35.18607],[139.61763,35.1863],[139.61759,35.18637],[139.61746,35.18637],[139.61753,35.18648],[139.61745,35.1867],[139.6173,35.18663],[139.61652,35.1867],[139.61661,35.18681],[139.61736,35.18711],[139.61736,35.18767],[139.61721,35.1881],[139.61701,35.18818],[139.61711,35.18824],[139.6171,35.18834],[139.6168,35.18899],[139.61614,35.18974],[139.61468,35.19052],[139.61371,35.19075],[139.61337,35.19053],[139.61324,35.19076],[139.61297,35.19057],[139.61257,35.19059],[139.6125,35.19041],[139.61248,35.19049],[139.61234,35.19049],[139.6122,35.1904],[139.61229,35.19057],[139.61199,35.19065],[139.6118,35.19047],[139.61166,35.19045],[139.6117,35.19035],[139.61164,35.19038],[139.6116,35.19031],[139.61149,35.19041],[139.61153,35.19027],[139.61141,35.19025],[139.61133,35.19046],[139.61142,35.1906],[139.61113,35.19066],[139.61117,35.19059],[139.61099,35.19056],[139.61097,35.19049],[139.61086,35.19056],[139.61078,35.1905],[139.61082,35.19027],[139.6109,35.19029],[139.61092,35.1902],[139.6107,35.19026],[139.61062,35.19015],[139.61049,35.19015],[139.61052,35.19022],[139.61045,35.19024],[139.61041,35.19017],[139.61025,35.19014],[139.60997,35.19042],[139.60989,35.19039],[139.60987,35.19017],[139.60975,35.19015],[139.60967,35.19025],[139.60937,35.19021],[139.60926,35.19037],[139.6093,35.19051],[139.60963,35.19063],[139.60955,35.1907],[139.6095,35.19102],[139.60914,35.19113],[139.60908,35.19128],[139.60886,35.19131],[139.60875,35.19147],[139.60879,35.19137],[139.60871,35.19141],[139.60851,35.19127],[139.60831,35.19128],[139.60821,35.19146],[139.6085,35.19142],[139.60809,35.19157],[139.60817,35.19159],[139.60816,35.19166],[139.60829,35.19164],[139.60827,35.19173],[139.60812,35.19175],[139.60823,35.19178],[139.6083,35.19193],[139.60823,35.19207],[139.60835,35.19208],[139.60818,35.19218],[139.60832,35.19217],[139.60832,35.19227],[139.60842,35.19227],[139.6084,35.19236],[139.60851,35.19232],[139.60842,35.19243],[139.60868,35.19248],[139.60872,35.19255],[139.60858,35.1927],[139.60882,35.19268],[139.60882,35.19279],[139.60894,35.1928],[139.60883,35.19295],[139.60862,35.19301],[139.60865,35.19307],[139.60886,35.19301],[139.60897,35.19311],[139.60906,35.19307],[139.60919,35.19333],[139.60915,35.19351],[139.60924,35.19378],[139.60921,35.1939],[139.60872,35.19417],[139.60828,35.19341],[139.60847,35.1932],[139.60841,35.19316],[139.60817,35.19341],[139.60826,35.19363],[139.60795,35.19341],[139.60797,35.19379],[139.60791,35.19378],[139.60791,35.19385],[139.60778,35.19369],[139.60784,35.1939],[139.60771,35.1939],[139.60768,35.19397],[139.6079,35.19435],[139.60817,35.19461],[139.6081,35.19472],[139.6077,35.19478],[139.60758,35.19467],[139.60733,35.19463],[139.60716,35.19482],[139.60692,35.19456],[139.60697,35.19443],[139.60678,35.19446],[139.60656,35.19421],[139.60638,35.19426],[139.60633,35.19409],[139.60616,35.194],[139.60587,35.19404],[139.60571,35.19414],[139.60589,35.19473],[139.60567,35.19456],[139.60545,35.19465],[139.6053,35.19454],[139.60524,35.19492],[139.60513,35.19493],[139.60452,35.19435],[139.60459,35.19487],[139.60445,35.19488],[139.60433,35.1945],[139.60406,35.19426],[139.60389,35.19393],[139.60402,35.19386],[139.60396,35.19376],[139.60386,35.1937],[139.60367,35.19386],[139.60351,35.19376],[139.60345,35.19389],[139.60347,35.19373],[139.60336,35.19374],[139.60337,35.19362],[139.60311,35.19355],[139.60301,35.1934],[139.60292,35.19349],[139.60305,35.19361],[139.60294,35.19358],[139.60293,35.19375],[139.6027,35.19362],[139.60276,35.19384],[139.60291,35.19395],[139.60277,35.1941],[139.60269,35.19393],[139.60246,35.19383],[139.60244,35.19396],[139.60236,35.19399],[139.60218,35.19383],[139.60178,35.19368],[139.60171,35.19385],[139.60159,35.19362],[139.60144,35.19357],[139.60137,35.19364],[139.60134,35.19356],[139.60124,35.19356],[139.60128,35.19369],[139.60116,35.19374],[139.60124,35.19383],[139.60112,35.19412],[139.60107,35.19473],[139.60101,35.19466],[139.60107,35.19423],[139.60102,35.19413],[139.60094,35.19418],[139.60094,35.19406],[139.60074,35.19402],[139.60081,35.19395],[139.60062,35.19385],[139.60049,35.19383],[139.60035,35.19393],[139.60032,35.19384],[139.60021,35.19388],[139.60025,35.19381],[139.60018,35.19377],[139.60005,35.19385],[139.60014,35.19376],[139.60005,35.19369],[139.59987,35.19387],[139.59975,35.19387],[139.59987,35.19377],[139.59984,35.19369],[139.59979,35.19376],[139.59972,35.19374],[139.59984,35.19366],[139.59974,35.19364],[139.5995,35.1938],[139.59956,35.19403],[139.59951,35.19407],[139.59979,35.19416],[139.59974,35.19424],[139.59999,35.19432],[139.6001,35.19447],[139.60032,35.19451],[139.60036,35.19461],[139.60022,35.1946],[139.59988,35.19439],[139.59956,35.19443],[139.59944,35.19435],[139.5994,35.19442],[139.59951,35.19457],[139.59931,35.19458],[139.59944,35.19466],[139.59913,35.19481],[139.5989,35.19481],[139.59927,35.19507],[139.59914,35.19503],[139.59921,35.19508],[139.59906,35.19514],[139.59915,35.1952],[139.59891,35.19526],[139.59898,35.19534],[139.59891,35.19536],[139.59923,35.1955],[139.59893,35.19543],[139.59904,35.1955],[139.59891,35.19552],[139.59889,35.19574],[139.5991,35.19585],[139.59927,35.19582],[139.59919,35.19588],[139.59939,35.19598],[139.5995,35.19594],[139.59944,35.19611],[139.59933,35.19613],[139.59951,35.19634],[139.59932,35.19624],[139.59948,35.19641],[139.59924,35.1963],[139.59921,35.19645],[139.59943,35.19652],[139.59924,35.19652],[139.59959,35.19661],[139.5997,35.19652],[139.60008,35.19686],[139.60025,35.19674],[139.60023,35.19704],[139.60049,35.19699],[139.60053,35.19708],[139.60047,35.19717],[139.60056,35.19724],[139.60065,35.19724],[139.60062,35.19716],[139.60073,35.19719],[139.60053,35.19693],[139.60081,35.19715],[139.60075,35.19702],[139.60094,35.19716],[139.60099,35.19706],[139.60103,35.19721],[139.60124,35.19719],[139.60126,35.1973],[139.60133,35.1973],[139.60135,35.19721],[139.60141,35.19725],[139.60132,35.19713],[139.60142,35.19712],[139.60131,35.19697],[139.60135,35.19675],[139.60168,35.19652],[139.60221,35.19734],[139.60223,35.19755],[139.60232,35.19736],[139.60286,35.19743],[139.60307,35.1973],[139.60361,35.19752],[139.60353,35.1979],[139.6029,35.19809],[139.60282,35.19794],[139.60253,35.19794],[139.60248,35.19804],[139.60229,35.19787],[139.60221,35.19792],[139.60243,35.19842],[139.6026,35.19849],[139.60268,35.19863],[139.60351,35.19892],[139.60359,35.19908],[139.60331,35.199],[139.60349,35.19927],[139.60362,35.19931],[139.60352,35.19932],[139.60356,35.19936],[139.60365,35.19932],[139.60374,35.1994],[139.60393,35.19932],[139.60408,35.19902],[139.60446,35.19905],[139.60451,35.19916],[139.6044,35.19925],[139.60456,35.19937],[139.6046,35.19921],[139.6047,35.19927],[139.6048,35.19914],[139.60488,35.19925],[139.60499,35.1992],[139.6049,35.19901],[139.60508,35.19905],[139.60513,35.1994],[139.60523,35.1994],[139.6053,35.19932],[139.60531,35.19944],[139.60516,35.19951],[139.60531,35.19965],[139.60529,35.19983],[139.60536,35.19982],[139.60533,35.19948],[139.60576,35.19943],[139.60575,35.19932],[139.60622,35.19928],[139.60633,35.19942],[139.60627,35.19968],[139.60646,35.19988],[139.60646,35.19999],[139.60621,35.20029],[139.60552,35.20022],[139.60554,35.20007],[139.60549,35.20006],[139.60532,35.20064],[139.60515,35.20066],[139.60514,35.2008],[139.60523,35.20072],[139.60537,35.20079],[139.60515,35.20092],[139.60524,35.20098],[139.60515,35.20102],[139.60527,35.20109],[139.60525,35.20117],[139.60507,35.20109],[139.60499,35.20142],[139.60512,35.20146],[139.60503,35.20184],[139.60491,35.20188],[139.60458,35.20173],[139.6044,35.20177],[139.60426,35.20192],[139.60408,35.20191],[139.60393,35.20176],[139.60389,35.20156],[139.60382,35.20157],[139.60362,35.20196],[139.60375,35.20212],[139.60363,35.20215],[139.60372,35.20219],[139.60375,35.20238],[139.60384,35.20237],[139.60387,35.20226],[139.60394,35.20232],[139.60399,35.20253],[139.60377,35.20254],[139.60362,35.2027],[139.60372,35.2029],[139.6039,35.2029],[139.60401,35.2026],[139.60395,35.20306],[139.6041,35.20324],[139.60404,35.20351],[139.60424,35.20358],[139.60442,35.20315],[139.60477,35.20337],[139.60477,35.20345],[139.60489,35.2034],[139.6049,35.20357],[139.60502,35.20363],[139.60506,35.20375],[139.60511,35.20371],[139.60518,35.20379],[139.60522,35.20368],[139.60532,35.2037],[139.60535,35.20363],[139.60535,35.20379],[139.60544,35.20381],[139.60546,35.20372],[139.60563,35.20383],[139.60558,35.20453],[139.60566,35.20455],[139.60565,35.20465],[139.60571,35.20465],[139.60572,35.20451],[139.60587,35.20452],[139.6059,35.20416],[139.60574,35.20415],[139.60576,35.20388],[139.60586,35.20375],[139.60625,35.20369],[139.60692,35.20417],[139.60676,35.20472],[139.60679,35.2051],[139.6064,35.20514],[139.60628,35.20546],[139.60613,35.20557],[139.60596,35.20538],[139.60586,35.20544],[139.60528,35.20515],[139.60503,35.20513],[139.60496,35.20503],[139.60478,35.2052],[139.60494,35.20546],[139.60502,35.20541],[139.60503,35.20548],[139.60514,35.20547],[139.60515,35.20561],[139.60523,35.20534],[139.60528,35.20543],[139.60538,35.20536],[139.60536,35.20548],[139.60548,35.20535],[139.60555,35.20546],[139.6058,35.20546],[139.60578,35.20601],[139.60591,35.20602],[139.60579,35.20624],[139.60606,35.20628],[139.60601,35.20649],[139.60619,35.20645],[139.60657,35.20616],[139.6067,35.20602],[139.60672,35.20585],[139.60684,35.20598],[139.60722,35.20587],[139.60669,35.20569],[139.60678,35.20561],[139.60669,35.20546],[139.60673,35.20533],[139.60809,35.20595],[139.60813,35.20606],[139.608,35.20649],[139.60823,35.20714],[139.6083,35.20728],[139.60838,35.20729],[139.60813,35.20805],[139.6082,35.20807],[139.60845,35.20731],[139.60857,35.20728],[139.6084,35.20682],[139.60938,35.20576],[139.60932,35.20565],[139.61043,35.20571],[139.6109,35.20581],[139.61079,35.20589],[139.6114,35.20655],[139.61172,35.2073],[139.61186,35.20728],[139.61189,35.20766],[139.6116,35.20796],[139.61142,35.20801],[139.6106,35.20745],[139.61067,35.20731],[139.61044,35.20759],[139.61027,35.20752],[139.61004,35.20766],[139.60993,35.20763],[139.60943,35.20836],[139.60924,35.20847],[139.60926,35.20859],[139.60905,35.20842],[139.60907,35.20842],[139.60911,35.20836],[139.60904,35.20837],[139.60904,35.20841],[139.60885,35.20826],[139.60897,35.20846],[139.60922,35.20859],[139.60901,35.20886],[139.60902,35.20891],[139.6091,35.20888],[139.60909,35.20908],[139.60924,35.209],[139.60922,35.20913],[139.60932,35.20924],[139.60955,35.20915],[139.6095,35.20927],[139.60914,35.20943],[139.60911,35.20954],[139.60944,35.20962],[139.60952,35.20951],[139.60946,35.20947],[139.60959,35.20941],[139.60975,35.20959],[139.61014,35.20942],[139.60978,35.20974],[139.60984,35.20991],[139.60951,35.21018],[139.6097,35.21019],[139.60976,35.21009],[139.60986,35.21017],[139.60984,35.21007],[139.61009,35.21004],[139.61015,35.20997],[139.60999,35.20989],[139.6102,35.20968],[139.61053,35.20983],[139.61052,35.21],[139.61072,35.21008],[139.61086,35.20996],[139.61109,35.20992],[139.61113,35.20982],[139.61179,35.2098],[139.61157,35.20992],[139.61163,35.21006],[139.61192,35.21006],[139.61191,35.2102],[139.61203,35.21008],[139.61211,35.21013],[139.61217,35.21002],[139.61194,35.20995],[139.61222,35.20982],[139.6127,35.20997],[139.61417,35.20992],[139.61558,35.20948],[139.61713,35.20818],[139.61895,35.20779],[139.61889,35.20769],[139.61912,35.20766],[139.61915,35.20756],[139.61934,35.20864],[139.61986,35.20918],[139.61993,35.2091],[139.61945,35.20861],[139.61931,35.20786],[139.62041,35.20771],[139.62058,35.20852],[139.62025,35.20877],[139.62071,35.20845],[139.62099,35.20785],[139.6216,35.20719],[139.62174,35.20729],[139.62174,35.20739],[139.62203,35.2075],[139.62306,35.20761],[139.62399,35.20818],[139.62487,35.20914],[139.62486,35.20928],[139.62458,35.20964],[139.62457,35.20992],[139.62466,35.21],[139.62486,35.20999],[139.62519,35.21033],[139.62555,35.21109],[139.62546,35.21125],[139.6247,35.21165],[139.62469,35.21176],[139.62662,35.21291],[139.62705,35.21323],[139.62723,35.21354],[139.62743,35.21539],[139.62647,35.21645],[139.6262,35.21656],[139.62622,35.21661],[139.62651,35.2165],[139.62743,35.21548],[139.62745,35.21572],[139.62694,35.21633],[139.62702,35.21643],[139.62695,35.21673],[139.62675,35.21682],[139.6267,35.21675],[139.62408,35.21775],[139.62331,35.21638],[139.62337,35.21635],[139.62325,35.21613],[139.62318,35.21616],[139.62296,35.21576],[139.62366,35.2155],[139.62358,35.21536],[139.62273,35.21571],[139.62263,35.21588],[139.62265,35.21609],[139.62381,35.21824],[139.62315,35.21852],[139.62151,35.22002],[139.62119,35.22007],[139.62075,35.21988],[139.62157,35.2211],[139.62078,35.22146],[139.62052,35.22126],[139.62022,35.2208],[139.61997,35.22062],[139.61985,35.22025],[139.61925,35.22015],[139.61894,35.22026],[139.61832,35.22075],[139.61787,35.221],[139.61745,35.22107],[139.61708,35.22096],[139.61684,35.22096],[139.61635,35.22153],[139.61561,35.22197],[139.61473,35.2222],[139.61447,35.22217],[139.61446,35.22207],[139.61424,35.2222],[139.61412,35.22208],[139.61432,35.22231],[139.61431,35.22257],[139.61417,35.22274],[139.61344,35.2231],[139.61293,35.22312],[139.6128,35.22303],[139.61281,35.22291],[139.6127,35.22306],[139.61226,35.22299],[139.61224,35.22279],[139.61215,35.22276],[139.61208,35.22286],[139.61208,35.22273],[139.61206,35.22286],[139.61144,35.22284],[139.61147,35.22238],[139.61123,35.22237],[139.61143,35.22225],[139.61138,35.22222],[139.61073,35.22234],[139.61055,35.22246],[139.61069,35.22254],[139.61061,35.22261],[139.61005,35.22265],[139.60973,35.2227],[139.61009,35.22267],[139.61006,35.22315],[139.60991,35.22326],[139.60963,35.22336],[139.60952,35.22315],[139.60889,35.22335],[139.60852,35.22296],[139.60915,35.22256],[139.60826,35.22164],[139.60815,35.22171],[139.60856,35.22213],[139.60763,35.22273],[139.60798,35.22309],[139.60811,35.223],[139.60819,35.22315],[139.60797,35.22343],[139.60742,35.22371],[139.6068,35.22383],[139.60591,35.22376],[139.60561,35.22366],[139.60562,35.22359],[139.60476,35.22295],[139.60449,35.22289],[139.60425,35.22299],[139.60368,35.22344],[139.60358,35.22363],[139.6036,35.22387],[139.60371,35.22383],[139.6039,35.22406],[139.60381,35.2241],[139.60388,35.22417],[139.60402,35.22411],[139.60386,35.2242],[139.60401,35.22436],[139.60244,35.2255],[139.60251,35.22553],[139.60266,35.22541],[139.60319,35.22595],[139.60355,35.22606],[139.60349,35.2262],[139.60375,35.22717],[139.60338,35.22794],[139.60353,35.22799],[139.6035,35.22805],[139.60335,35.22801],[139.6035,35.22806],[139.60347,35.22811],[139.60329,35.22811],[139.60266,35.22942],[139.60317,35.23027],[139.60299,35.23071],[139.60249,35.23091],[139.60301,35.23074],[139.60305,35.2308],[139.60312,35.23077],[139.60306,35.23067],[139.60321,35.2303],[139.60343,35.23061],[139.60337,35.23036],[139.60355,35.23031],[139.60379,35.23083],[139.60354,35.2309],[139.60357,35.2311],[139.60409,35.2311],[139.60408,35.23157],[139.60371,35.23223],[139.60346,35.23192],[139.60228,35.23249],[139.60279,35.23231],[139.60296,35.23253],[139.60239,35.23282],[139.60215,35.23254],[139.60218,35.23263],[139.60179,35.23284],[139.60167,35.23267],[139.60154,35.23265],[139.60107,35.23273],[139.60101,35.23294],[139.6012,35.23313],[139.60119,35.2334],[139.6011,35.23349],[139.60086,35.23344],[139.60084,35.2335],[139.60097,35.23369],[139.6014,35.23368],[139.60152,35.23381],[139.60134,35.2341],[139.60154,35.23402],[139.60147,35.2342],[139.60159,35.23411],[139.60169,35.23425],[139.6017,35.23459],[139.60144,35.23455],[139.60139,35.23442],[139.60126,35.23438],[139.60075,35.2347],[139.60117,35.23435],[139.601,35.23431],[139.60054,35.23439],[139.60015,35.2347],[139.59932,35.23436],[139.59924,35.23427],[139.59902,35.23455],[139.59872,35.23514],[139.59883,35.2357],[139.5986,35.2361],[139.5987,35.23614],[139.59852,35.23657],[139.59859,35.23658],[139.59876,35.23614],[139.59903,35.23582],[139.59884,35.23515],[139.59907,35.23477],[139.59968,35.23501],[139.59921,35.23593],[139.59924,35.23602],[139.59956,35.2362],[139.59939,35.23636],[139.59957,35.23643],[139.59946,35.23658],[139.59961,35.23641],[139.5998,35.2366],[139.60002,35.23642],[139.6003,35.23662],[139.60021,35.23667],[139.60027,35.23665],[139.60042,35.23714],[139.60032,35.23806],[139.59984,35.23889],[139.59882,35.23984],[139.59735,35.2409],[139.59708,35.24093],[139.59693,35.24077],[139.59698,35.24061],[139.59677,35.24058],[139.59675,35.24039],[139.59665,35.24031],[139.59652,35.24031],[139.59633,35.24047],[139.59647,35.24067],[139.59616,35.24048],[139.59606,35.2405],[139.59608,35.2408],[139.59634,35.24097],[139.59697,35.24113],[139.59702,35.24124],[139.59709,35.24123],[139.59705,35.24157],[139.5966,35.242],[139.59668,35.24205],[139.59658,35.2422],[139.59643,35.24214],[139.59634,35.24218],[139.59643,35.24244],[139.59631,35.24255],[139.59607,35.2426],[139.59602,35.24276],[139.59519,35.2433],[139.59472,35.24338],[139.5947,35.24348],[139.5948,35.24358],[139.59464,35.2436],[139.59467,35.24381],[139.59439,35.24419],[139.59396,35.24459],[139.59363,35.24454],[139.59366,35.24469],[139.59322,35.24496],[139.59279,35.24508],[139.59263,35.24503],[139.59239,35.24509],[139.59229,35.24491],[139.59221,35.24498],[139.59209,35.24494],[139.59192,35.24502],[139.59187,35.24488],[139.59189,35.24504],[139.59152,35.24518],[139.59152,35.24517],[139.5915,35.24514],[139.59149,35.24517],[139.5915,35.24519],[139.59136,35.24524],[139.59113,35.24543],[139.59081,35.24559],[139.59064,35.2456],[139.59008,35.24592],[139.59001,35.24622],[139.59022,35.24624],[139.59022,35.24601],[139.59122,35.24555],[139.5915,35.24534],[139.59164,35.24546],[139.59186,35.24533],[139.5923,35.24611],[139.59228,35.24627],[139.59109,35.24642],[139.59205,35.24635],[139.59205,35.24689],[139.59188,35.24736],[139.59144,35.24769],[139.59075,35.24774],[139.59055,35.24789],[139.59052,35.24766],[139.59112,35.24733],[139.59107,35.24726],[139.59045,35.24761],[139.59038,35.24832],[139.58975,35.2484],[139.58962,35.24854],[139.58933,35.24865],[139.58903,35.24905],[139.58818,35.24971],[139.58817,35.2497],[139.58817,35.24971],[139.588,35.24984],[139.58775,35.25013],[139.58591,35.25149],[139.58426,35.25239],[139.58272,35.25308],[139.58202,35.25335],[139.58103,35.25356],[139.58076,35.25372],[139.58007,35.25372],[139.57919,35.25344],[139.5789,35.25324],[139.57881,35.25334],[139.57858,35.25334],[139.57844,35.25319],[139.57835,35.2532],[139.57837,35.25313],[139.57823,35.25317],[139.57829,35.25312],[139.57824,35.25305],[139.57811,35.25313],[139.578,35.25311],[139.57805,35.25338],[139.57768,35.25335],[139.57748,35.25319],[139.57757,35.25308],[139.57728,35.25285],[139.57684,35.25299],[139.57677,35.25307],[139.57659,35.25304],[139.57648,35.25333],[139.57614,35.25353],[139.57608,35.25371],[139.57617,35.25388],[139.57633,35.25401],[139.57652,35.25403],[139.57686,35.25393],[139.5768,35.25364],[139.57704,35.25342],[139.57721,35.25336],[139.57806,35.25351],[139.57829,35.25364],[139.57849,35.25359],[139.57887,35.25374],[139.57935,35.25422],[139.57965,35.25472],[139.57985,35.25586],[139.57978,35.25635],[139.5796,35.25667],[139.57921,35.25696],[139.57876,35.25652],[139.57888,35.25681],[139.57921,35.25713],[139.57902,35.25711],[139.57896,35.25699],[139.57891,35.25712],[139.57916,35.25713],[139.57925,35.25735],[139.579,35.25835],[139.57887,35.25864],[139.57855,35.25898],[139.57801,35.25943],[139.57693,35.26012],[139.57637,35.26019],[139.576,35.26007],[139.57572,35.26009],[139.57587,35.26033],[139.57623,35.26049],[139.57633,35.26062],[139.57659,35.26068],[139.57685,35.26093],[139.57706,35.26135],[139.5771,35.26187],[139.57697,35.26271],[139.57663,35.26345],[139.57633,35.26386],[139.57551,35.26465],[139.575,35.26505],[139.57396,35.26559],[139.5736,35.26565],[139.57318,35.26561],[139.57306,35.26548],[139.57321,35.26535],[139.57301,35.26531],[139.57288,35.26536],[139.5728,35.26525],[139.57268,35.26539],[139.57278,35.26541],[139.57245,35.26564],[139.57254,35.26573],[139.57278,35.26573],[139.57264,35.26603],[139.57235,35.26615],[139.57161,35.26622],[139.57135,35.26615],[139.57129,35.26627],[139.57117,35.26613],[139.57101,35.26609],[139.5712,35.26631],[139.57104,35.26632],[139.571,35.26636],[139.57114,35.26641],[139.57101,35.26645],[139.57032,35.26617],[139.5684,35.2661],[139.56738,35.26729],[139.56869,35.26872],[139.56858,35.26946],[139.56848,35.26963],[139.56857,35.26967],[139.56869,35.26949],[139.56873,35.26892],[139.5692,35.26903],[139.56913,35.26957],[139.56919,35.26958],[139.56925,35.26919],[139.57038,35.26888],[139.57039,35.26917],[139.57045,35.26889],[139.57066,35.26924],[139.57075,35.26956],[139.5707,35.26981],[139.57087,35.26999],[139.571,35.27041],[139.57081,35.27105],[139.57041,35.27161],[139.5699,35.27199],[139.56953,35.27216],[139.56891,35.27228],[139.56895,35.27259],[139.5691,35.27288],[139.56932,35.27301],[139.56905,35.27329],[139.56938,35.27346],[139.56952,35.27344],[139.56965,35.27317],[139.5699,35.27328],[139.56965,35.27377],[139.56972,35.27379],[139.56997,35.27329],[139.57012,35.27332],[139.57046,35.27351],[139.57074,35.27389],[139.57094,35.27442],[139.57105,35.27529],[139.57103,35.27624],[139.57075,35.27686],[139.57082,35.27753],[139.57074,35.27755],[139.5708,35.27758],[139.57068,35.27776],[139.5704,35.27796],[139.57041,35.27825],[139.57015,35.27841],[139.57016,35.27849],[139.56946,35.27875],[139.56954,35.27879],[139.57005,35.27863],[139.57028,35.27864],[139.57036,35.27891],[139.57028,35.27924],[139.56983,35.27965],[139.56971,35.28009],[139.56929,35.28042],[139.56917,35.28116],[139.56908,35.28128],[139.56885,35.28137],[139.56886,35.28123],[139.56879,35.28141],[139.56835,35.28134],[139.56787,35.28174],[139.56791,35.28177],[139.56837,35.28138],[139.56904,35.28148],[139.56884,35.2826],[139.56844,35.28258],[139.56848,35.28204],[139.56859,35.28204],[139.56859,35.28197],[139.56837,35.28196],[139.56837,35.28203],[139.56846,35.28203],[139.56841,35.28259],[139.56834,35.28265],[139.56813,35.28264],[139.56812,35.28186],[139.56799,35.28291],[139.56787,35.28306],[139.56684,35.28308],[139.56685,35.28254],[139.56663,35.28253],[139.56662,35.28307],[139.56597,35.28308],[139.56567,35.28319],[139.56475,35.28449],[139.56491,35.28454],[139.56567,35.28337],[139.56587,35.28325],[139.56613,35.28321],[139.56613,35.28355],[139.56689,35.28391],[139.56665,35.28427],[139.56684,35.28436],[139.56663,35.28467],[139.56559,35.2842],[139.56553,35.28424],[139.56687,35.28486],[139.56689,35.28559],[139.56697,35.28559],[139.56697,35.28518],[139.56777,35.28516],[139.56776,35.28489],[139.56736,35.2849],[139.56736,35.28481],[139.56726,35.28481],[139.56738,35.28439],[139.56747,35.28439],[139.56755,35.28427],[139.56777,35.28427],[139.56776,35.28414],[139.56862,35.28416],[139.56869,35.28497],[139.56799,35.28494],[139.56798,35.28516],[139.56881,35.28518],[139.56882,35.28501],[139.56906,35.28501],[139.56917,35.28484],[139.56944,35.2848],[139.56985,35.28517],[139.57,35.28543],[139.56944,35.28604],[139.57084,35.28711],[139.57147,35.28699],[139.57209,35.28696],[139.57302,35.28713],[139.57306,35.28706],[139.57328,35.28635],[139.57339,35.2862],[139.57373,35.28598],[139.57396,35.2859],[139.57453,35.28583],[139.57565,35.28588],[139.57604,35.28598],[139.57616,35.28628],[139.57632,35.28639],[139.57652,35.28644],[139.57673,35.2864],[139.57702,35.28621],[139.57725,35.28615],[139.57754,35.28614],[139.57848,35.28621],[139.5788,35.28617],[139.57919,35.286],[139.57938,35.28581],[139.57953,35.2854],[139.57955,35.28504],[139.57947,35.28421],[139.57953,35.28374],[139.57962,35.28352],[139.57977,35.28336],[139.5801,35.28317],[139.5804,35.28314],[139.58066,35.28323],[139.58084,35.28344],[139.58109,35.28399],[139.58145,35.28428],[139.58155,35.28458],[139.5816,35.28519],[139.58168,35.28545],[139.58183,35.28566],[139.58231,35.28594],[139.58257,35.28621],[139.58266,35.28644],[139.5827,35.28694],[139.5828,35.28715],[139.58298,35.2872],[139.58316,35.28712],[139.58348,35.2865],[139.58374,35.28629],[139.58398,35.2862],[139.58437,35.28614],[139.58484,35.28618],[139.58497,35.28625],[139.58514,35.2865],[139.58534,35.28721],[139.58548,35.28753],[139.58559,35.28764],[139.58579,35.28769],[139.58588,35.28783],[139.58603,35.28922],[139.58625,35.28894],[139.58661,35.28882],[139.58696,35.28879],[139.5875,35.28881],[139.58773,35.28886],[139.58786,35.28894],[139.58802,35.28928],[139.58894,35.29015],[139.58913,35.2904],[139.58924,35.29065],[139.58926,35.29088],[139.58918,35.29115],[139.58906,35.29128],[139.5887,35.29143],[139.58851,35.29158],[139.58843,35.29179],[139.58845,35.29195],[139.58853,35.29209],[139.58869,35.29219],[139.58927,35.29237],[139.58947,35.29249],[139.58958,35.2928],[139.58989,35.29302],[139.58999,35.29315],[139.59006,35.29344],[139.59009,35.29382],[139.59015,35.29396],[139.59026,35.29399],[139.59064,35.29376],[139.59099,35.2937],[139.59124,35.29376],[139.59167,35.29398],[139.59206,35.29408],[139.59279,35.29412],[139.59394,35.29408],[139.59441,35.29415],[139.59479,35.29429],[139.59521,35.29455],[139.59531,35.29456],[139.5954,35.29452],[139.59552,35.29427],[139.59559,35.29322],[139.5957,35.2928],[139.59579,35.29264],[139.59602,35.29245],[139.59618,35.29241],[139.5965,35.29243],[139.59686,35.29255],[139.59702,35.29271],[139.59726,35.29317],[139.5974,35.29327],[139.59758,35.29332],[139.59805,35.29325],[139.59829,35.29312],[139.59842,35.29299],[139.59855,35.29263],[139.5986,35.29185],[139.5987,35.29148],[139.59894,35.2912],[139.59932,35.29102],[139.59984,35.29094],[139.60032,35.29093],[139.60072,35.29097],[139.60104,35.29107],[139.60126,35.29122],[139.60147,35.29148],[139.60152,35.29173],[139.60145,35.29205],[139.6015,35.29217],[139.60171,35.2923],[139.602,35.29234],[139.60226,35.29225],[139.60256,35.29197],[139.60289,35.29181],[139.60366,35.29174],[139.6041,35.29161],[139.60435,35.29146],[139.60485,35.29103],[139.60547,35.29074],[139.60659,35.29041],[139.60704,35.29035],[139.60735,35.29037],[139.60752,35.29048],[139.60758,35.29079],[139.60753,35.29093],[139.60725,35.29123],[139.60715,35.29144],[139.60712,35.29169],[139.60722,35.29188],[139.60738,35.29195],[139.60806,35.29203],[139.60868,35.2922],[139.60969,35.2926],[139.61031,35.29295],[139.61041,35.29309],[139.61038,35.29325],[139.61022,35.29337],[139.60986,35.2935],[139.60967,35.29361],[139.60959,35.29376],[139.60965,35.2939],[139.60991,35.29394],[139.61052,35.29388],[139.61082,35.29391],[139.61109,35.29401],[139.61154,35.2944],[139.61179,35.29453],[139.61222,35.29461],[139.61286,35.29456],[139.61312,35.2946],[139.61332,35.2947],[139.61347,35.29485],[139.6136,35.29509],[139.61356,35.2955],[139.61377,35.29563],[139.6142,35.29573],[139.61435,35.29582],[139.61447,35.29596],[139.61463,35.29644],[139.61469,35.29715],[139.61459,35.29855],[139.61441,35.29923],[139.61415,35.29964],[139.61398,35.29974],[139.6138,35.29978],[139.61322,35.29974],[139.6129,35.29978],[139.61263,35.29988],[139.61241,35.30003],[139.61217,35.30029],[139.61208,35.30046],[139.61199,35.30088],[139.61178,35.30113],[139.61129,35.30146],[139.6108,35.30165],[139.61048,35.30168],[139.61028,35.30163],[139.61003,35.30141],[139.6096,35.30075],[139.6094,35.30064],[139.60919,35.30072],[139.60898,35.30093],[139.60878,35.30127],[139.6086,35.30168],[139.60847,35.30218],[139.60852,35.30272],[139.60881,35.30327],[139.60882,35.30344],[139.60873,35.30361],[139.60827,35.30395],[139.60801,35.30427],[139.60793,35.30451],[139.60789,35.30492],[139.60778,35.30515],[139.60746,35.30541],[139.60672,35.30574],[139.60646,35.30602],[139.60631,35.30633],[139.60609,35.30649],[139.60554,35.30661],[139.60478,35.30664],[139.6046,35.30668],[139.60435,35.3068],[139.60427,35.30699],[139.60436,35.30726],[139.60436,35.30761],[139.60416,35.30807],[139.60378,35.30862],[139.60251,35.31009],[139.60224,35.31048],[139.60212,35.31075],[139.60214,35.31092],[139.60229,35.31117],[139.60296,35.31167],[139.6032,35.31194],[139.60319,35.31225],[139.60302,35.31272],[139.60282,35.31301],[139.60255,35.31323],[139.60222,35.31336],[139.60164,35.31344],[139.60139,35.3136],[139.60109,35.3139],[139.60078,35.31402],[139.60039,35.31405],[139.6,35.31391],[139.59966,35.31354],[139.59933,35.31299],[139.59891,35.31262],[139.59856,35.3125],[139.5978,35.31244],[139.59739,35.31231],[139.59702,35.31199],[139.59647,35.31165],[139.59485,35.31086],[139.59398,35.31039],[139.59282,35.30946],[139.5925,35.30931],[139.59184,35.30914],[139.5914,35.30896],[139.59115,35.30879],[139.59073,35.30839],[139.59042,35.30822],[139.59012,35.30817],[139.58983,35.30824],[139.58904,35.30886],[139.5886,35.30905],[139.58805,35.30918],[139.58738,35.30922],[139.58659,35.30917],[139.58614,35.30906],[139.58583,35.30888],[139.58566,35.30863],[139.58555,35.30767],[139.58539,35.30722],[139.58524,35.30695],[139.58504,35.30674],[139.58479,35.30659],[139.58401,35.30637],[139.58365,35.30616],[139.5834,35.30585],[139.58337,35.30574],[139.5834,35.30553],[139.58372,35.30525],[139.58452,35.30494],[139.58519,35.30482],[139.58633,35.30474],[139.58684,35.30458],[139.58758,35.30397],[139.58801,35.30383],[139.588,35.30359],[139.58783,35.30339],[139.58747,35.30335],[139.58672,35.3035],[139.58622,35.30351],[139.58595,35.30343],[139.58562,35.3032],[139.58528,35.30305],[139.58489,35.30298],[139.58463,35.303],[139.58437,35.30319],[139.58429,35.30342],[139.58423,35.30389],[139.58417,35.30401],[139.58392,35.3042],[139.58355,35.30431],[139.58236,35.30435],[139.58183,35.30443],[139.5816,35.30458],[139.58148,35.30501],[139.58131,35.30516],[139.581,35.3053],[139.58003,35.30554],[139.57948,35.30574],[139.57926,35.30589],[139.57904,35.30619],[139.57885,35.30629],[139.57844,35.30635],[139.57811,35.30633],[139.57785,35.30626],[139.57766,35.30614],[139.5774,35.30563],[139.57725,35.30546],[139.57644,35.30498],[139.57628,35.3048],[139.57602,35.3043],[139.57583,35.30417],[139.57557,35.3041],[139.57525,35.30409],[139.57478,35.30415],[139.5744,35.30431],[139.57396,35.30461],[139.5736,35.30478],[139.57264,35.30497],[139.57241,35.30498],[139.57218,35.30492],[139.57142,35.30441],[139.57111,35.3043],[139.57081,35.30437],[139.57059,35.30461],[139.57038,35.30471],[139.5699,35.30475],[139.56968,35.3047],[139.56947,35.30449],[139.5694,35.30398],[139.56921,35.30355],[139.56814,35.30246],[139.56799,35.30222],[139.56781,35.30177],[139.5676,35.30148],[139.5671,35.30106],[139.56674,35.30089],[139.56613,35.30071],[139.56598,35.30054],[139.56598,35.30039],[139.56612,35.30016],[139.56638,35.29999],[139.56697,35.2998],[139.56709,35.29967],[139.56713,35.2995],[139.56709,35.29928],[139.56693,35.29901],[139.5667,35.29883],[139.56634,35.29867],[139.56622,35.29854],[139.56614,35.29826],[139.56621,35.29794],[139.56647,35.29764],[139.56731,35.29715],[139.56752,35.29689],[139.5675,35.29678],[139.56731,35.29664],[139.56661,35.29645],[139.56649,35.29635],[139.56632,35.29608],[139.56627,35.29542],[139.56652,35.29397],[139.56665,35.29368],[139.56684,35.29347],[139.56677,35.29341],[139.56595,35.29303],[139.56445,35.29284],[139.56427,35.29276],[139.5639,35.29274],[139.56381,35.29265],[139.56343,35.29266],[139.56311,35.29252],[139.563,35.29234],[139.56292,35.29232],[139.56268,35.29253],[139.56246,35.29255],[139.56238,35.29271],[139.5618,35.29285],[139.56161,35.2928],[139.56122,35.2929],[139.56106,35.29287],[139.561,35.29271],[139.56089,35.29272],[139.56077,35.29256],[139.56058,35.29252],[139.56034,35.29224],[139.56003,35.29204],[139.55975,35.292],[139.55963,35.29185],[139.55937,35.2919],[139.55894,35.29184],[139.55888,35.29194],[139.55821,35.29175],[139.55806,35.29193],[139.55783,35.29177],[139.55771,35.29177],[139.5576,35.29186],[139.55769,35.29203],[139.55765,35.29212],[139.55786,35.29248],[139.558,35.293],[139.55813,35.29315],[139.55813,35.29333],[139.55798,35.29373],[139.55705,35.2941],[139.55707,35.29421],[139.55689,35.2943],[139.55713,35.29446],[139.5575,35.2952],[139.55646,35.29632],[139.55622,35.29635],[139.55524,35.29558],[139.55576,35.29515],[139.55572,35.29511],[139.55522,35.29553],[139.55368,35.29431],[139.55217,35.29452],[139.5502,35.29622],[139.55039,35.29632],[139.55028,35.29624],[139.55057,35.29599],[139.5507,35.29606],[139.55059,35.29598],[139.55099,35.29563],[139.55112,35.29571],[139.55101,35.29562],[139.5515,35.2952],[139.55222,35.29573],[139.55198,35.29591],[139.55149,35.29557],[139.55196,35.29593],[139.55187,35.29601],[139.55211,35.29622],[139.55193,35.29636],[139.55168,35.29618],[139.55158,35.29626],[139.55116,35.29593],[139.55155,35.29628],[139.55133,35.29647],[139.55092,35.29613],[139.55078,35.29625],[139.55093,35.29621],[139.55133,35.29653],[139.55132,35.29661],[139.55125,35.29661],[139.55125,35.29872],[139.55198,35.29947],[139.552,35.29956],[139.55175,35.29967],[139.55202,35.29977],[139.55203,35.30024],[139.55232,35.30057],[139.55244,35.30055],[139.55267,35.30088],[139.55258,35.30147],[139.55271,35.30154],[139.55257,35.30152],[139.55253,35.30164],[139.55267,35.30166],[139.55252,35.30167],[139.55248,35.30184],[139.55258,35.30186],[139.55259,35.30188],[139.55247,35.30185],[139.55256,35.30194],[139.55245,35.30195],[139.55237,35.30222],[139.55247,35.30223],[139.55236,35.30225],[139.55235,35.30246],[139.55227,35.30247],[139.55217,35.30272],[139.55224,35.30287],[139.55212,35.30281],[139.55186,35.30329],[139.55133,35.30388],[139.55099,35.30388],[139.55086,35.30408],[139.54962,35.30503],[139.54902,35.30543],[139.5492,35.30549],[139.55005,35.30547],[139.55015,35.30553],[139.5502,35.30569],[139.55033,35.30576],[139.5518,35.30591],[139.55218,35.30604],[139.55247,35.30622],[139.55267,35.30643],[139.55293,35.30686],[139.55304,35.30694],[139.55328,35.30699],[139.55336,35.3071],[139.55337,35.30741],[139.5533,35.30788],[139.55339,35.30826],[139.55355,35.30845],[139.55392,35.30863],[139.5541,35.3088],[139.55409,35.30891],[139.55387,35.30915],[139.55376,35.30936],[139.55373,35.3096],[139.55384,35.30975],[139.55425,35.30992],[139.55522,35.31006],[139.55577,35.31021],[139.55599,35.31035],[139.55614,35.31058],[139.55632,35.31068],[139.55658,35.31072],[139.55732,35.31067],[139.55762,35.3107],[139.55792,35.31088],[139.55805,35.31119],[139.55823,35.31137],[139.55839,35.3114],[139.55885,35.31134],[139.55898,35.31138],[139.55911,35.31152],[139.55911,35.31174],[139.55886,35.31203],[139.55881,35.31218],[139.55883,35.31235],[139.55908,35.31296],[139.55913,35.31333],[139.5591,35.31405],[139.55897,35.31479],[139.55884,35.31511],[139.55867,35.31528],[139.55828,35.31534],[139.55802,35.31542],[139.5578,35.31557],[139.55773,35.31576],[139.55784,35.31598],[139.55831,35.31645],[139.55845,35.3168],[139.55871,35.31693],[139.55942,35.31712],[139.55963,35.31738],[139.55959,35.31818],[139.55966,35.31831],[139.55984,35.31842],[139.55992,35.31853],[139.55994,35.31868],[139.55985,35.31926],[139.55989,35.31939],[139.56011,35.31958],[139.5602,35.32004],[139.56001,35.32253],[139.55934,35.32295],[139.55919,35.32311],[139.55978,35.32307],[139.56009,35.32315],[139.56032,35.32336],[139.56028,35.32362],[139.55976,35.32421],[139.5587,35.32505],[139.55807,35.32562],[139.55769,35.32611],[139.55757,35.32654],[139.55761,35.32673],[139.55792,35.32736],[139.55797,35.32763],[139.55795,35.32788],[139.55774,35.3283],[139.55759,35.32837],[139.55725,35.32839],[139.55724,35.32867],[139.55718,35.32881],[139.55686,35.32896],[139.5566,35.329],[139.5557,35.32905],[139.55312,35.32905],[139.55363,35.32921],[139.55386,35.32936],[139.55399,35.32989],[139.5544,35.3304],[139.55449,35.3307],[139.55447,35.33087],[139.55436,35.33102],[139.55416,35.33116],[139.55344,35.33149],[139.55324,35.33183],[139.55323,35.33212],[139.55341,35.33274],[139.55365,35.33309],[139.55407,35.3335],[139.5542,35.33376],[139.55412,35.33401],[139.5537,35.33429],[139.55366,35.33454],[139.55373,35.33465],[139.55401,35.33471],[139.55409,35.33479],[139.55411,35.33495],[139.55402,35.33558],[139.55407,35.33582],[139.55419,35.33602],[139.55438,35.3362],[139.55469,35.33639],[139.55529,35.33653],[139.55539,35.33671],[139.5554,35.33702],[139.55532,35.33748],[139.55505,35.33842],[139.55481,35.3388],[139.55446,35.33897],[139.55372,35.33954],[139.55324,35.33975],[139.55238,35.33993],[139.55104,35.34007],[139.55061,35.34017],[139.55038,35.34031],[139.55033,35.34047],[139.55043,35.34064],[139.55059,35.34068],[139.5512,35.34065],[139.5515,35.34082],[139.55167,35.34104],[139.55179,35.34131],[139.55184,35.34156],[139.55182,35.34178],[139.55173,35.34197],[139.5515,35.34221],[139.55119,35.34242],[139.5508,35.3426],[139.55059,35.34277],[139.55043,35.34319],[139.5505,35.34418],[139.55045,35.34456],[139.55035,35.34469],[139.55009,35.34487],[139.54999,35.3452],[139.54986,35.34526],[139.54966,35.34528],[139.54949,35.34541],[139.54928,35.34587],[139.54912,35.34601],[139.54876,35.34608],[139.54844,35.34604],[139.54816,35.34595],[139.5479,35.34574],[139.5478,35.34525],[139.54771,35.34512],[139.54757,35.34505],[139.54728,35.34505],[139.54714,35.3451],[139.54705,35.3452],[139.547,35.34549],[139.54688,35.34562],[139.54674,35.34563],[139.54634,35.34556],[139.54613,35.34558],[139.54582,35.34568],[139.54563,35.34581],[139.54533,35.34618],[139.54505,35.34691],[139.54481,35.34712],[139.54461,35.34719],[139.54433,35.34721],[139.54409,35.34713],[139.54376,35.34693],[139.54334,35.3468],[139.5426,35.34669],[139.54221,35.3467],[139.54208,35.34676],[139.54197,35.34701],[139.54156,35.34712],[139.54145,35.34746],[139.54108,35.34771],[139.54095,35.34802],[139.54097,35.34818],[139.54105,35.34828],[139.54121,35.34832],[139.5417,35.34827],[139.54203,35.34831],[139.54221,35.34841],[139.54256,35.34875],[139.54295,35.34888],[139.54298,35.34901],[139.54293,35.34923],[139.54249,35.35007],[139.54223,35.35036],[139.54185,35.3505],[139.54177,35.35066],[139.54182,35.35105],[139.54213,35.35143],[139.54222,35.3517],[139.5421,35.35256],[139.54213,35.35282],[139.54224,35.35299],[139.5425,35.3531],[139.54339,35.35316],[139.54375,35.35325],[139.54399,35.3534],[139.54409,35.35367],[139.54404,35.35411],[139.54385,35.35466],[139.54364,35.35509],[139.54328,35.35559],[139.54328,35.35597],[139.5435,35.35689],[139.54349,35.35726],[139.54339,35.35762],[139.5432,35.35796],[139.54289,35.35834],[139.54258,35.35853],[139.54219,35.35859],[139.54205,35.35869],[139.54193,35.35884],[139.54183,35.35933],[139.54188,35.35946],[139.5421,35.35962],[139.54217,35.35972],[139.54216,35.36007],[139.54197,35.3605],[139.54141,35.36109],[139.54141,35.36122],[139.54164,35.36125],[139.54193,35.36121],[139.54231,35.361],[139.5425,35.36067],[139.54259,35.36005],[139.54274,35.35989],[139.54301,35.35984],[139.54386,35.35997],[139.54443,35.35995],[139.54472,35.35983],[139.54523,35.35937],[139.54555,35.35923],[139.54602,35.35934],[139.54693,35.35973],[139.54723,35.35978],[139.5476,35.35953],[139.54796,35.35947],[139.54845,35.35945],[139.54889,35.35932],[139.54914,35.35917],[139.54972,35.35865],[139.54988,35.35858],[139.55009,35.35857],[139.55044,35.35872],[139.55067,35.35895],[139.55072,35.35916],[139.55064,35.35955],[139.55069,35.35967],[139.5509,35.35979],[139.55117,35.35985],[139.55132,35.35981],[139.55138,35.35962],[139.55147,35.35956],[139.5524,35.35961],[139.55254,35.35955],[139.55275,35.35933],[139.55297,35.35922],[139.55367,35.359],[139.55402,35.35897],[139.55416,35.359],[139.55438,35.35914],[139.5546,35.3597],[139.55468,35.35982],[139.55489,35.35996],[139.5552,35.35999],[139.55593,35.35984],[139.55624,35.35989],[139.55638,35.36025],[139.55653,35.36039],[139.55756,35.36087],[139.55766,35.36098],[139.55774,35.36122],[139.55817,35.36135],[139.55854,35.36188],[139.5592,35.36224],[139.55932,35.36249],[139.55937,35.36288],[139.55946,35.36301],[139.5596,35.36308],[139.5602,35.36318],[139.56099,35.36349],[139.5616,35.36382],[139.56186,35.36412],[139.56183,35.3643],[139.56162,35.36469],[139.56169,35.36499],[139.56165,35.3651],[139.56153,35.36521],[139.56087,35.36557],[139.56075,35.36572],[139.56069,35.36587],[139.56071,35.36604],[139.56082,35.36623],[139.56125,35.36643],[139.56144,35.36667],[139.56152,35.36707],[139.56146,35.36753],[139.56125,35.36782],[139.56058,35.36806],[139.56041,35.36825],[139.56042,35.36836],[139.56054,35.36846],[139.56097,35.36852],[139.5612,35.36865],[139.56131,35.3688],[139.56141,35.36913],[139.56136,35.36963],[139.56107,35.37049],[139.56105,35.37096],[139.56112,35.37144],[139.56103,35.37176],[139.56086,35.37187],[139.56023,35.37196],[139.56014,35.37203],[139.5601,35.3722],[139.55997,35.37231],[139.55901,35.37265],[139.55862,35.37288],[139.55849,35.37307],[139.55844,35.37359],[139.55835,35.37388],[139.55818,35.37406],[139.55782,35.37415],[139.55773,35.37422],[139.55765,35.37443],[139.55762,35.37474],[139.55753,35.37489],[139.55738,35.37499],[139.5569,35.37504],[139.55664,35.37514],[139.55655,35.37525],[139.55646,35.3756],[139.55634,35.37568],[139.55584,35.37577],[139.55575,35.37587],[139.55571,35.37609],[139.55562,35.37622],[139.55541,35.37632],[139.55498,35.37637],[139.55378,35.37638],[139.55342,35.37765],[139.55315,35.37825],[139.55286,35.3785],[139.55255,35.37857],[139.55224,35.37857],[139.55193,35.3785],[139.5517,35.37837],[139.55159,35.37818],[139.55156,35.37795],[139.5514,35.37779],[139.5508,35.3777],[139.55047,35.3776],[139.54986,35.37728],[139.54894,35.37668],[139.54852,35.37649],[139.54813,35.37639],[139.54762,35.37637],[139.54722,35.37643],[139.5468,35.37665],[139.54666,35.37666],[139.54645,35.37651],[139.54609,35.37605],[139.54591,35.37595],[139.54572,35.37591],[139.54529,35.37598],[139.54505,35.37621],[139.54483,35.37632],[139.54449,35.37636],[139.54412,35.37632],[139.54386,35.3762],[139.54368,35.3759],[139.5435,35.37574],[139.54285,35.37561],[139.54276,35.37537],[139.54265,35.37528],[139.54153,35.37495],[139.5414,35.3748],[139.54143,35.37465],[139.54153,35.37457],[139.54181,35.37452],[139.54186,35.37444],[139.54177,35.37403],[139.54179,35.37393],[139.54187,35.37388],[139.5421,35.37385],[139.54186,35.37371],[139.54174,35.37356],[139.54168,35.37335],[139.54171,35.37313],[139.54181,35.373],[139.54223,35.3729],[139.54236,35.37277],[139.54241,35.37262],[139.54231,35.37249],[139.54196,35.37235],[139.54182,35.37222],[139.54173,35.37204],[139.54168,35.37155],[139.54161,35.37138],[139.54151,35.37141],[139.54112,35.37174],[139.54079,35.37183],[139.54052,35.37184],[139.54027,35.37178],[139.53996,35.37152],[139.53969,35.37093],[139.53967,35.37058],[139.53977,35.37043],[139.54015,35.37024],[139.54041,35.3699],[139.54073,35.36903],[139.54079,35.36865],[139.54076,35.36849],[139.54054,35.36828],[139.54029,35.36823],[139.5401,35.3683],[139.54004,35.36854],[139.53992,35.36864],[139.53959,35.36868],[139.53939,35.36861],[139.53922,35.36844],[139.53903,35.36809],[139.53868,35.3671],[139.53816,35.36695],[139.53796,35.36685],[139.53774,35.36658],[139.53769,35.36634],[139.53779,35.36613],[139.53814,35.36589],[139.53833,35.36569],[139.5385,35.36514],[139.53878,35.36506],[139.53885,35.36499],[139.53881,35.36423],[139.53897,35.36389],[139.53934,35.36341],[139.53933,35.36329],[139.53903,35.36332],[139.53876,35.36358],[139.53858,35.36365],[139.53797,35.36372],[139.53743,35.3637],[139.5372,35.36365],[139.53707,35.36357],[139.53698,35.36337],[139.53683,35.36331],[139.53627,35.36327],[139.53595,35.36331],[139.53554,35.36348],[139.53498,35.36396],[139.53475,35.36411],[139.53436,35.36426],[139.53409,35.3643],[139.53386,35.36427],[139.53366,35.36416],[139.53335,35.36378],[139.53307,35.3636],[139.53284,35.36357],[139.53245,35.36363],[139.53215,35.36362],[139.53202,35.36356],[139.53181,35.36333],[139.53151,35.36325],[139.53119,35.36339],[139.53043,35.36407],[139.52997,35.36419],[139.52986,35.36447],[139.52976,35.36442],[139.52952,35.36417],[139.52942,35.36414],[139.52936,35.36422],[139.52933,35.36468],[139.52925,35.36495],[139.52909,35.36505],[139.52885,35.36501],[139.52757,35.36431],[139.52725,35.36423],[139.52704,35.36429],[139.52687,35.36428],[139.52658,35.36399],[139.52612,35.36385],[139.52605,35.3637],[139.52606,35.36339],[139.52617,35.36322],[139.5264,35.36305],[139.52575,35.36298],[139.52554,35.36286],[139.52549,35.36272],[139.52558,35.36219],[139.52585,35.36142],[139.52586,35.36113],[139.52576,35.36089],[139.52512,35.36035],[139.525,35.36018],[139.52491,35.35985],[139.52472,35.3597],[139.52414,35.35949],[139.52307,35.35924],[139.52266,35.35899],[139.5226,35.35878],[139.52273,35.35848],[139.52294,35.35826],[139.52329,35.35812],[139.52333,35.35804],[139.52322,35.35796],[139.52266,35.35773],[139.52242,35.35758],[139.52223,35.35731],[139.52216,35.35695],[139.52204,35.35692],[139.52195,35.35695],[139.5213,35.35738],[139.52084,35.35755],[139.52034,35.35759],[139.52007,35.35752],[139.51998,35.35744],[139.51986,35.35722],[139.51985,35.35707],[139.51989,35.3567],[139.52005,35.3562],[139.52028,35.35582],[139.52048,35.35564],[139.52084,35.35542],[139.52185,35.35513],[139.52177,35.35507],[139.52112,35.35495],[139.52088,35.35486],[139.52078,35.35474],[139.52078,35.35467],[139.52093,35.35444],[139.52094,35.35428],[139.52084,35.35422],[139.52043,35.35417],[139.52031,35.35406],[139.52031,35.35391],[139.52038,35.35381],[139.52085,35.35359],[139.52101,35.35338],[139.52095,35.35252],[139.52104,35.35221],[139.52121,35.35195],[139.52122,35.35178],[139.52104,35.35152],[139.52067,35.35126],[139.52037,35.35094],[139.52003,35.35008],[139.51992,35.34993],[139.51963,35.3497],[139.51958,35.34945],[139.51961,35.34921],[139.51978,35.34873],[139.52001,35.34848],[139.52031,35.34843],[139.52099,35.34867],[139.5213,35.34863],[139.52151,35.34851],[139.52178,35.34826],[139.52193,35.348],[139.52197,35.34775],[139.52191,35.34757],[139.52176,35.34738],[139.52103,35.34684],[139.52034,35.34654],[139.51968,35.34638],[139.51936,35.3462],[139.51923,35.34593],[139.51928,35.34558],[139.51944,35.34552],[139.51978,35.34565],[139.52029,35.34622],[139.52053,35.34631],[139.52088,35.34633],[139.52054,35.3459],[139.52047,35.34573],[139.52052,35.34559],[139.52073,35.34547],[139.52073,35.34538],[139.52038,35.34515],[139.52026,35.3448],[139.51978,35.34458],[139.51954,35.3444],[139.51942,35.34418],[139.51924,35.34362],[139.51918,35.34438],[139.51905,35.3445],[139.51879,35.34449],[139.51858,35.34436],[139.51815,35.34395],[139.51787,35.34385],[139.51757,35.34382],[139.5173,35.34366],[139.5168,35.34289],[139.51659,35.34273],[139.5164,35.3427],[139.51627,35.34264],[139.5162,35.34239],[139.51605,35.34216],[139.51545,35.34165],[139.51509,35.34149],[139.51466,35.34139],[139.51344,35.34133],[139.51313,35.34128],[139.51296,35.3412],[139.51285,35.3409],[139.51237,35.34041],[139.51223,35.34016],[139.51212,35.33964],[139.51211,35.33899],[139.51224,35.33824],[139.51235,35.33792],[139.51256,35.33756],[139.5127,35.33743],[139.51286,35.33739],[139.51321,35.33752],[139.5132,35.33723],[139.51313,35.33707],[139.51266,35.33684],[139.51265,35.33655],[139.51254,35.33636],[139.51184,35.33594],[139.51197,35.33636],[139.51184,35.33651],[139.5117,35.33655],[139.51072,35.33661],[139.50995,35.33656],[139.50956,35.3365],[139.50928,35.33641],[139.50901,35.33624],[139.50886,35.33607],[139.5088,35.33585],[139.50869,35.33575],[139.50766,35.33547],[139.50747,35.33533],[139.50737,35.33509],[139.50725,35.33504],[139.50681,35.33499],[139.50666,35.33486],[139.50662,35.33464],[139.50667,35.33441],[139.50704,35.33394],[139.50699,35.33383],[139.50687,35.33377],[139.50691,35.33372],[139.50787,35.33368],[139.50993,35.33368],[139.50974,35.3334],[139.50959,35.3333],[139.50874,35.33319],[139.50905,35.33295],[139.50909,35.33269],[139.50893,35.33256],[139.50849,35.33242],[139.50829,35.33231],[139.50819,35.33201],[139.50825,35.33173],[139.50853,35.33118],[139.50873,35.33099],[139.50903,35.33091],[139.5091,35.33075],[139.50906,35.33036],[139.50872,35.32992],[139.50872,35.32971],[139.50888,35.32946],[139.50908,35.32927],[139.50962,35.3291],[139.50967,35.32892],[139.50962,35.32879],[139.50918,35.32865],[139.50892,35.32826],[139.50879,35.32815],[139.5086,35.32807],[139.5081,35.32803],[139.50777,35.32793],[139.50759,35.32782],[139.50721,35.32744],[139.50674,35.32723],[139.50652,35.32722],[139.50628,35.32726],[139.5059,35.32743],[139.50545,35.32774],[139.5052,35.32813],[139.50473,35.3281],[139.50399,35.32785],[139.50369,35.32767],[139.50347,35.32744],[139.50323,35.32692],[139.50323,35.32662],[139.5035,35.32629],[139.50361,35.32603],[139.50363,35.32572],[139.50351,35.32551],[139.50318,35.32548],[139.50252,35.32562],[139.502,35.32554],[139.50166,35.32537],[139.50121,35.32506],[139.50095,35.3248],[139.50086,35.32456],[139.50073,35.32446],[139.49945,35.32416],[139.49909,35.32396],[139.49886,35.32372],[139.49857,35.32353],[139.49821,35.32341],[139.49797,35.32339],[139.49784,35.32355],[139.49782,35.32369],[139.49788,35.3241],[139.49812,35.32497],[139.49815,35.32552],[139.49812,35.32577],[139.49794,35.32624],[139.4978,35.32645],[139.49729,35.32697],[139.49694,35.32722],[139.49643,35.32743],[139.49596,35.32747],[139.49574,35.32743],[139.49558,35.32733],[139.49538,35.32702],[139.49519,35.3269],[139.49445,35.32671],[139.49409,35.32653],[139.49394,35.32636],[139.49372,35.32589],[139.49356,35.32576],[139.49342,35.32574],[139.49319,35.32585],[139.49298,35.32621],[139.49272,35.3265],[139.49174,35.32722],[139.49155,35.32745],[139.49153,35.32757],[139.49178,35.32806],[139.49227,35.32868],[139.49265,35.32903],[139.49308,35.32925],[139.49322,35.32938],[139.49327,35.32976],[139.49313,35.33036],[139.49311,35.33075],[139.49324,35.33105],[139.49336,35.33117],[139.49373,35.33135],[139.49441,35.33149],[139.49498,35.33153],[139.49558,35.33148],[139.49589,35.33155],[139.49643,35.33183],[139.49704,35.3323],[139.49743,35.33253],[139.49798,35.33272],[139.49833,35.33274],[139.49857,35.33287],[139.49867,35.33317],[139.49859,35.33376],[139.49809,35.33545],[139.49863,35.33462],[139.49887,35.33437],[139.49908,35.33432],[139.49928,35.33439],[139.49959,35.33471],[139.49964,35.33485],[139.49958,35.33509],[139.49962,35.3352],[139.49983,35.33537],[139.5003,35.33561],[139.50042,35.33574],[139.50046,35.33589],[139.50036,35.33613],[139.5002,35.33625],[139.49984,35.33634],[139.49937,35.33637],[139.49909,35.33653],[139.49903,35.33672],[139.49908,35.33712],[139.49903,35.33748],[139.49891,35.33768],[139.49856,35.33803],[139.49848,35.3382],[139.49848,35.33845],[139.4986,35.33868],[139.49881,35.33885],[139.49919,35.339],[139.49942,35.33918],[139.49973,35.33984],[139.4999,35.34002],[139.50019,35.34021],[139.50027,35.34048],[139.50021,35.34073],[139.50006,35.34087],[139.49935,35.34118],[139.49907,35.34144],[139.499,35.34167],[139.49906,35.34208],[139.49905,35.34232],[139.49896,35.34254],[139.4988,35.34273],[139.49826,35.34305],[139.49685,35.34344],[139.49645,35.34368],[139.49617,35.34401],[139.49608,35.34421],[139.49593,35.34492],[139.49579,35.34527],[139.49561,35.34549],[139.49549,35.34555],[139.49496,35.34562],[139.49468,35.34572],[139.49398,35.34619],[139.49341,35.34646],[139.49216,35.34679],[139.49176,35.34694],[139.49148,35.34711],[139.49124,35.34752],[139.49108,35.34764],[139.49072,35.34766],[139.4901,35.34753],[139.48988,35.34759],[139.48972,35.34775],[139.48957,35.34812],[139.48932,35.3483],[139.48895,35.34839],[139.48785,35.34836],[139.48745,35.34843],[139.48722,35.34859],[139.48717,35.34871],[139.4872,35.34918],[139.48716,35.34945],[139.48704,35.34966],[139.48683,35.34981],[139.48609,35.35002],[139.48502,35.3501],[139.48483,35.35016],[139.48463,35.35036],[139.48445,35.35043],[139.484,35.35037],[139.48385,35.35041],[139.48389,35.35089],[139.48382,35.35095],[139.48356,35.351],[139.48355,35.3511],[139.48363,35.35134],[139.48354,35.3514],[139.48326,35.35145],[139.48317,35.35166],[139.48347,35.3521],[139.48459,35.35324],[139.48474,35.35358],[139.48461,35.35366],[139.48416,35.35362],[139.48401,35.35351],[139.48398,35.35336],[139.48391,35.35325],[139.48363,35.35322],[139.48354,35.35335],[139.48361,35.35382],[139.48357,35.35399],[139.48335,35.35417],[139.48297,35.35425],[139.48276,35.35421],[139.4826,35.35411],[139.4824,35.35376],[139.48235,35.35405],[139.48232,35.35509],[139.4822,35.35564],[139.48206,35.3558],[139.48161,35.35576],[139.48143,35.35583],[139.48129,35.35606],[139.48123,35.35643],[139.48126,35.35666],[139.48135,35.35678],[139.48197,35.35709],[139.48213,35.35742],[139.48285,35.35757],[139.48349,35.358],[139.4837,35.35827],[139.48382,35.35859],[139.48386,35.35897],[139.48379,35.35961],[139.4838,35.36006],[139.48387,35.36024],[139.48412,35.36045],[139.48414,35.36064],[139.48392,35.36103],[139.48341,35.3614],[139.48329,35.36154],[139.48354,35.36179],[139.48359,35.36213],[139.48348,35.36284],[139.48328,35.36343],[139.48295,35.36387],[139.48274,35.36399],[139.48238,35.36407],[139.48229,35.36422],[139.48232,35.36436],[139.48238,35.3644],[139.48275,35.36432],[139.48311,35.3644],[139.4834,35.36457],[139.48359,35.3648],[139.48366,35.36521],[139.48356,35.36548],[139.48341,35.36561],[139.48294,35.36576],[139.48279,35.36588],[139.48285,35.36597],[139.48331,35.36631],[139.48338,35.36648],[139.48337,35.36659],[139.48311,35.36694],[139.48271,35.36725],[139.4824,35.36737],[139.482,35.36742],[139.48186,35.36751],[139.48174,35.36777],[139.48165,35.36842],[139.48145,35.36873],[139.48092,35.36912],[139.48015,35.36937],[139.47994,35.3695],[139.47972,35.36979],[139.47945,35.37051],[139.4792,35.3708],[139.47905,35.37087],[139.47889,35.37089],[139.47841,35.37071],[139.47817,35.37073],[139.47806,35.37085],[139.47794,35.37115],[139.47776,35.3714],[139.47759,35.37151],[139.47711,35.3717],[139.47664,35.37213],[139.47627,35.37232],[139.47555,35.37247],[139.47504,35.37245],[139.47468,35.37226],[139.47425,35.37175],[139.47397,35.37166],[139.47343,35.37182],[139.47268,35.3722],[139.47242,35.37241],[139.47232,35.37264],[139.47205,35.37281],[139.47127,35.37303],[139.47086,35.37304],[139.4707,35.37299],[139.47045,35.37278],[139.47037,35.37263],[139.47019,35.37187],[139.47004,35.37161],[139.46992,35.37162],[139.46968,35.37177],[139.46948,35.37183],[139.46886,35.37186],[139.46865,35.37181],[139.46849,35.37171],[139.4682,35.37132],[139.46805,35.37128],[139.46767,35.37133],[139.46751,35.3713],[139.46738,35.37119],[139.46721,35.37081],[139.46707,35.37065],[139.46678,35.37053],[139.4663,35.37047],[139.46618,35.37037],[139.46614,35.37021],[139.46621,35.36982],[139.46616,35.36969],[139.46604,35.36962],[139.46566,35.36957],[139.46548,35.36947],[139.46491,35.36879],[139.46445,35.36862],[139.46411,35.36796],[139.46394,35.36789],[139.46365,35.36793],[139.46334,35.3678],[139.46295,35.36751],[139.46264,35.36709],[139.46249,35.36654],[139.4625,35.36574],[139.46261,35.3654],[139.46272,35.36532],[139.46285,35.3653],[139.46298,35.36511],[139.46303,35.36473],[139.46301,35.36428],[139.46291,35.36403],[139.46262,35.36392],[139.46254,35.36382],[139.46248,35.36336],[139.46236,35.36315],[139.46222,35.36308],[139.46186,35.36302],[139.46174,35.36292],[139.46167,35.36267],[139.46172,35.36233],[139.46193,35.36199],[139.46229,35.36165],[139.46276,35.36135],[139.46314,35.36125],[139.46321,35.36118],[139.46323,35.36097],[139.46314,35.36054],[139.46317,35.36034],[139.4633,35.36007],[139.46346,35.3599],[139.4639,35.35968],[139.46528,35.35932],[139.46564,35.35916],[139.46569,35.35904],[139.46557,35.3589],[139.46542,35.35881],[139.46517,35.35877],[139.46504,35.35865],[139.46499,35.35828],[139.46508,35.35804],[139.46544,35.35761],[139.46629,35.35696],[139.46665,35.35662],[139.46698,35.35612],[139.46726,35.35532],[139.46738,35.35521],[139.46751,35.35519],[139.46761,35.35512],[139.46767,35.35482],[139.46759,35.35413],[139.46768,35.35376],[139.46785,35.35364],[139.46841,35.35357],[139.46853,35.35351],[139.46859,35.35342],[139.46851,35.35328],[139.46833,35.35324],[139.46747,35.3533],[139.46705,35.35326],[139.46687,35.35316],[139.46669,35.35286],[139.46656,35.35274],[139.4661,35.35253],[139.46592,35.35237],[139.46568,35.35197],[139.46526,35.35101],[139.46489,35.35068],[139.46484,35.35042],[139.46493,35.34992],[139.46492,35.34965],[139.46484,35.34957],[139.46453,35.34948],[139.46448,35.3491],[139.46476,35.34887],[139.46448,35.34887],[139.46416,35.34732],[139.46413,35.34678],[139.46423,35.34651],[139.46442,35.34639],[139.4648,35.34636],[139.46498,35.34629],[139.46512,35.34617],[139.46526,35.34593],[139.46555,35.34571],[139.46594,35.34556],[139.46697,35.34527],[139.46701,35.34301],[139.46714,35.34219],[139.46738,35.34173],[139.46771,35.34147],[139.46828,35.34135],[139.46869,35.34135],[139.46895,35.34148],[139.46909,35.34148],[139.46929,35.34123],[139.46958,35.34047],[139.46982,35.34008],[139.47001,35.33998],[139.47038,35.34002],[139.4705,35.33997],[139.47066,35.33949],[139.47096,35.33941],[139.47057,35.33926],[139.4704,35.33915],[139.47022,35.33891],[139.47011,35.33861],[139.46999,35.33852],[139.46976,35.33861],[139.46946,35.3389],[139.46915,35.33911],[139.46884,35.33919],[139.4686,35.33916],[139.46854,35.33909],[139.4686,35.33894],[139.46893,35.33852],[139.46824,35.33865],[139.468,35.33864],[139.46788,35.33857],[139.46774,35.33813],[139.46737,35.33802],[139.46728,35.33787],[139.46737,35.33762],[139.46783,35.33739],[139.46697,35.33709],[139.4665,35.3368],[139.4663,35.33657],[139.46588,35.33591],[139.46574,35.33582],[139.46548,35.33576],[139.46538,35.33566],[139.46525,35.33541],[139.46511,35.33484],[139.4651,35.33465],[139.46517,35.33448],[139.46565,35.33414],[139.4658,35.33397],[139.46582,35.33386],[139.46576,35.3337],[139.4658,35.3336],[139.46602,35.33349],[139.46648,35.33336],[139.46661,35.33328],[139.46665,35.33318],[139.46657,35.33293],[139.46698,35.33257],[139.46703,35.33198],[139.46611,35.33155],[139.46595,35.33138],[139.46583,35.33108],[139.46504,35.33044],[139.46496,35.33015],[139.46512,35.32972],[139.46348,35.32701],[139.4633,35.32742],[139.46322,35.32754],[139.46315,35.32755],[139.4629,35.3273],[139.46203,35.32712],[139.46087,35.32659],[139.4605,35.32624],[139.46041,35.32602],[139.4604,35.32552],[139.46049,35.32523],[139.46104,35.32428],[139.46163,35.32352],[139.46189,35.3234],[139.46212,35.3234],[139.46214,35.32047],[139.46179,35.32077],[139.46167,35.32098],[139.46155,35.32181],[139.4614,35.32197],[139.46113,35.32199],[139.46095,35.32195],[139.4605,35.32176],[139.45996,35.32144],[139.45969,35.32116],[139.45966,35.32098],[139.45974,35.32077],[139.45993,35.32062],[139.46021,35.32052],[139.46037,35.32031],[139.46033,35.3193],[139.46061,35.31864],[139.46063,35.31849],[139.46058,35.31838],[139.46041,35.31824],[139.46033,35.31799],[139.46032,35.31733],[139.46037,35.31667],[139.45997,35.31674],[139.45636,35.31727],[139.4554,35.31752],[139.45501,35.3177],[139.45446,35.3178],[139.45289,35.31795],[139.4527,35.31803],[139.45179,35.31815],[139.45119,35.3181],[139.44871,35.31834],[139.44797,35.31849],[139.44729,35.31848],[139.44561,35.31878],[139.44512,35.31875],[139.44456,35.31885],[139.44418,35.3188],[139.44283,35.31897],[139.44268,35.31891],[139.44246,35.319],[139.44229,35.31896],[139.442,35.31904],[139.44168,35.31904],[139.44156,35.31896],[139.44029,35.31913],[139.43927,35.31911],[139.43913,35.31916],[139.4387,35.31909],[139.43803,35.31915],[139.43707,35.31903],[139.43661,35.31911],[139.43466,35.31907],[139.43268,35.31926],[139.4308,35.31922],[139.42953,35.3191],[139.42935,35.31905],[139.42935,35.31895],[139.42932,35.31905],[139.42923,35.31906],[139.42924,35.31892],[139.42919,35.31909],[139.42824,35.31896],[139.42789,35.31898],[139.42348,35.31836],[139.42255,35.31817],[139.42261,35.31803],[139.42252,35.31817],[139.42246,35.31814],[139.42252,35.318],[139.42244,35.31812],[139.42164,35.318],[139.41581,35.31671],[139.41512,35.31639],[139.41474,35.31612],[139.41456,35.31588],[139.41447,35.31558],[139.4145,35.31529],[139.41482,35.31528],[139.41499,35.31535],[139.41521,35.31512],[139.41486,35.31496],[139.4139,35.31508],[139.41366,35.31505],[139.41329,35.3152],[139.41324,35.31531],[139.41343,35.31545],[139.41395,35.31534],[139.4141,35.31562],[139.41409,35.31593],[139.41391,35.31626],[139.41364,35.31653],[139.41332,35.31674],[139.41262,35.31699],[139.4111,35.31736],[139.40951,35.31764],[139.40945,35.31745],[139.40937,35.31746],[139.40939,35.31767],[139.40881,35.3178],[139.40735,35.31797],[139.40723,35.31792],[139.40723,35.31799],[139.40613,35.31815],[139.40509,35.3182],[139.40508,35.31805],[139.40505,35.3182],[139.40324,35.3182],[139.40111,35.31781],[139.4011,35.31738],[139.40103,35.31778],[139.40094,35.31778],[139.40099,35.31726],[139.40093,35.3176],[139.40053,35.31756],[139.39944,35.31701],[139.39847,35.31631],[139.39916,35.31392],[139.39909,35.31391],[139.39911,35.31384],[139.39902,35.31383],[139.39893,35.31413],[139.39851,35.31404],[139.39848,35.31411],[139.39891,35.3142],[139.39825,35.31654],[139.39764,35.31642],[139.3977,35.31623],[139.39711,35.3161],[139.39773,35.31397],[139.39816,35.31405],[139.39818,35.31399],[139.39771,35.31388],[139.39761,35.31352],[139.39727,35.31308],[139.39773,35.31283],[139.40005,35.31339],[139.40009,35.31328],[139.39923,35.31308],[139.39924,35.31297],[139.39936,35.31292],[139.39936,35.31274],[139.39918,35.31284],[139.39917,35.31296],[139.39878,35.31297],[139.39899,35.31266],[139.39892,35.31259],[139.39844,35.3129],[139.39825,35.31285],[139.3982,35.31275],[139.39813,35.31275],[139.39816,35.31283],[139.39801,35.3128],[139.39804,35.3127],[139.39792,35.31278],[139.39772,35.31271],[139.39716,35.31304],[139.39759,35.31368],[139.39752,35.31371],[139.39756,35.31391],[139.39709,35.31555],[139.39681,35.3157],[139.39626,35.31593],[139.39507,35.31625],[139.39104,35.31659],[139.38965,35.31655],[139.38627,35.31626],[139.38432,35.3162],[139.3835,35.316],[139.38337,35.31577],[139.38362,35.31554],[139.38301,35.31519],[139.38051,35.31499],[139.3804,35.31513],[139.37993,35.31511],[139.3799,35.31494],[139.3788,35.31487],[139.37873,35.31499],[139.37831,35.31495],[139.37828,35.3148],[139.37781,35.31477],[139.37709,35.31474],[139.37708,35.31487],[139.37688,35.31485],[139.37687,35.31472],[139.37601,35.31467],[139.37603,35.31494],[139.37773,35.31506],[139.37753,35.31557],[139.37467,35.31535],[139.37461,35.3156],[139.3746,35.31534],[139.37451,35.31559],[139.37454,35.31533],[139.36787,35.31417],[139.36793,35.3133],[139.36754,35.31344],[139.3669,35.31334],[139.36665,35.31322],[139.36666,35.31267],[139.36385,35.31145],[139.36373,35.31161],[139.36567,35.31246],[139.36557,35.31262],[139.36562,35.31264],[139.36573,35.31249],[139.36647,35.31281],[139.36648,35.31448],[139.36625,35.31449],[139.36626,35.31431],[139.36505,35.31431],[139.36505,35.31296],[139.36529,35.31295],[139.36549,35.31285],[139.36545,35.3128],[139.36527,35.3129],[139.3645,35.3129],[139.36449,35.31296],[139.36463,35.31296],[139.36487,35.31301],[139.36487,35.31318],[139.36463,35.31321],[139.36487,35.31324],[139.36487,35.31342],[139.36463,35.31345],[139.36487,35.31348],[139.36487,35.31365],[139.36463,35.31367],[139.36487,35.31371],[139.36487,35.31389],[139.36463,35.31392],[139.36487,35.31395],[139.36487,35.31412],[139.36463,35.31416],[139.36485,35.31416],[139.36494,35.31431],[139.36401,35.31426],[139.36427,35.31431],[139.36401,35.31431],[139.36401,35.31447],[139.36386,35.31447],[139.36391,35.31376],[139.36404,35.31375],[139.36391,35.31371],[139.36392,35.31364],[139.36404,35.31363],[139.36393,35.31362],[139.36391,35.31355],[139.36404,35.31352],[139.3639,35.3135],[139.36392,35.31343],[139.36404,35.31342],[139.36393,35.31341],[139.36391,35.31333],[139.36407,35.31331],[139.36392,35.31329],[139.3639,35.31321],[139.36407,35.31319],[139.36391,35.31316],[139.3639,35.31309],[139.36407,35.31307],[139.36393,35.31306],[139.3639,35.31297],[139.36421,35.31294],[139.36385,35.3129],[139.36385,35.31269],[139.3643,35.3124],[139.3642,35.3123],[139.36372,35.3126],[139.36369,35.31464],[139.36309,35.31478],[139.36231,35.31476],[139.36145,35.31491],[139.35875,35.31508],[139.35819,35.31507],[139.35731,35.31487],[139.35568,35.31476],[139.35446,35.31449],[139.35417,35.3145],[139.35274,35.31482],[139.3517,35.31482],[139.3513,35.31478],[139.35077,35.3146],[139.34928,35.31464],[139.34866,35.3145],[139.3431,35.31409],[139.34194,35.31392],[139.3409,35.31388],[139.33773,35.31353],[139.33585,35.31315],[139.33481,35.31307],[139.33362,35.31276],[139.33159,35.31249],[139.33012,35.31219],[139.32965,35.31194],[139.32748,35.31149],[139.32601,35.3111],[139.32597,35.31119],[139.32591,35.31169],[139.32598,35.3124],[139.32593,35.31265],[139.3258,35.31281],[139.32541,35.31301],[139.32535,35.3132],[139.32543,35.31344],[139.32541,35.31363],[139.32513,35.31391],[139.32512,35.31425],[139.32533,35.31495],[139.32538,35.31535],[139.32532,35.31551],[139.32514,35.31563],[139.32501,35.31584],[139.32497,35.31645],[139.32508,35.31676],[139.32538,35.31684],[139.32548,35.31692],[139.32546,35.31719],[139.32523,35.31748],[139.32481,35.31778],[139.32445,35.31791],[139.32363,35.31801],[139.3235,35.31808],[139.32329,35.31832],[139.32292,35.31842],[139.32303,35.31854],[139.32374,35.31907],[139.32384,35.31926],[139.32379,35.31941],[139.32358,35.31949],[139.32286,35.31955],[139.32257,35.31966],[139.32235,35.3198],[139.32219,35.31983],[139.32192,35.31973],[139.32161,35.31951],[139.32134,35.31943],[139.32083,35.31944],[139.32043,35.31953],[139.31997,35.31974],[139.31979,35.31991],[139.31971,35.32012],[139.31968,35.32042],[139.31958,35.32063],[139.3194,35.32075],[139.31911,35.32081],[139.31855,35.32084],[139.31805,35.32082],[139.31759,35.32074],[139.31702,35.32054],[139.31673,35.3205],[139.31641,35.32051],[139.31591,35.32064],[139.31559,35.32066],[139.31531,35.32058],[139.31518,35.32049],[139.31473,35.31993],[139.31444,35.31973],[139.31426,35.31967],[139.31387,35.31964],[139.31281,35.31981],[139.31252,35.31979],[139.31232,35.31972],[139.3121,35.31945],[139.31194,35.31912],[139.31137,35.31761],[139.31119,35.31736],[139.31111,35.31731],[139.31096,35.31738],[139.31066,35.31774],[139.31048,35.31784],[139.31029,35.31788],[139.31001,35.31783],[139.30986,35.3177],[139.30957,35.31703],[139.30947,35.31714],[139.3094,35.31738],[139.30919,35.3176],[139.30879,35.31773],[139.30852,35.31777],[139.30783,35.31777],[139.30706,35.3177],[139.30624,35.31755],[139.30594,35.31742],[139.30556,35.31692],[139.30499,35.31648],[139.30489,35.31624],[139.30499,35.31577],[139.30538,35.31506],[139.30536,35.31482],[139.30516,35.31465],[139.30461,35.31452],[139.30446,35.31444],[139.30423,35.31421],[139.3041,35.31388],[139.30402,35.31309],[139.30387,35.31284],[139.30363,35.3127],[139.30301,35.31263],[139.30275,35.31256],[139.30255,35.31244],[139.30233,35.3122],[139.30204,35.31201],[139.30142,35.31182],[139.30121,35.31171],[139.301,35.31146],[139.30088,35.31115],[139.30074,35.31094],[139.30062,35.31087],[139.30034,35.31081],[139.30008,35.31064],[139.29979,35.31034],[139.29951,35.30996],[139.29943,35.30969],[139.29951,35.30957],[139.29982,35.30936],[139.30066,35.30896],[139.30082,35.30875],[139.30073,35.30863],[139.30043,35.30849],[139.30017,35.30844],[139.29975,35.30852],[139.29941,35.30834],[139.29935,35.30819],[139.29939,35.30801],[139.29979,35.30751],[139.30026,35.30712],[139.30074,35.30696],[139.30093,35.30641],[139.30119,35.30621],[139.30145,35.30609],[139.30201,35.30592],[139.3023,35.30591],[139.30252,35.30601],[139.30273,35.30624],[139.30293,35.30628],[139.30322,35.30623],[139.30342,35.30606],[139.30348,35.30588],[139.30341,35.30537],[139.30346,35.30504],[139.30359,35.30488],[139.30394,35.30461],[139.30406,35.30442],[139.30407,35.30435],[139.30261,35.304],[139.30191,35.30394],[139.29973,35.30332],[139.2933,35.30181],[139.29186,35.30152],[139.29131,35.30156],[139.29039,35.30145],[139.28979,35.30116],[139.28942,35.30114],[139.28918,35.30121],[139.28653,35.30066],[139.28643,35.3007],[139.28621,35.3006],[139.28562,35.30053],[139.28478,35.30029],[139.28099,35.2996],[139.2758,35.2985],[139.26956,35.29743],[139.26928,35.29729],[139.26874,35.29716],[139.26874,35.2975],[139.2688,35.29773],[139.26891,35.29792],[139.26927,35.29822],[139.26939,35.29858],[139.26943,35.29949],[139.26935,35.30074],[139.26936,35.30162],[139.26943,35.30194],[139.26977,35.30224],[139.26979,35.3024],[139.26975,35.3025],[139.2696,35.30263],[139.26922,35.30277],[139.26904,35.30291],[139.26887,35.30313],[139.26846,35.30386],[139.2682,35.30408],[139.26787,35.30422],[139.26747,35.30429],[139.26698,35.30431],[139.26669,35.30424],[139.26649,35.30404],[139.26624,35.30396],[139.26574,35.30394],[139.26548,35.304],[139.2654,35.30408],[139.26529,35.30437],[139.26501,35.30455],[139.26491,35.3047],[139.26475,35.30568],[139.2646,35.30597],[139.26436,35.30623],[139.26404,35.30646],[139.26347,35.30673],[139.26283,35.30691],[139.26196,35.30705],[139.26169,35.30715],[139.26154,35.30729],[139.26147,35.3076],[139.26138,35.30771],[139.2612,35.30782],[139.26068,35.30796],[139.26032,35.30866],[139.26009,35.30895],[139.25995,35.309],[139.25974,35.30895],[139.25945,35.30899],[139.25868,35.30936],[139.25826,35.30945],[139.25785,35.3094],[139.25754,35.30927],[139.25739,35.30908],[139.2573,35.30871],[139.25711,35.30856],[139.25691,35.3085],[139.2559,35.30841],[139.25341,35.30836],[139.25258,35.30825],[139.25204,35.30806],[139.25187,35.30793],[139.25176,35.30778],[139.25164,35.30734],[139.25151,35.30715],[139.25135,35.30704],[139.25106,35.307],[139.25092,35.30689],[139.25083,35.3067],[139.25079,35.30642],[139.25082,35.30611],[139.25095,35.30588],[139.25119,35.30573],[139.25134,35.30569],[139.2519,35.30563],[139.25214,35.30542],[139.25221,35.30525],[139.25225,35.30478],[139.25215,35.30415],[139.25198,35.30359],[139.25175,35.30318],[139.25148,35.30293],[139.25059,35.30268],[139.2501,35.30243],[139.24989,35.30251],[139.2495,35.30296],[139.24924,35.30306],[139.24891,35.30309],[139.24852,35.30305],[139.24805,35.30286],[139.24782,35.30251],[139.24778,35.30203],[139.2477,35.30176],[139.24755,35.30155],[139.24706,35.30127],[139.24677,35.30097],[139.24659,35.30055],[139.24656,35.30023],[139.24664,35.3],[139.24684,35.29985],[139.24756,35.29977],[139.24798,35.29962],[139.24822,35.2993],[139.24827,35.29893],[139.24822,35.29877],[139.2481,35.29868],[139.24754,35.29859],[139.24717,35.29837],[139.24704,35.29834],[139.24683,35.29844],[139.24662,35.29866],[139.24642,35.29878],[139.24628,35.2988],[139.24596,35.29873],[139.24552,35.29906],[139.24507,35.29909],[139.24493,35.29904],[139.24484,35.29894],[139.24478,35.29864],[139.24463,35.29842],[139.24419,35.29817],[139.24402,35.298],[139.24398,35.29776],[139.24402,35.29762],[139.24465,35.29654],[139.24482,35.2959],[139.24479,35.2955],[139.2447,35.29527],[139.24456,35.29506],[139.24413,35.29465],[139.24401,35.29439],[139.2441,35.29415],[139.24438,35.29397],[139.24445,35.29387],[139.24442,35.2933],[139.24454,35.29309],[139.24502,35.29281],[139.24579,35.29254],[139.24626,35.29233],[139.24683,35.29192],[139.24709,35.29163],[139.24628,35.29125],[139.24334,35.29018],[139.23896,35.28818],[139.23537,35.28696],[139.23355,35.28624],[139.23314,35.28616],[139.23308,35.28609],[139.23086,35.28538],[139.22875,35.28437],[139.22866,35.28514],[139.22855,35.28546],[139.22836,35.28569],[139.22823,35.28577],[139.22776,35.28589],[139.22752,35.28606],[139.2275,35.28624],[139.22771,35.28667],[139.22776,35.28696],[139.22769,35.28723],[139.22749,35.28733],[139.22687,35.28733],[139.22553,35.28707],[139.22474,35.28704],[139.22441,35.28714],[139.22407,35.28752],[139.22387,35.28764],[139.22364,35.28771],[139.22301,35.28768],[139.22273,35.28757],[139.22246,35.2874],[139.22235,35.28738],[139.22206,35.28765],[139.22176,35.28772],[139.22165,35.28762],[139.22157,35.2874],[139.22153,35.28658],[139.22145,35.28617],[139.22127,35.28591],[139.22115,35.28583],[139.22081,35.28578],[139.22006,35.28593],[139.21964,35.28612],[139.21918,35.28651],[139.219,35.28692],[139.21851,35.28665],[139.21804,35.28657],[139.21767,35.28664],[139.21705,35.28698],[139.21677,35.28702],[139.21646,35.28698],[139.21605,35.28679],[139.21574,35.28652],[139.21533,35.28584],[139.21483,35.28462],[139.21452,35.28423],[139.21431,35.28417],[139.21403,35.2843],[139.21388,35.28445],[139.21361,35.28517],[139.21345,35.28542],[139.21326,35.28555],[139.21307,35.28557],[139.21248,35.28549],[139.21163,35.28522],[139.2114,35.28505],[139.21133,35.28482],[139.21124,35.28471],[139.21101,35.28454],[139.21069,35.28439],[139.21033,35.2843],[139.20993,35.28428],[139.20951,35.28438],[139.20933,35.28457],[139.20929,35.28487],[139.20945,35.28501],[139.20992,35.28523],[139.20999,35.28538],[139.20997,35.28549],[139.20978,35.28562],[139.20907,35.28579],[139.20874,35.28593],[139.20864,35.28607],[139.20848,35.28664],[139.20814,35.28716],[139.20787,35.28738],[139.20751,35.28754],[139.20682,35.28764],[139.20592,35.28759],[139.20561,35.28749],[139.20556,35.28733],[139.20537,35.28719],[139.20466,35.28701],[139.2044,35.2869],[139.20414,35.28666],[139.20391,35.28619],[139.20376,35.28609],[139.20338,35.28603],[139.20307,35.2859],[139.20276,35.28565],[139.20238,35.28515],[139.2023,35.28494],[139.20233,35.28478],[139.20243,35.28466],[139.20272,35.28448],[139.2027,35.28442],[139.20249,35.28428],[139.20242,35.2841],[139.2024,35.28383],[139.20248,35.28302],[139.20242,35.28267],[139.20226,35.28241],[139.20214,35.28231],[139.20156,35.28205],[139.2014,35.28192],[139.20134,35.28176],[139.20141,35.28144],[139.20139,35.2813],[139.2011,35.28088],[139.20115,35.28071],[139.20135,35.28047],[139.20123,35.28041],[139.20087,35.28037],[139.20066,35.28024],[139.20051,35.27993],[139.20051,35.27951],[139.20062,35.27926],[139.20076,35.27909],[139.20144,35.27857],[139.20163,35.27833],[139.20179,35.27787],[139.20182,35.27731],[139.2019,35.27691],[139.202,35.27675],[139.20231,35.27653],[139.20252,35.27607],[139.20268,35.27592],[139.20296,35.27587],[139.20315,35.27588],[139.20455,35.27624],[139.20487,35.27628],[139.20528,35.27625],[139.20543,35.27642],[139.20558,35.27687],[139.2057,35.27692],[139.20576,35.27688],[139.20612,35.27628],[139.20563,35.27598],[139.2054,35.27581],[139.20551,35.27564],[139.20531,35.27565],[139.20473,35.27518],[139.20472,35.27507],[139.20438,35.27477],[139.20392,35.27451],[139.20303,35.27372],[139.20218,35.27313],[139.20252,35.27272],[139.20243,35.27266],[139.20233,35.27279],[139.20055,35.27162],[139.20066,35.27149],[139.20056,35.27144],[139.20047,35.27156],[139.1998,35.27117],[139.19892,35.27044],[139.19901,35.27031],[139.19891,35.27025],[139.19884,35.27035],[139.19729,35.26934],[139.19603,35.2681],[139.19419,35.26662],[139.19262,35.26558],[139.19122,35.2648],[139.18989,35.26383],[139.18876,35.26313],[139.18821,35.26265],[139.18774,35.26201],[139.18733,35.26187],[139.1866,35.26118],[139.18535,35.26074],[139.18466,35.2604],[139.18311,35.25928],[139.18201,35.25864],[139.18181,35.25862],[139.18114,35.25832],[139.18105,35.25822],[139.18035,35.25801],[139.17917,35.25753],[139.17735,35.25657],[139.17399,35.25554],[139.17243,35.2548],[139.17147,35.25421],[139.17113,35.2541],[139.17128,35.25391],[139.17112,35.25399],[139.17099,35.25382],[139.1708,35.25372],[139.17051,35.25344],[139.17038,35.25308],[139.16911,35.25238],[139.16747,35.25105],[139.16629,35.25016],[139.16583,35.24991],[139.16526,35.24938],[139.162,35.24725],[139.16166,35.24684],[139.16177,35.24671],[139.16175,35.24658],[139.16133,35.24662],[139.16002,35.24551],[139.15881,35.24461],[139.15793,35.24406],[139.15761,35.24363],[139.15794,35.24334],[139.1579,35.2432],[139.15771,35.24319],[139.15745,35.24347],[139.15707,35.24352],[139.15582,35.24295],[139.15577,35.243],[139.15551,35.2432],[139.1554,35.24345],[139.15537,35.24383],[139.15545,35.24421],[139.15564,35.24453],[139.15608,35.245],[139.15645,35.24587],[139.15676,35.24608],[139.15705,35.24613],[139.15738,35.24613],[139.15783,35.24603],[139.15816,35.24573],[139.15848,35.2457],[139.15875,35.24585],[139.15901,35.24616],[139.1591,35.24638],[139.15904,35.24662],[139.1591,35.24672],[139.15951,35.2468],[139.16058,35.24685],[139.16116,35.24701],[139.16135,35.2472],[139.1614,35.24759],[139.16149,35.24781],[139.16164,35.24796],[139.16212,35.24813],[139.16242,35.24835],[139.16255,35.24856],[139.16271,35.24906],[139.16286,35.24927],[139.16322,35.24937],[139.16341,35.24947],[139.16404,35.24993],[139.16441,35.25015],[139.16505,35.2503],[139.1651,35.25046],[139.16503,35.2507],[139.16504,35.25092],[139.16517,35.25111],[139.16532,35.25122],[139.16577,35.25134],[139.16639,35.25138],[139.16667,35.25151],[139.16673,35.25167],[139.16667,35.25199],[139.16669,35.25222],[139.16684,35.25255],[139.16731,35.25304],[139.16747,35.25314],[139.16779,35.25322],[139.16784,35.25339],[139.16776,35.25379],[139.16782,35.25398],[139.16798,35.25415],[139.16857,35.25441],[139.1688,35.25459],[139.16899,35.25497],[139.16903,35.25546],[139.16918,35.25587],[139.16937,35.25609],[139.16985,35.25648],[139.17,35.25672],[139.1701,35.25716],[139.17007,35.25761],[139.16996,35.25786],[139.16967,35.25796],[139.16959,35.25806],[139.16954,35.25832],[139.16955,35.25853],[139.16964,35.25872],[139.16979,35.25889],[139.17027,35.25914],[139.17057,35.25938],[139.1707,35.25957],[139.1708,35.2599],[139.17075,35.26035],[139.17052,35.26083],[139.17042,35.26122],[139.17027,35.26334],[139.17006,35.26398],[139.16983,35.2642],[139.16942,35.26434],[139.16901,35.26438],[139.16836,35.26431],[139.16818,35.26435],[139.16804,35.26445],[139.16793,35.26469],[139.16784,35.26526],[139.16785,35.26576],[139.16796,35.26597],[139.1682,35.26604],[139.16829,35.26611],[139.16837,35.26642],[139.16832,35.26681],[139.16824,35.26694],[139.16795,35.26717],[139.16782,35.26767],[139.16782,35.26821],[139.16789,35.26858],[139.16799,35.26871],[139.16821,35.26878],[139.16826,35.26891],[139.16823,35.26922],[139.16809,35.2696],[139.16783,35.26986],[139.16759,35.26995],[139.16733,35.26999],[139.16703,35.26995],[139.1669,35.26985],[139.16676,35.26962],[139.16647,35.2695],[139.16598,35.26949],[139.1655,35.26961],[139.16542,35.26974],[139.16545,35.26982],[139.16606,35.27032],[139.16616,35.27047],[139.16612,35.27058],[139.16572,35.27076],[139.16545,35.27093],[139.16425,35.27196],[139.16405,35.27207],[139.16372,35.27214],[139.16349,35.27226],[139.1627,35.27288],[139.16192,35.27383],[139.1606,35.2759],[139.16115,35.27568],[139.16095,35.27795],[139.16079,35.27915],[139.16037,35.28057],[139.16019,35.2822],[139.15983,35.28309],[139.1598,35.28338],[139.15989,35.28402],[139.15987,35.28437],[139.1598,35.28451],[139.15961,35.28462],[139.15948,35.28477],[139.15935,35.28529],[139.15923,35.28543],[139.15886,35.2857],[139.1587,35.28597],[139.15856,35.28636],[139.15838,35.28748],[139.1582,35.28819],[139.15803,35.28854],[139.15756,35.28922],[139.1572,35.28994],[139.15594,35.29287],[139.15526,35.29477],[139.15426,35.29808],[139.15389,35.29886],[139.15369,35.29918],[139.15324,35.29966],[139.15276,35.29998],[139.1523,35.30021],[139.15164,35.30039],[139.15091,35.30045],[139.15081,35.30049],[139.15071,35.30062],[139.15095,35.3013],[139.15086,35.30169],[139.15095,35.30175],[139.15128,35.30183],[139.15162,35.30215],[139.15183,35.30262],[139.15184,35.30305],[139.15168,35.30329],[139.15149,35.3034],[139.15112,35.30351],[139.1509,35.30372],[139.15086,35.30393],[139.15094,35.30433],[139.15108,35.30466],[139.15136,35.30505],[139.15132,35.30537],[139.15114,35.30586],[139.15044,35.30729],[139.15015,35.30799],[139.14996,35.30862],[139.14985,35.30967],[139.14974,35.31009],[139.14942,35.31058],[139.14894,35.31094],[139.14857,35.31134],[139.14841,35.31164],[139.1481,35.31258],[139.14758,35.31333],[139.14747,35.31384],[139.14754,35.31486],[139.14752,35.31516],[139.14744,35.31538],[139.14713,35.31577],[139.14691,35.31647],[139.14676,35.31676],[139.14665,35.31687],[139.14635,35.31705],[139.14595,35.31716],[139.14527,35.31717],[139.14476,35.317],[139.14428,35.31656],[139.14415,35.31654],[139.14382,35.31667],[139.14319,35.31732],[139.14257,35.31826],[139.14225,35.31898],[139.14222,35.31917],[139.14225,35.3196],[139.14214,35.31979],[139.1419,35.31991],[139.14108,35.31998],[139.14079,35.32008],[139.14066,35.32027],[139.14068,35.32055],[139.14078,35.32087],[139.14077,35.32101],[139.14067,35.32125],[139.14043,35.32143],[139.13972,35.32168],[139.13947,35.32189],[139.13948,35.32213],[139.1396,35.32226],[139.13978,35.32233],[139.1402,35.32233],[139.14083,35.32218],[139.14122,35.322],[139.14161,35.32166],[139.14176,35.32136],[139.14184,35.32092],[139.14211,35.32062],[139.14244,35.32044],[139.1431,35.32021],[139.14338,35.3202],[139.14352,35.32032],[139.14349,35.32056],[139.14319,35.32118],[139.14291,35.32152],[139.14262,35.32179],[139.1425,35.322],[139.14245,35.32223],[139.14249,35.32278],[139.14236,35.32309],[139.14208,35.32344],[139.14111,35.3242],[139.14048,35.32482],[139.14016,35.32525],[139.13953,35.32635],[139.13921,35.32677],[139.13844,35.32759],[139.13813,35.3281],[139.13782,35.32906],[139.13754,35.33095],[139.13742,35.33123],[139.13713,35.33148],[139.13698,35.33223],[139.13685,35.33246],[139.13667,35.33265],[139.13659,35.33283],[139.13658,35.33321],[139.13666,35.33385],[139.13656,35.33433],[139.13643,35.33451],[139.13612,35.33474],[139.13565,35.33494],[139.13507,35.33512],[139.13477,35.33528],[139.13447,35.33561],[139.13426,35.33611],[139.134,35.33632],[139.13317,35.33643],[139.1327,35.3367],[139.13249,35.33674],[139.13236,35.33671],[139.13218,35.3366],[139.13207,35.33644],[139.13203,35.33614],[139.1319,35.33605],[139.13151,35.33606],[139.13076,35.33621],[139.13035,35.33617],[139.13016,35.33605],[139.13003,35.33588],[139.12986,35.33547],[139.12991,35.33527],[139.13022,35.33503],[139.13006,35.3349],[139.12949,35.33467],[139.12928,35.3345],[139.12917,35.3343],[139.1292,35.3339],[139.12912,35.33368],[139.129,35.33359],[139.1286,35.33346],[139.12762,35.3334],[139.12701,35.33328],[139.12677,35.33317],[139.12659,35.33301],[139.12645,35.33281],[139.12631,35.33231],[139.12631,35.33173],[139.12623,35.33111],[139.12614,35.33088],[139.12583,35.3306],[139.12578,35.33031],[139.12591,35.33004],[139.12633,35.32985],[139.12645,35.32974],[139.12651,35.3295],[139.12644,35.32918],[139.12645,35.32894],[139.12652,35.32883],[139.12684,35.32862],[139.12689,35.32836],[139.12681,35.32822],[139.12652,35.32804],[139.12638,35.3279],[139.12597,35.32708],[139.12573,35.32676],[139.12555,35.32665],[139.12515,35.32659],[139.12482,35.32633],[139.12464,35.326],[139.12463,35.32578],[139.12473,35.32555],[139.12493,35.32533],[139.12521,35.32512],[139.12553,35.32497],[139.12615,35.32484],[139.1272,35.32484],[139.12727,35.32294],[139.1274,35.32262],[139.12768,35.32254],[139.12777,35.32233],[139.1277,35.32216],[139.12758,35.32205],[139.12731,35.32188],[139.12713,35.32183],[139.12692,35.32191],[139.12674,35.32228],[139.12661,35.32244],[139.12631,35.32256],[139.12569,35.32253],[139.12549,35.32247],[139.12519,35.32229],[139.12506,35.3223],[139.12492,35.3224],[139.1245,35.32299],[139.12422,35.32317],[139.12384,35.3233],[139.12316,35.32338],[139.12263,35.32337],[139.12239,35.3233],[139.12207,35.32312],[139.12176,35.32308],[139.12137,35.32313],[139.12108,35.32321],[139.12062,35.32342],[139.11962,35.32398],[139.11917,35.3241],[139.11877,35.32412],[139.11851,35.32418],[139.11842,35.32426],[139.11833,35.32449],[139.11765,35.32463],[139.11752,35.32493],[139.11732,35.32514],[139.11695,35.32538],[139.11656,35.32553],[139.11622,35.32551],[139.11591,35.32538],[139.11564,35.32533],[139.11548,35.32537],[139.11502,35.32562],[139.11437,35.3257],[139.11419,35.32581],[139.11405,35.32596],[139.11385,35.32604],[139.11315,35.32611],[139.11252,35.32607],[139.11216,35.32594],[139.11207,35.3258],[139.11203,35.32559],[139.11194,35.32552],[139.1115,35.32555],[139.11119,35.32541],[139.11099,35.3252],[139.11068,35.32473],[139.11034,35.32441],[139.11008,35.32431],[139.10968,35.32429],[139.10925,35.32439],[139.10895,35.3246],[139.10878,35.32486],[139.10857,35.32549],[139.10839,35.32585],[139.10803,35.32623],[139.10769,35.3264],[139.10731,35.32644],[139.1068,35.3263],[139.10649,35.32609],[139.10599,35.32547],[139.10578,35.32539],[139.10554,35.32539],[139.10439,35.32558],[139.10403,35.32575],[139.1037,35.32605],[139.10342,35.32621],[139.10265,35.3263],[139.10237,35.32637],[139.10155,35.32678],[139.10119,35.3269],[139.10097,35.32693],[139.10068,35.32691],[139.10034,35.32678],[139.1001,35.32654],[139.10005,35.32629],[139.10014,35.32579],[139.10009,35.32566],[139.09997,35.32559],[139.09978,35.32557],[139.0995,35.32564],[139.09925,35.32579],[139.09903,35.32602],[139.0987,35.32618],[139.09842,35.32623],[139.09794,35.32623],[139.09768,35.32617],[139.09749,35.32608],[139.0973,35.32578],[139.09712,35.32566],[139.09637,35.3257],[139.09567,35.32558],[139.0949,35.32529],[139.09478,35.32518],[139.09473,35.32502],[139.09465,35.32498],[139.09439,35.32502],[139.09386,35.3252],[139.09344,35.32524],[139.09291,35.32515],[139.09266,35.325],[139.09255,35.32478],[139.09258,35.32455],[139.09269,35.32438],[139.09297,35.3242],[139.09296,35.32414],[139.09275,35.324],[139.09267,35.32384],[139.09266,35.32344],[139.09278,35.32289],[139.09293,35.32262],[139.09316,35.32245],[139.09345,35.32238],[139.09377,35.32237],[139.09406,35.32221],[139.09412,35.32202],[139.09405,35.32151],[139.09407,35.32133],[139.09415,35.3212],[139.09435,35.32105],[139.09396,35.32086],[139.09382,35.32069],[139.09371,35.32029],[139.09365,35.31957],[139.09353,35.31927],[139.09335,35.31903],[139.09271,35.31854],[139.09261,35.31829],[139.09274,35.3181],[139.09318,35.31793],[139.09345,35.31775],[139.09403,35.31706],[139.09417,35.31699],[139.09442,35.31696],[139.09454,35.31683],[139.0945,35.3166],[139.09437,35.31653],[139.09418,35.31652],[139.09406,35.31642],[139.094,35.31606],[139.09388,35.31584],[139.09332,35.31538],[139.0932,35.31511],[139.09319,35.31489],[139.09325,35.3147],[139.09337,35.31458],[139.09356,35.31451],[139.09393,35.31449],[139.09411,35.31443],[139.0941,35.31435],[139.0938,35.31398],[139.09375,35.31375],[139.09378,35.31352],[139.09389,35.31335],[139.09413,35.3132],[139.09422,35.31308],[139.09432,35.31251],[139.09442,35.31226],[139.09484,35.31197],[139.09528,35.31183],[139.09611,35.3117],[139.09693,35.31166],[139.098,35.31173],[139.09856,35.31166],[139.09878,35.31152],[139.09911,35.31094],[139.09976,35.31046],[139.10015,35.30997],[139.10032,35.30984],[139.10055,35.30984],[139.10068,35.30989],[139.10171,35.31061],[139.10191,35.3107],[139.10213,35.3107],[139.10234,35.31058],[139.10272,35.3101],[139.10301,35.3099],[139.10367,35.30962],[139.10498,35.3092],[139.1054,35.30895],[139.10566,35.30859],[139.10598,35.30849],[139.10625,35.30851],[139.10637,35.30856],[139.10646,35.30879],[139.10657,35.30886],[139.10724,35.3088],[139.10789,35.30898],[139.10812,35.30913],[139.1083,35.30934],[139.10844,35.30961],[139.10857,35.31009],[139.10886,35.31047],[139.10935,35.31073],[139.10989,35.31086],[139.1102,35.31086],[139.11028,35.31079],[139.11036,35.31055],[139.11065,35.31037],[139.11075,35.3102],[139.11083,35.3098],[139.11089,35.30894],[139.11103,35.30862],[139.11123,35.30844],[139.11152,35.30834],[139.11215,35.30828],[139.11238,35.30821],[139.11266,35.308],[139.11296,35.30763],[139.11313,35.30756],[139.11332,35.30756],[139.11379,35.30774],[139.11435,35.30779],[139.11535,35.3077],[139.11583,35.30752],[139.11596,35.30735],[139.11592,35.30703],[139.11601,35.30684],[139.11636,35.30661],[139.11708,35.30635],[139.11731,35.30617],[139.11744,35.30594],[139.11746,35.30553],[139.11735,35.30517],[139.11669,35.30442],[139.11654,35.3041],[139.11646,35.30376],[139.11647,35.30342],[139.11659,35.30298],[139.11679,35.30268],[139.11703,35.30252],[139.11599,35.3024],[139.1156,35.30224],[139.1153,35.30198],[139.11516,35.30176],[139.11507,35.30149],[139.11496,35.30052],[139.11486,35.30037],[139.11467,35.30026],[139.1145,35.30008],[139.11434,35.29969],[139.11433,35.29948],[139.11443,35.29918],[139.11478,35.29884],[139.11489,35.29865],[139.11486,35.29856],[139.11469,35.29846],[139.11461,35.29831],[139.11463,35.2981],[139.1148,35.29783],[139.11497,35.29773],[139.11531,35.29766],[139.11573,35.29728],[139.11591,35.29718],[139.11625,35.29714],[139.11682,35.29721],[139.11698,35.29713],[139.117,35.29703],[139.11692,35.29686],[139.11645,35.29652],[139.11625,35.29631],[139.11618,35.29608],[139.11622,35.29592],[139.11653,35.29577],[139.11787,35.29567],[139.11828,35.2955],[139.11839,35.29532],[139.11836,35.29499],[139.11826,35.2947],[139.118,35.29427],[139.11798,35.29413],[139.11804,35.294],[139.11816,35.29388],[139.11842,35.29376],[139.11888,35.29369],[139.11948,35.29376],[139.1199,35.29398],[139.11996,35.29381],[139.11988,35.29322],[139.11994,35.29278],[139.12015,35.2924],[139.12056,35.29204],[139.12087,35.29191],[139.12117,35.29191],[139.12146,35.29201],[139.12171,35.29224],[139.12202,35.29228],[139.12248,35.29223],[139.12278,35.29208],[139.1229,35.29196],[139.12316,35.2914],[139.1233,35.29062],[139.12348,35.29003],[139.12365,35.28977],[139.12393,35.28957],[139.12409,35.28934],[139.12405,35.28862],[139.12413,35.28855],[139.12431,35.28853],[139.12444,35.28847],[139.12455,35.28814],[139.12491,35.28785],[139.12496,35.28756],[139.12488,35.2868],[139.12494,35.28653],[139.12506,35.28631],[139.12534,35.28605],[139.12554,35.28576],[139.12567,35.28515],[139.12588,35.28498],[139.12666,35.28488],[139.12699,35.2846],[139.12715,35.28454],[139.12818,35.28445],[139.12841,35.28438],[139.12857,35.28427],[139.12871,35.2839],[139.12902,35.28381],[139.12912,35.28369],[139.1292,35.28332],[139.12925,35.28255],[139.12941,35.28196],[139.12979,35.28119],[139.13011,35.28076],[139.13032,35.28056],[139.13062,35.2804],[139.13085,35.28042],[139.13096,35.28054],[139.13114,35.28095],[139.1313,35.28113],[139.13189,35.28147],[139.13208,35.28163],[139.13219,35.28184],[139.13226,35.28236],[139.13237,35.28255],[139.13269,35.28271],[139.13301,35.28273],[139.13329,35.28267],[139.13348,35.28252],[139.13359,35.28229],[139.13365,35.28182],[139.1338,35.28159],[139.13392,35.28151],[139.13425,35.28141],[139.1351,35.28137],[139.13546,35.28129],[139.13555,35.2812],[139.13563,35.28095],[139.13582,35.28073],[139.13613,35.28049],[139.13641,35.28038],[139.13691,35.28028],[139.13764,35.28026],[139.13795,35.28017],[139.13816,35.2798],[139.13859,35.27952],[139.13873,35.27937],[139.13882,35.27919],[139.13888,35.27878],[139.13895,35.27857],[139.13905,35.2785],[139.13928,35.27846],[139.139,35.27828],[139.1389,35.27811],[139.13889,35.27779],[139.13901,35.27754],[139.13924,35.27729],[139.13956,35.27706],[139.13993,35.27689],[139.14045,35.27674],[139.14075,35.27653],[139.14088,35.27632],[139.14101,35.27592],[139.1412,35.27557],[139.14165,35.2751],[139.14177,35.27491],[139.14182,35.27461],[139.14175,35.27409],[139.14184,35.27386],[139.1422,35.27361],[139.14285,35.27352],[139.14311,35.27333],[139.14321,35.27309],[139.1432,35.2729],[139.14282,35.27256],[139.14276,35.27218],[139.14264,35.27196],[139.14223,35.27165],[139.14216,35.27152],[139.14218,35.27138],[139.1425,35.27104],[139.1426,35.27082],[139.14262,35.27056],[139.14247,35.26989],[139.14261,35.26947],[139.14277,35.26923],[139.14358,35.26841],[139.14491,35.26741],[139.1456,35.26707],[139.14603,35.26701],[139.14624,35.26693],[139.1464,35.26677],[139.1466,35.26628],[139.14678,35.26608],[139.14721,35.26593],[139.14792,35.26589],[139.14818,35.26581],[139.14817,35.26549],[139.14832,35.26532],[139.14875,35.26502],[139.14886,35.2648],[139.14888,35.26464],[139.14878,35.26439],[139.14854,35.26405],[139.14724,35.26259],[139.14693,35.26208],[139.14694,35.26188],[139.14711,35.26168],[139.14716,35.26149],[139.14708,35.26074],[139.1471,35.26054],[139.14718,35.26037],[139.14735,35.2602],[139.14736,35.26006],[139.1468,35.25977],[139.14633,35.25922],[139.14608,35.2591],[139.14556,35.25908],[139.14469,35.25923],[139.14428,35.25923],[139.14413,35.25916],[139.14392,35.25895],[139.14361,35.25889],[139.14349,35.25873],[139.14344,35.25827],[139.14352,35.25791],[139.14364,35.25772],[139.144,35.25746],[139.14419,35.25723],[139.14429,35.25672],[139.14441,35.25648],[139.14455,35.25637],[139.14491,35.25622],[139.14503,35.25609],[139.14511,35.25581],[139.14506,35.25559],[139.1448,35.2554],[139.14434,35.25524],[139.1429,35.25498],[139.14233,35.25483],[139.14197,35.25465],[139.14187,35.25455],[139.14182,35.25433],[139.14188,35.25401],[139.1422,35.25347],[139.14229,35.25318],[139.14223,35.25275],[139.14211,35.2526],[139.1418,35.25256],[139.14098,35.25287],[139.14061,35.25296],[139.14022,35.25301],[139.13962,35.25301],[139.13932,35.25296],[139.1391,35.25285],[139.13893,35.25263],[139.13882,35.25234],[139.13779,35.25204],[139.13746,35.25187],[139.13732,35.25169],[139.13734,35.25127],[139.13717,35.25096],[139.13691,35.25077],[139.13592,35.25029],[139.13553,35.24996],[139.1353,35.25004],[139.13512,35.25023],[139.13501,35.25048],[139.13493,35.25107],[139.1348,35.25125],[139.13459,35.25133],[139.13431,35.25132],[139.13408,35.25126],[139.13359,35.25102],[139.13339,35.25077],[139.13332,35.25035],[139.13317,35.25017],[139.13286,35.25015],[139.13261,35.25024],[139.13244,35.25047],[139.13235,35.25085],[139.13241,35.25219],[139.13239,35.25259],[139.13231,35.25286],[139.13218,35.25301],[139.13202,35.2531],[139.13146,35.2532],[139.13082,35.25313],[139.13013,35.25285],[139.12994,35.25289],[139.12977,35.25308],[139.12956,35.25317],[139.12918,35.25318],[139.12875,35.25311],[139.12855,35.25301],[139.12843,35.25289],[139.12822,35.25232],[139.12805,35.25209],[139.12775,35.25193],[139.12754,35.25188],[139.12703,35.25182],[139.12618,35.25184],[139.12556,35.25192],[139.12506,35.2521],[139.12483,35.25208],[139.12446,35.25188],[139.12373,35.25123],[139.12313,35.25102],[139.12223,35.25038],[139.12189,35.25027],[139.12155,35.2503],[139.12067,35.25082],[139.1201,35.25095],[139.1195,35.25085],[139.11898,35.25065],[139.11873,35.25051],[139.11847,35.25026],[139.11842,35.25003],[139.1186,35.24983],[139.11905,35.24958],[139.11915,35.24942],[139.11914,35.24923],[139.11898,35.24891],[139.11893,35.24867],[139.11898,35.24856],[139.11929,35.24835],[139.11943,35.2481],[139.1195,35.24779],[139.11935,35.24761],[139.11881,35.24743],[139.11797,35.24731],[139.11757,35.24715],[139.11734,35.2469],[139.11729,35.24674],[139.11732,35.2462],[139.11728,35.24606],[139.11708,35.24586],[139.11692,35.2458],[139.11649,35.24577],[139.11576,35.24582],[139.11535,35.24578],[139.11525,35.2457],[139.11517,35.24545],[139.11501,35.24534],[139.11483,35.24529],[139.11473,35.24533],[139.11466,35.24558],[139.11443,35.2458],[139.11412,35.24596],[139.11374,35.246],[139.1131,35.24585],[139.11285,35.2457],[139.11272,35.24548],[139.11271,35.24522],[139.11293,35.24452],[139.11306,35.24366],[139.11307,35.24271],[139.11297,35.24188],[139.11283,35.24156],[139.11267,35.24138],[139.11184,35.24092],[139.11142,35.24053],[139.11126,35.24015],[139.11121,35.23979],[139.11122,35.23888],[139.11137,35.23855],[139.11149,35.23843],[139.11183,35.23832],[139.11204,35.23831],[139.11272,35.23843],[139.11311,35.23856],[139.11411,35.23916],[139.11493,35.23942],[139.11565,35.23956],[139.11673,35.23968],[139.11719,35.23967],[139.11745,35.23959],[139.1175,35.23944],[139.11743,35.23923],[139.11724,35.23908],[139.11686,35.23893],[139.11672,35.2388],[139.11644,35.23821],[139.11631,35.23806],[139.11615,35.23795],[139.11567,35.23775],[139.11529,35.2374],[139.11509,35.23729],[139.11462,35.23729],[139.11351,35.2376],[139.1127,35.23768],[139.11194,35.23753],[139.11175,35.23744],[139.11147,35.23719],[139.1113,35.23724],[139.11094,35.23746],[139.11057,35.23753],[139.11021,35.23748],[139.10987,35.23722],[139.10959,35.23716],[139.10718,35.23718],[139.1065,35.23705],[139.10604,35.23682],[139.10543,35.23666],[139.10403,35.23657],[139.10322,35.23644],[139.10275,35.23628],[139.10212,35.23597],[139.10154,35.23575],[139.101,35.23567],[139.10066,35.23569],[139.10032,35.23583],[139.09997,35.23608],[139.09945,35.23667],[139.09926,35.23705],[139.09927,35.23733],[139.09936,35.23743],[139.09968,35.23756],[139.1003,35.23769],[139.10054,35.23785],[139.10061,35.23795],[139.10064,35.23819],[139.10054,35.23848],[139.10032,35.23881],[139.09997,35.23919],[139.09895,35.24002],[139.09809,35.24047],[139.09718,35.2407],[139.09627,35.24074],[139.09568,35.24069],[139.09511,35.24059],[139.09456,35.24043],[139.0941,35.24021],[139.09392,35.24007],[139.09364,35.23974],[139.09355,35.23955],[139.09345,35.23911],[139.0933,35.23876],[139.09302,35.23853],[139.09262,35.23842],[139.09157,35.23844],[139.0908,35.23831],[139.0903,35.23814],[139.08985,35.2379],[139.08937,35.2375],[139.08911,35.23703],[139.08907,35.2367],[139.08911,35.2364],[139.08933,35.236],[139.0899,35.23543],[139.09006,35.23509],[139.09008,35.23487],[139.08995,35.23451],[139.08976,35.23425],[139.08901,35.2336],[139.08856,35.23335],[139.08841,35.23334],[139.0883,35.23338],[139.08819,35.23355],[139.08808,35.23418],[139.08789,35.23452],[139.08769,35.23474],[139.08746,35.23492],[139.08719,35.23505],[139.08689,35.23512],[139.08655,35.23513],[139.08617,35.23502],[139.08602,35.23486],[139.08588,35.23403],[139.08566,35.23374],[139.08556,35.23352],[139.08553,35.23266],[139.08559,35.23202],[139.08568,35.23174],[139.08583,35.2315],[139.08603,35.23131],[139.08629,35.23117],[139.0866,35.23108],[139.0874,35.23105],[139.08879,35.23119],[139.08963,35.23124],[139.09201,35.2312],[139.09271,35.23133],[139.09334,35.23158],[139.09351,35.23155],[139.09357,35.23141],[139.09352,35.23091],[139.09361,35.2307],[139.09378,35.23053],[139.09423,35.23028],[139.09433,35.23012],[139.09432,35.22993],[139.09416,35.2296],[139.09411,35.22933],[139.09416,35.22918],[139.09434,35.229],[139.09441,35.22883],[139.09443,35.2285],[139.09438,35.22823],[139.09441,35.22804],[139.09459,35.22795],[139.09472,35.22795],[139.09572,35.22824],[139.09602,35.22829],[139.09606,35.22823],[139.09602,35.22804],[139.0961,35.22788],[139.09639,35.22758],[139.09667,35.22737],[139.09697,35.22722],[139.09728,35.22712],[139.09794,35.22707],[139.09817,35.227],[139.09837,35.22679],[139.09846,35.2264],[139.09861,35.22627],[139.099,35.22619],[139.0996,35.22624],[139.09993,35.22634],[139.10033,35.22658],[139.10107,35.22667],[139.10152,35.2268],[139.10235,35.22727],[139.10286,35.22748],[139.10406,35.22764],[139.10422,35.22772],[139.10441,35.22792],[139.10457,35.22798],[139.1055,35.2281],[139.10701,35.22859],[139.10734,35.22863],[139.1079,35.22859],[139.10811,35.22862],[139.10827,35.22872],[139.10847,35.22911],[139.10864,35.22928],[139.10906,35.22947],[139.10994,35.22966],[139.11024,35.22986],[139.11039,35.2301],[139.11063,35.23023],[139.11125,35.23038],[139.11276,35.2306],[139.11368,35.23085],[139.1143,35.23107],[139.11481,35.23135],[139.11518,35.2317],[139.11542,35.23212],[139.11549,35.23236],[139.11555,35.23304],[139.11552,35.23335],[139.11545,35.23354],[139.11513,35.23377],[139.11508,35.23392],[139.11513,35.23403],[139.11555,35.23413],[139.11742,35.23422],[139.11808,35.23435],[139.11834,35.23449],[139.11857,35.23472],[139.11876,35.23484],[139.11952,35.23508],[139.11999,35.23532],[139.12045,35.23574],[139.12071,35.23616],[139.12081,35.23626],[139.12107,35.23622],[139.12158,35.23586],[139.12196,35.23569],[139.12218,35.23566],[139.12248,35.23571],[139.12263,35.23568],[139.12274,35.2355],[139.12282,35.23509],[139.12298,35.23491],[139.12321,35.23476],[139.12354,35.23465],[139.12385,35.23459],[139.12414,35.2346],[139.12439,35.23468],[139.12483,35.23507],[139.125,35.23551],[139.12545,35.23566],[139.12558,35.23601],[139.12624,35.23653],[139.12694,35.23759],[139.12755,35.23809],[139.12766,35.23837],[139.1277,35.2387],[139.12785,35.23895],[139.1283,35.23934],[139.12896,35.23978],[139.12931,35.24015],[139.12964,35.24084],[139.12977,35.24165],[139.1299,35.24211],[139.13019,35.24264],[139.13045,35.24288],[139.13083,35.24307],[139.13134,35.2432],[139.13237,35.24329],[139.13353,35.24327],[139.13446,35.2432],[139.13515,35.24305],[139.13545,35.24292],[139.13559,35.24276],[139.13561,35.24267],[139.13518,35.24197],[139.13523,35.24151],[139.13496,35.24132],[139.13483,35.24114],[139.13442,35.24005],[139.13418,35.23957],[139.134,35.23935],[139.13362,35.23909],[139.13341,35.23888],[139.13319,35.23833],[139.13317,35.23808],[139.13321,35.23797],[139.13337,35.2378],[139.13372,35.23757],[139.13388,35.23734],[139.13384,35.23659],[139.13392,35.23648],[139.13416,35.23632],[139.13423,35.23619],[139.13434,35.23555],[139.13447,35.23543],[139.13476,35.23537],[139.13484,35.23522],[139.13481,35.23506],[139.13472,35.23497],[139.13418,35.23473],[139.13387,35.23443],[139.13349,35.23382],[139.13338,35.23344],[139.13367,35.23331],[139.13359,35.23307],[139.1336,35.23287],[139.13373,35.23264],[139.13389,35.23247],[139.13414,35.23234],[139.13447,35.23224],[139.13567,35.23201],[139.13588,35.23189],[139.136,35.23159],[139.13613,35.23149],[139.13636,35.23145],[139.13708,35.23151],[139.13734,35.23148],[139.13748,35.23138],[139.13747,35.23091],[139.13762,35.23074],[139.13797,35.2307],[139.13836,35.23075],[139.1392,35.23105],[139.13926,35.231],[139.13931,35.23085],[139.13948,35.23072],[139.14052,35.23034],[139.14094,35.23013],[139.14119,35.22986],[139.14125,35.22971],[139.14125,35.22935],[139.14112,35.2288],[139.14117,35.22851],[139.14131,35.22827],[139.14195,35.22779],[139.14205,35.22754],[139.14213,35.2275],[139.14283,35.22743],[139.14189,35.22592],[139.14172,35.22515],[139.14184,35.22512],[139.14177,35.22511],[139.14175,35.22473],[139.14192,35.22413],[139.14205,35.22388],[139.14216,35.22385],[139.14211,35.22375],[139.14219,35.22341],[139.14227,35.22339],[139.1423,35.22281],[139.14255,35.22219],[139.14254,35.22161],[139.14243,35.22126],[139.14233,35.2212],[139.14243,35.22108],[139.14237,35.22077],[139.14248,35.22016],[139.14256,35.22009],[139.14265,35.22011],[139.1427,35.21999],[139.14255,35.21999],[139.14245,35.21949],[139.14257,35.21926],[139.14283,35.21928],[139.14282,35.21904],[139.14262,35.21911],[139.14284,35.21895],[139.14263,35.21886],[139.14265,35.21804],[139.14246,35.21744],[139.14237,35.21757],[139.14233,35.21704],[139.14238,35.21699],[139.14254,35.21704],[139.14256,35.21694],[139.14283,35.21704],[139.14281,35.21695],[139.14298,35.21686],[139.14286,35.2168],[139.1427,35.21688],[139.14257,35.21678],[139.14237,35.21679],[139.14234,35.21692],[139.14219,35.21695],[139.14214,35.21668],[139.1423,35.21675],[139.14252,35.21658],[139.14238,35.21648],[139.14236,35.21634],[139.142,35.21638],[139.142,35.21625],[139.14172,35.21614],[139.14162,35.21561],[139.14144,35.21555],[139.14144,35.21523],[139.14242,35.21519],[139.14252,35.21529],[139.14261,35.21524],[139.14252,35.21514],[139.14206,35.21515],[139.14196,35.21496],[139.14183,35.21499],[139.14183,35.21483],[139.14197,35.21479],[139.14188,35.21474],[139.14194,35.2143],[139.14241,35.2142],[139.14253,35.2141],[139.1423,35.21403],[139.14208,35.21405],[139.14201,35.21398],[139.14182,35.21403],[139.14155,35.21405],[139.1413,35.21395],[139.14099,35.21357],[139.14069,35.21267],[139.14049,35.21229],[139.14009,35.21189],[139.13961,35.21169],[139.13929,35.21146],[139.13919,35.21126],[139.13909,35.2107],[139.13899,35.21059],[139.13875,35.21046],[139.13865,35.21033],[139.13863,35.21017],[139.13868,35.21004],[139.13881,35.20998],[139.139,35.20996],[139.13913,35.20983],[139.13918,35.20947],[139.13908,35.20919],[139.13883,35.20901],[139.13845,35.2089],[139.13826,35.20879],[139.13811,35.20855],[139.13804,35.20817],[139.13797,35.20819],[139.13778,35.20845],[139.13758,35.20862],[139.13712,35.20874],[139.13646,35.20871],[139.13625,35.20862],[139.13606,35.20848],[139.1359,35.20828],[139.13565,35.20772],[139.13552,35.20693],[139.1354,35.20567],[139.13527,35.20513],[139.13511,35.20483],[139.13502,35.20477],[139.13482,35.20478],[139.13459,35.20491],[139.1343,35.20547],[139.13401,35.20572],[139.13368,35.2058],[139.13318,35.20569],[139.13222,35.20525],[139.13163,35.20484],[139.13143,35.20459],[139.13139,35.20447],[139.13142,35.20415],[139.13129,35.20403],[139.13082,35.20401],[139.12983,35.20416],[139.12932,35.20416],[139.1291,35.20409],[139.12894,35.2039],[139.12889,35.20364],[139.12897,35.20323],[139.12888,35.20309],[139.12871,35.20309],[139.12832,35.20323],[139.12787,35.2033],[139.12738,35.20327],[139.12692,35.20314],[139.12669,35.20299],[139.12654,35.20278],[139.12643,35.20228],[139.12645,35.20212],[139.12655,35.20203],[139.12689,35.20202],[139.12741,35.20144],[139.12759,35.20118],[139.12771,35.20084],[139.12778,35.20034],[139.12786,35.20021],[139.12808,35.20003],[139.12787,35.1999],[139.12717,35.19967],[139.12675,35.1994],[139.12658,35.19917],[139.12649,35.1989],[139.12657,35.1985],[139.12692,35.19813],[139.1275,35.19781],[139.12814,35.19756],[139.1288,35.19746],[139.12911,35.1973],[139.12958,35.19687],[139.12989,35.19624],[139.13011,35.19597],[139.13037,35.1958],[139.13107,35.19551],[139.13093,35.19495],[139.13105,35.19479],[139.13152,35.19477],[139.13228,35.19489],[139.13268,35.19487],[139.13283,35.19481],[139.13305,35.19462],[139.13324,35.19402],[139.13339,35.19373],[139.13352,35.19362],[139.13374,35.19358],[139.13409,35.19372],[139.13444,35.19406]],[[139.63593,35.14074],[139.63589,35.14073],[139.63579,35.14067],[139.63583,35.14062],[139.63593,35.14074]],[[139.63624,35.14079],[139.63611,35.14081],[139.63593,35.14074],[139.63624,35.14079]],[[139.36493,35.31296],[139.36493,35.31321],[139.36491,35.31296],[139.36493,35.31296]],[[139.03015,35.37232],[139.02977,35.37226],[139.02855,35.37254],[139.02805,35.37258],[139.02782,35.37254],[139.02766,35.37245],[139.02754,35.37232],[139.02748,35.37215],[139.02749,35.37183],[139.02757,35.37168],[139.02783,35.37155],[139.02822,35.37153],[139.02843,35.37146],[139.02859,35.37133],[139.02882,35.37094],[139.02917,35.37077],[139.03012,35.37059],[139.03208,35.37043],[139.03247,35.37035],[139.03259,35.37025],[139.03247,35.37015],[139.03215,35.3701],[139.03127,35.37014],[139.02942,35.37031],[139.02903,35.37029],[139.02886,35.37022],[139.02889,35.37011],[139.02916,35.36994],[139.03032,35.36961],[139.03058,35.36944],[139.03055,35.36933],[139.0303,35.36901],[139.03018,35.36848],[139.03006,35.36838],[139.0297,35.36823],[139.02956,35.36812],[139.02947,35.36797],[139.02944,35.36766],[139.02952,35.36749],[139.0297,35.36739],[139.02998,35.36736],[139.03068,35.36743],[139.03088,35.36739],[139.03068,35.36709],[139.03065,35.36661],[139.03079,35.36601],[139.03101,35.36565],[139.03122,35.36556],[139.03143,35.3656],[139.03182,35.36578],[139.0323,35.36607],[139.03243,35.36612],[139.03262,35.36613],[139.03273,35.366],[139.03281,35.3654],[139.033,35.36507],[139.03333,35.36491],[139.03355,35.36489],[139.03405,35.36494],[139.03419,35.36484],[139.03424,35.36461],[139.03418,35.36426],[139.03404,35.36383],[139.0338,35.36341],[139.03362,35.36327],[139.03322,35.3632],[139.03305,35.36313],[139.03255,35.36266],[139.032,35.36247],[139.03173,35.36216],[139.03156,35.36182],[139.03152,35.36137],[139.03169,35.36091],[139.03207,35.36039],[139.03261,35.3599],[139.03302,35.35974],[139.03343,35.35976],[139.0339,35.35995],[139.03431,35.36031],[139.03467,35.36037],[139.03604,35.36],[139.03649,35.35996],[139.03741,35.36002],[139.03774,35.35999],[139.03795,35.35989],[139.03804,35.35972],[139.03807,35.35951],[139.0383,35.3593],[139.03859,35.35923],[139.03917,35.35923],[139.03949,35.35931],[139.03975,35.35943],[139.04023,35.35997],[139.04032,35.35997],[139.04044,35.35983],[139.04066,35.35972],[139.041,35.35968],[139.0414,35.35973],[139.04176,35.3599],[139.04231,35.36038],[139.04257,35.36051],[139.04287,35.36058],[139.04321,35.3606],[139.04367,35.36054],[139.04394,35.36044],[139.04443,35.36015],[139.04512,35.36],[139.04665,35.35994],[139.04741,35.35998],[139.04797,35.36006],[139.04846,35.36025],[139.04863,35.36059],[139.04855,35.36088],[139.04821,35.36131],[139.04889,35.36135],[139.04911,35.36154],[139.04916,35.3617],[139.04919,35.36213],[139.04914,35.36271],[139.04901,35.36324],[139.04882,35.36366],[139.04856,35.36397],[139.0484,35.36408],[139.04788,35.36426],[139.04737,35.36421],[139.04653,35.36377],[139.04606,35.36364],[139.04564,35.36367],[139.04541,35.36376],[139.04526,35.36389],[139.04517,35.36406],[139.04511,35.36452],[139.04495,35.36494],[139.04468,35.36542],[139.04443,35.36573],[139.04413,35.36599],[139.04378,35.36621],[139.04276,35.36669],[139.04259,35.36682],[139.04246,35.36699],[139.04237,35.36734],[139.04239,35.36766],[139.04249,35.36783],[139.04273,35.36799],[139.04286,35.36833],[139.0429,35.36917],[139.04285,35.36958],[139.04264,35.36996],[139.04241,35.37006],[139.04206,35.37009],[139.04194,35.37016],[139.0419,35.37028],[139.04196,35.37052],[139.04194,35.37069],[139.04178,35.37094],[139.04159,35.37111],[139.04126,35.37128],[139.04075,35.37144],[139.03805,35.37201],[139.03716,35.37226],[139.03637,35.37254],[139.0361,35.37259],[139.03593,35.37256],[139.03572,35.37235],[139.03553,35.37224],[139.03467,35.37189],[139.03437,35.37167],[139.03436,35.3715],[139.03448,35.37136],[139.03518,35.37114],[139.03325,35.37135],[139.03297,35.37157],[139.03226,35.37319],[139.0321,35.37412],[139.03197,35.3743],[139.03173,35.37439],[139.03119,35.37436],[139.03101,35.3743],[139.03073,35.37409],[139.03063,35.37393],[139.0305,35.37352],[139.03045,35.37276],[139.03039,35.37257],[139.03015,35.37232]],[[139.09841,35.36519],[139.09829,35.36512],[139.09823,35.36492],[139.09811,35.36482],[139.09755,35.36471],[139.09743,35.36455],[139.09734,35.36412],[139.097,35.36389],[139.09693,35.36378],[139.09688,35.36349],[139.09693,35.3633],[139.09706,35.3632],[139.09737,35.36313],[139.09759,35.36281],[139.09764,35.36244],[139.09755,35.36181],[139.0976,35.36163],[139.09772,35.36148],[139.09817,35.36118],[139.09835,35.36096],[139.09846,35.36069],[139.09855,35.36011],[139.09856,35.35948],[139.09849,35.35901],[139.09819,35.35825],[139.09748,35.35714],[139.09722,35.35659],[139.09706,35.3558],[139.09714,35.35487],[139.09712,35.35456],[139.09705,35.35436],[139.09682,35.3542],[139.0967,35.35396],[139.0967,35.35371],[139.09677,35.35356],[139.09696,35.35336],[139.09739,35.35308],[139.0976,35.35267],[139.09825,35.35254],[139.09843,35.35239],[139.09855,35.35216],[139.09873,35.35207],[139.0989,35.35209],[139.09955,35.35235],[139.09993,35.35239],[139.1003,35.35236],[139.1005,35.35224],[139.1006,35.35187],[139.10069,35.35175],[139.10092,35.35162],[139.10114,35.35159],[139.10152,35.35166],[139.10239,35.35212],[139.10303,35.35233],[139.10445,35.35263],[139.10718,35.35305],[139.10798,35.35325],[139.10819,35.35341],[139.1083,35.35343],[139.10881,35.35339],[139.11,35.35313],[139.11088,35.35304],[139.11258,35.353],[139.11521,35.35308],[139.11618,35.35304],[139.11686,35.35294],[139.11765,35.35267],[139.11827,35.35259],[139.11917,35.35267],[139.11954,35.35282],[139.11959,35.35295],[139.11941,35.3532],[139.11913,35.35342],[139.11852,35.35373],[139.11837,35.35391],[139.11834,35.35429],[139.1185,35.35477],[139.11855,35.35512],[139.11849,35.35526],[139.11818,35.35548],[139.11812,35.35574],[139.118,35.35594],[139.11766,35.35626],[139.11732,35.35645],[139.11695,35.35654],[139.11617,35.35662],[139.11564,35.35686],[139.1154,35.35718],[139.11531,35.35782],[139.11505,35.35827],[139.11479,35.35839],[139.11438,35.35843],[139.11382,35.3584],[139.11277,35.35827],[139.11223,35.35825],[139.11186,35.35833],[139.11166,35.35849],[139.1116,35.35872],[139.11162,35.35896],[139.1117,35.35922],[139.11211,35.35998],[139.1122,35.36066],[139.11218,35.36121],[139.11208,35.3618],[139.11186,35.36224],[139.1117,35.36241],[139.1113,35.36264],[139.11008,35.36285],[139.10972,35.36297],[139.10945,35.36311],[139.10906,35.36353],[139.1089,35.36416],[139.10861,35.36466],[139.10838,35.36491],[139.10806,35.36509],[139.10766,35.36518],[139.10665,35.36514],[139.10597,35.36521],[139.10561,35.36535],[139.10495,35.3658],[139.10459,35.36594],[139.10439,35.3659],[139.10425,35.3658],[139.10398,35.36543],[139.10382,35.36525],[139.10362,35.36512],[139.10339,35.36505],[139.10298,35.36504],[139.10243,35.36524],[139.10174,35.36572],[139.10133,35.36593],[139.10091,35.36605],[139.1005,35.36602],[139.10009,35.36584],[139.0994,35.36537],[139.09899,35.36525],[139.09841,35.36519]],[[139.12899,35.34326],[139.12897,35.34251],[139.12906,35.34166],[139.12916,35.34141],[139.12935,35.3412],[139.12945,35.341],[139.12958,35.33987],[139.12974,35.33957],[139.12991,35.3395],[139.1302,35.33952],[139.13046,35.33961],[139.13077,35.3398],[139.13101,35.33987],[139.13134,35.33989],[139.1326,35.33982],[139.13288,35.33986],[139.13308,35.33994],[139.13338,35.34033],[139.13355,35.34098],[139.13346,35.3415],[139.13317,35.34211],[139.13273,35.34272],[139.13221,35.34314],[139.13091,35.34366],[139.13064,35.34385],[139.13022,35.34425],[139.12996,35.34442],[139.12981,35.34446],[139.12959,35.34441],[139.12951,35.34431],[139.12946,35.34405],[139.12914,35.34382],[139.12905,35.3436],[139.12899,35.34326]],[[139.1412,35.61271],[139.14155,35.61229],[139.14183,35.6117],[139.14211,35.61146],[139.14258,35.61135],[139.14289,35.61134],[139.14364,35.61142],[139.14518,35.61168],[139.14602,35.61171],[139.14628,35.6116],[139.14637,35.61147],[139.14639,35.61129],[139.14631,35.61088],[139.14641,35.61055],[139.14667,35.61034],[139.14702,35.61024],[139.14729,35.6103],[139.14773,35.61069],[139.148,35.61079],[139.14859,35.61084],[139.14956,35.61079],[139.14987,35.61083],[139.15005,35.61093],[139.1501,35.61115],[139.15025,35.61125],[139.15124,35.61099],[139.15258,35.61082],[139.1531,35.61084],[139.15331,35.61089],[139.15362,35.61105],[139.15372,35.61117],[139.15383,35.61164],[139.15374,35.61202],[139.15357,35.6122],[139.15319,35.61239],[139.153,35.61254],[139.15288,35.61272],[139.15279,35.61313],[139.15261,35.61326],[139.1521,35.61333],[139.15133,35.61327],[139.15078,35.61328],[139.15056,35.61334],[139.15038,35.61349],[139.15009,35.61359],[139.14863,35.61375],[139.14792,35.61388],[139.14728,35.61411],[139.14698,35.61426],[139.14592,35.61505],[139.14521,35.61538],[139.14434,35.6156],[139.14384,35.61567],[139.14271,35.61575],[139.14129,35.61572],[139.14062,35.61561],[139.14018,35.61544],[139.13958,35.61501],[139.13914,35.61489],[139.13902,35.6147],[139.13907,35.61433],[139.13953,35.61393],[139.13996,35.61312],[139.14012,35.61291],[139.14039,35.61277],[139.14088,35.61283],[139.1412,35.61271]],[[139.1647,35.27477],[139.16488,35.27495],[139.16498,35.27516],[139.16502,35.27548],[139.16517,35.27567],[139.16562,35.27583],[139.16595,35.27581],[139.16611,35.27571],[139.16631,35.27532],[139.16649,35.27515],[139.16675,35.27502],[139.16748,35.27487],[139.16772,35.27476],[139.16779,35.27469],[139.16783,35.27452],[139.16768,35.27421],[139.16767,35.274],[139.16777,35.27393],[139.16804,35.27391],[139.16824,35.27384],[139.16842,35.27345],[139.16894,35.27296],[139.16945,35.27265],[139.17004,35.27252],[139.17015,35.27231],[139.1701,35.27194],[139.17016,35.27167],[139.17025,35.27154],[139.17057,35.27129],[139.17202,35.27066],[139.1727,35.27029],[139.17453,35.26905],[139.17543,35.26853],[139.17591,35.26836],[139.17655,35.26829],[139.17675,35.26822],[139.17686,35.26811],[139.17696,35.26776],[139.17714,35.26754],[139.17761,35.26716],[139.17803,35.2669],[139.17851,35.26671],[139.17904,35.26659],[139.18078,35.26648],[139.18097,35.2664],[139.18107,35.26618],[139.18119,35.26607],[139.1815,35.2659],[139.18196,35.26577],[139.18258,35.26573],[139.18335,35.26579],[139.18402,35.26594],[139.18434,35.26609],[139.18471,35.2665],[139.18495,35.26665],[139.18548,35.26678],[139.18616,35.26683],[139.18653,35.26697],[139.18668,35.26708],[139.18693,35.2674],[139.18735,35.26844],[139.18749,35.26858],[139.18769,35.26863],[139.18785,35.26875],[139.18817,35.26937],[139.1884,35.2695],[139.1887,35.26954],[139.18893,35.26962],[139.18917,35.26978],[139.18957,35.27016],[139.18979,35.27047],[139.18999,35.27102],[139.19006,35.27207],[139.19021,35.27272],[139.19057,35.27326],[139.19112,35.27368],[139.19122,35.27385],[139.19123,35.27406],[139.19104,35.27458],[139.19103,35.27485],[139.1912,35.27522],[139.19155,35.27558],[139.19162,35.27572],[139.19165,35.27604],[139.19155,35.27642],[139.1913,35.27686],[139.19101,35.27726],[139.19054,35.27777],[139.19004,35.27814],[139.1896,35.27837],[139.18928,35.27845],[139.18897,35.27839],[139.18889,35.27846],[139.1889,35.27861],[139.18901,35.27872],[139.18968,35.27885],[139.19019,35.27916],[139.1907,35.27966],[139.1908,35.27987],[139.19077,35.27999],[139.19041,35.28041],[139.18967,35.28102],[139.18921,35.28134],[139.18898,35.28144],[139.18876,35.28148],[139.18862,35.28159],[139.18806,35.2826],[139.18786,35.28279],[139.18765,35.28282],[139.18748,35.28291],[139.1872,35.28331],[139.18689,35.2834],[139.18627,35.28334],[139.18591,35.28341],[139.18575,35.28355],[139.18557,35.28396],[139.18544,35.28413],[139.18518,35.28434],[139.18496,35.28444],[139.18469,35.28446],[139.18437,35.28441],[139.18343,35.2841],[139.18314,35.28408],[139.18291,35.28414],[139.18276,35.28429],[139.18263,35.28452],[139.18261,35.28466],[139.18269,35.28489],[139.18268,35.28506],[139.18248,35.28529],[139.18229,35.28537],[139.18187,35.28541],[139.18096,35.28534],[139.1807,35.28538],[139.18052,35.28547],[139.18025,35.28586],[139.18,35.28592],[139.17977,35.28582],[139.17955,35.28547],[139.1794,35.28535],[139.17904,35.28525],[139.17856,35.28525],[139.17805,35.28539],[139.17759,35.2858],[139.17746,35.28588],[139.17725,35.28591],[139.17706,35.28584],[139.17699,35.2856],[139.17691,35.28553],[139.17665,35.28546],[139.17627,35.28544],[139.17597,35.28531],[139.17584,35.28515],[139.17559,35.28456],[139.17527,35.28424],[139.17493,35.28411],[139.17447,35.28407],[139.17431,35.28398],[139.17428,35.28389],[139.17432,35.28371],[139.17447,35.2835],[139.17488,35.28312],[139.17488,35.283],[139.17464,35.28296],[139.17433,35.28307],[139.17402,35.28333],[139.17362,35.2838],[139.17336,35.28392],[139.17321,35.28389],[139.17283,35.28367],[139.17235,35.28361],[139.17221,35.28354],[139.1721,35.28333],[139.17212,35.28293],[139.17228,35.28271],[139.17265,35.28256],[139.17288,35.28238],[139.17307,35.282],[139.17304,35.28181],[139.17297,35.28174],[139.17273,35.28164],[139.17152,35.28155],[139.17103,35.28139],[139.17084,35.28115],[139.17082,35.281],[139.17089,35.28068],[139.17081,35.28053],[139.17061,35.28039],[139.16991,35.28015],[139.16964,35.28001],[139.16948,35.27979],[139.16953,35.27955],[139.16949,35.27944],[139.16928,35.27934],[139.16879,35.27928],[139.1686,35.27918],[139.16847,35.27903],[139.16835,35.27872],[139.16813,35.27851],[139.16792,35.27843],[139.16754,35.27841],[139.16732,35.27835],[139.16728,35.27827],[139.16735,35.27811],[139.16734,35.27797],[139.16697,35.27769],[139.16676,35.27723],[139.16656,35.27705],[139.16594,35.27687],[139.16431,35.27679],[139.16369,35.27666],[139.1635,35.27652],[139.16342,35.27636],[139.1632,35.27617],[139.16252,35.27591],[139.1624,35.27576],[139.16237,35.27542],[139.16245,35.27516],[139.16264,35.27496],[139.1628,35.27495],[139.16328,35.27513],[139.16334,35.27508],[139.16337,35.27494],[139.16343,35.27488],[139.16355,35.27486],[139.16408,35.27494],[139.16426,35.27487],[139.16442,35.2747],[139.16452,35.27468],[139.1647,35.27477]],[[139.18929,35.36537],[139.1895,35.3656],[139.18968,35.36568],[139.19086,35.36579],[139.19127,35.36592],[139.19153,35.36614],[139.19174,35.36656],[139.19176,35.36682],[139.19171,35.36705],[139.1914,35.36742],[139.19137,35.36753],[139.19148,35.3677],[139.19182,35.36795],[139.19191,35.36811],[139.19186,35.36883],[139.19193,35.3689],[139.19212,35.36893],[139.19233,35.36906],[139.19284,35.36982],[139.19329,35.36949],[139.19375,35.36938],[139.19435,35.36945],[139.19528,35.36975],[139.19559,35.36992],[139.19587,35.37022],[139.19623,35.3703],[139.19632,35.37038],[139.19649,35.37118],[139.19677,35.37152],[139.19686,35.37172],[139.19694,35.37253],[139.19689,35.37298],[139.19681,35.37315],[139.1967,35.37322],[139.1964,35.37329],[139.19618,35.37352],[139.19602,35.37358],[139.19566,35.37359],[139.19506,35.37351],[139.19486,35.37353],[139.19476,35.37359],[139.19473,35.37369],[139.19481,35.37382],[139.19528,35.37392],[139.1954,35.37404],[139.19545,35.37441],[139.19535,35.37495],[139.19521,35.3752],[139.19503,35.37534],[139.19479,35.37537],[139.19434,35.37534],[139.19422,35.37541],[139.19417,35.37553],[139.19423,35.37574],[139.19438,35.37582],[139.1955,35.37579],[139.19578,35.37589],[139.19594,35.37605],[139.19593,35.37618],[139.19572,35.37633],[139.19562,35.37655],[139.1955,35.37789],[139.19537,35.37829],[139.19526,35.37845],[139.19498,35.37866],[139.1944,35.37879],[139.1941,35.37895],[139.1938,35.37935],[139.19364,35.3799],[139.19342,35.38015],[139.19326,35.38023],[139.19286,35.38031],[139.19189,35.38027],[139.19159,35.38031],[139.19141,35.38041],[139.19129,35.38086],[139.19099,35.38116],[139.19059,35.38128],[139.18984,35.38134],[139.18956,35.38144],[139.18941,35.38155],[139.1893,35.38174],[139.18922,35.38202],[139.18913,35.38333],[139.18902,35.38384],[139.18884,35.38415],[139.18858,35.38432],[139.18824,35.38436],[139.18774,35.38424],[139.18748,35.38407],[139.18729,35.38377],[139.18711,35.38369],[139.18669,35.38369],[139.18611,35.38383],[139.18568,35.38387],[139.18551,35.38382],[139.18533,35.38368],[139.18498,35.3836],[139.18404,35.38353],[139.1827,35.3835],[139.18172,35.3834],[139.18133,35.38328],[139.18094,35.38293],[139.18066,35.38283],[139.18053,35.38284],[139.18044,35.38291],[139.18032,35.38343],[139.18004,35.38368],[139.17971,35.38378],[139.17926,35.38385],[139.17886,35.38385],[139.17856,35.38378],[139.17836,35.38364],[139.17821,35.38333],[139.17801,35.38314],[139.17752,35.3829],[139.17687,35.38271],[139.17649,35.38248],[139.17644,35.38229],[139.17665,35.38176],[139.17659,35.38169],[139.17629,35.38161],[139.17616,35.3813],[139.17597,35.38123],[139.17559,35.38119],[139.17545,35.38112],[139.17508,35.38061],[139.17464,35.38047],[139.17451,35.38013],[139.1741,35.38002],[139.17403,35.37978],[139.17392,35.37966],[139.173,35.37924],[139.17274,35.37899],[139.17268,35.37878],[139.17274,35.3784],[139.17281,35.37827],[139.17306,35.37808],[139.17295,35.37796],[139.17242,35.37767],[139.17233,35.37753],[139.17234,35.37738],[139.1725,35.37712],[139.17247,35.37678],[139.17233,35.37649],[139.17189,35.37587],[139.17179,35.37558],[139.17185,35.37547],[139.17211,35.37529],[139.17214,35.37504],[139.17199,35.3749],[139.17142,35.37472],[139.17124,35.37461],[139.17112,35.37446],[139.17107,35.37427],[139.17116,35.37378],[139.17138,35.37351],[139.17153,35.37344],[139.1717,35.37343],[139.17218,35.37359],[139.17232,35.37351],[139.17241,35.37327],[139.17246,35.37263],[139.17241,35.37206],[139.17228,35.37177],[139.17209,35.37172],[139.17197,35.37153],[139.17192,35.37098],[139.17197,35.3707],[139.17218,35.37045],[139.17281,35.37034],[139.17305,35.37022],[139.17328,35.37002],[139.1736,35.36964],[139.17383,35.36949],[139.17408,35.36943],[139.17469,35.36958],[139.17481,35.36954],[139.17485,35.36942],[139.17478,35.36911],[139.1748,35.3688],[139.17493,35.36853],[139.1751,35.36837],[139.17553,35.36825],[139.17673,35.36828],[139.17713,35.36816],[139.17741,35.3679],[139.1775,35.36772],[139.17772,35.36684],[139.17798,35.36646],[139.17822,35.36636],[139.17877,35.3663],[139.17922,35.36596],[139.17981,35.36588],[139.17993,35.36577],[139.17998,35.36557],[139.18021,35.36541],[139.18063,35.3653],[139.18139,35.36525],[139.18161,35.36519],[139.18182,35.36494],[139.18189,35.36435],[139.18198,35.36412],[139.18224,35.36393],[139.18262,35.36392],[139.18292,35.36405],[139.18305,35.36421],[139.18318,35.36451],[139.1834,35.36469],[139.18361,35.36473],[139.18399,35.36468],[139.18429,35.36479],[139.18442,35.36497],[139.18468,35.36565],[139.18482,35.36579],[139.18516,35.36595],[139.18584,35.36591],[139.18589,35.36581],[139.18582,35.36559],[139.18593,35.36542],[139.18618,35.36525],[139.18657,35.36519],[139.18689,35.36524],[139.18766,35.36551],[139.18813,35.36561],[139.18835,35.36558],[139.18878,35.36534],[139.18912,35.3653],[139.18929,35.36537]],[[139.23578,35.37102],[139.23547,35.37093],[139.23514,35.37038],[139.23496,35.37036],[139.23481,35.3705],[139.2348,35.37079],[139.23501,35.37146],[139.2351,35.37199],[139.23517,35.37308],[139.23513,35.3748],[139.23504,35.37538],[139.23489,35.37576],[139.23437,35.37618],[139.23406,35.37661],[139.23375,35.37665],[139.23302,35.37647],[139.23281,35.37652],[139.23284,35.37698],[139.23245,35.37732],[139.23232,35.37783],[139.23212,35.37797],[139.2317,35.37814],[139.23161,35.37823],[139.23154,35.37844],[139.23138,35.37851],[139.23093,35.37857],[139.23004,35.37856],[139.22947,35.37847],[139.22866,35.37821],[139.22838,35.3782],[139.22817,35.37828],[139.22808,35.37839],[139.22796,35.37894],[139.22786,35.37908],[139.22753,35.37915],[139.22706,35.37909],[139.22674,35.3791],[139.22663,35.37916],[139.22655,35.37939],[139.22636,35.37946],[139.22611,35.37939],[139.22603,35.3791],[139.22593,35.37897],[139.22561,35.37885],[139.22431,35.37878],[139.22152,35.37874],[139.22059,35.37865],[139.2204,35.37856],[139.22047,35.37841],[139.22045,35.37834],[139.22018,35.37829],[139.21998,35.37816],[139.21963,35.37769],[139.21939,35.37745],[139.21875,35.37712],[139.21857,35.37687],[139.21845,35.37657],[139.21834,35.37647],[139.21811,35.3765],[139.21769,35.37675],[139.21733,35.37674],[139.21707,35.37664],[139.21662,35.37632],[139.21647,35.37612],[139.21643,35.37595],[139.21635,35.37587],[139.21541,35.37573],[139.21528,35.37565],[139.21507,35.37542],[139.21477,35.37534],[139.21469,35.37528],[139.21469,35.37503],[139.21492,35.37427],[139.21487,35.37384],[139.21473,35.3736],[139.21444,35.3733],[139.21418,35.37313],[139.21381,35.37304],[139.21372,35.37283],[139.21382,35.37227],[139.21398,35.37173],[139.21419,35.37135],[139.21456,35.3709],[139.21466,35.37069],[139.21465,35.3704],[139.21449,35.37015],[139.21446,35.36998],[139.21452,35.36981],[139.21485,35.36946],[139.21497,35.36924],[139.21503,35.36883],[139.21496,35.36821],[139.21502,35.368],[139.21514,35.36786],[139.21542,35.36775],[139.21561,35.36757],[139.21573,35.36699],[139.21582,35.36684],[139.21597,35.36673],[139.21625,35.36662],[139.21637,35.36651],[139.21642,35.36636],[139.21636,35.36595],[139.2164,35.36574],[139.21662,35.36546],[139.217,35.36519],[139.21719,35.36499],[139.21735,35.36463],[139.21742,35.36412],[139.21754,35.36394],[139.21785,35.36377],[139.21824,35.36372],[139.21855,35.36376],[139.2189,35.36397],[139.21906,35.36397],[139.21917,35.36385],[139.2192,35.3637],[139.21915,35.36362],[139.21895,35.36348],[139.21896,35.36335],[139.21921,35.36306],[139.21969,35.36267],[139.2202,35.36235],[139.2206,35.36226],[139.22072,35.36196],[139.22088,35.36188],[139.22115,35.36186],[139.22141,35.3619],[139.22159,35.36201],[139.2217,35.36214],[139.22179,35.36213],[139.22237,35.36129],[139.22251,35.3612],[139.22288,35.3611],[139.22359,35.36053],[139.22401,35.36049],[139.22509,35.36091],[139.22545,35.36098],[139.22565,35.36096],[139.22584,35.3608],[139.22595,35.36022],[139.22614,35.35992],[139.22638,35.3598],[139.2267,35.35973],[139.22727,35.35975],[139.22791,35.35994],[139.22877,35.36037],[139.22913,35.36071],[139.22922,35.36094],[139.22924,35.36115],[139.22939,35.36133],[139.22958,35.36136],[139.2301,35.36131],[139.23034,35.36135],[139.23057,35.36145],[139.23089,35.36168],[139.23128,35.36181],[139.23158,35.36182],[139.23235,35.36174],[139.23267,35.36177],[139.23298,35.36192],[139.23307,35.36221],[139.23314,35.36227],[139.23376,35.36224],[139.23387,35.36237],[139.23396,35.36274],[139.23408,35.36284],[139.23443,35.363],[139.23452,35.36314],[139.23451,35.36349],[139.23429,35.36419],[139.23434,35.36438],[139.23464,35.36447],[139.23471,35.3647],[139.23477,35.36476],[139.23548,35.36472],[139.23585,35.36501],[139.23665,35.36513],[139.23683,35.36523],[139.23696,35.36539],[139.23706,35.36571],[139.23704,35.36591],[139.23688,35.3662],[139.23656,35.36653],[139.23654,35.36667],[139.23665,35.36682],[139.23715,35.36712],[139.2377,35.36735],[139.23803,35.3682],[139.2381,35.36851],[139.23809,35.36869],[139.23777,35.36895],[139.23763,35.36952],[139.2375,35.36966],[139.23719,35.36987],[139.23685,35.37053],[139.23666,35.37071],[139.2364,35.37085],[139.23607,35.37097],[139.23578,35.37102]],[[139.2897,35.37985],[139.28948,35.38011],[139.28912,35.38032],[139.28885,35.38033],[139.2886,35.38029],[139.28842,35.38037],[139.28847,35.3806],[139.28875,35.38095],[139.28888,35.38101],[139.28923,35.38096],[139.2895,35.38104],[139.28975,35.38129],[139.28985,35.38158],[139.28986,35.3821],[139.2897,35.38239],[139.28946,35.38253],[139.28877,35.38269],[139.28892,35.38312],[139.28887,35.3833],[139.2887,35.38344],[139.28811,35.38367],[139.28779,35.38387],[139.28768,35.38402],[139.28761,35.38442],[139.28741,35.38468],[139.28709,35.38486],[139.28635,35.38497],[139.28612,35.38518],[139.28592,35.38556],[139.2856,35.38675],[139.28531,35.38741],[139.28508,35.38766],[139.2847,35.38779],[139.28448,35.388],[139.28444,35.38822],[139.28451,35.38884],[139.28446,35.38903],[139.28436,35.38917],[139.28412,35.38932],[139.28393,35.38938],[139.28312,35.38946],[139.28296,35.38957],[139.28293,35.38972],[139.28284,35.3898],[139.28268,35.38985],[139.2822,35.38989],[139.28201,35.38997],[139.28186,35.39024],[139.28178,35.39073],[139.28158,35.39094],[139.28121,35.39099],[139.28099,35.39096],[139.28084,35.39088],[139.28075,35.39077],[139.28068,35.39044],[139.28048,35.39018],[139.28012,35.38993],[139.27976,35.38976],[139.27956,35.38971],[139.27927,35.38977],[139.27915,35.38973],[139.27905,35.38963],[139.2789,35.38926],[139.2788,35.38914],[139.27855,35.38949],[139.27829,35.3897],[139.27792,35.38988],[139.27757,35.38997],[139.27684,35.39005],[139.27589,35.39006],[139.27512,35.39002],[139.27473,35.38991],[139.27464,35.38968],[139.27417,35.38952],[139.27375,35.38899],[139.27352,35.3888],[139.27323,35.38864],[139.27249,35.38836],[139.2722,35.38812],[139.27203,35.38779],[139.27198,35.38758],[139.27195,35.3871],[139.27187,35.38668],[139.27166,35.38637],[139.27133,35.38617],[139.27046,35.386],[139.27013,35.3859],[139.26989,35.38576],[139.26965,35.38552],[139.26937,35.38533],[139.26848,35.38504],[139.26793,35.38469],[139.2678,35.38451],[139.26778,35.38432],[139.26786,35.38411],[139.2681,35.38378],[139.26809,35.38361],[139.26791,35.38348],[139.26711,35.38332],[139.26666,35.38314],[139.26651,35.38297],[139.26644,35.38256],[139.26629,35.38235],[139.26574,35.38208],[139.26558,35.38175],[139.26539,35.38168],[139.26511,35.38167],[139.26491,35.38157],[139.26484,35.38138],[139.26489,35.38108],[139.26526,35.38077],[139.26521,35.38063],[139.26509,35.38052],[139.26451,35.38029],[139.26318,35.37999],[139.26276,35.37978],[139.26261,35.37966],[139.26242,35.37935],[139.26235,35.37878],[139.26208,35.37822],[139.26176,35.37786],[139.26092,35.37722],[139.2605,35.3768],[139.26047,35.37667],[139.26052,35.37656],[139.26073,35.37639],[139.2613,35.37609],[139.26143,35.37593],[139.26147,35.37574],[139.26136,35.37531],[139.26115,35.37487],[139.26093,35.37471],[139.26048,35.37465],[139.26034,35.37458],[139.26022,35.37437],[139.2602,35.37406],[139.26013,35.37385],[139.26003,35.37378],[139.25978,35.37374],[139.25963,35.37366],[139.25951,35.37351],[139.25942,35.37325],[139.2594,35.37293],[139.25945,35.3727],[139.25976,35.37233],[139.25981,35.37219],[139.25953,35.37197],[139.25945,35.37184],[139.25941,35.37156],[139.25943,35.37127],[139.25954,35.3711],[139.25984,35.37104],[139.26,35.37095],[139.26014,35.37074],[139.2601,35.37037],[139.25986,35.36974],[139.25987,35.36955],[139.25997,35.36943],[139.26025,35.36932],[139.26039,35.36921],[139.26051,35.36897],[139.26058,35.3685],[139.26066,35.3684],[139.26089,35.36833],[139.26073,35.3682],[139.26016,35.36789],[139.25984,35.36764],[139.25971,35.36738],[139.25975,35.36716],[139.25991,35.36704],[139.26026,35.367],[139.26042,35.36694],[139.26039,35.36658],[139.26054,35.36641],[139.26073,35.3663],[139.26115,35.36619],[139.26166,35.36625],[139.26193,35.36621],[139.26255,35.36573],[139.26322,35.3656],[139.26332,35.36537],[139.26347,35.3653],[139.26405,35.36538],[139.26465,35.36567],[139.26509,35.36606],[139.26521,35.36626],[139.26524,35.36647],[139.26543,35.36628],[139.26558,35.36622],[139.26594,35.36621],[139.26642,35.36627],[139.26674,35.3662],[139.26685,35.36606],[139.26696,35.36547],[139.26724,35.36515],[139.26727,35.36502],[139.26715,35.36479],[139.26688,35.36454],[139.26669,35.36429],[139.26661,35.36404],[139.26665,35.36381],[139.26681,35.36369],[139.26718,35.36365],[139.26745,35.36355],[139.26792,35.36314],[139.26823,35.36302],[139.26861,35.36299],[139.26895,35.36303],[139.26911,35.3631],[139.26929,35.36329],[139.2694,35.36333],[139.26963,35.36329],[139.27008,35.36311],[139.27037,35.36307],[139.27092,35.3631],[139.27189,35.36327],[139.27215,35.36336],[139.27231,35.36351],[139.27238,35.36375],[139.2724,35.36405],[139.27247,35.36417],[139.27302,35.36375],[139.2733,35.36369],[139.27361,35.36373],[139.27392,35.3639],[139.27434,35.3643],[139.27461,35.36449],[139.27511,35.36473],[139.27585,35.36498],[139.27608,35.36511],[139.27621,35.36527],[139.27625,35.36551],[139.2764,35.36574],[139.27708,35.36612],[139.27734,35.36637],[139.27748,35.36669],[139.27747,35.36694],[139.27732,35.36707],[139.2769,35.36715],[139.27678,35.3673],[139.27677,35.36746],[139.27685,35.36773],[139.27713,35.36793],[139.27723,35.36806],[139.27736,35.36885],[139.27744,35.36885],[139.2777,35.36851],[139.27798,35.3683],[139.27834,35.36822],[139.27887,35.36826],[139.27932,35.36842],[139.27959,35.3686],[139.27974,35.36881],[139.27983,35.36927],[139.28002,35.36945],[139.28037,35.3695],[139.28126,35.36929],[139.28162,35.36928],[139.28177,35.36936],[139.28204,35.36975],[139.28235,35.36984],[139.28247,35.37006],[139.28253,35.37088],[139.28265,35.37128],[139.28279,35.37144],[139.28307,35.37156],[139.28331,35.37174],[139.28359,35.37232],[139.28371,35.37247],[139.28388,35.37258],[139.28424,35.37272],[139.28442,35.3729],[139.28438,35.37315],[139.28407,35.37339],[139.28462,35.37345],[139.28481,35.37353],[139.28493,35.37369],[139.28499,35.37418],[139.2851,35.37442],[139.28524,35.37447],[139.28567,35.37443],[139.28594,35.3745],[139.2864,35.37473],[139.28683,35.37506],[139.287,35.37526],[139.28704,35.37548],[139.28689,35.37592],[139.28775,35.37596],[139.28807,35.37615],[139.28833,35.37674],[139.28845,35.37759],[139.28863,35.37817],[139.28879,35.37837],[139.2893,35.37847],[139.2896,35.37863],[139.28981,35.37879],[139.28994,35.37899],[139.28996,35.37923],[139.28988,35.37952],[139.2897,35.37985]],[[139.31833,35.40453],[139.31824,35.40465],[139.31739,35.40511],[139.31717,35.40534],[139.31709,35.4055],[139.31691,35.40562],[139.3164,35.40566],[139.31507,35.40546],[139.31472,35.40545],[139.31453,35.40549],[139.31449,35.40559],[139.31454,35.40574],[139.31484,35.40595],[139.31485,35.40602],[139.31467,35.40616],[139.31442,35.40626],[139.31405,35.40633],[139.31377,35.40623],[139.31357,35.406],[139.31352,35.40584],[139.31354,35.40571],[139.3137,35.40553],[139.3136,35.40545],[139.31288,35.4054],[139.31057,35.40544],[139.30995,35.40534],[139.30974,35.40526],[139.30961,35.40517],[139.30954,35.40505],[139.30945,35.40466],[139.30924,35.40448],[139.30891,35.40435],[139.30825,35.40423],[139.30792,35.40409],[139.3078,35.40399],[139.30765,35.40374],[139.30758,35.40327],[139.30739,35.40306],[139.30704,35.40294],[139.30681,35.40292],[139.30596,35.40296],[139.30534,35.40288],[139.3051,35.40274],[139.30489,35.40235],[139.30473,35.40222],[139.30452,35.40215],[139.30403,35.4021],[139.30388,35.40203],[139.3038,35.40191],[139.30374,35.4016],[139.30365,35.40148],[139.30306,35.4012],[139.30284,35.40093],[139.30271,35.40044],[139.30265,35.39946],[139.30254,35.39917],[139.30236,35.39901],[139.30193,35.39891],[139.30175,35.39867],[139.30167,35.39829],[139.30176,35.39804],[139.30194,35.39789],[139.30234,35.3978],[139.30243,35.39759],[139.3023,35.39744],[139.30188,35.39738],[139.30174,35.39731],[139.30162,35.3971],[139.30161,35.39688],[139.30178,35.39629],[139.30236,35.39525],[139.30253,35.3948],[139.30262,35.39413],[139.30257,35.39331],[139.30266,35.39306],[139.30283,35.39292],[139.3035,35.39282],[139.30387,35.39254],[139.30411,35.39253],[139.30439,35.39258],[139.30459,35.39251],[139.30467,35.39228],[139.30463,35.39195],[139.30448,35.39165],[139.30414,35.39131],[139.30413,35.39116],[139.3044,35.39096],[139.30539,35.39062],[139.30562,35.39045],[139.30572,35.39028],[139.30578,35.39],[139.30574,35.38984],[139.30559,35.38972],[139.30515,35.38954],[139.30497,35.3893],[139.30502,35.38891],[139.30528,35.38859],[139.30548,35.38851],[139.30577,35.38847],[139.30682,35.38853],[139.30722,35.38847],[139.30755,35.3883],[139.30769,35.38818],[139.30803,35.38772],[139.3083,35.38747],[139.30881,35.38723],[139.30939,35.38714],[139.30982,35.38715],[139.30999,35.38721],[139.31026,35.38747],[139.31051,35.38751],[139.31074,35.38745],[139.31104,35.38714],[139.31127,35.38707],[139.31175,35.38714],[139.31189,35.3872],[139.31199,35.3873],[139.31204,35.38755],[139.31194,35.38825],[139.31203,35.38841],[139.31216,35.38842],[139.31228,35.38837],[139.31239,35.38825],[139.31262,35.38766],[139.313,35.38734],[139.3134,35.38717],[139.31418,35.38699],[139.31485,35.38676],[139.31521,35.38657],[139.31587,35.3861],[139.31623,35.38596],[139.31651,35.38603],[139.31693,35.38642],[139.31713,35.38651],[139.31753,35.38656],[139.31815,35.38651],[139.31838,35.38655],[139.31853,35.38665],[139.31867,35.38688],[139.31885,35.38702],[139.31927,35.38716],[139.31983,35.38727],[139.32007,35.3874],[139.32018,35.38758],[139.32003,35.38809],[139.32009,35.38839],[139.32029,35.38851],[139.3209,35.38865],[139.32127,35.38878],[139.32144,35.38889],[139.32156,35.38902],[139.32161,35.38924],[139.32159,35.38954],[139.32136,35.39053],[139.32137,35.39081],[139.32147,35.39099],[139.32165,35.39107],[139.32188,35.39107],[139.322,35.39094],[139.32202,35.39072],[139.3221,35.39056],[139.32226,35.39049],[139.32241,35.39052],[139.32273,35.39071],[139.32301,35.39094],[139.3236,35.39157],[139.3238,35.39195],[139.32377,35.3924],[139.32412,35.3922],[139.32437,35.39215],[139.32467,35.39221],[139.3249,35.39242],[139.32502,35.39282],[139.32503,35.39337],[139.32511,35.39374],[139.3252,35.39386],[139.32549,35.39395],[139.32556,35.39411],[139.32557,35.39427],[139.32544,35.39457],[139.32487,35.39498],[139.32475,35.39515],[139.32474,35.39527],[139.32491,35.39553],[139.32547,35.39594],[139.32566,35.39614],[139.32578,35.39638],[139.32583,35.39664],[139.32579,35.39702],[139.3257,35.3972],[139.32555,35.39733],[139.32513,35.3975],[139.325,35.39769],[139.32512,35.39801],[139.32555,35.39841],[139.32574,35.39866],[139.32581,35.399],[139.32574,35.39923],[139.32554,35.39943],[139.32502,35.39981],[139.32465,35.40036],[139.32408,35.40052],[139.3236,35.40089],[139.32348,35.40109],[139.32343,35.40132],[139.32349,35.40186],[139.32344,35.40218],[139.32332,35.40235],[139.32304,35.40253],[139.32284,35.40273],[139.32267,35.40328],[139.32227,35.40338],[139.32201,35.40363],[139.3219,35.40368],[139.32167,35.40363],[139.32147,35.40353],[139.32124,35.40345],[139.32115,35.40346],[139.32107,35.40371],[139.32083,35.404],[139.32044,35.4043],[139.32011,35.40445],[139.31979,35.40441],[139.31953,35.40416],[139.31931,35.40408],[139.31897,35.4041],[139.31852,35.40423],[139.31837,35.40437],[139.31833,35.40453]],[[139.34642,35.42706],[139.3463,35.42695],[139.34621,35.42672],[139.3455,35.42658],[139.34518,35.42629],[139.34508,35.42627],[139.34467,35.42634],[139.34421,35.4261],[139.34405,35.42614],[139.34381,35.42649],[139.3435,35.42666],[139.34304,35.42676],[139.34252,35.42677],[139.34237,35.42671],[139.3421,35.42645],[139.3417,35.42634],[139.34158,35.42595],[139.34138,35.42586],[139.3408,35.42581],[139.33994,35.42586],[139.33928,35.42575],[139.339,35.42557],[139.33867,35.42509],[139.33836,35.42492],[139.33755,35.42495],[139.33742,35.42488],[139.33729,35.42474],[139.33703,35.42466],[139.33609,35.42473],[139.33552,35.42469],[139.33491,35.42455],[139.33473,35.42443],[139.33445,35.424],[139.33427,35.42331],[139.33418,35.42132],[139.33406,35.42052],[139.33396,35.42023],[139.33368,35.41983],[139.3335,35.41974],[139.33295,35.41964],[139.33272,35.41956],[139.33259,35.41946],[139.33252,35.41923],[139.33203,35.41908],[139.3319,35.41896],[139.33184,35.4188],[139.33189,35.41867],[139.33212,35.41854],[139.33225,35.41836],[139.33239,35.41763],[139.33267,35.41741],[139.33275,35.41731],[139.33276,35.41706],[139.33269,35.41674],[139.33274,35.41643],[139.33286,35.41625],[139.33329,35.41584],[139.33342,35.41558],[139.33334,35.41536],[139.33279,35.41495],[139.33261,35.41466],[139.33265,35.41426],[139.33302,35.41379],[139.33279,35.41373],[139.33272,35.41364],[139.33277,35.41273],[139.3327,35.41264],[139.33242,35.41256],[139.33235,35.4124],[139.33234,35.41224],[139.33243,35.41207],[139.33264,35.4119],[139.33364,35.41148],[139.334,35.41128],[139.33425,35.41104],[139.33449,35.41053],[139.33458,35.41045],[139.33483,35.41036],[139.33499,35.41036],[139.33563,35.41054],[139.33605,35.41059],[139.33638,35.41049],[139.33663,35.41023],[139.33694,35.40947],[139.33711,35.40924],[139.3373,35.40914],[139.33779,35.40917],[139.33794,35.40886],[139.33833,35.40869],[139.33891,35.4086],[139.33944,35.4086],[139.33981,35.4087],[139.34,35.4089],[139.34015,35.40896],[139.34051,35.40897],[139.341,35.40888],[139.34125,35.40874],[139.34144,35.40852],[139.34165,35.40792],[139.34179,35.40771],[139.34208,35.40757],[139.34234,35.40761],[139.34268,35.40771],[139.34284,35.4078],[139.34304,35.40801],[139.34324,35.40807],[139.34354,35.40809],[139.34459,35.40802],[139.345,35.40811],[139.34515,35.40824],[139.3452,35.40853],[139.34511,35.40868],[139.34488,35.40881],[139.34477,35.40894],[139.34476,35.40914],[139.34492,35.40921],[139.34536,35.40917],[139.34573,35.40902],[139.34592,35.40887],[139.34623,35.40847],[139.34648,35.40826],[139.34676,35.40817],[139.34707,35.40821],[139.34738,35.40833],[139.34778,35.40864],[139.34801,35.40893],[139.3481,35.40923],[139.34851,35.40935],[139.34867,35.40971],[139.3492,35.40998],[139.34925,35.41019],[139.34911,35.41049],[139.34907,35.41071],[139.34927,35.411],[139.35036,35.41157],[139.35048,35.41171],[139.35056,35.41192],[139.35068,35.41201],[139.35163,35.41233],[139.35215,35.41271],[139.35233,35.413],[139.35224,35.41329],[139.35226,35.41341],[139.35246,35.41363],[139.35282,35.41375],[139.35356,35.41368],[139.35381,35.41373],[139.35406,35.41397],[139.35422,35.41405],[139.35481,35.41422],[139.35507,35.41434],[139.35516,35.41444],[139.35521,35.41464],[139.3553,35.4147],[139.356,35.41482],[139.35636,35.41506],[139.35645,35.41528],[139.35637,35.4155],[139.35639,35.4156],[139.35647,35.41568],[139.35696,35.4159],[139.35708,35.41609],[139.35709,35.41626],[139.357,35.41652],[139.35665,35.4168],[139.35662,35.41692],[139.35671,35.41743],[139.35656,35.41785],[139.35629,35.41823],[139.35608,35.41841],[139.35583,35.41854],[139.35571,35.41872],[139.35575,35.41896],[139.35588,35.41902],[139.35606,35.41904],[139.35613,35.41911],[139.35615,35.41932],[139.35609,35.41953],[139.35594,35.41977],[139.35569,35.42002],[139.3545,35.42082],[139.35419,35.42115],[139.35415,35.42134],[139.35421,35.4216],[139.35419,35.42177],[139.35394,35.42218],[139.35389,35.42237],[139.35394,35.42246],[139.35425,35.42267],[139.3543,35.42288],[139.35424,35.42299],[139.35404,35.42316],[139.35334,35.42352],[139.35318,35.42366],[139.35299,35.42398],[139.35285,35.42411],[139.35256,35.42426],[139.35207,35.42439],[139.35183,35.42456],[139.35186,35.4248],[139.35199,35.42486],[139.35218,35.42488],[139.35231,35.42501],[139.35236,35.42527],[139.35234,35.42548],[139.35225,35.42567],[139.35209,35.42584],[139.35162,35.42609],[139.35139,35.42632],[139.35135,35.42651],[139.35142,35.42692],[139.35136,35.42707],[139.35116,35.42722],[139.35085,35.42727],[139.35054,35.42723],[139.35023,35.42709],[139.34982,35.42693],[139.3493,35.42687],[139.34909,35.4268],[139.34879,35.42659],[139.3483,35.42612],[139.34798,35.42598],[139.34764,35.42605],[139.34736,35.42623],[139.34717,35.42649],[139.34708,35.42695],[139.34698,35.42704],[139.34684,35.42709],[139.34642,35.42706]],[[139.37138,35.44319],[139.3713,35.44332],[139.37114,35.44413],[139.37028,35.44577],[139.37006,35.44639],[139.36992,35.44698],[139.3697,35.4475],[139.36936,35.44797],[139.36897,35.44833],[139.36866,35.44854],[139.36828,35.44866],[139.3682,35.44882],[139.36817,35.44905],[139.36806,35.44921],[139.36736,35.44935],[139.36612,35.45002],[139.36562,35.45016],[139.36533,35.45013],[139.36519,35.45006],[139.36484,35.44957],[139.36452,35.44938],[139.364,35.44931],[139.36349,35.44939],[139.36328,35.44938],[139.36297,35.44925],[139.36265,35.44902],[139.36238,35.44892],[139.36188,35.44888],[139.36109,35.44892],[139.36074,35.44885],[139.36042,35.44872],[139.35983,35.44821],[139.35971,35.44805],[139.35965,35.44781],[139.35957,35.4477],[139.35928,35.44765],[139.35907,35.44755],[139.35847,35.447],[139.35726,35.44636],[139.35678,35.44605],[139.35658,35.44586],[139.35642,35.4456],[139.3562,35.44541],[139.35565,35.44511],[139.35513,35.44488],[139.3547,35.4446],[139.35442,35.44425],[139.35434,35.44405],[139.35429,35.4436],[139.35433,35.44311],[139.35423,35.44271],[139.35413,35.44254],[139.35382,35.44226],[139.35298,35.44191],[139.35262,35.4417],[139.35246,35.44135],[139.35199,35.44101],[139.35183,35.44081],[139.35182,35.44065],[139.3519,35.44024],[139.35181,35.43998],[139.35164,35.43972],[139.35163,35.43944],[139.35173,35.43923],[139.3522,35.4386],[139.35237,35.43797],[139.35249,35.43787],[139.35283,35.43772],[139.35344,35.43701],[139.35354,35.4368],[139.35354,35.43652],[139.35346,35.43637],[139.35325,35.43621],[139.35265,35.43613],[139.35239,35.43603],[139.35231,35.43592],[139.35231,35.43568],[139.3524,35.43553],[139.35255,35.43539],[139.35303,35.43515],[139.3532,35.43502],[139.35329,35.4348],[139.35325,35.43464],[139.35327,35.43443],[139.35341,35.43419],[139.35437,35.4333],[139.35455,35.43308],[139.35458,35.43294],[139.35429,35.43272],[139.35425,35.43246],[139.35433,35.43232],[139.35462,35.43214],[139.35473,35.43198],[139.35505,35.43089],[139.35526,35.43059],[139.35583,35.43045],[139.35599,35.43011],[139.35645,35.43001],[139.35713,35.42958],[139.35744,35.42954],[139.35785,35.42969],[139.35812,35.42967],[139.35828,35.42955],[139.35863,35.42909],[139.35891,35.42895],[139.35921,35.42903],[139.35942,35.42926],[139.35958,35.42934],[139.36041,35.42942],[139.36065,35.4295],[139.36084,35.42971],[139.36089,35.4301],[139.36095,35.43023],[139.36104,35.4303],[139.36124,35.4303],[139.3614,35.43017],[139.36162,35.42971],[139.36178,35.42958],[139.362,35.42951],[139.36262,35.42955],[139.3629,35.42948],[139.36323,35.4292],[139.36346,35.42875],[139.36356,35.42865],[139.36379,35.42856],[139.36407,35.42861],[139.36456,35.4289],[139.36504,35.42908],[139.36534,35.42912],[139.36589,35.42907],[139.36631,35.42915],[139.36672,35.42936],[139.36703,35.42962],[139.36718,35.42987],[139.36722,35.43012],[139.36735,35.43023],[139.36758,35.43031],[139.36832,35.43036],[139.36869,35.43043],[139.36902,35.43056],[139.36946,35.43085],[139.36984,35.43127],[139.37007,35.43197],[139.37063,35.43254],[139.37081,35.43295],[139.37102,35.43304],[139.3715,35.4331],[139.37171,35.43331],[139.37193,35.43395],[139.37218,35.43565],[139.37243,35.43627],[139.37263,35.43651],[139.37278,35.43657],[139.37322,35.43645],[139.3734,35.43784],[139.37338,35.43852],[139.37319,35.43901],[139.37302,35.43913],[139.37283,35.43916],[139.37274,35.43929],[139.37283,35.44008],[139.3726,35.44106],[139.37233,35.44175],[139.37186,35.44236],[139.37175,35.44289],[139.37162,35.44304],[139.37138,35.44319]],[[139.3727,35.43585],[139.37247,35.43534],[139.3724,35.43475],[139.37242,35.43434],[139.37251,35.43406],[139.37266,35.43393],[139.37289,35.43394],[139.37327,35.43412],[139.37358,35.43433],[139.37402,35.43477],[139.37422,35.43486],[139.37442,35.43487],[139.37458,35.43477],[139.37461,35.43457],[139.37469,35.43447],[139.37517,35.43434],[139.37592,35.43383],[139.37622,35.43369],[139.3767,35.43362],[139.37731,35.43368],[139.37757,35.43364],[139.37769,35.43337],[139.3779,35.43312],[139.37826,35.4328],[139.37854,35.43264],[139.37881,35.43257],[139.37914,35.43259],[139.37984,35.43286],[139.38002,35.43413],[139.38014,35.43454],[139.38029,35.43469],[139.38047,35.4347],[139.38099,35.43449],[139.3814,35.43445],[139.38173,35.43452],[139.38195,35.43475],[139.3821,35.43479],[139.38258,35.43452],[139.38305,35.43445],[139.38325,35.4345],[139.38342,35.4346],[139.38379,35.43506],[139.384,35.4352],[139.38413,35.4352],[139.38442,35.43503],[139.38468,35.43499],[139.38498,35.43504],[139.38517,35.43517],[139.38543,35.43555],[139.38583,35.43656],[139.38609,35.43692],[139.38641,35.43721],[139.38699,35.43757],[139.38741,35.43791],[139.38759,35.43813],[139.38779,35.43855],[139.38794,35.4387],[139.38815,35.43881],[139.38853,35.43892],[139.38867,35.43903],[139.3887,35.43927],[139.38853,35.4396],[139.38848,35.43983],[139.3885,35.44005],[139.38858,35.44028],[139.38896,35.44074],[139.38945,35.44096],[139.38961,35.44111],[139.38979,35.44145],[139.38991,35.44192],[139.39013,35.44221],[139.39034,35.44227],[139.39074,35.44223],[139.39104,35.44227],[139.39152,35.44245],[139.39229,35.44289],[139.39261,35.44296],[139.39292,35.44292],[139.39308,35.44299],[139.39375,35.44359],[139.394,35.44372],[139.3942,35.44375],[139.39432,35.44384],[139.39446,35.44411],[139.39457,35.44449],[139.39475,35.44476],[139.39491,35.44485],[139.39548,35.44494],[139.39578,35.44512],[139.39597,35.44545],[139.39604,35.44608],[139.3961,35.44618],[139.39627,35.44634],[139.39656,35.44643],[139.39713,35.44646],[139.39744,35.44654],[139.39773,35.44675],[139.39787,35.44705],[139.398,35.44719],[139.39818,35.44726],[139.39868,35.44722],[139.39894,35.44726],[139.39902,35.44736],[139.39906,35.44758],[139.39921,35.44771],[139.39978,35.44767],[139.39999,35.44771],[139.40021,35.44789],[139.40034,35.44819],[139.40052,35.44841],[139.40068,35.44848],[139.40125,35.44856],[139.4016,35.4488],[139.4017,35.44903],[139.40161,35.44925],[139.40162,35.44942],[139.402,35.44988],[139.40234,35.4508],[139.40244,35.45092],[139.4027,35.45099],[139.40291,35.45115],[139.40346,35.452],[139.40359,35.45209],[139.40394,35.45217],[139.40414,35.45233],[139.40439,35.45266],[139.40451,35.453],[139.40446,35.45338],[139.40439,35.45348],[139.40421,35.45359],[139.40407,35.4536],[139.40393,35.45356],[139.40366,35.4533],[139.4036,35.45328],[139.40357,35.45331],[139.40357,35.45378],[139.40375,35.45515],[139.40368,35.45604],[139.40349,35.45648],[139.40278,35.45715],[139.40257,35.45748],[139.40258,35.4576],[139.40274,35.45784],[139.40327,35.45835],[139.40328,35.45852],[139.40309,35.45865],[139.40219,35.45881],[139.40199,35.45886],[139.40171,35.45902],[139.40158,35.45923],[139.40164,35.45976],[139.40158,35.46015],[139.40141,35.46049],[139.40118,35.46072],[139.40091,35.4608],[139.40061,35.46074],[139.40038,35.46075],[139.40001,35.46107],[139.3996,35.46115],[139.39946,35.46149],[139.39902,35.46162],[139.39888,35.46178],[139.39872,35.46207],[139.39851,35.46222],[139.39831,35.46221],[139.39817,35.46214],[139.3977,35.46156],[139.3976,35.46148],[139.39751,35.46149],[139.39725,35.46173],[139.39685,35.46184],[139.39678,35.46193],[139.3967,35.46234],[139.39658,35.46244],[139.39626,35.46251],[139.39594,35.46295],[139.39568,35.46304],[139.39518,35.46298],[139.39484,35.46305],[139.39466,35.46319],[139.3943,35.46363],[139.39417,35.4637],[139.3939,35.46365],[139.39383,35.46368],[139.39382,35.46386],[139.39388,35.46417],[139.39379,35.46438],[139.39351,35.46446],[139.39316,35.46443],[139.39301,35.4643],[139.39306,35.46401],[139.39297,35.46385],[139.39217,35.46371],[139.39208,35.46364],[139.39206,35.46348],[139.39198,35.46337],[139.39158,35.46329],[139.39136,35.46308],[139.39115,35.46298],[139.39048,35.4629],[139.38869,35.46285],[139.38797,35.46276],[139.38727,35.46246],[139.38644,35.46235],[139.38622,35.46219],[139.38603,35.46188],[139.38566,35.46167],[139.38528,35.46159],[139.38502,35.4616],[139.38493,35.46165],[139.38491,35.46181],[139.38483,35.46191],[139.38467,35.46195],[139.3845,35.46193],[139.38316,35.46145],[139.38226,35.46102],[139.38187,35.46071],[139.38166,35.46039],[139.38158,35.45977],[139.38149,35.45955],[139.38135,35.45941],[139.38107,35.45929],[139.38095,35.45914],[139.3809,35.45879],[139.381,35.45805],[139.3808,35.45826],[139.38063,35.45833],[139.38043,35.4583],[139.38034,35.45816],[139.38026,35.45774],[139.38021,35.45673],[139.38002,35.45613],[139.37964,35.45564],[139.37897,35.45514],[139.37884,35.45483],[139.37864,35.45474],[139.37804,35.4547],[139.37778,35.45461],[139.37751,35.45433],[139.37714,35.45425],[139.37701,35.45416],[139.37656,35.45349],[139.37625,35.45325],[139.37581,35.45303],[139.37456,35.45265],[139.37376,35.45233],[139.37331,35.45203],[139.37258,35.45132],[139.37231,35.45132],[139.37196,35.45101],[139.37182,35.45081],[139.37168,35.45043],[139.37159,35.44994],[139.37161,35.44966],[139.3717,35.44941],[139.37212,35.44894],[139.37224,35.44872],[139.37232,35.44834],[139.3723,35.44808],[139.3722,35.44789],[139.372,35.44776],[139.3714,35.44768],[139.37116,35.44754],[139.37097,35.44711],[139.37095,35.44669],[139.37104,35.4461],[139.37115,35.44578],[139.37171,35.44498],[139.37188,35.44436],[139.37217,35.44416],[139.37229,35.44401],[139.37266,35.44296],[139.3729,35.44278],[139.37319,35.44274],[139.37342,35.44262],[139.37358,35.44236],[139.37365,35.44208],[139.37406,35.4392],[139.37412,35.4378],[139.37401,35.43718],[139.37389,35.43694],[139.37368,35.43673],[139.37322,35.43645],[139.3727,35.43585]],[[139.36711,35.4052],[139.36732,35.40512],[139.36782,35.40509],[139.3681,35.40502],[139.36837,35.40489],[139.36893,35.40449],[139.36943,35.40422],[139.3702,35.40396],[139.37054,35.40393],[139.37067,35.40396],[139.37085,35.4041],[139.37092,35.40435],[139.37091,35.40467],[139.37079,35.40505],[139.37068,35.40511],[139.3705,35.40513],[139.37039,35.40522],[139.37036,35.40556],[139.37034,35.40614],[139.37026,35.40641],[139.37,35.40674],[139.3696,35.40705],[139.36935,35.40714],[139.3691,35.40709],[139.36878,35.40684],[139.36843,35.40646],[139.36769,35.40569],[139.36752,35.40559],[139.36711,35.40548],[139.36706,35.40535],[139.36711,35.4052]],[[139.37017,35.41261],[139.37069,35.41221],[139.37172,35.41171],[139.3719,35.41158],[139.37198,35.41146],[139.37193,35.4113],[139.37181,35.41121],[139.37098,35.41094],[139.37042,35.41059],[139.37022,35.41021],[139.37017,35.40985],[139.37027,35.40892],[139.37049,35.40839],[139.37071,35.40815],[139.37139,35.40776],[139.37161,35.40744],[139.37162,35.40693],[139.37138,35.40592],[139.37133,35.4054],[139.37141,35.40511],[139.37175,35.40467],[139.37176,35.40296],[139.37185,35.40204],[139.37194,35.40163],[139.37223,35.40086],[139.3724,35.3994],[139.37252,35.39907],[139.37289,35.39848],[139.37308,35.39803],[139.37322,35.39697],[139.37335,35.39673],[139.37354,35.39661],[139.37366,35.39647],[139.37403,35.39534],[139.37427,35.39494],[139.37457,35.39456],[139.37478,35.39416],[139.37543,35.39215],[139.37594,35.391],[139.37639,35.39025],[139.37717,35.38916],[139.37755,35.38846],[139.37779,35.38779],[139.3779,35.38715],[139.37785,35.38594],[139.37767,35.38477],[139.3773,35.38352],[139.37684,35.38235],[139.37625,35.38106],[139.37568,35.38009],[139.37531,35.37965],[139.3745,35.379],[139.37437,35.37879],[139.3745,35.37847],[139.37507,35.37788],[139.37519,35.37758],[139.37515,35.37706],[139.37477,35.37652],[139.37479,35.37594],[139.37454,35.3756],[139.37355,35.37481],[139.37337,35.37459],[139.37329,35.3744],[139.37333,35.37414],[139.37342,35.37395],[139.37387,35.37342],[139.37426,35.37321],[139.37456,35.37314],[139.37505,35.37311],[139.37533,35.37295],[139.37539,35.37276],[139.37532,35.37227],[139.37534,35.37211],[139.37542,35.37202],[139.37554,35.372],[139.37563,35.37187],[139.37563,35.37132],[139.37543,35.37002],[139.37539,35.36924],[139.37544,35.3689],[139.37575,35.36829],[139.37581,35.36777],[139.37577,35.36753],[139.37568,35.36734],[139.37554,35.36722],[139.37518,35.36706],[139.37503,35.36684],[139.375,35.36642],[139.37517,35.36586],[139.37554,35.36534],[139.37627,35.36476],[139.3764,35.36455],[139.37665,35.36391],[139.37697,35.36362],[139.37743,35.36342],[139.37792,35.36334],[139.37837,35.36338],[139.37876,35.36351],[139.37888,35.36348],[139.37885,35.36323],[139.37856,35.36262],[139.37861,35.36228],[139.3788,35.36213],[139.37931,35.36185],[139.37955,35.3614],[139.38012,35.36099],[139.38024,35.36076],[139.38027,35.36052],[139.38042,35.36033],[139.38123,35.36003],[139.38143,35.35988],[139.38174,35.35948],[139.3819,35.35937],[139.38207,35.35933],[139.38246,35.35947],[139.38265,35.35945],[139.38272,35.35933],[139.38279,35.35893],[139.38291,35.35875],[139.38378,35.35822],[139.38412,35.35774],[139.38429,35.3577],[139.38463,35.35776],[139.38505,35.35755],[139.38521,35.35755],[139.38548,35.3577],[139.38599,35.35816],[139.3863,35.35828],[139.3865,35.3583],[139.38667,35.35827],[139.38679,35.35819],[139.38685,35.35808],[139.38689,35.35776],[139.387,35.35755],[139.38718,35.35737],[139.38741,35.35727],[139.38768,35.35726],[139.38805,35.35737],[139.38821,35.3575],[139.38828,35.35774],[139.38837,35.35778],[139.38871,35.35773],[139.38894,35.3576],[139.38907,35.35734],[139.38899,35.35704],[139.3888,35.35689],[139.38838,35.35672],[139.38826,35.35658],[139.38825,35.35647],[139.38838,35.35625],[139.3888,35.35595],[139.38892,35.35577],[139.38898,35.35539],[139.38892,35.35492],[139.38898,35.35469],[139.38915,35.35454],[139.38973,35.35446],[139.39006,35.3543],[139.39017,35.35411],[139.3902,35.35372],[139.39032,35.35343],[139.39046,35.3533],[139.39074,35.35319],[139.39084,35.3531],[139.39083,35.35291],[139.39066,35.35267],[139.39061,35.35248],[139.39066,35.35239],[139.39097,35.35218],[139.39104,35.35192],[139.39115,35.35175],[139.39149,35.35153],[139.3918,35.35142],[139.39211,35.35141],[139.39248,35.35149],[139.39264,35.35144],[139.39268,35.35131],[139.39263,35.35118],[139.39226,35.35108],[139.39216,35.35095],[139.39213,35.35081],[139.39222,35.35046],[139.39257,35.35018],[139.39255,35.34968],[139.39281,35.34951],[139.39353,35.34936],[139.394,35.34912],[139.39422,35.34887],[139.39454,35.34828],[139.39474,35.34809],[139.39497,35.34798],[139.39537,35.34795],[139.39566,35.34786],[139.3958,35.34774],[139.39594,35.34751],[139.39623,35.34732],[139.39672,35.34719],[139.3973,35.34718],[139.39777,35.34735],[139.39852,35.34813],[139.39919,35.34846],[139.39963,35.349],[139.39992,35.3491],[139.40019,35.34911],[139.40041,35.34908],[139.40056,35.349],[139.40065,35.34889],[139.4007,35.34866],[139.40082,35.34856],[139.40121,35.34852],[139.40178,35.34857],[139.40217,35.34847],[139.4023,35.34824],[139.40233,35.34754],[139.4018,35.34767],[139.40158,35.34766],[139.40133,35.34754],[139.40092,35.34715],[139.40049,35.34702],[139.40033,35.34645],[139.39987,35.34594],[139.39982,35.34577],[139.39996,35.34552],[139.4003,35.34527],[139.40036,35.34514],[139.40033,35.34508],[139.40013,35.34499],[139.39958,35.34487],[139.3993,35.34469],[139.39912,35.34441],[139.39907,35.34424],[139.39903,35.34362],[139.39892,35.34322],[139.39878,35.34312],[139.39839,35.34316],[139.39822,35.34312],[139.39798,35.34295],[139.39782,35.34269],[139.39777,35.34244],[139.39786,35.34197],[139.39777,35.34183],[139.39746,35.34161],[139.39741,35.34146],[139.39742,35.3413],[139.3975,35.34107],[139.39765,35.34087],[139.3978,35.34078],[139.39806,35.34076],[139.39819,35.34069],[139.39824,35.34057],[139.39821,35.34032],[139.39809,35.33993],[139.39793,35.33974],[139.3977,35.33965],[139.39727,35.33959],[139.39716,35.33949],[139.39714,35.33938],[139.39727,35.33919],[139.3977,35.33902],[139.39789,35.33884],[139.39805,35.33812],[139.39825,35.33778],[139.39852,35.33745],[139.3986,35.33724],[139.39852,35.33717],[139.39815,35.33714],[139.39789,35.33705],[139.39767,35.3369],[139.39759,35.33679],[139.39759,35.33662],[139.39786,35.33633],[139.39796,35.33612],[139.39799,35.33588],[139.39792,35.33573],[139.39767,35.33556],[139.39662,35.33526],[139.39615,35.33497],[139.396,35.33478],[139.39591,35.33456],[139.3959,35.33431],[139.39597,35.33381],[139.39592,35.33365],[139.3958,35.33356],[139.39533,35.33347],[139.3952,35.33316],[139.39507,35.3331],[139.39484,35.33307],[139.3948,35.33302],[139.39486,35.33284],[139.39499,35.33271],[139.39539,35.33262],[139.39503,35.33236],[139.395,35.3321],[139.39519,35.33182],[139.39581,35.33129],[139.3958,35.331],[139.39574,35.33085],[139.39527,35.33038],[139.39511,35.33015],[139.39515,35.32983],[139.395,35.32978],[139.39452,35.32984],[139.39419,35.3297],[139.39393,35.32934],[139.39381,35.32887],[139.39391,35.32854],[139.39458,35.3281],[139.39462,35.32799],[139.39455,35.32771],[139.3947,35.32748],[139.39513,35.32724],[139.39574,35.32707],[139.39592,35.32692],[139.39591,35.32679],[139.39572,35.32641],[139.3957,35.32611],[139.39588,35.32532],[139.39614,35.32481],[139.39648,35.32456],[139.39686,35.32452],[139.39712,35.32439],[139.39721,35.32424],[139.39724,35.32393],[139.39731,35.32372],[139.39741,35.32365],[139.3976,35.32363],[139.39773,35.32356],[139.39787,35.32323],[139.39827,35.32314],[139.39867,35.32281],[139.39896,35.32275],[139.39942,35.32272],[139.39952,35.32267],[139.39951,35.32259],[139.39921,35.32222],[139.39916,35.32191],[139.39929,35.32154],[139.39956,35.32131],[139.40001,35.32124],[139.40065,35.32131],[139.40105,35.3213],[139.40125,35.32124],[139.40155,35.32106],[139.40172,35.32102],[139.40229,35.3211],[139.40243,35.32108],[139.40254,35.32102],[139.40267,35.32087],[139.40285,35.3208],[139.40321,35.32085],[139.40348,35.32084],[139.40405,35.32063],[139.40548,35.31982],[139.40601,35.31961],[139.40629,35.31969],[139.40671,35.3202],[139.40689,35.32029],[139.40722,35.3202],[139.40774,35.31983],[139.40805,35.31966],[139.40821,35.31962],[139.40844,35.31966],[139.4086,35.32],[139.40927,35.32014],[139.4094,35.32045],[139.40986,35.32061],[139.41029,35.32114],[139.41051,35.32133],[139.41097,35.32156],[139.41169,35.32181],[139.41189,35.32195],[139.41197,35.3221],[139.4119,35.32242],[139.41192,35.32257],[139.41212,35.32281],[139.41248,35.32293],[139.41334,35.32287],[139.4137,35.32299],[139.41382,35.32311],[139.41395,35.32338],[139.41401,35.32398],[139.41408,35.32411],[139.41427,35.32406],[139.41466,35.32368],[139.41492,35.32351],[139.41507,35.32347],[139.41526,35.32351],[139.41541,35.32368],[139.41558,35.32409],[139.41571,35.32428],[139.416,35.32451],[139.41638,35.3247],[139.41657,35.32488],[139.41673,35.32527],[139.41682,35.32592],[139.417,35.32623],[139.41728,35.32653],[139.41798,35.32708],[139.41818,35.32731],[139.41827,35.32752],[139.41819,35.32785],[139.41822,35.328],[139.41857,35.32843],[139.41871,35.32896],[139.41897,35.32909],[139.41957,35.32913],[139.41989,35.32923],[139.42,35.32938],[139.42002,35.3298],[139.42036,35.32995],[139.42046,35.33005],[139.42047,35.33024],[139.42039,35.33048],[139.42044,35.33067],[139.42056,35.33076],[139.42084,35.33087],[139.42096,35.33098],[139.42101,35.33122],[139.42093,35.33153],[139.42095,35.33174],[139.42102,35.33182],[139.42128,35.33189],[139.42149,35.33215],[139.42169,35.33259],[139.42174,35.33302],[139.42156,35.33331],[139.42118,35.3335],[139.42084,35.33377],[139.42043,35.33438],[139.42025,35.33456],[139.41992,35.33466],[139.41943,35.33463],[139.41927,35.33472],[139.41919,35.3349],[139.41911,35.33541],[139.41899,35.33562],[139.4188,35.33578],[139.41835,35.33602],[139.41825,35.33613],[139.41826,35.33624],[139.41856,35.33662],[139.41861,35.33693],[139.41852,35.3372],[139.41824,35.3374],[139.41811,35.33761],[139.41805,35.33795],[139.41809,35.33831],[139.41824,35.33847],[139.41882,35.33846],[139.41924,35.33865],[139.41966,35.33911],[139.41982,35.33943],[139.4199,35.33978],[139.41996,35.34057],[139.41989,35.34089],[139.41983,35.34096],[139.41965,35.34105],[139.41914,35.34106],[139.4186,35.34191],[139.41833,35.34222],[139.41796,35.34246],[139.41756,35.34257],[139.41726,35.34272],[139.41713,35.34285],[139.41692,35.3432],[139.41681,35.34328],[139.41646,35.34337],[139.41638,35.34353],[139.41636,35.34377],[139.4162,35.34399],[139.41544,35.34444],[139.41529,35.34472],[139.41519,35.34523],[139.41499,35.34546],[139.41457,35.34577],[139.41445,35.34599],[139.41436,35.34641],[139.41397,35.34683],[139.41355,35.34703],[139.41335,35.34704],[139.41304,35.34699],[139.41286,35.34702],[139.41269,35.34712],[139.4124,35.3475],[139.41215,35.34771],[139.41196,35.34778],[139.41139,35.34787],[139.41075,35.34822],[139.41041,35.34822],[139.41026,35.34814],[139.41011,35.34795],[139.41002,35.34795],[139.40948,35.34855],[139.4093,35.34865],[139.40892,35.3487],[139.4088,35.34877],[139.40875,35.34898],[139.40881,35.3493],[139.40868,35.34954],[139.40846,35.34965],[139.40799,35.34975],[139.40767,35.34986],[139.40756,35.34996],[139.40745,35.35025],[139.40712,35.35045],[139.40701,35.35058],[139.40698,35.35074],[139.40711,35.35087],[139.40731,35.35092],[139.40776,35.35094],[139.4084,35.35084],[139.40934,35.35042],[139.40963,35.35043],[139.40977,35.35052],[139.40992,35.35078],[139.41002,35.35163],[139.41018,35.35191],[139.41037,35.35198],[139.41086,35.35192],[139.41112,35.35197],[139.41139,35.35223],[139.41174,35.35232],[139.41183,35.35248],[139.41181,35.3528],[139.41169,35.35317],[139.41153,35.35338],[139.41128,35.35347],[139.41118,35.35368],[139.4111,35.35432],[139.41106,35.3555],[139.41095,35.35601],[139.41084,35.35613],[139.41065,35.35615],[139.41049,35.35624],[139.41036,35.35645],[139.41046,35.35688],[139.41088,35.35765],[139.41103,35.35803],[139.41107,35.35832],[139.41102,35.35851],[139.41094,35.35858],[139.4107,35.35862],[139.41061,35.3587],[139.41043,35.35943],[139.41033,35.3595],[139.41014,35.35952],[139.40997,35.35962],[139.40976,35.35997],[139.40954,35.36016],[139.40873,35.36041],[139.40851,35.36055],[139.40837,35.36071],[139.40817,35.36081],[139.40668,35.36108],[139.40647,35.36117],[139.40638,35.36127],[139.40643,35.36146],[139.40656,35.36152],[139.40676,35.36154],[139.40705,35.3617],[139.40777,35.36242],[139.408,35.36286],[139.40802,35.36304],[139.40792,35.36325],[139.40766,35.3634],[139.40704,35.36358],[139.4062,35.36424],[139.4052,35.36465],[139.40505,35.36476],[139.40496,35.36499],[139.40477,35.36519],[139.40404,35.36556],[139.40372,35.36561],[139.40341,35.36555],[139.40286,35.3652],[139.40265,35.36512],[139.40257,35.36512],[139.40243,35.3652],[139.40227,35.36559],[139.40211,35.3658],[139.40192,35.36592],[139.40166,35.36595],[139.40099,35.36595],[139.39963,35.36585],[139.39854,35.36568],[139.39792,35.3655],[139.39775,35.36552],[139.39767,35.36566],[139.39767,35.36592],[139.39786,35.36649],[139.398,35.36667],[139.39838,35.36685],[139.39861,35.36706],[139.39898,35.36793],[139.39909,35.36802],[139.39936,35.36808],[139.39964,35.36833],[139.39986,35.36877],[139.39986,35.36911],[139.3997,35.36945],[139.39947,35.36968],[139.39919,35.36975],[139.3989,35.36971],[139.39876,35.36979],[139.39867,35.36999],[139.39858,35.37068],[139.3985,35.37085],[139.39819,35.37114],[139.39772,35.37138],[139.39678,35.37166],[139.39653,35.37177],[139.39617,35.37204],[139.396,35.37236],[139.39602,35.37332],[139.39595,35.37348],[139.39576,35.3736],[139.39567,35.37373],[139.39558,35.37429],[139.39546,35.37452],[139.39519,35.37468],[139.39477,35.37476],[139.39418,35.37478],[139.39366,35.37473],[139.39309,35.37456],[139.39286,35.37438],[139.39273,35.37419],[139.39266,35.37415],[139.39252,35.37417],[139.39238,35.37433],[139.39208,35.3749],[139.39188,35.37509],[139.39165,35.3752],[139.39117,35.37524],[139.39101,35.37532],[139.39102,35.37541],[139.39113,35.37556],[139.39129,35.37565],[139.39154,35.37568],[139.39161,35.37575],[139.39163,35.37588],[139.3915,35.37627],[139.3913,35.37643],[139.391,35.37653],[139.3906,35.37657],[139.38979,35.37652],[139.38946,35.37642],[139.38922,35.37621],[139.3888,35.37608],[139.38796,35.37596],[139.3877,35.37596],[139.3876,35.376],[139.38787,35.37621],[139.38801,35.37643],[139.38812,35.37692],[139.38814,35.37755],[139.38822,35.378],[139.38831,35.37818],[139.3885,35.37831],[139.38862,35.37845],[139.38889,35.37928],[139.38897,35.37941],[139.38922,35.37963],[139.38957,35.37977],[139.39003,35.37985],[139.39023,35.37993],[139.39039,35.38007],[139.39052,35.38027],[139.39065,35.38083],[139.39062,35.38162],[139.39034,35.38322],[139.39013,35.38386],[139.38994,35.38409],[139.38989,35.38424],[139.38994,35.38452],[139.39016,35.38504],[139.39024,35.38547],[139.39029,35.38665],[139.39019,35.38721],[139.38998,35.38761],[139.38965,35.38786],[139.38857,35.3881],[139.38811,35.38834],[139.38771,35.38878],[139.38753,35.38923],[139.38753,35.38956],[139.38759,35.38973],[139.38779,35.38991],[139.38807,35.39003],[139.3883,35.39031],[139.38858,35.39131],[139.38871,35.39158],[139.38887,35.39178],[139.38935,35.39214],[139.38948,35.39249],[139.38961,35.39256],[139.3898,35.39258],[139.38989,35.39265],[139.38997,35.39286],[139.38995,35.39317],[139.38976,35.39338],[139.38952,35.39345],[139.38868,35.39353],[139.38851,35.39363],[139.38832,35.39391],[139.38918,35.39394],[139.38951,35.39404],[139.38976,35.39436],[139.38989,35.39483],[139.39002,35.39506],[139.39032,35.39525],[139.39071,35.39528],[139.391,35.39538],[139.39118,35.39557],[139.39124,35.39584],[139.39119,35.39592],[139.39094,35.39597],[139.39062,35.39619],[139.38983,35.39701],[139.38931,35.39744],[139.38897,35.39764],[139.38848,35.39783],[139.38819,35.39807],[139.38813,35.39826],[139.38819,35.39858],[139.38815,35.39877],[139.38802,35.39893],[139.38756,35.39918],[139.38742,35.39934],[139.38748,35.39946],[139.38788,35.39976],[139.38801,35.40006],[139.38792,35.40042],[139.38759,35.40065],[139.38795,35.40073],[139.38821,35.40113],[139.38842,35.40128],[139.38923,35.40139],[139.38945,35.4015],[139.38966,35.40171],[139.38977,35.40173],[139.39017,35.40166],[139.39051,35.40183],[139.3906,35.40198],[139.39061,35.40217],[139.39038,35.40294],[139.39048,35.40332],[139.39103,35.40389],[139.39119,35.40412],[139.39127,35.40434],[139.39133,35.40476],[139.39142,35.40492],[139.39156,35.40502],[139.39184,35.40513],[139.39203,35.40531],[139.39219,35.40601],[139.39229,35.40608],[139.39265,35.40616],[139.39292,35.40632],[139.39312,35.40648],[139.39317,35.40672],[139.39301,35.40706],[139.39265,35.4075],[139.39133,35.40867],[139.39085,35.40898],[139.39061,35.40903],[139.3905,35.4091],[139.39023,35.40962],[139.3901,35.40976],[139.3898,35.40983],[139.38923,35.40977],[139.38907,35.40984],[139.38911,35.41009],[139.38942,35.41031],[139.38951,35.41049],[139.38945,35.41087],[139.38926,35.41118],[139.38874,35.41137],[139.38839,35.41172],[139.38814,35.41187],[139.38766,35.41195],[139.3875,35.41202],[139.38731,35.41223],[139.38718,35.41254],[139.38688,35.41279],[139.38658,35.41289],[139.386,35.413],[139.38562,35.41318],[139.38549,35.41335],[139.38537,35.41387],[139.38528,35.41394],[139.38501,35.414],[139.3848,35.41417],[139.38459,35.41446],[139.38451,35.4148],[139.38463,35.41514],[139.38491,35.41547],[139.38522,35.41571],[139.38572,35.41592],[139.38584,35.41601],[139.38589,35.4162],[139.38583,35.41644],[139.38589,35.41658],[139.38617,35.41673],[139.38677,35.41688],[139.38703,35.41709],[139.38709,35.41729],[139.38704,35.41765],[139.38691,35.41778],[139.38668,35.41783],[139.38663,35.41793],[139.38665,35.41819],[139.38679,35.41849],[139.38705,35.41871],[139.38776,35.41895],[139.38798,35.41914],[139.38821,35.41952],[139.38836,35.41962],[139.38881,35.41982],[139.38896,35.42003],[139.38902,35.42044],[139.3891,35.42061],[139.38926,35.42074],[139.38974,35.42089],[139.38999,35.42104],[139.3901,35.42126],[139.39006,35.42143],[139.38975,35.42178],[139.38861,35.42256],[139.38825,35.42288],[139.38813,35.42303],[139.38801,35.42333],[139.38805,35.42374],[139.38796,35.42407],[139.38779,35.42424],[139.3874,35.42442],[139.38707,35.42465],[139.3865,35.42535],[139.38582,35.42587],[139.38577,35.42599],[139.38584,35.42621],[139.38582,35.42632],[139.38524,35.42681],[139.38515,35.42699],[139.38509,35.42741],[139.385,35.4276],[139.38485,35.42776],[139.38436,35.42801],[139.3841,35.42821],[139.38402,35.42836],[139.38392,35.42882],[139.38363,35.42932],[139.38332,35.42968],[139.38311,35.42984],[139.38291,35.42993],[139.3827,35.42995],[139.38239,35.42988],[139.38157,35.42937],[139.38116,35.42926],[139.38096,35.42927],[139.38072,35.42937],[139.38049,35.42972],[139.38031,35.42987],[139.38005,35.42994],[139.37974,35.4299],[139.37943,35.42978],[139.37884,35.42938],[139.37867,35.42934],[139.37827,35.42938],[139.37813,35.42925],[139.37793,35.42891],[139.3777,35.4288],[139.37745,35.42886],[139.37718,35.42925],[139.37696,35.42938],[139.37649,35.42935],[139.37613,35.42924],[139.37585,35.4291],[139.37564,35.4289],[139.37555,35.42861],[139.37548,35.42791],[139.37546,35.42696],[139.37535,35.42616],[139.37517,35.42571],[139.37466,35.42496],[139.37397,35.4227],[139.37367,35.42189],[139.37332,35.42133],[139.37293,35.42111],[139.37279,35.42093],[139.37267,35.42062],[139.37248,35.41977],[139.37172,35.41778],[139.37152,35.4174],[139.37098,35.41664],[139.37089,35.41638],[139.37084,35.41583],[139.37075,35.41555],[139.3705,35.41513],[139.36993,35.41442],[139.36982,35.41414],[139.36977,35.41386],[139.36986,35.41319],[139.37001,35.41283],[139.37017,35.41261]],[[139.38268,35.5086],[139.38311,35.50915],[139.38328,35.50926],[139.38344,35.50925],[139.38386,35.50889],[139.384,35.50883],[139.3842,35.50883],[139.38435,35.50898],[139.38443,35.50939],[139.38462,35.5095],[139.38484,35.50944],[139.38495,35.50905],[139.38519,35.50889],[139.38586,35.50883],[139.38617,35.50892],[139.38627,35.509],[139.38637,35.50925],[139.38634,35.50962],[139.38616,35.51035],[139.38621,35.51061],[139.38633,35.51063],[139.38651,35.51057],[139.38686,35.51007],[139.38697,35.50999],[139.38716,35.50996],[139.38739,35.51003],[139.38776,35.51026],[139.3881,35.51058],[139.38823,35.51084],[139.38817,35.51104],[139.38786,35.51126],[139.38778,35.51141],[139.38776,35.51162],[139.38783,35.51223],[139.38774,35.5125],[139.38754,35.51271],[139.38701,35.51292],[139.38683,35.51305],[139.38667,35.51325],[139.38643,35.51388],[139.3863,35.51481],[139.38627,35.51603],[139.38638,35.51709],[139.38665,35.51785],[139.38684,35.51811],[139.38707,35.51829],[139.38734,35.5184],[139.38794,35.51844],[139.38848,35.51839],[139.38894,35.51826],[139.38934,35.51804],[139.38967,35.51779],[139.38981,35.51772],[139.39003,35.51769],[139.39019,35.5178],[139.39042,35.51834],[139.39066,35.51845],[139.39095,35.5184],[139.39118,35.51844],[139.39155,35.51893],[139.39199,35.51906],[139.39204,35.51919],[139.39201,35.51936],[139.39186,35.51958],[139.39157,35.51979],[139.39132,35.51987],[139.39093,35.5199],[139.39079,35.51997],[139.39067,35.52019],[139.39064,35.5205],[139.39057,35.52071],[139.39047,35.52078],[139.39027,35.5208],[139.39007,35.52089],[139.38971,35.52124],[139.38953,35.52136],[139.38919,35.52145],[139.3888,35.52145],[139.3885,35.52139],[139.38829,35.5212],[139.38813,35.52113],[139.38745,35.52116],[139.38693,35.52126],[139.38645,35.52144],[139.38625,35.52157],[139.38593,35.5219],[139.38581,35.52211],[139.38565,35.52259],[139.38556,35.52298],[139.38556,35.52328],[139.38559,35.5233],[139.3858,35.52318],[139.38602,35.52312],[139.38649,35.52311],[139.38708,35.52322],[139.38742,35.52343],[139.38772,35.52378],[139.38796,35.52425],[139.38814,35.52477],[139.38817,35.5253],[139.38805,35.52548],[139.38742,35.52558],[139.38733,35.52566],[139.38726,35.52589],[139.38707,35.52596],[139.38695,35.52595],[139.38682,35.52585],[139.38675,35.5255],[139.3866,35.52528],[139.38629,35.52508],[139.38587,35.52497],[139.3856,35.52498],[139.38518,35.52512],[139.38482,35.52536],[139.38461,35.52557],[139.38456,35.5257],[139.38461,35.5259],[139.38493,35.52612],[139.38506,35.52633],[139.38511,35.52681],[139.38505,35.52703],[139.38493,35.52716],[139.38474,35.52721],[139.38437,35.52718],[139.3842,35.52728],[139.38411,35.52767],[139.38421,35.52829],[139.38441,35.52862],[139.38471,35.52885],[139.38511,35.52898],[139.38606,35.52916],[139.38631,35.52931],[139.38635,35.52947],[139.3862,35.52959],[139.38573,35.52973],[139.38554,35.52988],[139.38538,35.53023],[139.38528,35.53095],[139.38509,35.53119],[139.3848,35.53129],[139.38465,35.53141],[139.38469,35.53167],[139.38463,35.53176],[139.38447,35.53184],[139.38387,35.53198],[139.38355,35.53222],[139.38344,35.53247],[139.38333,35.53343],[139.3831,35.53402],[139.38278,35.53447],[139.38216,35.53495],[139.38195,35.53544],[139.38156,35.53571],[139.38039,35.53628],[139.37923,35.53676],[139.37806,35.53716],[139.37752,35.5373],[139.37651,35.53749],[139.37604,35.53753],[139.37482,35.5375],[139.37423,35.53752],[139.37401,35.53757],[139.3737,35.5377],[139.37345,35.53816],[139.37329,35.53829],[139.37297,35.53826],[139.37271,35.538],[139.37255,35.53794],[139.37233,35.53792],[139.37171,35.53802],[139.3715,35.53814],[139.37139,35.53832],[139.37143,35.53904],[139.37134,35.53925],[139.37117,35.53938],[139.37132,35.53946],[139.3719,35.53959],[139.37214,35.53968],[139.37229,35.5398],[139.37235,35.53995],[139.37226,35.5403],[139.37198,35.5405],[139.37191,35.54064],[139.37189,35.54099],[139.37196,35.54146],[139.37191,35.54181],[139.37179,35.54196],[139.37151,35.54208],[139.37135,35.54239],[139.37135,35.54292],[139.37155,35.54395],[139.37165,35.54418],[139.37177,35.54428],[139.37208,35.54436],[139.3727,35.5444],[139.37302,35.54456],[139.37313,35.54476],[139.37323,35.54548],[139.37355,35.54588],[139.3736,35.54605],[139.37354,35.54622],[139.37338,35.54632],[139.37324,35.54634],[139.37286,35.54629],[139.37272,35.54637],[139.3726,35.54671],[139.3725,35.5476],[139.37239,35.5479],[139.37211,35.54827],[139.3717,35.54858],[139.37149,35.54865],[139.37112,35.54868],[139.37093,35.54881],[139.37097,35.54904],[139.37146,35.54918],[139.37164,35.54944],[139.37163,35.54977],[139.37138,35.55062],[139.37137,35.55089],[139.37141,35.55099],[139.37155,35.55112],[139.37203,35.55116],[139.37223,35.55125],[139.37237,35.55159],[139.37273,35.55184],[139.37293,35.55218],[139.37341,35.55329],[139.37355,35.55345],[139.37381,35.55363],[139.37392,35.55378],[139.3742,35.55458],[139.37431,35.5547],[139.37457,35.55479],[139.37471,35.55493],[139.37531,35.55641],[139.37564,35.55698],[139.37602,35.55749],[139.37616,35.55779],[139.3762,35.55807],[139.37607,35.55843],[139.37575,35.55873],[139.37508,35.55889],[139.37498,35.55913],[139.37487,35.55924],[139.37407,35.55958],[139.37374,35.55985],[139.37364,35.56007],[139.37359,35.56049],[139.37348,35.56077],[139.37315,35.56119],[139.37268,35.5616],[139.37235,35.56196],[139.37224,35.56216],[139.37221,35.56243],[139.37209,35.56275],[139.37159,35.56353],[139.37149,35.56387],[139.37156,35.5645],[139.37141,35.56522],[139.37125,35.56565],[139.37112,35.56583],[139.3708,35.5661],[139.37038,35.56628],[139.3691,35.5665],[139.36892,35.5666],[139.36889,35.56671],[139.36877,35.56677],[139.36831,35.56672],[139.36722,35.56646],[139.36664,35.56642],[139.36644,35.56653],[139.36637,35.56682],[139.3663,35.5669],[139.36606,35.567],[139.36568,35.56703],[139.36469,35.56693],[139.36396,35.56679],[139.3637,35.56661],[139.3636,35.56628],[139.36334,35.56621],[139.36315,35.56628],[139.3631,35.56646],[139.36298,35.56659],[139.36228,35.56694],[139.3617,35.56716],[139.36139,35.56722],[139.36079,35.56722],[139.3605,35.56715],[139.35993,35.56687],[139.35849,35.56567],[139.35818,35.56547],[139.35772,35.56528],[139.35763,35.56519],[139.35758,35.56498],[139.3575,35.56487],[139.35723,35.56481],[139.35718,35.56462],[139.35738,35.56392],[139.35735,35.5638],[139.35716,35.56361],[139.35678,35.5635],[139.35592,35.56346],[139.35526,35.56337],[139.35498,35.56325],[139.35462,35.56296],[139.35436,35.56289],[139.35303,35.56292],[139.35279,35.56281],[139.3527,35.56264],[139.35264,35.56242],[139.35267,35.5622],[139.35277,35.56208],[139.35305,35.56192],[139.3531,35.56174],[139.35296,35.56154],[139.35281,35.56145],[139.35255,35.56141],[139.35242,35.56122],[139.35229,35.5601],[139.3522,35.55988],[139.35192,35.55947],[139.35183,35.5592],[139.35192,35.55896],[139.35225,35.55876],[139.35202,35.55871],[139.35193,35.55859],[139.35204,35.558],[139.35202,35.55762],[139.35184,35.55725],[139.35167,35.55716],[139.35147,35.55713],[139.3513,35.55697],[139.35114,35.55651],[139.35114,35.55625],[139.3513,35.55591],[139.35151,35.55572],[139.35179,35.55557],[139.35234,35.55543],[139.35286,35.55547],[139.35301,35.55535],[139.35304,35.55491],[139.35285,35.55401],[139.35285,35.55359],[139.35294,35.55345],[139.3532,35.55327],[139.35333,35.55292],[139.35397,35.55262],[139.35416,35.55243],[139.35425,35.55218],[139.35421,35.552],[139.35409,35.55179],[139.35362,35.55135],[139.35346,35.55111],[139.35337,35.55071],[139.35345,35.54999],[139.3533,35.54935],[139.35317,35.54904],[139.35296,35.54875],[139.35283,35.54868],[139.35263,35.54871],[139.35253,35.54861],[139.35246,35.54822],[139.3524,35.54729],[139.35228,35.54704],[139.35203,35.54698],[139.35196,35.5469],[139.35191,35.54671],[139.35193,35.54654],[139.35217,35.54621],[139.35291,35.54565],[139.35307,35.54532],[139.35328,35.54523],[139.35376,35.54518],[139.35398,35.54502],[139.3542,35.54455],[139.35439,35.54367],[139.35455,35.54341],[139.35477,35.54329],[139.35516,35.54333],[139.35549,35.54325],[139.35568,35.54312],[139.35611,35.54262],[139.35637,35.54246],[139.35699,35.5422],[139.35718,35.54202],[139.35725,35.54163],[139.35699,35.54066],[139.35692,35.53907],[139.35702,35.53848],[139.35713,35.53825],[139.35744,35.53793],[139.35789,35.53779],[139.35842,35.53778],[139.35905,35.53766],[139.35937,35.5375],[139.35991,35.53706],[139.36012,35.537],[139.36052,35.53704],[139.3608,35.537],[139.36118,35.53668],[139.36138,35.53658],[139.36164,35.53654],[139.36241,35.53661],[139.36272,35.53657],[139.36303,35.53631],[139.36356,35.53622],[139.36375,35.53615],[139.36399,35.53594],[139.36422,35.53564],[139.3645,35.53549],[139.36473,35.5355],[139.365,35.5356],[139.36528,35.53583],[139.36537,35.53616],[139.36531,35.53654],[139.36533,35.53662],[139.36544,35.53671],[139.36566,35.53668],[139.36652,35.53635],[139.3671,35.53626],[139.36768,35.53624],[139.36799,35.53615],[139.36803,35.53603],[139.36777,35.5356],[139.36769,35.53507],[139.36759,35.53487],[139.36718,35.53461],[139.36645,35.53442],[139.36599,35.53423],[139.36566,35.53394],[139.36544,35.53356],[139.36534,35.53308],[139.36532,35.53242],[139.36537,35.53207],[139.36562,35.53141],[139.36556,35.53128],[139.36523,35.53112],[139.36508,35.53091],[139.36512,35.53005],[139.36503,35.52983],[139.36469,35.52946],[139.36454,35.52918],[139.36452,35.52897],[139.3646,35.52847],[139.36451,35.52829],[139.36426,35.52811],[139.36411,35.52777],[139.36398,35.52706],[139.36402,35.52657],[139.36412,35.52645],[139.36435,35.52632],[139.36451,35.52598],[139.36482,35.5259],[139.36554,35.52586],[139.36569,35.52583],[139.36589,35.5257],[139.36598,35.52551],[139.36595,35.52502],[139.36599,35.52493],[139.36616,35.52481],[139.36642,35.52476],[139.36691,35.52478],[139.36733,35.52486],[139.36775,35.52505],[139.36787,35.52504],[139.36792,35.52484],[139.36782,35.52412],[139.36785,35.52396],[139.36795,35.52378],[139.36809,35.52368],[139.3684,35.52362],[139.3685,35.52355],[139.36856,35.52343],[139.36861,35.52303],[139.3688,35.52282],[139.36904,35.52275],[139.36964,35.5227],[139.3699,35.52253],[139.36997,35.52223],[139.36987,35.52196],[139.36961,35.52178],[139.36922,35.52167],[139.36889,35.52149],[139.36863,35.52122],[139.36852,35.52099],[139.36849,35.52076],[139.36861,35.52043],[139.36911,35.51993],[139.36988,35.51956],[139.37022,35.51913],[139.37048,35.519],[139.37117,35.51885],[139.37252,35.51868],[139.37324,35.51851],[139.37412,35.5182],[139.37606,35.51736],[139.37634,35.51713],[139.37634,35.51736],[139.37669,35.51735],[139.37685,35.5173],[139.37709,35.51711],[139.37744,35.51669],[139.37689,35.51668],[139.37742,35.51566],[139.3776,35.5151],[139.37772,35.51425],[139.37779,35.51285],[139.37787,35.51259],[139.37798,35.5125],[139.37811,35.51257],[139.3782,35.51275],[139.3781,35.51332],[139.37813,35.51345],[139.3782,35.51352],[139.37856,35.51361],[139.37868,35.51373],[139.37874,35.51387],[139.37868,35.51453],[139.37827,35.51624],[139.37862,35.51623],[139.37876,35.51618],[139.37892,35.51599],[139.3791,35.51557],[139.37872,35.51283],[139.37867,35.51179],[139.37877,35.5115],[139.37891,35.51135],[139.37906,35.51129],[139.3794,35.51128],[139.37903,35.50892],[139.37901,35.50842],[139.37902,35.50828],[139.37911,35.50813],[139.37925,35.50814],[139.37946,35.50827],[139.37983,35.50872],[139.38012,35.50881],[139.38077,35.50873],[139.38165,35.50846],[139.38191,35.50841],[139.38235,35.50844],[139.38268,35.5086]],[[139.4354,35.34428],[139.43533,35.34388],[139.43514,35.34361],[139.4349,35.34346],[139.4343,35.34322],[139.43404,35.343],[139.43398,35.34284],[139.43401,35.3426],[139.43411,35.34239],[139.43434,35.34216],[139.43437,35.34206],[139.43426,35.34195],[139.43384,35.34176],[139.43372,35.34157],[139.43371,35.34141],[139.4338,35.34114],[139.43412,35.34092],[139.43417,35.34074],[139.43407,35.34058],[139.43393,35.34048],[139.43353,35.34039],[139.43344,35.34018],[139.43357,35.33999],[139.43419,35.33971],[139.43426,35.33962],[139.43426,35.33946],[139.43408,35.33933],[139.43372,35.3393],[139.43358,35.33924],[139.43349,35.33915],[139.43342,35.33884],[139.4333,35.33865],[139.43306,35.33845],[139.43234,35.33801],[139.43206,35.33778],[139.43183,35.33744],[139.4318,35.33711],[139.43168,35.3368],[139.43127,35.33635],[139.43117,35.33612],[139.43116,35.33586],[139.43123,35.33555],[139.43153,35.33501],[139.43181,35.33482],[139.43229,35.33473],[139.43245,35.3344],[139.43284,35.33422],[139.43299,35.3341],[139.4331,35.33376],[139.43302,35.3329],[139.43304,35.33266],[139.43312,35.3325],[139.43337,35.33233],[139.43347,35.3322],[139.43377,35.33156],[139.43394,35.33144],[139.43413,35.33142],[139.43426,35.33135],[139.43433,35.33112],[139.43444,35.33098],[139.43514,35.33075],[139.43517,35.33032],[139.4353,35.33016],[139.43568,35.33001],[139.43627,35.3299],[139.43664,35.32974],[139.43698,35.3295],[139.43755,35.3288],[139.43793,35.3285],[139.43815,35.32845],[139.43861,35.32862],[139.43907,35.32866],[139.43965,35.32861],[139.44035,35.32846],[139.44074,35.32832],[139.44102,35.32813],[139.44123,35.32788],[139.44136,35.32756],[139.44151,35.32739],[139.44192,35.32726],[139.44302,35.32732],[139.44344,35.32731],[139.44434,35.32711],[139.44464,35.32708],[139.44491,35.32713],[139.44542,35.32745],[139.44563,35.32749],[139.44594,35.32722],[139.44637,35.32712],[139.44664,35.32672],[139.44686,35.3265],[139.44719,35.32631],[139.44747,35.32623],[139.4476,35.32623],[139.44788,35.32631],[139.44815,35.32651],[139.44861,35.32697],[139.44915,35.3272],[139.44988,35.32735],[139.45186,35.32744],[139.45259,35.32755],[139.45285,35.32764],[139.45303,35.32774],[139.45314,35.32787],[139.45318,35.32802],[139.45311,35.32846],[139.45317,35.32872],[139.45354,35.32887],[139.45388,35.32929],[139.45411,35.32948],[139.45467,35.3297],[139.456,35.3299],[139.45618,35.32997],[139.45641,35.33012],[139.45647,35.33031],[139.45643,35.33064],[139.45651,35.33084],[139.45668,35.33103],[139.45731,35.3315],[139.45745,35.33182],[139.4576,35.33182],[139.45798,35.33165],[139.45829,35.33158],[139.4586,35.3316],[139.45887,35.33174],[139.45898,35.33192],[139.45904,35.33217],[139.45903,35.33282],[139.45892,35.33328],[139.45861,35.33409],[139.4586,35.33441],[139.45868,35.33482],[139.45858,35.33502],[139.45841,35.33519],[139.4584,35.33539],[139.45858,35.33563],[139.45887,35.33585],[139.45913,35.33598],[139.45945,35.33604],[139.4595,35.33617],[139.45943,35.33648],[139.45951,35.33667],[139.45986,35.33697],[139.46056,35.33741],[139.46076,35.33761],[139.46084,35.3378],[139.4608,35.33797],[139.46065,35.33816],[139.4605,35.33824],[139.46012,35.3383],[139.45993,35.33846],[139.45976,35.33874],[139.45947,35.33963],[139.45922,35.3401],[139.45903,35.34026],[139.45868,35.34032],[139.45859,35.3404],[139.45864,35.34075],[139.4586,35.34088],[139.45847,35.34099],[139.45801,35.34113],[139.45779,35.34127],[139.45775,35.34141],[139.45781,35.34165],[139.45777,35.34182],[139.45764,35.34199],[139.45701,35.3425],[139.45692,35.34275],[139.45698,35.343],[139.45697,35.34319],[139.45656,35.34351],[139.45603,35.3443],[139.45561,35.34451],[139.45444,35.34463],[139.45426,35.34471],[139.45412,35.34485],[139.45399,35.3449],[139.45369,35.34485],[139.45321,35.34469],[139.45305,35.3447],[139.45297,35.34478],[139.45286,35.3452],[139.45251,35.34548],[139.45249,35.34567],[139.45256,35.34592],[139.45251,35.34617],[139.4523,35.34643],[139.45197,35.34662],[139.45156,35.34667],[139.45091,35.34651],[139.45051,35.3465],[139.45031,35.34658],[139.44999,35.34685],[139.44979,35.34692],[139.44956,35.34694],[139.44898,35.34687],[139.44886,35.34691],[139.44879,35.3471],[139.44866,35.34717],[139.44827,35.34724],[139.4477,35.34723],[139.44739,35.34716],[139.44717,35.34703],[139.44694,35.34663],[139.44673,35.34648],[139.44617,35.34635],[139.44541,35.34633],[139.44485,35.34626],[139.44463,35.34618],[139.44443,35.34598],[139.44417,35.3459],[139.4438,35.34588],[139.44344,35.34592],[139.4428,35.34621],[139.44266,35.3462],[139.44237,35.34602],[139.44212,35.34596],[139.44159,35.34595],[139.44073,35.34602],[139.44032,35.34597],[139.43996,35.34571],[139.43927,35.34562],[139.43893,35.34549],[139.43873,35.3453],[139.43837,35.34473],[139.43768,35.34458],[139.43759,35.34462],[139.43751,35.34486],[139.43735,35.34499],[139.43708,35.34508],[139.43682,35.34506],[139.43669,35.34496],[139.43652,35.34458],[139.43639,35.34444],[139.4362,35.34437],[139.43571,35.34441],[139.43552,35.34438],[139.4354,35.34428]],[[139.6544,35.25066],[139.65459,35.25057],[139.65471,35.25045],[139.65478,35.25014],[139.65489,35.25],[139.65521,35.24986],[139.65592,35.24967],[139.65612,35.24948],[139.65619,35.24918],[139.65631,35.24908],[139.6565,35.24903],[139.65688,35.24903],[139.65707,35.24909],[139.65722,35.24924],[139.65727,35.24948],[139.65754,35.24967],[139.65808,35.2498],[139.65871,35.24984],[139.65898,35.2498],[139.65913,35.2497],[139.65921,35.24931],[139.65947,35.249],[139.65979,35.24884],[139.66017,35.2488],[139.66033,35.24888],[139.66038,35.24895],[139.66043,35.24917],[139.66035,35.25004],[139.6604,35.25046],[139.66056,35.25076],[139.66082,35.25095],[139.66116,35.25105],[139.66165,35.25104],[139.66185,35.25095],[139.66194,35.25076],[139.66225,35.25068],[139.66357,35.25076],[139.66393,35.25072],[139.66398,35.25064],[139.66379,35.25045],[139.66327,35.25037],[139.66313,35.2503],[139.66302,35.25009],[139.66303,35.24975],[139.66316,35.24947],[139.66339,35.24915],[139.66393,35.2486],[139.66459,35.24805],[139.66481,35.24793],[139.66497,35.24791],[139.66524,35.24801],[139.66577,35.2485],[139.66611,35.24865],[139.66649,35.24875],[139.66666,35.24886],[139.66674,35.24901],[139.66668,35.2494],[139.66672,35.24947],[139.66694,35.24933],[139.66733,35.24896],[139.66761,35.2488],[139.66802,35.24875],[139.6683,35.24884],[139.66862,35.2491],[139.66902,35.24956],[139.67048,35.2518],[139.67111,35.25259],[139.67121,35.25265],[139.6714,35.25263],[139.67155,35.25254],[139.67172,35.25235],[139.67198,35.25228],[139.67239,35.2523],[139.67284,35.2524],[139.6731,35.25257],[139.67322,35.25297],[139.67334,35.25314],[139.67389,35.25357],[139.67403,35.25382],[139.67397,35.25399],[139.67364,35.25435],[139.67356,35.25457],[139.67354,35.25481],[139.67362,35.25533],[139.67357,35.25558],[139.67322,35.25585],[139.67271,35.25647],[139.67224,35.2572],[139.67205,35.25773],[139.67198,35.25854],[139.67221,35.25978],[139.6722,35.26028],[139.67212,35.26038],[139.67199,35.26044],[139.67181,35.26046],[139.67132,35.2604],[139.67115,35.26047],[139.67106,35.26076],[139.6711,35.26107],[139.67108,35.2614],[139.67094,35.26171],[139.67068,35.26201],[139.66995,35.26256],[139.66968,35.26282],[139.66951,35.26306],[139.66924,35.2636],[139.66906,35.26369],[139.66886,35.26367],[139.66871,35.26358],[139.66849,35.26334],[139.66812,35.26324],[139.66759,35.26324],[139.66701,35.26333],[139.66673,35.26345],[139.66658,35.26358],[139.66634,35.26406],[139.66619,35.26422],[139.66583,35.26434],[139.66534,35.26437],[139.66506,35.26444],[139.66474,35.26465],[139.66449,35.26496],[139.66423,35.26512],[139.66363,35.26524],[139.66287,35.26526],[139.66235,35.26533],[139.66218,35.2654],[139.66207,35.26564],[139.66179,35.26571],[139.66152,35.26568],[139.6614,35.26563],[139.66129,35.26536],[139.6612,35.2653],[139.66096,35.26525],[139.66076,35.26527],[139.66034,35.26546],[139.65993,35.26585],[139.6597,35.26599],[139.65933,35.26606],[139.65892,35.26601],[139.65867,35.26602],[139.65832,35.26615],[139.65801,35.26637],[139.6578,35.26641],[139.65749,35.26629],[139.65692,35.26578],[139.65655,35.26568],[139.65644,35.26561],[139.6563,35.2654],[139.65614,35.26501],[139.65593,35.26481],[139.65573,35.26481],[139.65561,35.26488],[139.65547,35.26509],[139.65536,35.2654],[139.65518,35.26561],[139.65492,35.2657],[139.6547,35.26567],[139.65427,35.26548],[139.65332,35.26478],[139.65289,35.26453],[139.6522,35.26429],[139.65134,35.26414],[139.65098,35.26402],[139.65078,35.26369],[139.65016,35.26334],[139.65001,35.26319],[139.64999,35.26292],[139.65018,35.26252],[139.65019,35.26235],[139.64997,35.26229],[139.64985,35.2622],[139.64948,35.26133],[139.64925,35.26112],[139.64897,35.26101],[139.64881,35.2608],[139.64882,35.26046],[139.64893,35.26008],[139.64909,35.25983],[139.64933,35.25966],[139.64836,35.25956],[139.64817,35.25945],[139.64815,35.25935],[139.64828,35.25905],[139.6487,35.2585],[139.64882,35.25814],[139.64887,35.25738],[139.64881,35.25618],[139.64891,35.25567],[139.64907,35.25555],[139.64945,35.2555],[139.64977,35.25535],[139.65007,35.25503],[139.65024,35.25472],[139.65025,35.25448],[139.64999,35.2544],[139.64986,35.25421],[139.64981,35.25366],[139.64994,35.25312],[139.65008,35.25294],[139.65028,35.25281],[139.65056,35.25252],[139.65065,35.25201],[139.65081,35.25177],[139.651,35.25166],[139.65153,35.25149],[139.65181,35.25134],[139.65282,35.25047],[139.65308,35.25037],[139.65327,35.25039],[139.65343,35.25047],[139.65359,35.25067],[139.65381,35.25074],[139.6544,35.25066]],[[139.02984,35.24449],[139.03061,35.24443],[139.03087,35.2443],[139.03101,35.24387],[139.03121,35.24372],[139.03149,35.24362],[139.03164,35.24345],[139.03166,35.24327],[139.03158,35.24287],[139.03164,35.24271],[139.03199,35.2426],[139.03206,35.24236],[139.03218,35.24226],[139.03275,35.24216],[139.03286,35.242],[139.0329,35.24177],[139.03303,35.24167],[139.03327,35.24163],[139.034,35.24169],[139.03432,35.24168],[139.03468,35.24156],[139.03492,35.24135],[139.03512,35.24132],[139.03538,35.24141],[139.03623,35.24201],[139.03689,35.24235],[139.03793,35.2427],[139.03835,35.24279],[139.03866,35.2428],[139.03888,35.24274],[139.03927,35.24253],[139.03982,35.24247],[139.03998,35.24239],[139.04012,35.24203],[139.04076,35.24142],[139.04095,35.24118],[139.04111,35.24079],[139.04114,35.24039],[139.04122,35.24009],[139.04132,35.23997],[139.0416,35.23979],[139.04176,35.23947],[139.04214,35.23943],[139.04277,35.23956],[139.04313,35.23973],[139.04343,35.24003],[139.0436,35.24013],[139.04369,35.24011],[139.04381,35.23996],[139.04399,35.23986],[139.04453,35.2398],[139.04474,35.23971],[139.04487,35.23957],[139.04484,35.23946],[139.04425,35.23949],[139.04415,35.23944],[139.04399,35.23925],[139.04391,35.23892],[139.04385,35.23786],[139.04373,35.23752],[139.04354,35.23739],[139.04341,35.23714],[139.04337,35.23674],[139.04339,35.23641],[139.0435,35.23613],[139.0437,35.23589],[139.0443,35.23552],[139.04458,35.23523],[139.04464,35.23503],[139.0446,35.23468],[139.04466,35.2344],[139.04482,35.23408],[139.04509,35.23372],[139.04546,35.23336],[139.04567,35.23323],[139.04613,35.23306],[139.04666,35.23302],[139.0478,35.23317],[139.04842,35.23313],[139.04871,35.23302],[139.04902,35.23281],[139.04922,35.23274],[139.04992,35.23278],[139.04998,35.23272],[139.05002,35.23251],[139.05013,35.23239],[139.05031,35.23229],[139.05067,35.23223],[139.05204,35.23222],[139.05248,35.23229],[139.05284,35.23242],[139.05361,35.23307],[139.05412,35.23328],[139.05435,35.23343],[139.05454,35.23373],[139.05465,35.23424],[139.05464,35.23448],[139.05456,35.23464],[139.05416,35.23475],[139.0538,35.23496],[139.05332,35.23533],[139.05306,35.23562],[139.05293,35.23592],[139.05291,35.23624],[139.05301,35.23658],[139.05312,35.23673],[139.05347,35.237],[139.054,35.23722],[139.05469,35.23738],[139.05577,35.23755],[139.05639,35.23773],[139.05654,35.23784],[139.05666,35.23816],[139.05723,35.23875],[139.05731,35.23895],[139.05737,35.23938],[139.0575,35.23954],[139.05789,35.23967],[139.05846,35.2397],[139.05879,35.23977],[139.05904,35.2399],[139.05938,35.2403],[139.0596,35.24045],[139.0599,35.24055],[139.06026,35.2406],[139.06085,35.24058],[139.06136,35.2405],[139.0618,35.24035],[139.06205,35.24019],[139.06237,35.23981],[139.06268,35.23909],[139.06297,35.23863],[139.0632,35.23839],[139.06381,35.23794],[139.06397,35.23774],[139.06416,35.2373],[139.06438,35.23696],[139.065,35.23641],[139.06562,35.23611],[139.06627,35.23597],[139.06659,35.23586],[139.0667,35.23576],[139.06674,35.23559],[139.0669,35.23539],[139.06735,35.23508],[139.06767,35.23493],[139.06829,35.23477],[139.06951,35.2346],[139.06993,35.23448],[139.07003,35.23438],[139.07008,35.23419],[139.07029,35.23393],[139.07097,35.23341],[139.07154,35.23312],[139.0729,35.23256],[139.07407,35.23181],[139.07467,35.23158],[139.07548,35.2314],[139.07708,35.23121],[139.0785,35.23116],[139.07941,35.23126],[139.07974,35.23141],[139.08005,35.23177],[139.0802,35.23229],[139.08025,35.23327],[139.08033,35.23353],[139.08051,35.23377],[139.08078,35.23392],[139.08112,35.23396],[139.08124,35.2339],[139.08132,35.23367],[139.08147,35.23356],[139.08178,35.23352],[139.08218,35.23355],[139.08242,35.23363],[139.08276,35.23382],[139.08294,35.234],[139.08306,35.23423],[139.08311,35.23449],[139.08309,35.2348],[139.08293,35.23529],[139.08262,35.23575],[139.08176,35.23658],[139.08161,35.23683],[139.08151,35.2373],[139.08136,35.23756],[139.0809,35.238],[139.07978,35.23886],[139.07963,35.23904],[139.07958,35.23923],[139.07942,35.23946],[139.07872,35.24005],[139.07841,35.24022],[139.07792,35.24034],[139.07718,35.24086],[139.07672,35.2411],[139.07559,35.24142],[139.07548,35.24151],[139.07543,35.24169],[139.07527,35.24185],[139.07461,35.24231],[139.07387,35.24267],[139.0731,35.24288],[139.07256,35.24293],[139.07203,35.24292],[139.07156,35.24288],[139.071,35.24277],[139.07032,35.24245],[139.0694,35.24164],[139.06917,35.24155],[139.06901,35.24159],[139.06874,35.24174],[139.06815,35.24221],[139.0671,35.24321],[139.06642,35.24405],[139.06568,35.24523],[139.06508,35.24587],[139.06464,35.24614],[139.06346,35.2465],[139.06296,35.24685],[139.0626,35.24691],[139.06183,35.24696],[139.06161,35.24702],[139.06136,35.24717],[139.06125,35.24734],[139.06117,35.2476],[139.06105,35.24874],[139.06093,35.249],[139.06074,35.24913],[139.06048,35.24916],[139.06012,35.24907],[139.05993,35.24895],[139.0596,35.24854],[139.05934,35.24835],[139.05875,35.24812],[139.05798,35.24793],[139.05735,35.24773],[139.05642,35.24721],[139.0561,35.24714],[139.05552,35.2471],[139.05516,35.24714],[139.05475,35.24731],[139.05449,35.2476],[139.05447,35.24771],[139.05459,35.2479],[139.05515,35.24813],[139.05609,35.24832],[139.05656,35.24847],[139.05686,35.24865],[139.05698,35.24886],[139.0569,35.24924],[139.05679,35.24937],[139.05643,35.24956],[139.05633,35.24982],[139.05631,35.25026],[139.05647,35.25159],[139.05645,35.25192],[139.05628,35.25256],[139.05613,35.25285],[139.0557,35.2534],[139.05494,35.25406],[139.05437,35.25444],[139.05376,35.25459],[139.05367,35.25468],[139.05362,35.25498],[139.0535,35.25514],[139.05336,35.25519],[139.05288,35.25524],[139.05249,35.25545],[139.05221,35.25581],[139.05184,35.25655],[139.05162,35.25676],[139.05133,35.25687],[139.05097,35.25689],[139.05039,35.25684],[139.05006,35.25688],[139.04979,35.25698],[139.0492,35.25736],[139.0489,35.25742],[139.04867,35.25732],[139.04845,35.25697],[139.04828,35.25687],[139.04785,35.25683],[139.04713,35.25687],[139.0469,35.2568],[139.04677,35.25666],[139.04673,35.25635],[139.04662,35.25611],[139.04648,35.256],[139.0462,35.25588],[139.04608,35.25572],[139.04603,35.25547],[139.04609,35.25494],[139.04606,35.25465],[139.04599,35.25456],[139.04575,35.25448],[139.04413,35.25485],[139.04279,35.25492],[139.04208,35.25501],[139.04167,35.25512],[139.0408,35.25546],[139.04011,35.25556],[139.03976,35.25554],[139.03917,35.25535],[139.03873,35.25511],[139.03767,35.25441],[139.03719,35.25419],[139.03696,35.25426],[139.0369,35.25435],[139.03687,35.25457],[139.03681,35.25465],[139.03623,35.2548],[139.03455,35.25485],[139.0337,35.25479],[139.0331,35.25467],[139.03273,35.25447],[139.03263,35.25435],[139.03258,35.25408],[139.03263,35.25371],[139.03291,35.25349],[139.03301,35.25324],[139.03304,35.25286],[139.03288,35.25258],[139.03271,35.25245],[139.03221,35.2522],[139.03032,35.25163],[139.02965,35.25138],[139.02949,35.25124],[139.02943,35.25105],[139.02917,35.2508],[139.02872,35.25048],[139.0283,35.25027],[139.02748,35.25001],[139.0261,35.24974],[139.0258,35.24965],[139.02535,35.24944],[139.02507,35.24917],[139.025,35.24901],[139.02496,35.24869],[139.02513,35.24828],[139.02557,35.24796],[139.02596,35.24779],[139.02635,35.24747],[139.02648,35.24723],[139.02653,35.24682],[139.02664,35.24655],[139.02684,35.2463],[139.02712,35.24607],[139.0279,35.24565],[139.02864,35.2455],[139.02885,35.24506],[139.02919,35.24475],[139.02943,35.24461],[139.02984,35.24449]],[[139.07196,35.35621],[139.07252,35.35622],[139.07379,35.35638],[139.0743,35.35637],[139.0747,35.35629],[139.07552,35.35591],[139.07595,35.35585],[139.07637,35.35596],[139.07699,35.35637],[139.07735,35.3565],[139.07788,35.35653],[139.0784,35.35647],[139.0787,35.35631],[139.07879,35.35606],[139.07866,35.35591],[139.07833,35.35586],[139.07815,35.35579],[139.07794,35.35549],[139.07782,35.35497],[139.07781,35.35463],[139.07786,35.35436],[139.07798,35.35416],[139.07817,35.35403],[139.07853,35.35395],[139.07897,35.354],[139.07946,35.35413],[139.07972,35.35414],[139.07998,35.35399],[139.08007,35.35379],[139.08023,35.35361],[139.08051,35.35348],[139.08091,35.35342],[139.08168,35.35342],[139.08227,35.35352],[139.08253,35.35363],[139.08279,35.35387],[139.08303,35.35399],[139.08336,35.35406],[139.08423,35.35413],[139.08441,35.35421],[139.08468,35.35445],[139.08476,35.35463],[139.08485,35.35509],[139.08482,35.35583],[139.08471,35.35625],[139.0846,35.35635],[139.08446,35.35636],[139.0843,35.35646],[139.08408,35.35681],[139.08392,35.35694],[139.0837,35.35705],[139.08315,35.35718],[139.08326,35.35723],[139.08409,35.35732],[139.08559,35.3574],[139.08639,35.35739],[139.08695,35.35733],[139.08727,35.3572],[139.08771,35.35682],[139.08854,35.35639],[139.0887,35.35624],[139.08898,35.35583],[139.08935,35.35558],[139.0901,35.35527],[139.09045,35.35521],[139.09074,35.35523],[139.09099,35.35534],[139.09124,35.35559],[139.09134,35.35585],[139.09127,35.35618],[139.09131,35.35635],[139.09143,35.35652],[139.0919,35.35687],[139.09206,35.35706],[139.09214,35.35726],[139.09214,35.35747],[139.09204,35.35768],[139.0917,35.35786],[139.09135,35.35789],[139.09035,35.35782],[139.09014,35.35786],[139.09005,35.35799],[139.09043,35.35843],[139.09212,35.35979],[139.09247,35.3602],[139.09254,35.36055],[139.09263,35.36069],[139.09313,35.36111],[139.09328,35.36149],[139.0933,35.36221],[139.09318,35.36275],[139.09295,35.36307],[139.0931,35.3632],[139.09368,35.36333],[139.094,35.36345],[139.0941,35.36354],[139.09411,35.36371],[139.09385,35.36399],[139.09366,35.3641],[139.09337,35.36417],[139.09275,35.36417],[139.09092,35.36391],[139.09059,35.36391],[139.09027,35.36399],[139.09016,35.36417],[139.09032,35.36467],[139.09022,35.36487],[139.08993,35.36507],[139.08887,35.36542],[139.08847,35.36566],[139.08833,35.3658],[139.08818,35.36612],[139.08822,35.36683],[139.08811,35.36717],[139.08795,35.36729],[139.08735,35.36739],[139.08671,35.36741],[139.08625,35.36726],[139.08599,35.36704],[139.08548,35.36623],[139.08527,35.36606],[139.085,35.36634],[139.08458,35.36646],[139.08394,35.36649],[139.08373,35.36647],[139.08342,35.36636],[139.08332,35.36628],[139.08322,35.36604],[139.08329,35.36535],[139.08324,35.3652],[139.08314,35.36513],[139.08284,35.3652],[139.08261,35.36544],[139.08242,35.36553],[139.08147,35.3657],[139.08059,35.3657],[139.08021,35.36564],[139.0797,35.36548],[139.07925,35.3652],[139.07914,35.36504],[139.07909,35.36487],[139.0791,35.3647],[139.07919,35.36453],[139.07952,35.3642],[139.07954,35.36411],[139.07948,35.36394],[139.07926,35.36377],[139.07828,35.36329],[139.07789,35.36295],[139.07753,35.36287],[139.07697,35.36284],[139.07651,35.36288],[139.07628,35.36299],[139.07623,35.36314],[139.07608,35.36324],[139.07516,35.36335],[139.07456,35.36365],[139.07409,35.36359],[139.07399,35.36388],[139.07367,35.36398],[139.07355,35.36412],[139.0734,35.36454],[139.07328,35.36516],[139.0731,35.36558],[139.07293,35.36572],[139.07263,35.36572],[139.07232,35.36553],[139.0718,35.36484],[139.07151,35.36464],[139.07133,35.36458],[139.07094,35.36455],[139.07025,35.36467],[139.06973,35.36464],[139.06948,35.36452],[139.06907,35.36406],[139.06886,35.36396],[139.06835,35.36388],[139.06819,35.36368],[139.0681,35.3631],[139.06819,35.36199],[139.06814,35.36145],[139.06787,35.36101],[139.06779,35.36078],[139.06774,35.35992],[139.06767,35.35952],[139.06758,35.35935],[139.06734,35.35915],[139.06722,35.35866],[139.06723,35.35811],[139.0673,35.35782],[139.06742,35.35762],[139.06758,35.3575],[139.06779,35.35744],[139.0681,35.35726],[139.06883,35.35662],[139.06904,35.35652],[139.06935,35.35648],[139.06955,35.35655],[139.06976,35.3567],[139.07033,35.35748],[139.07048,35.35757],[139.07058,35.35711],[139.07089,35.35666],[139.07132,35.35635],[139.07196,35.35621]],[[139.14056,35.342],[139.14159,35.3423],[139.14257,35.34269],[139.14494,35.34402],[139.1463,35.34452],[139.14653,35.34469],[139.14664,35.34496],[139.14704,35.34507],[139.14741,35.34562],[139.14793,35.34602],[139.14809,35.34626],[139.14821,35.34659],[139.14839,35.34754],[139.14854,35.34804],[139.14889,35.34881],[139.14945,35.34974],[139.14955,35.35016],[139.14945,35.3503],[139.14906,35.35035],[139.14882,35.35027],[139.14854,35.3501],[139.1484,35.35009],[139.14793,35.35031],[139.1478,35.35001],[139.14764,35.34997],[139.1475,35.35],[139.14716,35.35039],[139.14655,35.3515],[139.14634,35.35173],[139.14603,35.35189],[139.14582,35.3519],[139.14562,35.35186],[139.1451,35.35155],[139.1449,35.35152],[139.14459,35.35168],[139.14438,35.35194],[139.14412,35.35215],[139.14379,35.35228],[139.1434,35.35233],[139.14293,35.35229],[139.14237,35.35218],[139.14203,35.35205],[139.14176,35.35178],[139.14158,35.35174],[139.14144,35.35175],[139.14119,35.35191],[139.14069,35.35249],[139.14044,35.35268],[139.14015,35.3528],[139.13951,35.35286],[139.13923,35.35296],[139.13917,35.35307],[139.13922,35.35331],[139.13916,35.35346],[139.13887,35.35366],[139.13839,35.35382],[139.13795,35.35386],[139.1377,35.35381],[139.13749,35.35371],[139.13725,35.35345],[139.13729,35.35306],[139.13721,35.35292],[139.13701,35.35282],[139.13648,35.35271],[139.13615,35.35269],[139.13591,35.35273],[139.13578,35.35283],[139.13574,35.35306],[139.13558,35.35325],[139.13527,35.35338],[139.13482,35.35342],[139.13467,35.35335],[139.13463,35.35318],[139.1345,35.35299],[139.13394,35.35245],[139.13334,35.352],[139.13277,35.3517],[139.13209,35.35153],[139.13148,35.35153],[139.13118,35.35168],[139.13101,35.35206],[139.13082,35.35212],[139.13046,35.3521],[139.1303,35.35202],[139.13025,35.35182],[139.13016,35.35172],[139.12991,35.3516],[139.12931,35.35143],[139.12884,35.35106],[139.12797,35.35092],[139.12782,35.35076],[139.12779,35.35053],[139.12772,35.35037],[139.12743,35.35029],[139.12731,35.3502],[139.12721,35.34971],[139.12708,35.34956],[139.12689,35.34945],[139.12676,35.34924],[139.12672,35.34876],[139.12682,35.34857],[139.12703,35.34831],[139.12776,35.34764],[139.12963,35.34622],[139.13181,35.34466],[139.13326,35.3435],[139.1335,35.34309],[139.13431,35.34234],[139.1348,35.34176],[139.13565,35.34028],[139.13589,35.33994],[139.13623,35.33966],[139.13647,35.33965],[139.13709,35.33991],[139.13876,35.34108],[139.13985,35.34171],[139.14056,35.342]],[[139.13854,35.33555],[139.13849,35.33522],[139.13859,35.33493],[139.13901,35.33451],[139.1391,35.33436],[139.13911,35.33423],[139.13904,35.33388],[139.13919,35.33343],[139.13958,35.33283],[139.14021,35.33233],[139.14032,35.33206],[139.14038,35.33165],[139.14047,35.3315],[139.14061,35.33139],[139.1409,35.33129],[139.14109,35.33111],[139.14119,35.33062],[139.14128,35.33045],[139.14154,35.33027],[139.14199,35.33015],[139.1421,35.33006],[139.14179,35.32983],[139.14158,35.32937],[139.14145,35.32927],[139.14135,35.32928],[139.14108,35.32944],[139.14033,35.33017],[139.13983,35.33049],[139.13955,35.33052],[139.13934,35.33039],[139.13921,35.33022],[139.13921,35.32996],[139.13986,35.32923],[139.14066,35.32796],[139.14115,35.32757],[139.14129,35.32718],[139.14167,35.32694],[139.14189,35.32646],[139.14301,35.32539],[139.14328,35.32501],[139.14372,35.32417],[139.14403,35.32372],[139.14424,35.32354],[139.14445,35.32346],[139.14463,35.32345],[139.14477,35.32352],[139.14488,35.32366],[139.14511,35.32417],[139.14526,35.32433],[139.14562,35.32459],[139.14573,35.32485],[139.1457,35.32508],[139.14558,35.32535],[139.14532,35.32565],[139.14499,35.32575],[139.14449,35.32569],[139.1443,35.3257],[139.14417,35.32576],[139.14408,35.32586],[139.14407,35.32612],[139.14442,35.32672],[139.14455,35.32742],[139.14468,35.32733],[139.14489,35.32704],[139.1451,35.3269],[139.1455,35.32683],[139.14613,35.32687],[139.14639,35.32678],[139.14659,35.3266],[139.14698,35.32603],[139.14725,35.32587],[139.14745,35.32585],[139.14774,35.3259],[139.1482,35.32614],[139.14838,35.32609],[139.1486,35.32592],[139.14912,35.32525],[139.1495,35.32489],[139.14973,35.32477],[139.15025,35.32468],[139.15066,35.32445],[139.151,35.32407],[139.15109,35.32384],[139.15113,35.32344],[139.15101,35.32295],[139.15054,35.32239],[139.15048,35.32222],[139.15051,35.32206],[139.15084,35.3217],[139.15105,35.3216],[139.15134,35.32155],[139.15145,35.32129],[139.15158,35.32122],[139.15197,35.32115],[139.15269,35.32113],[139.15292,35.32108],[139.15305,35.32101],[139.15307,35.32085],[139.15295,35.32074],[139.15244,35.32068],[139.15223,35.32059],[139.15208,35.32039],[139.1521,35.32022],[139.15223,35.32005],[139.15245,35.3199],[139.15271,35.31982],[139.15309,35.31979],[139.15324,35.31972],[139.15335,35.31951],[139.15342,35.31908],[139.15354,35.31888],[139.15373,35.3187],[139.15422,35.31836],[139.15443,35.31811],[139.15448,35.31794],[139.15446,35.3177],[139.15435,35.31753],[139.15412,35.31738],[139.15407,35.3171],[139.15418,35.31664],[139.15433,35.31627],[139.15451,35.316],[139.15473,35.31583],[139.15498,35.31576],[139.15558,35.31569],[139.15617,35.3154],[139.15715,35.31545],[139.15723,35.31539],[139.15736,35.3151],[139.15761,35.31488],[139.15815,35.31458],[139.15856,35.31446],[139.15898,35.31443],[139.15934,35.31447],[139.15988,35.31471],[139.15998,35.31454],[139.16006,35.3137],[139.16014,35.31349],[139.16033,35.31328],[139.16065,35.31313],[139.16129,35.31304],[139.16147,35.31294],[139.1616,35.31279],[139.16173,35.31273],[139.16203,35.31272],[139.16241,35.31278],[139.16267,35.31274],[139.16275,35.31264],[139.16279,35.31241],[139.16288,35.31228],[139.16303,35.31217],[139.1637,35.31195],[139.16386,35.31176],[139.16396,35.3114],[139.16408,35.31133],[139.16424,35.3113],[139.1646,35.31135],[139.16473,35.31141],[139.16491,35.3116],[139.16504,35.31162],[139.16522,35.31158],[139.16589,35.31126],[139.16619,35.31122],[139.16652,35.31125],[139.16724,35.31151],[139.16739,35.31163],[139.16746,35.31184],[139.16753,35.31186],[139.16837,35.31136],[139.16866,35.31133],[139.169,35.3114],[139.1692,35.31149],[139.16932,35.3116],[139.16958,35.31216],[139.16971,35.3123],[139.17,35.31237],[139.17039,35.31233],[139.17069,35.31247],[139.17082,35.31269],[139.17095,35.31315],[139.1712,35.31347],[139.17146,35.31357],[139.17206,35.31364],[139.17226,35.31374],[139.17236,35.31389],[139.17242,35.3142],[139.17259,35.31436],[139.17289,35.31446],[139.17362,35.31451],[139.17407,35.31458],[139.17426,35.31466],[139.17454,35.31488],[139.17463,35.31503],[139.17473,35.3154],[139.17475,35.31572],[139.1747,35.31602],[139.17421,35.31623],[139.17382,35.31659],[139.17359,35.31697],[139.17347,35.31741],[139.1735,35.31817],[139.17363,35.31847],[139.17391,35.31883],[139.17399,35.31928],[139.1739,35.31985],[139.1738,35.31997],[139.17362,35.32009],[139.17354,35.32025],[139.17352,35.3205],[139.17358,35.32103],[139.17354,35.32135],[139.17337,35.32157],[139.17306,35.32169],[139.1722,35.32173],[139.17162,35.32186],[139.1714,35.32202],[139.17127,35.32222],[139.17121,35.32254],[139.17131,35.32279],[139.17147,35.32296],[139.17206,35.32339],[139.17232,35.32364],[139.17248,35.32398],[139.1725,35.32427],[139.17242,35.32444],[139.17218,35.32463],[139.17118,35.32511],[139.17071,35.32546],[139.17048,35.32574],[139.17025,35.32622],[139.16996,35.32664],[139.16934,35.32712],[139.16917,35.32731],[139.16908,35.32761],[139.16916,35.32794],[139.16936,35.32824],[139.16966,35.32845],[139.16976,35.32866],[139.16979,35.32897],[139.16968,35.32922],[139.16953,35.32932],[139.16903,35.32937],[139.16866,35.32949],[139.16843,35.32965],[139.16801,35.33004],[139.16759,35.33023],[139.1671,35.3302],[139.16653,35.3299],[139.16639,35.3302],[139.16598,35.33031],[139.16591,35.33055],[139.16582,35.33064],[139.16556,35.33076],[139.16497,35.33092],[139.16481,35.331],[139.16456,35.33124],[139.1643,35.33128],[139.1638,35.33122],[139.16356,35.33129],[139.16328,35.33157],[139.16304,35.33203],[139.16292,35.33215],[139.16263,35.33231],[139.16226,35.33238],[139.16138,35.33232],[139.16105,35.33233],[139.16081,35.33239],[139.16051,35.33254],[139.1603,35.33245],[139.1601,35.33218],[139.16004,35.33214],[139.15998,35.33217],[139.15982,35.33272],[139.15959,35.33473],[139.15946,35.33529],[139.15929,35.33563],[139.15919,35.33571],[139.15881,35.33588],[139.15871,35.33614],[139.15855,35.33631],[139.15772,35.33674],[139.15687,35.33749],[139.1567,35.33758],[139.15648,35.33762],[139.15635,35.33773],[139.1562,35.33815],[139.15602,35.33915],[139.15576,35.33977],[139.1555,35.34006],[139.155,35.34036],[139.15448,35.34087],[139.15413,35.34134],[139.15361,35.3422],[139.15313,35.34278],[139.15283,35.34297],[139.15213,35.34308],[139.15186,35.34331],[139.15168,35.34336],[139.15142,35.34338],[139.15068,35.34332],[139.15025,35.34342],[139.15007,35.34359],[139.14993,35.34397],[139.1498,35.34415],[139.14961,35.34424],[139.14913,35.34421],[139.14895,35.34428],[139.14895,35.34442],[139.14921,35.34501],[139.14918,35.34522],[139.14904,35.34536],[139.14888,35.34543],[139.14854,35.34547],[139.14827,35.34545],[139.14802,35.34536],[139.14767,35.34509],[139.14721,35.34456],[139.1467,35.34422],[139.1452,35.34357],[139.14416,35.34288],[139.14375,35.34275],[139.14335,35.34273],[139.14306,35.34266],[139.14258,35.34228],[139.14175,35.34202],[139.14155,35.3419],[139.14106,35.34145],[139.14073,35.3413],[139.14013,35.34113],[139.13958,35.34069],[139.13802,35.34002],[139.13756,35.33971],[139.13705,35.33923],[139.13689,35.33913],[139.13661,35.33905],[139.13651,35.33886],[139.13646,35.33851],[139.13647,35.33742],[139.13652,35.33718],[139.1367,35.33681],[139.13683,35.33667],[139.13717,35.33651],[139.13756,35.33647],[139.13799,35.33648],[139.13816,35.33654],[139.13841,35.33677],[139.13873,35.33685],[139.139,35.33681],[139.13916,35.33664],[139.1392,35.33634],[139.13915,35.33609],[139.13907,35.33599],[139.13883,35.33593],[139.13866,35.3358],[139.13854,35.33555]],[[139.15296,35.61422],[139.15357,35.61411],[139.15449,35.61383],[139.15502,35.61376],[139.15563,35.61375],[139.15693,35.61383],[139.15792,35.61375],[139.15844,35.6136],[139.15876,35.61343],[139.15887,35.61332],[139.15895,35.61306],[139.15914,35.61291],[139.15974,35.61274],[139.16097,35.61249],[139.16207,35.61237],[139.16336,35.61238],[139.16392,35.61251],[139.16402,35.61262],[139.16411,35.61284],[139.16414,35.61307],[139.1641,35.61316],[139.16394,35.61324],[139.16358,35.61329],[139.16346,35.61343],[139.16341,35.61385],[139.16346,35.61465],[139.1633,35.61503],[139.16308,35.61516],[139.16264,35.61521],[139.16248,35.61513],[139.16239,35.6149],[139.16227,35.61485],[139.162,35.61483],[139.16191,35.61486],[139.16177,35.61504],[139.16164,35.61557],[139.16157,35.61677],[139.16149,35.61708],[139.16138,35.61728],[139.16119,35.61739],[139.1606,35.61755],[139.15882,35.61785],[139.15849,35.61795],[139.15793,35.61824],[139.15752,35.61862],[139.15706,35.61952],[139.15685,35.61983],[139.15664,35.62002],[139.15627,35.62021],[139.15615,35.62036],[139.15599,35.62124],[139.15587,35.62149],[139.15536,35.62219],[139.15527,35.62245],[139.15522,35.62286],[139.15512,35.62312],[139.15487,35.62335],[139.15449,35.62355],[139.15371,35.6238],[139.15295,35.62395],[139.15207,35.62401],[139.15188,35.62399],[139.15156,35.62386],[139.1512,35.62349],[139.15098,35.62295],[139.15073,35.62258],[139.15055,35.62245],[139.15026,35.62241],[139.15011,35.62234],[139.15002,35.62221],[139.14991,35.62166],[139.1498,35.62156],[139.14945,35.62148],[139.14937,35.62127],[139.1494,35.62089],[139.1498,35.61924],[139.14978,35.61894],[139.14965,35.61882],[139.14942,35.61883],[139.14887,35.61899],[139.14747,35.61956],[139.14682,35.61977],[139.14616,35.61992],[139.14483,35.62008],[139.1441,35.62022],[139.14379,35.62035],[139.1435,35.62059],[139.14312,35.6207],[139.14256,35.62077],[139.14136,35.6208],[139.14063,35.62075],[139.13996,35.62058],[139.13979,35.62039],[139.13977,35.62018],[139.13969,35.62001],[139.13954,35.61987],[139.13905,35.61969],[139.13887,35.61942],[139.13875,35.61898],[139.13871,35.61801],[139.13876,35.61768],[139.139,35.61714],[139.13919,35.61693],[139.13943,35.61676],[139.14005,35.61654],[139.14199,35.61634],[139.14463,35.61629],[139.14543,35.61621],[139.14565,35.61614],[139.14608,35.6159],[139.14703,35.61519],[139.14754,35.61487],[139.14781,35.61477],[139.1484,35.61468],[139.14883,35.61445],[139.14954,35.61435],[139.15176,35.61431],[139.15296,35.61422]],[[139.15033,35.34898],[139.15024,35.34914],[139.1501,35.34921],[139.1499,35.34918],[139.14971,35.349],[139.14954,35.34868],[139.14938,35.34819],[139.1492,35.34725],[139.14918,35.34675],[139.14923,35.34639],[139.14938,35.34618],[139.14984,35.34602],[139.15013,35.346],[139.15062,35.34606],[139.1509,35.34619],[139.151,35.34629],[139.15115,35.34657],[139.15121,35.34717],[139.15113,35.34768],[139.15093,35.34793],[139.15065,35.34798],[139.15051,35.34808],[139.15039,35.3484],[139.15033,35.34898]],[[139.15291,35.31148],[139.15313,35.31145],[139.15338,35.31154],[139.15364,35.31173],[139.15398,35.31218],[139.15413,35.31269],[139.15408,35.3138],[139.15415,35.31392],[139.15433,35.31396],[139.15443,35.31403],[139.15448,35.31416],[139.15451,35.31446],[139.1544,35.31465],[139.15416,35.3148],[139.15378,35.31491],[139.15303,35.31499],[139.15241,35.31495],[139.15234,35.31491],[139.15227,35.31472],[139.15218,35.31466],[139.15175,35.31462],[139.15146,35.31477],[139.15117,35.31518],[139.15102,35.31525],[139.15074,35.31528],[139.15053,35.31522],[139.15033,35.31507],[139.14992,35.31452],[139.14974,35.31405],[139.14973,35.31378],[139.14981,35.31353],[139.14995,35.31332],[139.15015,35.31314],[139.15029,35.31311],[139.15049,35.31316],[139.15056,35.31311],[139.15057,35.31288],[139.15049,35.3124],[139.15054,35.31223],[139.15094,35.31226],[139.15129,35.31197],[139.15224,35.31185],[139.15247,35.31175],[139.15291,35.31148]],[[139.15793,35.60864],[139.15829,35.60863],[139.15845,35.60857],[139.15872,35.60832],[139.1589,35.60828],[139.15904,35.6083],[139.15917,35.60841],[139.15938,35.60872],[139.15958,35.60934],[139.15953,35.60968],[139.1592,35.60998],[139.15941,35.61006],[139.16022,35.6101],[139.16067,35.61027],[139.16076,35.61035],[139.16085,35.61058],[139.16084,35.61072],[139.16073,35.61097],[139.16061,35.61108],[139.16026,35.61127],[139.15892,35.61158],[139.15854,35.61172],[139.1583,35.61187],[139.15806,35.61219],[139.15753,35.61246],[139.15694,35.61262],[139.15644,35.61269],[139.15605,35.61267],[139.15586,35.6126],[139.15574,35.61249],[139.15569,35.61234],[139.15576,35.61192],[139.15567,35.61158],[139.15551,35.61136],[139.15492,35.61077],[139.15476,35.61051],[139.15462,35.6101],[139.1546,35.60986],[139.15465,35.60961],[139.15498,35.60937],[139.15506,35.60913],[139.15498,35.6089],[139.1546,35.60849],[139.15452,35.6081],[139.15463,35.60793],[139.15478,35.60789],[139.155,35.6079],[139.15526,35.60795],[139.15552,35.60791],[139.15561,35.60781],[139.15565,35.60751],[139.15576,35.60734],[139.15594,35.60723],[139.15615,35.60721],[139.15649,35.60739],[139.15665,35.60764],[139.15679,35.60877],[139.157,35.60861],[139.15719,35.60857],[139.15793,35.60864]],[[139.17114,35.3024],[139.17137,35.30233],[139.17173,35.30231],[139.17192,35.30218],[139.17188,35.30195],[139.17175,35.30188],[139.17156,35.30187],[139.17143,35.30177],[139.17138,35.3015],[139.17145,35.30136],[139.17171,35.30123],[139.17231,35.30119],[139.17252,35.30114],[139.17265,35.30098],[139.17259,35.30074],[139.1726,35.30052],[139.1728,35.30028],[139.17317,35.30012],[139.17379,35.30007],[139.174,35.3],[139.17416,35.29988],[139.17435,35.29948],[139.17457,35.29927],[139.17478,35.2992],[139.17551,35.29912],[139.17577,35.299],[139.17588,35.29888],[139.17589,35.29875],[139.1758,35.29861],[139.17524,35.29819],[139.17504,35.29794],[139.17499,35.29768],[139.17512,35.29742],[139.17572,35.29714],[139.17585,35.29702],[139.17613,35.29658],[139.17628,35.29647],[139.17693,35.29619],[139.17747,35.2957],[139.17774,35.29561],[139.17804,35.29558],[139.17823,35.2955],[139.1784,35.29534],[139.17862,35.29497],[139.17887,35.29475],[139.17906,35.29468],[139.17955,35.29459],[139.1809,35.29462],[139.18165,35.29452],[139.18193,35.29435],[139.18214,35.29386],[139.18235,35.29365],[139.18283,35.29357],[139.183,35.29349],[139.18338,35.29315],[139.18356,35.29305],[139.1839,35.29301],[139.18439,35.29307],[139.18454,35.29303],[139.18463,35.29293],[139.18468,35.29262],[139.18478,35.29241],[139.18496,35.29223],[139.18522,35.29215],[139.18568,35.29223],[139.18609,35.29245],[139.1865,35.29279],[139.18705,35.2934],[139.18746,35.29369],[139.18773,35.29376],[139.18823,35.2937],[139.18844,35.29375],[139.18853,35.29399],[139.18862,35.29407],[139.18916,35.29432],[139.18921,35.29445],[139.18914,35.29465],[139.18924,35.29474],[139.1895,35.29476],[139.18978,35.2947],[139.19003,35.29454],[139.19025,35.29432],[139.19057,35.29419],[139.19118,35.29422],[139.19133,35.29427],[139.19157,35.29443],[139.19176,35.29484],[139.19177,35.29539],[139.19169,35.29582],[139.19142,35.29628],[139.19163,35.29649],[139.19245,35.29689],[139.19265,35.29711],[139.19262,35.29723],[139.19245,35.29742],[139.1924,35.29758],[139.19248,35.29809],[139.19246,35.29837],[139.19239,35.29852],[139.19222,35.29868],[139.19221,35.29876],[139.19239,35.29883],[139.19286,35.29887],[139.19307,35.299],[139.1932,35.29949],[139.19348,35.29968],[139.19355,35.29979],[139.19357,35.29994],[139.1935,35.30034],[139.19356,35.30048],[139.19372,35.30055],[139.19431,35.30051],[139.19463,35.30058],[139.19474,35.30072],[139.19483,35.30118],[139.19495,35.30128],[139.19538,35.30139],[139.19554,35.30165],[139.19555,35.30224],[139.19544,35.30249],[139.19524,35.30267],[139.19428,35.30295],[139.19388,35.30326],[139.19373,35.30327],[139.19336,35.30321],[139.19324,35.30326],[139.19319,35.30349],[139.19326,35.30411],[139.19321,35.3043],[139.19304,35.3045],[139.19287,35.30457],[139.19264,35.30458],[139.19176,35.3044],[139.19167,35.30441],[139.19156,35.30452],[139.19158,35.30487],[139.19165,35.305],[139.19189,35.30519],[139.19226,35.30532],[139.19309,35.30537],[139.19359,35.30546],[139.19394,35.30566],[139.19413,35.30597],[139.19415,35.30678],[139.19403,35.30738],[139.19396,35.30748],[139.19378,35.30759],[139.19332,35.30764],[139.19318,35.30771],[139.19306,35.30792],[139.19303,35.30824],[139.19283,35.30851],[139.19259,35.30866],[139.19212,35.30884],[139.19186,35.30901],[139.1916,35.30933],[139.19145,35.30972],[139.19125,35.30988],[139.19111,35.30992],[139.19076,35.30993],[139.18993,35.30981],[139.18968,35.30989],[139.18958,35.31009],[139.18961,35.31054],[139.18956,35.31066],[139.18936,35.31082],[139.189,35.31089],[139.18825,35.31084],[139.18769,35.31088],[139.18747,35.31098],[139.18728,35.31127],[139.18715,35.31136],[139.18653,35.31146],[139.18635,35.31157],[139.18622,35.31172],[139.186,35.31179],[139.18567,35.31177],[139.18529,35.31167],[139.18504,35.31154],[139.1849,35.31139],[139.1848,35.31136],[139.18459,35.31152],[139.18399,35.31232],[139.18379,35.31247],[139.18358,35.31253],[139.18338,35.31251],[139.18311,35.31235],[139.18261,35.31158],[139.18247,35.31145],[139.18234,35.3114],[139.18221,35.31141],[139.18208,35.31154],[139.182,35.312],[139.18185,35.31221],[139.18166,35.31228],[139.18128,35.3123],[139.18102,35.31236],[139.18094,35.31244],[139.18085,35.31264],[139.18059,35.31272],[139.17984,35.31272],[139.17948,35.31263],[139.17913,35.31243],[139.17882,35.31235],[139.17686,35.31223],[139.17625,35.31206],[139.17601,35.31187],[139.17586,35.31165],[139.17558,35.31138],[139.17475,35.31089],[139.1746,35.31072],[139.17441,35.3103],[139.17428,35.31017],[139.17398,35.31009],[139.17358,35.31014],[139.17317,35.3101],[139.1729,35.31],[139.17249,35.30974],[139.172,35.30926],[139.17141,35.3084],[139.17116,35.30821],[139.17096,35.30815],[139.17083,35.30787],[139.17077,35.30681],[139.17069,35.30641],[139.17044,35.30596],[139.17008,35.30569],[139.16995,35.30554],[139.16995,35.3054],[139.17007,35.30528],[139.17045,35.305],[139.17055,35.30472],[139.17064,35.30465],[139.17127,35.30456],[139.17146,35.30445],[139.17159,35.30426],[139.17164,35.30382],[139.17157,35.3034],[139.17145,35.30319],[139.17103,35.30286],[139.17093,35.30269],[139.17098,35.30252],[139.17114,35.3024]],[[139.18345,35.61636],[139.18382,35.61625],[139.18432,35.61601],[139.18499,35.61555],[139.18534,35.61542],[139.18566,35.61539],[139.18601,35.61524],[139.1864,35.61492],[139.18688,35.61436],[139.18711,35.61394],[139.1873,35.61339],[139.18756,35.61301],[139.18811,35.61256],[139.18875,35.61232],[139.18963,35.61218],[139.19083,35.61216],[139.19141,35.61229],[139.19177,35.61251],[139.19204,35.61261],[139.19236,35.61266],[139.19314,35.61262],[139.19351,35.61271],[139.194,35.61305],[139.1945,35.6138],[139.19471,35.61435],[139.19477,35.61501],[139.19485,35.61525],[139.19511,35.61544],[139.19537,35.61546],[139.19549,35.61541],[139.19568,35.61515],[139.19581,35.61467],[139.19586,35.61399],[139.19582,35.61283],[139.19571,35.61226],[139.19552,35.61184],[139.19489,35.61119],[139.19478,35.61092],[139.19485,35.61083],[139.195,35.61077],[139.19556,35.61073],[139.19588,35.61076],[139.19629,35.61089],[139.19663,35.61112],[139.19672,35.61125],[139.19695,35.61195],[139.19717,35.614],[139.19738,35.61499],[139.19759,35.61541],[139.19823,35.61597],[139.19831,35.61614],[139.19833,35.61631],[139.19817,35.61654],[139.19778,35.61674],[139.19702,35.61692],[139.19655,35.61692],[139.19631,35.61685],[139.19602,35.61666],[139.19582,35.6164],[139.19566,35.61601],[139.19559,35.61598],[139.19541,35.61657],[139.19539,35.61689],[139.19544,35.61712],[139.19556,35.61724],[139.19587,35.61729],[139.19629,35.61748],[139.19723,35.61818],[139.19773,35.6185],[139.198,35.61861],[139.19853,35.6187],[139.19905,35.61902],[139.19919,35.61918],[139.19924,35.61939],[139.1989,35.61986],[139.19886,35.62037],[139.19898,35.62067],[139.19925,35.62086],[139.19931,35.62099],[139.19924,35.62114],[139.19909,35.62123],[139.19884,35.6213],[139.19827,35.62134],[139.19741,35.62129],[139.19695,35.62118],[139.19663,35.62104],[139.19646,35.62105],[139.19633,35.62116],[139.19615,35.62163],[139.19602,35.62182],[139.19583,35.62195],[139.19559,35.622],[139.19533,35.62198],[139.19499,35.62185],[139.19481,35.6217],[139.19452,35.6213],[139.19435,35.62117],[139.19407,35.62109],[139.19381,35.62112],[139.1937,35.62124],[139.19377,35.62154],[139.19376,35.62173],[139.19337,35.62204],[139.19326,35.62234],[139.19305,35.62247],[139.19256,35.6226],[139.19233,35.62273],[139.19204,35.62302],[139.19175,35.62351],[139.19161,35.62364],[139.19147,35.62369],[139.19134,35.62365],[139.19116,35.62348],[139.19089,35.62279],[139.19069,35.6226],[139.1902,35.62244],[139.18935,35.62237],[139.18899,35.6222],[139.1889,35.62202],[139.18888,35.62169],[139.18878,35.62139],[139.1886,35.62113],[139.18843,35.62101],[139.18812,35.62097],[139.18724,35.62121],[139.18595,35.6213],[139.18559,35.62144],[139.18534,35.62169],[139.18503,35.62267],[139.18472,35.62309],[139.18442,35.62326],[139.18393,35.6234],[139.18352,35.62344],[139.18309,35.62337],[139.18295,35.62338],[139.18283,35.62351],[139.18281,35.62374],[139.18273,35.62389],[139.18235,35.624],[139.18218,35.62409],[139.18148,35.62471],[139.18127,35.62481],[139.18096,35.62485],[139.18055,35.62478],[139.18004,35.62453],[139.17981,35.62431],[139.1797,35.62399],[139.17931,35.62381],[139.17917,35.62369],[139.17912,35.62335],[139.1793,35.62265],[139.17928,35.62251],[139.17912,35.62228],[139.17878,35.62216],[139.17765,35.62206],[139.17734,35.6219],[139.17731,35.62174],[139.17739,35.62151],[139.17759,35.62131],[139.17794,35.62108],[139.17803,35.62094],[139.17804,35.62079],[139.17787,35.62043],[139.1777,35.62033],[139.17741,35.62028],[139.17733,35.62007],[139.17746,35.61988],[139.17793,35.61958],[139.17829,35.61942],[139.17888,35.61927],[139.18019,35.61919],[139.18055,35.61911],[139.18082,35.6187],[139.18139,35.61829],[139.18158,35.61809],[139.18174,35.61773],[139.18182,35.6171],[139.18201,35.61677],[139.18217,35.61666],[139.18253,35.61653],[139.18345,35.61636]],[[139.2351,35.42631],[139.23523,35.42615],[139.23516,35.42585],[139.23518,35.42573],[139.23525,35.42564],[139.23554,35.42547],[139.23562,35.42522],[139.2357,35.42515],[139.23601,35.42515],[139.23675,35.42532],[139.23712,35.42535],[139.23761,35.42526],[139.23818,35.42501],[139.23865,35.42506],[139.23898,35.42521],[139.23944,35.42554],[139.23975,35.42584],[139.24003,35.42629],[139.24014,35.42637],[139.24033,35.4264],[139.24044,35.42633],[139.24052,35.42616],[139.24058,35.42552],[139.24064,35.42535],[139.24077,35.42522],[139.24097,35.42512],[139.24123,35.42505],[139.24194,35.425],[139.24337,35.42513],[139.24445,35.42515],[139.24492,35.42507],[139.24541,35.42478],[139.24568,35.42469],[139.24649,35.4246],[139.24683,35.42448],[139.24735,35.42412],[139.24788,35.42356],[139.24848,35.42307],[139.24996,35.42222],[139.25021,35.422],[139.2504,35.42166],[139.25065,35.42148],[139.25147,35.42131],[139.25233,35.42128],[139.25329,35.4213],[139.25426,35.42143],[139.25445,35.4215],[139.25464,35.42168],[139.25463,35.42191],[139.25447,35.42224],[139.25428,35.42247],[139.25389,35.42279],[139.25346,35.42304],[139.25316,35.4231],[139.25302,35.42317],[139.25259,35.42369],[139.25238,35.42384],[139.25198,35.42397],[139.2515,35.424],[139.25137,35.42405],[139.25118,35.42422],[139.25107,35.42449],[139.25096,35.42533],[139.25077,35.4256],[139.25057,35.42568],[139.2504,35.42581],[139.25029,35.42603],[139.25022,35.42636],[139.25025,35.42736],[139.25038,35.42777],[139.25063,35.42819],[139.25065,35.42833],[139.25059,35.42851],[139.25036,35.42861],[139.24964,35.42873],[139.24734,35.4289],[139.24626,35.42904],[139.24588,35.42918],[139.2458,35.42928],[139.24573,35.42953],[139.24547,35.42971],[139.24506,35.42975],[139.24415,35.42965],[139.24369,35.42972],[139.2434,35.42996],[139.24305,35.43041],[139.24279,35.43105],[139.24274,35.43183],[139.24286,35.43226],[139.24319,35.43251],[139.24331,35.43281],[139.24373,35.43304],[139.2448,35.43334],[139.24537,35.43355],[139.24594,35.43388],[139.24619,35.43417],[139.24629,35.43449],[139.2462,35.43498],[139.24598,35.43525],[139.24559,35.43541],[139.24434,35.43569],[139.24349,35.43577],[139.24329,35.43573],[139.24321,35.43548],[139.24308,35.43536],[139.24295,35.4353],[139.24276,35.4353],[139.24235,35.43542],[139.24139,35.43586],[139.24087,35.43595],[139.2398,35.43568],[139.23881,35.43565],[139.23792,35.43584],[139.23699,35.43622],[139.23659,35.43634],[139.23626,35.43637],[139.23601,35.43632],[139.2358,35.43623],[139.23549,35.43625],[139.23528,35.43637],[139.23496,35.43666],[139.23469,35.43678],[139.23436,35.43682],[139.23359,35.43667],[139.23304,35.43665],[139.23272,35.43673],[139.23193,35.43711],[139.23159,35.43717],[139.23138,35.43716],[139.23113,35.43707],[139.23069,35.4368],[139.23036,35.43653],[139.23007,35.43622],[139.22976,35.43567],[139.22944,35.4344],[139.22932,35.43426],[139.22904,35.43418],[139.22878,35.43397],[139.22849,35.4336],[139.22832,35.43328],[139.22815,35.43253],[139.22817,35.43186],[139.2284,35.43119],[139.22887,35.43051],[139.22968,35.42951],[139.23079,35.42755],[139.23122,35.42708],[139.23146,35.42693],[139.23172,35.42683],[139.232,35.42678],[139.23229,35.42678],[139.23312,35.4269],[139.23349,35.4269],[139.23374,35.42682],[139.23389,35.42659],[139.23415,35.42643],[139.2351,35.42631]],[[139.34224,35.3199],[139.34227,35.31974],[139.34234,35.31963],[139.3428,35.31951],[139.34338,35.31899],[139.34369,35.31882],[139.3439,35.31878],[139.34439,35.31885],[139.3447,35.31873],[139.34483,35.31861],[139.34492,35.31838],[139.34483,35.31777],[139.34486,35.31762],[139.34493,35.31751],[139.34512,35.31742],[139.34547,35.31735],[139.34573,35.31738],[139.34588,35.31751],[139.34613,35.31792],[139.34623,35.318],[139.34643,35.31803],[139.3467,35.31793],[139.34706,35.31758],[139.34726,35.31748],[139.34752,35.31744],[139.34827,35.31751],[139.34853,35.31747],[139.34864,35.31722],[139.34879,35.31705],[139.34906,35.31689],[139.34927,35.31684],[139.34958,35.31692],[139.35,35.3173],[139.35038,35.31755],[139.35149,35.31788],[139.3516,35.31797],[139.35162,35.31808],[139.35172,35.31813],[139.35213,35.31805],[139.35332,35.31763],[139.35378,35.31758],[139.35394,35.31768],[139.35415,35.318],[139.35447,35.31808],[139.35467,35.3182],[139.35518,35.31883],[139.35535,35.31893],[139.35575,35.31898],[139.35593,35.31905],[139.35654,35.31967],[139.35711,35.31989],[139.35822,35.32005],[139.35845,35.32012],[139.3588,35.3203],[139.35899,35.32055],[139.35904,35.32102],[139.35919,35.32134],[139.35938,35.32144],[139.35986,35.32151],[139.36002,35.32161],[139.3601,35.32176],[139.36015,35.32216],[139.36031,35.32233],[139.36095,35.32244],[139.3613,35.32269],[139.3614,35.32301],[139.36131,35.32343],[139.36132,35.32367],[139.36139,35.32378],[139.36164,35.32398],[139.36166,35.3241],[139.36157,35.32454],[139.36166,35.32469],[139.36185,35.32481],[139.36202,35.32511],[139.36217,35.32587],[139.36218,35.32624],[139.36202,35.32662],[139.36181,35.32675],[139.36147,35.32687],[139.36138,35.327],[139.36138,35.32717],[139.36158,35.32757],[139.36158,35.32774],[139.36127,35.32784],[139.3611,35.32837],[139.36099,35.32848],[139.36048,35.32871],[139.36039,35.32883],[139.36035,35.32906],[139.36043,35.3292],[139.36061,35.32929],[139.36163,35.32939],[139.36199,35.32952],[139.36233,35.32997],[139.36264,35.33005],[139.36277,35.33014],[139.36282,35.33034],[139.36278,35.33056],[139.36262,35.33068],[139.36207,35.33075],[139.36175,35.33091],[139.36152,35.33115],[139.36142,35.33162],[139.36133,35.33175],[139.36118,35.33186],[139.36069,35.332],[139.36035,35.33218],[139.35987,35.33275],[139.3597,35.33287],[139.35952,35.33294],[139.3592,35.33298],[139.35877,35.33316],[139.35783,35.33386],[139.35732,35.33417],[139.35705,35.33428],[139.35652,35.33436],[139.35621,35.33452],[139.35577,35.33491],[139.35565,35.33511],[139.35563,35.33527],[139.35551,35.33538],[139.35484,35.33548],[139.35405,35.33586],[139.35378,35.33592],[139.35337,35.33585],[139.35284,35.3356],[139.35263,35.33558],[139.35245,35.33564],[139.35225,35.33586],[139.35224,35.33605],[139.35234,35.33615],[139.3527,35.33629],[139.35291,35.33646],[139.35304,35.33669],[139.35301,35.33692],[139.35279,35.33712],[139.3524,35.3373],[139.35203,35.33757],[139.35148,35.33818],[139.35127,35.33834],[139.35096,35.33839],[139.3506,35.33819],[139.3505,35.33802],[139.35058,35.33779],[139.35056,35.33762],[139.35029,35.33735],[139.34996,35.33722],[139.34941,35.33716],[139.34902,35.33685],[139.34849,35.33675],[139.34792,35.33676],[139.34753,35.33688],[139.3474,35.33703],[139.34729,35.33763],[139.34719,35.33777],[139.34699,35.33794],[139.34647,35.33808],[139.34595,35.33804],[139.34565,35.33787],[139.34514,35.33727],[139.34464,35.33711],[139.34438,35.33684],[139.34417,35.3368],[139.3438,35.33687],[139.34356,35.33686],[139.34345,35.3368],[139.34325,35.33657],[139.34272,35.33643],[139.34224,35.33611],[139.34196,35.33574],[139.34186,35.3352],[139.34171,35.33497],[139.34126,35.33463],[139.34042,35.3342],[139.34006,35.33394],[139.3398,35.33345],[139.33923,35.33292],[139.33886,35.33245],[139.33801,35.33094],[139.33781,35.33072],[139.33749,35.33049],[139.33722,35.3302],[139.33653,35.3292],[139.33614,35.3285],[139.33568,35.3273],[139.33538,35.3259],[139.33532,35.32493],[139.33539,35.3245],[139.33553,35.32411],[139.33574,35.32375],[139.33601,35.32344],[139.33636,35.32317],[139.33677,35.32294],[139.33858,35.32213],[139.33889,35.32193],[139.339,35.32166],[139.33926,35.32148],[139.33962,35.32144],[139.34024,35.32152],[139.34045,35.32147],[139.34067,35.32124],[139.34081,35.32085],[139.34096,35.32062],[139.34133,35.32036],[139.34213,35.32001],[139.34224,35.3199]]],[[[139.39985,35.57753],[139.39949,35.57768],[139.39896,35.57812],[139.39872,35.5782],[139.39847,35.57809],[139.39836,35.57796],[139.39829,35.57771],[139.39808,35.57763],[139.3976,35.57761],[139.39734,35.57767],[139.39725,35.57775],[139.39715,35.57805],[139.39685,35.57819],[139.39651,35.57811],[139.39601,35.57778],[139.3958,35.57773],[139.3956,35.57775],[139.39516,35.57802],[139.39495,35.57837],[139.39464,35.57837],[139.39391,35.57821],[139.3936,35.57826],[139.39338,35.57843],[139.39325,35.57873],[139.39318,35.57937],[139.39327,35.57959],[139.39352,35.57967],[139.39368,35.57988],[139.39381,35.58038],[139.39375,35.58071],[139.39363,35.58087],[139.39318,35.58121],[139.39286,35.5818],[139.39269,35.58195],[139.39226,35.58208],[139.39167,35.58208],[139.39117,35.58202],[139.39078,35.58189],[139.39051,35.58169],[139.3904,35.5815],[139.39032,35.581],[139.3904,35.58068],[139.39059,35.58052],[139.39093,35.58047],[139.39099,35.58037],[139.39084,35.58],[139.39067,35.57984],[139.39031,35.57975],[139.38938,35.57994],[139.38845,35.57997],[139.38721,35.57992],[139.38602,35.57974],[139.38535,35.57956],[139.3848,35.57932],[139.38385,35.57868],[139.38365,35.57847],[139.38338,35.57807],[139.3832,35.578],[139.38297,35.57803],[139.38241,35.57829],[139.38193,35.57865],[139.38171,35.57896],[139.3814,35.57959],[139.38114,35.57987],[139.3809,35.58003],[139.38006,35.58032],[139.37812,35.58071],[139.37786,35.58083],[139.37764,35.58104],[139.37748,35.58113],[139.37689,35.5813],[139.37667,35.58151],[139.37663,35.58172],[139.37668,35.58199],[139.37694,35.58252],[139.37785,35.58346],[139.3791,35.58532],[139.37942,35.58569],[139.37963,35.58583],[139.3797,35.58601],[139.37971,35.58646],[139.37957,35.58727],[139.37941,35.58765],[139.37916,35.58784],[139.37911,35.58793],[139.37916,35.58812],[139.37947,35.58866],[139.3795,35.58919],[139.37932,35.5896],[139.37905,35.58986],[139.3787,35.58995],[139.37845,35.58996],[139.37782,35.58991],[139.37651,35.58964],[139.37574,35.58938],[139.37523,35.58908],[139.37507,35.58891],[139.37495,35.58855],[139.37498,35.58802],[139.37487,35.58777],[139.37465,35.58761],[139.37416,35.58752],[139.37382,35.58757],[139.37347,35.5877],[139.37313,35.58792],[139.3728,35.58822],[139.37243,35.58883],[139.37209,35.5902],[139.37193,35.59041],[139.37172,35.59056],[139.37144,35.59065],[139.3711,35.5907],[139.37071,35.59069],[139.36814,35.59023],[139.36763,35.5902],[139.36716,35.59025],[139.36686,35.59023],[139.36639,35.59011],[139.36556,35.58976],[139.36461,35.58958],[139.36446,35.58933],[139.36451,35.58839],[139.36444,35.58824],[139.36431,35.58817],[139.36335,35.58797],[139.36263,35.58792],[139.36226,35.58799],[139.36203,35.58814],[139.36175,35.58824],[139.36138,35.58828],[139.36093,35.58825],[139.36015,35.58806],[139.35946,35.58781],[139.35886,35.58747],[139.35868,35.58722],[139.35855,35.58711],[139.35819,35.58711],[139.35763,35.5873],[139.35729,35.58752],[139.35698,35.58798],[139.3569,35.58838],[139.35693,35.58898],[139.35702,35.58926],[139.35716,35.58944],[139.35751,35.58963],[139.3576,35.58981],[139.35753,35.59078],[139.35762,35.59103],[139.35782,35.5912],[139.35776,35.59145],[139.35723,35.59232],[139.35715,35.5927],[139.35723,35.59294],[139.35759,35.59306],[139.35761,35.59316],[139.35752,35.59359],[139.3576,35.59374],[139.35786,35.59391],[139.35787,35.59405],[139.3578,35.59421],[139.35784,35.5943],[139.35806,35.59442],[139.35831,35.59448],[139.35859,35.59444],[139.35873,35.59438],[139.35914,35.59399],[139.35956,35.59338],[139.35984,35.59309],[139.36011,35.59292],[139.36025,35.59289],[139.36065,35.59291],[139.36086,35.59283],[139.36109,35.59249],[139.36133,35.59168],[139.36156,35.59146],[139.36176,35.59144],[139.36217,35.59155],[139.36292,35.59201],[139.3633,35.59211],[139.36403,35.5922],[139.36462,35.59249],[139.36495,35.5925],[139.36556,35.59243],[139.36578,35.59251],[139.36597,35.59268],[139.36612,35.5927],[139.36673,35.59252],[139.36711,35.59247],[139.36783,35.5927],[139.3679,35.59266],[139.36798,35.59246],[139.36813,35.59237],[139.36869,35.59224],[139.36905,35.59223],[139.36961,35.59232],[139.37022,35.59253],[139.37083,35.59283],[139.3712,35.59315],[139.37146,35.59315],[139.37198,35.593],[139.37228,35.59305],[139.37276,35.59336],[139.37327,35.59389],[139.37361,35.59415],[139.37395,35.59429],[139.37467,35.59431],[139.37504,35.59409],[139.37607,35.59267],[139.37658,35.5921],[139.37756,35.59139],[139.3791,35.59071],[139.37888,35.59045],[139.37916,35.5902],[139.37933,35.59015],[139.37949,35.59021],[139.37984,35.5902],[139.38054,35.59052],[139.38072,35.59052],[139.38079,35.59031],[139.38112,35.59014],[139.38101,35.58992],[139.382,35.58951],[139.38219,35.58981],[139.38238,35.58987],[139.38275,35.58984],[139.38286,35.59],[139.38299,35.58995],[139.38298,35.58978],[139.38286,35.58975],[139.383,35.58942],[139.38296,35.58912],[139.38451,35.58848],[139.3844,35.58832],[139.3843,35.58775],[139.38437,35.58761],[139.38523,35.58748],[139.38536,35.58781],[139.38526,35.58797],[139.38533,35.58819],[139.38755,35.58859],[139.3874,35.58829],[139.38741,35.58819],[139.38752,35.58816],[139.38782,35.58835],[139.38795,35.58855],[139.38862,35.58853],[139.38942,35.58784],[139.39063,35.58555],[139.39108,35.58526],[139.39148,35.58522],[139.392,35.58531],[139.39242,35.58558],[139.39294,35.58543],[139.39416,35.58564],[139.39478,35.58482],[139.39486,35.58408],[139.39518,35.58398],[139.39522,35.58413],[139.39559,35.58431],[139.39572,35.58426],[139.39591,35.58395],[139.39608,35.58388],[139.39641,35.58438],[139.39667,35.58446],[139.3972,35.58435],[139.39751,35.58451],[139.39785,35.58421],[139.39821,35.58425],[139.39852,35.58451],[139.39895,35.58466],[139.3998,35.58443],[139.39987,35.58432],[139.3997,35.5841],[139.39963,35.58381],[139.3993,35.58352],[139.39921,35.58333],[139.39937,35.58308],[139.39964,35.58193],[139.39977,35.58183],[139.40055,35.58164],[139.4007,35.58147],[139.40067,35.58125],[139.40046,35.58098],[139.40033,35.58061],[139.40087,35.58049],[139.40105,35.58014],[139.40115,35.57789],[139.4013,35.57741],[139.40061,35.5774],[139.39985,35.57753]]],[[[139.72187,35.24279],[139.72214,35.24318],[139.72254,35.2433],[139.72262,35.24346],[139.72265,35.2437],[139.72273,35.24383],[139.72299,35.24398],[139.72348,35.24412],[139.7238,35.24436],[139.72392,35.24468],[139.72391,35.24496],[139.72379,35.24512],[139.72359,35.2452],[139.7231,35.24526],[139.72243,35.24528],[139.72194,35.24541],[139.72168,35.24566],[139.72166,35.24588],[139.72185,35.24605],[139.72225,35.24618],[139.72323,35.2463],[139.72383,35.24645],[139.72422,35.24673],[139.72441,35.24713],[139.72438,35.24847],[139.72445,35.24869],[139.72464,35.24883],[139.72473,35.24903],[139.72481,35.24954],[139.72482,35.25002],[139.72469,35.25093],[139.72455,35.25132],[139.72421,35.25194],[139.72416,35.25219],[139.72423,35.25226],[139.72449,35.25233],[139.72459,35.25266],[139.72496,35.25292],[139.72506,35.25313],[139.72509,35.25344],[139.72498,35.25376],[139.72483,35.25395],[139.72434,35.2543],[139.72405,35.25459],[139.72387,35.2549],[139.72382,35.25512],[139.72386,35.25531],[139.72398,35.25547],[139.72457,35.2558],[139.72475,35.25596],[139.72493,35.25626],[139.72497,35.25656],[139.72481,35.25677],[139.72408,35.25702],[139.72352,35.25737],[139.72319,35.25774],[139.72296,35.25827],[139.72282,35.25842],[139.72253,35.25855],[139.72204,35.25861],[139.72189,35.2587],[139.7218,35.25886],[139.72177,35.25918],[139.72168,35.25939],[139.72142,35.25967],[139.72085,35.2601],[139.7207,35.26035],[139.72065,35.26061],[139.7205,35.26077],[139.72005,35.26103],[139.71906,35.26143],[139.71885,35.26156],[139.71876,35.26169],[139.71878,35.2618],[139.71889,35.26191],[139.71981,35.26232],[139.72,35.26246],[139.72011,35.26261],[139.72013,35.26277],[139.72008,35.26296],[139.72,35.26304],[139.71976,35.2631],[139.71966,35.26328],[139.72108,35.26317],[139.72244,35.26325],[139.72313,35.2635],[139.72343,35.2634],[139.72395,35.26342],[139.72453,35.26363],[139.72474,35.26379],[139.72585,35.26417],[139.72736,35.26415],[139.72778,35.26441],[139.72785,35.26455],[139.72778,35.2646],[139.72787,35.26459],[139.72779,35.26465],[139.7279,35.26465],[139.72801,35.26488],[139.72811,35.26491],[139.72814,35.26501],[139.72796,35.26537],[139.72803,35.26547],[139.72789,35.26555],[139.72844,35.26543],[139.72846,35.26553],[139.72864,35.26547],[139.72892,35.26565],[139.72968,35.26573],[139.72972,35.26545],[139.73058,35.26535],[139.73102,35.26548],[139.73121,35.26581],[139.73147,35.26593],[139.73174,35.26589],[139.732,35.26574],[139.73267,35.26584],[139.7328,35.26577],[139.73289,35.26558],[139.73332,35.26551],[139.73342,35.26544],[139.7332,35.26487],[139.73361,35.26422],[139.73355,35.2642],[139.73309,35.26493],[139.73113,35.26407],[139.73098,35.26366],[139.73111,35.26359],[139.73121,35.26333],[139.7314,35.26335],[139.73128,35.2633],[139.73215,35.26253],[139.73253,35.26278],[139.73216,35.2625],[139.73263,35.26214],[139.73307,35.2619],[139.73313,35.26213],[139.73321,35.26211],[139.73308,35.26158],[139.73475,35.26142],[139.73484,35.26252],[139.73439,35.26245],[139.733,35.26325],[139.73307,35.26333],[139.73437,35.26252],[139.73487,35.26255],[139.73478,35.26268],[139.73488,35.26261],[139.73505,35.26281],[139.73554,35.26265],[139.73562,35.26273],[139.7356,35.26286],[139.73585,35.26301],[139.73585,35.26289],[139.73599,35.26287],[139.73603,35.2628],[139.73596,35.26276],[139.73608,35.26282],[139.73612,35.26276],[139.73592,35.26268],[139.73599,35.26258],[139.73606,35.26265],[139.73613,35.26252],[139.73615,35.26264],[139.73644,35.26258],[139.73609,35.26245],[139.73622,35.26225],[139.73649,35.26209],[139.73661,35.26211],[139.73695,35.26193],[139.73738,35.26189],[139.73753,35.26191],[139.73758,35.26201],[139.73772,35.26194],[139.73785,35.26197],[139.73781,35.26204],[139.73793,35.26207],[139.73811,35.26193],[139.73809,35.26182],[139.73821,35.26178],[139.73834,35.2618],[139.73843,35.26194],[139.73852,35.26172],[139.73847,35.26164],[139.73865,35.26156],[139.73888,35.26157],[139.73893,35.2617],[139.73899,35.26161],[139.73906,35.26163],[139.73903,35.26171],[139.73927,35.26167],[139.73934,35.26148],[139.73948,35.2615],[139.73963,35.26132],[139.73957,35.26122],[139.73933,35.26116],[139.7395,35.26105],[139.7394,35.26102],[139.73933,35.26111],[139.73913,35.26092],[139.73913,35.26074],[139.73928,35.26041],[139.73965,35.26011],[139.73982,35.26011],[139.73987,35.25999],[139.74008,35.25987],[139.74032,35.25981],[139.74042,35.25982],[139.74044,35.25989],[139.74056,35.25976],[139.74063,35.25979],[139.74066,35.25969],[139.74055,35.25968],[139.74064,35.25955],[139.74117,35.25978],[139.74122,35.2597],[139.74071,35.25947],[139.74087,35.25927],[139.7408,35.2591],[139.74067,35.25916],[139.74057,35.25908],[139.74056,35.25886],[139.74065,35.25874],[139.74131,35.25843],[139.74147,35.25849],[139.74208,35.25844],[139.74218,35.25848],[139.74212,35.25858],[139.74227,35.25851],[139.74231,35.25859],[139.7424,35.25852],[139.74249,35.25856],[139.74247,35.25863],[139.74262,35.25861],[139.7428,35.25877],[139.74282,35.25897],[139.74303,35.25895],[139.74308,35.25911],[139.74317,35.259],[139.74323,35.25915],[139.74335,35.25907],[139.74339,35.25913],[139.74358,35.25915],[139.74358,35.25901],[139.74346,35.25893],[139.74354,35.25874],[139.74369,35.25865],[139.74376,35.25878],[139.74397,35.25861],[139.74418,35.25857],[139.74409,35.2584],[139.74425,35.25824],[139.74442,35.25822],[139.74443,35.25801],[139.74464,35.25785],[139.74474,35.25788],[139.74482,35.25777],[139.74498,35.25775],[139.74503,35.25763],[139.74485,35.25759],[139.74493,35.2574],[139.74517,35.25741],[139.74528,35.25735],[139.74521,35.25732],[139.7455,35.25715],[139.74547,35.25709],[139.74524,35.25707],[139.74532,35.2568],[139.74557,35.25672],[139.74564,35.25678],[139.74558,35.25686],[139.74577,35.25687],[139.74597,35.2567],[139.74619,35.25665],[139.74622,35.2566],[139.74582,35.25663],[139.74622,35.25631],[139.7462,35.25621],[139.74604,35.25614],[139.74612,35.2561],[139.74599,35.25609],[139.74621,35.25591],[139.74596,35.25594],[139.74588,35.25589],[139.74565,35.25543],[139.74558,35.25503],[139.74572,35.25464],[139.74587,35.25441],[139.746,35.25435],[139.74592,35.25432],[139.74613,35.25393],[139.74628,35.25379],[139.74639,35.2538],[139.74642,35.25367],[139.74653,35.25363],[139.74665,35.25364],[139.74655,35.25375],[139.74668,35.25379],[139.74682,35.2537],[139.74669,35.25362],[139.74701,35.25349],[139.74683,35.25343],[139.74665,35.25347],[139.74672,35.25338],[139.74625,35.25348],[139.74626,35.25338],[139.7465,35.25328],[139.74645,35.25318],[139.7459,35.25322],[139.74565,35.25337],[139.7453,35.25301],[139.74533,35.2529],[139.74556,35.25279],[139.74551,35.25277],[139.74538,35.25283],[139.74535,35.25282],[139.74552,35.25275],[139.74552,35.25264],[139.74526,35.2528],[139.74529,35.2529],[139.74522,35.25293],[139.74503,35.25293],[139.74505,35.25281],[139.74484,35.25293],[139.74457,35.25279],[139.74465,35.25274],[139.74436,35.25278],[139.74406,35.25272],[139.74372,35.25242],[139.7438,35.25239],[139.74371,35.25236],[139.74377,35.2523],[139.74363,35.25227],[139.74361,35.25219],[139.74378,35.25209],[139.74362,35.25217],[139.74347,35.25199],[139.74359,35.25196],[139.74342,35.25176],[139.74366,35.25159],[139.74356,35.25155],[139.74338,35.25164],[139.74324,35.25158],[139.74314,35.25164],[139.74321,35.25157],[139.74311,35.25162],[139.7426,35.25122],[139.74241,35.25124],[139.7425,35.25113],[139.74231,35.25124],[139.74234,35.25129],[139.74211,35.25149],[139.74099,35.25144],[139.74051,35.25122],[139.74027,35.25102],[139.74021,35.25092],[139.7404,35.25076],[139.74004,35.25081],[139.73994,35.25069],[139.74,35.25058],[139.73985,35.2506],[139.73937,35.25028],[139.73944,35.2502],[139.73928,35.25023],[139.73781,35.24953],[139.73758,35.24914],[139.73753,35.24884],[139.73781,35.24872],[139.73791,35.24857],[139.73779,35.24837],[139.73806,35.24831],[139.73822,35.2481],[139.73845,35.24801],[139.73826,35.24796],[139.73794,35.24803],[139.73795,35.24792],[139.73831,35.24775],[139.73833,35.24769],[139.7382,35.24768],[139.73825,35.24762],[139.73818,35.24757],[139.7379,35.24753],[139.7373,35.24782],[139.73709,35.2474],[139.73637,35.24699],[139.73633,35.24705],[139.73707,35.24746],[139.73725,35.24784],[139.73651,35.2482],[139.73635,35.24835],[139.73637,35.24846],[139.73624,35.24854],[139.73626,35.24861],[139.73594,35.24871],[139.73532,35.24867],[139.73477,35.24845],[139.73454,35.24829],[139.73468,35.24818],[139.73453,35.24829],[139.73448,35.24821],[139.73483,35.24795],[139.7347,35.24799],[139.73445,35.24778],[139.73418,35.24798],[139.73378,35.24742],[139.73371,35.24702],[139.73391,35.24622],[139.73469,35.24635],[139.73452,35.24706],[139.7351,35.24739],[139.7356,35.24665],[139.73604,35.24677],[139.7364,35.24647],[139.73628,35.24644],[139.73596,35.24662],[139.7357,35.24657],[139.73477,35.24606],[139.73418,35.24596],[139.73404,35.24535],[139.7339,35.24533],[139.7338,35.24505],[139.73407,35.24432],[139.7345,35.24427],[139.73478,35.2447],[139.73501,35.24493],[139.7351,35.24488],[139.73455,35.24416],[139.73462,35.24403],[139.73439,35.24356],[139.73423,35.24351],[139.73322,35.24084],[139.72688,35.23949],[139.72686,35.23958],[139.72718,35.23965],[139.7267,35.24059],[139.72659,35.24057],[139.72657,35.24064],[139.72672,35.24083],[139.72762,35.24117],[139.72715,35.24209],[139.72645,35.24184],[139.72625,35.24169],[139.72652,35.2415],[139.72604,35.24099],[139.72608,35.24081],[139.72626,35.24067],[139.72614,35.24067],[139.72596,35.2408],[139.72565,35.24071],[139.72501,35.24001],[139.72444,35.23957],[139.7244,35.2396],[139.72473,35.23985],[139.72447,35.24007],[139.72431,35.24],[139.72462,35.24024],[139.72444,35.24039],[139.72455,35.24048],[139.72447,35.24054],[139.72404,35.24026],[139.72337,35.24007],[139.72324,35.2402],[139.72288,35.24033],[139.72309,35.24069],[139.72215,35.24102],[139.72117,35.24198],[139.72122,35.24201],[139.72103,35.24212],[139.72097,35.24226],[139.72108,35.24258],[139.72157,35.24263],[139.72187,35.24279]]],[[[139.41533,35.47624],[139.41518,35.47615],[139.41512,35.47595],[139.41497,35.47578],[139.4144,35.47549],[139.41415,35.47529],[139.41406,35.47514],[139.41402,35.4749],[139.41392,35.47476],[139.41359,35.47461],[139.41312,35.47452],[139.4128,35.4744],[139.41269,35.4743],[139.41266,35.47415],[139.41259,35.47409],[139.41248,35.47407],[139.41192,35.47414],[139.41175,35.4741],[139.41147,35.47393],[139.41135,35.4739],[139.41121,35.474],[139.41098,35.47434],[139.41075,35.47443],[139.41055,35.47444],[139.41031,35.47436],[139.41001,35.47416],[139.40906,35.47323],[139.40862,35.47296],[139.4084,35.47287],[139.40785,35.47283],[139.40662,35.47307],[139.40663,35.47336],[139.40669,35.4735],[139.40716,35.47385],[139.40726,35.47403],[139.40724,35.47441],[139.40702,35.47514],[139.40707,35.47538],[139.40719,35.47546],[139.40734,35.47548],[139.4074,35.47544],[139.40751,35.47518],[139.4077,35.47511],[139.40799,35.47512],[139.40813,35.47517],[139.40822,35.47527],[139.40826,35.47556],[139.40834,35.47569],[139.40873,35.47563],[139.40893,35.47565],[139.40929,35.47576],[139.40969,35.47595],[139.41016,35.47631],[139.41052,35.47673],[139.41062,35.47698],[139.41056,35.47723],[139.4106,35.47734],[139.41072,35.47746],[139.41107,35.47763],[139.41129,35.47783],[139.41149,35.47838],[139.41162,35.48011],[139.41172,35.48034],[139.41197,35.48053],[139.41208,35.48069],[139.4122,35.48102],[139.41225,35.48139],[139.41215,35.4816],[139.41171,35.4817],[139.41156,35.4818],[139.41145,35.48195],[139.41124,35.48246],[139.41094,35.48281],[139.4107,35.48293],[139.41014,35.48302],[139.41002,35.48311],[139.40997,35.48327],[139.41004,35.48377],[139.41002,35.48402],[139.40993,35.48423],[139.4096,35.48459],[139.40954,35.48476],[139.40968,35.48501],[139.41012,35.48533],[139.41023,35.4855],[139.40991,35.48576],[139.4098,35.48609],[139.40939,35.48622],[139.40931,35.48638],[139.40928,35.48661],[139.4092,35.48675],[139.40894,35.48689],[139.40855,35.48699],[139.40821,35.48714],[139.40768,35.48762],[139.4074,35.48773],[139.40727,35.48771],[139.40714,35.48762],[139.40709,35.48734],[139.407,35.48721],[139.40664,35.48708],[139.4058,35.48706],[139.40546,35.48715],[139.40525,35.48731],[139.40516,35.48753],[139.40507,35.4881],[139.40498,35.48822],[139.40479,35.48835],[139.40466,35.48865],[139.40461,35.4896],[139.40473,35.49011],[139.40484,35.49019],[139.40507,35.49015],[139.40618,35.48944],[139.40646,35.48934],[139.40687,35.4893],[139.40725,35.48937],[139.40734,35.48945],[139.40739,35.48965],[139.40748,35.48971],[139.40791,35.48976],[139.4081,35.48983],[139.40823,35.49007],[139.40844,35.49003],[139.40904,35.48971],[139.4093,35.48967],[139.40954,35.48988],[139.4097,35.48994],[139.4103,35.49],[139.4106,35.4901],[139.41073,35.49021],[139.41087,35.49044],[139.41104,35.49054],[139.41131,35.49058],[139.41204,35.49053],[139.41233,35.49057],[139.41243,35.49061],[139.41256,35.49075],[139.41261,35.49105],[139.41274,35.49121],[139.41312,35.49134],[139.41369,35.49136],[139.41408,35.49142],[139.41421,35.4915],[139.41425,35.49166],[139.41436,35.4918],[139.41486,35.49202],[139.41502,35.49223],[139.41513,35.49279],[139.41525,35.49289],[139.41561,35.49296],[139.41578,35.49306],[139.41595,35.49338],[139.41608,35.49384],[139.41629,35.49413],[139.41651,35.4942],[139.41704,35.49414],[139.41732,35.49416],[139.41787,35.49432],[139.41809,35.49446],[139.41825,35.49462],[139.41833,35.49481],[139.41837,35.49513],[139.41848,35.49531],[139.4188,35.49549],[139.41927,35.4956],[139.41951,35.49577],[139.4197,35.49617],[139.41969,35.49686],[139.41959,35.49716],[139.41947,35.49723],[139.4193,35.49727],[139.41953,35.4974],[139.41963,35.49755],[139.4197,35.4979],[139.41969,35.49837],[139.4196,35.4986],[139.41945,35.49875],[139.41897,35.49882],[139.41875,35.49895],[139.41871,35.4991],[139.41878,35.49942],[139.41876,35.49969],[139.41851,35.50003],[139.41846,35.50033],[139.41856,35.50075],[139.41883,35.5013],[139.41904,35.50149],[139.41933,35.50158],[139.41939,35.50167],[139.41947,35.50208],[139.41959,35.50218],[139.41984,35.50222],[139.41994,35.50235],[139.41996,35.50257],[139.41991,35.50278],[139.41978,35.50293],[139.41959,35.50304],[139.41949,35.50318],[139.41941,35.50385],[139.41949,35.50435],[139.41958,35.5045],[139.41987,35.5047],[139.41995,35.50505],[139.4199,35.50518],[139.41978,35.50525],[139.41959,35.50526],[139.41905,35.50519],[139.41878,35.50521],[139.41836,35.50531],[139.41811,35.50543],[139.41794,35.50558],[139.41785,35.50585],[139.41794,35.50617],[139.41807,35.50633],[139.41837,35.50645],[139.41876,35.50646],[139.41906,35.5064],[139.41927,35.50622],[139.41967,35.50608],[139.42174,35.50574],[139.4249,35.50538],[139.42593,35.50533],[139.42654,35.50538],[139.42668,35.50544],[139.42676,35.5056],[139.42694,35.50576],[139.42739,35.50584],[139.42753,35.50591],[139.42765,35.50612],[139.42774,35.50671],[139.4279,35.50692],[139.42804,35.50702],[139.42823,35.50704],[139.42844,35.507],[139.42909,35.50667],[139.42945,35.50659],[139.42978,35.50663],[139.43006,35.50678],[139.43014,35.50693],[139.43011,35.50709],[139.43001,35.50721],[139.42971,35.50742],[139.42961,35.50771],[139.42958,35.50817],[139.42968,35.50848],[139.43009,35.50891],[139.43161,35.50969],[139.43183,35.50988],[139.43206,35.51024],[139.43229,35.51035],[139.43242,35.51034],[139.43251,35.51024],[139.43243,35.50989],[139.43248,35.5097],[139.43287,35.50951],[139.43295,35.5094],[139.43287,35.50915],[139.43241,35.50852],[139.43234,35.50825],[139.43235,35.50808],[139.43251,35.5079],[139.43307,35.5077],[139.4333,35.50752],[139.43334,35.50735],[139.43327,35.50704],[139.43328,35.50683],[139.43336,35.50676],[139.43361,35.50669],[139.43371,35.50657],[139.4339,35.50598],[139.43386,35.50551],[139.43364,35.50515],[139.43355,35.5049],[139.43364,35.50424],[139.43336,35.50322],[139.43341,35.50292],[139.43355,35.50281],[139.43394,35.50264],[139.4341,35.50227],[139.43449,35.50199],[139.43499,35.50187],[139.43578,35.50192],[139.43604,35.50186],[139.4363,35.50157],[139.43645,35.50111],[139.43654,35.50099],[139.43683,35.5008],[139.43723,35.50069],[139.43859,35.50061],[139.43895,35.50048],[139.43908,35.50031],[139.43898,35.50014],[139.43853,35.49991],[139.43827,35.49971],[139.43818,35.49956],[139.43808,35.49909],[139.43777,35.49871],[139.43778,35.49846],[139.43798,35.49802],[139.43801,35.49774],[139.4379,35.49724],[139.43763,35.49667],[139.43748,35.49621],[139.43746,35.49597],[139.43754,35.49557],[139.43749,35.49547],[139.43727,35.49532],[139.43717,35.49519],[139.43701,35.49425],[139.4369,35.49403],[139.43654,35.49364],[139.43635,35.4931],[139.43627,35.49194],[139.43631,35.49163],[139.43651,35.49109],[139.43667,35.49087],[139.4371,35.4905],[139.43858,35.48987],[139.43882,35.48973],[139.43892,35.48961],[139.43897,35.48928],[139.43887,35.48865],[139.43889,35.48842],[139.43898,35.48823],[139.43932,35.48796],[139.43945,35.48778],[139.4395,35.4874],[139.43944,35.48692],[139.4395,35.48663],[139.43967,35.48639],[139.44026,35.48601],[139.44054,35.4857],[139.4406,35.48545],[139.44053,35.48493],[139.44055,35.48472],[139.44091,35.48418],[139.44102,35.48333],[139.44122,35.48301],[139.44145,35.4829],[139.44242,35.48282],[139.44312,35.48258],[139.44343,35.48235],[139.4435,35.48213],[139.44362,35.482],[139.44424,35.48174],[139.44472,35.48131],[139.44516,35.48116],[139.44583,35.48109],[139.44675,35.48114],[139.44713,35.48125],[139.44726,35.48139],[139.44736,35.48142],[139.44752,35.48132],[139.44774,35.48109],[139.44811,35.4809],[139.44862,35.48078],[139.44917,35.48073],[139.44948,35.48077],[139.44968,35.48114],[139.44986,35.48123],[139.45006,35.48124],[139.45053,35.48111],[139.45161,35.48066],[139.45218,35.48053],[139.45234,35.48057],[139.4525,35.48067],[139.45267,35.48107],[139.45282,35.48112],[139.45304,35.48111],[139.4535,35.48102],[139.45379,35.4809],[139.45405,35.48069],[139.45442,35.48022],[139.45459,35.48012],[139.45512,35.4801],[139.45518,35.47995],[139.45515,35.4797],[139.45504,35.47933],[139.45484,35.47902],[139.4547,35.47891],[139.45437,35.47877],[139.45395,35.47874],[139.4535,35.47877],[139.45332,35.47875],[139.45305,35.47863],[139.4529,35.47842],[139.45283,35.47781],[139.45275,35.47757],[139.4526,35.47738],[139.45213,35.47703],[139.452,35.4767],[139.45164,35.47653],[139.45095,35.47638],[139.45094,35.47694],[139.4509,35.47714],[139.45082,35.47724],[139.45064,35.47728],[139.45048,35.47724],[139.45041,35.47713],[139.45039,35.47698],[139.45027,35.4769],[139.44984,35.47699],[139.4497,35.4771],[139.44961,35.47725],[139.44954,35.47774],[139.44944,35.47791],[139.44902,35.47801],[139.44832,35.47844],[139.44805,35.47849],[139.44775,35.47846],[139.44727,35.4783],[139.44708,35.47815],[139.44701,35.47788],[139.44721,35.47747],[139.44723,35.47732],[139.44713,35.47717],[139.44699,35.47714],[139.44682,35.47731],[139.4466,35.4781],[139.44642,35.47839],[139.44616,35.4786],[139.446,35.47867],[139.44542,35.47878],[139.44503,35.47896],[139.4449,35.47913],[139.44484,35.47944],[139.44467,35.4796],[139.44415,35.47972],[139.44299,35.47969],[139.4426,35.47956],[139.4424,35.47928],[139.4417,35.47924],[139.44158,35.47913],[139.44152,35.4789],[139.44139,35.47883],[139.44119,35.47883],[139.44099,35.4789],[139.44071,35.47908],[139.44053,35.47933],[139.44015,35.48041],[139.43992,35.4806],[139.43972,35.48062],[139.43952,35.48056],[139.43931,35.48041],[139.43879,35.47971],[139.4384,35.47939],[139.4381,35.47929],[139.43743,35.47923],[139.43712,35.47916],[139.43632,35.47876],[139.43612,35.47872],[139.43589,35.47913],[139.43529,35.47964],[139.43495,35.47981],[139.43456,35.47994],[139.43364,35.4801],[139.43322,35.48024],[139.43269,35.48059],[139.43214,35.48118],[139.43178,35.48144],[139.43156,35.4815],[139.43123,35.48147],[139.43087,35.48134],[139.43035,35.48105],[139.43005,35.48099],[139.42992,35.48105],[139.42965,35.48143],[139.42917,35.48157],[139.42859,35.48209],[139.42836,35.48221],[139.42811,35.48224],[139.42771,35.48213],[139.4274,35.48192],[139.42725,35.48165],[139.42718,35.48124],[139.42706,35.48112],[139.42687,35.48105],[139.42649,35.48102],[139.42615,35.48092],[139.42551,35.48038],[139.42489,35.48012],[139.42478,35.47996],[139.42476,35.47967],[139.42402,35.4791],[139.42348,35.47893],[139.4234,35.47877],[139.42337,35.47854],[139.42329,35.47844],[139.42303,35.4784],[139.42252,35.47844],[139.42231,35.47838],[139.42213,35.47824],[139.4219,35.47793],[139.42154,35.47772],[139.42113,35.47765],[139.42009,35.47763],[139.42024,35.4772],[139.42017,35.47702],[139.41982,35.47681],[139.41895,35.4765],[139.41866,35.47628],[139.41851,35.47604],[139.41831,35.47593],[139.41782,35.47583],[139.41694,35.47584],[139.41648,35.47592],[139.41589,35.47622],[139.4156,35.47626],[139.41533,35.47624]]],[[[139.45841,35.51967],[139.45778,35.5196],[139.45728,35.51937],[139.45697,35.51905],[139.45692,35.51885],[139.45699,35.51864],[139.45688,35.51856],[139.45629,35.51856],[139.45553,35.51869],[139.45531,35.51884],[139.45527,35.51898],[139.4553,35.51922],[139.45513,35.51937],[139.45477,35.51951],[139.45423,35.51963],[139.45328,35.51971],[139.45303,35.51968],[139.45261,35.51954],[139.45232,35.51928],[139.45197,35.51884],[139.45151,35.51858],[139.45023,35.51845],[139.44957,35.5182],[139.44945,35.51821],[139.44939,35.51829],[139.44943,35.51863],[139.44955,35.51873],[139.44978,35.51877],[139.44983,35.51885],[139.44975,35.51919],[139.44976,35.51935],[139.44983,35.51941],[139.45001,35.51943],[139.45008,35.51952],[139.4501,35.51968],[139.45001,35.52039],[139.45006,35.52054],[139.45029,35.52072],[139.45038,35.5209],[139.45046,35.52178],[139.45037,35.52244],[139.45028,35.52262],[139.45009,35.52274],[139.45002,35.52287],[139.45,35.52316],[139.45007,35.52355],[139.45003,35.52375],[139.44981,35.52391],[139.44934,35.52398],[139.44919,35.52424],[139.44919,35.52451],[139.44935,35.52506],[139.44952,35.52525],[139.44978,35.52531],[139.44993,35.52543],[139.45006,35.52574],[139.45001,35.52596],[139.4498,35.52615],[139.44947,35.5263],[139.44905,35.52638],[139.44817,35.52644],[139.44802,35.5265],[139.44796,35.52659],[139.44797,35.52671],[139.44809,35.52688],[139.44851,35.52716],[139.44863,35.52729],[139.44868,35.52751],[139.44861,35.52783],[139.44866,35.52795],[139.44878,35.52804],[139.4492,35.52821],[139.44933,35.5284],[139.44931,35.52851],[139.4492,35.52865],[139.4487,35.52886],[139.44873,35.52892],[139.44906,35.52904],[139.44929,35.52922],[139.44944,35.5295],[139.44953,35.52991],[139.4495,35.53014],[139.44936,35.53035],[139.4492,35.53044],[139.44895,35.53047],[139.44885,35.53056],[139.44877,35.53082],[139.44878,35.53122],[139.44889,35.53147],[139.44908,35.53169],[139.44936,35.53188],[139.4499,35.5321],[139.45031,35.5322],[139.45084,35.53225],[139.45207,35.53227],[139.45206,35.53252],[139.45224,35.53241],[139.45356,35.53182],[139.45415,35.53144],[139.45492,35.53015],[139.45548,35.52956],[139.4568,35.52882],[139.45731,35.52839],[139.45752,35.5284],[139.45759,35.52861],[139.45775,35.52862],[139.4579,35.52831],[139.45782,35.52804],[139.45825,35.52805],[139.45832,35.52799],[139.45834,35.52769],[139.45825,35.5274],[139.4585,35.52725],[139.45842,35.52673],[139.45824,35.52675],[139.458,35.52703],[139.45759,35.52706],[139.45729,35.52599],[139.45697,35.52534],[139.45482,35.52274],[139.4547,35.52223],[139.45489,35.52138],[139.45538,35.52076],[139.45577,35.52047],[139.45613,35.52032],[139.45869,35.51981],[139.45858,35.51972],[139.45841,35.51967]]],[[[139.45376,35.61766],[139.45384,35.61738],[139.45407,35.61717],[139.45427,35.6171],[139.4545,35.61709],[139.45499,35.61716],[139.4552,35.61712],[139.45532,35.61685],[139.45547,35.61668],[139.45651,35.6159],[139.45662,35.61575],[139.45669,35.61551],[139.45682,35.61544],[139.45701,35.61542],[139.4571,35.61535],[139.45719,35.61504],[139.45712,35.61463],[139.45692,35.6144],[139.45658,35.61415],[139.45649,35.61398],[139.45649,35.61369],[139.45659,35.61348],[139.45679,35.61336],[139.45709,35.61333],[139.45813,35.6135],[139.4584,35.61349],[139.45855,35.61341],[139.45867,35.61299],[139.45895,35.6128],[139.45904,35.61265],[139.45902,35.61244],[139.4589,35.61222],[139.45875,35.61209],[139.4585,35.61202],[139.45845,35.61183],[139.4585,35.61125],[139.45863,35.61067],[139.45881,35.61017],[139.45904,35.60985],[139.45932,35.6097],[139.45998,35.60972],[139.4603,35.60965],[139.46059,35.60951],[139.46132,35.60903],[139.4618,35.60886],[139.46214,35.60879],[139.46229,35.6087],[139.46242,35.60854],[139.46261,35.60805],[139.46262,35.60799],[139.4626,35.60799],[139.46133,35.60834],[139.46063,35.60841],[139.46028,35.60823],[139.45961,35.60773],[139.45927,35.60759],[139.45819,35.60757],[139.45792,35.60748],[139.45738,35.60721],[139.4563,35.6061],[139.45515,35.60516],[139.45429,35.60487],[139.45352,35.60448],[139.45337,35.60459],[139.45283,35.60611],[139.45252,35.60672],[139.45287,35.60745],[139.45287,35.60768],[139.45257,35.60796],[139.45193,35.6083],[139.45162,35.60858],[139.45143,35.60896],[139.45133,35.60957],[139.45119,35.60979],[139.4499,35.61077],[139.44943,35.61137],[139.44928,35.61178],[139.45072,35.61318],[139.45082,35.61344],[139.45083,35.61404],[139.45143,35.61507],[139.45193,35.61534],[139.45241,35.61578],[139.45233,35.61679],[139.45295,35.61811],[139.45302,35.61856],[139.45317,35.61861],[139.45335,35.61823],[139.45357,35.61809],[139.4538,35.61821],[139.45377,35.61807],[139.45376,35.61766]]],[[[139.47911,35.30096],[139.47918,35.30085],[139.47946,35.30066],[139.47957,35.30018],[139.47963,35.30011],[139.48004,35.30016],[139.48014,35.30013],[139.48033,35.29994],[139.48078,35.29983],[139.48192,35.2998],[139.48269,35.29988],[139.48299,35.30001],[139.48312,35.30019],[139.48314,35.30049],[139.4832,35.30062],[139.4833,35.30069],[139.48346,35.30073],[139.48356,35.30061],[139.4835,35.30057],[139.48355,35.30052],[139.48363,35.30056],[139.4843,35.29986],[139.4854,35.30055],[139.48544,35.30089],[139.48495,35.30123],[139.48499,35.30127],[139.48595,35.3006],[139.48589,35.30048],[139.48543,35.30035],[139.4849,35.30001],[139.4851,35.29977],[139.48518,35.29982],[139.48516,35.29976],[139.48542,35.29955],[139.48587,35.29938],[139.48603,35.29983],[139.48595,35.29945],[139.48643,35.29946],[139.48656,35.29999],[139.48662,35.29997],[139.48656,35.29976],[139.48666,35.30007],[139.48642,35.30023],[139.48646,35.30028],[139.48676,35.30008],[139.48655,35.29945],[139.48673,35.29902],[139.48786,35.29935],[139.48804,35.29893],[139.48716,35.29868],[139.48717,35.29859],[139.48346,35.29752],[139.48347,35.29732],[139.48339,35.29731],[139.48338,35.29739],[139.48332,35.29736],[139.48335,35.2975],[139.4833,35.29745],[139.4832,35.29752],[139.48325,35.29729],[139.48316,35.29721],[139.48306,35.29729],[139.48298,35.29756],[139.48287,35.29759],[139.48283,35.29749],[139.48281,35.29759],[139.48254,35.29757],[139.4816,35.29789],[139.48142,35.29765],[139.48132,35.29779],[139.48133,35.2976],[139.48119,35.29747],[139.48093,35.29779],[139.48101,35.29762],[139.48088,35.29757],[139.48086,35.2978],[139.481,35.29804],[139.4809,35.29797],[139.48091,35.29806],[139.48083,35.29796],[139.48078,35.29798],[139.48076,35.29798],[139.48076,35.29799],[139.48073,35.29801],[139.4805,35.29746],[139.48043,35.29743],[139.48044,35.29742],[139.48043,35.29742],[139.48042,35.29743],[139.48027,35.29737],[139.48013,35.29743],[139.48025,35.29769],[139.48007,35.29753],[139.48006,35.29763],[139.47986,35.29762],[139.47979,35.29789],[139.47977,35.2978],[139.47975,35.29785],[139.47983,35.29799],[139.47961,35.29796],[139.47958,35.29808],[139.47948,35.29792],[139.47944,35.29806],[139.47938,35.29798],[139.47944,35.29789],[139.47933,35.29786],[139.47936,35.29772],[139.47911,35.29758],[139.47898,35.29785],[139.479,35.29801],[139.47892,35.29799],[139.47888,35.2981],[139.47885,35.29806],[139.47888,35.2983],[139.47876,35.29788],[139.4786,35.29804],[139.47869,35.29825],[139.47844,35.29817],[139.47835,35.29825],[139.47827,35.29856],[139.47809,35.29865],[139.47821,35.29851],[139.47818,35.29841],[139.478,35.29866],[139.47799,35.29866],[139.47798,35.29866],[139.47799,35.29867],[139.47797,35.2987],[139.478,35.29849],[139.47789,35.29857],[139.47785,35.29842],[139.47781,35.29849],[139.47777,35.29802],[139.47773,35.2983],[139.47759,35.29789],[139.47753,35.29813],[139.47744,35.29823],[139.47736,35.29819],[139.47734,35.29802],[139.47744,35.29798],[139.47738,35.29796],[139.47742,35.29754],[139.4771,35.29775],[139.47706,35.29802],[139.47706,35.29773],[139.47665,35.29812],[139.4768,35.29782],[139.47678,35.29741],[139.47654,35.29772],[139.47646,35.29816],[139.47634,35.29814],[139.47637,35.29779],[139.47606,35.2982],[139.47597,35.2982],[139.47601,35.29814],[139.47594,35.29813],[139.47589,35.29792],[139.47599,35.29769],[139.47589,35.29757],[139.47561,35.29791],[139.47563,35.29774],[139.47535,35.29795],[139.47531,35.29812],[139.47519,35.29821],[139.47526,35.29825],[139.47517,35.29824],[139.47476,35.29848],[139.47462,35.29862],[139.47473,35.29839],[139.4745,35.29831],[139.47442,35.29856],[139.47435,35.29851],[139.47424,35.29859],[139.47412,35.29884],[139.47414,35.29899],[139.47425,35.29906],[139.47435,35.29909],[139.47444,35.29894],[139.47443,35.29944],[139.47434,35.29956],[139.47444,35.29971],[139.47437,35.29977],[139.47431,35.29965],[139.47427,35.29973],[139.47451,35.30002],[139.47487,35.2997],[139.47504,35.29984],[139.47502,35.30004],[139.47525,35.30019],[139.47543,35.30005],[139.47567,35.30019],[139.47594,35.30021],[139.47612,35.30035],[139.47642,35.30005],[139.47642,35.30017],[139.47652,35.30022],[139.47644,35.30037],[139.47649,35.30047],[139.47703,35.30007],[139.4772,35.30008],[139.47712,35.30045],[139.477,35.30051],[139.47699,35.30063],[139.47708,35.30064],[139.47717,35.30053],[139.47713,35.30061],[139.47722,35.3007],[139.47735,35.30068],[139.47732,35.30076],[139.47759,35.30059],[139.47788,35.30063],[139.4779,35.30066],[139.4779,35.30067],[139.47791,35.30067],[139.47802,35.3008],[139.47808,35.30107],[139.47876,35.30112],[139.47892,35.30129],[139.47894,35.30155],[139.479,35.30155],[139.47896,35.30135],[139.47912,35.30136],[139.47908,35.30112],[139.47911,35.30096]]],[[[139.47381,35.56605],[139.47385,35.56617],[139.47405,35.56629],[139.47442,35.56636],[139.47489,35.56638],[139.47522,35.56647],[139.47532,35.56659],[139.47533,35.56683],[139.47524,35.56698],[139.47508,35.56712],[139.47458,35.56734],[139.47403,35.56742],[139.4735,35.56735],[139.47328,35.56742],[139.47326,35.56766],[139.47342,35.56802],[139.47352,35.56812],[139.47378,35.56818],[139.47391,35.56827],[139.47396,35.56846],[139.47391,35.56869],[139.4737,35.56886],[139.47322,35.569],[139.47308,35.56911],[139.47305,35.56936],[139.47319,35.56968],[139.47318,35.56978],[139.47305,35.56995],[139.47276,35.5701],[139.47177,35.57041],[139.47156,35.57055],[139.47147,35.57071],[139.47147,35.57084],[139.47153,35.57086],[139.47161,35.57093],[139.47205,35.57072],[139.47219,35.57072],[139.47239,35.5708],[139.47252,35.57095],[139.47257,35.57116],[139.47257,35.57125],[139.47245,35.5714],[139.472,35.57161],[139.47232,35.57257],[139.47283,35.57318],[139.47325,35.57385],[139.47368,35.57532],[139.47364,35.57541],[139.47522,35.57532],[139.47564,35.57516],[139.47582,35.57487],[139.47592,35.5748],[139.47604,35.57479],[139.47633,35.57494],[139.47642,35.57524],[139.47654,35.57538],[139.47687,35.57551],[139.47711,35.57549],[139.47722,35.57531],[139.47732,35.57477],[139.47751,35.57443],[139.47792,35.57403],[139.47823,35.57391],[139.47854,35.57394],[139.47882,35.57413],[139.47906,35.57448],[139.47927,35.57493],[139.47939,35.57505],[139.47944,35.57505],[139.47953,35.57493],[139.47969,35.57434],[139.4799,35.57392],[139.48018,35.5737],[139.48045,35.5736],[139.48065,35.57361],[139.48077,35.57368],[139.48091,35.57389],[139.48102,35.57419],[139.48111,35.57427],[139.48122,35.57424],[139.48158,35.5738],[139.48189,35.57359],[139.48214,35.5735],[139.48293,35.57338],[139.48313,35.57338],[139.48326,35.57345],[139.48339,35.5738],[139.48378,35.57408],[139.48447,35.57421],[139.48456,35.57421],[139.48447,35.57369],[139.48375,35.57196],[139.48334,35.57177],[139.48287,35.57138],[139.48357,35.57087],[139.484,35.57029],[139.48489,35.57011],[139.48513,35.56994],[139.48546,35.56955],[139.48606,35.5693],[139.48636,35.56904],[139.48639,35.56871],[139.48608,35.56789],[139.48604,35.56758],[139.48613,35.56743],[139.48671,35.56735],[139.48638,35.56662],[139.48609,35.56738],[139.48592,35.56751],[139.48579,35.56752],[139.48566,35.56747],[139.48556,35.56735],[139.48534,35.56677],[139.48516,35.56661],[139.48504,35.56657],[139.48474,35.56656],[139.48414,35.56669],[139.4836,35.56673],[139.48274,35.56654],[139.48271,35.56663],[139.48274,35.56673],[139.48306,35.56729],[139.4822,35.56741],[139.48188,35.56737],[139.48162,35.56714],[139.48146,35.56667],[139.48136,35.56654],[139.4812,35.56668],[139.48086,35.56676],[139.48029,35.56673],[139.47966,35.56664],[139.47939,35.56655],[139.47924,35.56646],[139.47912,35.56619],[139.47872,35.56611],[139.47854,35.56595],[139.47845,35.56564],[139.47854,35.56532],[139.47855,35.56509],[139.47839,35.56458],[139.47818,35.56414],[139.47764,35.56329],[139.47722,35.56295],[139.47695,35.56286],[139.47684,35.56276],[139.47675,35.56256],[139.47672,35.56237],[139.47649,35.56255],[139.47637,35.5625],[139.47536,35.56133],[139.47535,35.56],[139.47522,35.55975],[139.47474,35.55961],[139.47431,35.55967],[139.47349,35.55991],[139.4732,35.5602],[139.47248,35.56056],[139.4715,35.56086],[139.4705,35.56099],[139.47069,35.56109],[139.47106,35.5612],[139.4716,35.56126],[139.47203,35.56117],[139.47236,35.56095],[139.47275,35.56082],[139.47322,35.56083],[139.47378,35.56098],[139.47397,35.56117],[139.47395,35.56148],[139.47379,35.56165],[139.47324,35.5619],[139.47317,35.56202],[139.47316,35.5623],[139.4747,35.56263],[139.47499,35.56275],[139.4752,35.5629],[139.47532,35.56307],[139.47539,35.56327],[139.47539,35.56375],[139.47524,35.56429],[139.47503,35.56475],[139.47478,35.56512],[139.47447,35.56541],[139.47403,35.56572],[139.47387,35.5659],[139.47381,35.56605]]],[[[139.47865,35.59798],[139.47862,35.59868],[139.47867,35.5989],[139.47879,35.59903],[139.47907,35.59907],[139.47926,35.59919],[139.47937,35.59968],[139.47952,35.59994],[139.47997,35.60039],[139.48042,35.60072],[139.48096,35.60099],[139.48117,35.60098],[139.48126,35.60082],[139.48126,35.60068],[139.48116,35.60036],[139.4809,35.6002],[139.48043,35.60012],[139.48031,35.59997],[139.48029,35.59959],[139.48048,35.59902],[139.48071,35.59878],[139.481,35.59867],[139.48114,35.59856],[139.48124,35.59841],[139.48129,35.598],[139.48138,35.59781],[139.48164,35.59757],[139.48228,35.59723],[139.48237,35.59712],[139.48246,35.59682],[139.48285,35.59643],[139.48335,35.5962],[139.48414,35.59612],[139.48442,35.59596],[139.48448,35.59577],[139.48442,35.59519],[139.48451,35.59503],[139.48469,35.595],[139.48476,35.59491],[139.48479,35.59475],[139.4847,35.59402],[139.48479,35.59376],[139.48492,35.59363],[139.48513,35.59354],[139.48545,35.59348],[139.48699,35.5934],[139.48724,35.5933],[139.48719,35.59304],[139.48728,35.59293],[139.4874,35.59287],[139.48772,35.59282],[139.48828,35.59291],[139.48843,35.59283],[139.48847,35.59262],[139.48842,35.59243],[139.48829,35.59233],[139.48804,35.5923],[139.48788,35.59221],[139.48777,35.59206],[139.48767,35.5918],[139.48765,35.59149],[139.4877,35.5913],[139.48783,35.5912],[139.48802,35.59118],[139.48811,35.59105],[139.48807,35.59089],[139.48788,35.59095],[139.48759,35.59083],[139.48741,35.59028],[139.4874,35.59026],[139.48733,35.59025],[139.48707,35.59009],[139.48694,35.59026],[139.48693,35.59045],[139.4871,35.59172],[139.48631,35.59165],[139.48578,35.59191],[139.48542,35.59223],[139.48512,35.59292],[139.48426,35.59282],[139.48466,35.5937],[139.48454,35.59416],[139.48379,35.59386],[139.48337,35.59339],[139.48318,35.59341],[139.4834,35.59364],[139.48323,35.59404],[139.48328,35.59422],[139.48393,35.59506],[139.48391,35.5953],[139.48356,35.59525],[139.48293,35.59487],[139.48271,35.59494],[139.48251,35.59514],[139.48189,35.59537],[139.48126,35.59485],[139.48088,35.59472],[139.4803,35.59469],[139.48016,35.59487],[139.48025,35.59539],[139.48083,35.59551],[139.48078,35.59574],[139.48058,35.59599],[139.47999,35.59585],[139.47949,35.59589],[139.47946,35.59579],[139.47973,35.59536],[139.47973,35.59507],[139.47964,35.59509],[139.47904,35.59631],[139.47857,35.59781],[139.47865,35.59798]]],[[[139.4886,35.32863],[139.4886,35.32973],[139.48873,35.33058],[139.48905,35.33142],[139.48939,35.33193],[139.4899,35.33246],[139.49021,35.33267],[139.49052,35.33274],[139.4908,35.33286],[139.49152,35.33344],[139.49172,35.33369],[139.4918,35.33396],[139.49203,35.33432],[139.49342,35.33589],[139.49344,35.33622],[139.49369,35.33589],[139.49424,35.33589],[139.49354,35.33544],[139.49324,35.33517],[139.493,35.33487],[139.49255,35.33411],[139.49217,35.33366],[139.49166,35.33317],[139.48999,35.3318],[139.48951,35.33126],[139.48918,35.33074],[139.48901,35.33023],[139.48888,35.32932],[139.48887,35.32819],[139.48895,35.32688],[139.48886,35.32575],[139.48858,35.32484],[139.48815,35.3241],[139.48781,35.32364],[139.48704,35.32281],[139.48632,35.32226],[139.48576,35.32193],[139.48443,35.32131],[139.4837,35.32091],[139.48294,35.3204],[139.48214,35.3198],[139.48137,35.31912],[139.48106,35.31878],[139.4806,35.3181],[139.48045,35.31776],[139.4803,35.31709],[139.48032,35.31644],[139.48052,35.31564],[139.48076,35.31524],[139.48108,35.31493],[139.48173,35.31456],[139.48226,35.31434],[139.48386,35.31386],[139.48439,35.31359],[139.48485,35.31327],[139.48521,35.31289],[139.48549,35.31246],[139.48576,35.31175],[139.48582,35.31122],[139.48577,35.31039],[139.48566,35.30988],[139.48535,35.30916],[139.48505,35.30869],[139.48437,35.30785],[139.48342,35.30686],[139.48214,35.30566],[139.48174,35.30534],[139.48148,35.3052],[139.48141,35.30523],[139.48142,35.30602],[139.48171,35.30643],[139.4822,35.30697],[139.48399,35.30863],[139.48486,35.30959],[139.48504,35.3099],[139.48519,35.31035],[139.48527,35.31116],[139.48517,35.31169],[139.48501,35.31206],[139.48465,35.31264],[139.48431,35.31298],[139.48363,35.31335],[139.48218,35.31374],[139.48135,35.31411],[139.4806,35.31465],[139.48003,35.3153],[139.47978,35.31579],[139.47963,35.31632],[139.47958,35.31687],[139.47959,35.31735],[139.47978,35.31798],[139.48029,35.31872],[139.48238,35.32043],[139.4833,35.3211],[139.48434,35.32169],[139.48556,35.32223],[139.48612,35.32258],[139.48689,35.32323],[139.48767,35.32412],[139.48793,35.32457],[139.48809,35.32517],[139.48851,35.32587],[139.48863,35.32634],[139.48867,35.32735],[139.4886,35.32863]]],[[[139.47147,35.45759],[139.47116,35.45758],[139.47086,35.45746],[139.4707,35.4575],[139.47052,35.45781],[139.4703,35.45854],[139.47008,35.45889],[139.46978,35.4592],[139.46881,35.45995],[139.46868,35.46011],[139.46858,35.46038],[139.46811,35.46059],[139.46803,35.46068],[139.46811,35.46088],[139.46839,35.46113],[139.46866,35.46148],[139.46916,35.46248],[139.46937,35.46267],[139.46964,35.46276],[139.46978,35.46294],[139.47005,35.46358],[139.47025,35.4639],[139.47039,35.46402],[139.47072,35.4642],[139.47113,35.46427],[139.47177,35.46432],[139.47204,35.46442],[139.47219,35.46457],[139.47225,35.46498],[139.47234,35.46513],[139.47252,35.46525],[139.47304,35.4654],[139.47335,35.46458],[139.47379,35.46412],[139.47404,35.46399],[139.47437,35.46389],[139.47544,35.46382],[139.47572,35.46375],[139.47586,35.46362],[139.47587,35.46354],[139.47573,35.46322],[139.47575,35.46295],[139.4759,35.4628],[139.47653,35.46246],[139.4767,35.46215],[139.47696,35.46211],[139.47756,35.46217],[139.47777,35.46212],[139.47784,35.46207],[139.4779,35.46189],[139.47783,35.46138],[139.47785,35.46117],[139.47793,35.46101],[139.47805,35.46088],[139.47846,35.46071],[139.47893,35.46071],[139.47908,35.4608],[139.47913,35.461],[139.47925,35.46113],[139.47958,35.46127],[139.47975,35.46126],[139.47991,35.46109],[139.48003,35.46042],[139.48014,35.46029],[139.48031,35.46024],[139.48059,35.46028],[139.48074,35.46035],[139.48098,35.46071],[139.48128,35.46093],[139.48177,35.46112],[139.4822,35.46122],[139.48327,35.4613],[139.48507,35.46121],[139.48569,35.46126],[139.48587,35.46136],[139.48595,35.46147],[139.48603,35.46192],[139.48618,35.4622],[139.48652,35.46244],[139.48701,35.46256],[139.48718,35.46288],[139.48789,35.46283],[139.48826,35.46315],[139.48904,35.46339],[139.48925,35.46352],[139.4893,35.46368],[139.48925,35.46382],[139.48893,35.46403],[139.48884,35.46415],[139.48887,35.4643],[139.48903,35.46448],[139.4892,35.46454],[139.48945,35.46453],[139.48961,35.46445],[139.48977,35.46425],[139.48995,35.46418],[139.49041,35.46424],[139.4906,35.46421],[139.49084,35.46403],[139.49122,35.46357],[139.49149,35.46344],[139.49179,35.46342],[139.49206,35.46333],[139.49269,35.46279],[139.49331,35.46253],[139.4934,35.46244],[139.4935,35.46219],[139.49376,35.46211],[139.49436,35.46207],[139.49469,35.46191],[139.49479,35.46172],[139.49491,35.46103],[139.495,35.4609],[139.49523,35.46076],[139.49528,35.46065],[139.4952,35.46027],[139.49521,35.46005],[139.49528,35.45992],[139.49548,35.45976],[139.49569,35.45969],[139.49603,35.45975],[139.49619,35.4597],[139.49637,35.45956],[139.4969,35.45899],[139.49732,35.45882],[139.49763,35.45881],[139.49819,35.45895],[139.49839,35.45909],[139.49846,35.45932],[139.49872,35.45939],[139.49882,35.45932],[139.49886,35.45915],[139.49881,35.45806],[139.49896,35.45784],[139.49939,35.45778],[139.49948,35.45771],[139.49955,35.45752],[139.49975,35.45746],[139.50033,35.45745],[139.50119,35.45751],[139.50185,35.45747],[139.50214,35.45737],[139.50258,35.45699],[139.50304,35.45686],[139.50322,35.45663],[139.50328,35.45634],[139.50319,35.45619],[139.50294,35.45602],[139.50292,35.45593],[139.50301,35.4556],[139.50275,35.45526],[139.50278,35.45509],[139.50351,35.45468],[139.50373,35.45446],[139.50395,35.45411],[139.50411,35.45401],[139.5044,35.45396],[139.50457,35.45368],[139.50488,35.45368],[139.5056,35.45384],[139.50588,35.45381],[139.50599,35.45375],[139.50612,35.45355],[139.50623,35.45271],[139.50639,35.45246],[139.50659,35.45231],[139.5068,35.45223],[139.50707,35.45221],[139.50724,35.45228],[139.50744,35.45249],[139.50751,35.4525],[139.50773,35.45205],[139.50789,35.45188],[139.50825,35.4517],[139.50858,35.45163],[139.50931,35.45163],[139.5103,35.45183],[139.51076,35.45181],[139.51099,35.45169],[139.51128,35.45131],[139.51142,35.45121],[139.51156,35.45118],[139.51177,35.45124],[139.51201,35.45123],[139.5125,35.451],[139.51279,35.45073],[139.513,35.45037],[139.5131,35.45033],[139.51356,35.45054],[139.51388,35.4506],[139.51507,35.45064],[139.51563,35.45058],[139.51585,35.4505],[139.51613,35.45027],[139.51643,35.45021],[139.5169,35.45018],[139.51706,35.4501],[139.51702,35.44995],[139.51681,35.44978],[139.51597,35.44944],[139.51565,35.44924],[139.51555,35.44908],[139.51554,35.44884],[139.51563,35.44869],[139.51578,35.44855],[139.51653,35.44815],[139.51672,35.44777],[139.51705,35.44767],[139.51716,35.44746],[139.51721,35.44696],[139.51749,35.4466],[139.51782,35.4464],[139.51859,35.44608],[139.51868,35.44599],[139.51854,35.44594],[139.51784,35.4459],[139.51748,35.44582],[139.51713,35.44552],[139.51657,35.44534],[139.51632,35.44513],[139.51602,35.44441],[139.51552,35.4419],[139.51538,35.44154],[139.51524,35.44138],[139.51506,35.4413],[139.5148,35.44126],[139.51388,35.44132],[139.51338,35.44128],[139.51311,35.44118],[139.51267,35.44091],[139.51243,35.44086],[139.51218,35.44088],[139.51166,35.44105],[139.51144,35.44106],[139.51126,35.44102],[139.51088,35.44079],[139.51041,35.44072],[139.51026,35.44066],[139.51015,35.4404],[139.51023,35.4398],[139.51022,35.43939],[139.51015,35.43917],[139.50997,35.4389],[139.50995,35.43871],[139.51006,35.43841],[139.51043,35.43789],[139.51042,35.43766],[139.5103,35.43754],[139.50989,35.43743],[139.50944,35.43741],[139.50793,35.43754],[139.50731,35.43771],[139.50707,35.43785],[139.50668,35.4382],[139.50629,35.43836],[139.50545,35.43844],[139.50443,35.43844],[139.50357,35.43829],[139.50296,35.438],[139.50247,35.43787],[139.5021,35.43785],[139.50132,35.43792],[139.50086,35.43787],[139.50061,35.43779],[139.50028,35.43757],[139.50016,35.4374],[139.50013,35.43723],[139.49998,35.43709],[139.4994,35.43694],[139.4988,35.43694],[139.4985,35.43702],[139.49834,35.43717],[139.49833,35.4373],[139.49839,35.43754],[139.4983,35.43777],[139.49775,35.43808],[139.49756,35.43826],[139.49741,35.43864],[139.49734,35.43935],[139.49721,35.43954],[139.49708,35.43956],[139.4969,35.43952],[139.49661,35.43925],[139.49637,35.43918],[139.49575,35.43911],[139.49489,35.43909],[139.49427,35.43899],[139.49403,35.43888],[139.49382,35.43859],[139.49357,35.43851],[139.49319,35.43855],[139.49288,35.43865],[139.49273,35.43879],[139.49267,35.43899],[139.49251,35.43907],[139.49224,35.43909],[139.49193,35.43903],[139.49162,35.43887],[139.49126,35.43855],[139.49116,35.43834],[139.49123,35.43811],[139.49119,35.43801],[139.49107,35.43793],[139.49059,35.4378],[139.49038,35.43769],[139.49016,35.43744],[139.4899,35.43688],[139.48976,35.43676],[139.48941,35.43661],[139.48907,35.43659],[139.48892,35.43652],[139.48853,35.4358],[139.48824,35.43557],[139.48785,35.43537],[139.48764,35.43517],[139.48742,35.43474],[139.48725,35.43404],[139.48704,35.43374],[139.48686,35.43367],[139.48666,35.43365],[139.48648,35.43356],[139.48623,35.4333],[139.48586,35.43272],[139.48559,35.43256],[139.48529,35.43252],[139.48513,35.43245],[139.485,35.43233],[139.48482,35.43192],[139.48464,35.43171],[139.48422,35.43143],[139.48336,35.431],[139.48318,35.43083],[139.48311,35.43066],[139.48315,35.43043],[139.48324,35.43031],[139.48383,35.43003],[139.48425,35.42951],[139.48448,35.42947],[139.48476,35.42952],[139.48488,35.42945],[139.48463,35.42878],[139.48468,35.4285],[139.48488,35.42816],[139.48487,35.42799],[139.48477,35.42782],[139.4843,35.42735],[139.48422,35.42716],[139.48425,35.42701],[139.48435,35.42692],[139.48469,35.42686],[139.48488,35.42648],[139.48573,35.42601],[139.48589,35.42587],[139.48619,35.42544],[139.48643,35.42534],[139.48669,35.42532],[139.48673,35.42525],[139.48652,35.42504],[139.48621,35.42482],[139.48592,35.42467],[139.4857,35.42462],[139.48554,35.42466],[139.4854,35.42488],[139.48525,35.42502],[139.48489,35.42516],[139.48456,35.42523],[139.48424,35.42523],[139.48383,35.4251],[139.48319,35.42454],[139.48288,35.42436],[139.48259,35.42425],[139.48249,35.42414],[139.48248,35.42399],[139.48267,35.42357],[139.4827,35.42335],[139.48259,35.42301],[139.48229,35.42269],[139.48202,35.42253],[139.48169,35.42243],[139.48054,35.42231],[139.48042,35.42224],[139.48031,35.42194],[139.48015,35.42183],[139.47982,35.42174],[139.47911,35.42169],[139.47894,35.4216],[139.47885,35.42133],[139.47892,35.42095],[139.47891,35.42068],[139.47884,35.42059],[139.47865,35.42055],[139.47848,35.42029],[139.47819,35.4191],[139.47803,35.41895],[139.47778,35.41904],[139.47768,35.41883],[139.47765,35.41833],[139.47771,35.41793],[139.47784,35.41782],[139.47808,35.41793],[139.47818,35.41776],[139.47821,35.41734],[139.47816,35.41695],[139.47803,35.41676],[139.4778,35.41672],[139.47776,35.41667],[139.47784,35.41644],[139.47783,35.4163],[139.47739,35.41607],[139.47695,35.41602],[139.477,35.41566],[139.47674,35.4156],[139.47657,35.41551],[139.47623,35.415],[139.47605,35.41493],[139.47587,35.41497],[139.47575,35.41516],[139.47579,35.4155],[139.47592,35.4156],[139.47611,35.41563],[139.4762,35.41572],[139.47637,35.41663],[139.47647,35.41672],[139.47675,35.41678],[139.47683,35.41689],[139.4768,35.41712],[139.47664,35.41733],[139.47637,35.41757],[139.47608,35.41774],[139.47584,35.41778],[139.47557,35.41772],[139.47546,35.41776],[139.47526,35.41809],[139.47507,35.41825],[139.47451,35.41835],[139.47445,35.41842],[139.47452,35.41862],[139.47448,35.41871],[139.47435,35.41879],[139.47367,35.41901],[139.47345,35.4192],[139.47331,35.41944],[139.47313,35.41955],[139.47271,35.41965],[139.47213,35.41966],[139.47175,35.41972],[139.47162,35.4198],[139.47157,35.41996],[139.47142,35.4201],[139.47059,35.42038],[139.4705,35.42047],[139.47041,35.42073],[139.46984,35.42098],[139.46969,35.42108],[139.46935,35.42161],[139.46868,35.4221],[139.46855,35.42232],[139.46864,35.42253],[139.46912,35.42266],[139.46972,35.42308],[139.4701,35.42347],[139.4703,35.4239],[139.47118,35.42442],[139.47146,35.42475],[139.47181,35.42534],[139.47194,35.42546],[139.47225,35.42557],[139.4723,35.42578],[139.47222,35.42628],[139.47231,35.42661],[139.47248,35.42677],[139.47285,35.42696],[139.47311,35.42716],[139.47319,35.42731],[139.47322,35.42756],[139.47334,35.42785],[139.47385,35.42855],[139.47384,35.42873],[139.47361,35.42887],[139.4735,35.42899],[139.4735,35.42923],[139.47361,35.42928],[139.47385,35.42921],[139.47398,35.42922],[139.4741,35.42953],[139.47458,35.42975],[139.47472,35.4299],[139.47484,35.43024],[139.47486,35.43072],[139.47493,35.43106],[139.47503,35.43121],[139.47527,35.43137],[139.47534,35.4315],[139.47548,35.43224],[139.47557,35.43234],[139.47581,35.43249],[139.47591,35.43266],[139.47594,35.43289],[139.47583,35.43306],[139.47558,35.4331],[139.47508,35.43305],[139.4749,35.43312],[139.47476,35.43326],[139.47456,35.43367],[139.47437,35.43384],[139.47411,35.43399],[139.4735,35.43423],[139.47324,35.43444],[139.47318,35.4346],[139.47323,35.43488],[139.47336,35.43497],[139.47354,35.435],[139.47363,35.43512],[139.47345,35.43588],[139.47377,35.43646],[139.47381,35.4366],[139.47377,35.43684],[139.47362,35.43707],[139.47316,35.43751],[139.47303,35.43771],[139.47299,35.43789],[139.47306,35.43814],[139.47305,35.4383],[139.47267,35.43842],[139.47239,35.43881],[139.47219,35.43891],[139.47189,35.43895],[139.47149,35.43893],[139.47083,35.43883],[139.47037,35.43866],[139.46982,35.43819],[139.46955,35.43813],[139.46931,35.43823],[139.46897,35.43874],[139.46858,35.43883],[139.46837,35.43896],[139.46817,35.43918],[139.46809,35.43943],[139.4682,35.43969],[139.46849,35.43993],[139.46884,35.44012],[139.46917,35.44018],[139.46927,35.44031],[139.4693,35.44053],[139.46924,35.44072],[139.46911,35.44082],[139.46883,35.44087],[139.46874,35.44108],[139.46887,35.44127],[139.46929,35.44145],[139.46939,35.4416],[139.46937,35.44195],[139.46921,35.44241],[139.4692,35.44254],[139.46928,35.44273],[139.46936,35.44279],[139.46961,35.44286],[139.47017,35.4428],[139.47037,35.44264],[139.47045,35.44234],[139.4706,35.44225],[139.47084,35.4422],[139.47132,35.44221],[139.47172,35.44237],[139.47192,35.44256],[139.47235,35.44325],[139.47268,35.44348],[139.47275,35.44359],[139.47277,35.44375],[139.47268,35.44433],[139.47272,35.44446],[139.47295,35.44462],[139.47305,35.44478],[139.47312,35.44519],[139.47315,35.44573],[139.47323,35.44596],[139.4733,35.44603],[139.47349,35.44608],[139.474,35.44594],[139.47421,35.44595],[139.47439,35.44603],[139.47477,35.4464],[139.47532,35.44665],[139.47542,35.44676],[139.47541,35.447],[139.47525,35.44731],[139.47524,35.4474],[139.47531,35.44752],[139.47551,35.44759],[139.47629,35.44765],[139.47678,35.44781],[139.47717,35.44809],[139.47732,35.44847],[139.4778,35.44869],[139.47804,35.44893],[139.47819,35.44933],[139.47824,35.44966],[139.4782,35.44993],[139.47807,35.45014],[139.47734,35.45057],[139.47716,35.45092],[139.47656,35.45106],[139.47651,35.45121],[139.47657,35.45155],[139.47641,35.45185],[139.4762,35.45206],[139.4757,35.45243],[139.47541,35.45255],[139.47522,35.45258],[139.47595,35.45274],[139.47607,35.45281],[139.47623,35.45302],[139.47627,35.45338],[139.47612,35.45437],[139.47627,35.45522],[139.47624,35.45551],[139.47619,35.4556],[139.47597,35.4557],[139.47529,35.45572],[139.47407,35.45573],[139.47345,35.45582],[139.47312,35.45601],[139.47293,35.45627],[139.47283,35.45657],[139.47278,35.45707],[139.47272,35.45717],[139.47262,35.4572],[139.47234,35.45715],[139.47217,35.45719],[139.47168,35.45751],[139.47147,35.45759]]],[[[139.53876,35.62389],[139.53861,35.6236],[139.53853,35.62309],[139.53844,35.62296],[139.5383,35.62289],[139.53801,35.62288],[139.53778,35.62298],[139.53749,35.62339],[139.53736,35.62348],[139.5371,35.62355],[139.53681,35.62352],[139.53655,35.62344],[139.53605,35.62314],[139.53548,35.62299],[139.53449,35.62289],[139.53279,35.62284],[139.53226,35.62276],[139.53201,35.62256],[139.53173,35.62188],[139.53151,35.6217],[139.53096,35.62159],[139.52997,35.62165],[139.52963,35.62163],[139.52941,35.62157],[139.52919,35.62139],[139.52895,35.62147],[139.52881,35.62167],[139.52892,35.62179],[139.52939,35.622],[139.52947,35.62215],[139.52944,35.6223],[139.52934,35.62238],[139.52895,35.62246],[139.5284,35.62291],[139.52793,35.62299],[139.52687,35.62292],[139.52657,35.62294],[139.52637,35.623],[139.52623,35.62315],[139.52601,35.62325],[139.52519,35.62335],[139.52497,35.62351],[139.52483,35.62374],[139.52463,35.62386],[139.52414,35.62395],[139.52368,35.62396],[139.52347,35.62393],[139.52314,35.62375],[139.52302,35.62361],[139.52287,35.62322],[139.5228,35.62245],[139.52259,35.62206],[139.52241,35.62192],[139.52194,35.62174],[139.52073,35.62166],[139.52035,35.62156],[139.52013,35.62141],[139.52005,35.621],[139.51996,35.62085],[139.51982,35.62074],[139.51937,35.62054],[139.51899,35.62006],[139.51868,35.61998],[139.51791,35.62001],[139.51754,35.61984],[139.51704,35.61912],[139.51671,35.61886],[139.51633,35.61866],[139.51618,35.61848],[139.51614,35.61824],[139.51632,35.61764],[139.51629,35.61742],[139.51614,35.61743],[139.51575,35.61764],[139.5153,35.61779],[139.51497,35.61785],[139.51447,35.61785],[139.51397,35.6178],[139.51372,35.61773],[139.51353,35.61758],[139.51345,35.61733],[139.51332,35.61727],[139.51198,35.61731],[139.51185,35.61725],[139.51173,35.61699],[139.51137,35.61665],[139.51074,35.61618],[139.51026,35.61592],[139.50954,35.6157],[139.50837,35.61569],[139.5078,35.61548],[139.50707,35.61477],[139.5068,35.61458],[139.50652,35.61447],[139.50612,35.61444],[139.50591,35.61435],[139.50569,35.61408],[139.50555,35.6137],[139.50533,35.61354],[139.50499,35.61348],[139.50477,35.61349],[139.5038,35.61364],[139.50349,35.61366],[139.50332,35.61361],[139.5032,35.61336],[139.50279,35.61327],[139.50261,35.61312],[139.5025,35.61285],[139.50245,35.61226],[139.50238,35.61208],[139.50219,35.6119],[139.50191,35.6118],[139.50176,35.61169],[139.50174,35.61159],[139.50181,35.61141],[139.50172,35.61112],[139.5013,35.61052],[139.50083,35.61006],[139.50065,35.60995],[139.50032,35.60989],[139.50005,35.60962],[139.49985,35.60953],[139.49866,35.60931],[139.49855,35.60927],[139.49753,35.61031],[139.49692,35.61124],[139.49666,35.61141],[139.49623,35.61199],[139.49578,35.61236],[139.49528,35.61325],[139.49512,35.61447],[139.49501,35.61469],[139.4947,35.61498],[139.49442,35.61546],[139.49436,35.6157],[139.49442,35.61656],[139.49468,35.61729],[139.49622,35.61775],[139.49662,35.61806],[139.49705,35.61823],[139.4979,35.61832],[139.49857,35.61921],[139.49891,35.61984],[139.4994,35.6204],[139.50067,35.6213],[139.50113,35.62174],[139.50148,35.62189],[139.50232,35.62193],[139.50295,35.62219],[139.50342,35.62286],[139.50403,35.62296],[139.5053,35.62298],[139.50608,35.62282],[139.50655,35.62324],[139.50744,35.62366],[139.50843,35.6238],[139.50929,35.6241],[139.50974,35.62402],[139.5104,35.62335],[139.51128,35.62381],[139.51174,35.6242],[139.51194,35.62429],[139.51235,35.62444],[139.51418,35.62468],[139.51422,35.62453],[139.51442,35.62422],[139.51456,35.62411],[139.51491,35.62397],[139.51559,35.62395],[139.51612,35.62401],[139.51636,35.62409],[139.51659,35.62423],[139.51673,35.62424],[139.51694,35.62409],[139.51728,35.62366],[139.51749,35.62358],[139.51763,35.62362],[139.51776,35.62373],[139.51778,35.62382],[139.51771,35.62403],[139.51782,35.62415],[139.51806,35.62426],[139.51922,35.62462],[139.51943,35.62477],[139.51952,35.62492],[139.51943,35.62528],[139.51916,35.62547],[139.5191,35.6256],[139.51916,35.6259],[139.51937,35.62643],[139.51942,35.62682],[139.51936,35.62716],[139.51923,35.62744],[139.51878,35.62783],[139.51884,35.62804],[139.51893,35.62808],[139.51914,35.628],[139.51965,35.62752],[139.52014,35.6272],[139.52067,35.62699],[139.52126,35.62689],[139.52153,35.62694],[139.52164,35.62706],[139.52171,35.62726],[139.52174,35.62775],[139.52185,35.62796],[139.52203,35.62802],[139.5223,35.62795],[139.52269,35.62764],[139.5228,35.62743],[139.52282,35.62719],[139.52293,35.62705],[139.52334,35.62692],[139.52431,35.62687],[139.52472,35.62677],[139.525,35.62658],[139.52509,35.62645],[139.52524,35.62599],[139.5255,35.62571],[139.52576,35.62564],[139.52624,35.62567],[139.52648,35.62559],[139.52663,35.62539],[139.52667,35.62525],[139.52676,35.62459],[139.52692,35.62442],[139.52702,35.62438],[139.5273,35.6244],[139.52778,35.62458],[139.52814,35.62479],[139.52862,35.62522],[139.52899,35.62533],[139.52919,35.62531],[139.52935,35.62522],[139.52948,35.62507],[139.52969,35.62458],[139.52998,35.6244],[139.53073,35.6243],[139.53144,35.62434],[139.53178,35.62439],[139.5323,35.62459],[139.53263,35.6249],[139.53277,35.62532],[139.5328,35.6258],[139.53297,35.62613],[139.53311,35.62624],[139.53349,35.62636],[139.53485,35.62634],[139.53512,35.6264],[139.53546,35.62656],[139.53561,35.62647],[139.53586,35.62609],[139.53617,35.62601],[139.53627,35.62592],[139.53644,35.62493],[139.5366,35.6247],[139.53675,35.6246],[139.53721,35.62452],[139.53785,35.62461],[139.53835,35.62477],[139.53883,35.62504],[139.53959,35.625],[139.53976,35.62507],[139.54007,35.62535],[139.54047,35.62538],[139.54085,35.62528],[139.54131,35.62508],[139.54193,35.6247],[139.54203,35.62455],[139.54197,35.62432],[139.54199,35.62421],[139.54219,35.62398],[139.54225,35.62386],[139.54187,35.62393],[139.54164,35.62392],[139.54118,35.62356],[139.54071,35.62343],[139.54049,35.62342],[139.54028,35.62355],[139.54019,35.62403],[139.54003,35.62424],[139.53976,35.62436],[139.53945,35.62436],[139.53914,35.62423],[139.53876,35.62389]]],[[[139.52624,35.3178],[139.52601,35.31775],[139.52565,35.31751],[139.52549,35.31725],[139.52541,35.31691],[139.52534,35.31593],[139.52521,35.31557],[139.52509,35.31544],[139.52487,35.31536],[139.52455,35.31535],[139.52338,35.31552],[139.52304,35.31549],[139.52288,35.31534],[139.52286,35.31523],[139.523,35.31478],[139.52298,35.31453],[139.52283,35.3145],[139.52245,35.31462],[139.52219,35.31465],[139.52185,35.31455],[139.52156,35.31432],[139.52144,35.31413],[139.52147,35.31404],[139.52164,35.31394],[139.52173,35.31383],[139.52171,35.31368],[139.52162,35.31357],[139.52118,35.31339],[139.52014,35.31317],[139.51984,35.31298],[139.51971,35.31274],[139.51953,35.31258],[139.51891,35.31248],[139.51861,35.31226],[139.51843,35.31253],[139.51807,35.31359],[139.5179,35.31388],[139.51768,35.31413],[139.51739,35.31434],[139.51705,35.31451],[139.51664,35.31464],[139.51618,35.31472],[139.51566,35.31476],[139.51312,35.3147],[139.51279,35.31466],[139.51261,35.31455],[139.5125,35.31438],[139.51245,35.31404],[139.51239,35.31402],[139.51191,35.31442],[139.51157,35.31452],[139.5112,35.31454],[139.51106,35.31463],[139.51111,35.31475],[139.51157,35.31522],[139.51196,35.31596],[139.51216,35.31625],[139.51262,35.31655],[139.51349,35.31674],[139.51368,35.31682],[139.51398,35.31705],[139.51418,35.31738],[139.51428,35.318],[139.51423,35.31842],[139.51411,35.31856],[139.51374,35.31866],[139.51359,35.31883],[139.51322,35.32002],[139.5131,35.32014],[139.51286,35.32021],[139.51278,35.3203],[139.51274,35.32077],[139.5128,35.32095],[139.51292,35.32108],[139.51328,35.32123],[139.51352,35.32141],[139.51375,35.3219],[139.51388,35.32205],[139.51418,35.32218],[139.51456,35.32222],[139.51475,35.32232],[139.5149,35.32264],[139.51493,35.32311],[139.515,35.32346],[139.5151,35.3236],[139.51541,35.32383],[139.51555,35.32422],[139.51584,35.32437],[139.51605,35.32434],[139.5163,35.32407],[139.51666,35.32399],[139.51678,35.32392],[139.5171,35.32329],[139.51736,35.32304],[139.51787,35.32281],[139.5183,35.32273],[139.51853,35.32278],[139.51868,35.32289],[139.51879,35.32322],[139.519,35.32299],[139.51916,35.32291],[139.51942,35.3229],[139.51963,35.32299],[139.5199,35.32327],[139.52003,35.3235],[139.52005,35.32364],[139.51998,35.32394],[139.52007,35.32399],[139.52042,35.32402],[139.52061,35.32409],[139.52073,35.32436],[139.52088,35.32445],[139.52134,35.32445],[139.5216,35.32436],[139.52193,35.32417],[139.52224,35.32411],[139.52268,35.32409],[139.52391,35.32419],[139.5246,35.32441],[139.52486,35.32462],[139.52507,35.32511],[139.52523,35.32527],[139.52544,35.32536],[139.52593,35.3254],[139.52608,35.32545],[139.52617,35.32553],[139.5262,35.32569],[139.52628,35.3258],[139.52691,35.32615],[139.52706,35.32632],[139.5271,35.32653],[139.52692,35.32705],[139.52691,35.3273],[139.52701,35.32752],[139.52746,35.3279],[139.52762,35.32815],[139.52771,35.32848],[139.52765,35.32931],[139.5277,35.32983],[139.52782,35.33009],[139.52829,35.33061],[139.52839,35.33101],[139.52852,35.33108],[139.52875,35.33106],[139.52948,35.33081],[139.52981,35.33074],[139.53017,35.33081],[139.53032,35.33096],[139.53047,35.3314],[139.53037,35.33229],[139.53039,35.33248],[139.53047,35.33258],[139.53078,35.33268],[139.53083,35.33286],[139.53074,35.33308],[139.53046,35.33337],[139.53033,35.33357],[139.53028,35.33397],[139.53045,35.33447],[139.53072,35.33487],[139.53092,35.33504],[139.53113,35.33508],[139.53132,35.33501],[139.53139,35.33479],[139.5315,35.33473],[139.53182,35.33472],[139.5323,35.33481],[139.53253,35.33495],[139.53268,35.33517],[139.53278,35.3359],[139.53294,35.33615],[139.53358,35.33632],[139.53404,35.33675],[139.53435,35.33692],[139.53473,35.33702],[139.53512,35.33702],[139.53536,35.33695],[139.53558,35.33683],[139.53588,35.33651],[139.53585,35.33646],[139.53561,35.33639],[139.53541,35.33608],[139.53533,35.33569],[139.53546,35.33539],[139.53568,35.33526],[139.53631,35.33512],[139.53673,35.33495],[139.53715,35.33464],[139.53741,35.33429],[139.53741,35.33412],[139.53732,35.33402],[139.53669,35.3338],[139.5365,35.33368],[139.53638,35.33349],[139.53633,35.33325],[139.53637,35.33287],[139.53646,35.33269],[139.5366,35.33256],[139.53688,35.33245],[139.53704,35.3322],[139.53705,35.33195],[139.53698,35.33136],[139.537,35.33117],[139.53707,35.33106],[139.53736,35.331],[139.53756,35.3309],[139.53844,35.33031],[139.53868,35.33024],[139.53909,35.33029],[139.53929,35.33025],[139.53935,35.33015],[139.53938,35.32992],[139.53947,35.3298],[139.53973,35.32971],[139.5402,35.32967],[139.54032,35.32959],[139.54036,35.32948],[139.5403,35.32916],[139.54035,35.32902],[139.54047,35.32889],[139.54085,35.32868],[139.54119,35.32858],[139.54139,35.32859],[139.54148,35.32866],[139.54154,35.32879],[139.54159,35.32918],[139.54178,35.32939],[139.54202,35.32946],[139.54275,35.32954],[139.54294,35.32964],[139.54317,35.32993],[139.54343,35.33001],[139.54411,35.33],[139.54506,35.32985],[139.54571,35.32965],[139.54592,35.3295],[139.54597,35.32933],[139.54589,35.32912],[139.54578,35.32901],[139.54542,35.32884],[139.5453,35.32861],[139.54525,35.328],[139.54533,35.32668],[139.54524,35.32622],[139.54512,35.32608],[139.54493,35.32599],[139.54483,35.32626],[139.54457,35.32633],[139.54441,35.32622],[139.54435,35.32606],[139.54433,35.32569],[139.54438,35.32536],[139.54451,35.32515],[139.5447,35.32504],[139.54483,35.32489],[139.54488,35.32468],[139.54486,35.32446],[139.5447,35.32431],[139.54448,35.32432],[139.54443,35.32441],[139.54451,35.32472],[139.54437,35.32495],[139.54404,35.32513],[139.54358,35.3252],[139.54322,35.32518],[139.54306,35.32513],[139.54297,35.32505],[139.54287,35.32475],[139.54257,35.3246],[139.54225,35.32458],[139.54149,35.32465],[139.54125,35.3246],[139.54106,35.32437],[139.54102,35.32398],[139.54087,35.32365],[139.54068,35.32348],[139.54031,35.3233],[139.54016,35.32315],[139.54014,35.32287],[139.5403,35.32255],[139.54036,35.32231],[139.5403,35.3222],[139.54,35.32199],[139.53992,35.32174],[139.53982,35.3217],[139.53962,35.32171],[139.53902,35.32188],[139.53866,35.32192],[139.5385,35.32188],[139.53824,35.32162],[139.53793,35.32156],[139.53783,35.32145],[139.53777,35.32126],[139.5377,35.32055],[139.53749,35.32034],[139.53687,35.32037],[139.53662,35.32032],[139.5364,35.32022],[139.53583,35.31986],[139.53505,35.31964],[139.53475,35.31963],[139.5345,35.31967],[139.53429,35.31977],[139.53407,35.31999],[139.53378,35.32008],[139.53269,35.31983],[139.53077,35.31973],[139.53025,35.31961],[139.53006,35.31951],[139.52983,35.31924],[139.52978,35.31887],[139.52987,35.31812],[139.53014,35.31725],[139.53007,35.31678],[139.52988,35.31648],[139.5294,35.31607],[139.52878,35.3157],[139.52835,35.31557],[139.52807,35.31559],[139.52799,35.31569],[139.52807,35.31636],[139.52802,35.31657],[139.52794,35.31668],[139.52772,35.31682],[139.52712,35.31699],[139.52691,35.31709],[139.52675,35.31725],[139.52656,35.31764],[139.52643,35.31776],[139.52624,35.3178]]],[[[139.50052,35.58027],[139.50079,35.5804],[139.50123,35.58078],[139.50144,35.58088],[139.50175,35.58085],[139.50205,35.58066],[139.50215,35.58066],[139.50232,35.58076],[139.50248,35.58102],[139.50268,35.58164],[139.50276,35.58241],[139.5027,35.5826],[139.50255,35.58281],[139.50232,35.58296],[139.50199,35.58308],[139.50196,35.58313],[139.5025,35.58337],[139.50299,35.5838],[139.50347,35.58396],[139.50453,35.58403],[139.50555,35.58396],[139.50637,35.58374],[139.50679,35.58373],[139.50706,35.58381],[139.50734,35.58396],[139.50765,35.58435],[139.50776,35.5847],[139.50781,35.58515],[139.50773,35.58601],[139.50754,35.5864],[139.50718,35.58666],[139.50706,35.5868],[139.50699,35.58695],[139.50699,35.5872],[139.50706,35.58739],[139.50734,35.58759],[139.50742,35.58775],[139.50743,35.58815],[139.50734,35.58885],[139.50739,35.58914],[139.50749,35.58922],[139.50775,35.58929],[139.5079,35.58966],[139.50842,35.59005],[139.50863,35.59027],[139.50875,35.59057],[139.50879,35.59093],[139.50874,35.59136],[139.50855,35.59195],[139.50826,35.59242],[139.50787,35.59278],[139.50765,35.59321],[139.50762,35.59374],[139.50766,35.59394],[139.50783,35.59425],[139.50797,35.59436],[139.50835,35.5945],[139.50886,35.59453],[139.50967,35.5945],[139.50998,35.59457],[139.51013,35.59471],[139.51009,35.5953],[139.51022,35.59551],[139.51037,35.59561],[139.51083,35.59569],[139.51147,35.59564],[139.51177,35.59572],[139.51204,35.59592],[139.51248,35.59659],[139.51273,35.59683],[139.51287,35.5969],[139.51317,35.59695],[139.5138,35.59681],[139.51411,35.59685],[139.51433,35.59713],[139.51453,35.59729],[139.51483,35.59742],[139.51609,35.59782],[139.51656,35.59809],[139.51715,35.59862],[139.51756,35.59875],[139.51767,35.59892],[139.51771,35.59931],[139.51782,35.59945],[139.51814,35.59952],[139.51863,35.59947],[139.51911,35.59952],[139.51946,35.59965],[139.52017,35.60007],[139.52102,35.60009],[139.52144,35.60022],[139.52158,35.60033],[139.52174,35.60054],[139.52183,35.60112],[139.5219,35.60124],[139.52209,35.60126],[139.52251,35.60112],[139.52274,35.60116],[139.523,35.60128],[139.52339,35.60159],[139.5236,35.60187],[139.52364,35.60201],[139.52357,35.60218],[139.52358,35.60229],[139.52386,35.60235],[139.52414,35.60247],[139.52487,35.60306],[139.52507,35.60335],[139.52511,35.60369],[139.52499,35.60393],[139.52476,35.60407],[139.52471,35.60415],[139.52494,35.60431],[139.52503,35.60447],[139.52517,35.60569],[139.52524,35.60587],[139.52536,35.60594],[139.52549,35.60593],[139.52566,35.60584],[139.52593,35.6054],[139.52619,35.60519],[139.5267,35.60497],[139.52703,35.60493],[139.52721,35.60497],[139.52743,35.60512],[139.52768,35.60519],[139.52823,35.60512],[139.52835,35.60514],[139.52842,35.6052],[139.52844,35.60535],[139.52856,35.60542],[139.529,35.60536],[139.52935,35.60544],[139.53024,35.60602],[139.53043,35.60608],[139.53074,35.60604],[139.53087,35.60607],[139.53101,35.60618],[139.5313,35.60656],[139.53166,35.60674],[139.53199,35.60677],[139.53291,35.60671],[139.53327,35.60679],[139.53351,35.60693],[139.53371,35.60693],[139.53411,35.60679],[139.53475,35.60642],[139.535,35.60634],[139.53521,35.60635],[139.53536,35.60644],[139.53551,35.60663],[139.53567,35.60723],[139.53587,35.60738],[139.53615,35.60745],[139.53629,35.60738],[139.53638,35.60722],[139.53649,35.60651],[139.53656,35.60641],[139.53675,35.60626],[139.53768,35.60613],[139.53779,35.60605],[139.53782,35.60588],[139.53798,35.60568],[139.53829,35.60545],[139.53869,35.60524],[139.53906,35.60516],[139.53961,35.60522],[139.53973,35.60515],[139.53977,35.605],[139.5399,35.60492],[139.54029,35.60486],[139.54086,35.60486],[139.54132,35.60496],[139.54145,35.60523],[139.54189,35.60537],[139.54215,35.60576],[139.54228,35.60588],[139.54258,35.60597],[139.54307,35.60602],[139.54322,35.60609],[139.54331,35.60621],[139.54338,35.60652],[139.5435,35.60667],[139.54374,35.60682],[139.54443,35.60711],[139.54427,35.60669],[139.54435,35.60647],[139.54464,35.60634],[139.54557,35.60622],[139.54593,35.60643],[139.54657,35.60712],[139.54689,35.60732],[139.54706,35.60737],[139.54743,35.6074],[139.54818,35.60725],[139.54849,35.60725],[139.54869,35.60757],[139.54911,35.60775],[139.54923,35.60789],[139.54929,35.60811],[139.5492,35.60885],[139.54925,35.60914],[139.54957,35.60941],[139.54968,35.60984],[139.54976,35.60997],[139.55002,35.61012],[139.55059,35.61029],[139.55074,35.61043],[139.55071,35.61066],[139.55058,35.61073],[139.55039,35.61074],[139.55026,35.61084],[139.55021,35.61103],[139.55023,35.61126],[139.55033,35.61143],[139.55058,35.61157],[139.5507,35.61172],[139.55084,35.61228],[139.55113,35.61249],[139.55134,35.61273],[139.55154,35.61313],[139.5518,35.61384],[139.55185,35.61409],[139.55181,35.61425],[139.55166,35.61437],[139.55115,35.61457],[139.55103,35.61471],[139.55104,35.61487],[139.55115,35.61497],[139.55147,35.61508],[139.55195,35.61516],[139.55218,35.61515],[139.55238,35.61502],[139.55241,35.61479],[139.55253,35.61463],[139.55267,35.61458],[139.55296,35.61458],[139.55325,35.61473],[139.55354,35.61514],[139.55368,35.61522],[139.55397,35.61525],[139.55436,35.61514],[139.55449,35.615],[139.55449,35.61488],[139.55434,35.61471],[139.55387,35.61448],[139.55368,35.61433],[139.55352,35.61406],[139.55353,35.61372],[139.55364,35.61348],[139.55383,35.61322],[139.55465,35.61243],[139.55478,35.61212],[139.55472,35.61179],[139.55483,35.61162],[139.55534,35.61139],[139.55575,35.61092],[139.55617,35.61083],[139.55657,35.61085],[139.55724,35.61095],[139.55776,35.61112],[139.55823,35.6114],[139.55843,35.61136],[139.55864,35.61115],[139.55907,35.6103],[139.55932,35.60997],[139.55945,35.60985],[139.55976,35.60973],[139.56024,35.60976],[139.56048,35.60969],[139.56057,35.60962],[139.56068,35.60941],[139.56078,35.60881],[139.56096,35.6086],[139.56124,35.60845],[139.56182,35.60837],[139.56224,35.60844],[139.56242,35.60858],[139.56261,35.60894],[139.56272,35.6088],[139.56288,35.60832],[139.56301,35.60816],[139.56318,35.60808],[139.56361,35.60802],[139.56373,35.60791],[139.56375,35.60776],[139.56383,35.60765],[139.56411,35.60762],[139.56428,35.60768],[139.56449,35.60791],[139.56463,35.60799],[139.5653,35.60809],[139.56544,35.60821],[139.56547,35.60858],[139.56525,35.60939],[139.56527,35.60957],[139.56535,35.60964],[139.56549,35.60963],[139.56566,35.6095],[139.56587,35.60904],[139.56603,35.6089],[139.56639,35.60883],[139.56711,35.60887],[139.5673,35.60874],[139.56734,35.60852],[139.56745,35.60836],[139.5676,35.6083],[139.56789,35.6083],[139.56824,35.6084],[139.56853,35.60862],[139.56874,35.60899],[139.5689,35.6095],[139.56912,35.60973],[139.56933,35.60978],[139.56983,35.60973],[139.57002,35.60974],[139.57015,35.6098],[139.57041,35.61006],[139.57075,35.6101],[139.57135,35.60996],[139.57198,35.60973],[139.57229,35.60952],[139.57263,35.60907],[139.57292,35.60892],[139.57361,35.60871],[139.57401,35.60838],[139.57478,35.60825],[139.57494,35.60799],[139.57488,35.6074],[139.57493,35.60705],[139.57514,35.60686],[139.57543,35.60682],[139.57563,35.6069],[139.57581,35.6072],[139.57603,35.60742],[139.57663,35.60774],[139.57684,35.60792],[139.57706,35.6083],[139.5772,35.60877],[139.57739,35.60901],[139.57753,35.60909],[139.57789,35.6092],[139.57834,35.60922],[139.57891,35.60918],[139.57925,35.60907],[139.5794,35.60891],[139.57958,35.60882],[139.58057,35.6086],[139.58081,35.60846],[139.58091,35.60824],[139.58079,35.60763],[139.58089,35.60734],[139.58118,35.6071],[139.58225,35.60672],[139.58291,35.60634],[139.5832,35.60602],[139.58355,35.60532],[139.58378,35.6051],[139.58406,35.60497],[139.58454,35.60497],[139.58478,35.60508],[139.58493,35.60527],[139.58503,35.60587],[139.5851,35.60601],[139.5852,35.60613],[139.58551,35.60635],[139.58596,35.6065],[139.58648,35.6066],[139.58688,35.6066],[139.58716,35.60653],[139.58732,35.60636],[139.58754,35.60594],[139.58784,35.60583],[139.58792,35.60571],[139.58792,35.60527],[139.58776,35.60428],[139.58795,35.60344],[139.5881,35.60314],[139.58839,35.60295],[139.58878,35.60292],[139.58904,35.60279],[139.58912,35.60264],[139.58923,35.60204],[139.58945,35.60178],[139.58963,35.60171],[139.58986,35.60169],[139.59095,35.60192],[139.59105,35.60188],[139.59111,35.60173],[139.59126,35.60165],[139.59153,35.60161],[139.59253,35.60155],[139.59279,35.60143],[139.59277,35.60129],[139.59256,35.60107],[139.59235,35.60094],[139.59215,35.60091],[139.59206,35.60085],[139.59206,35.60059],[139.59232,35.59973],[139.59231,35.59952],[139.59215,35.5993],[139.59212,35.59914],[139.59233,35.59876],[139.5932,35.59785],[139.59356,35.59734],[139.59375,35.59678],[139.59373,35.5966],[139.59364,35.59651],[139.5931,35.59657],[139.59278,35.59653],[139.59252,35.59635],[139.59242,35.59606],[139.59211,35.59596],[139.59173,35.59596],[139.59147,35.59606],[139.59139,35.59617],[139.59132,35.59652],[139.59119,35.59662],[139.59106,35.59663],[139.59061,35.59652],[139.58934,35.59607],[139.58892,35.59603],[139.5886,35.59609],[139.58837,35.59608],[139.58813,35.59587],[139.58797,35.59581],[139.58681,35.59585],[139.5867,35.59579],[139.58659,35.59553],[139.58618,35.59542],[139.58605,35.59507],[139.58543,35.59461],[139.58534,35.5945],[139.58527,35.59425],[139.58511,35.59421],[139.58474,35.59427],[139.58458,35.59424],[139.5844,35.59406],[139.58419,35.5936],[139.58396,35.59346],[139.58377,35.59349],[139.58366,35.59356],[139.58345,35.59391],[139.58323,35.59407],[139.58224,35.5942],[139.58154,35.59447],[139.58142,35.59445],[139.58123,35.59428],[139.58108,35.59422],[139.58072,35.59421],[139.58024,35.59426],[139.58,35.59423],[139.57985,35.59413],[139.57975,35.59374],[139.57968,35.59366],[139.57944,35.59353],[139.57906,35.59346],[139.57855,35.59345],[139.57785,35.59351],[139.57734,35.59366],[139.5767,35.59405],[139.57639,35.59412],[139.57605,35.59407],[139.57594,35.59397],[139.57585,35.59371],[139.57537,35.5935],[139.57522,35.59335],[139.57528,35.59283],[139.57514,35.59256],[139.57483,35.59238],[139.57426,35.59229],[139.57408,35.59218],[139.57391,35.59199],[139.57362,35.5914],[139.57346,35.59119],[139.57319,35.59105],[139.57289,35.5911],[139.5727,35.59105],[139.5725,35.59046],[139.57206,35.59005],[139.57164,35.58991],[139.5711,35.58995],[139.57098,35.58982],[139.57092,35.58952],[139.5708,35.5894],[139.56997,35.5891],[139.56989,35.589],[139.56979,35.58874],[139.56932,35.58852],[139.56917,35.5884],[139.56908,35.58821],[139.56902,35.58771],[139.56887,35.58749],[139.56842,35.58728],[139.56775,35.58717],[139.56739,35.58704],[139.56706,35.58674],[139.56691,35.58635],[139.56673,35.58616],[139.56631,35.586],[139.56573,35.58597],[139.56526,35.58584],[139.56504,35.58568],[139.56456,35.58513],[139.56418,35.58495],[139.56304,35.58472],[139.56263,35.58478],[139.56237,35.58507],[139.56218,35.58566],[139.56198,35.58591],[139.56179,35.58597],[139.56143,35.58601],[139.56103,35.58632],[139.56061,35.5864],[139.55997,35.58642],[139.55932,35.58635],[139.55879,35.58619],[139.55799,35.5858],[139.55766,35.58574],[139.55739,35.58576],[139.5572,35.58588],[139.55723,35.58609],[139.55738,35.58622],[139.55775,35.58635],[139.55794,35.58646],[139.55802,35.58661],[139.55795,35.58677],[139.55769,35.5869],[139.55741,35.58696],[139.55615,35.58709],[139.55577,35.58705],[139.55555,35.58698],[139.55513,35.58663],[139.55489,35.58649],[139.55456,35.58639],[139.55323,35.58613],[139.55263,35.58588],[139.55181,35.58541],[139.55143,35.58529],[139.55104,35.58524],[139.55093,35.58517],[139.55076,35.58466],[139.55042,35.58456],[139.55031,35.58449],[139.54994,35.58394],[139.54911,35.5833],[139.54882,35.58299],[139.54876,35.5828],[139.54884,35.58248],[139.54882,35.58236],[139.54851,35.58212],[139.54843,35.58199],[139.54829,35.58126],[139.54792,35.58095],[139.54775,35.58037],[139.54747,35.58029],[139.54739,35.58022],[139.54738,35.58001],[139.54747,35.57958],[139.54745,35.57938],[139.5471,35.57873],[139.54696,35.57785],[139.54676,35.5776],[139.54627,35.57742],[139.54602,35.57715],[139.54593,35.57686],[139.54589,35.57614],[139.54579,35.57576],[139.54538,35.57521],[139.54509,35.57439],[139.54492,35.57423],[139.54463,35.57415],[139.54455,35.57399],[139.54449,35.57362],[139.54411,35.57328],[139.54409,35.57316],[139.54416,35.57285],[139.54408,35.57268],[139.54373,35.57242],[139.54269,35.57191],[139.54205,35.57138],[139.54184,35.57131],[139.54123,35.57123],[139.54107,35.57114],[139.54099,35.57098],[139.54102,35.57045],[139.54134,35.56991],[139.54143,35.56962],[139.54134,35.569],[139.54137,35.56885],[139.54144,35.56874],[139.54162,35.56862],[139.54169,35.56846],[139.54171,35.56806],[139.54163,35.56724],[139.54168,35.56707],[139.5419,35.56696],[139.54198,35.56681],[139.54193,35.56563],[139.54202,35.56526],[139.54222,35.56501],[139.54254,35.56487],[139.54292,35.56479],[139.54316,35.56461],[139.54323,35.56449],[139.54327,35.56416],[139.54324,35.56396],[139.54301,35.56337],[139.5427,35.56303],[139.54245,35.56294],[139.54207,35.56291],[139.54189,35.56283],[139.54175,35.56272],[139.54163,35.56249],[139.54149,35.56239],[139.5412,35.56235],[139.54081,35.56239],[139.5406,35.5623],[139.54038,35.56196],[139.54025,35.56143],[139.54012,35.56115],[139.53982,35.56093],[139.53944,35.56089],[139.53925,35.56082],[139.53913,35.56069],[139.53908,35.5604],[139.53897,35.56026],[139.53873,35.56023],[139.53856,35.56026],[139.53731,35.56066],[139.53682,35.56071],[139.53636,35.56066],[139.53576,35.56043],[139.53537,35.56018],[139.53524,35.56001],[139.53513,35.55961],[139.5347,35.55946],[139.53418,35.55886],[139.53382,35.55873],[139.53319,35.55877],[139.53287,35.5587],[139.53276,35.55856],[139.53273,35.55825],[139.53261,35.55794],[139.53219,35.55749],[139.532,35.55717],[139.53184,35.55623],[139.53147,35.55588],[139.53165,35.55548],[139.5315,35.55519],[139.53152,35.55506],[139.53174,35.55489],[139.53221,35.55466],[139.53233,35.55455],[139.53237,35.55444],[139.5322,35.5542],[139.53172,35.55406],[139.5315,35.55375],[139.53141,35.55337],[139.53138,35.55294],[139.53147,35.55256],[139.53171,35.55225],[139.53159,35.55217],[139.53103,35.5521],[139.53039,35.5521],[139.5294,35.55216],[139.52913,35.55224],[139.52896,35.5524],[139.52863,35.55253],[139.52761,35.5527],[139.52715,35.55281],[139.527,35.55291],[139.52694,35.55306],[139.52676,35.5531],[139.52488,35.55285],[139.52429,35.55283],[139.5231,35.55288],[139.52267,35.55282],[139.5224,35.55265],[139.52232,35.55253],[139.52225,35.55194],[139.52216,35.55175],[139.52202,35.55164],[139.5215,35.55155],[139.52124,35.55132],[139.52114,35.5514],[139.52094,35.55186],[139.52081,35.55199],[139.52064,35.55206],[139.52035,35.55206],[139.52016,35.552],[139.52003,35.55171],[139.51982,35.55159],[139.51946,35.55149],[139.51915,35.55147],[139.51903,35.55151],[139.51896,35.5517],[139.51876,35.55183],[139.51806,35.552],[139.51777,35.55211],[139.51771,35.55221],[139.51778,35.55246],[139.51769,35.55258],[139.51756,35.55264],[139.51707,35.55265],[139.51602,35.55244],[139.51553,35.5524],[139.51533,35.55244],[139.51518,35.55258],[139.51493,35.55269],[139.51451,35.55273],[139.51417,35.55271],[139.51385,35.55262],[139.51354,35.55246],[139.51326,35.55223],[139.513,35.55195],[139.51281,35.55165],[139.51269,35.55133],[139.51259,35.55055],[139.51238,35.55026],[139.51216,35.55015],[139.51171,35.5501],[139.51156,35.55017],[139.51151,35.55036],[139.51141,35.55045],[139.51123,35.55047],[139.51097,35.55038],[139.51037,35.54996],[139.51011,35.54962],[139.51007,35.54939],[139.51024,35.54896],[139.51022,35.54875],[139.51002,35.54868],[139.50934,35.54866],[139.50915,35.54908],[139.50892,35.54924],[139.50871,35.54925],[139.50831,35.54917],[139.50788,35.54891],[139.50772,35.54871],[139.50754,35.54835],[139.50744,35.54793],[139.50739,35.54728],[139.5072,35.54684],[139.50697,35.54658],[139.50623,35.546],[139.50598,35.54567],[139.50583,35.54534],[139.50554,35.54509],[139.50505,35.54494],[139.50432,35.54489],[139.50396,35.54497],[139.50349,35.54522],[139.5031,35.54526],[139.50277,35.54519],[139.50254,35.54497],[139.50236,35.54492],[139.5021,35.54501],[139.50182,35.5452],[139.50156,35.54555],[139.50146,35.54586],[139.50148,35.54602],[139.50163,35.54615],[139.50201,35.54618],[139.50227,35.54627],[139.50249,35.54642],[139.50257,35.54661],[139.50251,35.54675],[139.50218,35.54708],[139.50202,35.54733],[139.50206,35.5479],[139.50181,35.54799],[139.50176,35.54809],[139.50197,35.54889],[139.5019,35.54933],[139.50156,35.54971],[139.50106,35.54999],[139.50059,35.55012],[139.50004,35.55007],[139.49974,35.55011],[139.49961,35.55021],[139.49942,35.55051],[139.49926,35.55063],[139.49841,35.55093],[139.49832,35.55103],[139.49825,35.55126],[139.49793,35.55135],[139.49786,35.55144],[139.49784,35.5516],[139.49792,35.55223],[139.49786,35.55246],[139.49774,35.55266],[139.49755,35.55284],[139.49727,35.55301],[139.4971,35.55305],[139.49682,35.553],[139.4967,35.55303],[139.4966,35.55313],[139.49633,35.55367],[139.49618,35.55377],[139.49577,35.55385],[139.49576,35.55402],[139.49609,35.55443],[139.49628,35.55477],[139.49635,35.5551],[139.49631,35.55539],[139.49616,35.55552],[139.4958,35.55548],[139.49565,35.55552],[139.49556,35.55566],[139.49551,35.55614],[139.49539,35.55644],[139.49525,35.55657],[139.49482,35.55674],[139.49469,35.55693],[139.49474,35.55713],[139.49505,35.55735],[139.4951,35.55748],[139.49509,35.55766],[139.49488,35.55817],[139.49482,35.55843],[139.49488,35.55852],[139.49512,35.55857],[139.49528,35.5587],[139.49541,35.559],[139.4954,35.55919],[139.49504,35.55949],[139.49487,35.56025],[139.49477,35.56032],[139.49458,35.56034],[139.49445,35.56041],[139.49438,35.56064],[139.49423,35.56078],[139.49378,35.56091],[139.49344,35.56093],[139.49322,35.56086],[139.49296,35.5606],[139.49271,35.56056],[139.49237,35.56066],[139.4921,35.56088],[139.49197,35.56114],[139.4919,35.56177],[139.49184,35.56192],[139.49247,35.5623],[139.49262,35.5622],[139.49283,35.56214],[139.4931,35.56216],[139.49321,35.56221],[139.49329,35.56233],[139.49327,35.56245],[139.49306,35.56274],[139.49319,35.56299],[139.49369,35.56349],[139.49381,35.56344],[139.49384,35.56352],[139.4938,35.56359],[139.49432,35.5641],[139.4944,35.56458],[139.49467,35.56486],[139.4951,35.56491],[139.49627,35.56464],[139.49657,35.56531],[139.49738,35.56639],[139.49737,35.56697],[139.49749,35.56732],[139.49789,35.5678],[139.49827,35.56793],[139.49891,35.56789],[139.49996,35.56835],[139.50083,35.56853],[139.50046,35.56971],[139.50041,35.5702],[139.5006,35.57044],[139.5013,35.57065],[139.50205,35.5711],[139.50321,35.57124],[139.50434,35.57161],[139.50483,35.57159],[139.50561,35.57123],[139.50584,35.57127],[139.50645,35.5716],[139.50657,35.57172],[139.50693,35.57297],[139.50735,35.57377],[139.50727,35.57454],[139.50693,35.57471],[139.50689,35.57485],[139.50702,35.57498],[139.50754,35.57503],[139.50759,35.57514],[139.50748,35.57533],[139.50714,35.57534],[139.50701,35.57582],[139.5069,35.57582],[139.5057,35.57486],[139.50546,35.57479],[139.50367,35.5767],[139.50314,35.57692],[139.50236,35.57706],[139.50218,35.57746],[139.50226,35.57822],[139.50176,35.57843],[139.50062,35.57914],[139.49983,35.58017],[139.50022,35.5802],[139.50052,35.58027]]],[[[139.53049,35.64177],[139.53067,35.64168],[139.53109,35.64166],[139.5313,35.64171],[139.53216,35.64117],[139.53463,35.64019],[139.53595,35.63948],[139.53744,35.63931],[139.53915,35.63891],[139.5404,35.63873],[139.54142,35.63823],[139.54453,35.63748],[139.54596,35.63742],[139.54607,35.63736],[139.54623,35.6369],[139.54733,35.63683],[139.54772,35.63669],[139.54861,35.63563],[139.54914,35.6346],[139.54943,35.63437],[139.54998,35.63423],[139.54976,35.63417],[139.54953,35.63418],[139.54899,35.63431],[139.54709,35.6349],[139.54649,35.63497],[139.54596,35.63491],[139.54581,35.63493],[139.54572,35.63499],[139.54568,35.63514],[139.54558,35.63524],[139.54493,35.63541],[139.54463,35.63539],[139.54441,35.63528],[139.54426,35.63506],[139.54414,35.63463],[139.54407,35.63453],[139.544,35.63464],[139.54381,35.63538],[139.54353,35.63576],[139.54332,35.63593],[139.54278,35.63622],[139.54139,35.63668],[139.54084,35.63691],[139.54041,35.63713],[139.53979,35.63756],[139.53942,35.63773],[139.53778,35.63823],[139.53612,35.63897],[139.53533,35.63925],[139.53435,35.63953],[139.53188,35.6401],[139.53061,35.64045],[139.52877,35.64107],[139.52758,35.64156],[139.52707,35.64184],[139.52663,35.64215],[139.52626,35.64249],[139.52621,35.64255],[139.5288,35.6421],[139.53029,35.642],[139.53033,35.64191],[139.53049,35.64177]]],[[[139.56408,35.41057],[139.56399,35.41079],[139.56385,35.41093],[139.56357,35.41105],[139.56342,35.41115],[139.56331,35.4114],[139.56326,35.41172],[139.56311,35.41193],[139.56284,35.41212],[139.56245,35.4123],[139.56129,35.41261],[139.56043,35.41268],[139.55994,35.41259],[139.55965,35.41238],[139.55938,35.41182],[139.5592,35.41167],[139.55904,35.41162],[139.55729,35.41148],[139.55654,35.41132],[139.55548,35.41102],[139.55453,35.41087],[139.55362,35.4109],[139.55332,35.411],[139.55317,35.41116],[139.55295,35.41121],[139.55239,35.41122],[139.55162,35.41117],[139.5512,35.4112],[139.55076,35.41138],[139.55032,35.41189],[139.55018,35.41196],[139.54998,35.41197],[139.5497,35.41182],[139.54939,35.41151],[139.54908,35.41136],[139.54836,35.41116],[139.54715,35.41093],[139.54663,35.41076],[139.5465,35.41064],[139.54645,35.41048],[139.54633,35.4104],[139.54558,35.41013],[139.54542,35.40994],[139.54536,35.40959],[139.54528,35.40952],[139.54505,35.40946],[139.545,35.40932],[139.54501,35.40906],[139.54517,35.40847],[139.54546,35.40794],[139.54571,35.40772],[139.54602,35.40759],[139.54651,35.40754],[139.54692,35.40763],[139.54734,35.40788],[139.54744,35.40782],[139.54745,35.40758],[139.54738,35.40715],[139.54717,35.40641],[139.54704,35.4061],[139.5469,35.40592],[139.54657,35.40581],[139.54645,35.4055],[139.54625,35.40544],[139.54596,35.40544],[139.54567,35.40554],[139.5455,35.40573],[139.54532,35.40584],[139.54467,35.40592],[139.54435,35.40607],[139.5441,35.40636],[139.54384,35.40708],[139.54366,35.40728],[139.5435,35.40729],[139.54313,35.40715],[139.54302,35.40718],[139.54295,35.4073],[139.5429,35.40771],[139.54281,35.40789],[139.54214,35.40845],[139.54177,35.40915],[139.54147,35.40938],[139.5409,35.40967],[139.54074,35.40984],[139.54067,35.41008],[139.54024,35.41021],[139.54002,35.41053],[139.53989,35.41065],[139.53952,35.41069],[139.53845,35.41046],[139.53801,35.41047],[139.53778,35.4106],[139.53767,35.4109],[139.53754,35.41097],[139.53715,35.41104],[139.53658,35.41106],[139.53615,35.41118],[139.53598,35.41134],[139.53573,35.4118],[139.5355,35.41193],[139.5353,35.41194],[139.53502,35.41187],[139.53486,35.41158],[139.53475,35.41156],[139.53422,35.41163],[139.53404,35.41156],[139.5339,35.41141],[139.5337,35.41135],[139.53201,35.41139],[139.53176,35.41133],[139.53152,35.41118],[139.53129,35.4111],[139.53007,35.41098],[139.52966,35.41081],[139.52925,35.41033],[139.52909,35.41021],[139.5288,35.41012],[139.5286,35.41014],[139.52842,35.41025],[139.52825,35.41044],[139.52795,35.41103],[139.52771,35.41138],[139.52752,35.41152],[139.52703,35.41174],[139.52687,35.4121],[139.52646,35.41221],[139.52639,35.41245],[139.5263,35.41254],[139.52547,35.41285],[139.52532,35.41303],[139.52525,35.41334],[139.52513,35.41346],[139.52445,35.41369],[139.5243,35.4138],[139.52421,35.41393],[139.52412,35.41431],[139.524,35.41441],[139.52363,35.41456],[139.52344,35.41469],[139.52287,35.41545],[139.52261,35.41556],[139.52228,35.41557],[139.5215,35.4154],[139.52096,35.41536],[139.52006,35.41551],[139.52022,35.41594],[139.52021,35.41616],[139.52013,35.41636],[139.51978,35.4168],[139.51962,35.41707],[139.51961,35.41722],[139.51971,35.41751],[139.51962,35.41779],[139.51944,35.41791],[139.51912,35.41785],[139.51892,35.41792],[139.51843,35.41852],[139.51829,35.41862],[139.51802,35.41867],[139.51791,35.41876],[139.51763,35.41941],[139.51733,35.41968],[139.51684,35.41978],[139.51617,35.41974],[139.51594,35.41963],[139.51589,35.41942],[139.51579,35.4193],[139.51554,35.41919],[139.51543,35.41922],[139.51533,35.41932],[139.5151,35.41979],[139.51494,35.41992],[139.51473,35.41999],[139.51411,35.41996],[139.51349,35.41966],[139.5134,35.41992],[139.51324,35.42013],[139.51297,35.42038],[139.51263,35.42052],[139.51226,35.42051],[139.51158,35.42029],[139.51089,35.42022],[139.51047,35.42028],[139.5102,35.42051],[139.51007,35.42057],[139.50977,35.42058],[139.50938,35.42052],[139.50915,35.42056],[139.50886,35.42073],[139.50844,35.42125],[139.50811,35.42136],[139.50801,35.42146],[139.50792,35.42193],[139.50796,35.42245],[139.50815,35.42223],[139.50864,35.42204],[139.50952,35.42192],[139.51052,35.4219],[139.51075,35.42193],[139.51108,35.42207],[139.51122,35.42229],[139.51123,35.42255],[139.51131,35.42282],[139.5114,35.4229],[139.51153,35.42292],[139.51166,35.42286],[139.51176,35.42271],[139.51198,35.42201],[139.5122,35.4217],[139.51253,35.42157],[139.5129,35.42163],[139.5131,35.42184],[139.51317,35.42233],[139.51332,35.42256],[139.51351,35.42261],[139.51401,35.42257],[139.51419,35.42264],[139.51432,35.42278],[139.51453,35.42326],[139.51464,35.42339],[139.5149,35.42357],[139.51504,35.42378],[139.51546,35.42513],[139.51569,35.42555],[139.51582,35.42572],[139.51615,35.42598],[139.51672,35.42618],[139.51707,35.42642],[139.51715,35.42661],[139.51709,35.42702],[139.51719,35.42723],[139.51773,35.42749],[139.51783,35.42775],[139.51791,35.42783],[139.51807,35.42788],[139.51865,35.42793],[139.51886,35.42806],[139.51891,35.42828],[139.51875,35.42845],[139.51837,35.42849],[139.5178,35.42843],[139.51741,35.42844],[139.51726,35.42854],[139.51727,35.42865],[139.51736,35.42873],[139.51824,35.42886],[139.51852,35.42902],[139.5189,35.42937],[139.51907,35.42944],[139.51955,35.42953],[139.51976,35.42974],[139.51993,35.43021],[139.52006,35.4303],[139.52036,35.43015],[139.52093,35.42958],[139.52126,35.42942],[139.52183,35.42936],[139.52221,35.42942],[139.52248,35.42953],[139.52264,35.42978],[139.52257,35.43019],[139.52259,35.43034],[139.52267,35.43045],[139.52294,35.43062],[139.52303,35.43081],[139.52294,35.43106],[139.52261,35.43126],[139.5225,35.43138],[139.52249,35.43159],[139.52267,35.43172],[139.52294,35.43174],[139.52322,35.43168],[139.52372,35.43129],[139.52405,35.43121],[139.52484,35.43123],[139.52589,35.43137],[139.52664,35.43141],[139.52693,35.43137],[139.52717,35.43115],[139.52747,35.43108],[139.52774,35.43115],[139.52802,35.43133],[139.52829,35.43184],[139.52864,35.43304],[139.52882,35.43341],[139.52892,35.43354],[139.52915,35.43367],[139.52966,35.43363],[139.52992,35.43368],[139.53002,35.43376],[139.53011,35.43393],[139.53017,35.43415],[139.53015,35.43437],[139.53005,35.43449],[139.52975,35.43469],[139.52965,35.43494],[139.52962,35.43532],[139.5297,35.43556],[139.53001,35.43581],[139.53091,35.43603],[139.5312,35.43616],[139.53142,35.43634],[139.53185,35.43686],[139.53228,35.43701],[139.53236,35.43717],[139.53239,35.43742],[139.53249,35.43762],[139.53269,35.43786],[139.53352,35.43864],[139.53367,35.43886],[139.53374,35.43913],[139.53361,35.43951],[139.53317,35.44003],[139.5329,35.44024],[139.53254,35.44034],[139.53244,35.44041],[139.53228,35.44115],[139.53177,35.44179],[139.53182,35.44208],[139.53229,35.44261],[139.53226,35.44276],[139.53206,35.44287],[139.53112,35.44308],[139.53099,35.44317],[139.53095,35.44333],[139.53084,35.44347],[139.53022,35.44373],[139.52973,35.44417],[139.52947,35.44433],[139.5277,35.44503],[139.52742,35.44523],[139.52726,35.44544],[139.52721,35.44567],[139.52725,35.44591],[139.52737,35.44617],[139.52772,35.44658],[139.5279,35.4467],[139.52839,35.44686],[139.52945,35.44692],[139.53153,35.44673],[139.53242,35.44674],[139.53283,35.44691],[139.53346,35.44747],[139.53373,35.44763],[139.53423,35.44775],[139.53498,35.44779],[139.53534,35.44788],[139.53551,35.44803],[139.53551,35.44817],[139.53536,35.44829],[139.53493,35.44845],[139.53484,35.44854],[139.5348,35.4487],[139.53489,35.44885],[139.53529,35.44894],[139.53551,35.44915],[139.53561,35.44961],[139.53562,35.45048],[139.53624,35.45052],[139.53637,35.45062],[139.53644,35.45077],[139.53639,35.45124],[139.53627,35.45137],[139.53602,35.45143],[139.53592,35.45164],[139.53591,35.45214],[139.53602,35.45243],[139.53625,35.4526],[139.53656,35.45263],[139.53661,35.45251],[139.53656,35.45222],[139.53664,35.45215],[139.53681,35.45214],[139.53706,35.45218],[139.53718,35.45225],[139.53737,35.45248],[139.53752,35.45309],[139.53758,35.45421],[139.53773,35.45481],[139.5379,35.45506],[139.53828,35.45545],[139.53843,35.45584],[139.53891,35.45606],[139.53903,35.45617],[139.53908,35.45641],[139.53902,35.45685],[139.53917,35.45719],[139.53952,35.45753],[139.53993,35.45778],[139.54021,35.45788],[139.54062,35.45792],[139.54087,35.45804],[139.54118,35.45851],[139.54149,35.4596],[139.54181,35.46024],[139.54209,35.46052],[139.54296,35.46092],[139.54354,35.4613],[139.54412,35.46179],[139.54433,35.46213],[139.54438,35.4623],[139.54437,35.46264],[139.5441,35.46313],[139.54379,35.46347],[139.54358,35.46362],[139.54314,35.4638],[139.54301,35.46399],[139.54303,35.4641],[139.54318,35.46423],[139.54385,35.46448],[139.54401,35.46466],[139.54409,35.46491],[139.54409,35.46539],[139.54398,35.4658],[139.54383,35.46602],[139.54341,35.46643],[139.54329,35.46663],[139.5433,35.4668],[139.5434,35.4669],[139.54388,35.46705],[139.5442,35.46709],[139.54452,35.46708],[139.54463,35.46702],[139.54469,35.46681],[139.54485,35.46664],[139.54512,35.46647],[139.54535,35.46639],[139.54576,35.46635],[139.54677,35.46645],[139.54746,35.46641],[139.54815,35.46623],[139.5485,35.46598],[139.54876,35.46606],[139.54926,35.46642],[139.54939,35.46647],[139.54964,35.46647],[139.54987,35.46635],[139.55036,35.46581],[139.55061,35.4657],[139.55075,35.46574],[139.55093,35.46589],[139.55124,35.46653],[139.55137,35.46665],[139.55153,35.46673],[139.55196,35.4667],[139.55208,35.46659],[139.55211,35.46644],[139.55231,35.46637],[139.55336,35.46644],[139.55366,35.4664],[139.55424,35.46624],[139.55473,35.46632],[139.55529,35.46666],[139.55583,35.46714],[139.55614,35.46752],[139.5563,35.46802],[139.55649,35.46817],[139.55679,35.46824],[139.55702,35.46823],[139.55739,35.46811],[139.5579,35.46784],[139.55816,35.46779],[139.55851,35.46806],[139.55934,35.46829],[139.55956,35.46845],[139.55968,35.46885],[139.55954,35.46955],[139.55934,35.46989],[139.55897,35.47007],[139.5589,35.47022],[139.55897,35.47036],[139.55924,35.47062],[139.55938,35.47086],[139.5595,35.47132],[139.55954,35.47201],[139.5596,35.47221],[139.55969,35.47229],[139.55982,35.47227],[139.55997,35.47216],[139.56011,35.47179],[139.56042,35.4717],[139.56048,35.47163],[139.56023,35.471],[139.56025,35.47079],[139.56035,35.47061],[139.56053,35.47044],[139.56084,35.47025],[139.56105,35.47017],[139.56153,35.4701],[139.56168,35.46993],[139.56177,35.46954],[139.56188,35.46947],[139.56224,35.4694],[139.56281,35.46941],[139.56459,35.46961],[139.56525,35.46962],[139.56569,35.46955],[139.56602,35.46963],[139.56622,35.4698],[139.56631,35.47006],[139.56622,35.47081],[139.56627,35.47111],[139.56643,35.47131],[139.56678,35.47149],[139.56698,35.47151],[139.56714,35.47147],[139.5673,35.47115],[139.5675,35.47114],[139.56778,35.4712],[139.56792,35.47116],[139.56804,35.47098],[139.56811,35.47052],[139.56818,35.47043],[139.5683,35.47038],[139.56843,35.47039],[139.56864,35.47049],[139.56915,35.47106],[139.56934,35.47022],[139.56954,35.46984],[139.56974,35.46973],[139.57026,35.46971],[139.5701,35.46914],[139.57008,35.46891],[139.57017,35.46868],[139.57034,35.4685],[139.57035,35.46841],[139.57017,35.46829],[139.56968,35.46816],[139.56943,35.46804],[139.56929,35.46788],[139.56918,35.46754],[139.56917,35.4673],[139.56925,35.46705],[139.56971,35.46655],[139.56975,35.46636],[139.56962,35.46627],[139.56911,35.46609],[139.56875,35.4658],[139.56854,35.46551],[139.56828,35.46505],[139.56819,35.46481],[139.56819,35.46455],[139.56828,35.46445],[139.56844,35.46437],[139.56928,35.46428],[139.56954,35.46415],[139.5698,35.46378],[139.56995,35.46324],[139.57003,35.46309],[139.57028,35.46287],[139.57064,35.46275],[139.57148,35.46266],[139.57176,35.46252],[139.57191,35.46229],[139.57196,35.46181],[139.57211,35.4614],[139.5723,35.46118],[139.57276,35.46084],[139.57286,35.4607],[139.57285,35.46057],[139.57268,35.46039],[139.57259,35.46019],[139.57262,35.45996],[139.57272,35.45981],[139.57296,35.45975],[139.57334,35.45977],[139.57466,35.46007],[139.57507,35.46007],[139.57513,35.45996],[139.57507,35.4598],[139.57509,35.45964],[139.57516,35.45959],[139.57534,35.45957],[139.57543,35.45948],[139.57535,35.45897],[139.5755,35.45871],[139.57564,35.45861],[139.57588,35.45853],[139.57644,35.45861],[139.57655,35.45859],[139.57662,35.45853],[139.57668,35.4583],[139.57689,35.45804],[139.57725,35.45773],[139.57767,35.4575],[139.57808,35.45742],[139.57869,35.45747],[139.57873,35.45741],[139.57867,35.45723],[139.57869,35.45703],[139.57903,35.45622],[139.57939,35.4559],[139.57996,35.45568],[139.58033,35.45561],[139.5812,35.45554],[139.58218,35.45555],[139.58296,35.45563],[139.58373,35.45584],[139.58417,35.4562],[139.58432,35.45626],[139.58443,35.45621],[139.58469,35.45583],[139.58494,35.45577],[139.5853,35.45591],[139.58618,35.45653],[139.58664,35.45668],[139.58684,35.45667],[139.58707,35.45657],[139.5872,35.45642],[139.58738,35.456],[139.58686,35.45612],[139.58666,35.45608],[139.58659,35.45603],[139.58618,35.45513],[139.58554,35.45458],[139.58538,35.45405],[139.58527,35.45395],[139.58483,35.45377],[139.58467,35.45365],[139.58463,35.45354],[139.58466,35.4533],[139.58479,35.45291],[139.585,35.4527],[139.58536,35.45255],[139.58597,35.45242],[139.58623,35.4523],[139.58636,35.45201],[139.58651,35.45184],[139.58722,35.45133],[139.58754,35.45102],[139.58765,35.45084],[139.58768,35.45059],[139.58776,35.45043],[139.58806,35.45035],[139.58822,35.45024],[139.5888,35.44946],[139.58903,35.44923],[139.5894,35.44904],[139.58989,35.44899],[139.59004,35.44886],[139.59,35.44864],[139.58977,35.44843],[139.58951,35.44832],[139.58849,35.44809],[139.58826,35.4479],[139.58822,35.44766],[139.5881,35.4475],[139.58796,35.44745],[139.58758,35.44742],[139.58732,35.44733],[139.58705,35.44713],[139.587,35.44699],[139.58722,35.44681],[139.5873,35.44667],[139.58732,35.44646],[139.58725,35.44585],[139.58734,35.44562],[139.58754,35.44547],[139.58768,35.44543],[139.5884,35.44539],[139.58831,35.44534],[139.58779,35.44523],[139.58772,35.44517],[139.58846,35.44491],[139.58864,35.44476],[139.58874,35.44455],[139.58895,35.44375],[139.58898,35.44337],[139.58889,35.44318],[139.5887,35.44315],[139.58857,35.44305],[139.58852,35.44278],[139.58858,35.44264],[139.58878,35.44251],[139.58926,35.44247],[139.58945,35.44238],[139.58957,35.44222],[139.58964,35.44173],[139.58976,35.44146],[139.5899,35.44138],[139.59018,35.44134],[139.59033,35.44127],[139.59044,35.44106],[139.59054,35.44058],[139.59065,35.44045],[139.591,35.4403],[139.5911,35.44021],[139.59109,35.44002],[139.59091,35.43978],[139.59063,35.43959],[139.59037,35.43954],[139.59027,35.43943],[139.5902,35.43911],[139.5902,35.43863],[139.59032,35.43819],[139.59055,35.43781],[139.59094,35.43745],[139.59119,35.43732],[139.59133,35.4373],[139.59144,35.43721],[139.59156,35.43664],[139.59156,35.43573],[139.59148,35.43516],[139.59137,35.43497],[139.59099,35.43485],[139.59038,35.4348],[139.59017,35.4347],[139.59004,35.43438],[139.5901,35.43391],[139.59005,35.43356],[139.58993,35.43342],[139.58946,35.4332],[139.58929,35.4328],[139.58896,35.4326],[139.58886,35.43247],[139.58883,35.43231],[139.58891,35.43212],[139.58939,35.43165],[139.58958,35.43136],[139.58966,35.43105],[139.58961,35.43068],[139.58948,35.43055],[139.5892,35.4305],[139.58894,35.43033],[139.58865,35.43003],[139.58834,35.42957],[139.58752,35.42765],[139.5868,35.42651],[139.58675,35.42612],[139.58681,35.42556],[139.58673,35.42528],[139.58656,35.425],[139.58619,35.42459],[139.58597,35.42426],[139.58593,35.42409],[139.586,35.42392],[139.58598,35.42382],[139.5859,35.42374],[139.58541,35.42352],[139.58529,35.42333],[139.58528,35.42317],[139.58537,35.42293],[139.58565,35.42285],[139.58582,35.4227],[139.58604,35.42211],[139.58617,35.42192],[139.58647,35.42176],[139.58684,35.42173],[139.58701,35.42162],[139.58706,35.42154],[139.5871,35.4213],[139.58701,35.4205],[139.58706,35.4199],[139.58728,35.41937],[139.58739,35.41929],[139.58758,35.41926],[139.58767,35.4192],[139.58761,35.41887],[139.58777,35.41858],[139.58812,35.41819],[139.5885,35.41787],[139.58874,35.41775],[139.58916,35.41768],[139.58932,35.41759],[139.5895,35.41733],[139.58974,35.41672],[139.58997,35.41651],[139.59025,35.41641],[139.59038,35.41632],[139.59043,35.4162],[139.59041,35.41605],[139.5902,35.41573],[139.58977,35.41563],[139.58946,35.41532],[139.58925,35.41524],[139.58897,35.41522],[139.58871,35.41526],[139.58858,35.41532],[139.58834,35.41555],[139.58809,35.41559],[139.58758,35.41549],[139.5872,35.41521],[139.58646,35.41408],[139.58625,35.41388],[139.58585,35.41368],[139.58566,35.4135],[139.58542,35.41304],[139.58528,35.41262],[139.5852,35.41224],[139.58522,35.41196],[139.58532,35.41178],[139.58559,35.41165],[139.58567,35.41156],[139.58579,35.41131],[139.58585,35.41094],[139.58582,35.40983],[139.58563,35.40928],[139.58531,35.40898],[139.58497,35.40883],[139.58459,35.40873],[139.58445,35.40862],[139.58442,35.40838],[139.58456,35.40807],[139.58448,35.40793],[139.58404,35.40786],[139.58354,35.40789],[139.58306,35.40788],[139.58269,35.40776],[139.58243,35.40754],[139.58214,35.40698],[139.58199,35.40681],[139.58169,35.40705],[139.58129,35.40713],[139.58117,35.40739],[139.58104,35.40749],[139.58066,35.4076],[139.58008,35.4077],[139.57961,35.40788],[139.57939,35.40805],[139.57907,35.40845],[139.57887,35.40858],[139.57864,35.40865],[139.57825,35.40867],[139.57799,35.40873],[139.57791,35.40881],[139.57785,35.409],[139.57776,35.40907],[139.57717,35.40915],[139.57675,35.40947],[139.57604,35.40942],[139.57594,35.40963],[139.57581,35.40967],[139.57484,35.40949],[139.57438,35.40954],[139.57415,35.4097],[139.57391,35.41009],[139.57355,35.41042],[139.57303,35.41065],[139.57244,35.41078],[139.57192,35.41082],[139.57136,35.41074],[139.57106,35.41059],[139.5708,35.41022],[139.57058,35.41009],[139.56985,35.41013],[139.56949,35.41005],[139.56917,35.40984],[139.56888,35.40953],[139.56882,35.40938],[139.56881,35.40909],[139.56811,35.40951],[139.56802,35.40962],[139.56793,35.40988],[139.56762,35.40998],[139.567,35.40994],[139.56635,35.40964],[139.56584,35.40955],[139.56509,35.40953],[139.56464,35.40959],[139.56447,35.40966],[139.56423,35.40985],[139.56416,35.40997],[139.56408,35.41057]],[[139.54729,35.42469],[139.54778,35.42472],[139.54794,35.42439],[139.54876,35.42392],[139.54892,35.4237],[139.54901,35.42335],[139.54921,35.42325],[139.54949,35.42322],[139.54961,35.42312],[139.54966,35.4228],[139.54961,35.42221],[139.54969,35.42202],[139.54986,35.42191],[139.55024,35.42188],[139.55058,35.42175],[139.55076,35.4216],[139.55099,35.42129],[139.55122,35.42113],[139.55168,35.42101],[139.55208,35.42099],[139.55243,35.42104],[139.55279,35.42121],[139.55301,35.42161],[139.55321,35.42178],[139.5537,35.42196],[139.55436,35.42204],[139.55465,35.42199],[139.55478,35.42185],[139.55467,35.42126],[139.55472,35.42118],[139.55493,35.42105],[139.5561,35.42096],[139.55635,35.4209],[139.55653,35.42075],[139.55676,35.42066],[139.55748,35.42058],[139.55908,35.42057],[139.56007,35.4207],[139.56054,35.42086],[139.56097,35.42118],[139.56123,35.42149],[139.56135,35.42192],[139.56146,35.42202],[139.56165,35.42206],[139.56227,35.422],[139.56275,35.42205],[139.56305,35.42215],[139.56345,35.42239],[139.56363,35.42258],[139.56375,35.42278],[139.56383,35.42321],[139.56393,35.42338],[139.56426,35.42356],[139.56488,35.42373],[139.56514,35.42388],[139.56534,35.4241],[139.56549,35.42436],[139.56561,35.42474],[139.56563,35.42506],[139.56556,35.42531],[139.56562,35.42543],[139.5659,35.42552],[139.56649,35.42557],[139.5667,35.42569],[139.56666,35.42615],[139.56673,35.4262],[139.56701,35.42625],[139.5671,35.42641],[139.56705,35.4267],[139.56674,35.42744],[139.56672,35.42789],[139.56682,35.42821],[139.5671,35.42873],[139.56733,35.4293],[139.56767,35.43073],[139.56781,35.43102],[139.56824,35.43153],[139.56829,35.43177],[139.56821,35.43221],[139.56787,35.43288],[139.56744,35.43323],[139.56733,35.43366],[139.56722,35.43381],[139.56703,35.43395],[139.56643,35.43419],[139.56621,35.43432],[139.5661,35.43446],[139.56614,35.43478],[139.56605,35.43501],[139.56588,35.43514],[139.56541,35.43536],[139.56529,35.43548],[139.56526,35.43564],[139.56539,35.43579],[139.5656,35.43588],[139.56597,35.43591],[139.56612,35.43604],[139.56614,35.4362],[139.56604,35.43651],[139.5659,35.43668],[139.56572,35.43681],[139.56493,35.43707],[139.56399,35.4377],[139.56377,35.4378],[139.56359,35.43783],[139.56345,35.4378],[139.56329,35.43769],[139.56313,35.43732],[139.56294,35.43725],[139.56248,35.4372],[139.5623,35.4371],[139.56213,35.4369],[139.56205,35.43717],[139.56162,35.43731],[139.56124,35.43781],[139.5611,35.43788],[139.56072,35.43793],[139.56058,35.438],[139.56049,35.43813],[139.56044,35.43852],[139.56032,35.43873],[139.56018,35.4388],[139.55982,35.43885],[139.5597,35.43892],[139.55953,35.43946],[139.5591,35.43981],[139.55858,35.44075],[139.55822,35.441],[139.55791,35.44106],[139.55735,35.44102],[139.55716,35.44091],[139.55705,35.44065],[139.55683,35.44061],[139.55664,35.44068],[139.55657,35.44091],[139.55646,35.44102],[139.55622,35.44106],[139.55595,35.44104],[139.5558,35.44095],[139.55571,35.44069],[139.5555,35.44052],[139.55501,35.44031],[139.55458,35.44023],[139.55435,35.44028],[139.5542,35.44041],[139.55409,35.44083],[139.55394,35.44099],[139.55363,35.44105],[139.55323,35.44101],[139.55286,35.44084],[139.55244,35.44045],[139.55217,35.44027],[139.55201,35.44024],[139.55167,35.4403],[139.55132,35.44012],[139.55124,35.43996],[139.55122,35.43975],[139.55143,35.43902],[139.55144,35.4389],[139.55137,35.43873],[139.55118,35.43867],[139.55058,35.43872],[139.55039,35.4387],[139.55028,35.43864],[139.55023,35.43849],[139.55008,35.43841],[139.54981,35.43836],[139.5488,35.43831],[139.54849,35.43818],[139.54846,35.43804],[139.54851,35.43779],[139.54846,35.43762],[139.54792,35.43703],[139.54783,35.43686],[139.54771,35.43639],[139.5476,35.43629],[139.54718,35.43608],[139.54713,35.43583],[139.54732,35.43532],[139.5473,35.43513],[139.54725,35.43506],[139.54706,35.43497],[139.54675,35.43495],[139.5465,35.43489],[139.5464,35.43474],[139.54644,35.43451],[139.54678,35.43388],[139.54694,35.43345],[139.54698,35.4331],[139.54689,35.43268],[139.54667,35.43232],[139.54641,35.43215],[139.5462,35.43211],[139.54569,35.43214],[139.54559,35.4321],[139.54543,35.43191],[139.54533,35.43136],[139.54536,35.43086],[139.54559,35.43013],[139.54588,35.42966],[139.54655,35.42884],[139.54663,35.4287],[139.54666,35.4285],[139.54651,35.42842],[139.54623,35.4284],[139.54593,35.42831],[139.54529,35.42792],[139.54476,35.4274],[139.54465,35.42718],[139.54464,35.42699],[139.54473,35.42684],[139.54499,35.42671],[139.54586,35.42674],[139.54617,35.42662],[139.54651,35.42602],[139.54663,35.42595],[139.54681,35.42593],[139.54686,35.42588],[139.54662,35.42539],[139.54663,35.42522],[139.54673,35.42505],[139.54702,35.42481],[139.54729,35.42469]]],[[[139.52715,35.52673],[139.52734,35.52691],[139.52768,35.52705],[139.52773,35.52722],[139.52744,35.52776],[139.52751,35.52816],[139.52712,35.52827],[139.52699,35.52862],[139.52642,35.52907],[139.5264,35.52918],[139.5266,35.52942],[139.52669,35.52969],[139.52666,35.53004],[139.52653,35.53041],[139.52632,35.53062],[139.52583,35.53074],[139.52578,35.5309],[139.52584,35.53124],[139.52575,35.53143],[139.52533,35.53186],[139.52491,35.53211],[139.5245,35.53224],[139.52389,35.53229],[139.52373,35.53235],[139.52351,35.53255],[139.52325,35.53263],[139.52162,35.53273],[139.52119,35.5329],[139.52105,35.53304],[139.52096,35.53322],[139.52095,35.53368],[139.52118,35.53443],[139.52148,35.53489],[139.52173,35.53505],[139.52218,35.53507],[139.52234,35.53495],[139.52243,35.5346],[139.52263,35.53451],[139.52282,35.5345],[139.52315,35.53457],[139.52343,35.53485],[139.52356,35.53491],[139.52382,35.53495],[139.52409,35.53493],[139.52425,35.53485],[139.52438,35.53457],[139.52474,35.53431],[139.52559,35.53391],[139.52594,35.53379],[139.52619,35.53375],[139.52634,35.5338],[139.52655,35.53402],[139.52694,35.53412],[139.52715,35.53438],[139.52744,35.53496],[139.52766,35.53516],[139.5278,35.53522],[139.52812,35.53525],[139.52888,35.53509],[139.52918,35.53508],[139.5294,35.53512],[139.52973,35.5353],[139.52996,35.53534],[139.53096,35.53527],[139.53115,35.53535],[139.53119,35.5355],[139.53128,35.53556],[139.53154,35.53557],[139.53191,35.53551],[139.53217,35.53555],[139.53226,35.53565],[139.53231,35.53588],[139.53251,35.536],[139.53309,35.53609],[139.53394,35.53613],[139.53437,35.53623],[139.53464,35.53642],[139.53471,35.53655],[139.53478,35.53702],[139.53491,35.53725],[139.53501,35.53733],[139.53529,35.53744],[139.53587,35.53748],[139.53622,35.53759],[139.53665,35.53791],[139.53697,35.53837],[139.53728,35.53869],[139.53749,35.5388],[139.53778,35.53883],[139.53792,35.5389],[139.53804,35.53911],[139.53812,35.5396],[139.53837,35.54015],[139.53898,35.54108],[139.53942,35.54155],[139.53954,35.54155],[139.53967,35.54142],[139.5398,35.54138],[139.5404,35.54143],[139.54051,35.5413],[139.54055,35.54109],[139.54066,35.54102],[139.54098,35.54109],[139.54147,35.5413],[139.54195,35.54136],[139.54224,35.5413],[139.54266,35.54108],[139.54308,35.54096],[139.54335,35.54094],[139.54376,35.54103],[139.54414,35.54121],[139.54468,35.54169],[139.54491,35.54183],[139.54528,35.5419],[139.54592,35.54184],[139.54628,35.54197],[139.5465,35.54223],[139.5466,35.54283],[139.54671,35.54304],[139.54686,35.54311],[139.54723,35.54315],[139.54738,35.54323],[139.54775,35.54374],[139.54819,35.54387],[139.54825,35.5441],[139.54836,35.54421],[139.54903,35.54432],[139.5494,35.54466],[139.55034,35.54496],[139.5508,35.54523],[139.55106,35.54553],[139.55114,35.54579],[139.55116,35.54612],[139.55106,35.54696],[139.55132,35.54658],[139.55144,35.54652],[139.55164,35.54652],[139.5518,35.54658],[139.55193,35.54671],[139.55207,35.5471],[139.55208,35.54742],[139.552,35.54758],[139.5515,35.54775],[139.55118,35.54811],[139.5512,35.54839],[139.55135,35.5486],[139.55176,35.54893],[139.55214,35.54912],[139.55287,35.54935],[139.55375,35.54952],[139.55457,35.54955],[139.5548,35.54948],[139.55519,35.54927],[139.55547,35.54923],[139.55568,35.54924],[139.55589,35.54933],[139.55609,35.54949],[139.55677,35.55025],[139.55693,35.55034],[139.55733,35.55044],[139.55767,35.55065],[139.55824,35.55116],[139.55852,35.55166],[139.55915,35.55188],[139.55932,35.55199],[139.5594,35.55214],[139.55934,35.55254],[139.55939,35.55276],[139.55951,35.55283],[139.56003,35.55291],[139.56022,35.5531],[139.56022,35.55336],[139.55998,35.55376],[139.55995,35.55393],[139.56,35.5541],[139.56033,35.55444],[139.56045,35.55465],[139.5605,35.55488],[139.56045,35.5554],[139.56058,35.55555],[139.56086,35.55562],[139.56106,35.55561],[139.56203,35.5554],[139.5625,35.55519],[139.56285,35.55476],[139.56318,35.55465],[139.56359,35.55472],[139.56435,35.55517],[139.56482,35.5553],[139.56559,35.55531],[139.56605,35.55512],[139.56628,35.55489],[139.56671,35.55411],[139.56685,35.55401],[139.56707,35.55393],[139.56707,35.55372],[139.56687,35.55323],[139.56682,35.55296],[139.56687,35.55288],[139.56709,35.55281],[139.56714,35.55268],[139.56705,35.55194],[139.5671,35.55152],[139.56727,35.5511],[139.56748,35.55078],[139.56762,35.55066],[139.56789,35.5506],[139.56802,35.5505],[139.56806,35.55016],[139.56802,35.55008],[139.56794,35.55007],[139.56761,35.55027],[139.56735,35.55036],[139.56705,35.55038],[139.56681,35.55033],[139.56634,35.55011],[139.56519,35.54942],[139.5647,35.54926],[139.56442,35.54925],[139.56418,35.54909],[139.564,35.54872],[139.56387,35.54814],[139.56376,35.54666],[139.56378,35.54618],[139.56386,35.54592],[139.56409,35.54581],[139.5642,35.5456],[139.56422,35.54523],[139.56412,35.54494],[139.56386,35.54483],[139.56349,35.5449],[139.56332,35.54497],[139.56324,35.54506],[139.56328,35.54522],[139.56324,35.54531],[139.56307,35.54537],[139.56276,35.5454],[139.56169,35.54537],[139.56123,35.54526],[139.56091,35.54512],[139.56077,35.54511],[139.56065,35.54526],[139.56061,35.54557],[139.56046,35.54574],[139.56,35.54592],[139.55934,35.54599],[139.55898,35.54596],[139.55873,35.54586],[139.55859,35.54568],[139.5585,35.54548],[139.5582,35.5453],[139.5579,35.54526],[139.55732,35.54532],[139.55693,35.54531],[139.55681,35.54525],[139.55677,35.5451],[139.55665,35.54499],[139.55594,35.54491],[139.55558,35.54479],[139.55543,35.54462],[139.55538,35.54441],[139.55525,35.5443],[139.55486,35.54413],[139.55429,35.54395],[139.55386,35.54372],[139.55369,35.54353],[139.55344,35.54303],[139.55321,35.54285],[139.55273,35.54264],[139.5526,35.54234],[139.5524,35.54225],[139.55192,35.54221],[139.5517,35.54206],[139.55166,35.54186],[139.55173,35.54127],[139.55168,35.54089],[139.55123,35.53955],[139.55118,35.53917],[139.55125,35.53908],[139.55145,35.53904],[139.55155,35.53897],[139.55176,35.53862],[139.55194,35.53843],[139.55259,35.53813],[139.55267,35.53792],[139.5525,35.53773],[139.55171,35.53749],[139.5515,35.53735],[139.55137,35.5372],[139.55123,35.53714],[139.55094,35.53713],[139.55044,35.53724],[139.55018,35.53737],[139.54997,35.53757],[139.54978,35.53761],[139.54928,35.53756],[139.54838,35.53739],[139.54799,35.53738],[139.54765,35.53742],[139.54711,35.53759],[139.5469,35.5376],[139.54672,35.53756],[139.54636,35.53735],[139.54616,35.53734],[139.54596,35.53742],[139.54589,35.53751],[139.54588,35.5377],[139.54594,35.53794],[139.54588,35.53804],[139.5456,35.53808],[139.54489,35.53801],[139.54469,35.53809],[139.54466,35.53824],[139.54454,35.53834],[139.54421,35.53838],[139.54403,35.53831],[139.54382,35.53801],[139.54365,35.53732],[139.54351,35.53705],[139.54322,35.53683],[139.54273,35.53678],[139.54252,35.5367],[139.54239,35.53636],[139.5421,35.53618],[139.54201,35.53608],[139.54193,35.53583],[139.54191,35.53552],[139.5418,35.53527],[139.54166,35.53516],[139.54129,35.53502],[139.54114,35.53485],[139.54105,35.53438],[139.54067,35.53385],[139.54071,35.53306],[139.54056,35.53283],[139.54028,35.53263],[139.54016,35.53237],[139.54011,35.53178],[139.54019,35.53078],[139.54013,35.53044],[139.54001,35.53022],[139.53954,35.52998],[139.53939,35.52959],[139.53892,35.52911],[139.53882,35.52893],[139.53881,35.52873],[139.539,35.5283],[139.53901,35.52805],[139.53892,35.52794],[139.53858,35.5278],[139.53849,35.52769],[139.53854,35.52723],[139.53849,35.52706],[139.53795,35.52647],[139.53784,35.52621],[139.53782,35.52604],[139.53792,35.52583],[139.53813,35.52557],[139.53926,35.52452],[139.53941,35.52425],[139.53941,35.52414],[139.53928,35.52398],[139.53891,35.52379],[139.53872,35.52362],[139.53846,35.52313],[139.53835,35.52302],[139.53812,35.52306],[139.53792,35.5232],[139.53765,35.52331],[139.53729,35.52336],[139.53685,35.52333],[139.53586,35.52317],[139.53539,35.52316],[139.53523,35.52323],[139.53508,35.52339],[139.53477,35.52352],[139.5343,35.52361],[139.53381,35.52359],[139.53351,35.52349],[139.53293,35.5231],[139.53244,35.52289],[139.53207,35.52282],[139.53133,35.52277],[139.5311,35.5227],[139.53097,35.52258],[139.53088,35.52227],[139.53073,35.52215],[139.52973,35.52187],[139.52941,35.52168],[139.52919,35.52145],[139.52894,35.52139],[139.52876,35.52145],[139.52856,35.5216],[139.52837,35.52187],[139.52839,35.52218],[139.52865,35.52278],[139.52858,35.52305],[139.52849,35.52331],[139.52845,35.5237],[139.52838,35.52382],[139.52819,35.52391],[139.52791,35.52394],[139.52775,35.5241],[139.5278,35.52483],[139.52775,35.52508],[139.52763,35.52532],[139.52727,35.52578],[139.52711,35.52612],[139.52707,35.52645],[139.52715,35.52673]]],[[[139.57254,35.62356],[139.57278,35.62347],[139.57301,35.62345],[139.57365,35.62313],[139.57655,35.62198],[139.57735,35.62182],[139.57835,35.62178],[139.5784,35.62166],[139.57868,35.62132],[139.57916,35.621],[139.57934,35.62095],[139.5797,35.62094],[139.5797,35.62139],[139.58136,35.62072],[139.58194,35.621],[139.58222,35.6212],[139.58249,35.62161],[139.58279,35.6216],[139.58499,35.62102],[139.58639,35.62046],[139.58883,35.61901],[139.58926,35.61887],[139.58895,35.61875],[139.58853,35.6187],[139.58771,35.6187],[139.58771,35.61848],[139.58386,35.6191],[139.58291,35.61935],[139.58203,35.61971],[139.58172,35.61979],[139.58075,35.6199],[139.57856,35.62057],[139.57782,35.6207],[139.57694,35.62075],[139.57643,35.62085],[139.57433,35.62148],[139.57404,35.62152],[139.57371,35.62146],[139.57364,35.62153],[139.5736,35.62171],[139.57354,35.62175],[139.57308,35.6216],[139.57264,35.62164],[139.57262,35.62175],[139.5727,35.6219],[139.57264,35.62201],[139.57179,35.62216],[139.57066,35.62261],[139.5702,35.6229],[139.56956,35.62348],[139.56931,35.62361],[139.5691,35.62364],[139.56896,35.62375],[139.56876,35.62406],[139.56841,35.62478],[139.5682,35.62502],[139.56791,35.62521],[139.56765,35.6255],[139.56735,35.62596],[139.56712,35.62646],[139.567,35.62697],[139.567,35.62706],[139.56771,35.62694],[139.56793,35.62684],[139.56932,35.62594],[139.57056,35.62482],[139.57112,35.62441],[139.57202,35.62395],[139.57217,35.62377],[139.57254,35.62356]]],[[[139.60015,35.4663],[139.59969,35.46649],[139.59943,35.46655],[139.5977,35.46666],[139.59731,35.46676],[139.59709,35.46716],[139.59633,35.46791],[139.59618,35.46824],[139.59613,35.46857],[139.596,35.46876],[139.59561,35.469],[139.59505,35.46919],[139.59479,35.46937],[139.5947,35.46948],[139.59462,35.4699],[139.5947,35.47021],[139.59481,35.47039],[139.59496,35.47044],[139.59504,35.47042],[139.59553,35.47009],[139.59584,35.46999],[139.59615,35.47006],[139.59639,35.47029],[139.59647,35.46984],[139.59669,35.4697],[139.59686,35.46966],[139.59733,35.46963],[139.59829,35.46968],[139.59901,35.46957],[139.59932,35.4694],[139.59976,35.46882],[139.59997,35.4687],[139.60022,35.46865],[139.60069,35.46869],[139.60091,35.4688],[139.601,35.4689],[139.60102,35.46907],[139.60076,35.46941],[139.60079,35.46958],[139.60118,35.4698],[139.60157,35.46985],[139.60192,35.4697],[139.60223,35.4694],[139.60254,35.46922],[139.60275,35.46919],[139.60327,35.46925],[139.60358,35.46918],[139.60378,35.46908],[139.60395,35.46893],[139.60407,35.46875],[139.60421,35.46801],[139.60436,35.46782],[139.6046,35.4677],[139.60508,35.46761],[139.60548,35.46762],[139.60569,35.46768],[139.60607,35.46791],[139.60654,35.46798],[139.60687,35.46788],[139.60711,35.46753],[139.60727,35.46743],[139.60763,35.46739],[139.60825,35.46744],[139.60856,35.46731],[139.60871,35.46703],[139.60869,35.46675],[139.60847,35.46657],[139.60784,35.46636],[139.60775,35.46626],[139.60773,35.46615],[139.60786,35.46593],[139.60849,35.46548],[139.60862,35.46513],[139.60903,35.46502],[139.60917,35.46468],[139.60951,35.46457],[139.60948,35.46431],[139.60927,35.46401],[139.60905,35.46389],[139.60876,35.46385],[139.60784,35.46403],[139.60758,35.46404],[139.6074,35.464],[139.60718,35.46377],[139.60682,35.46368],[139.6067,35.46357],[139.60656,35.46326],[139.60636,35.46256],[139.60625,35.46241],[139.60613,35.46235],[139.60599,35.46236],[139.60588,35.46243],[139.60561,35.46295],[139.60539,35.46313],[139.60518,35.46316],[139.60479,35.4631],[139.6045,35.46311],[139.60436,35.46317],[139.6041,35.46342],[139.60354,35.4636],[139.60333,35.46367],[139.6032,35.46378],[139.60317,35.46391],[139.60322,35.46423],[139.60313,35.46438],[139.60233,35.46485],[139.60218,35.46516],[139.60197,35.46525],[139.60147,35.46529],[139.60119,35.46539],[139.60092,35.46558],[139.6005,35.46603],[139.60015,35.4663]]],[[[139.58897,35.47186],[139.58881,35.47203],[139.58805,35.47245],[139.58793,35.47259],[139.58788,35.47275],[139.5879,35.47291],[139.58805,35.47307],[139.58824,35.47312],[139.58886,35.47317],[139.58915,35.47328],[139.58952,35.47351],[139.59023,35.47363],[139.59035,35.47373],[139.5904,35.47392],[139.59049,35.47396],[139.59092,35.47389],[139.59115,35.4739],[139.59126,35.47396],[139.59147,35.47419],[139.59182,35.47429],[139.59185,35.47443],[139.59173,35.47485],[139.59132,35.47566],[139.59096,35.47609],[139.59056,35.47632],[139.59044,35.47645],[139.59052,35.47661],[139.59092,35.47685],[139.59228,35.47742],[139.59281,35.47672],[139.59308,35.47647],[139.59332,35.47635],[139.59383,35.47626],[139.59396,35.47611],[139.59392,35.47563],[139.59368,35.47494],[139.59367,35.47461],[139.59372,35.47449],[139.59394,35.47437],[139.59466,35.47441],[139.59503,35.47433],[139.59516,35.4742],[139.5953,35.47375],[139.59532,35.47357],[139.59527,35.47342],[139.59495,35.4732],[139.59488,35.47307],[139.59493,35.47205],[139.59486,35.47189],[139.59458,35.47157],[139.59445,35.47107],[139.59433,35.47102],[139.59408,35.47107],[139.5934,35.47134],[139.59328,35.47162],[139.59307,35.47184],[139.59276,35.47195],[139.59231,35.472],[139.591,35.47197],[139.59059,35.47186],[139.59043,35.4717],[139.59017,35.4716],[139.58976,35.47156],[139.5892,35.4716],[139.58901,35.4717],[139.58897,35.47186]]],[[[139.5915,35.48369],[139.59144,35.48354],[139.5909,35.48294],[139.59015,35.48232],[139.58991,35.48218],[139.58954,35.48206],[139.58894,35.48136],[139.5886,35.48118],[139.58834,35.48112],[139.58803,35.48114],[139.58791,35.48124],[139.58786,35.48141],[139.58789,35.48166],[139.58806,35.48199],[139.58837,35.4824],[139.58909,35.48319],[139.58989,35.4838],[139.5904,35.48402],[139.5909,35.48408],[139.59132,35.484],[139.59144,35.48392],[139.5915,35.48369]]],[[[139.61615,35.52506],[139.61624,35.52497],[139.61632,35.52439],[139.61622,35.5233],[139.61628,35.52311],[139.6164,35.52301],[139.61659,35.52299],[139.6169,35.52307],[139.6171,35.5232],[139.61764,35.52368],[139.61806,35.52385],[139.61838,35.52389],[139.61884,35.52386],[139.61906,35.52379],[139.61922,35.52367],[139.61949,35.52328],[139.61981,35.52319],[139.61976,35.52306],[139.61923,35.52253],[139.61915,35.52229],[139.61924,35.52206],[139.6196,35.52167],[139.61961,35.5215],[139.6195,35.52115],[139.61959,35.52055],[139.61977,35.52013],[139.62008,35.51989],[139.62018,35.51977],[139.62026,35.51947],[139.62025,35.51907],[139.62007,35.51866],[139.6197,35.51841],[139.61943,35.51837],[139.61927,35.51841],[139.61907,35.51855],[139.61894,35.51853],[139.61889,35.51781],[139.61854,35.51796],[139.6184,35.51808],[139.61824,35.51837],[139.61806,35.51893],[139.61778,35.51938],[139.61751,35.51983],[139.61723,35.52028],[139.61695,35.52073],[139.6169,35.52126],[139.61677,35.52125],[139.61658,35.52113],[139.61641,35.52121],[139.61611,35.52212],[139.61595,35.52236],[139.61581,35.52244],[139.61573,35.52262],[139.61572,35.52321],[139.61581,35.52382],[139.616,35.52472],[139.61615,35.52506]]],[[[139.57932,35.57111],[139.58,35.57129],[139.58051,35.5715],[139.58077,35.57166],[139.58104,35.57196],[139.58116,35.57223],[139.58132,35.57347],[139.58141,35.5736],[139.58168,35.57365],[139.58188,35.57378],[139.58219,35.57417],[139.58224,35.57443],[139.58215,35.57491],[139.58229,35.57517],[139.58254,35.57531],[139.58277,35.57535],[139.58377,35.5753],[139.58392,35.57537],[139.584,35.57565],[139.58415,35.57575],[139.58473,35.5756],[139.58503,35.57565],[139.58516,35.57581],[139.58542,35.57645],[139.58554,35.57654],[139.58573,35.57657],[139.58585,35.57664],[139.5862,35.57725],[139.58656,35.57742],[139.5873,35.57748],[139.58768,35.57761],[139.58781,35.57776],[139.58789,35.57816],[139.58809,35.57832],[139.58846,35.57837],[139.58879,35.57833],[139.58901,35.57822],[139.5892,35.57803],[139.58936,35.578],[139.59007,35.57807],[139.59026,35.57805],[139.59039,35.57799],[139.59053,35.57785],[139.59071,35.57781],[139.59097,35.57782],[139.59207,35.57804],[139.5925,35.578],[139.59291,35.57783],[139.59317,35.57783],[139.59332,35.5779],[139.5935,35.57808],[139.59367,35.57861],[139.59391,35.57877],[139.59462,35.57897],[139.59596,35.57921],[139.59642,35.57935],[139.5967,35.5795],[139.59708,35.58],[139.59784,35.58058],[139.59792,35.58071],[139.59787,35.58094],[139.5979,35.58102],[139.59812,35.58108],[139.59874,35.58113],[139.5991,35.58129],[139.59933,35.58154],[139.59941,35.58192],[139.59953,35.58206],[139.59999,35.58219],[139.60131,35.58228],[139.60166,35.5824],[139.60185,35.58259],[139.60189,35.58286],[139.6018,35.58325],[139.60171,35.58333],[139.60152,35.58337],[139.60143,35.58356],[139.60153,35.58442],[139.60151,35.5849],[139.60141,35.58516],[139.60127,35.58532],[139.60083,35.58545],[139.60078,35.58557],[139.60081,35.58567],[139.60112,35.58565],[139.6015,35.58553],[139.60248,35.5851],[139.60295,35.58476],[139.6032,35.58433],[139.60335,35.58419],[139.60371,35.58412],[139.60451,35.5842],[139.60501,35.58416],[139.60534,35.58403],[139.60546,35.58389],[139.60551,35.58369],[139.60575,35.58359],[139.6062,35.58363],[139.60638,35.58373],[139.60651,35.58389],[139.60681,35.58399],[139.60769,35.58405],[139.60808,35.58411],[139.60821,35.58419],[139.60825,35.58434],[139.60836,35.58438],[139.60868,35.58434],[139.60945,35.58413],[139.60985,35.58414],[139.60999,35.58422],[139.6101,35.58436],[139.61041,35.58529],[139.61062,35.58551],[139.6108,35.58552],[139.61113,35.58539],[139.61125,35.58525],[139.61128,35.58509],[139.61144,35.58499],[139.61201,35.58496],[139.61226,35.58509],[139.61237,35.58534],[139.61234,35.58565],[139.61224,35.58586],[139.61205,35.58598],[139.61202,35.58605],[139.61223,35.58622],[139.61291,35.58654],[139.61318,35.5868],[139.61317,35.58696],[139.61267,35.5875],[139.61264,35.58763],[139.61267,35.58775],[139.61309,35.58812],[139.61372,35.58851],[139.61439,35.58879],[139.6148,35.58885],[139.61534,35.58876],[139.61568,35.58853],[139.61574,35.5882],[139.61559,35.5878],[139.61558,35.58754],[139.61568,35.58745],[139.61596,35.5874],[139.61612,35.58724],[139.6163,35.58677],[139.61644,35.58608],[139.61662,35.58577],[139.61688,35.58561],[139.61704,35.58559],[139.61777,35.58572],[139.618,35.58571],[139.61813,35.58563],[139.61816,35.58548],[139.61808,35.58525],[139.61797,35.58511],[139.61761,35.58486],[139.6175,35.58456],[139.61753,35.5843],[139.61772,35.58382],[139.61792,35.58344],[139.61813,35.58318],[139.61835,35.58305],[139.61852,35.58301],[139.61917,35.58306],[139.61935,35.58293],[139.61947,35.58271],[139.61969,35.58262],[139.6199,35.58264],[139.62039,35.58281],[139.6206,35.58281],[139.6207,35.58257],[139.62082,35.58246],[139.6214,35.58217],[139.62169,35.58197],[139.62209,35.58145],[139.62228,35.58134],[139.62277,35.5812],[139.62299,35.58109],[139.62303,35.58099],[139.62296,35.58083],[139.62298,35.58074],[139.62307,35.58065],[139.62361,35.58041],[139.62377,35.58002],[139.62416,35.57963],[139.62461,35.57937],[139.62527,35.57917],[139.62561,35.57899],[139.62626,35.57826],[139.62693,35.57794],[139.62709,35.57758],[139.62751,35.57747],[139.62757,35.57723],[139.62769,35.5771],[139.62803,35.57696],[139.62828,35.57694],[139.62847,35.57702],[139.62859,35.57716],[139.62872,35.57718],[139.62891,35.57714],[139.62943,35.57686],[139.62975,35.57675],[139.63109,35.57657],[139.6316,35.57627],[139.6322,35.57559],[139.63256,35.57532],[139.633,35.57514],[139.63324,35.57509],[139.63401,35.57506],[139.63449,35.57493],[139.63461,35.57478],[139.63458,35.57445],[139.63462,35.57434],[139.63479,35.57411],[139.6351,35.57389],[139.63597,35.57343],[139.6363,35.57318],[139.63655,35.57292],[139.6368,35.57251],[139.63704,35.57228],[139.63738,35.57209],[139.63826,35.57183],[139.63879,35.5716],[139.63903,35.57141],[139.63932,35.57103],[139.63943,35.57095],[139.63952,35.57096],[139.63964,35.5711],[139.6399,35.57121],[139.64031,35.57125],[139.64078,35.57122],[139.64109,35.57109],[139.64143,35.57064],[139.64168,35.57058],[139.64195,35.57065],[139.64231,35.57088],[139.64249,35.57094],[139.64347,35.5709],[139.64356,35.57096],[139.64358,35.57111],[139.64366,35.57121],[139.64394,35.57125],[139.64403,35.57115],[139.64395,35.57095],[139.64397,35.57086],[139.64406,35.57077],[139.64441,35.57064],[139.64464,35.5705],[139.6448,35.57029],[139.64486,35.57006],[139.64481,35.56994],[139.64457,35.56989],[139.64433,35.56973],[139.64353,35.56885],[139.64302,35.56861],[139.64288,35.56848],[139.64276,35.56818],[139.64268,35.56758],[139.64256,35.56742],[139.64221,35.56726],[139.64209,35.56711],[139.64243,35.56637],[139.64248,35.56576],[139.64243,35.56548],[139.64222,35.56518],[139.64165,35.56495],[139.6415,35.56474],[139.64154,35.56444],[139.64172,35.56418],[139.64202,35.56406],[139.6424,35.56404],[139.64266,35.56397],[139.64274,35.5639],[139.64277,35.56374],[139.64285,35.56364],[139.64321,35.56356],[139.64349,35.56337],[139.64363,35.56321],[139.64361,35.56306],[139.6432,35.56284],[139.64201,35.56258],[139.64149,35.56237],[139.64128,35.56222],[139.64097,35.56188],[139.64065,35.56109],[139.6404,35.5608],[139.6402,35.56076],[139.63984,35.56079],[139.63951,35.56072],[139.63889,35.56049],[139.63845,35.56025],[139.63816,35.55997],[139.63803,35.55965],[139.63805,35.55929],[139.63815,35.55892],[139.63812,35.55865],[139.63805,35.55855],[139.63781,35.55843],[139.63682,35.55833],[139.63664,35.55825],[139.63646,35.5581],[139.63625,35.55818],[139.6356,35.55876],[139.63529,35.55885],[139.6351,35.55878],[139.63503,35.55855],[139.6349,35.55847],[139.63351,35.55832],[139.63333,35.55825],[139.63312,35.55801],[139.63295,35.55795],[139.63266,35.55798],[139.63254,35.55825],[139.63227,35.55835],[139.63149,35.55839],[139.63094,35.55835],[139.63067,35.55824],[139.63062,35.55803],[139.63051,35.55791],[139.63022,35.55779],[139.63012,35.55783],[139.63003,35.55807],[139.62987,35.55816],[139.62931,35.55829],[139.62903,35.55828],[139.62884,35.55819],[139.62878,35.55811],[139.62867,35.55751],[139.62858,35.55733],[139.62844,35.5572],[139.62815,35.55712],[139.62799,35.55713],[139.62786,35.5572],[139.62755,35.55765],[139.62714,35.55777],[139.627,35.55819],[139.6268,35.55819],[139.6262,35.5579],[139.62594,35.5579],[139.62564,35.5583],[139.62541,35.55844],[139.62498,35.55861],[139.62489,35.5587],[139.62482,35.5589],[139.62469,35.55894],[139.62431,35.5589],[139.62358,35.55869],[139.62327,35.55852],[139.62318,35.5583],[139.623,35.55876],[139.62288,35.55891],[139.62265,35.55904],[139.62245,35.55905],[139.62208,35.55898],[139.62157,35.55872],[139.62105,35.55867],[139.62002,35.55873],[139.61947,35.5587],[139.61864,35.55852],[139.61783,35.55821],[139.61712,35.558],[139.61653,35.55791],[139.61607,35.55797],[139.61581,35.55818],[139.61571,35.55878],[139.61562,35.55893],[139.61548,35.55902],[139.61513,35.55908],[139.61504,35.55918],[139.61508,35.55965],[139.61502,35.55982],[139.61486,35.55995],[139.61426,35.5601],[139.6139,35.56028],[139.61374,35.56046],[139.61356,35.56084],[139.61343,35.56094],[139.61317,35.56096],[139.61289,35.56086],[139.61268,35.56069],[139.61251,35.56039],[139.61237,35.56031],[139.61208,35.56032],[139.61181,35.56041],[139.61163,35.56054],[139.61158,35.56075],[139.61208,35.56129],[139.61216,35.56148],[139.61214,35.56161],[139.61188,35.56225],[139.61157,35.56279],[139.61127,35.56305],[139.61091,35.56319],[139.61048,35.56321],[139.6097,35.56306],[139.60942,35.56287],[139.60934,35.56251],[139.60915,35.56241],[139.60895,35.56244],[139.60881,35.56251],[139.6083,35.56298],[139.60803,35.56307],[139.60783,35.56308],[139.60744,35.56298],[139.60713,35.56267],[139.60678,35.56261],[139.60673,35.56252],[139.60679,35.56233],[139.60659,35.56222],[139.60607,35.56218],[139.6056,35.56219],[139.60503,35.56232],[139.60474,35.56247],[139.60413,35.563],[139.60322,35.56345],[139.60285,35.56371],[139.60238,35.5643],[139.60192,35.56541],[139.60157,35.56599],[139.60131,35.56619],[139.6008,35.56625],[139.60062,35.56633],[139.60049,35.56644],[139.6004,35.5666],[139.60038,35.56684],[139.60047,35.56704],[139.60078,35.56741],[139.60083,35.56765],[139.60079,35.56781],[139.6004,35.568],[139.59897,35.56819],[139.59824,35.5684],[139.59793,35.56861],[139.59759,35.56913],[139.5974,35.56934],[139.59703,35.56957],[139.59674,35.56967],[139.59595,35.56975],[139.59493,35.56967],[139.59437,35.56968],[139.59415,35.56974],[139.59385,35.56995],[139.59348,35.57003],[139.5926,35.57014],[139.59159,35.57018],[139.59097,35.57009],[139.59077,35.56996],[139.59056,35.56965],[139.59031,35.56958],[139.59012,35.56965],[139.59003,35.56994],[139.58987,35.57006],[139.58951,35.57018],[139.58932,35.57017],[139.58916,35.56986],[139.58849,35.56953],[139.58825,35.56929],[139.58803,35.56898],[139.58785,35.56884],[139.58751,35.56876],[139.58699,35.56884],[139.5866,35.56882],[139.5863,35.56867],[139.58619,35.56837],[139.58608,35.56829],[139.58589,35.56824],[139.58528,35.5682],[139.58502,35.56811],[139.58476,35.56785],[139.58463,35.56746],[139.58447,35.56723],[139.58425,35.56704],[139.58363,35.56677],[139.58335,35.56658],[139.58302,35.5662],[139.58279,35.56573],[139.58257,35.5655],[139.5821,35.56531],[139.58137,35.56526],[139.58114,35.56521],[139.58101,35.56513],[139.5809,35.56487],[139.58067,35.56483],[139.58055,35.56489],[139.58044,35.56504],[139.58023,35.56575],[139.58,35.56613],[139.57979,35.56631],[139.57932,35.56657],[139.57919,35.56673],[139.57915,35.56692],[139.57921,35.56723],[139.57917,35.56737],[139.57895,35.56744],[139.57857,35.56739],[139.57828,35.56743],[139.57814,35.56753],[139.57788,35.56792],[139.57748,35.56801],[139.57712,35.5682],[139.57666,35.56863],[139.57622,35.56945],[139.57592,35.56969],[139.57566,35.56981],[139.57537,35.57],[139.57529,35.57014],[139.57529,35.5703],[139.57541,35.57052],[139.57556,35.57065],[139.57583,35.57069],[139.57608,35.57079],[139.57646,35.57106],[139.57671,35.57118],[139.57717,35.57122],[139.57818,35.57104],[139.57886,35.57104],[139.57932,35.57111]]],[[[139.62977,35.35075],[139.63087,35.35085],[139.63229,35.35109],[139.63302,35.35132],[139.63351,35.35158],[139.63375,35.35189],[139.6339,35.35233],[139.63415,35.35259],[139.63503,35.35272],[139.63575,35.35303],[139.63607,35.3531],[139.63641,35.35301],[139.63685,35.35279],[139.63824,35.35197],[139.63872,35.35155],[139.63878,35.35138],[139.63873,35.35124],[139.63857,35.35112],[139.63828,35.35104],[139.63591,35.3508],[139.63554,35.35071],[139.63535,35.35055],[139.63518,35.35051],[139.63491,35.35052],[139.63397,35.35071],[139.63362,35.3507],[139.6333,35.35062],[139.63271,35.35023],[139.63256,35.35003],[139.63251,35.34986],[139.63238,35.34977],[139.632,35.34965],[139.63143,35.34955],[139.63104,35.34937],[139.63092,35.3492],[139.63087,35.34879],[139.63076,35.34858],[139.63051,35.34844],[139.63017,35.34837],[139.62997,35.34839],[139.62985,35.34855],[139.62948,35.35009],[139.62925,35.35043],[139.62905,35.35052],[139.62884,35.35066],[139.62879,35.35091],[139.62892,35.3513],[139.62913,35.3515],[139.62927,35.35152],[139.6294,35.35147],[139.62941,35.35137],[139.62933,35.35114],[139.62942,35.35107],[139.62967,35.35102],[139.62969,35.35092],[139.62963,35.35081],[139.62977,35.35075]]],[[[139.6377,35.36865],[139.63817,35.36861],[139.63839,35.36846],[139.63856,35.36797],[139.6387,35.36719],[139.63893,35.36699],[139.63934,35.36682],[139.63994,35.36667],[139.64171,35.36644],[139.64288,35.36637],[139.64809,35.36624],[139.64953,35.36615],[139.64916,35.3661],[139.64793,35.36605],[139.64564,35.36606],[139.638,35.3664],[139.63759,35.36642],[139.638,35.36663],[139.63798,35.36691],[139.63787,35.36703],[139.63694,35.36729],[139.63669,35.3675],[139.63662,35.3677],[139.6367,35.36811],[139.63689,35.36834],[139.63729,35.36855],[139.6377,35.36865]]],[[[139.63319,35.45354],[139.63329,35.45366],[139.6336,35.45388],[139.63387,35.45446],[139.63416,35.45483],[139.63486,35.45537],[139.6351,35.4555],[139.63574,35.4554],[139.63577,35.45534],[139.63572,35.45517],[139.63544,35.45499],[139.63532,35.45482],[139.63533,35.45465],[139.63548,35.45445],[139.63593,35.45413],[139.63634,35.45394],[139.63662,35.45387],[139.63717,35.45382],[139.63742,35.45371],[139.63777,35.4534],[139.63825,35.45276],[139.63882,35.45234],[139.64023,35.45169],[139.6406,35.45146],[139.6407,35.45134],[139.64092,35.45125],[139.64159,35.45116],[139.64305,35.45113],[139.64361,35.45108],[139.64398,35.45099],[139.64408,35.45089],[139.6439,35.45062],[139.64383,35.4506],[139.64283,35.45075],[139.64248,35.45074],[139.64223,35.45063],[139.64214,35.45054],[139.64192,35.45009],[139.6417,35.45],[139.64139,35.45003],[139.641,35.45017],[139.64046,35.45044],[139.64003,35.45075],[139.63953,35.4512],[139.63928,35.45128],[139.63898,35.45124],[139.63891,35.45136],[139.63887,35.45161],[139.63874,35.45179],[139.63835,35.4521],[139.63796,35.45232],[139.63712,35.45267],[139.63678,35.45271],[139.63652,35.45267],[139.63609,35.45235],[139.63557,35.45223],[139.63475,35.45213],[139.63448,35.45206],[139.63405,35.45179],[139.63378,35.45135],[139.6337,35.45107],[139.63359,35.4497],[139.63328,35.44881],[139.63295,35.44831],[139.63238,35.44772],[139.63197,35.44738],[139.63171,35.44729],[139.63168,35.44739],[139.63178,35.44761],[139.63273,35.44895],[139.63304,35.44976],[139.63312,35.45031],[139.63306,35.45127],[139.63293,35.45169],[139.63275,35.45189],[139.6327,35.45206],[139.63298,35.45243],[139.63306,35.45261],[139.63312,35.45324],[139.63319,35.45354]]],[[[139.62089,35.46296],[139.62071,35.46304],[139.61931,35.46327],[139.61931,35.46417],[139.61943,35.46389],[139.61956,35.46375],[139.61998,35.46361],[139.62112,35.46351],[139.62276,35.46352],[139.62369,35.46361],[139.62444,35.46377],[139.62499,35.464],[139.62585,35.46453],[139.62629,35.46466],[139.62638,35.46474],[139.62646,35.46501],[139.62646,35.46539],[139.62638,35.46566],[139.62629,35.46575],[139.62607,35.46578],[139.62575,35.46597],[139.62453,35.46711],[139.62491,35.4671],[139.62515,35.46701],[139.62622,35.46636],[139.62684,35.46613],[139.62746,35.46609],[139.62819,35.46623],[139.62855,35.46636],[139.62893,35.4666],[139.62963,35.4667],[139.62986,35.46678],[139.6309,35.46729],[139.63145,35.46736],[139.63188,35.46749],[139.63327,35.46816],[139.63443,35.46851],[139.63477,35.46867],[139.63492,35.46888],[139.63483,35.46921],[139.63417,35.47006],[139.63486,35.46976],[139.63513,35.46957],[139.63535,35.46925],[139.63543,35.46898],[139.63537,35.46872],[139.63514,35.46848],[139.63473,35.46828],[139.63368,35.46793],[139.63332,35.46768],[139.63331,35.46751],[139.63355,35.46728],[139.63386,35.46711],[139.63447,35.46693],[139.63468,35.46676],[139.63473,35.46661],[139.63469,35.46638],[139.6346,35.46626],[139.63418,35.46606],[139.63406,35.46591],[139.63401,35.46556],[139.63402,35.46546],[139.63298,35.46454],[139.63287,35.46459],[139.63272,35.46511],[139.63244,35.46542],[139.63236,35.46556],[139.63235,35.46584],[139.63243,35.46626],[139.63238,35.46651],[139.63228,35.46665],[139.63213,35.46675],[139.63177,35.46682],[139.63125,35.4668],[139.63084,35.46672],[139.63022,35.46645],[139.62973,35.46608],[139.62867,35.46509],[139.6279,35.46452],[139.62769,35.46445],[139.62726,35.4644],[139.62694,35.46431],[139.6255,35.46365],[139.6246,35.46339],[139.62395,35.4633],[139.62295,35.46327],[139.62215,35.46317],[139.62175,35.46306],[139.62107,35.46273],[139.62098,35.46276],[139.62089,35.46296]]],[[[139.46086,35.49429],[139.4607,35.49433],[139.46101,35.49473],[139.46106,35.49496],[139.46102,35.49518],[139.46086,35.49531],[139.4605,35.49535],[139.46031,35.49544],[139.46015,35.49593],[139.46003,35.49603],[139.45959,35.49624],[139.45944,35.49649],[139.4594,35.49687],[139.45945,35.49719],[139.45958,35.49735],[139.4598,35.49741],[139.45985,35.49757],[139.45979,35.49787],[139.45966,35.49812],[139.45949,35.49825],[139.4593,35.49828],[139.45925,35.49839],[139.45927,35.49858],[139.45946,35.49918],[139.45944,35.49959],[139.45918,35.49991],[139.45879,35.50012],[139.45848,35.5002],[139.45812,35.50014],[139.45801,35.50015],[139.45772,35.50044],[139.45729,35.50055],[139.45734,35.50095],[139.45703,35.50115],[139.4569,35.50133],[139.45692,35.50154],[139.45702,35.50167],[139.4572,35.50176],[139.45762,35.50179],[139.45958,35.50154],[139.46034,35.5015],[139.46051,35.50155],[139.46067,35.50165],[139.46077,35.50195],[139.46085,35.50203],[139.46101,35.50208],[139.46137,35.5021],[139.46161,35.50205],[139.46179,35.50193],[139.46193,35.50173],[139.46212,35.50126],[139.46238,35.50114],[139.46335,35.50139],[139.46442,35.50148],[139.46461,35.50154],[139.46481,35.50173],[139.46495,35.50177],[139.46513,35.50176],[139.46578,35.50158],[139.4662,35.50162],[139.46661,35.50182],[139.46692,35.50218],[139.46707,35.5027],[139.46713,35.50364],[139.46726,35.50389],[139.46739,35.50392],[139.46755,35.50386],[139.46762,35.5037],[139.46765,35.50347],[139.46776,35.50331],[139.46793,35.50327],[139.46779,35.50267],[139.46772,35.5027],[139.46756,35.5027],[139.4674,35.50257],[139.46738,35.50219],[139.46749,35.50198],[139.46773,35.50189],[139.46792,35.50191],[139.46811,35.502],[139.46818,35.50212],[139.46818,35.50216],[139.46869,35.502],[139.46963,35.5019],[139.47058,35.50214],[139.47143,35.50206],[139.47273,35.50147],[139.47381,35.50125],[139.47471,35.5014],[139.47638,35.50135],[139.47956,35.5025],[139.48035,35.50297],[139.48136,35.50317],[139.48223,35.50347],[139.48494,35.50397],[139.48486,35.50405],[139.48145,35.50522],[139.48156,35.50527],[139.48196,35.50535],[139.48215,35.50563],[139.48223,35.50621],[139.4822,35.50689],[139.48209,35.50736],[139.48189,35.50769],[139.48215,35.50778],[139.48316,35.50782],[139.48357,35.50791],[139.48387,35.50816],[139.48406,35.50825],[139.48499,35.50847],[139.48551,35.50868],[139.48617,35.5091],[139.48645,35.50944],[139.4865,35.50978],[139.48641,35.50999],[139.48626,35.51015],[139.4859,35.51027],[139.4853,35.51033],[139.48514,35.51042],[139.48508,35.51058],[139.48515,35.51097],[139.48513,35.5111],[139.48505,35.51117],[139.48487,35.51119],[139.48478,35.51125],[139.48481,35.51138],[139.48495,35.51154],[139.48521,35.51167],[139.4857,35.5118],[139.48589,35.51189],[139.48601,35.51201],[139.48607,35.51231],[139.48614,35.51237],[139.48625,35.51235],[139.48666,35.51209],[139.48699,35.51201],[139.48743,35.51201],[139.48857,35.51216],[139.48908,35.51219],[139.48951,35.51215],[139.49013,35.51189],[139.4904,35.51186],[139.49068,35.51195],[139.49095,35.51215],[139.49147,35.51278],[139.49157,35.51308],[139.49154,35.51332],[139.49144,35.51353],[139.49115,35.51386],[139.49139,35.51392],[139.49156,35.51405],[139.49168,35.5143],[139.49173,35.51461],[139.49163,35.51482],[139.49128,35.515],[139.49114,35.51521],[139.49102,35.51577],[139.49096,35.51676],[139.49081,35.51718],[139.49064,35.51729],[139.49021,35.51735],[139.48997,35.51758],[139.48986,35.51762],[139.48963,35.51758],[139.48898,35.51732],[139.48859,35.51728],[139.48833,35.5173],[139.48807,35.51749],[139.48798,35.51772],[139.48796,35.51804],[139.48801,35.51842],[139.48814,35.51861],[139.4885,35.5187],[139.48871,35.51893],[139.48885,35.51901],[139.48914,35.51908],[139.48954,35.5191],[139.48987,35.51919],[139.49051,35.5197],[139.4917,35.52015],[139.49201,35.52041],[139.49217,35.52107],[139.49227,35.52118],[139.49255,35.52135],[139.49264,35.5216],[139.49246,35.52183],[139.49189,35.52211],[139.49163,35.52231],[139.49153,35.52254],[139.49154,35.5227],[139.49161,35.52286],[139.49177,35.52292],[139.49199,35.52288],[139.49213,35.52254],[139.49239,35.52247],[139.49262,35.52254],[139.49297,35.52288],[139.49328,35.52292],[139.49343,35.52282],[139.49347,35.52262],[139.49354,35.52255],[139.49365,35.5225],[139.49392,35.52248],[139.49409,35.5225],[139.49425,35.52258],[139.49437,35.52289],[139.49452,35.52293],[139.49468,35.52292],[139.495,35.52279],[139.49608,35.5222],[139.49635,35.52213],[139.49678,35.52217],[139.49697,35.52214],[139.49721,35.52196],[139.49752,35.52157],[139.49772,35.52145],[139.49808,35.52136],[139.49838,35.5214],[139.49903,35.52168],[139.4999,35.52226],[139.50119,35.52328],[139.50141,35.52352],[139.50146,35.52371],[139.50155,35.5238],[139.50243,35.52413],[139.50271,35.52437],[139.50309,35.52486],[139.50326,35.52499],[139.50365,35.52516],[139.50379,35.52534],[139.50388,35.52562],[139.50394,35.52642],[139.50405,35.52673],[139.50424,35.52693],[139.50452,35.52701],[139.50494,35.52696],[139.50508,35.52684],[139.50509,35.52665],[139.50478,35.52604],[139.50457,35.52583],[139.50438,35.52572],[139.50425,35.52554],[139.5042,35.52527],[139.50425,35.52488],[139.50438,35.5247],[139.50464,35.52453],[139.50465,35.52439],[139.50458,35.52422],[139.50463,35.52402],[139.50527,35.52333],[139.5056,35.52265],[139.50576,35.52252],[139.50602,35.52249],[139.50618,35.52241],[139.50632,35.5222],[139.5064,35.52198],[139.50642,35.52181],[139.50634,35.52162],[139.50587,35.52114],[139.50571,35.52082],[139.50572,35.52044],[139.50586,35.52005],[139.50602,35.51984],[139.50623,35.51968],[139.50674,35.51949],[139.50706,35.51949],[139.50749,35.5197],[139.5077,35.51966],[139.50791,35.51951],[139.50811,35.51944],[139.50858,35.5195],[139.50874,35.51917],[139.50938,35.51882],[139.50959,35.51865],[139.50975,35.51845],[139.50989,35.51806],[139.51011,35.51788],[139.51028,35.51785],[139.51078,35.51788],[139.51252,35.51839],[139.51304,35.51844],[139.51309,35.51839],[139.51298,35.51808],[139.51299,35.51797],[139.51325,35.51763],[139.51362,35.5174],[139.51408,35.51721],[139.51465,35.51713],[139.51495,35.51721],[139.51528,35.51751],[139.51567,35.51772],[139.51597,35.51779],[139.51646,35.51781],[139.51682,35.51788],[139.51723,35.51815],[139.51775,35.51824],[139.51908,35.5183],[139.51954,35.51842],[139.51966,35.51856],[139.51961,35.51884],[139.51948,35.51893],[139.51919,35.51898],[139.51912,35.51909],[139.51912,35.51924],[139.51928,35.51935],[139.51973,35.51939],[139.52004,35.51931],[139.52019,35.5191],[139.52029,35.51863],[139.52048,35.51851],[139.52077,35.5185],[139.52096,35.51857],[139.52105,35.5188],[139.52121,35.5189],[139.5221,35.51901],[139.52326,35.51945],[139.52377,35.51949],[139.5246,35.51931],[139.52485,35.51929],[139.52505,35.51934],[139.5252,35.51944],[139.52536,35.51965],[139.52551,35.52032],[139.52576,35.52049],[139.52604,35.52054],[139.52638,35.52052],[139.52668,35.52043],[139.52695,35.52027],[139.52718,35.52005],[139.52743,35.51963],[139.52748,35.51925],[139.5273,35.5188],[139.52727,35.51859],[139.52732,35.51839],[139.52765,35.51805],[139.52773,35.51788],[139.52765,35.51762],[139.52731,35.51725],[139.52721,35.51687],[139.52727,35.5164],[139.5274,35.51602],[139.52757,35.51583],[139.52775,35.51578],[139.5278,35.51566],[139.52775,35.51529],[139.52755,35.51459],[139.52755,35.51425],[139.52764,35.51413],[139.52782,35.51402],[139.5279,35.51389],[139.528,35.5132],[139.52819,35.51291],[139.52871,35.51263],[139.52976,35.51229],[139.52996,35.51218],[139.53004,35.51207],[139.53,35.51195],[139.52988,35.51185],[139.52971,35.51184],[139.52941,35.51191],[139.52921,35.51189],[139.52871,35.51173],[139.5285,35.51158],[139.52838,35.51139],[139.52834,35.51117],[139.52839,35.51089],[139.5285,35.51067],[139.52876,35.51045],[139.52925,35.51038],[139.52944,35.51028],[139.5296,35.50996],[139.52968,35.50936],[139.52994,35.50906],[139.53022,35.50896],[139.5307,35.5089],[139.53106,35.50895],[139.53136,35.50912],[139.53144,35.50911],[139.5314,35.50831],[139.53155,35.5081],[139.53183,35.50799],[139.53203,35.50781],[139.53213,35.50732],[139.53224,35.50713],[139.53243,35.50697],[139.53305,35.50671],[139.53349,35.50645],[139.53416,35.50572],[139.53437,35.50556],[139.53468,35.50546],[139.53496,35.50549],[139.53517,35.50562],[139.53534,35.50592],[139.53552,35.50607],[139.53578,35.50614],[139.53606,35.50612],[139.53608,35.50609],[139.53582,35.5059],[139.53575,35.50572],[139.53571,35.50501],[139.53575,35.50479],[139.53584,35.50468],[139.53602,35.50469],[139.53625,35.50479],[139.53678,35.50451],[139.53705,35.50443],[139.5373,35.50441],[139.53782,35.50448],[139.53808,35.50447],[139.53816,35.50441],[139.53819,35.50426],[139.53831,35.50412],[139.53854,35.50402],[139.53883,35.50398],[139.53903,35.50406],[139.53921,35.50435],[139.53943,35.50454],[139.54021,35.50482],[139.54037,35.50502],[139.54043,35.50531],[139.54064,35.50544],[139.541,35.50547],[139.54136,35.50541],[139.54165,35.50525],[139.54193,35.50497],[139.54221,35.50489],[139.5425,35.50503],[139.5426,35.50533],[139.54269,35.50541],[139.54295,35.50547],[139.54333,35.50549],[139.54363,35.50559],[139.54376,35.5057],[139.54394,35.506],[139.54406,35.50609],[139.54466,35.5062],[139.54477,35.50631],[139.54484,35.50652],[139.54496,35.5066],[139.54579,35.50687],[139.54625,35.50714],[139.54663,35.50752],[139.54681,35.50796],[139.54733,35.50835],[139.54785,35.50856],[139.54828,35.50867],[139.54929,35.50882],[139.54981,35.50903],[139.54991,35.50913],[139.55001,35.50937],[139.54999,35.50964],[139.54991,35.50987],[139.54965,35.51013],[139.5491,35.51042],[139.54902,35.51054],[139.54903,35.51065],[139.54922,35.51083],[139.54996,35.51097],[139.55047,35.51129],[139.55075,35.51166],[139.55085,35.51219],[139.55093,35.51234],[139.55109,35.51244],[139.55157,35.5125],[139.55187,35.51263],[139.55202,35.51282],[139.5522,35.51339],[139.55157,35.51376],[139.55135,35.51397],[139.55115,35.51429],[139.55093,35.51441],[139.55038,35.5145],[139.54936,35.51454],[139.55029,35.51474],[139.55047,35.51483],[139.55054,35.51493],[139.55044,35.5152],[139.5498,35.51582],[139.54964,35.51609],[139.54954,35.51659],[139.54959,35.51697],[139.54971,35.51731],[139.55002,35.51764],[139.55031,35.51776],[139.55076,35.51787],[139.55096,35.51798],[139.55106,35.51811],[139.55108,35.51827],[139.55101,35.51851],[139.55058,35.51888],[139.55094,35.51884],[139.55237,35.51853],[139.55288,35.51849],[139.55297,35.51851],[139.55304,35.51865],[139.55317,35.51873],[139.55464,35.51887],[139.55503,35.519],[139.55527,35.51916],[139.55532,35.51929],[139.55512,35.51942],[139.55499,35.5196],[139.55485,35.52033],[139.55456,35.52057],[139.55439,35.52094],[139.55421,35.52213],[139.55422,35.52255],[139.55431,35.52286],[139.55446,35.52306],[139.55485,35.52334],[139.55492,35.52356],[139.555,35.52362],[139.55531,35.52358],[139.5562,35.52328],[139.55657,35.52328],[139.5567,35.52338],[139.55691,35.5237],[139.55735,35.52384],[139.55742,35.52408],[139.55758,35.52425],[139.5584,35.5247],[139.55849,35.52481],[139.55855,35.52507],[139.55887,35.52529],[139.55894,35.52542],[139.55889,35.52628],[139.55898,35.52637],[139.55933,35.52635],[139.55947,35.52645],[139.55956,35.52668],[139.55964,35.52746],[139.55985,35.52775],[139.56003,35.52785],[139.5605,35.52795],[139.56172,35.52792],[139.56214,35.52796],[139.5624,35.52806],[139.56259,35.52832],[139.56269,35.52834],[139.56302,35.52806],[139.5633,35.52793],[139.56422,35.52797],[139.56436,35.52791],[139.56457,35.52772],[139.5651,35.52762],[139.56549,35.52762],[139.56588,35.52774],[139.56606,35.52787],[139.56639,35.52825],[139.56711,35.52969],[139.56726,35.5299],[139.56758,35.5302],[139.56791,35.53033],[139.5684,35.53039],[139.56868,35.53054],[139.56893,35.53077],[139.56926,35.53123],[139.56969,35.53152],[139.57004,35.53159],[139.57079,35.53153],[139.57115,35.53158],[139.57158,35.5319],[139.57228,35.53211],[139.57249,35.53223],[139.57254,35.53239],[139.57243,35.53254],[139.57165,35.5328],[139.57118,35.5331],[139.57091,35.53342],[139.57091,35.53361],[139.57098,35.5337],[139.57125,35.53385],[139.57228,35.53414],[139.57277,35.53436],[139.57289,35.53448],[139.57294,35.53468],[139.57273,35.53507],[139.57272,35.53519],[139.57281,35.53526],[139.57327,35.53531],[139.57357,35.5354],[139.5737,35.53552],[139.57386,35.53578],[139.57393,35.53517],[139.57403,35.53487],[139.57419,35.53469],[139.57449,35.53462],[139.57477,35.53476],[139.57513,35.53524],[139.57535,35.53545],[139.57582,35.53573],[139.57621,35.53591],[139.57656,35.53599],[139.5767,35.53599],[139.57692,35.53591],[139.57706,35.53571],[139.57728,35.53518],[139.57739,35.5351],[139.57759,35.53506],[139.57773,35.53497],[139.57794,35.53471],[139.57829,35.53411],[139.57874,35.5337],[139.57885,35.53332],[139.5789,35.53252],[139.57909,35.5321],[139.57933,35.53196],[139.57981,35.53191],[139.58007,35.53184],[139.58033,35.53163],[139.58046,35.53132],[139.58068,35.53108],[139.58095,35.53096],[139.58164,35.53081],[139.58184,35.53011],[139.58203,35.52988],[139.58246,35.52977],[139.58303,35.52979],[139.5832,35.52974],[139.58346,35.5295],[139.58364,35.52909],[139.58373,35.52851],[139.58388,35.52801],[139.58399,35.52782],[139.58429,35.52755],[139.58448,35.52747],[139.58535,35.52739],[139.58565,35.52729],[139.58585,35.52714],[139.58602,35.52683],[139.5863,35.52667],[139.58705,35.52655],[139.5881,35.52653],[139.58881,35.52647],[139.58905,35.52639],[139.58915,35.52616],[139.58928,35.5261],[139.58956,35.52613],[139.58964,35.52624],[139.58966,35.52639],[139.58978,35.5265],[139.59037,35.52658],[139.5905,35.52665],[139.59071,35.52686],[139.59076,35.52654],[139.59088,35.52642],[139.59153,35.52645],[139.59184,35.52632],[139.59215,35.5261],[139.5925,35.52604],[139.59289,35.52617],[139.59325,35.52641],[139.59345,35.52662],[139.59356,35.52689],[139.59408,35.52664],[139.59441,35.52663],[139.5948,35.52672],[139.59499,35.52685],[139.59511,35.52703],[139.5952,35.52754],[139.59529,35.52767],[139.59559,35.5279],[139.59606,35.52811],[139.59728,35.52846],[139.59785,35.52871],[139.59803,35.52888],[139.5981,35.52911],[139.59804,35.52928],[139.59776,35.52946],[139.59764,35.5297],[139.59765,35.52995],[139.59785,35.53024],[139.59841,35.53067],[139.59887,35.5309],[139.59926,35.53098],[139.59959,35.53094],[139.60006,35.53111],[139.60092,35.53173],[139.60154,35.53238],[139.60164,35.53262],[139.6016,35.5328],[139.60138,35.53311],[139.60093,35.53341],[139.60078,35.53356],[139.60069,35.53374],[139.60065,35.53405],[139.6007,35.53425],[139.60091,35.53446],[139.60151,35.53465],[139.60177,35.53482],[139.60191,35.53506],[139.6019,35.53525],[139.60169,35.53558],[139.60109,35.5361],[139.60058,35.53637],[139.60028,35.53635],[139.60015,35.53648],[139.60009,35.53701],[139.60017,35.53741],[139.60036,35.53766],[139.60065,35.53777],[139.60084,35.53795],[139.60092,35.53822],[139.60089,35.53844],[139.6007,35.53865],[139.60046,35.53872],[139.59999,35.53875],[139.59986,35.5388],[139.59966,35.53898],[139.59956,35.53925],[139.59948,35.53996],[139.59936,35.54023],[139.59917,35.54043],[139.5988,35.54063],[139.59865,35.54081],[139.59862,35.54119],[139.59878,35.5418],[139.59876,35.54192],[139.59863,35.5421],[139.59772,35.54238],[139.59762,35.54247],[139.59752,35.54271],[139.59723,35.54278],[139.59703,35.54277],[139.59676,35.54267],[139.59639,35.54232],[139.59614,35.54217],[139.59586,35.5421],[139.59566,35.54212],[139.59547,35.54231],[139.59536,35.54301],[139.59531,35.54313],[139.59513,35.54329],[139.59484,35.54336],[139.59397,35.54332],[139.59367,35.54345],[139.59353,35.54367],[139.59331,35.5438],[139.5931,35.54381],[139.59271,35.54376],[139.5925,35.54379],[139.59228,35.54397],[139.59209,35.54436],[139.59193,35.54449],[139.59172,35.54456],[139.59133,35.54456],[139.59108,35.5445],[139.59099,35.54442],[139.59096,35.54427],[139.59089,35.5442],[139.59055,35.54426],[139.5902,35.54427],[139.58897,35.54414],[139.58734,35.54386],[139.58698,35.54375],[139.58657,35.54353],[139.5863,35.54352],[139.58599,35.54357],[139.58576,35.54354],[139.58552,35.54344],[139.58498,35.54307],[139.5847,35.543],[139.58443,35.54306],[139.58415,35.54325],[139.58379,35.54365],[139.58355,35.54408],[139.58354,35.54433],[139.58366,35.54446],[139.58428,35.54442],[139.58444,35.54474],[139.58487,35.54485],[139.58547,35.54536],[139.58581,35.54545],[139.58654,35.54553],[139.58672,35.54561],[139.58693,35.54578],[139.5871,35.54613],[139.58707,35.54644],[139.58691,35.54661],[139.58646,35.54679],[139.58625,35.54696],[139.5861,35.54727],[139.58611,35.54746],[139.5865,35.54777],[139.5866,35.5481],[139.58692,35.54819],[139.58701,35.54827],[139.58718,35.54916],[139.58737,35.54943],[139.58779,35.54974],[139.58788,35.54988],[139.58797,35.55025],[139.58818,35.55034],[139.58867,35.55028],[139.58901,35.55029],[139.58919,35.55035],[139.58939,35.55052],[139.58948,35.55075],[139.5894,35.55126],[139.58945,35.5515],[139.58957,35.55161],[139.59004,35.55183],[139.59016,35.55209],[139.59032,35.55205],[139.59081,35.55173],[139.59117,35.55164],[139.59143,35.55166],[139.59191,35.55179],[139.5923,35.5521],[139.59251,35.55206],[139.59291,35.55179],[139.59316,35.55171],[139.59344,35.5517],[139.59393,35.55182],[139.59421,35.55183],[139.59432,35.5518],[139.59447,35.55162],[139.59455,35.55095],[139.59471,35.55058],[139.59495,35.55046],[139.59564,35.55044],[139.5957,35.54928],[139.59583,35.54903],[139.59601,35.54892],[139.59609,35.54881],[139.59611,35.54866],[139.59602,35.54806],[139.59617,35.54776],[139.59631,35.54766],[139.59655,35.54759],[139.59712,35.54766],[139.59727,35.54765],[139.59751,35.54744],[139.59773,35.54737],[139.59833,35.54743],[139.59862,35.54742],[139.59876,35.54736],[139.59902,35.54711],[139.59934,35.54704],[139.59945,35.54692],[139.59955,35.5467],[139.59971,35.546],[139.5999,35.54557],[139.60006,35.54537],[139.60052,35.54505],[139.60087,35.54452],[139.60108,35.5444],[139.60146,35.54437],[139.60189,35.54451],[139.60219,35.54481],[139.60229,35.54528],[139.60245,35.54547],[139.60328,35.54575],[139.60412,35.54625],[139.60437,35.54624],[139.60459,35.5461],[139.60483,35.54603],[139.6054,35.5461],[139.60555,35.54608],[139.606,35.54573],[139.60634,35.54563],[139.60674,35.54558],[139.6071,35.54562],[139.60788,35.54591],[139.60874,35.546],[139.6089,35.54606],[139.60909,35.54626],[139.60931,35.54637],[139.6099,35.5464],[139.61007,35.54637],[139.61015,35.5463],[139.61008,35.54605],[139.6101,35.54597],[139.61046,35.54571],[139.61056,35.54528],[139.61065,35.54514],[139.61091,35.545],[139.61128,35.54489],[139.61146,35.54472],[139.61145,35.54454],[139.61129,35.54422],[139.61124,35.54395],[139.61129,35.5438],[139.61147,35.54361],[139.61154,35.54345],[139.61156,35.54324],[139.6115,35.54272],[139.61158,35.54247],[139.61178,35.54225],[139.61249,35.54189],[139.61288,35.54157],[139.61301,35.54132],[139.61308,35.54082],[139.61317,35.54066],[139.61331,35.54057],[139.61361,35.54058],[139.61382,35.54066],[139.61413,35.54093],[139.61443,35.5413],[139.61466,35.54144],[139.61477,35.54137],[139.615,35.54093],[139.61515,35.54083],[139.61533,35.54079],[139.61576,35.54086],[139.616,35.54109],[139.61616,35.54115],[139.61652,35.54116],[139.61701,35.5411],[139.61745,35.54114],[139.6177,35.54124],[139.6182,35.54159],[139.61852,35.54169],[139.61865,35.54168],[139.61882,35.54159],[139.61902,35.54124],[139.61916,35.54112],[139.61935,35.54112],[139.61953,35.54121],[139.61963,35.54134],[139.61969,35.54158],[139.61985,35.54162],[139.62012,35.54157],[139.62035,35.54146],[139.62047,35.54133],[139.62053,35.54109],[139.62072,35.54102],[139.62095,35.54106],[139.62112,35.54147],[139.62127,35.54157],[139.62146,35.54161],[139.62156,35.54153],[139.62161,35.54117],[139.62172,35.541],[139.62197,35.54087],[139.62231,35.5408],[139.62251,35.54081],[139.62263,35.54086],[139.62294,35.54132],[139.62314,35.54144],[139.62354,35.54146],[139.62389,35.54134],[139.62441,35.54097],[139.62461,35.54079],[139.62471,35.54062],[139.62442,35.5405],[139.62399,35.54006],[139.62353,35.53937],[139.62344,35.53915],[139.62344,35.53902],[139.62371,35.53896],[139.62383,35.5387],[139.62398,35.53866],[139.62526,35.53885],[139.6254,35.53885],[139.62557,35.53877],[139.62561,35.53861],[139.62555,35.53811],[139.6258,35.53719],[139.62577,35.53696],[139.62559,35.53681],[139.62528,35.53675],[139.62489,35.53676],[139.62459,35.53683],[139.62429,35.53704],[139.6241,35.53745],[139.6239,35.53766],[139.62361,35.53777],[139.62324,35.53778],[139.62301,35.53767],[139.62283,35.53749],[139.62272,35.53728],[139.62269,35.53696],[139.62261,35.53681],[139.62218,35.53668],[139.62184,35.53636],[139.62177,35.53619],[139.62182,35.53594],[139.62207,35.53569],[139.62238,35.5355],[139.62269,35.5354],[139.62315,35.53535],[139.62359,35.53502],[139.62391,35.53508],[139.62405,35.53507],[139.62419,35.535],[139.62449,35.53471],[139.62478,35.5346],[139.62556,35.53451],[139.62712,35.5345],[139.63182,35.53437],[139.63368,35.53436],[139.63544,35.53444],[139.63671,35.53458],[139.63777,35.53459],[139.63981,35.53444],[139.64301,35.53407],[139.64487,35.53395],[139.64581,35.53395],[139.64654,35.53401],[139.64712,35.53411],[139.64757,35.53423],[139.64788,35.53438],[139.64815,35.53463],[139.64831,35.53488],[139.64834,35.53514],[139.64829,35.5353],[139.64817,35.53544],[139.6476,35.53575],[139.64734,35.53598],[139.64726,35.53617],[139.64726,35.53649],[139.64734,35.53666],[139.6475,35.53679],[139.64798,35.53696],[139.64817,35.5371],[139.64832,35.53745],[139.64832,35.53793],[139.64823,35.53821],[139.64808,35.53846],[139.6476,35.53882],[139.64742,35.53904],[139.64743,35.53917],[139.64764,35.53947],[139.64769,35.53989],[139.64763,35.5405],[139.64742,35.54105],[139.64731,35.54119],[139.64699,35.54143],[139.64612,35.54174],[139.64607,35.54214],[139.6457,35.5424],[139.6456,35.54262],[139.64557,35.54292],[139.6456,35.54302],[139.64575,35.54318],[139.6462,35.5433],[139.64706,35.5433],[139.64756,35.54317],[139.64783,35.54291],[139.64815,35.54288],[139.64836,35.54308],[139.64863,35.54365],[139.64887,35.54383],[139.64915,35.54394],[139.64925,35.54405],[139.64923,35.54429],[139.64905,35.54469],[139.64916,35.54486],[139.64936,35.5449],[139.64983,35.54486],[139.64999,35.54479],[139.65031,35.54452],[139.65087,35.54445],[139.65121,35.54449],[139.65137,35.54456],[139.65163,35.5449],[139.65198,35.54491],[139.65212,35.54497],[139.6524,35.54537],[139.65259,35.54556],[139.65308,35.54587],[139.65393,35.5463],[139.6542,35.54651],[139.65435,35.54669],[139.65447,35.5471],[139.65487,35.54722],[139.65524,35.54775],[139.65585,35.54807],[139.65584,35.54821],[139.65561,35.54844],[139.65551,35.54865],[139.65548,35.54889],[139.65553,35.54906],[139.65566,35.54911],[139.65588,35.54906],[139.65624,35.5492],[139.65696,35.54973],[139.65728,35.55008],[139.65754,35.55063],[139.65752,35.55168],[139.65759,35.55172],[139.65785,35.55158],[139.65806,35.55163],[139.65832,35.55191],[139.65842,35.5522],[139.65839,35.55232],[139.65827,35.55246],[139.65811,35.5525],[139.65781,35.55244],[139.65771,35.55257],[139.65768,35.55286],[139.65773,35.55317],[139.65809,35.55386],[139.65804,35.55392],[139.65779,35.55395],[139.65764,35.55403],[139.65752,35.55418],[139.65752,35.55433],[139.65768,35.55444],[139.65795,35.55455],[139.65807,35.55467],[139.65812,35.55497],[139.65806,35.55536],[139.65819,35.55566],[139.6584,35.55579],[139.65902,35.55594],[139.65924,35.55608],[139.65939,35.55625],[139.65966,35.55677],[139.66,35.5569],[139.66,35.55707],[139.65975,35.55759],[139.65974,35.55782],[139.65979,35.55804],[139.65998,35.55837],[139.66023,35.55861],[139.66051,35.55876],[139.66079,35.55881],[139.66105,35.55874],[139.66113,35.55863],[139.66116,35.55849],[139.66107,35.55837],[139.66082,35.55822],[139.66062,35.55792],[139.66053,35.5576],[139.66062,35.55729],[139.66079,35.5571],[139.66117,35.55684],[139.66147,35.55656],[139.66184,35.55588],[139.66208,35.55575],[139.66236,35.55573],[139.66256,35.55566],[139.66262,35.55559],[139.66263,35.55543],[139.66251,35.55531],[139.66226,35.55527],[139.66215,35.5552],[139.662,35.55499],[139.6618,35.5545],[139.6617,35.55437],[139.6614,35.55417],[139.66135,35.55396],[139.66142,35.55365],[139.6614,35.55349],[139.66134,35.55344],[139.66114,35.5534],[139.66027,35.55356],[139.65996,35.55347],[139.65988,35.55331],[139.65985,35.553],[139.65976,35.55285],[139.65961,35.55274],[139.65924,35.55259],[139.65903,35.55237],[139.6589,35.55207],[139.65893,35.55175],[139.65915,35.55147],[139.65979,35.55099],[139.65995,35.55064],[139.66021,35.55052],[139.66082,35.55039],[139.66105,35.5503],[139.6612,35.55018],[139.66129,35.54987],[139.66137,35.54978],[139.66153,35.54973],[139.66202,35.54979],[139.66223,35.54976],[139.66239,35.54965],[139.66258,35.54927],[139.66274,35.54914],[139.66296,35.54907],[139.6636,35.54911],[139.66412,35.54904],[139.66463,35.54881],[139.66519,35.5484],[139.66539,35.54817],[139.6654,35.548],[139.66528,35.54786],[139.66485,35.54768],[139.66471,35.54756],[139.66462,35.54737],[139.66458,35.54699],[139.66465,35.54674],[139.66491,35.54645],[139.66564,35.54613],[139.66594,35.54591],[139.66597,35.5458],[139.66591,35.54567],[139.66554,35.54557],[139.66547,35.54549],[139.66542,35.5453],[139.6655,35.54495],[139.66586,35.54467],[139.66581,35.54413],[139.66597,35.54403],[139.66653,35.54395],[139.6669,35.54373],[139.66704,35.54371],[139.66727,35.54383],[139.66762,35.54425],[139.668,35.54341],[139.6683,35.54313],[139.66867,35.54302],[139.66889,35.54299],[139.66989,35.54305],[139.67041,35.54301],[139.67093,35.54275],[139.6715,35.54264],[139.67166,35.54242],[139.67184,35.54179],[139.67192,35.54116],[139.67193,35.54059],[139.67185,35.54016],[139.67168,35.53987],[139.67114,35.53953],[139.67105,35.53931],[139.67112,35.53906],[139.6711,35.53893],[139.67101,35.53882],[139.67066,35.53868],[139.67043,35.5385],[139.67027,35.53823],[139.67021,35.53793],[139.67026,35.53776],[139.67048,35.5377],[139.67056,35.53761],[139.67051,35.53681],[139.67067,35.53643],[139.6714,35.53571],[139.67155,35.53531],[139.67171,35.53525],[139.67205,35.53524],[139.67208,35.53471],[139.6723,35.53437],[139.67252,35.53423],[139.67268,35.53419],[139.67317,35.53426],[139.6734,35.53422],[139.67351,35.53412],[139.67374,35.53375],[139.67398,35.5336],[139.67441,35.53343],[139.67453,35.5333],[139.67454,35.53319],[139.67446,35.53308],[139.67428,35.53296],[139.67343,35.53267],[139.67317,35.53248],[139.67303,35.53224],[139.67305,35.53163],[139.67292,35.53128],[139.67271,35.53113],[139.6721,35.53099],[139.67179,35.53086],[139.67163,35.53071],[139.67165,35.53057],[139.67191,35.53032],[139.67284,35.52971],[139.67323,35.52934],[139.6736,35.52888],[139.67449,35.52758],[139.67527,35.52677],[139.67587,35.52633],[139.67622,35.52617],[139.67654,35.5261],[139.67694,35.52615],[139.67712,35.52611],[139.67711,35.52601],[139.67691,35.52568],[139.6769,35.52552],[139.67695,35.52535],[139.67713,35.52507],[139.67726,35.52459],[139.67737,35.523],[139.67745,35.52279],[139.67752,35.52275],[139.67787,35.52286],[139.67758,35.5219],[139.67742,35.52175],[139.67722,35.5217],[139.67709,35.52148],[139.67704,35.52104],[139.67707,35.52052],[139.67717,35.52022],[139.67729,35.52015],[139.67754,35.52022],[139.6776,35.52045],[139.67768,35.52052],[139.67814,35.52045],[139.67871,35.52067],[139.67898,35.52072],[139.67921,35.52063],[139.67933,35.52051],[139.67936,35.52036],[139.67931,35.52019],[139.67883,35.51957],[139.6787,35.51928],[139.67879,35.51907],[139.67914,35.519],[139.67933,35.51888],[139.67944,35.5187],[139.6795,35.51841],[139.67953,35.51782],[139.67949,35.51746],[139.67934,35.51686],[139.67902,35.516],[139.67909,35.51566],[139.67939,35.5154],[139.67963,35.5153],[139.68065,35.51508],[139.68155,35.51483],[139.68388,35.51399],[139.68625,35.51297],[139.68735,35.51239],[139.68792,35.51194],[139.68836,35.51139],[139.68883,35.51046],[139.68901,35.50974],[139.689,35.50909],[139.6888,35.50849],[139.68857,35.50812],[139.68828,35.50775],[139.68771,35.50723],[139.68708,35.50686],[139.68616,35.50645],[139.68494,35.50599],[139.68343,35.5055],[139.68201,35.5049],[139.68082,35.5042],[139.68031,35.5038],[139.67946,35.50293],[139.6788,35.50199],[139.67808,35.50071],[139.67777,35.49994],[139.67755,35.49892],[139.6775,35.49797],[139.67761,35.49708],[139.67791,35.49606],[139.67872,35.49448],[139.67951,35.49197],[139.67988,35.49105],[139.68011,35.49077],[139.68022,35.49073],[139.68054,35.49079],[139.6809,35.49074],[139.6813,35.49061],[139.6815,35.49045],[139.68161,35.49011],[139.68144,35.4895],[139.68143,35.48925],[139.68152,35.48907],[139.68161,35.489],[139.68197,35.48889],[139.68214,35.48878],[139.68222,35.48863],[139.68219,35.48833],[139.68223,35.48816],[139.68244,35.48809],[139.6826,35.48808],[139.68377,35.48822],[139.68411,35.48813],[139.68433,35.48793],[139.68453,35.48733],[139.68479,35.48699],[139.68517,35.48678],[139.68542,35.48672],[139.68563,35.48673],[139.68589,35.48688],[139.68606,35.48717],[139.68611,35.48755],[139.68605,35.48834],[139.68616,35.48863],[139.68638,35.48889],[139.68687,35.48923],[139.68743,35.4895],[139.68823,35.48977],[139.68832,35.48977],[139.68833,35.48976],[139.68906,35.48794],[139.68899,35.48791],[139.68907,35.48793],[139.68941,35.4871],[139.68931,35.48706],[139.68943,35.48704],[139.69018,35.48518],[139.69286,35.48268],[139.6928,35.48141],[139.68949,35.47891],[139.68657,35.47898],[139.68699,35.47901],[139.68647,35.4798],[139.68583,35.47952],[139.6858,35.47945],[139.68577,35.47949],[139.68469,35.47902],[139.68439,35.47911],[139.68177,35.47836],[139.68214,35.47747],[139.68181,35.47318],[139.68171,35.47306],[139.68177,35.47289],[139.68076,35.4726],[139.68068,35.47278],[139.67761,35.4719],[139.67763,35.47184],[139.67567,35.47135],[139.67566,35.47046],[139.67593,35.46921],[139.6756,35.47045],[139.67497,35.47012],[139.67485,35.47013],[139.67459,35.46957],[139.66842,35.46783],[139.66831,35.46789],[139.6679,35.47356],[139.668,35.47369],[139.67314,35.47513],[139.67304,35.47655],[139.67236,35.47731],[139.67234,35.47764],[139.67132,35.47761],[139.66957,35.48046],[139.67,35.4815],[139.67464,35.48338],[139.67423,35.48417],[139.67417,35.48415],[139.67396,35.4845],[139.67363,35.48436],[139.67369,35.48427],[139.67355,35.48419],[139.67337,35.48416],[139.67363,35.48427],[139.67359,35.48435],[139.67267,35.48397],[139.67274,35.48386],[139.67285,35.48389],[139.67259,35.48379],[139.67268,35.48384],[139.67262,35.48395],[139.67123,35.48338],[139.67132,35.48322],[139.67101,35.48308],[139.67099,35.48313],[139.67125,35.48324],[139.67118,35.48336],[139.66853,35.48228],[139.66768,35.4836],[139.6674,35.48347],[139.66733,35.48355],[139.66704,35.48342],[139.66707,35.48336],[139.66597,35.48282],[139.66747,35.48034],[139.66765,35.48041],[139.66769,35.48033],[139.66752,35.48026],[139.66764,35.48007],[139.66781,35.48014],[139.66805,35.47975],[139.66788,35.47968],[139.66836,35.47888],[139.6685,35.47894],[139.66864,35.47873],[139.66849,35.47867],[139.66919,35.47753],[139.66783,35.47742],[139.66784,35.47724],[139.66792,35.47724],[139.66785,35.47715],[139.66763,35.47714],[139.66763,35.47721],[139.66778,35.47722],[139.66777,35.47742],[139.66093,35.47709],[139.66097,35.47692],[139.66154,35.47695],[139.66155,35.47686],[139.66045,35.47681],[139.66044,35.4769],[139.66085,35.47691],[139.66086,35.47709],[139.66004,35.47705],[139.66005,35.47706],[139.66012,35.4773],[139.66059,35.47778],[139.66069,35.47799],[139.66068,35.47835],[139.66037,35.47922],[139.66026,35.48025],[139.66019,35.4804],[139.66007,35.48047],[139.65993,35.4805],[139.65975,35.48068],[139.65914,35.48173],[139.65895,35.48196],[139.65871,35.48214],[139.65842,35.48226],[139.65807,35.48233],[139.65723,35.48231],[139.65618,35.48208],[139.65499,35.4817],[139.65475,35.48158],[139.6545,35.48138],[139.65449,35.48129],[139.65456,35.4812],[139.65482,35.48099],[139.65504,35.48089],[139.65553,35.48074],[139.65566,35.48063],[139.65562,35.48039],[139.65536,35.48006],[139.65524,35.4798],[139.65519,35.47935],[139.65524,35.47902],[139.65536,35.4787],[139.65567,35.47828],[139.65614,35.47792],[139.65663,35.47767],[139.65708,35.47755],[139.65783,35.47746],[139.65846,35.47713],[139.65912,35.47699],[139.65944,35.47695],[139.65946,35.47679],[139.65938,35.47673],[139.65645,35.47659],[139.65638,35.47663],[139.65638,35.47687],[139.65406,35.47678],[139.65399,35.47675],[139.65403,35.47665],[139.6539,35.47664],[139.65264,35.47868],[139.65286,35.47873],[139.65175,35.48054],[139.65189,35.48075],[139.65145,35.48152],[139.64938,35.48077],[139.64931,35.48084],[139.64927,35.48111],[139.64939,35.48126],[139.64978,35.48143],[139.65039,35.48156],[139.65128,35.48162],[139.65143,35.48168],[139.6515,35.48178],[139.65148,35.48191],[139.65128,35.48227],[139.65038,35.48355],[139.65032,35.4838],[139.65042,35.48383],[139.6505,35.4838],[139.65068,35.48364],[139.65143,35.48247],[139.65184,35.482],[139.65212,35.48184],[139.65252,35.48181],[139.65295,35.48191],[139.65333,35.48213],[139.65385,35.48232],[139.65712,35.48318],[139.65842,35.4836],[139.65885,35.48385],[139.65893,35.48401],[139.65893,35.48429],[139.65922,35.48391],[139.65938,35.48385],[139.65957,35.48386],[139.65965,35.48395],[139.65967,35.48411],[139.65961,35.48461],[139.65965,35.48474],[139.65985,35.48497],[139.66021,35.48518],[139.66098,35.48545],[139.66144,35.48567],[139.66201,35.48608],[139.66269,35.48679],[139.66304,35.48698],[139.66339,35.48706],[139.66344,35.48718],[139.66339,35.48743],[139.66305,35.48813],[139.66352,35.48775],[139.66378,35.4876],[139.66399,35.48755],[139.66419,35.48756],[139.6644,35.48763],[139.66486,35.48791],[139.66567,35.4886],[139.6665,35.48914],[139.66705,35.48938],[139.66836,35.48974],[139.66853,35.48986],[139.66858,35.49],[139.66873,35.48995],[139.66918,35.48953],[139.66942,35.48946],[139.66974,35.48945],[139.67068,35.48964],[139.672,35.4901],[139.67369,35.49082],[139.67447,35.49122],[139.67512,35.49162],[139.67565,35.49203],[139.67607,35.49244],[139.67636,35.49285],[139.67653,35.49327],[139.67658,35.49368],[139.67628,35.49508],[139.676,35.49561],[139.67567,35.49578],[139.67565,35.49586],[139.67599,35.49617],[139.67613,35.49651],[139.67625,35.49736],[139.6763,35.49896],[139.67645,35.50001],[139.67672,35.50091],[139.67718,35.50184],[139.67788,35.5029],[139.67877,35.50403],[139.67935,35.50465],[139.68015,35.5053],[139.68064,35.50556],[139.68157,35.50592],[139.68429,35.50674],[139.68515,35.50704],[139.68618,35.50752],[139.6867,35.50785],[139.68691,35.50804],[139.68709,35.50825],[139.68736,35.50874],[139.68745,35.50902],[139.68754,35.50963],[139.68746,35.51079],[139.68734,35.51118],[139.68717,35.51144],[139.68688,35.51164],[139.68584,35.51215],[139.68259,35.51349],[139.68135,35.51393],[139.68034,35.51423],[139.67866,35.51455],[139.67789,35.51493],[139.67723,35.51553],[139.67673,35.51633],[139.67643,35.51733],[139.67621,35.51898],[139.6761,35.51932],[139.67598,35.51947],[139.67568,35.51941],[139.6752,35.51909],[139.67492,35.51879],[139.67478,35.51847],[139.67452,35.51847],[139.67391,35.51865],[139.67346,35.51888],[139.67315,35.51917],[139.67272,35.51924],[139.67253,35.51919],[139.67235,35.51907],[139.67197,35.51848],[139.67174,35.51829],[139.67145,35.51817],[139.6707,35.5181],[139.67027,35.51797],[139.67004,35.51772],[139.66997,35.5174],[139.67003,35.51715],[139.67023,35.51691],[139.67022,35.51681],[139.67009,35.51673],[139.66952,35.5166],[139.6693,35.51651],[139.66917,35.51632],[139.66919,35.516],[139.66905,35.51585],[139.66775,35.51534],[139.66753,35.51519],[139.66714,35.51481],[139.66658,35.51457],[139.66646,35.51447],[139.66641,35.51428],[139.66648,35.51404],[139.66647,35.51385],[139.66614,35.51359],[139.6662,35.51319],[139.66594,35.51312],[139.66587,35.513],[139.66585,35.51278],[139.66593,35.51191],[139.66583,35.51149],[139.66568,35.51128],[139.66529,35.51102],[139.66512,35.51098],[139.66483,35.51103],[139.66469,35.511],[139.66456,35.5109],[139.66435,35.51061],[139.66428,35.51032],[139.66433,35.50973],[139.66458,35.50895],[139.6648,35.50849],[139.66516,35.50807],[139.66542,35.50797],[139.66576,35.50793],[139.66586,35.50786],[139.66585,35.50774],[139.66568,35.50749],[139.66563,35.50725],[139.66569,35.50678],[139.66588,35.50607],[139.66583,35.50573],[139.66569,35.50561],[139.66542,35.50556],[139.66526,35.5056],[139.66522,35.50574],[139.66513,35.50583],[139.66477,35.50592],[139.66414,35.50594],[139.66392,35.50591],[139.66357,35.50579],[139.66343,35.50569],[139.66323,35.50542],[139.66309,35.50487],[139.66283,35.50447],[139.66257,35.50431],[139.66194,35.50415],[139.66169,35.50404],[139.66148,35.50391],[139.66113,35.50356],[139.66099,35.50348],[139.66066,35.50341],[139.6605,35.50324],[139.66033,35.50284],[139.66016,35.50265],[139.65989,35.50249],[139.65915,35.50223],[139.65885,35.50206],[139.65855,35.50173],[139.65842,35.50134],[139.65824,35.50108],[139.65808,35.50099],[139.65771,35.50093],[139.65756,35.50076],[139.65752,35.50046],[139.65762,35.5001],[139.65778,35.49985],[139.65842,35.49905],[139.65851,35.49884],[139.6585,35.49865],[139.65842,35.49849],[139.65816,35.49836],[139.6579,35.49835],[139.65728,35.49842],[139.65697,35.49837],[139.65685,35.49829],[139.65679,35.49811],[139.65684,35.4979],[139.65714,35.4974],[139.65716,35.49724],[139.65707,35.4969],[139.65709,35.49668],[139.65752,35.4961],[139.6578,35.49511],[139.65746,35.49512],[139.65734,35.49517],[139.65722,35.49557],[139.65695,35.49576],[139.65595,35.49595],[139.65546,35.49613],[139.65526,35.4963],[139.65505,35.49671],[139.65486,35.49686],[139.6546,35.49697],[139.65396,35.49713],[139.6536,35.49739],[139.65315,35.4981],[139.65294,35.49831],[139.65274,35.49843],[139.65265,35.49855],[139.65251,35.49943],[139.65238,35.49959],[139.65219,35.49962],[139.65212,35.49969],[139.65216,35.50022],[139.65203,35.50041],[139.65191,35.5005],[139.65132,35.50071],[139.65054,35.50084],[139.64992,35.50088],[139.64933,35.50082],[139.64912,35.50085],[139.6489,35.50103],[139.64878,35.50133],[139.64864,35.50148],[139.64852,35.50147],[139.64825,35.50131],[139.64811,35.50129],[139.64758,35.50154],[139.64724,35.50155],[139.64684,35.50149],[139.64656,35.50152],[139.64615,35.5017],[139.64572,35.50201],[139.64541,35.50218],[139.64505,35.50231],[139.64415,35.50252],[139.64397,35.50265],[139.64394,35.50273],[139.64408,35.50313],[139.64402,35.50338],[139.64382,35.50349],[139.64311,35.50369],[139.64239,35.50411],[139.64124,35.50501],[139.64086,35.50538],[139.64066,35.50563],[139.64066,35.50577],[139.6408,35.50582],[139.641,35.50584],[139.64134,35.50577],[139.64144,35.50584],[139.6415,35.506],[139.64153,35.50658],[139.6416,35.5069],[139.6417,35.50701],[139.64195,35.50705],[139.64215,35.50718],[139.6424,35.50772],[139.64252,35.50824],[139.64251,35.50854],[139.64243,35.50866],[139.64212,35.50888],[139.64201,35.50921],[139.64169,35.5093],[139.6416,35.50939],[139.64152,35.50965],[139.64151,35.50992],[139.64156,35.5102],[139.64168,35.51048],[139.64244,35.51142],[139.64259,35.51174],[139.64261,35.51192],[139.64235,35.51243],[139.64148,35.51342],[139.64098,35.51384],[139.64071,35.51398],[139.64041,35.51403],[139.64033,35.51412],[139.64041,35.51438],[139.64075,35.51491],[139.64091,35.51525],[139.64095,35.51552],[139.64088,35.51566],[139.64062,35.51578],[139.64002,35.51583],[139.63965,35.51595],[139.6395,35.51611],[139.63936,35.51643],[139.6392,35.51662],[139.63898,35.51678],[139.63851,35.51697],[139.63823,35.51714],[139.63797,35.51756],[139.63791,35.51795],[139.63793,35.51839],[139.63806,35.51879],[139.63829,35.51915],[139.63901,35.51974],[139.63936,35.52017],[139.63944,35.52045],[139.6394,35.52097],[139.63948,35.52115],[139.63965,35.52128],[139.64012,35.52143],[139.64033,35.5216],[139.64038,35.52183],[139.6403,35.52204],[139.64011,35.52219],[139.63983,35.52229],[139.63971,35.52242],[139.63965,35.52272],[139.63971,35.52298],[139.63981,35.52323],[139.63997,35.52344],[139.64018,35.52361],[139.64067,35.52385],[139.64082,35.52399],[139.64091,35.52414],[139.64098,35.52452],[139.64111,35.52467],[139.64129,35.52477],[139.64138,35.52492],[139.64132,35.52521],[139.64114,35.5254],[139.64095,35.52547],[139.64047,35.52551],[139.64029,35.52558],[139.64029,35.52565],[139.64059,35.52602],[139.64065,35.52634],[139.64039,35.52685],[139.63956,35.52786],[139.63943,35.52828],[139.63952,35.52867],[139.63964,35.52885],[139.64046,35.52952],[139.64073,35.52984],[139.64088,35.53014],[139.64093,35.53054],[139.64104,35.53072],[139.64136,35.53082],[139.642,35.53079],[139.64242,35.53091],[139.64317,35.53154],[139.64381,35.53183],[139.6439,35.53192],[139.64395,35.53212],[139.64403,35.53223],[139.64431,35.53229],[139.64443,35.53236],[139.64464,35.53278],[139.64456,35.53297],[139.64426,35.53312],[139.64404,35.53318],[139.64208,35.5334],[139.64096,35.53365],[139.63915,35.53377],[139.6354,35.53383],[139.63016,35.53381],[139.62753,35.53374],[139.62584,35.53361],[139.62534,35.53352],[139.62507,35.53342],[139.62503,35.53319],[139.62509,35.53291],[139.62525,35.53259],[139.62595,35.53171],[139.62608,35.53149],[139.6261,35.53137],[139.62593,35.53132],[139.62583,35.53123],[139.62577,35.53108],[139.62573,35.53058],[139.62553,35.53028],[139.62515,35.53011],[139.62469,35.53007],[139.62444,35.53015],[139.62435,35.53044],[139.6242,35.5306],[139.62362,35.53068],[139.62339,35.53081],[139.6231,35.53118],[139.62279,35.53187],[139.62248,35.53216],[139.62223,35.53224],[139.62178,35.53217],[139.62163,35.53201],[139.62156,35.53173],[139.62144,35.53166],[139.62099,35.53168],[139.62078,35.53181],[139.62062,35.53219],[139.62071,35.53335],[139.62066,35.53378],[139.62053,35.53393],[139.6204,35.53399],[139.61993,35.53402],[139.61952,35.53382],[139.61921,35.53353],[139.6189,35.53308],[139.61859,35.53248],[139.6183,35.53176],[139.61815,35.53122],[139.61813,35.53099],[139.6182,35.53076],[139.61811,35.53027],[139.61721,35.52794],[139.61706,35.52844],[139.61717,35.5293],[139.6177,35.53128],[139.61816,35.53268],[139.61855,35.5335],[139.61905,35.53404],[139.61923,35.53448],[139.61984,35.53495],[139.6199,35.5351],[139.61986,35.53517],[139.6195,35.53536],[139.61877,35.5355],[139.61852,35.53548],[139.61819,35.53532],[139.61805,35.53531],[139.61791,35.53539],[139.61763,35.53576],[139.61739,35.53597],[139.6172,35.53604],[139.61667,35.53613],[139.61633,35.53641],[139.61609,35.53642],[139.61569,35.53635],[139.61527,35.53643],[139.61483,35.5367],[139.61463,35.53711],[139.61395,35.53726],[139.61371,35.53747],[139.61341,35.53787],[139.61316,35.53804],[139.61286,35.53808],[139.61257,35.53803],[139.61212,35.53778],[139.61198,35.53776],[139.61177,35.53785],[139.61155,35.53807],[139.61123,35.53817],[139.61095,35.53814],[139.61062,35.53805],[139.6102,35.53781],[139.60995,35.53748],[139.6098,35.53709],[139.6096,35.53692],[139.60911,35.53681],[139.60845,35.53686],[139.60799,35.53682],[139.60784,35.53672],[139.60773,35.53633],[139.60731,35.53619],[139.60727,35.53594],[139.60766,35.53478],[139.60768,35.53459],[139.60763,35.53448],[139.60751,35.53446],[139.60728,35.53452],[139.6068,35.53484],[139.60652,35.53514],[139.60635,35.53554],[139.6062,35.53559],[139.60581,35.53555],[139.60542,35.53546],[139.60519,35.53533],[139.6051,35.53521],[139.60505,35.5349],[139.60498,35.53475],[139.60454,35.5346],[139.604,35.53392],[139.60354,35.53369],[139.60344,35.53336],[139.60336,35.53226],[139.60329,35.53206],[139.60317,35.53198],[139.60305,35.53195],[139.60298,35.53183],[139.60296,35.53146],[139.60304,35.53091],[139.60299,35.53051],[139.60287,35.53035],[139.60259,35.53023],[139.60245,35.53012],[139.60232,35.52978],[139.60237,35.52944],[139.60249,35.52921],[139.60273,35.52895],[139.60343,35.52837],[139.60296,35.52814],[139.60288,35.52789],[139.60301,35.5276],[139.60343,35.52724],[139.60274,35.52722],[139.6025,35.52711],[139.60234,35.5268],[139.60231,35.52633],[139.60223,35.52608],[139.60197,35.52584],[139.6016,35.5257],[139.60145,35.52549],[139.60143,35.52493],[139.60159,35.52414],[139.60165,35.52358],[139.6016,35.52337],[139.60136,35.52319],[139.60129,35.52306],[139.60124,35.52268],[139.60133,35.52247],[139.60154,35.5223],[139.60208,35.52209],[139.60274,35.52196],[139.60307,35.52195],[139.60332,35.52199],[139.6036,35.52216],[139.60371,35.52217],[139.604,35.52191],[139.60431,35.52184],[139.60439,35.52177],[139.60436,35.52139],[139.60409,35.52077],[139.60383,35.52039],[139.60338,35.51993],[139.60329,35.51976],[139.60328,35.5196],[139.60336,35.51923],[139.60334,35.51898],[139.6029,35.51758],[139.60299,35.51737],[139.60328,35.51731],[139.60341,35.51719],[139.60355,35.51648],[139.60367,35.51636],[139.60401,35.5162],[139.60346,35.51598],[139.60275,35.51626],[139.60237,35.51635],[139.60081,35.51649],[139.60064,35.51657],[139.60037,35.5168],[139.59947,35.51691],[139.59931,35.51697],[139.59909,35.51717],[139.59897,35.5172],[139.59835,35.51724],[139.59772,35.51722],[139.59697,35.51713],[139.5966,35.51705],[139.59551,35.51662],[139.59447,35.51594],[139.59375,35.51535],[139.59352,35.5151],[139.59351,35.51496],[139.59368,35.51486],[139.59372,35.51478],[139.5937,35.51463],[139.59362,35.51452],[139.5933,35.51435],[139.59279,35.51421],[139.59246,35.51396],[139.5922,35.51356],[139.59205,35.51312],[139.59203,35.51293],[139.59208,35.51282],[139.59239,35.51276],[139.59253,35.51265],[139.5926,35.51249],[139.5925,35.5124],[139.59226,35.51232],[139.59097,35.51207],[139.59037,35.51183],[139.58971,35.51145],[139.58946,35.51137],[139.58926,35.51138],[139.58896,35.51156],[139.5887,35.51164],[139.5884,35.51166],[139.58817,35.51158],[139.58805,35.51137],[139.58803,35.51106],[139.58796,35.51085],[139.58786,35.51078],[139.58767,35.51074],[139.58754,35.51059],[139.58748,35.51],[139.58739,35.50979],[139.58713,35.50958],[139.58665,35.50941],[139.5865,35.50925],[139.58639,35.50891],[139.58645,35.50831],[139.58671,35.50739],[139.58689,35.50705],[139.58711,35.50678],[139.5874,35.50658],[139.5882,35.50623],[139.58831,35.50612],[139.58837,35.50591],[139.58846,35.50585],[139.58916,35.50581],[139.58918,35.50524],[139.58933,35.50496],[139.58952,35.50485],[139.59003,35.50469],[139.59025,35.50456],[139.59073,35.50399],[139.5909,35.50387],[139.59108,35.5038],[139.59165,35.50371],[139.59201,35.50347],[139.59211,35.5032],[139.59202,35.50287],[139.59204,35.50262],[139.59217,35.50236],[139.59233,35.5022],[139.5926,35.50209],[139.59297,35.50202],[139.59418,35.50194],[139.59452,35.50185],[139.59474,35.50169],[139.59486,35.50138],[139.59485,35.50117],[139.59478,35.5011],[139.59459,35.50108],[139.59446,35.50101],[139.59441,35.50089],[139.59443,35.50077],[139.59467,35.5005],[139.59545,35.49992],[139.59585,35.49935],[139.59603,35.49929],[139.59631,35.49935],[139.59654,35.49954],[139.59689,35.49996],[139.59724,35.49995],[139.59738,35.49988],[139.59773,35.4992],[139.59796,35.49906],[139.59839,35.49917],[139.59904,35.49952],[139.59936,35.49964],[139.5999,35.49973],[139.60065,35.49978],[139.60091,35.49985],[139.60109,35.49997],[139.60134,35.50032],[139.60166,35.50042],[139.60195,35.50039],[139.60209,35.50032],[139.60237,35.49991],[139.60258,35.49976],[139.6029,35.49979],[139.60316,35.50006],[139.60342,35.50019],[139.60383,35.5003],[139.60428,35.50035],[139.60454,35.50031],[139.60465,35.50007],[139.60474,35.49999],[139.60517,35.49984],[139.60533,35.49987],[139.60546,35.49998],[139.60577,35.50057],[139.60589,35.50064],[139.60602,35.50066],[139.60623,35.50057],[139.60636,35.50045],[139.60657,35.50015],[139.60666,35.49993],[139.60668,35.4997],[139.60663,35.49948],[139.60637,35.49907],[139.60616,35.4989],[139.6058,35.49879],[139.60561,35.49824],[139.60535,35.49804],[139.60497,35.49788],[139.6046,35.49785],[139.6043,35.4981],[139.60387,35.49817],[139.60346,35.4981],[139.60295,35.49788],[139.60279,35.49788],[139.60261,35.49802],[139.60241,35.4984],[139.60222,35.4985],[139.60181,35.49852],[139.60148,35.49844],[139.60134,35.49836],[139.60112,35.49813],[139.60096,35.49781],[139.60087,35.49718],[139.60093,35.49687],[139.6011,35.49668],[139.60122,35.49662],[139.60182,35.49656],[139.60201,35.49649],[139.60212,35.49637],[139.60214,35.49621],[139.60205,35.49598],[139.6016,35.49585],[139.60138,35.49561],[139.60123,35.49551],[139.60054,35.49534],[139.60013,35.49534],[139.59994,35.49541],[139.59972,35.49569],[139.59962,35.49574],[139.59916,35.49583],[139.5987,35.49581],[139.59797,35.49572],[139.59766,35.49563],[139.59749,35.49554],[139.59746,35.49543],[139.59751,35.49528],[139.59783,35.49506],[139.59773,35.49502],[139.59739,35.49501],[139.59715,35.49492],[139.5969,35.49458],[139.59679,35.49422],[139.59671,35.49358],[139.59676,35.49281],[139.59691,35.4925],[139.5971,35.49235],[139.59743,35.49223],[139.59829,35.49208],[139.59828,35.49123],[139.59822,35.49092],[139.59803,35.49067],[139.5976,35.49047],[139.59749,35.49028],[139.59747,35.49012],[139.59751,35.48998],[139.5976,35.48989],[139.59803,35.48981],[139.59817,35.48974],[139.59826,35.48961],[139.59831,35.48921],[139.59843,35.48894],[139.59905,35.48841],[139.59913,35.48818],[139.59907,35.48762],[139.59893,35.48718],[139.59871,35.48688],[139.59786,35.48621],[139.59768,35.48582],[139.5973,35.48564],[139.59712,35.48546],[139.59691,35.48487],[139.59667,35.48331],[139.59648,35.48292],[139.59622,35.48273],[139.59533,35.48274],[139.59486,35.48254],[139.59475,35.4826],[139.59466,35.48276],[139.59458,35.48323],[139.59473,35.4834],[139.5955,35.48338],[139.59564,35.48344],[139.59575,35.48361],[139.59599,35.4845],[139.59602,35.48498],[139.59592,35.48544],[139.59567,35.48608],[139.59565,35.48634],[139.59584,35.4866],[139.59629,35.48671],[139.59646,35.48707],[139.59684,35.48725],[139.59699,35.48738],[139.59704,35.4876],[139.59701,35.48793],[139.59679,35.48855],[139.59648,35.48886],[139.59603,35.48906],[139.59544,35.48914],[139.59479,35.48912],[139.5943,35.48904],[139.59396,35.48888],[139.59377,35.48865],[139.59367,35.48833],[139.5936,35.4883],[139.59337,35.4889],[139.59308,35.48927],[139.59259,35.4895],[139.59242,35.48951],[139.59209,35.48946],[139.59199,35.48958],[139.59194,35.48997],[139.59175,35.49021],[139.59151,35.49032],[139.59077,35.49049],[139.59058,35.49058],[139.59031,35.49082],[139.59,35.49086],[139.58953,35.49081],[139.58917,35.49062],[139.58906,35.4904],[139.5891,35.48981],[139.58901,35.48955],[139.58884,35.48952],[139.58846,35.48965],[139.58812,35.48966],[139.58794,35.48958],[139.58771,35.48935],[139.58731,35.48923],[139.58647,35.48925],[139.58588,35.48944],[139.58547,35.48979],[139.58508,35.49049],[139.5849,35.49064],[139.58471,35.4907],[139.58444,35.49068],[139.58432,35.49063],[139.58419,35.4903],[139.58394,35.49012],[139.58349,35.49008],[139.58258,35.49015],[139.58228,35.49006],[139.58206,35.48986],[139.58198,35.48972],[139.58181,35.48904],[139.58166,35.48874],[139.58128,35.4886],[139.58091,35.48807],[139.58077,35.48797],[139.58039,35.48781],[139.58025,35.48767],[139.58014,35.48732],[139.5801,35.48673],[139.58,35.48647],[139.57988,35.48641],[139.5797,35.48643],[139.5796,35.48651],[139.57952,35.48675],[139.57921,35.48685],[139.57895,35.48686],[139.57873,35.4868],[139.57852,35.48659],[139.57847,35.48622],[139.57865,35.48586],[139.57911,35.4856],[139.57978,35.48542],[139.58027,35.48522],[139.58047,35.48507],[139.58056,35.4849],[139.58048,35.48469],[139.58028,35.48458],[139.57996,35.48451],[139.57937,35.48448],[139.57885,35.48465],[139.57827,35.48513],[139.57786,35.48536],[139.57758,35.48541],[139.5773,35.48537],[139.57709,35.48529],[139.57697,35.48516],[139.57693,35.48498],[139.577,35.48466],[139.57698,35.48445],[139.57683,35.48417],[139.57657,35.48391],[139.57653,35.48376],[139.57664,35.48362],[139.57736,35.48331],[139.57782,35.48296],[139.57797,35.48274],[139.57802,35.48256],[139.57794,35.48243],[139.57775,35.48236],[139.57728,35.48236],[139.57687,35.48252],[139.57667,35.48271],[139.57645,35.4831],[139.5762,35.48336],[139.57601,35.48345],[139.57564,35.4835],[139.57553,35.48357],[139.57542,35.48392],[139.57529,35.48404],[139.57491,35.48413],[139.57434,35.48415],[139.57395,35.48421],[139.57382,35.48429],[139.57371,35.48458],[139.5734,35.48474],[139.57308,35.48476],[139.57233,35.48468],[139.57213,35.48475],[139.57206,35.48492],[139.57207,35.48504],[139.57222,35.4855],[139.57223,35.48585],[139.57213,35.48599],[139.57166,35.48621],[139.57157,35.48646],[139.57148,35.48652],[139.5711,35.48652],[139.57071,35.48641],[139.57041,35.48624],[139.57004,35.48589],[139.5699,35.48584],[139.56976,35.48587],[139.56954,35.48601],[139.56926,35.48612],[139.56876,35.48616],[139.56845,35.48612],[139.5683,35.48601],[139.56825,35.4858],[139.56815,35.48567],[139.56797,35.48558],[139.56779,35.48556],[139.56765,35.48563],[139.56754,35.48584],[139.56759,35.48596],[139.56787,35.48616],[139.56776,35.48635],[139.56753,35.4865],[139.56733,35.48656],[139.56671,35.48662],[139.56649,35.48669],[139.56633,35.48682],[139.56611,35.48721],[139.56598,35.48729],[139.56531,35.48746],[139.56303,35.48757],[139.56272,35.48765],[139.56248,35.48788],[139.56225,35.48795],[139.56194,35.48788],[139.56178,35.48769],[139.56169,35.4874],[139.56164,35.48689],[139.56153,35.48673],[139.56134,35.48664],[139.56074,35.48658],[139.56053,35.48651],[139.5604,35.48629],[139.56043,35.48599],[139.56026,35.48583],[139.55966,35.4857],[139.55843,35.48566],[139.55767,35.48554],[139.55739,35.48531],[139.55729,35.48509],[139.55723,35.48476],[139.55706,35.48458],[139.55654,35.48427],[139.55558,35.48382],[139.55517,35.48348],[139.55506,35.48325],[139.55506,35.48314],[139.55519,35.4828],[139.55552,35.48247],[139.55599,35.48213],[139.55627,35.48176],[139.55633,35.48136],[139.55619,35.481],[139.55612,35.48104],[139.55597,35.48148],[139.55579,35.48178],[139.55563,35.4819],[139.5552,35.48208],[139.55508,35.48222],[139.55505,35.48237],[139.55489,35.48248],[139.55445,35.48252],[139.55406,35.48246],[139.55371,35.4823],[139.55304,35.48187],[139.55266,35.48174],[139.55228,35.48171],[139.55202,35.48184],[139.5517,35.48243],[139.55158,35.4825],[139.55124,35.48258],[139.55081,35.48297],[139.55056,35.48308],[139.54981,35.48319],[139.549,35.48314],[139.54867,35.48304],[139.54848,35.48284],[139.54835,35.48277],[139.54799,35.48273],[139.54782,35.48277],[139.5477,35.48287],[139.5476,35.48334],[139.54737,35.48355],[139.5469,35.48363],[139.54623,35.48356],[139.54605,35.48347],[139.54595,35.48317],[139.54571,35.48298],[139.54468,35.48274],[139.54439,35.48264],[139.54417,35.4825],[139.54393,35.48227],[139.54361,35.48211],[139.54272,35.48198],[139.54252,35.48183],[139.54246,35.48172],[139.54238,35.48113],[139.54218,35.48082],[139.54195,35.48071],[139.54147,35.48068],[139.54111,35.48058],[139.54095,35.48046],[139.54076,35.48017],[139.5406,35.48007],[139.53988,35.47998],[139.53966,35.4799],[139.53898,35.47936],[139.5381,35.47905],[139.53801,35.47896],[139.53792,35.4787],[139.53753,35.47852],[139.53737,35.47834],[139.53721,35.47775],[139.53719,35.47644],[139.53731,35.47547],[139.53759,35.47492],[139.53764,35.47471],[139.53756,35.47387],[139.53765,35.47371],[139.53784,35.47368],[139.53801,35.47359],[139.53822,35.47324],[139.5384,35.47305],[139.53885,35.47285],[139.53899,35.4727],[139.53911,35.47235],[139.53912,35.47203],[139.53902,35.47165],[139.53887,35.47151],[139.53864,35.47144],[139.53827,35.47147],[139.53801,35.4716],[139.53787,35.47182],[139.53771,35.47196],[139.53724,35.47208],[139.53678,35.47211],[139.53562,35.47204],[139.53531,35.47196],[139.5349,35.47178],[139.53475,35.47177],[139.53464,35.47181],[139.53438,35.47206],[139.53413,35.47211],[139.53386,35.472],[139.53343,35.47162],[139.53337,35.47167],[139.53331,35.47203],[139.53318,35.47215],[139.5328,35.47217],[139.53222,35.47205],[139.53192,35.47207],[139.5318,35.47213],[139.53162,35.47233],[139.53147,35.47278],[139.5313,35.47301],[139.53103,35.47316],[139.53068,35.47322],[139.53012,35.47319],[139.5297,35.47306],[139.52917,35.47261],[139.52872,35.47248],[139.52844,35.47209],[139.52824,35.47199],[139.52794,35.47195],[139.52689,35.47201],[139.52648,35.47197],[139.52596,35.47162],[139.52407,35.47092],[139.52347,35.47059],[139.52343,35.47053],[139.52345,35.47042],[139.5236,35.47028],[139.52449,35.47],[139.52531,35.46955],[139.52565,35.46925],[139.52571,35.46902],[139.52542,35.46864],[139.52534,35.46825],[139.52521,35.46813],[139.52498,35.46806],[139.52464,35.46803],[139.52405,35.46805],[139.52353,35.46813],[139.52297,35.46831],[139.52271,35.46829],[139.52263,35.46817],[139.52256,35.46775],[139.52244,35.46755],[139.52188,35.4671],[139.52166,35.46678],[139.52162,35.46653],[139.52172,35.4659],[139.52167,35.46557],[139.52146,35.46536],[139.52121,35.46531],[139.5208,35.46539],[139.52066,35.46544],[139.52056,35.46554],[139.52051,35.46579],[139.52062,35.46666],[139.52053,35.46704],[139.52035,35.46728],[139.52004,35.46735],[139.51992,35.46742],[139.51965,35.46794],[139.5195,35.46808],[139.51913,35.46815],[139.51864,35.46811],[139.51832,35.46821],[139.51786,35.4686],[139.51742,35.46921],[139.51701,35.46949],[139.51677,35.46957],[139.51621,35.46963],[139.51499,35.46949],[139.51447,35.46953],[139.51434,35.46965],[139.5143,35.46988],[139.51421,35.47],[139.51359,35.4703],[139.51342,35.47066],[139.5132,35.4707],[139.51306,35.47077],[139.51285,35.47107],[139.51251,35.47191],[139.5123,35.4722],[139.5119,35.47234],[139.51184,35.47257],[139.51177,35.47263],[139.51166,35.47265],[139.5113,35.47259],[139.5112,35.47264],[139.51122,35.47287],[139.51139,35.47328],[139.51152,35.47377],[139.51157,35.47432],[139.51153,35.47483],[139.51137,35.47513],[139.5112,35.4752],[139.51093,35.47524],[139.51081,35.47534],[139.51074,35.47571],[139.51062,35.47588],[139.51015,35.47601],[139.50849,35.47596],[139.50829,35.47602],[139.5082,35.47623],[139.50808,35.47631],[139.50749,35.47647],[139.50682,35.47648],[139.50604,35.4764],[139.50561,35.47644],[139.50543,35.47654],[139.50525,35.47685],[139.50495,35.47713],[139.50452,35.47733],[139.50411,35.47742],[139.50362,35.47744],[139.50313,35.47737],[139.50268,35.47721],[139.50217,35.47693],[139.50197,35.47689],[139.50191,35.47701],[139.50197,35.47713],[139.50232,35.47725],[139.50237,35.47742],[139.50226,35.47781],[139.50213,35.47795],[139.50194,35.47801],[139.5017,35.47801],[139.50145,35.47794],[139.50119,35.47776],[139.5011,35.47759],[139.50105,35.47713],[139.5009,35.4767],[139.50063,35.47622],[139.50029,35.47592],[139.50005,35.4759],[139.49992,35.47594],[139.49949,35.47622],[139.49896,35.4764],[139.49832,35.47642],[139.49756,35.47628],[139.49736,35.47615],[139.4974,35.47588],[139.49702,35.47578],[139.49669,35.47533],[139.49638,35.47525],[139.49576,35.47529],[139.49553,35.4752],[139.49538,35.475],[139.49533,35.47486],[139.49524,35.47417],[139.49506,35.47392],[139.49493,35.47383],[139.49439,35.47368],[139.49379,35.47368],[139.49324,35.4738],[139.49259,35.47413],[139.49228,35.47443],[139.49208,35.47486],[139.4919,35.4751],[139.49138,35.47536],[139.49128,35.47557],[139.49136,35.47606],[139.49134,35.47619],[139.49126,35.47626],[139.49107,35.47629],[139.49096,35.47638],[139.49065,35.47713],[139.49044,35.47735],[139.48987,35.47746],[139.48962,35.47762],[139.4894,35.47784],[139.4892,35.47792],[139.48894,35.47793],[139.48831,35.47778],[139.48795,35.47776],[139.48779,35.47784],[139.48762,35.47812],[139.48752,35.47819],[139.48712,35.47816],[139.48704,35.47829],[139.48701,35.47852],[139.48686,35.47864],[139.48667,35.47866],[139.48611,35.47859],[139.48577,35.4786],[139.48482,35.4788],[139.48443,35.47885],[139.4843,35.4788],[139.48419,35.47855],[139.48397,35.47851],[139.4838,35.47858],[139.4836,35.47875],[139.48296,35.47956],[139.48255,35.47986],[139.48227,35.47991],[139.48162,35.47974],[139.48153,35.47978],[139.48145,35.47998],[139.48119,35.48011],[139.48074,35.4802],[139.48025,35.4802],[139.47994,35.48013],[139.47966,35.48],[139.47939,35.47982],[139.47918,35.4796],[139.47897,35.47919],[139.47871,35.47832],[139.47853,35.47807],[139.47837,35.47796],[139.47797,35.47786],[139.47759,35.47782],[139.4767,35.47784],[139.47619,35.47797],[139.47573,35.47825],[139.4755,35.47831],[139.47538,35.47825],[139.47527,35.47802],[139.47509,35.47783],[139.47454,35.47758],[139.47434,35.47732],[139.47406,35.4766],[139.47391,35.47645],[139.47353,35.47625],[139.47332,35.47598],[139.47312,35.47555],[139.47271,35.47425],[139.47244,35.47356],[139.47221,35.47329],[139.47203,35.47332],[139.47193,35.47345],[139.47187,35.47382],[139.47177,35.47398],[139.47159,35.47409],[139.47141,35.47411],[139.47112,35.47389],[139.47105,35.47443],[139.47094,35.47459],[139.4705,35.47472],[139.47004,35.47503],[139.46952,35.47552],[139.46931,35.47596],[139.46845,35.47643],[139.46823,35.47665],[139.46804,35.47697],[139.46788,35.47711],[139.46703,35.47758],[139.46685,35.47793],[139.46617,35.47807],[139.46602,35.4784],[139.4654,35.47868],[139.46528,35.47882],[139.46525,35.47898],[139.46516,35.47906],[139.4649,35.47912],[139.46433,35.47917],[139.46418,35.47927],[139.46413,35.47943],[139.46395,35.4795],[139.46344,35.47956],[139.46265,35.47959],[139.46186,35.47974],[139.46136,35.47994],[139.46027,35.48049],[139.45987,35.4806],[139.45971,35.48056],[139.45953,35.48041],[139.45932,35.47995],[139.45919,35.47979],[139.45883,35.47971],[139.45848,35.47975],[139.4577,35.48003],[139.45757,35.48015],[139.45747,35.48038],[139.45699,35.48049],[139.45685,35.48064],[139.45673,35.48112],[139.45671,35.48159],[139.45676,35.48202],[139.45688,35.48233],[139.45707,35.48252],[139.45745,35.48266],[139.45775,35.4829],[139.45818,35.48401],[139.45878,35.48454],[139.4588,35.48466],[139.45873,35.48488],[139.45878,35.48499],[139.45918,35.48529],[139.45942,35.48559],[139.45973,35.48658],[139.45984,35.48676],[139.46008,35.48694],[139.46016,35.48707],[139.46017,35.48736],[139.4601,35.48776],[139.46014,35.48799],[139.46035,35.48826],[139.4608,35.48851],[139.4609,35.48868],[139.46089,35.48887],[139.46072,35.48928],[139.46076,35.48943],[139.4609,35.48954],[139.4614,35.48973],[139.46171,35.49007],[139.46194,35.4906],[139.46204,35.49106],[139.46199,35.49134],[139.46182,35.49144],[139.46182,35.4915],[139.46237,35.49167],[139.46262,35.49182],[139.46271,35.49199],[139.46272,35.49241],[139.46324,35.49271],[139.46342,35.49286],[139.46354,35.49308],[139.46353,35.49333],[139.46342,35.49346],[139.46322,35.49356],[139.46262,35.4937],[139.46225,35.49385],[139.4621,35.49398],[139.46196,35.49422],[139.4618,35.49431],[139.46144,35.49435],[139.46086,35.49429]],[[139.5563,35.50564],[139.55668,35.5055],[139.5569,35.50532],[139.55708,35.50507],[139.55744,35.50435],[139.55771,35.50406],[139.55797,35.504],[139.55823,35.50399],[139.55968,35.50417],[139.55971,35.50328],[139.55986,35.50276],[139.56006,35.50243],[139.56027,35.50222],[139.56073,35.50207],[139.5608,35.50184],[139.56092,35.50173],[139.56115,35.50169],[139.56154,35.50173],[139.56199,35.50199],[139.56216,35.50203],[139.56237,35.50185],[139.56263,35.50177],[139.56349,35.50185],[139.56369,35.50183],[139.5638,35.50177],[139.56388,35.50157],[139.56414,35.50144],[139.56459,35.50135],[139.5652,35.50131],[139.56556,35.50135],[139.56584,35.50145],[139.56605,35.50162],[139.56621,35.50191],[139.56628,35.50194],[139.56661,35.5012],[139.56676,35.50108],[139.56704,35.50103],[139.56722,35.50107],[139.56737,35.50117],[139.56759,35.50163],[139.56774,35.50178],[139.56785,35.50177],[139.56816,35.50158],[139.56853,35.50145],[139.569,35.50136],[139.56942,35.50136],[139.56968,35.50148],[139.56981,35.50171],[139.56997,35.50183],[139.57033,35.50193],[139.57082,35.50196],[139.57126,35.50211],[139.57151,35.50231],[139.57182,35.50269],[139.57205,35.50289],[139.57216,35.5029],[139.57232,35.50272],[139.57247,35.50264],[139.57267,35.50262],[139.57293,35.50268],[139.57339,35.50292],[139.57376,35.50317],[139.57402,35.50342],[139.57421,35.50375],[139.57434,35.50389],[139.57453,35.50399],[139.57502,35.50413],[139.57528,35.50425],[139.57556,35.50475],[139.57667,35.50588],[139.57708,35.50643],[139.57719,35.50673],[139.57713,35.50707],[139.57718,35.50735],[139.5773,35.50749],[139.57758,35.50768],[139.57773,35.50791],[139.57775,35.5081],[139.57768,35.50852],[139.57778,35.50878],[139.57832,35.50919],[139.57848,35.50957],[139.57907,35.50985],[139.57912,35.50999],[139.57905,35.51015],[139.57906,35.51025],[139.57958,35.5104],[139.57996,35.51068],[139.5801,35.51084],[139.58016,35.5111],[139.58001,35.51135],[139.57974,35.51158],[139.57946,35.51165],[139.57939,35.51171],[139.57944,35.51196],[139.57976,35.51256],[139.57988,35.51287],[139.57985,35.51298],[139.57968,35.51301],[139.57958,35.51314],[139.57967,35.51376],[139.57958,35.51389],[139.57938,35.51391],[139.57913,35.51404],[139.57847,35.51463],[139.5779,35.51497],[139.57663,35.5155],[139.57557,35.51579],[139.57524,35.51584],[139.57484,35.51583],[139.57395,35.51544],[139.57204,35.51501],[139.57223,35.51529],[139.57235,35.51539],[139.57312,35.51553],[139.57408,35.51597],[139.57464,35.51606],[139.57573,35.516],[139.57615,35.51609],[139.57633,35.5163],[139.57635,35.51653],[139.57631,35.51667],[139.57614,35.51685],[139.5759,35.51698],[139.57533,35.51706],[139.57502,35.51719],[139.57439,35.51773],[139.57419,35.51786],[139.57345,35.51801],[139.5732,35.51825],[139.57305,35.51832],[139.57269,35.51839],[139.57219,35.51841],[139.57171,35.51853],[139.57072,35.51915],[139.57044,35.51925],[139.5699,35.5193],[139.56967,35.51937],[139.56947,35.5195],[139.56924,35.51979],[139.56903,35.51997],[139.56857,35.52009],[139.56791,35.52006],[139.56734,35.51987],[139.56709,35.51965],[139.56701,35.51952],[139.56687,35.51905],[139.56673,35.51882],[139.56655,35.51867],[139.56631,35.5186],[139.56595,35.51863],[139.56579,35.51871],[139.56571,35.51882],[139.56567,35.51905],[139.56552,35.51918],[139.56533,35.51919],[139.56485,35.51912],[139.56464,35.51917],[139.5645,35.51949],[139.56418,35.51965],[139.56348,35.51971],[139.56264,35.51972],[139.56194,35.51968],[139.56167,35.51961],[139.56155,35.51952],[139.56143,35.51921],[139.56086,35.51861],[139.56077,35.51841],[139.56072,35.51799],[139.56065,35.51777],[139.56055,35.5177],[139.56036,35.51768],[139.56023,35.51762],[139.56013,35.51729],[139.55979,35.51704],[139.55979,35.51692],[139.56,35.5167],[139.56009,35.5165],[139.56007,35.51631],[139.55991,35.51589],[139.55939,35.51573],[139.55919,35.51559],[139.55901,35.51529],[139.55884,35.51479],[139.55871,35.51464],[139.55855,35.51455],[139.55802,35.51446],[139.55791,35.51438],[139.55781,35.51421],[139.55781,35.51386],[139.55798,35.51357],[139.55824,35.51349],[139.55882,35.51353],[139.55895,35.51347],[139.55899,35.51333],[139.55881,35.51287],[139.55864,35.51274],[139.55839,35.51267],[139.55828,35.51255],[139.55808,35.51197],[139.55794,35.51174],[139.55782,35.51169],[139.55761,35.51174],[139.55745,35.51172],[139.55708,35.51153],[139.55683,35.51128],[139.55674,35.51114],[139.55679,35.51074],[139.55654,35.51067],[139.55773,35.51025],[139.55442,35.51046],[139.55407,35.51045],[139.55395,35.51038],[139.55387,35.51007],[139.55392,35.50971],[139.55423,35.50913],[139.55476,35.50854],[139.55512,35.50833],[139.55553,35.50832],[139.55568,35.50815],[139.55579,35.50755],[139.55586,35.50636],[139.55607,35.50581],[139.5563,35.50564]],[[139.67245,35.4895],[139.67185,35.48926],[139.67139,35.48904],[139.67101,35.48879],[139.6709,35.48864],[139.6708,35.4883],[139.67077,35.48783],[139.67082,35.48768],[139.67093,35.48754],[139.67129,35.4873],[139.67222,35.48705],[139.6733,35.48694],[139.67377,35.48698],[139.67403,35.4871],[139.67421,35.48775],[139.67471,35.48842],[139.67489,35.48881],[139.67485,35.48921],[139.67459,35.48953],[139.67431,35.48965],[139.67391,35.48972],[139.6734,35.48971],[139.67303,35.48966],[139.67245,35.4895]]],[[[139.69725,35.48858],[139.69769,35.48845],[139.69818,35.4884],[139.69895,35.48843],[139.69935,35.48851],[139.69966,35.48862],[139.70028,35.489],[139.70078,35.48914],[139.70118,35.48921],[139.70129,35.48934],[139.70131,35.48959],[139.70123,35.48995],[139.70079,35.49099],[139.69997,35.49246],[139.69804,35.49551],[139.6971,35.49684],[139.69655,35.49745],[139.69629,35.4978],[139.69603,35.49836],[139.69595,35.49875],[139.69594,35.49907],[139.69603,35.49905],[139.6961,35.49897],[139.6967,35.49815],[139.69722,35.49777],[139.69749,35.49747],[139.698,35.49648],[139.69814,35.4963],[139.69842,35.49611],[139.69858,35.49593],[139.69916,35.49485],[139.69939,35.49452],[139.69963,35.49429],[139.6999,35.49416],[139.7003,35.49412],[139.70054,35.49416],[139.70161,35.49476],[139.70338,35.4954],[139.7036,35.49553],[139.70386,35.49577],[139.7047,35.49593],[139.70549,35.49624],[139.70612,35.49658],[139.70648,35.49692],[139.70657,35.49714],[139.70655,35.4974],[139.70631,35.49799],[139.70603,35.49852],[139.70499,35.50013],[139.70476,35.50038],[139.70449,35.50055],[139.70439,35.50067],[139.70436,35.50083],[139.70442,35.50098],[139.70467,35.50115],[139.7049,35.50102],[139.70525,35.50063],[139.70631,35.4991],[139.70691,35.49834],[139.70747,35.49785],[139.70774,35.49771],[139.70799,35.49763],[139.70824,35.49762],[139.70919,35.49791],[139.70939,35.49802],[139.70958,35.49821],[139.71027,35.49853],[139.71364,35.49983],[139.71386,35.49995],[139.71432,35.49925],[139.71383,35.4992],[139.71316,35.499],[139.71167,35.49842],[139.71036,35.49784],[139.7098,35.49749],[139.70937,35.49712],[139.70907,35.49672],[139.7089,35.49628],[139.70886,35.49581],[139.70895,35.49531],[139.70916,35.49478],[139.71039,35.49284],[139.71103,35.49195],[139.71147,35.49145],[139.71172,35.49104],[139.71178,35.49092],[139.71176,35.49093],[139.71117,35.49064],[139.71044,35.49174],[139.70926,35.4933],[139.70839,35.4942],[139.70758,35.49481],[139.70682,35.49514],[139.70604,35.49529],[139.70523,35.49529],[139.70439,35.49511],[139.70277,35.49447],[139.70112,35.49374],[139.7004,35.49329],[139.70033,35.49306],[139.70039,35.49289],[139.70064,35.49272],[139.70096,35.49228],[139.70188,35.49062],[139.70213,35.49024],[139.70234,35.49003],[139.70242,35.48998],[139.70261,35.49002],[139.70277,35.49014],[139.70295,35.49043],[139.70336,35.49049],[139.70381,35.49043],[139.70523,35.49009],[139.70626,35.48999],[139.70693,35.49009],[139.7071,35.49019],[139.70725,35.49034],[139.70766,35.49115],[139.70851,35.49337],[139.70922,35.49181],[139.70968,35.49105],[139.70996,35.49078],[139.71052,35.49044],[139.71061,35.49036],[139.71044,35.49028],[139.7104,35.49034],[139.71012,35.49021],[139.71016,35.49015],[139.70942,35.48982],[139.70932,35.48985],[139.70936,35.48978],[139.70848,35.48939],[139.70862,35.48923],[139.70849,35.48918],[139.70838,35.48935],[139.7076,35.48901],[139.70744,35.48904],[139.70694,35.48882],[139.70718,35.48852],[139.70707,35.48847],[139.70701,35.48857],[139.70659,35.48838],[139.70665,35.48828],[139.70657,35.48825],[139.70651,35.48835],[139.70589,35.48807],[139.70574,35.48829],[139.70492,35.48793],[139.705,35.48768],[139.70525,35.48773],[139.7053,35.48765],[139.70481,35.48744],[139.70477,35.48752],[139.70488,35.48757],[139.70471,35.48784],[139.70326,35.48711],[139.6963,35.48404],[139.69619,35.48409],[139.695,35.48694],[139.69489,35.48801],[139.69622,35.48862],[139.69617,35.48869],[139.69653,35.48886],[139.69656,35.48882],[139.69674,35.4889],[139.69689,35.48877],[139.69725,35.48858]]],[[[139.72901,35.51112],[139.72845,35.5108],[139.72762,35.51046],[139.72423,35.50951],[139.7241,35.50945],[139.72401,35.50934],[139.72409,35.50907],[139.724,35.50887],[139.72346,35.50847],[139.72324,35.50825],[139.7232,35.50812],[139.72326,35.50795],[139.72317,35.50781],[139.72241,35.50757],[139.72183,35.50712],[139.72049,35.50652],[139.71963,35.50627],[139.71931,35.50623],[139.71903,35.50626],[139.7189,35.50648],[139.71893,35.50662],[139.7191,35.50685],[139.71943,35.50709],[139.72022,35.50748],[139.72179,35.50812],[139.72222,35.50839],[139.72234,35.50868],[139.72282,35.50902],[139.72297,35.50926],[139.72298,35.50949],[139.72282,35.51006],[139.72458,35.51036],[139.72537,35.51055],[139.72646,35.51093],[139.72805,35.51164],[139.72631,35.51144],[139.7255,35.51127],[139.72453,35.51097],[139.72388,35.51094],[139.72331,35.51113],[139.72275,35.51154],[139.72256,35.51179],[139.72254,35.51209],[139.72323,35.51253],[139.72347,35.51276],[139.72359,35.513],[139.72365,35.51353],[139.72377,35.51382],[139.72391,35.51395],[139.72427,35.51411],[139.72442,35.51432],[139.72446,35.51462],[139.72441,35.5149],[139.72433,35.51503],[139.72409,35.51519],[139.724,35.51534],[139.72391,35.516],[139.72379,35.51627],[139.72368,35.51636],[139.72333,35.51648],[139.72282,35.5165],[139.72201,35.51644],[139.72154,35.51648],[139.72147,35.51652],[139.72138,35.51672],[139.72126,35.51681],[139.7205,35.51707],[139.72034,35.51726],[139.7203,35.5175],[139.72011,35.51766],[139.71914,35.51778],[139.71888,35.51794],[139.71866,35.51824],[139.71844,35.51833],[139.71738,35.51842],[139.71708,35.5185],[139.71686,35.51861],[139.71661,35.51885],[139.71637,35.519],[139.71497,35.51947],[139.71456,35.51981],[139.71441,35.52011],[139.7142,35.52081],[139.71382,35.52131],[139.71379,35.52146],[139.71388,35.52195],[139.71384,35.52212],[139.71367,35.52237],[139.71341,35.52251],[139.713,35.52261],[139.7111,35.5227],[139.71054,35.52283],[139.71039,35.52296],[139.71034,35.52318],[139.71022,35.52328],[139.70965,35.52336],[139.70935,35.52348],[139.70922,35.52364],[139.70895,35.52416],[139.70884,35.52423],[139.70852,35.52431],[139.70826,35.5247],[139.70812,35.52481],[139.70783,35.52491],[139.70744,35.52493],[139.70714,35.52506],[139.70701,35.52521],[139.70693,35.52542],[139.70693,35.52553],[139.70703,35.52574],[139.70744,35.52603],[139.70843,35.52643],[139.70864,35.52657],[139.70873,35.52669],[139.70868,35.52688],[139.70836,35.52696],[139.70823,35.52712],[139.70818,35.52758],[139.70826,35.52781],[139.70837,35.52781],[139.70876,35.52747],[139.70919,35.52726],[139.70954,35.52719],[139.71027,35.52714],[139.71051,35.52707],[139.71064,35.52695],[139.71069,35.52671],[139.71082,35.52654],[139.71121,35.52629],[139.71216,35.52582],[139.71229,35.52569],[139.7124,35.52538],[139.71259,35.52516],[139.71299,35.52487],[139.7133,35.52478],[139.71351,35.5248],[139.71381,35.5249],[139.71406,35.52507],[139.71454,35.52552],[139.71488,35.52566],[139.71548,35.52583],[139.71591,35.52617],[139.71613,35.52624],[139.71662,35.52628],[139.71702,35.52627],[139.71749,35.52614],[139.71771,35.52598],[139.7181,35.52552],[139.71828,35.52542],[139.71847,35.52538],[139.71883,35.52542],[139.71896,35.52549],[139.71914,35.52568],[139.7193,35.52572],[139.71966,35.52568],[139.72014,35.52554],[139.72055,35.52553],[139.72075,35.52561],[139.72113,35.52595],[139.72131,35.52603],[139.7216,35.52606],[139.7218,35.52602],[139.72198,35.52592],[139.72235,35.52546],[139.7226,35.52535],[139.72278,35.52539],[139.7232,35.52566],[139.72344,35.5257],[139.72369,35.52568],[139.7241,35.52554],[139.72447,35.52553],[139.7247,35.52561],[139.7252,35.52593],[139.72544,35.52598],[139.72574,35.52583],[139.72584,35.52553],[139.726,35.52539],[139.72645,35.52526],[139.72678,35.52526],[139.727,35.52539],[139.72713,35.52562],[139.72731,35.52577],[139.72788,35.52587],[139.72808,35.52594],[139.7286,35.52629],[139.72895,35.52645],[139.72976,35.52658],[139.72984,35.52667],[139.72979,35.52697],[139.72984,35.52713],[139.73043,35.52726],[139.73055,35.52755],[139.73078,35.52771],[139.73117,35.52782],[139.73158,35.52787],[139.73183,35.52783],[139.73214,35.52757],[139.73251,35.52749],[139.73352,35.52743],[139.73495,35.52741],[139.736,35.52732],[139.73642,35.5272],[139.73671,35.52698],[139.73702,35.5269],[139.73775,35.52691],[139.73897,35.52705],[139.73939,35.52702],[139.73965,35.5269],[139.73981,35.5266],[139.74007,35.52638],[139.74033,35.52631],[139.74094,35.52627],[139.74113,35.52619],[139.74124,35.52608],[139.74129,35.52578],[139.74135,35.52569],[139.74173,35.52558],[139.74189,35.52524],[139.74201,35.5252],[139.74228,35.52517],[139.74245,35.52523],[139.74256,35.52535],[139.74263,35.52554],[139.74266,35.52594],[139.74281,35.52627],[139.743,35.52643],[139.74354,35.52673],[139.74381,35.52699],[139.74452,35.52799],[139.74488,35.5284],[139.74531,35.52879],[139.74581,35.52915],[139.74653,35.52957],[139.74684,35.52971],[139.74701,35.52974],[139.74718,35.5294],[139.74775,35.52885],[139.74788,35.52859],[139.74786,35.52848],[139.74775,35.52834],[139.74732,35.52817],[139.74713,35.52802],[139.74706,35.52789],[139.74706,35.52765],[139.74724,35.52736],[139.7476,35.52711],[139.74772,35.52697],[139.74777,35.52679],[139.74769,35.52628],[139.74774,35.52607],[139.74791,35.52595],[139.74819,35.52595],[139.74872,35.52624],[139.74975,35.52638],[139.75002,35.52661],[139.75022,35.52669],[139.75156,35.5268],[139.75192,35.52697],[139.75201,35.52715],[139.75193,35.52758],[139.75174,35.52787],[139.75146,35.52813],[139.7513,35.52841],[139.7513,35.52873],[139.75142,35.52897],[139.75147,35.52899],[139.75158,35.52893],[139.75187,35.52848],[139.752,35.52838],[139.75235,35.52822],[139.75282,35.52813],[139.75341,35.52811],[139.75368,35.52815],[139.7541,35.52832],[139.75426,35.52846],[139.75445,35.52885],[139.75454,35.53006],[139.75462,35.53037],[139.75473,35.53056],[139.7548,35.53061],[139.75575,35.5299],[139.75583,35.5299],[139.75588,35.52779],[139.7523,35.52464],[139.75239,35.52457],[139.75282,35.52499],[139.75288,35.52495],[139.75222,35.52434],[139.75261,35.52404],[139.75225,35.5237],[139.75191,35.52339],[139.7515,35.52373],[139.74605,35.51898],[139.74572,35.519],[139.74438,35.52044],[139.74446,35.52049],[139.74406,35.52092],[139.74397,35.52087],[139.74385,35.52101],[139.74318,35.52044],[139.74342,35.52021],[139.74369,35.52038],[139.74382,35.52038],[139.74537,35.51881],[139.74495,35.51851],[139.74507,35.51838],[139.74497,35.51832],[139.74486,35.51844],[139.74426,35.51803],[139.7443,35.51796],[139.74209,35.51654],[139.74048,35.51596],[139.74061,35.51571],[139.73786,35.51471],[139.73857,35.51339],[139.74132,35.51439],[139.74119,35.51464],[139.74511,35.51606],[139.74646,35.51556],[139.74782,35.51194],[139.74803,35.512],[139.74831,35.51127],[139.7481,35.51121],[139.7483,35.51068],[139.74851,35.51073],[139.74908,35.50928],[139.74886,35.50922],[139.74922,35.50834],[139.74862,35.50709],[139.74877,35.50684],[139.74523,35.50529],[139.74527,35.50523],[139.74517,35.50519],[139.74513,35.50524],[139.7434,35.50448],[139.74325,35.50473],[139.73381,35.5006],[139.73338,35.50089],[139.73241,35.50982],[139.73275,35.51187],[139.73311,35.51238],[139.73259,35.51307],[139.73201,35.51336],[139.73177,35.51556],[139.73031,35.5153],[139.73032,35.51485],[139.72984,35.51493],[139.72935,35.51493],[139.72895,35.51486],[139.72864,35.51472],[139.72804,35.51421],[139.72768,35.51411],[139.72758,35.51404],[139.7275,35.51373],[139.72755,35.51339],[139.72775,35.51305],[139.72823,35.5126],[139.72838,35.5124],[139.7284,35.51211],[139.72821,35.51175],[139.72827,35.51167],[139.72841,35.51164],[139.72888,35.51171],[139.72928,35.51195],[139.72955,35.51202],[139.73035,35.51208],[139.73036,35.51193],[139.7301,35.51131],[139.7296,35.5113],[139.72901,35.51112]]],[[[139.75645,35.53059],[139.75671,35.53085],[139.757,35.53161],[139.75733,35.53202],[139.75789,35.53237],[139.75854,35.53258],[139.75873,35.53276],[139.75885,35.53303],[139.7589,35.53341],[139.75882,35.53416],[139.75863,35.53447],[139.75834,35.53459],[139.75815,35.5348],[139.75798,35.53578],[139.7577,35.53624],[139.75761,35.53649],[139.75767,35.53683],[139.75785,35.53704],[139.75815,35.53719],[139.75853,35.53729],[139.75875,35.53747],[139.75879,35.53765],[139.7587,35.53797],[139.75856,35.53824],[139.75838,35.53845],[139.7582,35.53855],[139.75769,35.53863],[139.75601,35.53855],[139.7557,35.5386],[139.75617,35.53887],[139.75642,35.53912],[139.75658,35.53954],[139.75649,35.53982],[139.75632,35.53997],[139.75569,35.54031],[139.7556,35.54042],[139.75551,35.54073],[139.75512,35.54111],[139.75478,35.54126],[139.75395,35.54143],[139.75274,35.54153],[139.75165,35.54155],[139.75096,35.54148],[139.75058,35.54133],[139.75008,35.54126],[139.74848,35.54133],[139.74817,35.54125],[139.7481,35.54106],[139.74801,35.541],[139.74767,35.54095],[139.7473,35.54106],[139.747,35.54133],[139.74686,35.54141],[139.74635,35.54152],[139.74505,35.54162],[139.74324,35.54162],[139.7417,35.54152],[139.7414,35.54143],[139.74128,35.54132],[139.74095,35.54126],[139.73795,35.5413],[139.73763,35.54124],[139.73743,35.54106],[139.73737,35.54125],[139.73728,35.54133],[139.73702,35.54139],[139.73664,35.54139],[139.7362,35.54129],[139.73571,35.54101],[139.73511,35.54094],[139.73467,35.54101],[139.73495,35.54122],[139.73607,35.54245],[139.73747,35.54423],[139.73811,35.54461],[139.7396,35.54516],[139.74213,35.54483],[139.7434,35.54435],[139.74475,35.544],[139.74678,35.54383],[139.74787,35.54398],[139.74932,35.54449],[139.75008,35.54458],[139.75398,35.54445],[139.75649,35.54455],[139.75685,35.5445],[139.76191,35.54202],[139.76585,35.54025],[139.76808,35.53934],[139.7765,35.53447],[139.77446,35.53222],[139.78761,35.52447],[139.78921,35.52184],[139.78852,35.52119],[139.79017,35.52002],[139.79511,35.51923],[139.79608,35.51863],[139.79609,35.51851],[139.79421,35.5164],[139.80138,35.51215],[139.80028,35.5109],[139.80023,35.51093],[139.80126,35.5121],[139.80117,35.51218],[139.79417,35.51633],[139.79164,35.51351],[139.79156,35.51338],[139.79175,35.51327],[139.79182,35.51334],[139.79213,35.51316],[139.79206,35.51309],[139.79608,35.51071],[139.79604,35.51066],[139.79418,35.51176],[139.79064,35.50783],[139.79191,35.50715],[139.79647,35.50669],[139.79865,35.50916],[139.79667,35.51029],[139.79671,35.51033],[139.79867,35.50918],[139.79986,35.51053],[139.79991,35.5105],[139.79651,35.50662],[139.79187,35.50707],[139.78019,35.51331],[139.77711,35.5104],[139.77896,35.50975],[139.77913,35.50968],[139.77911,35.50965],[139.77709,35.51038],[139.77625,35.50959],[139.77881,35.50864],[139.77622,35.50956],[139.77232,35.51231],[139.77471,35.51479],[139.77352,35.51563],[139.77102,35.51323],[139.77011,35.51387],[139.7694,35.51514],[139.76935,35.51512],[139.76938,35.51518],[139.76638,35.52056],[139.76898,35.52292],[139.76785,35.52378],[139.76632,35.52258],[139.76561,35.52192],[139.76311,35.52642],[139.76319,35.52622],[139.76313,35.52622],[139.76237,35.52779],[139.76219,35.52765],[139.76205,35.5279],[139.76214,35.52781],[139.76229,35.52793],[139.76096,35.53027],[139.76017,35.53086],[139.75637,35.53034],[139.75618,35.53049],[139.75621,35.53049],[139.75645,35.53059]]],[[[139.73154,35.54132],[139.73069,35.54143],[139.7292,35.54142],[139.72805,35.54132],[139.72688,35.54114],[139.72568,35.54082],[139.72524,35.54058],[139.72513,35.54044],[139.7251,35.5403],[139.72509,35.53984],[139.72517,35.53968],[139.72538,35.53945],[139.72538,35.53933],[139.72502,35.53906],[139.72459,35.53836],[139.72422,35.53797],[139.7235,35.5375],[139.72289,35.53726],[139.72266,35.5373],[139.72259,35.53749],[139.72264,35.53774],[139.72287,35.53818],[139.723,35.53855],[139.72305,35.53895],[139.723,35.53933],[139.72288,35.53951],[139.72257,35.53968],[139.72227,35.53971],[139.72191,35.53962],[139.72124,35.53928],[139.71988,35.53841],[139.71905,35.53803],[139.71825,35.53775],[139.71783,35.53753],[139.71751,35.53726],[139.7173,35.53696],[139.71709,35.53652],[139.71695,35.53636],[139.71682,35.53629],[139.71668,35.53632],[139.71652,35.53643],[139.71644,35.53667],[139.7161,35.53672],[139.71476,35.53664],[139.70995,35.5361],[139.70784,35.53597],[139.70609,35.53597],[139.70472,35.53603],[139.70374,35.53615],[139.703,35.53634],[139.70196,35.53669],[139.70115,35.53702],[139.70048,35.53736],[139.69982,35.53781],[139.6991,35.53872],[139.6974,35.54143],[139.69704,35.54185],[139.69677,35.54203],[139.69657,35.54202],[139.69638,35.54193],[139.69629,35.54158],[139.6962,35.54148],[139.69594,35.54144],[139.69557,35.54149],[139.6954,35.54144],[139.69531,35.54121],[139.69538,35.54082],[139.69537,35.54056],[139.69529,35.54047],[139.6951,35.54044],[139.69494,35.54031],[139.69469,35.53976],[139.69454,35.53959],[139.69411,35.53947],[139.69352,35.53895],[139.69325,35.53883],[139.69293,35.5388],[139.69234,35.5389],[139.69205,35.5391],[139.69196,35.53924],[139.69189,35.5396],[139.69198,35.54008],[139.69226,35.541],[139.69225,35.54132],[139.69198,35.54141],[139.69181,35.54156],[139.69131,35.54227],[139.69092,35.54272],[139.68981,35.54359],[139.6897,35.54374],[139.68962,35.544],[139.68923,35.54441],[139.68847,35.545],[139.68824,35.54512],[139.68784,35.54524],[139.68776,35.5454],[139.68771,35.54572],[139.68762,35.54586],[139.68702,35.5463],[139.68671,35.54675],[139.68656,35.54683],[139.68633,35.54684],[139.68573,35.5467],[139.68561,35.54672],[139.68548,35.54685],[139.68551,35.54732],[139.68565,35.54774],[139.68583,35.54807],[139.68617,35.54838],[139.68643,35.54846],[139.68664,35.54858],[139.68677,35.54878],[139.68681,35.54907],[139.68673,35.54991],[139.68682,35.55018],[139.687,35.5503],[139.68708,35.55043],[139.68703,35.55137],[139.68719,35.55169],[139.68753,35.55208],[139.68762,35.55235],[139.68762,35.55285],[139.68746,35.55339],[139.68715,35.55377],[139.68642,35.55412],[139.68625,35.55425],[139.68619,35.5544],[139.68626,35.55472],[139.68624,35.55484],[139.68586,35.55516],[139.6856,35.55584],[139.68549,35.55602],[139.68526,35.55612],[139.68488,35.55606],[139.68467,35.55611],[139.68441,35.55637],[139.68404,35.55646],[139.6837,35.55676],[139.6834,35.5572],[139.68317,35.55773],[139.68305,35.55829],[139.683,35.55902],[139.68291,35.55929],[139.68276,35.55949],[139.68229,35.55985],[139.68214,35.56016],[139.68152,35.56065],[139.67882,35.56236],[139.678,35.56295],[139.67779,35.56316],[139.6777,35.56341],[139.67729,35.56369],[139.67721,35.56397],[139.67708,35.56419],[139.6761,35.56536],[139.67568,35.56597],[139.67506,35.56712],[139.6743,35.56887],[139.67399,35.56975],[139.67381,35.57063],[139.67316,35.57172],[139.67282,35.57244],[139.67222,35.57452],[139.67208,35.57479],[139.67168,35.57531],[139.67107,35.57665],[139.67056,35.57835],[139.66986,35.58178],[139.66934,35.58335],[139.6689,35.58426],[139.66844,35.58506],[139.66804,35.58568],[139.66757,35.58626],[139.66735,35.58642],[139.66725,35.58644],[139.66709,35.5864],[139.66691,35.58609],[139.66679,35.58555],[139.66665,35.58518],[139.66647,35.58504],[139.66626,35.58507],[139.66599,35.58526],[139.66579,35.5855],[139.66563,35.58589],[139.66558,35.58634],[139.6653,35.58674],[139.66476,35.5872],[139.6641,35.58765],[139.66363,35.5879],[139.66329,35.58799],[139.66334,35.58812],[139.66375,35.58851],[139.66391,35.58876],[139.66394,35.58902],[139.66382,35.58921],[139.66349,35.5893],[139.663,35.58931],[139.66237,35.58921],[139.66177,35.58901],[139.66105,35.5889],[139.66001,35.58886],[139.65872,35.58889],[139.65875,35.58893],[139.65941,35.58907],[139.65966,35.58928],[139.65969,35.58948],[139.65968,35.58949],[139.65987,35.58951],[139.6599,35.58967],[139.66222,35.58985],[139.66333,35.58987],[139.6638,35.58981],[139.66449,35.58952],[139.66609,35.58826],[139.66729,35.58718],[139.66775,35.58658],[139.66871,35.58559],[139.66931,35.58472],[139.67013,35.58261],[139.67082,35.58045],[139.67126,35.57852],[139.674,35.57206],[139.67599,35.56688],[139.67641,35.56604],[139.6771,35.56504],[139.67823,35.56355],[139.67879,35.56299],[139.68155,35.56119],[139.68381,35.56016],[139.68609,35.55937],[139.68802,35.55833],[139.68962,35.55729],[139.69045,35.55696],[139.69136,35.55675],[139.69668,35.5563],[139.69778,35.55613],[139.69829,35.55597],[139.69987,35.5554],[139.70088,35.55489],[139.70267,35.55368],[139.70374,35.55261],[139.70418,35.55183],[139.70423,35.55117],[139.70407,35.55047],[139.70353,35.54941],[139.70302,35.54892],[139.7026,35.54874],[139.70148,35.54802],[139.69845,35.5454],[139.69794,35.54466],[139.69776,35.54376],[139.69779,35.5424],[139.69794,35.54145],[139.69883,35.53975],[139.69943,35.5389],[139.69993,35.53836],[139.70074,35.53777],[139.70223,35.53703],[139.70379,35.53649],[139.70479,35.53629],[139.70574,35.53625],[139.70901,35.53638],[139.71075,35.53654],[139.7173,35.538],[139.7182,35.5383],[139.71951,35.53912],[139.72111,35.54055],[139.72295,35.54187],[139.72522,35.54309],[139.72611,35.54347],[139.72656,35.54357],[139.72761,35.54357],[139.72871,35.54336],[139.73036,35.54291],[139.73074,35.54276],[139.73285,35.54115],[139.73226,35.54118],[139.73154,35.54132]]],[[[139.65807,35.58926],[139.65776,35.58916],[139.65727,35.58891],[139.65695,35.58868],[139.65674,35.58846],[139.65663,35.58823],[139.65668,35.58771],[139.65663,35.58754],[139.65625,35.58744],[139.65593,35.58729],[139.65455,35.58644],[139.65419,35.5861],[139.65414,35.58595],[139.65418,35.58584],[139.6541,35.58572],[139.6539,35.58561],[139.65288,35.58525],[139.65258,35.58503],[139.65245,35.58479],[139.65233,35.58469],[139.6521,35.58465],[139.65181,35.58471],[139.65157,35.5847],[139.6512,35.58438],[139.65089,35.58435],[139.65074,35.5845],[139.6507,35.58479],[139.65058,35.58498],[139.64996,35.58529],[139.64972,35.58553],[139.64949,35.58585],[139.64912,35.58616],[139.64861,35.58643],[139.64801,35.58665],[139.64749,35.58678],[139.64694,35.58683],[139.64677,35.58694],[139.64669,35.58713],[139.64674,35.58772],[139.64664,35.58803],[139.64648,35.58814],[139.64611,35.58817],[139.64589,35.58827],[139.64585,35.58838],[139.64591,35.58862],[139.6459,35.58881],[139.64555,35.58909],[139.64538,35.58963],[139.64519,35.58973],[139.64489,35.58976],[139.64468,35.58986],[139.64437,35.59018],[139.64394,35.59077],[139.64371,35.59096],[139.64332,35.59109],[139.6429,35.59106],[139.64249,35.59098],[139.64185,35.59072],[139.64165,35.59055],[139.64157,35.59033],[139.64129,35.59022],[139.64051,35.59018],[139.63994,35.59031],[139.6398,35.59039],[139.6396,35.59062],[139.63948,35.59122],[139.6395,35.59144],[139.63957,35.59158],[139.63981,35.59172],[139.63991,35.59185],[139.63994,35.59201],[139.6399,35.59211],[139.63974,35.59224],[139.63924,35.59246],[139.63915,35.59258],[139.63909,35.59289],[139.639,35.59302],[139.63885,35.59313],[139.63836,35.59327],[139.63806,35.59342],[139.63774,35.59386],[139.63767,35.59387],[139.63752,35.5937],[139.63726,35.59356],[139.6365,35.59341],[139.63555,35.5934],[139.63482,35.59354],[139.63456,35.59375],[139.63457,35.59416],[139.63453,35.59425],[139.63436,35.5944],[139.63405,35.59451],[139.63289,35.59472],[139.6327,35.59482],[139.63255,35.59498],[139.63239,35.59505],[139.6317,35.59512],[139.63141,35.59523],[139.63129,35.59533],[139.6311,35.59565],[139.63086,35.59664],[139.63074,35.59685],[139.63037,35.59716],[139.63012,35.59727],[139.62949,35.59737],[139.62846,35.59734],[139.62773,35.59721],[139.62742,35.59707],[139.62723,35.59693],[139.62709,35.5969],[139.62703,35.59693],[139.62697,35.59713],[139.62695,35.59782],[139.62765,35.59824],[139.62774,35.59836],[139.62783,35.59863],[139.62828,35.59859],[139.62841,35.5989],[139.62896,35.59916],[139.62912,35.59938],[139.62917,35.59977],[139.62926,35.59989],[139.62952,35.59992],[139.63002,35.59976],[139.63027,35.59981],[139.63064,35.60031],[139.63123,35.60075],[139.63132,35.60089],[139.63137,35.60121],[139.63144,35.60131],[139.63155,35.60135],[139.63206,35.60131],[139.63218,35.60143],[139.63221,35.60165],[139.63234,35.60172],[139.63258,35.60169],[139.63331,35.60146],[139.63348,35.60145],[139.63377,35.60156],[139.63389,35.60167],[139.63408,35.602],[139.63416,35.60246],[139.63409,35.60271],[139.63378,35.60323],[139.63352,35.60351],[139.63282,35.6041],[139.63105,35.60526],[139.63067,35.60545],[139.63025,35.60557],[139.62949,35.60625],[139.62933,35.60634],[139.62904,35.6064],[139.62883,35.60649],[139.62827,35.607],[139.62739,35.60738],[139.62717,35.60752],[139.62704,35.6078],[139.6271,35.60823],[139.627,35.60853],[139.62684,35.60871],[139.62654,35.60893],[139.62628,35.60905],[139.62606,35.60909],[139.62598,35.60916],[139.62597,35.6092],[139.62723,35.60895],[139.62769,35.60869],[139.62853,35.608],[139.62861,35.60822],[139.6294,35.60797],[139.63048,35.60752],[139.63043,35.60732],[139.63015,35.60712],[139.63008,35.60701],[139.63007,35.60677],[139.63018,35.60644],[139.63056,35.60599],[139.63102,35.60566],[139.63176,35.60528],[139.63256,35.60501],[139.63291,35.605],[139.63423,35.60406],[139.63518,35.60346],[139.637,35.60305],[139.63869,35.60142],[139.63976,35.60022],[139.64692,35.59597],[139.64877,35.59504],[139.65011,35.59291],[139.65043,35.59258],[139.65105,35.59223],[139.65523,35.59009],[139.65629,35.58973],[139.65701,35.58968],[139.65864,35.58979],[139.6588,35.58943],[139.65887,35.58944],[139.65881,35.58937],[139.65807,35.58926]]],[[[139.62386,35.61044],[139.62343,35.61059],[139.623,35.61065],[139.62195,35.61066],[139.62089,35.61052],[139.62038,35.61053],[139.61969,35.61065],[139.6182,35.61107],[139.61616,35.61132],[139.61594,35.61161],[139.61564,35.61176],[139.61327,35.61238],[139.61286,35.61252],[139.61246,35.61274],[139.61221,35.61281],[139.61183,35.61276],[139.61167,35.61266],[139.61158,35.61251],[139.61158,35.61225],[139.61174,35.61154],[139.61128,35.6115],[139.61119,35.61128],[139.61132,35.61102],[139.61179,35.61056],[139.61181,35.61044],[139.61174,35.61035],[139.61132,35.61016],[139.61121,35.60997],[139.6112,35.60981],[139.61096,35.60967],[139.61003,35.60954],[139.6069,35.60948],[139.60594,35.60943],[139.60527,35.60927],[139.60505,35.60913],[139.6049,35.60895],[139.60483,35.60893],[139.6047,35.60907],[139.60467,35.60922],[139.60476,35.60934],[139.60507,35.60955],[139.60512,35.6098],[139.60499,35.60998],[139.60466,35.61018],[139.60457,35.61043],[139.6047,35.61062],[139.60532,35.6109],[139.6054,35.61105],[139.60537,35.61123],[139.60521,35.61152],[139.60493,35.61182],[139.60467,35.61194],[139.60428,35.61199],[139.60405,35.61208],[139.60392,35.61223],[139.60374,35.61265],[139.60408,35.61282],[139.60418,35.61301],[139.6042,35.61329],[139.60407,35.61408],[139.60387,35.61438],[139.60373,35.61447],[139.60338,35.61458],[139.6025,35.61457],[139.60217,35.61468],[139.60192,35.6149],[139.60165,35.61536],[139.6013,35.61561],[139.60105,35.61571],[139.60044,35.61585],[139.59928,35.61596],[139.59839,35.6161],[139.59799,35.61624],[139.59759,35.61649],[139.59717,35.61667],[139.59495,35.61731],[139.59399,35.61768],[139.59386,35.61777],[139.59422,35.61786],[139.5956,35.61836],[139.59662,35.6185],[139.59984,35.61846],[139.60007,35.6184],[139.60217,35.61715],[139.6035,35.61645],[139.60535,35.61557],[139.60607,35.61544],[139.60684,35.61553],[139.6072,35.61564],[139.60876,35.61644],[139.60899,35.61648],[139.60967,35.61641],[139.61219,35.61585],[139.61243,35.61571],[139.6127,35.61539],[139.61312,35.61469],[139.61347,35.61446],[139.61421,35.61421],[139.61521,35.61357],[139.61513,35.61347],[139.61505,35.61318],[139.61505,35.61307],[139.61512,35.61296],[139.61549,35.61277],[139.61615,35.61261],[139.61961,35.61217],[139.6203,35.61202],[139.62167,35.61162],[139.62263,35.61152],[139.62285,35.61141],[139.62312,35.61116],[139.62368,35.61098],[139.62389,35.61102],[139.62397,35.61095],[139.62466,35.61002],[139.62439,35.61009],[139.62386,35.61044]]],[[[139.65079,35.36755],[139.65056,35.36788],[139.6503,35.36812],[139.64972,35.36844],[139.64957,35.36866],[139.64957,35.3689],[139.64965,35.36902],[139.64981,35.36909],[139.65031,35.36915],[139.65061,35.36925],[139.65092,35.36944],[139.6516,35.37003],[139.65199,35.37021],[139.65241,35.37026],[139.65263,35.37024],[139.65333,35.37004],[139.65375,35.36998],[139.65412,35.37],[139.65443,35.3701],[139.65495,35.37049],[139.65512,35.37093],[139.65568,35.3715],[139.65586,35.3719],[139.65582,35.3724],[139.65569,35.37258],[139.65537,35.37279],[139.65527,35.37312],[139.65482,35.37326],[139.65471,35.37353],[139.65443,35.37382],[139.65362,35.37448],[139.6539,35.37472],[139.65374,35.37485],[139.65388,35.37499],[139.65481,35.37576],[139.65497,35.37563],[139.6581,35.37822],[139.65817,35.37856],[139.65827,35.37854],[139.65818,35.37818],[139.65406,35.37477],[139.65416,35.37477],[139.65634,35.373],[139.65651,35.37268],[139.65651,35.36654],[139.65637,35.36642],[139.65137,35.36642],[139.65124,35.36662],[139.65079,35.36755]]],[[[139.65047,35.3853],[139.65025,35.38535],[139.64993,35.38531],[139.64969,35.38521],[139.64881,35.38459],[139.64845,35.38445],[139.64832,35.38446],[139.64822,35.38453],[139.64815,35.38474],[139.64814,35.38495],[139.64802,35.38514],[139.64775,35.38526],[139.64732,35.38533],[139.64646,35.38533],[139.646,35.38526],[139.64552,35.38505],[139.64527,35.38476],[139.64507,35.38469],[139.64495,35.3847],[139.64467,35.38483],[139.64399,35.38529],[139.64365,35.38543],[139.6433,35.38548],[139.64265,35.38542],[139.64229,35.38551],[139.64176,35.38593],[139.64151,35.38604],[139.64085,35.38619],[139.64072,35.38625],[139.64213,35.38742],[139.6425,35.38714],[139.64272,35.38732],[139.64284,35.38723],[139.64293,35.38731],[139.64248,35.3877],[139.64467,35.38951],[139.64455,35.3896],[139.64568,35.39054],[139.64827,35.38956],[139.64813,35.38932],[139.65146,35.38805],[139.65153,35.38808],[139.65151,35.38803],[139.65168,35.38797],[139.65181,35.38798],[139.65178,35.38793],[139.65271,35.38758],[139.65273,35.38762],[139.65288,35.38757],[139.65286,35.38752],[139.65321,35.38739],[139.65323,35.38726],[139.65071,35.38517],[139.65071,35.38518],[139.65047,35.3853]]],[[[139.63132,35.38898],[139.63119,35.38942],[139.6308,35.39024],[139.63041,35.3909],[139.62999,35.39148],[139.62958,35.39193],[139.62917,35.39226],[139.62834,35.39271],[139.62793,35.3931],[139.6313,35.39456],[139.63153,35.3945],[139.63226,35.39337],[139.63247,35.39331],[139.6337,35.39385],[139.63392,35.39381],[139.63512,35.39246],[139.63651,35.39033],[139.63598,35.3901],[139.63593,35.38999],[139.63599,35.38989],[139.6315,35.38796],[139.63141,35.38824],[139.63132,35.38898]]],[[[139.62861,35.40203],[139.62839,35.4024],[139.62805,35.4028],[139.62731,35.40346],[139.62687,35.40396],[139.62655,35.40453],[139.62645,35.40485],[139.62635,35.40553],[139.62639,35.40672],[139.62652,35.40713],[139.62676,35.40723],[139.62684,35.40735],[139.62688,35.40793],[139.6268,35.40823],[139.62671,35.40836],[139.62652,35.40848],[139.62639,35.40875],[139.62625,35.40999],[139.62615,35.41015],[139.62583,35.41038],[139.62573,35.41068],[139.62542,35.41084],[139.62486,35.41092],[139.62434,35.41083],[139.6234,35.41051],[139.62314,35.41049],[139.62296,35.41055],[139.62278,35.41084],[139.62257,35.41097],[139.62229,35.411],[139.62188,35.41091],[139.62084,35.41049],[139.6203,35.41017],[139.62003,35.40988],[139.61996,35.40963],[139.61977,35.40948],[139.61919,35.40928],[139.61792,35.40899],[139.61757,35.40882],[139.61753,35.40871],[139.61758,35.40858],[139.61803,35.40844],[139.61813,35.40811],[139.61843,35.40791],[139.61842,35.40787],[139.61786,35.40783],[139.61747,35.40794],[139.61728,35.4082],[139.61723,35.40859],[139.61712,35.40878],[139.6168,35.40894],[139.61633,35.40894],[139.61609,35.40885],[139.61594,35.40869],[139.61586,35.4082],[139.61575,35.40803],[139.61543,35.40792],[139.61495,35.40797],[139.61472,35.40793],[139.61452,35.40775],[139.61449,35.40744],[139.61433,35.4072],[139.61409,35.40708],[139.6134,35.40692],[139.61304,35.40735],[139.61284,35.40749],[139.6125,35.40759],[139.61211,35.40759],[139.6119,35.40753],[139.61174,35.40744],[139.61137,35.40691],[139.61078,35.40648],[139.61065,35.40617],[139.61071,35.40592],[139.61091,35.40567],[139.61156,35.40518],[139.61164,35.40504],[139.61164,35.40492],[139.6114,35.4047],[139.61056,35.40434],[139.61032,35.40416],[139.61017,35.40392],[139.61009,35.40318],[139.61003,35.40299],[139.60993,35.40288],[139.6098,35.40286],[139.60965,35.40292],[139.60959,35.40302],[139.60951,35.40343],[139.60932,35.40354],[139.60902,35.40347],[139.60875,35.4032],[139.60868,35.40321],[139.60854,35.40339],[139.60836,35.40349],[139.608,35.40353],[139.60783,35.40348],[139.60767,35.40327],[139.60761,35.40279],[139.60755,35.4027],[139.60734,35.40262],[139.607,35.40265],[139.60655,35.40279],[139.60616,35.40295],[139.6058,35.40321],[139.60571,35.40338],[139.60576,35.40365],[139.60584,35.40372],[139.60608,35.40377],[139.6062,35.40384],[139.60634,35.40405],[139.60643,35.40438],[139.60632,35.40493],[139.60592,35.40573],[139.60586,35.40602],[139.60589,35.40628],[139.60624,35.40681],[139.6068,35.40722],[139.60695,35.40739],[139.60697,35.4075],[139.60689,35.40774],[139.60691,35.40788],[139.60716,35.40829],[139.60725,35.4086],[139.60722,35.40898],[139.60709,35.40938],[139.60689,35.40972],[139.60653,35.41007],[139.60647,35.41021],[139.60661,35.41036],[139.60709,35.41049],[139.60741,35.41066],[139.60755,35.41094],[139.60761,35.41148],[139.60759,35.41203],[139.60744,35.41243],[139.60725,35.4126],[139.60678,35.41276],[139.60665,35.41289],[139.60661,35.41306],[139.60669,35.41355],[139.60659,35.41373],[139.60636,35.41392],[139.60628,35.41412],[139.60623,35.41459],[139.60626,35.41497],[139.60646,35.41529],[139.6068,35.41556],[139.60731,35.41577],[139.60813,35.41604],[139.60851,35.41623],[139.60875,35.41644],[139.60903,35.41697],[139.60915,35.41704],[139.60934,35.41707],[139.60944,35.41714],[139.60951,35.41735],[139.60954,35.41766],[139.60962,35.4178],[139.60988,35.41787],[139.61036,35.41781],[139.61057,35.41785],[139.61075,35.4182],[139.61165,35.41892],[139.61178,35.41915],[139.61175,35.41949],[139.61161,35.4197],[139.61136,35.41991],[139.61118,35.41998],[139.61089,35.42],[139.61077,35.42007],[139.61072,35.42029],[139.61083,35.42059],[139.61105,35.42069],[139.61139,35.42069],[139.61237,35.42045],[139.61289,35.42042],[139.61306,35.42053],[139.61313,35.42095],[139.61328,35.42129],[139.61355,35.42163],[139.61389,35.4219],[139.61426,35.42208],[139.61466,35.42217],[139.615,35.42216],[139.61533,35.422],[139.61545,35.422],[139.6156,35.4223],[139.61585,35.42356],[139.61608,35.42403],[139.61622,35.42413],[139.61646,35.4242],[139.61694,35.42415],[139.61708,35.42418],[139.61717,35.42428],[139.61722,35.42466],[139.61729,35.4248],[139.61748,35.42487],[139.61777,35.42482],[139.618,35.42486],[139.61837,35.42535],[139.61879,35.42561],[139.61907,35.42571],[139.61952,35.42579],[139.6206,35.42574],[139.62086,35.42587],[139.62101,35.42608],[139.62122,35.42613],[139.62156,35.42608],[139.62253,35.42575],[139.62287,35.42577],[139.62297,35.42586],[139.62302,35.42628],[139.62271,35.42767],[139.6234,35.42656],[139.62364,35.42624],[139.62376,35.42617],[139.6239,35.42669],[139.62399,35.42676],[139.62422,35.42681],[139.62427,35.42688],[139.62419,35.42723],[139.62423,35.42737],[139.62445,35.42751],[139.62492,35.42765],[139.62507,35.42777],[139.625,35.42804],[139.62502,35.42816],[139.62537,35.42857],[139.62548,35.42903],[139.62563,35.42919],[139.6265,35.42933],[139.62663,35.42941],[139.62678,35.42958],[139.62685,35.4296],[139.62712,35.42933],[139.62748,35.42924],[139.6276,35.42915],[139.62782,35.42863],[139.62798,35.4284],[139.62826,35.42824],[139.62866,35.42815],[139.62942,35.42815],[139.62998,35.42824],[139.63021,35.42839],[139.63042,35.42881],[139.63093,35.42884],[139.63109,35.42894],[139.63114,35.42913],[139.63107,35.42972],[139.63111,35.42996],[139.63123,35.4301],[139.63133,35.43015],[139.6317,35.43018],[139.63192,35.43027],[139.63196,35.43039],[139.6319,35.43062],[139.63199,35.43074],[139.63233,35.43083],[139.6329,35.43086],[139.63328,35.43102],[139.63341,35.43122],[139.63349,35.43172],[139.63361,35.4319],[139.6338,35.43203],[139.63419,35.43212],[139.63456,35.43211],[139.63534,35.43182],[139.63623,35.4317],[139.63645,35.43158],[139.63663,35.43138],[139.63678,35.43112],[139.63688,35.43078],[139.63686,35.43063],[139.63659,35.43037],[139.63643,35.42999],[139.6363,35.42919],[139.63631,35.42877],[139.63638,35.42863],[139.63662,35.42857],[139.6367,35.42849],[139.6368,35.42799],[139.63699,35.42773],[139.63727,35.42756],[139.63741,35.42755],[139.63767,35.4276],[139.63774,35.42754],[139.63773,35.42711],[139.63761,35.42666],[139.6374,35.42641],[139.63675,35.42627],[139.63629,35.42601],[139.63604,35.42597],[139.63565,35.42602],[139.63551,35.42593],[139.63539,35.4256],[139.63537,35.42506],[139.6353,35.42469],[139.6352,35.42456],[139.63496,35.42451],[139.63488,35.42443],[139.63478,35.42403],[139.6347,35.42405],[139.63445,35.42431],[139.63429,35.42441],[139.63411,35.42445],[139.63392,35.42444],[139.63319,35.42412],[139.63198,35.42339],[139.63163,35.42308],[139.63142,35.42281],[139.63138,35.42256],[139.63144,35.42217],[139.63139,35.42204],[139.63129,35.42196],[139.63095,35.42185],[139.63061,35.42184],[139.63044,35.42193],[139.6302,35.42228],[139.62992,35.4224],[139.62946,35.42247],[139.62883,35.4225],[139.62784,35.42248],[139.62741,35.42243],[139.62718,35.42235],[139.62706,35.4221],[139.62691,35.42191],[139.62621,35.42127],[139.62588,35.42088],[139.62578,35.4206],[139.62576,35.42002],[139.6254,35.42028],[139.62521,35.42031],[139.62494,35.42016],[139.62474,35.41996],[139.62459,35.4197],[139.6245,35.4194],[139.62449,35.41906],[139.62457,35.41836],[139.62452,35.41806],[139.62442,35.41799],[139.6242,35.41792],[139.62404,35.41737],[139.62384,35.41717],[139.62349,35.41694],[139.62339,35.41677],[139.62341,35.41666],[139.62353,35.41651],[139.62368,35.41643],[139.62387,35.41641],[139.62396,35.41623],[139.62396,35.41551],[139.62381,35.41425],[139.62381,35.41383],[139.62387,35.41347],[139.62399,35.41318],[139.62418,35.41294],[139.62444,35.41276],[139.62476,35.41264],[139.62514,35.41258],[139.62633,35.41253],[139.62686,35.41241],[139.62719,35.41221],[139.62736,35.41183],[139.62752,35.41163],[139.62788,35.41147],[139.62821,35.41146],[139.62848,35.4115],[139.62868,35.4116],[139.62879,35.41175],[139.6288,35.41207],[139.62868,35.41237],[139.62843,35.41253],[139.62826,35.41274],[139.62798,35.41371],[139.62834,35.41354],[139.62857,35.41331],[139.6298,35.4115],[139.63075,35.41047],[139.6309,35.41015],[139.63058,35.41058],[139.63004,35.41028],[139.6301,35.41021],[139.63001,35.41017],[139.62996,35.41023],[139.62954,35.41005],[139.62772,35.40914],[139.63079,35.40498],[139.6313,35.40481],[139.63866,35.40625],[139.64015,35.40644],[139.64028,35.4065],[139.64024,35.40663],[139.64199,35.40697],[139.64194,35.40682],[139.64222,35.4068],[139.64475,35.4055],[139.64548,35.40298],[139.64536,35.40283],[139.63747,35.40135],[139.63746,35.4014],[139.63719,35.40135],[139.63721,35.4013],[139.63231,35.40038],[139.6321,35.4004],[139.62965,35.40137],[139.62873,35.40146],[139.62873,35.40151],[139.62861,35.40203]]],[[[139.6326,35.4105],[139.6329,35.41081],[139.63359,35.41117],[139.63426,35.4113],[139.63501,35.41124],[139.63582,35.41102],[139.6363,35.41094],[139.63693,35.41095],[139.63757,35.4111],[139.63776,35.41107],[139.63787,35.41095],[139.63791,35.41064],[139.638,35.41049],[139.63826,35.41036],[139.63865,35.41032],[139.63877,35.41025],[139.63366,35.40833],[139.63354,35.40835],[139.63231,35.40996],[139.63247,35.41018],[139.6326,35.4105]]],[[[139.64413,35.41226],[139.64401,35.41229],[139.64376,35.41224],[139.6435,35.41225],[139.64341,35.41233],[139.64339,35.41261],[139.64409,35.41262],[139.64437,35.41267],[139.64457,35.41277],[139.6448,35.41299],[139.64485,35.41323],[139.64478,35.41358],[139.64458,35.41402],[139.64413,35.41479],[139.64396,35.41526],[139.64405,35.41536],[139.6447,35.41518],[139.64511,35.41517],[139.6455,35.41525],[139.64576,35.4154],[139.64585,35.41554],[139.64592,35.41591],[139.64599,35.41601],[139.64633,35.41625],[139.64641,35.41652],[139.6464,35.41668],[139.64628,35.41687],[139.64579,35.41709],[139.64571,35.41717],[139.64571,35.41732],[139.64582,35.41747],[139.64598,35.41755],[139.64623,35.41756],[139.6464,35.4175],[139.64661,35.41727],[139.64675,35.41719],[139.64704,35.41713],[139.64744,35.41714],[139.64777,35.4173],[139.6482,35.41788],[139.64848,35.41805],[139.64914,35.41816],[139.65,35.41811],[139.65058,35.41816],[139.65078,35.41825],[139.65084,35.41848],[139.65097,35.4186],[139.6512,35.41867],[139.65174,35.41871],[139.65209,35.41879],[139.65223,35.41888],[139.65245,35.41913],[139.65267,35.41992],[139.65275,35.4201],[139.65297,35.42038],[139.65327,35.42056],[139.65385,35.42068],[139.65413,35.42081],[139.65436,35.42111],[139.65441,35.4215],[139.65454,35.42173],[139.65493,35.422],[139.65564,35.42227],[139.65584,35.42245],[139.65592,35.42268],[139.65586,35.42309],[139.65591,35.42348],[139.65603,35.42372],[139.65631,35.42409],[139.65646,35.42462],[139.65648,35.42507],[139.65639,35.42612],[139.65644,35.42671],[139.65676,35.4274],[139.65685,35.4277],[139.65676,35.42791],[139.65641,35.42797],[139.65626,35.42806],[139.65614,35.42821],[139.65614,35.42833],[139.65629,35.42854],[139.65684,35.42893],[139.65694,35.4291],[139.65663,35.42935],[139.65636,35.42992],[139.65618,35.43011],[139.65576,35.43034],[139.6549,35.43063],[139.65472,35.43074],[139.65464,35.43091],[139.6547,35.43101],[139.65485,35.4311],[139.65569,35.43133],[139.65595,35.43159],[139.65601,35.43183],[139.65599,35.43222],[139.65588,35.43251],[139.65557,35.4329],[139.65558,35.43321],[139.65566,35.43337],[139.65588,35.43359],[139.65647,35.4339],[139.65673,35.4341],[139.65692,35.43465],[139.65714,35.43471],[139.65732,35.43463],[139.65767,35.43395],[139.6579,35.43381],[139.65804,35.43383],[139.65825,35.43392],[139.6586,35.43427],[139.65878,35.43439],[139.65899,35.43446],[139.6595,35.43453],[139.65969,35.4347],[139.65981,35.43502],[139.65989,35.43601],[139.66001,35.43639],[139.66012,35.43654],[139.6604,35.43671],[139.66097,35.43678],[139.66112,35.43683],[139.66136,35.43703],[139.66148,35.43734],[139.6615,35.43796],[139.66142,35.43842],[139.66133,35.4386],[139.66101,35.43883],[139.66096,35.43903],[139.66108,35.43922],[139.66151,35.43941],[139.66175,35.43971],[139.66193,35.44047],[139.66185,35.4411],[139.6615,35.44167],[139.66118,35.44197],[139.66289,35.44332],[139.66295,35.44326],[139.66301,35.4433],[139.66294,35.44337],[139.66318,35.44355],[139.66141,35.44505],[139.66035,35.44465],[139.66143,35.44509],[139.66412,35.4428],[139.66866,35.44849],[139.67036,35.4513],[139.67276,35.45034],[139.67307,35.45091],[139.67312,35.4509],[139.67281,35.45032],[139.67432,35.44971],[139.66855,35.44023],[139.66899,35.43934],[139.66995,35.4389],[139.67115,35.43884],[139.6753,35.44571],[139.67724,35.4449],[139.67629,35.44329],[139.67744,35.44282],[139.67763,35.44314],[139.6815,35.44158],[139.67627,35.43299],[139.67621,35.43301],[139.67608,35.4328],[139.67726,35.43232],[139.6775,35.43229],[139.67725,35.43229],[139.67607,35.43277],[139.67535,35.43159],[139.67831,35.43038],[139.67902,35.43157],[139.67797,35.432],[139.67904,35.4316],[139.68538,35.44204],[139.68705,35.44137],[139.68814,35.44245],[139.68819,35.44241],[139.68713,35.44135],[139.69055,35.43933],[139.69061,35.43922],[139.68539,35.42666],[139.68122,35.42642],[139.68133,35.42511],[139.68124,35.42511],[139.68118,35.4256],[139.68052,35.42611],[139.68051,35.42621],[139.68093,35.42624],[139.68092,35.42636],[139.68084,35.42637],[139.68104,35.42638],[139.68101,35.42668],[139.68081,35.42666],[139.68079,35.42702],[139.67926,35.42758],[139.67886,35.42683],[139.67978,35.42613],[139.67966,35.42603],[139.67993,35.42581],[139.68005,35.42592],[139.68013,35.42585],[139.68014,35.42573],[139.67993,35.42556],[139.68138,35.42442],[139.68152,35.42281],[139.68054,35.42196],[139.67978,35.42194],[139.6769,35.42417],[139.67603,35.42341],[139.67519,35.42353],[139.67515,35.42334],[139.67578,35.42317],[139.67874,35.42034],[139.67913,35.41952],[139.67919,35.41954],[139.67931,35.41932],[139.67919,35.41927],[139.67945,35.41877],[139.67972,35.41885],[139.67986,35.41879],[139.67801,35.41619],[139.67999,35.41559],[139.68106,35.41708],[139.68056,35.41737],[139.68172,35.419],[139.68223,35.41872],[139.6823,35.41882],[139.68251,35.41872],[139.68022,35.41551],[139.68177,35.41504],[139.68316,35.41698],[139.6834,35.41687],[139.68189,35.41477],[139.68126,35.41496],[139.68017,35.41252],[139.67965,35.41268],[139.67944,35.41085],[139.66955,35.40288],[139.66919,35.40296],[139.66693,35.40436],[139.66694,35.40451],[139.66683,35.4046],[139.6675,35.40515],[139.66739,35.40525],[139.66887,35.40645],[139.66916,35.40631],[139.66924,35.40637],[139.66923,35.40652],[139.66589,35.40853],[139.66571,35.40852],[139.66337,35.40663],[139.6632,35.40662],[139.65897,35.40917],[139.6589,35.40912],[139.6589,35.40921],[139.65256,35.41303],[139.64432,35.41199],[139.64424,35.41217],[139.64413,35.41226]]],[[[139.6588,35.44561],[139.65708,35.44632],[139.65579,35.44716],[139.65527,35.44731],[139.65465,35.44735],[139.65439,35.44744],[139.65428,35.44765],[139.65423,35.44768],[139.65714,35.45133],[139.65749,35.45115],[139.65775,35.4526],[139.65753,35.45113],[139.65854,35.4506],[139.65727,35.44896],[139.65892,35.44844],[139.66027,35.45008],[139.6616,35.44934],[139.66038,35.44773],[139.6616,35.44735],[139.66225,35.44751],[139.66441,35.45021],[139.6658,35.44948],[139.66363,35.44676],[139.66066,35.44579],[139.65924,35.44523],[139.65917,35.44532],[139.6588,35.44561]]],[[[139.63737,35.46661],[139.6373,35.46694],[139.63712,35.46729],[139.63707,35.46754],[139.63712,35.46764],[139.63739,35.46784],[139.63748,35.46819],[139.63735,35.46846],[139.63692,35.46866],[139.63673,35.46887],[139.63665,35.46934],[139.63669,35.46957],[139.63678,35.46973],[139.63692,35.46982],[139.63722,35.46985],[139.63753,35.46994],[139.63822,35.47041],[139.63854,35.47052],[139.63867,35.47051],[139.6388,35.47041],[139.6389,35.4699],[139.63909,35.46964],[139.6394,35.46946],[139.63976,35.46939],[139.63978,35.46928],[139.64021,35.4681],[139.64007,35.46805],[139.63991,35.46839],[139.6396,35.4683],[139.63971,35.46808],[139.63957,35.46789],[139.63947,35.46786],[139.63938,35.46804],[139.63896,35.46791],[139.63906,35.46772],[139.63893,35.46768],[139.63848,35.46859],[139.63816,35.46841],[139.63857,35.46765],[139.63791,35.46738],[139.63814,35.46696],[139.63812,35.46518],[139.63733,35.46518],[139.63739,35.4662],[139.63737,35.46661]]],[[[139.6443,35.47015],[139.64445,35.47024],[139.64464,35.47048],[139.64483,35.47095],[139.64491,35.47154],[139.64489,35.47217],[139.64475,35.47306],[139.64453,35.47348],[139.64434,35.47367],[139.64539,35.47461],[139.64561,35.47463],[139.6457,35.47471],[139.64634,35.47469],[139.65039,35.47445],[139.65596,35.47022],[139.65228,35.46697],[139.65333,35.46619],[139.65473,35.46499],[139.65554,35.46413],[139.6533,35.46617],[139.65183,35.46725],[139.651,35.46773],[139.65078,35.46753],[139.65067,35.46762],[139.65055,35.46752],[139.65066,35.46743],[139.65051,35.46729],[139.6541,35.46458],[139.65301,35.46359],[139.64527,35.46942],[139.64215,35.46837],[139.64187,35.46891],[139.64184,35.46899],[139.64308,35.46941],[139.64363,35.4699],[139.64354,35.46997],[139.64388,35.47001],[139.6443,35.47015]]],[[[139.63409,35.31299],[139.63448,35.31295],[139.635,35.31265],[139.63521,35.31261],[139.63547,35.3127],[139.63563,35.31297],[139.63564,35.31348],[139.63553,35.31386],[139.63532,35.31407],[139.63494,35.31418],[139.63474,35.31456],[139.63467,35.31503],[139.63483,35.31545],[139.63527,35.31576],[139.63585,35.31598],[139.63631,35.31606],[139.63676,35.31601],[139.63699,35.31605],[139.6371,35.31615],[139.6373,35.31649],[139.63741,35.31657],[139.63769,35.31664],[139.63766,35.3169],[139.63733,35.31734],[139.63719,35.3174],[139.6369,35.31736],[139.63658,35.31744],[139.63597,35.31778],[139.63568,35.31804],[139.63537,35.3185],[139.63511,35.31941],[139.63482,35.31995],[139.63462,35.32013],[139.63429,35.32034],[139.63352,35.32059],[139.63333,35.3207],[139.63321,35.32085],[139.63316,35.32116],[139.63324,35.3215],[139.63334,35.32161],[139.63353,35.32172],[139.63366,35.3219],[139.63367,35.32198],[139.63413,35.32192],[139.63448,35.32197],[139.63517,35.32258],[139.63588,35.32337],[139.63571,35.32359],[139.63593,35.32387],[139.63677,35.3246],[139.63687,35.32462],[139.63692,35.32451],[139.63689,35.32475],[139.63697,35.32489],[139.63725,35.32512],[139.63745,35.32514],[139.63746,35.32516],[139.63765,35.32517],[139.63797,35.32523],[139.63808,35.32533],[139.6381,35.32561],[139.63812,35.326],[139.63829,35.32615],[139.63865,35.32672],[139.63876,35.32669],[139.64073,35.33037],[139.64899,35.32742],[139.6489,35.32726],[139.65019,35.32756],[139.65848,35.32805],[139.65851,35.32769],[139.65944,35.32775],[139.65941,35.32811],[139.66187,35.32827],[139.66188,35.32821],[139.66067,35.32817],[139.66122,35.32226],[139.65996,35.32218],[139.65993,35.32255],[139.65899,35.32249],[139.659,35.32212],[139.65739,35.32202],[139.65741,35.32182],[139.65674,35.32178],[139.65673,35.32194],[139.65667,35.32193],[139.65652,35.32186],[139.65656,35.32162],[139.65569,35.32157],[139.65607,35.3176],[139.65311,35.31741],[139.65121,35.31968],[139.65108,35.3196],[139.65113,35.31954],[139.65083,35.31937],[139.64913,35.31842],[139.64908,35.31848],[139.64894,35.3184],[139.65121,35.31569],[139.64823,35.31262],[139.6469,35.31349],[139.64578,35.31234],[139.64488,35.31266],[139.64481,35.31217],[139.6449,35.31217],[139.64488,35.31201],[139.64479,35.31202],[139.64477,35.31175],[139.64496,35.31138],[139.64512,35.31135],[139.6451,35.31128],[139.64494,35.31129],[139.64474,35.31111],[139.64474,35.31104],[139.6449,35.31105],[139.64495,35.30979],[139.6448,35.30978],[139.64507,35.30929],[139.64496,35.30867],[139.64403,35.30808],[139.64399,35.30816],[139.64381,35.30812],[139.64379,35.30801],[139.64244,35.30753],[139.64079,35.30822],[139.63993,35.30872],[139.6397,35.30943],[139.6392,35.30939],[139.63919,35.30944],[139.63959,35.30949],[139.63971,35.31013],[139.6394,35.3102],[139.63929,35.31013],[139.63907,35.31016],[139.63814,35.31125],[139.6373,35.31162],[139.63668,35.31172],[139.63664,35.31162],[139.63672,35.31158],[139.63654,35.31078],[139.63762,35.30978],[139.63777,35.30955],[139.63763,35.30924],[139.63793,35.30865],[139.63862,35.30833],[139.63901,35.30825],[139.63906,35.30833],[139.63917,35.30822],[139.63922,35.30828],[139.63916,35.30817],[139.63925,35.30809],[139.63935,35.30822],[139.63927,35.30796],[139.63951,35.30782],[139.63973,35.30803],[139.63978,35.30799],[139.63971,35.30791],[139.63983,35.30773],[139.64078,35.30689],[139.64044,35.30664],[139.64096,35.30613],[139.64145,35.30647],[139.64153,35.30638],[139.64104,35.30605],[139.64175,35.30536],[139.64197,35.30491],[139.6423,35.30458],[139.64228,35.30387],[139.64202,35.30331],[139.64169,35.30318],[139.64111,35.30329],[139.64073,35.30291],[139.64075,35.30271],[139.64067,35.30266],[139.6405,35.30276],[139.63992,35.30368],[139.63964,35.30393],[139.63942,35.30403],[139.63888,35.30376],[139.63938,35.30307],[139.63944,35.30279],[139.6393,35.30283],[139.6392,35.30266],[139.63926,35.3022],[139.63898,35.30172],[139.64003,35.30171],[139.64012,35.30163],[139.63896,35.30068],[139.63729,35.30044],[139.63666,35.30197],[139.6365,35.30204],[139.63606,35.30195],[139.63623,35.30108],[139.63612,35.30106],[139.63589,35.30195],[139.63527,35.30186],[139.63519,35.30214],[139.63495,35.30251],[139.63435,35.3031],[139.63416,35.3034],[139.63405,35.30372],[139.63405,35.30422],[139.63428,35.30463],[139.63457,35.30485],[139.63552,35.30534],[139.63567,35.30553],[139.63564,35.30562],[139.63533,35.30567],[139.6342,35.30551],[139.63384,35.30559],[139.63364,35.30582],[139.6336,35.306],[139.63365,35.30704],[139.6336,35.30726],[139.6335,35.30735],[139.63325,35.30729],[139.63298,35.3069],[139.63281,35.3068],[139.63238,35.30676],[139.63166,35.30681],[139.63143,35.30677],[139.6313,35.30667],[139.63122,35.30638],[139.6311,35.30629],[139.63091,35.30623],[139.63054,35.30624],[139.63036,35.30636],[139.63037,35.30652],[139.63055,35.30693],[139.63054,35.30711],[139.63044,35.30726],[139.62993,35.30764],[139.62977,35.30787],[139.62973,35.30803],[139.6299,35.30826],[139.63072,35.30858],[139.63098,35.30878],[139.63107,35.30891],[139.63114,35.30929],[139.63099,35.31028],[139.63253,35.3103],[139.63307,35.31039],[139.63334,35.31055],[139.63346,35.31078],[139.63351,35.31117],[139.63363,35.31137],[139.63382,35.31154],[139.63418,35.31173],[139.63431,35.3119],[139.63431,35.3121],[139.63396,35.31272],[139.63396,35.31293],[139.63409,35.31299]]],[[[139.67325,35.28648],[139.67318,35.2864],[139.6731,35.28619],[139.67305,35.28573],[139.67292,35.28557],[139.67279,35.28555],[139.67131,35.28591],[139.67047,35.28589],[139.67,35.2861],[139.66921,35.28668],[139.66875,35.28691],[139.66826,35.28706],[139.66774,35.28712],[139.66695,35.28706],[139.66649,35.28691],[139.66608,35.28668],[139.66524,35.28598],[139.66479,35.28579],[139.66451,35.28577],[139.66427,35.28584],[139.66409,35.28601],[139.66396,35.28628],[139.66382,35.28682],[139.66367,35.2871],[139.66344,35.28727],[139.6633,35.28732],[139.66298,35.28734],[139.6627,35.28728],[139.66251,35.28713],[139.6624,35.2869],[139.6623,35.28627],[139.66199,35.28589],[139.66109,35.28543],[139.6608,35.28523],[139.66072,35.28516],[139.66053,35.28536],[139.66026,35.28523],[139.65928,35.2862],[139.66074,35.28719],[139.65994,35.288],[139.65962,35.28806],[139.65953,35.28815],[139.65947,35.28812],[139.65892,35.28866],[139.65876,35.28896],[139.65756,35.29012],[139.65763,35.29016],[139.65749,35.29031],[139.65744,35.29027],[139.65732,35.2904],[139.65698,35.2905],[139.65703,35.29074],[139.65727,35.29085],[139.65725,35.2909],[139.65751,35.29096],[139.65697,35.29265],[139.65728,35.29272],[139.65781,35.29101],[139.65995,35.29148],[139.65933,35.29344],[139.6596,35.29351],[139.66026,35.29154],[139.66175,35.29186],[139.66133,35.29225],[139.66151,35.29238],[139.66461,35.28949],[139.66495,35.28973],[139.66502,35.2899],[139.66496,35.29],[139.66505,35.29004],[139.66508,35.29043],[139.665,35.29063],[139.66511,35.29082],[139.66513,35.29119],[139.66491,35.29137],[139.66494,35.29168],[139.66502,35.29168],[139.66493,35.29173],[139.66494,35.29195],[139.66522,35.29234],[139.66529,35.29232],[139.66538,35.29256],[139.66543,35.29253],[139.66542,35.29261],[139.66204,35.29495],[139.66223,35.29514],[139.66368,35.29497],[139.66405,35.29666],[139.66387,35.29696],[139.66345,35.29721],[139.66352,35.29729],[139.66318,35.29798],[139.66362,35.29817],[139.6633,35.29863],[139.66287,35.29843],[139.6628,35.29858],[139.66264,35.29861],[139.66138,35.29978],[139.6613,35.29996],[139.66134,35.30021],[139.66179,35.30067],[139.662,35.30077],[139.66339,35.30086],[139.66346,35.30095],[139.66391,35.30098],[139.66393,35.30091],[139.66416,35.30092],[139.66414,35.30107],[139.6643,35.30108],[139.66435,35.30095],[139.66444,35.30102],[139.66498,35.30111],[139.66506,35.30107],[139.66594,35.30136],[139.66703,35.30154],[139.66718,35.30147],[139.66749,35.30148],[139.66771,35.30163],[139.66886,35.30184],[139.6695,35.30175],[139.66991,35.30181],[139.67089,35.30128],[139.67156,35.30107],[139.67182,35.30114],[139.67195,35.30128],[139.6721,35.30119],[139.67211,35.30104],[139.67253,35.30085],[139.67397,35.30058],[139.67472,35.30009],[139.67683,35.29838],[139.6769,35.29841],[139.67685,35.29833],[139.67691,35.29836],[139.67689,35.2983],[139.67983,35.29579],[139.6802,35.29505],[139.68019,35.29483],[139.68004,35.29468],[139.68012,35.29461],[139.68006,35.29451],[139.6799,35.29425],[139.67962,35.29407],[139.67895,35.29417],[139.67885,35.29463],[139.67751,35.29451],[139.67716,35.2938],[139.67743,35.29221],[139.67752,35.29221],[139.678,35.29182],[139.67956,35.29177],[139.67983,35.29165],[139.67998,35.29144],[139.68037,35.28998],[139.68048,35.28994],[139.68061,35.2896],[139.68102,35.2891],[139.68287,35.28852],[139.68499,35.28875],[139.68508,35.28859],[139.68256,35.28838],[139.68086,35.28893],[139.6804,35.28955],[139.68002,35.28935],[139.67648,35.28864],[139.67598,35.28865],[139.67534,35.28878],[139.673,35.28851],[139.6731,35.28803],[139.67304,35.28802],[139.67294,35.2885],[139.67199,35.28834],[139.67198,35.28839],[139.67187,35.28838],[139.67176,35.28827],[139.67182,35.2881],[139.67175,35.28804],[139.672,35.28667],[139.67413,35.28691],[139.67423,35.28655],[139.67348,35.28657],[139.67325,35.28648]]],[[[139.64841,35.29567],[139.6481,35.29596],[139.64789,35.29608],[139.64677,35.2965],[139.64561,35.29781],[139.64557,35.29846],[139.64541,35.29904],[139.6451,35.29953],[139.6447,35.29986],[139.64434,35.29995],[139.64431,35.29993],[139.64405,35.30018],[139.6437,35.30033],[139.6438,35.30061],[139.64403,35.30063],[139.64432,35.30056],[139.64518,35.30087],[139.64616,35.30221],[139.64607,35.30226],[139.64626,35.30253],[139.64636,35.30248],[139.64683,35.30313],[139.64694,35.30354],[139.64707,35.3036],[139.64725,35.30395],[139.64746,35.30403],[139.64768,35.30431],[139.648,35.3043],[139.64886,35.30472],[139.6487,35.30481],[139.64888,35.3049],[139.6489,35.30474],[139.64942,35.30499],[139.64964,35.30533],[139.65002,35.30546],[139.65052,35.30599],[139.65007,35.30627],[139.65022,35.30643],[139.65036,35.30633],[139.65063,35.30663],[139.65045,35.30668],[139.65063,35.30689],[139.65094,35.30661],[139.65124,35.30684],[139.65129,35.3068],[139.65184,35.30742],[139.65428,35.30589],[139.65418,35.30578],[139.65412,35.30579],[139.65327,35.30632],[139.65298,35.30616],[139.65306,35.30604],[139.6529,35.30612],[139.65274,35.30594],[139.65316,35.30566],[139.65311,35.30579],[139.65337,35.30563],[139.65321,35.30564],[139.65394,35.3052],[139.6536,35.30489],[139.6536,35.30481],[139.65383,35.30461],[139.65399,35.30468],[139.65414,35.30442],[139.65444,35.30421],[139.65465,35.30422],[139.6547,35.30394],[139.65564,35.3038],[139.65623,35.30345],[139.65645,35.3031],[139.65674,35.30305],[139.65663,35.30301],[139.6568,35.30295],[139.65678,35.30291],[139.65645,35.30289],[139.65627,35.30246],[139.65649,35.30212],[139.65696,35.30198],[139.65666,35.30203],[139.65679,35.3019],[139.65643,35.30187],[139.65679,35.30163],[139.65623,35.30107],[139.65623,35.30116],[139.65606,35.30127],[139.65538,35.30061],[139.65556,35.30046],[139.65585,35.30069],[139.65509,35.29993],[139.65548,35.30043],[139.65535,35.30052],[139.65475,35.30015],[139.65476,35.30002],[139.65378,35.30026],[139.65306,35.30007],[139.6526,35.29971],[139.65214,35.29879],[139.65202,35.29874],[139.65192,35.29882],[139.65185,35.29912],[139.65135,35.29898],[139.65129,35.29886],[139.65138,35.29877],[139.65217,35.29839],[139.65277,35.29679],[139.65291,35.2967],[139.65196,35.29617],[139.65148,35.29646],[139.65111,35.29632],[139.65039,35.29554],[139.65044,35.29495],[139.65091,35.29469],[139.65089,35.29456],[139.65052,35.29432],[139.64994,35.29427],[139.64987,35.29436],[139.64972,35.29427],[139.64967,35.29432],[139.64985,35.29438],[139.64966,35.29452],[139.64865,35.29475],[139.64858,35.2953],[139.64841,35.29567]]],[[[139.69317,35.5101],[139.69349,35.51036],[139.69364,35.51043],[139.69394,35.51046],[139.69482,35.51006],[139.69589,35.50978],[139.69608,35.50966],[139.69628,35.50935],[139.6965,35.50916],[139.69729,35.50888],[139.69744,35.50869],[139.69747,35.50845],[139.69755,35.50829],[139.69764,35.50824],[139.69788,35.50821],[139.69801,35.50808],[139.69801,35.50793],[139.69793,35.50782],[139.69752,35.50774],[139.69719,35.50745],[139.69688,35.5074],[139.69613,35.50748],[139.69587,35.50744],[139.69576,35.50718],[139.69555,35.50696],[139.69519,35.50672],[139.69494,35.50665],[139.69473,35.5067],[139.69463,35.50677],[139.69431,35.50734],[139.69391,35.50768],[139.69353,35.50783],[139.69307,35.5079],[139.69264,35.50792],[139.69228,35.50787],[139.69199,35.50777],[139.69167,35.50753],[139.69144,35.5072],[139.69138,35.50686],[139.6913,35.50671],[139.69114,35.50657],[139.69066,35.50633],[139.69036,35.50613],[139.68997,35.50558],[139.68978,35.50552],[139.68958,35.50555],[139.68937,35.50568],[139.68916,35.5059],[139.68897,35.50631],[139.68892,35.50683],[139.68901,35.5071],[139.68922,35.50736],[139.68955,35.5076],[139.69022,35.50794],[139.69075,35.50828],[139.69139,35.50896],[139.69166,35.50904],[139.69197,35.509],[139.69222,35.50911],[139.69266,35.5095],[139.69317,35.5101]]],[[[139.60248,35.22117],[139.6024,35.22112],[139.60193,35.22134],[139.60185,35.22153],[139.60171,35.22153],[139.60163,35.22178],[139.60163,35.22193],[139.6018,35.22206],[139.60214,35.22215],[139.60224,35.22207],[139.60263,35.22215],[139.60251,35.22226],[139.60262,35.22229],[139.60282,35.2222],[139.60264,35.22234],[139.60281,35.22227],[139.6028,35.22238],[139.60294,35.2223],[139.60308,35.22235],[139.60318,35.22244],[139.60313,35.22258],[139.60326,35.22255],[139.60332,35.2227],[139.6031,35.22277],[139.60305,35.22288],[139.60335,35.22281],[139.60333,35.2229],[139.60359,35.22312],[139.60381,35.22319],[139.60428,35.22283],[139.60423,35.22235],[139.60458,35.22206],[139.60475,35.2222],[139.60615,35.22105],[139.60575,35.22072],[139.60478,35.22158],[139.6046,35.22141],[139.60466,35.22136],[139.6046,35.22131],[139.60482,35.2211],[139.60476,35.22086],[139.60495,35.22076],[139.6049,35.2207],[139.60577,35.22021],[139.60577,35.22017],[139.60445,35.22091],[139.60382,35.22114],[139.60368,35.22126],[139.60346,35.22124],[139.60339,35.22113],[139.60307,35.22121],[139.603,35.22125],[139.60304,35.22147],[139.60289,35.22153],[139.60274,35.22151],[139.60267,35.22124],[139.60251,35.22131],[139.60238,35.22127],[139.60248,35.22117]]],[[[139.60575,35.22054],[139.60581,35.22054],[139.60577,35.22021],[139.60575,35.22054]]],[[[139.62303,35.1317],[139.62283,35.13195],[139.62235,35.13216],[139.62216,35.1324],[139.6219,35.13234],[139.62109,35.13238],[139.62001,35.13212],[139.61963,35.13182],[139.61952,35.13161],[139.61896,35.1313],[139.61886,35.13134],[139.61871,35.13117],[139.61848,35.13118],[139.61834,35.13101],[139.61825,35.13102],[139.61834,35.13083],[139.61827,35.13078],[139.6182,35.13087],[139.61812,35.13086],[139.6182,35.13069],[139.61781,35.1306],[139.6177,35.13067],[139.61777,35.13086],[139.61768,35.1308],[139.61758,35.13091],[139.61783,35.13114],[139.61787,35.13106],[139.61802,35.1311],[139.61793,35.1312],[139.61802,35.13124],[139.61785,35.13138],[139.61797,35.1315],[139.61776,35.13154],[139.61783,35.13168],[139.61763,35.13178],[139.61768,35.13186],[139.61756,35.13184],[139.61762,35.13197],[139.61746,35.1319],[139.61744,35.132],[139.61731,35.13198],[139.61708,35.13207],[139.61718,35.13222],[139.61688,35.13214],[139.61701,35.1324],[139.61693,35.13238],[139.61683,35.13219],[139.61676,35.1322],[139.61696,35.13252],[139.61692,35.13257],[139.61664,35.13236],[139.61661,35.13226],[139.61642,35.13226],[139.61662,35.13245],[139.61646,35.13263],[139.61625,35.13241],[139.61623,35.1325],[139.61642,35.13271],[139.61623,35.13267],[139.61632,35.13274],[139.61628,35.13286],[139.61615,35.13291],[139.61582,35.13291],[139.61566,35.13258],[139.61528,35.1326],[139.61518,35.13243],[139.61458,35.13229],[139.61446,35.13231],[139.61425,35.13257],[139.61414,35.1325],[139.61405,35.13272],[139.61374,35.13281],[139.61369,35.13293],[139.61305,35.13301],[139.61302,35.13312],[139.61268,35.13326],[139.61249,35.13342],[139.61244,35.13336],[139.61274,35.13302],[139.61276,35.13285],[139.61253,35.13274],[139.61231,35.13278],[139.61215,35.13271],[139.61215,35.13262],[139.61186,35.13269],[139.6118,35.13285],[139.61174,35.13286],[139.61174,35.13273],[139.61156,35.13278],[139.61144,35.13295],[139.61118,35.13299],[139.61115,35.13313],[139.611,35.13307],[139.61084,35.13312],[139.61104,35.13291],[139.61094,35.1328],[139.6107,35.13288],[139.61019,35.13281],[139.60975,35.13317],[139.60966,35.13347],[139.60989,35.13339],[139.61001,35.13349],[139.61019,35.13343],[139.61017,35.13364],[139.61052,35.13381],[139.61063,35.13369],[139.61069,35.1338],[139.61082,35.1337],[139.61093,35.1339],[139.6111,35.13392],[139.61135,35.13375],[139.61148,35.13345],[139.6115,35.13368],[139.6114,35.13399],[139.61166,35.13412],[139.61176,35.13426],[139.61116,35.13408],[139.61088,35.13417],[139.61072,35.13403],[139.61043,35.13412],[139.61035,35.13404],[139.61015,35.13408],[139.61016,35.13397],[139.60979,35.13381],[139.60936,35.13385],[139.60914,35.1339],[139.60907,35.1342],[139.60861,35.13447],[139.60848,35.13482],[139.60835,35.1349],[139.60864,35.13487],[139.60885,35.13495],[139.60888,35.13504],[139.60913,35.13504],[139.60913,35.13514],[139.60904,35.13517],[139.60911,35.13532],[139.60894,35.13544],[139.60899,35.13551],[139.60996,35.13534],[139.60934,35.13548],[139.60922,35.13563],[139.60903,35.1357],[139.609,35.13577],[139.60915,35.13583],[139.61011,35.13555],[139.61123,35.13548],[139.61126,35.13556],[139.61051,35.13568],[139.61055,35.13575],[139.61164,35.13558],[139.61021,35.13594],[139.61018,35.13605],[139.61028,35.13607],[139.61127,35.13582],[139.6109,35.13595],[139.61105,35.13599],[139.61094,35.13604],[139.61061,35.13615],[139.61067,35.13651],[139.61098,35.13672],[139.60957,35.13775],[139.60956,35.13786],[139.60977,35.13786],[139.60995,35.13771],[139.61021,35.13768],[139.61168,35.13705],[139.6117,35.13696],[139.61158,35.13691],[139.61192,35.13675],[139.6123,35.13749],[139.61226,35.13767],[139.61235,35.13749],[139.61231,35.13742],[139.61287,35.13733],[139.61289,35.13738],[139.61311,35.13737],[139.61408,35.13721],[139.617,35.13661],[139.61711,35.13682],[139.61683,35.13582],[139.61762,35.13567],[139.61795,35.13578],[139.61814,35.13637],[139.6178,35.13669],[139.61818,35.13636],[139.61977,35.13633],[139.61978,35.13653],[139.62067,35.13651],[139.62088,35.13646],[139.621,35.1363],[139.62116,35.13644],[139.62108,35.13658],[139.62123,35.13658],[139.62174,35.1369],[139.6222,35.1369],[139.62212,35.13672],[139.62313,35.13642],[139.62285,35.13576],[139.62379,35.13572],[139.62397,35.13623],[139.624,35.13623],[139.62381,35.1357],[139.62378,35.13535],[139.62468,35.13518],[139.62472,35.13524],[139.62616,35.1345],[139.62606,35.13434],[139.62667,35.13408],[139.62675,35.13421],[139.62718,35.13398],[139.62794,35.13465],[139.62805,35.13457],[139.62747,35.13412],[139.62752,35.13404],[139.62739,35.13382],[139.62716,35.1338],[139.62619,35.13194],[139.62623,35.13207],[139.62573,35.13215],[139.62563,35.1319],[139.62602,35.13166],[139.62613,35.13189],[139.62604,35.13165],[139.62687,35.13151],[139.62696,35.13135],[139.62743,35.13117],[139.62736,35.13109],[139.62718,35.13116],[139.62759,35.13076],[139.62793,35.13084],[139.62833,35.13067],[139.62821,35.13087],[139.62846,35.13084],[139.62874,35.13062],[139.62873,35.13047],[139.62898,35.13029],[139.62919,35.13031],[139.62927,35.13013],[139.62999,35.12993],[139.63004,35.12986],[139.62992,35.12978],[139.62948,35.12984],[139.62995,35.1297],[139.62978,35.12966],[139.63006,35.12962],[139.6298,35.12953],[139.63014,35.1294],[139.63007,35.12924],[139.63024,35.1292],[139.63014,35.12907],[139.62992,35.12907],[139.62966,35.12884],[139.62932,35.12877],[139.62915,35.12862],[139.62909,35.12873],[139.62867,35.12876],[139.62853,35.12865],[139.62815,35.12889],[139.6281,35.12882],[139.62805,35.12888],[139.62801,35.12884],[139.62792,35.12897],[139.62775,35.12882],[139.62759,35.12909],[139.62722,35.1292],[139.6272,35.12945],[139.62704,35.12922],[139.62693,35.12945],[139.62678,35.12953],[139.62599,35.12965],[139.62577,35.1298],[139.62572,35.12996],[139.62553,35.12998],[139.62541,35.13037],[139.62528,35.13035],[139.62477,35.13053],[139.62463,35.13049],[139.62454,35.13056],[139.62429,35.13066],[139.6242,35.13066],[139.62418,35.13058],[139.62412,35.13067],[139.62364,35.13081],[139.62343,35.13075],[139.62345,35.13067],[139.62334,35.13079],[139.62323,35.13072],[139.62315,35.13087],[139.62321,35.13112],[139.62308,35.13131],[139.62303,35.1317]]],[[[139.69525,35.28789],[139.69522,35.28778],[139.69572,35.28716],[139.696,35.2872],[139.69612,35.28701],[139.69628,35.28699],[139.69633,35.28685],[139.69644,35.28682],[139.69596,35.28641],[139.6956,35.2864],[139.69488,35.28604],[139.69443,35.2853],[139.69443,35.28423],[139.69312,35.2842],[139.69289,35.2843],[139.69275,35.28452],[139.69313,35.2853],[139.69294,35.28573],[139.69321,35.28592],[139.6934,35.28625],[139.69381,35.28654],[139.69402,35.28685],[139.69403,35.28697],[139.69411,35.28696],[139.69418,35.28707],[139.69417,35.28718],[139.69455,35.28762],[139.69458,35.28778],[139.69472,35.28784],[139.6947,35.28794],[139.69485,35.2879],[139.69494,35.28804],[139.695,35.28782],[139.69517,35.28792],[139.69525,35.28789]]],[[[139.67794,35.39598],[139.68533,35.40194],[139.68225,35.4045],[139.67638,35.39976],[139.6747,35.39967],[139.67126,35.40175],[139.67116,35.40291],[139.68019,35.41019],[139.68417,35.40898],[139.68888,35.41279],[139.69519,35.40759],[139.69073,35.39991],[139.68237,35.39316],[139.67836,35.39558],[139.67827,35.39558],[139.67806,35.39527],[139.67795,35.39532],[139.67823,35.39571],[139.67838,35.39566],[139.67794,35.39598]]],[[[139.68486,35.45863],[139.68843,35.457],[139.69806,35.46165],[139.69845,35.4611],[139.69807,35.46092],[139.70225,35.45512],[139.70697,35.45663],[139.70697,35.45669],[139.70713,35.45674],[139.70718,35.45666],[139.70049,35.45449],[139.69373,35.44786],[139.69359,35.44796],[139.6955,35.44982],[139.6772,35.45816],[139.67082,35.46189],[139.67015,35.4631],[139.67021,35.46312],[139.67088,35.46192],[139.67311,35.46062],[139.67397,35.46221],[139.67259,35.46523],[139.6706,35.46445],[139.67058,35.4645],[139.67585,35.46656],[139.67803,35.46741],[139.6924,35.47201],[139.69445,35.46917],[139.69487,35.46377],[139.68721,35.46007],[139.68806,35.4589],[139.68797,35.45862],[139.6879,35.45864],[139.68798,35.45889],[139.68715,35.46005],[139.68469,35.45886],[139.68486,35.45863]]],[[[139.70363,35.48139],[139.7036,35.48144],[139.70428,35.48174],[139.70431,35.48169],[139.70403,35.48157],[139.70407,35.48145],[139.71017,35.48409],[139.71052,35.48425],[139.71036,35.48433],[139.7106,35.48443],[139.71059,35.48428],[139.71135,35.48461],[139.71119,35.48469],[139.71143,35.4848],[139.71144,35.48462],[139.71202,35.48488],[139.71195,35.48499],[139.71214,35.48497],[139.7122,35.48514],[139.71256,35.48535],[139.71415,35.486],[139.71436,35.48594],[139.71491,35.48613],[139.71726,35.48721],[139.71745,35.48771],[139.72055,35.48907],[139.72094,35.48898],[139.72261,35.4897],[139.72282,35.48965],[139.73084,35.49318],[139.73071,35.49323],[139.73098,35.49335],[139.73103,35.49326],[139.731,35.49334],[139.73108,35.49328],[139.73134,35.4934],[139.73126,35.49351],[139.73138,35.49356],[139.73146,35.49345],[139.73449,35.49476],[139.73448,35.49483],[139.73562,35.49414],[139.73896,35.48906],[139.73507,35.48736],[139.73549,35.48671],[139.73561,35.48676],[139.73618,35.4859],[139.73628,35.48595],[139.73716,35.48459],[139.73695,35.48449],[139.73768,35.48339],[139.73812,35.48358],[139.74124,35.47881],[139.74102,35.47871],[139.74159,35.47784],[139.74137,35.47774],[139.74184,35.47703],[139.71271,35.46425],[139.70595,35.47454],[139.70363,35.4751],[139.7011,35.47781],[139.70027,35.47869],[139.70219,35.48054],[139.70231,35.48059],[139.70252,35.48051],[139.70268,35.48058],[139.70274,35.48084],[139.70308,35.48101],[139.70303,35.48109],[139.70317,35.48115],[139.70322,35.48108],[139.70401,35.48142],[139.7039,35.48151],[139.70363,35.48139]]],[[[139.77711,35.50503],[139.78443,35.50203],[139.7844,35.50198],[139.77834,35.50445],[139.77609,35.50346],[139.77868,35.49955],[139.78206,35.50106],[139.7821,35.50099],[139.76156,35.49189],[139.76111,35.492],[139.75891,35.49532],[139.75611,35.49408],[139.75827,35.49082],[139.75819,35.49059],[139.75624,35.48973],[139.75634,35.48958],[139.75208,35.48769],[139.75198,35.48784],[139.74561,35.48501],[139.74116,35.48847],[139.74045,35.48816],[139.73628,35.49445],[139.73683,35.49468],[139.73676,35.4948],[139.73665,35.4948],[139.73677,35.49485],[139.73686,35.49471],[139.74088,35.49649],[139.74111,35.49632],[139.74132,35.49641],[139.74126,35.49667],[139.74291,35.4974],[139.74275,35.49764],[139.74306,35.49777],[139.74322,35.49753],[139.74343,35.49763],[139.74377,35.49747],[139.74419,35.49766],[139.74422,35.49798],[139.7521,35.50147],[139.75513,35.50282],[139.75501,35.503],[139.75878,35.50467],[139.7589,35.5045],[139.75915,35.50459],[139.75925,35.50361],[139.76013,35.50367],[139.76004,35.505],[139.75992,35.50517],[139.76119,35.50573],[139.7712,35.50622],[139.77122,35.50602],[139.77711,35.50503]]],[[[139.75499,35.52503],[139.75505,35.52499],[139.75696,35.52666],[139.7589,35.5264],[139.76242,35.52006],[139.76262,35.52013],[139.7628,35.51981],[139.7626,35.51974],[139.76515,35.51516],[139.76526,35.5152],[139.7653,35.51513],[139.76517,35.51511],[139.76603,35.51356],[139.76578,35.51311],[139.76556,35.51305],[139.76542,35.51281],[139.76553,35.51264],[139.76496,35.51161],[139.76181,35.51084],[139.76184,35.51077],[139.76129,35.51063],[139.76127,35.51069],[139.75793,35.50985],[139.75784,35.50982],[139.75792,35.50961],[139.75383,35.50858],[139.75177,35.50947],[139.75043,35.513],[139.75057,35.51303],[139.75027,35.51381],[139.74998,35.51445],[139.74982,35.51446],[139.7494,35.51553],[139.74955,35.51557],[139.74852,35.51835],[139.74897,35.51995],[139.75078,35.52153],[139.75087,35.5216],[139.75095,35.52154],[139.751,35.52158],[139.75153,35.52118],[139.75175,35.52138],[139.75122,35.52178],[139.75254,35.52292],[139.75218,35.52319],[139.7528,35.52373],[139.75316,35.52347],[139.75433,35.52449],[139.75441,35.52444],[139.75499,35.52503]]]]}}]}