{"type":"FeatureCollection","features":[{"type":"Feature","properties":{},"geometry":{"type":"MultiPolygon","coordinates":[[[[139.02828,35.95967],[139.02847,35.95962],[139.02862,35.9594],[139.02871,35.95899],[139.0288,35.95716],[139.0289,35.95655],[139.0292,35.9563],[139.03037,35.95583],[139.03091,35.95548],[139.03116,35.9552],[139.03161,35.95438],[139.03199,35.95406],[139.03204,35.95381],[139.03197,35.95328],[139.03204,35.95298],[139.03233,35.95251],[139.03293,35.95183],[139.0332,35.95128],[139.03327,35.9509],[139.03325,35.95053],[139.03312,35.95028],[139.03302,35.9502],[139.03273,35.95011],[139.03195,35.95016],[139.0316,35.95014],[139.03085,35.94993],[139.03058,35.9499],[139.0303,35.94995],[139.03002,35.95006],[139.02945,35.95048],[139.02923,35.95082],[139.02926,35.95109],[139.02938,35.95129],[139.02995,35.95188],[139.0301,35.95218],[139.03019,35.95252],[139.03018,35.95325],[139.03007,35.95379],[139.02993,35.95394],[139.02976,35.954],[139.02914,35.95406],[139.02869,35.95418],[139.02819,35.95443],[139.02772,35.95478],[139.02749,35.95502],[139.02734,35.95529],[139.02721,35.9558],[139.02726,35.95606],[139.02754,35.95625],[139.02764,35.95638],[139.02766,35.9566],[139.02758,35.95676],[139.02735,35.95699],[139.0272,35.95707],[139.02694,35.95711],[139.02654,35.95705],[139.02636,35.95714],[139.0261,35.95747],[139.02572,35.95828],[139.02544,35.9585],[139.02524,35.95852],[139.02506,35.95858],[139.02507,35.95874],[139.02527,35.95897],[139.0255,35.95907],[139.02596,35.95912],[139.02656,35.95907],[139.02691,35.95908],[139.02733,35.95921],[139.02797,35.9596],[139.02828,35.95967]]],[[[138.98433,35.95865],[138.98441,35.95899],[138.98438,35.95921],[138.98432,35.9593],[138.98403,35.95938],[138.9839,35.9595],[138.98385,35.95976],[138.98386,35.95998],[138.98395,35.96019],[138.9841,35.96038],[138.98458,35.96073],[138.98484,35.96099],[138.98492,35.96116],[138.98496,35.96148],[138.98506,35.96165],[138.98532,35.96177],[138.98575,35.96178],[138.98604,35.96168],[138.98617,35.9615],[138.98622,35.96122],[138.98616,35.9604],[138.98621,35.95999],[138.98644,35.95942],[138.98696,35.95865],[138.98699,35.95836],[138.9867,35.95797],[138.98641,35.95699],[138.98626,35.95674],[138.98575,35.95655],[138.98489,35.95591],[138.98433,35.95537],[138.9841,35.95493],[138.9839,35.95486],[138.98371,35.95486],[138.98354,35.95491],[138.98342,35.95503],[138.98335,35.95522],[138.98335,35.95563],[138.98353,35.95619],[138.984,35.95702],[138.98404,35.95739],[138.98397,35.95773],[138.98398,35.95803],[138.98433,35.95865]]],[[[139.06148,35.96418],[139.06105,35.96432],[139.06053,35.96478],[139.06018,35.96487],[139.06023,35.965],[139.06071,35.96547],[139.06082,35.96573],[139.06085,35.96597],[139.06094,35.96609],[139.0612,35.96618],[139.06158,35.9662],[139.06184,35.96627],[139.06192,35.96635],[139.06202,35.96664],[139.06228,35.96682],[139.06224,35.96695],[139.06207,35.96713],[139.06097,35.96796],[139.06084,35.96813],[139.06076,35.96837],[139.06063,35.96844],[139.06044,35.96846],[139.06035,35.96858],[139.06037,35.96884],[139.06053,35.96923],[139.0607,35.96941],[139.06099,35.9696],[139.06116,35.97022],[139.06131,35.97035],[139.06146,35.9704],[139.06174,35.97039],[139.06198,35.97033],[139.06237,35.97017],[139.06256,35.97002],[139.06272,35.96975],[139.06276,35.96942],[139.06285,35.96921],[139.06311,35.96893],[139.0635,35.96867],[139.06371,35.96846],[139.06398,35.96797],[139.06403,35.96752],[139.06395,35.96716],[139.06342,35.96609],[139.06325,35.96562],[139.06317,35.96489],[139.06322,35.96439],[139.06325,35.96393],[139.06321,35.96386],[139.06289,35.96436],[139.06261,35.96461],[139.06248,35.96463],[139.06232,35.96458],[139.06224,35.96448],[139.06222,35.96432],[139.06206,35.96421],[139.06148,35.96418]]],[[[139.0888,35.98558],[139.08874,35.98527],[139.08879,35.98506],[139.08896,35.98495],[139.08908,35.98479],[139.08918,35.98433],[139.08921,35.98333],[139.0891,35.98277],[139.08895,35.98255],[139.0884,35.98227],[139.08746,35.98146],[139.08698,35.9812],[139.08668,35.98117],[139.08654,35.9812],[139.08617,35.98138],[139.08596,35.98159],[139.08588,35.98195],[139.08578,35.98204],[139.08559,35.982],[139.08544,35.98189],[139.08533,35.98159],[139.0852,35.98151],[139.08481,35.98145],[139.08393,35.98139],[139.08363,35.98129],[139.08342,35.9811],[139.08323,35.98106],[139.08247,35.98112],[139.08203,35.98107],[139.08178,35.98097],[139.08146,35.98075],[139.08111,35.98065],[139.08085,35.98067],[139.08044,35.98081],[139.07998,35.98088],[139.0789,35.98083],[139.07864,35.98095],[139.07851,35.98118],[139.07832,35.9813],[139.07767,35.98125],[139.07743,35.98132],[139.07728,35.98142],[139.07712,35.98172],[139.07706,35.98202],[139.07703,35.98263],[139.07708,35.98314],[139.0772,35.98339],[139.07751,35.98347],[139.07766,35.98357],[139.07775,35.98374],[139.07773,35.98387],[139.07757,35.98409],[139.07728,35.98433],[139.077,35.98448],[139.07677,35.98455],[139.07656,35.98451],[139.07642,35.98444],[139.07607,35.98409],[139.07592,35.98399],[139.07564,35.98395],[139.07535,35.98403],[139.07519,35.98427],[139.07517,35.98452],[139.07523,35.985],[139.07514,35.98534],[139.07497,35.98549],[139.07459,35.9856],[139.0744,35.98573],[139.07428,35.98591],[139.07421,35.98641],[139.07409,35.98668],[139.07394,35.98676],[139.07351,35.98684],[139.0734,35.987],[139.07337,35.98723],[139.07329,35.98739],[139.073,35.98748],[139.07288,35.9876],[139.0727,35.98814],[139.07263,35.98882],[139.07272,35.98915],[139.07289,35.98933],[139.07294,35.98947],[139.07253,35.98982],[139.0724,35.99009],[139.07233,35.99041],[139.07238,35.99066],[139.0726,35.99092],[139.07268,35.99109],[139.07266,35.99155],[139.07253,35.99194],[139.0724,35.99214],[139.07186,35.99262],[139.07174,35.9929],[139.07167,35.99328],[139.0717,35.99434],[139.07183,35.99462],[139.07202,35.99467],[139.07215,35.99483],[139.07221,35.99541],[139.07227,35.99559],[139.07246,35.99569],[139.07275,35.99565],[139.07299,35.99569],[139.0731,35.99579],[139.0733,35.99613],[139.07341,35.99621],[139.0737,35.9963],[139.07375,35.99651],[139.07368,35.99701],[139.07376,35.99726],[139.07396,35.99748],[139.07467,35.99784],[139.07502,35.99813],[139.0751,35.99834],[139.07505,35.99881],[139.07521,35.99894],[139.07549,35.99897],[139.07561,35.99902],[139.07566,35.99912],[139.07561,35.99942],[139.07573,35.99955],[139.07621,35.9997],[139.07673,35.99977],[139.07731,35.99973],[139.07761,35.99967],[139.07858,35.99928],[139.07987,35.99851],[139.08071,35.99812],[139.08132,35.99803],[139.08228,35.99765],[139.08265,35.99755],[139.08323,35.99751],[139.08383,35.99756],[139.08414,35.9975],[139.08436,35.99733],[139.08444,35.99722],[139.08466,35.99664],[139.08485,35.99647],[139.08497,35.99643],[139.08576,35.99646],[139.08605,35.99642],[139.0863,35.99632],[139.08667,35.99608],[139.08714,35.99592],[139.08782,35.99575],[139.08968,35.99542],[139.0904,35.9952],[139.09086,35.99494],[139.09099,35.99479],[139.09119,35.99389],[139.09134,35.99367],[139.09177,35.99324],[139.09189,35.99299],[139.09196,35.99261],[139.09209,35.99246],[139.09222,35.9924],[139.09273,35.99231],[139.09293,35.99231],[139.09311,35.99236],[139.09332,35.99257],[139.09358,35.99317],[139.09394,35.99339],[139.09429,35.99344],[139.09469,35.99342],[139.09502,35.99328],[139.09516,35.99317],[139.09547,35.99266],[139.09568,35.99189],[139.0957,35.99153],[139.09564,35.99139],[139.09551,35.99127],[139.09515,35.99118],[139.09503,35.99111],[139.09476,35.99058],[139.09459,35.99039],[139.09416,35.99015],[139.09339,35.98995],[139.09292,35.9899],[139.09236,35.98997],[139.09216,35.98992],[139.09146,35.98947],[139.09121,35.98938],[139.09097,35.98934],[139.09092,35.9893],[139.09099,35.98911],[139.09109,35.98902],[139.09136,35.98894],[139.09194,35.98889],[139.09207,35.98882],[139.09211,35.9887],[139.09202,35.98846],[139.09188,35.98833],[139.09159,35.98818],[139.0912,35.98807],[139.09094,35.98786],[139.09084,35.98752],[139.09089,35.98717],[139.09104,35.98705],[139.09152,35.98721],[139.09173,35.98723],[139.09204,35.98715],[139.09224,35.98701],[139.09241,35.98678],[139.09254,35.98644],[139.09264,35.98601],[139.09271,35.98531],[139.09263,35.98468],[139.09243,35.98441],[139.09216,35.98422],[139.09195,35.98419],[139.09177,35.98423],[139.09139,35.98455],[139.09116,35.98455],[139.09096,35.98451],[139.09037,35.98447],[139.08997,35.98453],[139.08974,35.98463],[139.08953,35.98488],[139.08945,35.9855],[139.08934,35.98575],[139.08923,35.98585],[139.0891,35.98589],[139.08893,35.98581],[139.0888,35.98558]]],[[[139.09771,36.07702],[139.09783,36.0769],[139.09802,36.0766],[139.09824,36.07608],[139.09845,36.07578],[139.09885,36.07564],[139.09891,36.07541],[139.09903,36.07531],[139.09947,36.07526],[139.0997,36.07516],[139.10005,36.07466],[139.10063,36.07421],[139.10069,36.07396],[139.1004,36.07322],[139.10043,36.07295],[139.10056,36.07273],[139.10077,36.0726],[139.10117,36.07255],[139.10143,36.07245],[139.10187,36.07213],[139.10274,36.0714],[139.10326,36.07111],[139.10403,36.07082],[139.10429,36.07065],[139.10438,36.07054],[139.10437,36.0704],[139.10426,36.07024],[139.10325,36.06945],[139.10299,36.06892],[139.10246,36.06846],[139.10213,36.06831],[139.10198,36.0683],[139.10187,36.06834],[139.10177,36.06851],[139.1017,36.06899],[139.1016,36.06911],[139.10146,36.06918],[139.10117,36.06921],[139.10098,36.06928],[139.10073,36.06949],[139.10037,36.06995],[139.10023,36.07005],[139.09997,36.07011],[139.09992,36.07023],[139.09994,36.07046],[139.10012,36.07117],[139.10006,36.07155],[139.09984,36.07191],[139.09967,36.07208],[139.09901,36.07258],[139.09859,36.07302],[139.09849,36.07328],[139.09853,36.07362],[139.09844,36.07386],[139.09827,36.07397],[139.09759,36.07418],[139.09731,36.07443],[139.09713,36.07453],[139.09631,36.0747],[139.09599,36.07485],[139.09582,36.07512],[139.09578,36.07553],[139.09596,36.07631],[139.09618,36.07672],[139.09647,36.077],[139.09684,36.07715],[139.09724,36.07718],[139.09741,36.07716],[139.09771,36.07702]]],[[[139.23051,36.07114],[139.23077,36.07219],[139.23101,36.07259],[139.23139,36.0728],[139.23243,36.07302],[139.23274,36.0732],[139.23277,36.07337],[139.23262,36.07369],[139.2326,36.07393],[139.2327,36.07404],[139.23297,36.07414],[139.23309,36.07424],[139.23314,36.07443],[139.23307,36.07467],[139.23308,36.07486],[139.23315,36.07495],[139.23343,36.07512],[139.23352,36.07536],[139.23334,36.07559],[139.23258,36.076],[139.23242,36.07622],[139.2324,36.07639],[139.23245,36.07654],[139.23257,36.07666],[139.23315,36.07687],[139.23336,36.07705],[139.23358,36.0775],[139.23367,36.07813],[139.23365,36.07848],[139.23356,36.07874],[139.2334,36.07891],[139.23306,36.07916],[139.23294,36.07938],[139.23295,36.07978],[139.23308,36.08009],[139.23319,36.08017],[139.23335,36.08018],[139.23422,36.07994],[139.23457,36.07993],[139.23488,36.07999],[139.23504,36.07996],[139.23517,36.07985],[139.23527,36.07968],[139.23531,36.07932],[139.23515,36.07919],[139.23478,36.07915],[139.23457,36.07907],[139.23444,36.07892],[139.23442,36.07879],[139.23447,36.07874],[139.23472,36.07871],[139.235,36.07858],[139.23551,36.07822],[139.23574,36.07798],[139.23595,36.07761],[139.23608,36.07684],[139.23628,36.07657],[139.23671,36.07624],[139.23683,36.07597],[139.23685,36.07575],[139.23676,36.07555],[139.23654,36.0754],[139.23621,36.07529],[139.23538,36.07515],[139.23513,36.07507],[139.23503,36.07497],[139.23515,36.07477],[139.23531,36.07469],[139.23556,36.07464],[139.23566,36.0745],[139.23575,36.07388],[139.23571,36.07327],[139.23556,36.07285],[139.23512,36.07247],[139.23501,36.07228],[139.23492,36.07166],[139.23481,36.07139],[139.23466,36.0713],[139.2341,36.07121],[139.23386,36.07109],[139.23375,36.07095],[139.23378,36.07059],[139.23426,36.06962],[139.23426,36.06944],[139.23419,36.06929],[139.23405,36.06916],[139.23384,36.06906],[139.23357,36.06898],[139.23208,36.06882],[139.23149,36.06871],[139.23104,36.06857],[139.23031,36.06822],[139.22976,36.06811],[139.22915,36.06814],[139.22876,36.06827],[139.22866,36.06853],[139.22874,36.06893],[139.22873,36.06909],[139.22857,36.06921],[139.22838,36.06923],[139.22814,36.06929],[139.22802,36.06945],[139.22803,36.06968],[139.22814,36.0698],[139.22846,36.06989],[139.22912,36.06995],[139.22944,36.07005],[139.22988,36.0703],[139.23025,36.07068],[139.23051,36.07114]]],[[[139.11374,36.08277],[139.1144,36.08262],[139.11461,36.08242],[139.11466,36.08216],[139.11456,36.08182],[139.1144,36.08167],[139.11393,36.0815],[139.11379,36.08139],[139.11385,36.08129],[139.11411,36.08112],[139.11423,36.08089],[139.1142,36.0807],[139.11409,36.08048],[139.11382,36.08032],[139.11309,36.08023],[139.11125,36.08039],[139.11069,36.0804],[139.11029,36.08036],[139.10976,36.08017],[139.10969,36.08022],[139.10967,36.08037],[139.10955,36.08054],[139.10921,36.08076],[139.10902,36.08095],[139.10901,36.0811],[139.10915,36.08134],[139.10934,36.0815],[139.10975,36.08171],[139.11087,36.08209],[139.11182,36.08262],[139.11223,36.08272],[139.11278,36.08277],[139.11374,36.08277]]],[[[139.23881,36.08502],[139.23888,36.08486],[139.23891,36.08458],[139.23881,36.08368],[139.23867,36.08314],[139.23856,36.08291],[139.23842,36.08277],[139.23801,36.08259],[139.2376,36.08258],[139.23713,36.08278],[139.2366,36.08318],[139.23634,36.08352],[139.23623,36.08386],[139.2363,36.08424],[139.23642,36.08437],[139.23659,36.08446],[139.23678,36.08453],[139.23693,36.08466],[139.23702,36.08485],[139.2371,36.08544],[139.23731,36.08561],[139.23753,36.08562],[139.23801,36.08549],[139.23823,36.08536],[139.23845,36.08512],[139.23881,36.08502]]],[[[139.11442,36.08963],[139.11409,36.09003],[139.11382,36.09018],[139.11349,36.09028],[139.11309,36.09035],[139.11249,36.09034],[139.11212,36.09027],[139.1114,36.08998],[139.11072,36.08978],[139.10907,36.08955],[139.1086,36.08942],[139.10849,36.08932],[139.10846,36.08919],[139.10823,36.0889],[139.10756,36.0883],[139.10699,36.08796],[139.1065,36.08787],[139.10621,36.08795],[139.10582,36.08821],[139.10546,36.08858],[139.10504,36.08918],[139.10483,36.08937],[139.10462,36.08947],[139.10403,36.08956],[139.10373,36.08974],[139.10344,36.09018],[139.10332,36.09057],[139.10334,36.09069],[139.10355,36.09087],[139.10399,36.09096],[139.10544,36.09095],[139.10576,36.09098],[139.10626,36.09112],[139.10656,36.09138],[139.10674,36.09192],[139.10693,36.09219],[139.10707,36.09229],[139.10743,36.09241],[139.10789,36.09244],[139.10854,36.0924],[139.10988,36.09208],[139.11058,36.09216],[139.11076,36.09208],[139.11088,36.09194],[139.111,36.09192],[139.11123,36.09202],[139.11174,36.09236],[139.11195,36.09244],[139.11226,36.09247],[139.11268,36.09233],[139.11321,36.09187],[139.11349,36.09172],[139.11381,36.09162],[139.11458,36.09157],[139.11497,36.09148],[139.11511,36.09136],[139.11516,36.09114],[139.11526,36.09108],[139.11546,36.0911],[139.11608,36.09134],[139.11625,36.09135],[139.11656,36.09125],[139.11672,36.09114],[139.11701,36.09081],[139.11747,36.09001],[139.11763,36.08957],[139.11765,36.08912],[139.11737,36.08912],[139.11765,36.0889],[139.11678,36.08862],[139.11631,36.08855],[139.11608,36.08861],[139.11571,36.08888],[139.11552,36.08958],[139.11539,36.08977],[139.11524,36.0898],[139.11486,36.08957],[139.11458,36.08953],[139.11442,36.08963]]],[[[139.23652,36.0995],[139.23638,36.09934],[139.23612,36.09925],[139.23539,36.09919],[139.23516,36.09909],[139.23503,36.09893],[139.23492,36.09838],[139.23477,36.09823],[139.23462,36.09818],[139.23428,36.09827],[139.23387,36.09855],[139.23352,36.09871],[139.23287,36.09878],[139.23265,36.09885],[139.23243,36.09906],[139.23235,36.09927],[139.2324,36.09961],[139.23268,36.09995],[139.23333,36.10036],[139.23395,36.10056],[139.23462,36.10054],[139.2355,36.10022],[139.2362,36.10026],[139.23641,36.10009],[139.23654,36.09973],[139.23652,36.0995]]],[[[139.10589,36.10338],[139.10574,36.10354],[139.10567,36.10379],[139.10576,36.10413],[139.10589,36.1043],[139.10608,36.10443],[139.10649,36.10452],[139.1074,36.10446],[139.10764,36.10447],[139.10777,36.10454],[139.10783,36.10474],[139.10798,36.10487],[139.10845,36.10501],[139.10886,36.10507],[139.10917,36.105],[139.10938,36.10477],[139.10952,36.10469],[139.10994,36.10462],[139.11031,36.10465],[139.11046,36.1047],[139.11055,36.10477],[139.1106,36.10493],[139.11087,36.10504],[139.11141,36.10508],[139.11187,36.10505],[139.11223,36.1049],[139.11249,36.10461],[139.11264,36.1042],[139.11267,36.10395],[139.11263,36.10372],[139.1125,36.10353],[139.11229,36.10335],[139.112,36.10321],[139.11116,36.10301],[139.10942,36.1029],[139.10759,36.10292],[139.10671,36.10305],[139.10614,36.10324],[139.10589,36.10338]]],[[[139.199,36.11152],[139.19922,36.11154],[139.19938,36.11161],[139.19957,36.1119],[139.19983,36.11209],[139.20024,36.11222],[139.20081,36.11226],[139.20082,36.1122],[139.2006,36.11188],[139.20053,36.11155],[139.2004,36.10958],[139.20031,36.10931],[139.2001,36.10911],[139.19949,36.10889],[139.19874,36.10881],[139.19848,36.10888],[139.19821,36.10914],[139.19789,36.10917],[139.19768,36.10911],[139.19715,36.10879],[139.19654,36.10872],[139.19607,36.10882],[139.19574,36.10909],[139.19552,36.10952],[139.19551,36.10986],[139.19581,36.11025],[139.19627,36.11058],[139.19691,36.11092],[139.19783,36.11121],[139.19799,36.1113],[139.19824,36.11154],[139.1985,36.11158],[139.199,36.11152]]],[[[139.19446,36.11508],[139.19477,36.11521],[139.19517,36.11527],[139.19532,36.11539],[139.19543,36.11576],[139.19546,36.11633],[139.19554,36.11673],[139.19579,36.11732],[139.19625,36.11808],[139.19634,36.1184],[139.19633,36.11868],[139.19616,36.11907],[139.19608,36.11952],[139.19606,36.12055],[139.19613,36.1226],[139.19607,36.12312],[139.19597,36.12343],[139.19576,36.12363],[139.19562,36.12368],[139.19548,36.12365],[139.19509,36.12343],[139.19475,36.12336],[139.19427,36.12339],[139.19411,36.12356],[139.19414,36.12386],[139.1943,36.12413],[139.19453,36.12432],[139.19487,36.12445],[139.19493,36.12453],[139.1949,36.12463],[139.19462,36.12492],[139.19453,36.12523],[139.19462,36.12561],[139.19484,36.12586],[139.19516,36.12602],[139.19578,36.12611],[139.19588,36.12617],[139.19595,36.12643],[139.19611,36.1266],[139.19638,36.12677],[139.19672,36.12684],[139.19709,36.12674],[139.1975,36.12652],[139.19788,36.1264],[139.19856,36.12643],[139.19868,36.12631],[139.1987,36.12608],[139.19878,36.12592],[139.19919,36.12582],[139.19946,36.12556],[139.19976,36.12545],[139.20099,36.12537],[139.20135,36.12527],[139.20167,36.1251],[139.20173,36.12515],[139.20176,36.12542],[139.20184,36.12558],[139.20199,36.12565],[139.20218,36.12563],[139.20228,36.12554],[139.20232,36.12535],[139.20239,36.12527],[139.20312,36.12512],[139.2035,36.12491],[139.20414,36.12445],[139.20434,36.12435],[139.20471,36.12426],[139.20492,36.12405],[139.20537,36.12336],[139.20565,36.12321],[139.20611,36.12313],[139.20655,36.12266],[139.20707,36.1225],[139.20841,36.12231],[139.20888,36.1221],[139.209,36.12191],[139.20895,36.12159],[139.20875,36.12134],[139.20852,36.1212],[139.20804,36.12104],[139.20736,36.12091],[139.20649,36.12081],[139.20597,36.12084],[139.20559,36.12098],[139.20545,36.12109],[139.20527,36.1214],[139.20513,36.12191],[139.20496,36.12213],[139.20475,36.12226],[139.20425,36.12231],[139.20406,36.12238],[139.20366,36.12285],[139.20354,36.12287],[139.20322,36.1228],[139.20282,36.1231],[139.20189,36.12323],[139.2016,36.12339],[139.20138,36.12361],[139.20122,36.12367],[139.20104,36.12365],[139.20085,36.12354],[139.20059,36.12328],[139.2005,36.12308],[139.20049,36.12288],[139.20056,36.12244],[139.20051,36.12224],[139.20039,36.12205],[139.20011,36.12178],[139.19992,36.12143],[139.19983,36.12067],[139.19974,36.12042],[139.19949,36.12017],[139.1991,36.12006],[139.1988,36.11988],[139.19867,36.1197],[139.19846,36.11921],[139.19829,36.11903],[139.19805,36.11888],[139.19793,36.11857],[139.19798,36.11808],[139.19805,36.11795],[139.19829,36.11776],[139.19837,36.11746],[139.19839,36.11664],[139.19833,36.11546],[139.19843,36.11461],[139.1986,36.11427],[139.19908,36.11398],[139.1993,36.11373],[139.19935,36.11341],[139.19927,36.11313],[139.19908,36.11295],[139.19851,36.1127],[139.19798,36.11221],[139.19771,36.11212],[139.19722,36.11204],[139.19697,36.11188],[139.19655,36.11149],[139.19619,36.1114],[139.19599,36.11129],[139.19494,36.11037],[139.19453,36.11007],[139.19429,36.10996],[139.19401,36.10991],[139.1938,36.10995],[139.19367,36.11008],[139.19355,36.11052],[139.19355,36.11104],[139.19362,36.11137],[139.1939,36.11175],[139.19397,36.11204],[139.19399,36.11247],[139.1939,36.11396],[139.19399,36.1146],[139.19415,36.11486],[139.19446,36.11508]]],[[[139.21403,36.12698],[139.21431,36.12678],[139.21454,36.12654],[139.2147,36.12626],[139.21478,36.12596],[139.21481,36.12548],[139.2149,36.12517],[139.21499,36.12506],[139.21524,36.12499],[139.21534,36.12478],[139.21537,36.12428],[139.21528,36.12378],[139.21509,36.12353],[139.21463,36.12342],[139.21455,36.12331],[139.21453,36.12316],[139.21447,36.12312],[139.21374,36.12336],[139.21336,36.12337],[139.21272,36.1233],[139.21244,36.12337],[139.21229,36.12348],[139.21218,36.1237],[139.21241,36.12402],[139.2125,36.1245],[139.21242,36.12595],[139.21254,36.12665],[139.21275,36.12694],[139.2129,36.12703],[139.21341,36.12714],[139.21373,36.1271],[139.21403,36.12698]]],[[[139.21348,36.13259],[139.21346,36.13276],[139.21353,36.13309],[139.21343,36.13342],[139.21326,36.13365],[139.21269,36.13419],[139.21251,36.13456],[139.21255,36.13482],[139.21264,36.13502],[139.21297,36.13545],[139.21339,36.13576],[139.2137,36.13585],[139.21413,36.13578],[139.21451,36.13545],[139.21494,36.1353],[139.21572,36.1352],[139.2165,36.13519],[139.21683,36.13511],[139.21703,36.13494],[139.21712,36.13467],[139.21708,36.1343],[139.2169,36.13386],[139.2166,36.13363],[139.21622,36.13359],[139.21605,36.13352],[139.21596,36.13331],[139.21601,36.1331],[139.21617,36.1328],[139.21641,36.13257],[139.2167,36.13238],[139.2169,36.13209],[139.21698,36.1315],[139.21683,36.13099],[139.21644,36.13048],[139.21549,36.1296],[139.21536,36.12942],[139.21529,36.12921],[139.21514,36.12917],[139.21458,36.12924],[139.21433,36.12917],[139.21419,36.12906],[139.21411,36.12907],[139.21413,36.12922],[139.21455,36.13044],[139.2146,36.13078],[139.21457,36.13101],[139.21426,36.13144],[139.21412,36.13212],[139.21392,36.1323],[139.21357,36.13246],[139.21348,36.13259]]],[[[139.25193,36.13781],[139.25197,36.13797],[139.25206,36.13806],[139.25271,36.13835],[139.25339,36.13895],[139.25351,36.13898],[139.25355,36.13895],[139.25359,36.13869],[139.25354,36.13838],[139.25317,36.13769],[139.25307,36.13718],[139.25307,36.13625],[139.25319,36.13571],[139.25333,36.13548],[139.25374,36.13518],[139.25395,36.13494],[139.25475,36.13372],[139.25491,36.1336],[139.25524,36.13351],[139.25535,36.13318],[139.25577,36.13285],[139.25591,36.13212],[139.25599,36.13199],[139.25631,36.13175],[139.25633,36.13163],[139.25626,36.13132],[139.25635,36.13117],[139.2567,36.13097],[139.25727,36.13078],[139.25753,36.1306],[139.25762,36.13049],[139.2577,36.13022],[139.25766,36.12959],[139.25775,36.12933],[139.25792,36.12911],[139.25838,36.12875],[139.25847,36.12856],[139.25843,36.12824],[139.25828,36.12803],[139.2581,36.12787],[139.25788,36.12777],[139.25729,36.12771],[139.2572,36.12766],[139.25721,36.12758],[139.25738,36.12742],[139.25747,36.12722],[139.25741,36.1269],[139.25728,36.12675],[139.25706,36.12663],[139.25675,36.12654],[139.25598,36.12645],[139.25551,36.12654],[139.25516,36.12675],[139.255,36.12694],[139.25491,36.12715],[139.25489,36.1274],[139.25496,36.12792],[139.2549,36.12813],[139.25478,36.1283],[139.25444,36.12853],[139.25439,36.12864],[139.25442,36.12876],[139.25462,36.12899],[139.25463,36.12913],[139.25433,36.12968],[139.2543,36.12982],[139.25438,36.13005],[139.25437,36.13016],[139.25421,36.13033],[139.25378,36.13063],[139.25366,36.13085],[139.25359,36.13123],[139.25318,36.13161],[139.2531,36.1319],[139.25306,36.13242],[139.2529,36.13279],[139.2526,36.13301],[139.25229,36.13309],[139.25178,36.13314],[139.25158,36.13328],[139.25142,36.1337],[139.25136,36.13431],[139.25117,36.13458],[139.25101,36.13467],[139.25058,36.13473],[139.2497,36.13461],[139.24919,36.13458],[139.24857,36.13467],[139.24827,36.13482],[139.24806,36.13499],[139.24793,36.13516],[139.24789,36.13533],[139.24796,36.13571],[139.24787,36.13586],[139.24774,36.13592],[139.24759,36.13605],[139.24753,36.13617],[139.24751,36.13649],[139.24777,36.13698],[139.24811,36.1373],[139.24853,36.13746],[139.24913,36.13756],[139.25109,36.13763],[139.25176,36.13772],[139.25193,36.13781]]],[[[139.29197,36.14418],[139.29208,36.14434],[139.29244,36.1445],[139.2926,36.14465],[139.29253,36.1452],[139.29262,36.14545],[139.29275,36.14562],[139.29298,36.14581],[139.29316,36.14589],[139.29346,36.14592],[139.29364,36.14589],[139.29385,36.14577],[139.29416,36.14531],[139.29457,36.14519],[139.29465,36.14503],[139.29466,36.14487],[139.29458,36.1446],[139.29429,36.14439],[139.2942,36.14419],[139.29412,36.14369],[139.29411,36.14298],[139.29399,36.1424],[139.29385,36.14213],[139.29357,36.14184],[139.29345,36.14158],[139.2934,36.14106],[139.29348,36.14023],[139.29338,36.13976],[139.29322,36.13954],[139.29281,36.13927],[139.2925,36.13917],[139.29208,36.13917],[139.29156,36.13925],[139.29122,36.13939],[139.2911,36.13952],[139.29103,36.13978],[139.29077,36.13995],[139.29067,36.14005],[139.29062,36.14021],[139.29068,36.14069],[139.2909,36.14111],[139.29107,36.14124],[139.29135,36.14135],[139.29151,36.14156],[139.29146,36.14253],[139.29181,36.14321],[139.29197,36.14418]]],[[[139.18208,36.22841],[139.18234,36.22841],[139.18296,36.22858],[139.18336,36.22856],[139.18357,36.22844],[139.18389,36.22804],[139.18409,36.22786],[139.18479,36.22747],[139.18489,36.22734],[139.18488,36.22719],[139.18469,36.22695],[139.18451,36.22685],[139.18417,36.2268],[139.18359,36.22687],[139.18344,36.22679],[139.18341,36.22664],[139.18329,36.22653],[139.18306,36.22649],[139.18278,36.22651],[139.18263,36.22659],[139.18253,36.22687],[139.18209,36.227],[139.18166,36.22759],[139.18096,36.22811],[139.18062,36.22838],[139.18054,36.22851],[139.18059,36.2286],[139.18081,36.22874],[139.18091,36.22903],[139.181,36.22907],[139.18126,36.22903],[139.18175,36.22882],[139.18196,36.22865],[139.18208,36.22841]]],[[[139.40618,35.81408],[139.40659,35.81446],[139.40695,35.81455],[139.40759,35.81438],[139.40778,35.8144],[139.40791,35.81448],[139.4081,35.81477],[139.40826,35.81486],[139.40915,35.81499],[139.4102,35.81546],[139.41049,35.81545],[139.41096,35.8152],[139.41144,35.81518],[139.4116,35.81525],[139.41173,35.81537],[139.41193,35.81577],[139.41217,35.8159],[139.41234,35.81595],[139.41279,35.81598],[139.41367,35.81593],[139.41441,35.81594],[139.4148,35.816],[139.41556,35.81623],[139.4167,35.81632],[139.41703,35.81639],[139.41739,35.8166],[139.41786,35.81716],[139.41846,35.81747],[139.41851,35.81766],[139.41843,35.81789],[139.41845,35.81805],[139.41883,35.81819],[139.41894,35.81852],[139.41931,35.81878],[139.41941,35.819],[139.4195,35.8195],[139.41976,35.81971],[139.42021,35.81983],[139.42077,35.81983],[139.42097,35.81978],[139.42139,35.81955],[139.42211,35.81946],[139.4223,35.81933],[139.42243,35.81911],[139.42248,35.81879],[139.42241,35.81807],[139.42221,35.81763],[139.42193,35.81728],[139.42174,35.81691],[139.42164,35.81611],[139.42154,35.81577],[139.42136,35.81549],[139.42118,35.81537],[139.42082,35.81533],[139.42018,35.81548],[139.41977,35.81549],[139.41957,35.81541],[139.41928,35.81513],[139.41914,35.81506],[139.41901,35.81505],[139.41877,35.8151],[139.41851,35.81507],[139.4171,35.81458],[139.41653,35.81444],[139.41563,35.81436],[139.41472,35.8144],[139.4139,35.81426],[139.41342,35.81405],[139.41261,35.81345],[139.41226,35.81326],[139.41194,35.81316],[139.41153,35.81312],[139.41123,35.81303],[139.41109,35.81291],[139.41086,35.81256],[139.41071,35.81249],[139.41033,35.81244],[139.41014,35.81237],[139.4099,35.81216],[139.40948,35.81163],[139.40934,35.81156],[139.40902,35.81151],[139.40876,35.81124],[139.4085,35.81114],[139.40808,35.81109],[139.40756,35.81112],[139.40704,35.81125],[139.40652,35.81147],[139.40627,35.81167],[139.40613,35.81191],[139.40612,35.8122],[139.40631,35.81281],[139.40633,35.81302],[139.40627,35.81317],[139.40596,35.81339],[139.40591,35.81359],[139.40598,35.8138],[139.40618,35.81408]]],[[[139.41773,35.82991],[139.41818,35.82937],[139.41835,35.82924],[139.41854,35.82917],[139.41903,35.82912],[139.41928,35.82901],[139.41953,35.82879],[139.41966,35.82851],[139.41958,35.82809],[139.41928,35.82735],[139.419,35.82703],[139.41863,35.8269],[139.41824,35.82694],[139.41803,35.82704],[139.41785,35.8272],[139.41761,35.82751],[139.41729,35.82772],[139.41701,35.82779],[139.41652,35.8278],[139.4162,35.82787],[139.41609,35.82794],[139.41598,35.82824],[139.41576,35.82837],[139.41554,35.82857],[139.41551,35.82872],[139.41556,35.82884],[139.41577,35.82901],[139.41647,35.82937],[139.41663,35.82951],[139.41692,35.82995],[139.41725,35.83005],[139.41755,35.83001],[139.41773,35.82991]]],[[[139.35338,35.83801],[139.35329,35.83786],[139.35311,35.83775],[139.35302,35.83751],[139.35311,35.83666],[139.35309,35.83644],[139.35302,35.8363],[139.35274,35.83607],[139.35266,35.83562],[139.35283,35.83517],[139.35347,35.8345],[139.35353,35.83421],[139.35331,35.83394],[139.35306,35.8338],[139.35277,35.83371],[139.35234,35.83365],[139.35129,35.83364],[139.35143,35.8328],[139.35132,35.83252],[139.35104,35.8324],[139.3506,35.83238],[139.35033,35.83241],[139.34986,35.83258],[139.34952,35.83291],[139.3493,35.83339],[139.34917,35.83432],[139.34921,35.83508],[139.34931,35.83521],[139.34944,35.83522],[139.34956,35.83531],[139.34963,35.83567],[139.34974,35.83586],[139.35017,35.83606],[139.35034,35.8362],[139.35052,35.83655],[139.35072,35.83728],[139.35083,35.83746],[139.35102,35.83759],[139.35111,35.83773],[139.3511,35.83811],[139.35091,35.8389],[139.35091,35.83907],[139.35101,35.83933],[139.35125,35.83947],[139.35201,35.83952],[139.35249,35.83961],[139.35319,35.83996],[139.35354,35.83995],[139.35378,35.83985],[139.35392,35.83964],[139.35394,35.83932],[139.35387,35.839],[139.35374,35.83875],[139.35357,35.83862],[139.35334,35.83857],[139.35329,35.8385],[139.35338,35.83801]]],[[[139.39525,35.84326],[139.39557,35.84312],[139.39633,35.84248],[139.39674,35.84232],[139.39674,35.84211],[139.39654,35.8416],[139.39651,35.84134],[139.39663,35.84097],[139.39691,35.84062],[139.39703,35.84034],[139.39708,35.83984],[139.39702,35.83913],[139.39707,35.83888],[139.39719,35.83872],[139.39738,35.83864],[139.39767,35.83869],[139.39784,35.83882],[139.39823,35.8394],[139.39859,35.83957],[139.3989,35.83958],[139.39924,35.8395],[139.39952,35.83932],[139.39975,35.83904],[139.39993,35.83867],[139.40005,35.83825],[139.40008,35.83794],[139.40002,35.83774],[139.39988,35.83765],[139.39962,35.83762],[139.39954,35.83755],[139.39957,35.83718],[139.39932,35.83686],[139.3982,35.83619],[139.39761,35.8357],[139.39734,35.83534],[139.397,35.83464],[139.39678,35.83445],[139.39664,35.83439],[139.39634,35.83436],[139.39601,35.83443],[139.39569,35.8346],[139.39558,35.83478],[139.39558,35.83521],[139.39568,35.8355],[139.39596,35.83597],[139.396,35.8365],[139.39581,35.83722],[139.39564,35.83747],[139.39539,35.83764],[139.39531,35.83779],[139.39523,35.83852],[139.39513,35.83882],[139.39494,35.83902],[139.39466,35.83914],[139.39377,35.83922],[139.39345,35.83935],[139.39334,35.8395],[139.39323,35.84009],[139.393,35.84036],[139.39293,35.84049],[139.39294,35.84066],[139.39345,35.84145],[139.39357,35.84189],[139.3936,35.84238],[139.39373,35.84267],[139.39412,35.84302],[139.39451,35.8432],[139.39489,35.84328],[139.39525,35.84326]]],[[[139.35274,35.8412],[139.35271,35.84153],[139.3528,35.84294],[139.3527,35.84359],[139.35257,35.84399],[139.35255,35.84436],[139.35268,35.84468],[139.35281,35.84482],[139.35317,35.84508],[139.35386,35.84535],[139.35443,35.84539],[139.35488,35.84521],[139.3552,35.84484],[139.35536,35.84427],[139.35536,35.84355],[139.35528,35.84319],[139.35512,35.84293],[139.3549,35.84279],[139.35452,35.84269],[139.35434,35.84258],[139.35416,35.84237],[139.35411,35.84221],[139.35418,35.84207],[139.35434,35.84197],[139.35493,35.84182],[139.35517,35.84172],[139.35537,35.84147],[139.35539,35.84126],[139.35532,35.84107],[139.35513,35.84091],[139.35485,35.8408],[139.35394,35.84061],[139.35358,35.84041],[139.35343,35.84025],[139.35319,35.84006],[139.35302,35.83999],[139.35272,35.83995],[139.35256,35.84002],[139.35264,35.84017],[139.35296,35.84049],[139.35302,35.84064],[139.35299,35.84077],[139.35281,35.84096],[139.35274,35.8412]]],[[[139.39204,35.85215],[139.39239,35.85219],[139.39281,35.85206],[139.39313,35.85185],[139.39364,35.85136],[139.39397,35.85117],[139.39412,35.85115],[139.39427,35.8512],[139.39439,35.85146],[139.39454,35.85153],[139.39481,35.85159],[139.39565,35.85159],[139.39597,35.8515],[139.39614,35.85135],[139.39617,35.85112],[139.39614,35.85098],[139.39596,35.85066],[139.39566,35.8505],[139.39498,35.85041],[139.39484,35.85033],[139.39473,35.85016],[139.39465,35.84974],[139.39468,35.84931],[139.39484,35.84901],[139.39535,35.8485],[139.39547,35.84824],[139.39548,35.84807],[139.39541,35.84788],[139.39523,35.84766],[139.39438,35.847],[139.39414,35.84674],[139.39404,35.84637],[139.39419,35.84603],[139.39421,35.84572],[139.39411,35.84554],[139.39369,35.84511],[139.39358,35.84486],[139.39353,35.84455],[139.39337,35.84442],[139.3931,35.84439],[139.39281,35.84443],[139.39257,35.84454],[139.39237,35.84472],[139.39232,35.84508],[139.39253,35.84606],[139.39254,35.84654],[139.39244,35.84676],[139.39207,35.84703],[139.39192,35.84719],[139.3916,35.84785],[139.39143,35.84797],[139.39111,35.84805],[139.39093,35.84828],[139.39088,35.84854],[139.39093,35.8487],[139.39139,35.84921],[139.39148,35.84938],[139.3915,35.84955],[139.39144,35.84972],[139.39129,35.84991],[139.39105,35.85],[139.39085,35.85001],[139.39062,35.85012],[139.39053,35.85028],[139.39049,35.85065],[139.39057,35.85103],[139.39067,35.85112],[139.39098,35.85121],[139.39109,35.85152],[139.39129,35.85173],[139.39166,35.85197],[139.39204,35.85215]]],[[[139.31828,35.8601],[139.31841,35.86023],[139.31848,35.86069],[139.31856,35.86083],[139.31872,35.8609],[139.3192,35.86085],[139.31946,35.8609],[139.31955,35.861],[139.31959,35.86129],[139.31969,35.86142],[139.31987,35.86145],[139.32003,35.86139],[139.3202,35.86086],[139.32039,35.86071],[139.32068,35.86063],[139.32098,35.86067],[139.32126,35.8609],[139.32173,35.86099],[139.32271,35.861],[139.32307,35.86095],[139.32327,35.86085],[139.32332,35.86072],[139.32326,35.8605],[139.32328,35.8604],[139.32363,35.86028],[139.32371,35.86012],[139.32372,35.85988],[139.32364,35.85966],[139.32335,35.85933],[139.32324,35.85911],[139.3229,35.85762],[139.32273,35.85721],[139.3225,35.85684],[139.32245,35.85655],[139.3226,35.85603],[139.32276,35.85582],[139.32302,35.85563],[139.32311,35.85534],[139.3232,35.85457],[139.32324,35.85319],[139.32335,35.8526],[139.32346,35.85245],[139.3236,35.85242],[139.32367,35.85236],[139.32381,35.85214],[139.32417,35.85108],[139.32438,35.8507],[139.32478,35.85031],[139.32539,35.85007],[139.32555,35.84995],[139.32561,35.84984],[139.32554,35.84963],[139.32556,35.84954],[139.32595,35.84926],[139.32629,35.84862],[139.3266,35.84845],[139.32759,35.84835],[139.32828,35.84812],[139.32872,35.84788],[139.32889,35.84774],[139.32895,35.84761],[139.32891,35.84749],[139.32894,35.84739],[139.32925,35.84726],[139.32988,35.84717],[139.33026,35.84705],[139.3305,35.84685],[139.33061,35.84656],[139.33052,35.84601],[139.33022,35.84561],[139.32992,35.84544],[139.32934,35.84533],[139.32896,35.84518],[139.32883,35.84504],[139.32875,35.84475],[139.32863,35.84465],[139.32805,35.84456],[139.32779,35.84446],[139.32744,35.84414],[139.32712,35.84367],[139.32669,35.84335],[139.32634,35.84325],[139.32594,35.84322],[139.32507,35.84336],[139.3246,35.84351],[139.32391,35.84383],[139.32345,35.8441],[139.3233,35.84425],[139.32327,35.84437],[139.32332,35.84451],[139.32369,35.8448],[139.32379,35.8451],[139.32382,35.84555],[139.32366,35.8461],[139.32326,35.84671],[139.32268,35.84735],[139.32202,35.84791],[139.32159,35.8481],[139.32147,35.84828],[139.32155,35.84856],[139.32177,35.84886],[139.32202,35.84908],[139.3224,35.84923],[139.32252,35.84934],[139.32249,35.84944],[139.32231,35.84962],[139.32222,35.84991],[139.32231,35.85079],[139.32225,35.85108],[139.3219,35.85139],[139.32152,35.85233],[139.32119,35.85274],[139.32063,35.85309],[139.31985,35.85333],[139.31945,35.85363],[139.31923,35.85398],[139.31906,35.8545],[139.31878,35.85618],[139.31864,35.85668],[139.31842,35.85689],[139.31811,35.85695],[139.31802,35.85702],[139.3179,35.85754],[139.31777,35.85769],[139.31738,35.85782],[139.31699,35.85783],[139.31652,35.85796],[139.31634,35.85815],[139.31626,35.85859],[139.31641,35.85899],[139.3168,35.85924],[139.31737,35.85935],[139.31776,35.8595],[139.31789,35.85963],[139.318,35.86003],[139.31828,35.8601]]],[[[139.40264,35.85403],[139.40294,35.85397],[139.40321,35.85402],[139.40337,35.85412],[139.40372,35.85446],[139.40392,35.85456],[139.40406,35.85457],[139.40419,35.8545],[139.4043,35.85432],[139.40455,35.85334],[139.40477,35.85287],[139.4049,35.85274],[139.40514,35.85262],[139.40587,35.85248],[139.40605,35.85233],[139.40613,35.85208],[139.40588,35.85179],[139.40529,35.85147],[139.40454,35.85122],[139.40417,35.85119],[139.4039,35.85127],[139.40364,35.85158],[139.40319,35.85188],[139.40224,35.85224],[139.40164,35.85251],[139.40144,35.85271],[139.40139,35.85293],[139.40158,35.85331],[139.40181,35.85349],[139.40224,35.85367],[139.40233,35.85376],[139.40238,35.85396],[139.40245,35.85402],[139.40264,35.85403]]],[[[139.36371,35.93847],[139.36386,35.9384],[139.36394,35.93825],[139.36399,35.93793],[139.36409,35.93779],[139.36465,35.93738],[139.36489,35.93714],[139.36554,35.93627],[139.36576,35.93574],[139.3658,35.93543],[139.36576,35.93499],[139.36597,35.9345],[139.36628,35.93415],[139.36694,35.93357],[139.36732,35.93304],[139.36737,35.93273],[139.36713,35.93198],[139.36719,35.93165],[139.36694,35.93161],[139.36658,35.93165],[139.36582,35.9318],[139.36542,35.93193],[139.36504,35.93215],[139.36484,35.93246],[139.36471,35.93258],[139.36418,35.93284],[139.36402,35.93309],[139.36397,35.93362],[139.36385,35.9341],[139.3634,35.93503],[139.36292,35.93562],[139.36213,35.93621],[139.36194,35.93665],[139.36155,35.93704],[139.36134,35.93733],[139.36129,35.93769],[139.36139,35.93808],[139.36157,35.93824],[139.362,35.93829],[139.36275,35.93814],[139.36301,35.93813],[139.36319,35.93817],[139.36336,35.93836],[139.36351,35.93845],[139.36371,35.93847]]],[[[139.33724,35.93928],[139.33744,35.93925],[139.33754,35.93918],[139.33763,35.93887],[139.33755,35.93848],[139.33736,35.9383],[139.33707,35.9382],[139.33683,35.93805],[139.33659,35.93768],[139.33644,35.93756],[139.33621,35.93749],[139.33592,35.93745],[139.33545,35.9375],[139.33514,35.93771],[139.33498,35.93808],[139.33487,35.93868],[139.33488,35.93909],[139.33498,35.93922],[139.33535,35.93932],[139.33548,35.93968],[139.33587,35.93996],[139.33618,35.94],[139.33639,35.93993],[139.33699,35.9394],[139.33724,35.93928]]],[[[139.35355,35.94087],[139.3535,35.941],[139.3536,35.94121],[139.35386,35.94134],[139.35426,35.94134],[139.35461,35.94122],[139.35514,35.94086],[139.35537,35.94061],[139.35558,35.94019],[139.35572,35.93913],[139.35614,35.93839],[139.35619,35.93798],[139.35611,35.93779],[139.35602,35.9377],[139.35563,35.93759],[139.35502,35.93766],[139.35463,35.93778],[139.35428,35.93797],[139.35398,35.93822],[139.35388,35.93841],[139.35389,35.93871],[139.35414,35.93932],[139.35412,35.93992],[139.3539,35.94059],[139.35378,35.94073],[139.35355,35.94087]]],[[[139.4152,35.94296],[139.41559,35.94312],[139.41571,35.94331],[139.41579,35.9438],[139.416,35.94402],[139.41675,35.94416],[139.4171,35.94437],[139.41743,35.94467],[139.4179,35.94482],[139.4183,35.94482],[139.41898,35.94466],[139.41934,35.9445],[139.41959,35.94429],[139.41974,35.94404],[139.41979,35.94377],[139.41977,35.94358],[139.41969,35.94346],[139.4192,35.94336],[139.4191,35.9433],[139.41905,35.9431],[139.41896,35.943],[139.41808,35.94267],[139.41788,35.94252],[139.41737,35.94192],[139.41697,35.94168],[139.41607,35.9413],[139.41554,35.94085],[139.41518,35.94072],[139.41454,35.94067],[139.41418,35.94058],[139.41402,35.94046],[139.41381,35.94011],[139.41358,35.94],[139.41334,35.94005],[139.41314,35.94014],[139.41264,35.94051],[139.41246,35.94074],[139.41243,35.94099],[139.41263,35.94139],[139.41328,35.94196],[139.41395,35.94229],[139.41407,35.94248],[139.41411,35.94271],[139.41424,35.94283],[139.41463,35.94293],[139.4152,35.94296]]],[[[139.31977,35.94121],[139.31976,35.94085],[139.3196,35.94028],[139.31943,35.94004],[139.31924,35.93991],[139.31917,35.93975],[139.31916,35.93935],[139.31927,35.93849],[139.31925,35.93816],[139.31919,35.93803],[139.31901,35.93788],[139.31834,35.93767],[139.3182,35.93756],[139.31825,35.93746],[139.3186,35.9372],[139.31876,35.93686],[139.31879,35.93625],[139.31867,35.93593],[139.31853,35.93582],[139.31796,35.93573],[139.31759,35.93551],[139.31743,35.93548],[139.31716,35.93558],[139.31695,35.93573],[139.31672,35.93596],[139.3166,35.93616],[139.31664,35.93642],[139.31699,35.93671],[139.31703,35.93714],[139.31693,35.93761],[139.31682,35.93786],[139.31667,35.93804],[139.31629,35.93822],[139.31617,35.93836],[139.31612,35.93871],[139.31617,35.93934],[139.31609,35.9396],[139.31592,35.93982],[139.31552,35.94008],[139.31515,35.94023],[139.31462,35.94031],[139.3145,35.94038],[139.31444,35.94059],[139.3145,35.94101],[139.31441,35.94121],[139.31424,35.9414],[139.31386,35.94166],[139.3136,35.94191],[139.31352,35.94208],[139.31342,35.9425],[139.31313,35.94284],[139.31279,35.94307],[139.31252,35.94318],[139.3114,35.94348],[139.31129,35.94358],[139.31123,35.94381],[139.31107,35.94402],[139.3108,35.94426],[139.31054,35.9444],[139.31002,35.94452],[139.30913,35.94456],[139.30868,35.94465],[139.30852,35.94477],[139.3084,35.94519],[139.30818,35.94535],[139.30731,35.94554],[139.30578,35.94577],[139.30516,35.94581],[139.30474,35.94574],[139.30463,35.94583],[139.30457,35.94611],[139.30421,35.94623],[139.30293,35.94619],[139.30253,35.94624],[139.30239,35.9463],[139.30224,35.94647],[139.30228,35.94699],[139.30222,35.94722],[139.3021,35.94743],[139.30174,35.94776],[139.30158,35.94797],[139.30154,35.94815],[139.30159,35.9483],[139.30185,35.94848],[139.30209,35.9485],[139.30293,35.94822],[139.30423,35.94827],[139.30438,35.94821],[139.30462,35.94802],[139.30503,35.94793],[139.3059,35.94792],[139.30644,35.94799],[139.30677,35.94812],[139.30697,35.94833],[139.30712,35.94867],[139.30731,35.94942],[139.30747,35.94972],[139.30766,35.94985],[139.30807,35.94994],[139.30837,35.94995],[139.30866,35.94987],[139.30891,35.94966],[139.30913,35.94936],[139.30946,35.94918],[139.3099,35.94916],[139.31037,35.94928],[139.31068,35.94949],[139.31099,35.95003],[139.31122,35.9501],[139.31151,35.95005],[139.31171,35.95006],[139.31177,35.95012],[139.31182,35.95033],[139.31191,35.95041],[139.31234,35.95058],[139.31253,35.95073],[139.31266,35.95124],[139.31298,35.95152],[139.31307,35.95175],[139.31322,35.95369],[139.31334,35.95402],[139.31351,35.95423],[139.31407,35.95444],[139.31483,35.95454],[139.31509,35.95475],[139.31523,35.95513],[139.31539,35.95535],[139.31567,35.95551],[139.31607,35.9556],[139.3166,35.95562],[139.31722,35.95556],[139.31746,35.95547],[139.31753,35.95541],[139.3176,35.95518],[139.31778,35.9551],[139.3183,35.95511],[139.31905,35.95524],[139.31941,35.95521],[139.31962,35.95507],[139.31966,35.95496],[139.31963,35.95415],[139.3197,35.95401],[139.32002,35.95379],[139.32007,35.95364],[139.32005,35.95353],[139.31975,35.95335],[139.31915,35.95322],[139.31891,35.95313],[139.31871,35.95294],[139.31862,35.95258],[139.3185,35.95251],[139.31823,35.95248],[139.31806,35.9524],[139.31791,35.95211],[139.31781,35.95126],[139.31755,35.95092],[139.31727,35.9508],[139.31653,35.95062],[139.31595,35.9503],[139.31567,35.95029],[139.31537,35.95035],[139.31506,35.95031],[139.31433,35.94986],[139.31359,35.94968],[139.31323,35.94938],[139.31254,35.94853],[139.31224,35.94828],[139.31191,35.94812],[139.31157,35.94804],[139.3111,35.94802],[139.31084,35.94805],[139.31025,35.94826],[139.30978,35.94826],[139.30886,35.94801],[139.30855,35.94784],[139.30847,35.94773],[139.30851,35.94759],[139.3086,35.94755],[139.30914,35.94763],[139.30947,35.94756],[139.30978,35.94726],[139.30989,35.9468],[139.31002,35.94667],[139.31026,35.94656],[139.31099,35.94642],[139.3113,35.94629],[139.3116,35.946],[139.31173,35.94561],[139.31192,35.94538],[139.31208,35.94533],[139.31239,35.94537],[139.3127,35.94523],[139.31351,35.94427],[139.31402,35.94392],[139.31475,35.94356],[139.31495,35.94337],[139.31504,35.94316],[139.31497,35.94274],[139.31499,35.94256],[139.31509,35.94239],[139.31544,35.9421],[139.31649,35.94212],[139.31694,35.94221],[139.31744,35.94248],[139.31785,35.94287],[139.31823,35.94313],[139.3185,35.94322],[139.31903,35.94324],[139.31956,35.9421],[139.31972,35.9416],[139.31977,35.94121]]],[[[139.32093,35.94599],[139.32096,35.94649],[139.32108,35.94678],[139.32122,35.94691],[139.3217,35.94713],[139.32183,35.94749],[139.32224,35.94781],[139.32238,35.94852],[139.32245,35.94862],[139.32269,35.94868],[139.32274,35.94875],[139.32252,35.94928],[139.32251,35.94947],[139.32269,35.9497],[139.32306,35.94989],[139.32325,35.95008],[139.32337,35.95032],[139.32342,35.95078],[139.32355,35.95107],[139.32385,35.95128],[139.32406,35.95136],[139.32463,35.95148],[139.32528,35.95151],[139.32554,35.95148],[139.32593,35.95134],[139.32614,35.95109],[139.32624,35.9504],[139.32637,35.95018],[139.32656,35.95006],[139.32729,35.94997],[139.32755,35.94984],[139.32768,35.94972],[139.32785,35.9493],[139.32786,35.94908],[139.32776,35.94889],[139.32735,35.94867],[139.32662,35.94855],[139.32609,35.94841],[139.3256,35.94816],[139.32514,35.94779],[139.32452,35.94707],[139.3239,35.9465],[139.32348,35.94622],[139.32289,35.94594],[139.3226,35.94574],[139.32237,35.94537],[139.32233,35.94497],[139.32222,35.94461],[139.32188,35.94423],[139.32143,35.94399],[139.32047,35.94385],[139.32008,35.94352],[139.31952,35.94334],[139.31932,35.94338],[139.31926,35.94345],[139.31921,35.94368],[139.31934,35.94426],[139.31957,35.94483],[139.31984,35.94524],[139.32004,35.94543],[139.32041,35.94566],[139.32083,35.94578],[139.32093,35.94599]]],[[[139.40361,35.95395],[139.40307,35.95345],[139.40295,35.95312],[139.4029,35.95259],[139.40267,35.95215],[139.40219,35.95179],[139.40171,35.95162],[139.40166,35.95136],[139.40174,35.95063],[139.40164,35.95034],[139.40107,35.95001],[139.40076,35.94966],[139.40045,35.94919],[139.4001,35.94887],[139.39971,35.94874],[139.39936,35.94878],[139.3992,35.94895],[139.39925,35.94935],[139.39918,35.94954],[139.3989,35.94977],[139.39844,35.94997],[139.39826,35.95017],[139.39823,35.95029],[139.39826,35.9506],[139.39854,35.95115],[139.39877,35.95142],[139.39901,35.9516],[139.39928,35.95167],[139.39954,35.95169],[139.39979,35.95185],[139.39988,35.95204],[139.39995,35.95262],[139.40008,35.95278],[139.40027,35.95281],[139.40036,35.95289],[139.40044,35.9531],[139.40046,35.95341],[139.40055,35.9536],[139.40081,35.95384],[139.40119,35.95403],[139.40144,35.95433],[139.40153,35.95459],[139.40157,35.95506],[139.40167,35.95528],[139.40176,35.95535],[139.402,35.95542],[139.40232,35.95538],[139.40262,35.95542],[139.40284,35.95559],[139.40299,35.95588],[139.40319,35.95667],[139.40334,35.95692],[139.40344,35.95701],[139.40368,35.95709],[139.40416,35.95705],[139.40439,35.95693],[139.40458,35.95665],[139.40493,35.95635],[139.40509,35.9561],[139.40514,35.95569],[139.40502,35.95527],[139.40468,35.95491],[139.40437,35.95474],[139.40402,35.95471],[139.40349,35.95484],[139.40365,35.95427],[139.40361,35.95395]]],[[[139.30123,35.95673],[139.30136,35.95683],[139.30132,35.95713],[139.30167,35.95737],[139.30177,35.95766],[139.30183,35.95772],[139.30203,35.95773],[139.30232,35.95768],[139.30251,35.95771],[139.30268,35.95781],[139.30297,35.9582],[139.30315,35.95835],[139.30349,35.95848],[139.30389,35.95851],[139.30423,35.9586],[139.30487,35.95911],[139.30563,35.95925],[139.30614,35.95954],[139.30628,35.95956],[139.30655,35.9595],[139.30665,35.95951],[139.30671,35.95958],[139.30678,35.95993],[139.30699,35.96006],[139.30735,35.96009],[139.30774,35.96003],[139.30809,35.95987],[139.30848,35.95961],[139.30859,35.95959],[139.30866,35.95965],[139.30869,35.95988],[139.30877,35.96001],[139.30903,35.96016],[139.3096,35.96033],[139.30972,35.96042],[139.30979,35.96063],[139.30988,35.96069],[139.31014,35.9607],[139.3104,35.96065],[139.31061,35.96052],[139.31077,35.96014],[139.31073,35.95954],[139.31056,35.95901],[139.31026,35.95871],[139.30999,35.95862],[139.30963,35.9586],[139.30934,35.95867],[139.30901,35.95886],[139.30883,35.95846],[139.30849,35.95814],[139.30827,35.95801],[139.30791,35.95792],[139.30728,35.95799],[139.30712,35.95797],[139.30704,35.95791],[139.30692,35.95762],[139.30654,35.95731],[139.30612,35.95709],[139.30585,35.95699],[139.30516,35.95691],[139.30491,35.95682],[139.30467,35.95666],[139.30424,35.95617],[139.30401,35.95599],[139.30363,35.95588],[139.30311,35.95592],[139.3028,35.95579],[139.30257,35.95551],[139.30244,35.9551],[139.30243,35.95461],[139.3025,35.95405],[139.30242,35.95365],[139.30225,35.95348],[139.30174,35.95332],[139.30153,35.95319],[139.30097,35.95256],[139.30079,35.9525],[139.3006,35.9525],[139.3003,35.95264],[139.30003,35.95298],[139.29973,35.95367],[139.29944,35.95398],[139.29921,35.95402],[139.2986,35.95388],[139.29838,35.95397],[139.2983,35.95412],[139.29829,35.95442],[139.29867,35.95497],[139.29877,35.95565],[139.2989,35.95583],[139.29919,35.95601],[139.29931,35.95631],[139.29948,35.9564],[139.29979,35.95648],[139.30075,35.95661],[139.30123,35.95673]]],[[[139.39995,35.96338],[139.39945,35.96338],[139.399,35.96328],[139.39876,35.96304],[139.39863,35.96298],[139.39798,35.96289],[139.39748,35.96264],[139.39737,35.96276],[139.39734,35.96311],[139.3972,35.96334],[139.39706,35.96343],[139.39663,35.96355],[139.39601,35.9636],[139.39466,35.96355],[139.39417,35.96349],[139.39336,35.96327],[139.39324,35.96332],[139.39318,35.96352],[139.39311,35.96359],[139.39277,35.96371],[139.39214,35.96378],[139.39019,35.96384],[139.38936,35.96399],[139.38903,35.96412],[139.38854,35.96446],[139.38838,35.96469],[139.38827,35.96494],[139.38814,35.96536],[139.38811,35.96567],[139.38819,35.96587],[139.38866,35.9661],[139.38878,35.96643],[139.38904,35.9665],[139.38928,35.96643],[139.3896,35.96613],[139.39013,35.96604],[139.39029,35.96595],[139.39042,35.96579],[139.39071,35.96511],[139.39086,35.96499],[139.39104,35.96493],[139.39152,35.96501],[139.39191,35.96524],[139.39213,35.96532],[139.3926,35.96538],[139.39355,35.96535],[139.39384,35.96529],[139.39433,35.9651],[139.39472,35.96506],[139.39555,35.96511],[139.39784,35.96537],[139.39948,35.96542],[139.40014,35.96537],[139.40039,35.96531],[139.40071,35.96516],[139.40081,35.96493],[139.40077,35.96466],[139.40081,35.96445],[139.40094,35.96429],[139.40115,35.9642],[139.40151,35.96408],[139.40167,35.96395],[139.40176,35.96378],[139.40172,35.96327],[139.4016,35.96304],[139.40139,35.96288],[139.40123,35.96285],[139.40106,35.9629],[139.40064,35.96317],[139.40025,35.96333],[139.39995,35.96338]]],[[[139.33643,36.04606],[139.33652,36.04671],[139.33668,36.0469],[139.33706,36.04699],[139.33722,36.04712],[139.3378,36.04803],[139.33802,36.0483],[139.3384,36.04853],[139.33867,36.04855],[139.3389,36.04839],[139.33899,36.04824],[139.33911,36.04776],[139.33917,36.04665],[139.33912,36.04592],[139.33892,36.04512],[139.3387,36.04478],[139.33833,36.0444],[139.33818,36.04407],[139.3381,36.04369],[139.33803,36.04271],[139.33791,36.04235],[139.33772,36.04214],[139.33762,36.04194],[139.33754,36.04132],[139.33759,36.0408],[139.33772,36.04055],[139.33791,36.04039],[139.33838,36.04021],[139.33851,36.04006],[139.33854,36.03972],[139.33842,36.03935],[139.33821,36.0391],[139.33792,36.03912],[139.33766,36.03924],[139.33705,36.03965],[139.33684,36.03973],[139.33616,36.03984],[139.33538,36.04026],[139.33515,36.04056],[139.33509,36.04074],[139.33509,36.04119],[139.33525,36.04174],[139.33563,36.04256],[139.33594,36.04307],[139.33617,36.04326],[139.33629,36.04345],[139.33639,36.04409],[139.33643,36.04606]]],[[[139.38233,36.1397],[139.38237,36.13988],[139.38231,36.14019],[139.38256,36.14079],[139.3832,36.14175],[139.38344,36.14198],[139.38387,36.14222],[139.38422,36.14278],[139.38521,36.14558],[139.38569,36.1464],[139.38582,36.14791],[139.386,36.1485],[139.38635,36.14892],[139.38681,36.1491],[139.38708,36.14962],[139.38726,36.14977],[139.38752,36.14987],[139.38787,36.14992],[139.38846,36.14985],[139.38893,36.1496],[139.38918,36.14933],[139.38941,36.14884],[139.38944,36.14856],[139.38937,36.1483],[139.38909,36.14794],[139.3889,36.1475],[139.38874,36.14617],[139.38865,36.14597],[139.38838,36.14565],[139.38825,36.14536],[139.38774,36.14386],[139.38747,36.14342],[139.38701,36.14291],[139.38683,36.14249],[139.38665,36.14185],[139.38649,36.14156],[139.38579,36.14084],[139.38563,36.14061],[139.38555,36.14039],[139.38546,36.13982],[139.38526,36.13949],[139.38484,36.13894],[139.38463,36.13827],[139.38451,36.13817],[139.38415,36.138],[139.38398,36.13778],[139.3838,36.13722],[139.38368,36.13645],[139.38346,36.13595],[139.38325,36.13581],[139.38275,36.13583],[139.38256,36.13576],[139.38243,36.13563],[139.38229,36.13533],[139.38211,36.13523],[139.38168,36.13526],[139.38129,36.1354],[139.38082,36.13565],[139.38063,36.13582],[139.38056,36.13599],[139.38059,36.13625],[139.38075,36.13655],[139.38125,36.13724],[139.38137,36.13763],[139.38143,36.1382],[139.38155,36.13851],[139.38233,36.1397]]],[[[139.3414,36.14625],[139.34091,36.14638],[139.34086,36.14651],[139.34089,36.14665],[139.3411,36.14697],[139.34148,36.14709],[139.34151,36.14719],[139.34141,36.14764],[139.3415,36.14784],[139.34163,36.14796],[139.34182,36.14804],[139.34208,36.14808],[139.34281,36.14804],[139.34335,36.14785],[139.34366,36.14763],[139.3439,36.14735],[139.34414,36.14689],[139.34414,36.14655],[139.34382,36.14626],[139.34363,36.14586],[139.34356,36.14548],[139.34357,36.14477],[139.34364,36.14438],[139.34376,36.1441],[139.34393,36.14391],[139.34432,36.14363],[139.3444,36.14341],[139.34419,36.14322],[139.34367,36.14299],[139.34315,36.14283],[139.34264,36.14276],[139.34217,36.14284],[139.34196,36.14293],[139.34157,36.14321],[139.34139,36.14341],[139.34091,36.14413],[139.3408,36.14444],[139.3408,36.14486],[139.34099,36.14519],[139.34123,36.14536],[139.3418,36.14561],[139.3419,36.14574],[139.3419,36.14582],[139.3418,36.14598],[139.3414,36.14625]]],[[[139.37414,36.14663],[139.37429,36.14673],[139.37465,36.14688],[139.37473,36.14699],[139.37465,36.14723],[139.37437,36.14756],[139.37418,36.14789],[139.37409,36.14823],[139.37415,36.14854],[139.37435,36.14875],[139.37503,36.14899],[139.37518,36.14919],[139.37528,36.14956],[139.37539,36.14966],[139.37583,36.14988],[139.37599,36.15018],[139.37604,36.15079],[139.3762,36.15117],[139.37639,36.15135],[139.37677,36.15155],[139.37698,36.15173],[139.3772,36.15212],[139.37744,36.15282],[139.37758,36.15297],[139.37777,36.15303],[139.37797,36.15302],[139.3782,36.15289],[139.37844,36.15243],[139.37862,36.15222],[139.37879,36.15215],[139.37908,36.15212],[139.37922,36.15203],[139.37931,36.15187],[139.37943,36.15119],[139.37963,36.15103],[139.37998,36.15097],[139.38009,36.1508],[139.38004,36.15051],[139.37991,36.15023],[139.37948,36.14986],[139.37946,36.14974],[139.37953,36.14942],[139.37947,36.14927],[139.37912,36.14905],[139.37826,36.14875],[139.37774,36.14846],[139.37756,36.14829],[139.37744,36.14801],[139.37741,36.14768],[139.37728,36.14748],[139.37689,36.14719],[139.3765,36.14701],[139.37623,36.14678],[139.37615,36.14646],[139.37618,36.14627],[139.37638,36.14583],[139.37679,36.14519],[139.37687,36.14495],[139.37678,36.14487],[139.37632,36.145],[139.37611,36.14496],[139.37593,36.14442],[139.37543,36.14387],[139.37527,36.14345],[139.37522,36.14271],[139.37507,36.14218],[139.37488,36.14186],[139.37441,36.14132],[139.37425,36.14102],[139.37433,36.14066],[139.37431,36.14042],[139.37411,36.13974],[139.37395,36.13943],[139.37364,36.13917],[139.37338,36.13914],[139.37285,36.13919],[139.37219,36.139],[139.372,36.13912],[139.37192,36.13924],[139.37175,36.13963],[139.37157,36.14051],[139.37158,36.14107],[139.37182,36.14185],[139.37228,36.14253],[139.37261,36.14318],[139.37271,36.14366],[139.37273,36.14468],[139.37324,36.14511],[139.37337,36.14533],[139.37339,36.14553],[139.37319,36.14596],[139.37318,36.14614],[139.37328,36.14617],[139.37365,36.14612],[139.37379,36.14616],[139.37391,36.14626],[139.37414,36.14663]]],[[[139.35822,36.15191],[139.35832,36.15168],[139.35851,36.15161],[139.35894,36.15157],[139.35903,36.1515],[139.35909,36.15131],[139.35918,36.15125],[139.35944,36.15124],[139.35996,36.15131],[139.36033,36.15127],[139.36066,36.15114],[139.36087,36.15088],[139.36092,36.1505],[139.36085,36.15002],[139.36087,36.14976],[139.36103,36.14946],[139.36141,36.14919],[139.36162,36.1489],[139.36181,36.14825],[139.36187,36.14763],[139.36179,36.14737],[139.3615,36.14713],[139.36141,36.14681],[139.36126,36.14436],[139.36108,36.14388],[139.36095,36.14373],[139.3608,36.14363],[139.36061,36.1436],[139.36021,36.14369],[139.35988,36.1439],[139.35974,36.14406],[139.35951,36.14446],[139.35907,36.14583],[139.35872,36.14635],[139.35877,36.14656],[139.3591,36.14689],[139.35926,36.14711],[139.35921,36.14755],[139.3596,36.14783],[139.35964,36.14809],[139.35945,36.14826],[139.35909,36.14839],[139.35889,36.1485],[139.35873,36.14883],[139.35862,36.14888],[139.35825,36.14892],[139.35811,36.14901],[139.35801,36.14916],[139.35795,36.14967],[139.35784,36.14991],[139.35751,36.15023],[139.35719,36.1504],[139.35693,36.1506],[139.35679,36.15085],[139.35682,36.15129],[139.35696,36.15161],[139.35714,36.15184],[139.35736,36.15199],[139.35761,36.15205],[139.35798,36.15203],[139.35813,36.15198],[139.35822,36.15191]]],[[[139.44092,35.76836],[139.44119,35.7685],[139.44144,35.76872],[139.44168,35.76902],[139.44212,35.76983],[139.44241,35.77012],[139.44259,35.77022],[139.44298,35.77032],[139.44368,35.77029],[139.44433,35.7704],[139.44472,35.77058],[139.44542,35.77107],[139.44593,35.77128],[139.44628,35.77134],[139.44661,35.77133],[139.44697,35.77127],[139.44713,35.77119],[139.44723,35.77103],[139.44718,35.77083],[139.44678,35.77042],[139.44663,35.77017],[139.44667,35.76962],[139.44651,35.76947],[139.44614,35.76932],[139.44594,35.76911],[139.44579,35.76869],[139.4458,35.76835],[139.44593,35.76801],[139.44608,35.76782],[139.44581,35.76766],[139.44533,35.76698],[139.44497,35.76666],[139.4445,35.76666],[139.44448,35.76671],[139.44428,35.76691],[139.44405,35.76706],[139.44378,35.76715],[139.44346,35.76717],[139.44319,35.76713],[139.44295,35.76703],[139.44274,35.76685],[139.44267,35.76676],[139.44166,35.76679],[139.44088,35.76693],[139.44011,35.76744],[139.44,35.76761],[139.43997,35.76818],[139.44048,35.76823],[139.44092,35.76836]]],[[[139.44861,35.77349],[139.44887,35.77358],[139.44917,35.7736],[139.44933,35.77356],[139.44943,35.77339],[139.44937,35.77299],[139.44946,35.77268],[139.44963,35.77249],[139.4501,35.77214],[139.45026,35.77185],[139.45022,35.77152],[139.44995,35.7711],[139.44948,35.77074],[139.44909,35.77059],[139.44874,35.7706],[139.44844,35.77076],[139.44829,35.77093],[139.4482,35.77114],[139.44814,35.77165],[139.44806,35.77186],[139.4478,35.77208],[139.44722,35.77227],[139.44707,35.77246],[139.44705,35.77262],[139.44713,35.77279],[139.44724,35.77283],[139.4477,35.77277],[139.4479,35.77281],[139.44818,35.77311],[139.44839,35.77334],[139.44861,35.77349]],[[139.44816,35.773],[139.44822,35.77293],[139.44834,35.77293],[139.44842,35.77297],[139.44843,35.77307],[139.44837,35.77314],[139.44827,35.77315],[139.44818,35.77311],[139.44816,35.773]]],[[[139.43347,35.77299],[139.43311,35.77317],[139.43278,35.77324],[139.43189,35.77317],[139.43169,35.77318],[139.43158,35.77324],[139.43151,35.77349],[139.43132,35.77364],[139.43097,35.77371],[139.43054,35.77362],[139.43046,35.77369],[139.43045,35.77379],[139.43063,35.77402],[139.43119,35.77431],[139.43136,35.77444],[139.43144,35.77458],[139.43141,35.77491],[139.43173,35.77516],[139.43249,35.77542],[139.43343,35.77563],[139.4341,35.77572],[139.43479,35.77566],[139.43537,35.77589],[139.43578,35.7758],[139.43693,35.7753],[139.43742,35.77523],[139.43783,35.77529],[139.43809,35.77528],[139.43817,35.77522],[139.43824,35.77506],[139.4385,35.77495],[139.43928,35.77478],[139.44099,35.7745],[139.44136,35.77439],[139.44151,35.77428],[139.44143,35.77403],[139.44114,35.77386],[139.44105,35.77373],[139.44093,35.77305],[139.44073,35.77289],[139.44058,35.77285],[139.43988,35.77287],[139.43881,35.77311],[139.43833,35.77333],[139.43797,35.77363],[139.43756,35.77376],[139.43699,35.77379],[139.43652,35.77372],[139.43629,35.77356],[139.43626,35.7734],[139.43618,35.77317],[139.43602,35.77311],[139.43577,35.77315],[139.43552,35.7734],[139.43537,35.77344],[139.43489,35.77319],[139.43462,35.77318],[139.43413,35.77325],[139.43388,35.77317],[139.4336,35.773],[139.43347,35.77299]]],[[[139.48506,35.78097],[139.48507,35.78121],[139.485,35.78153],[139.48504,35.78168],[139.48526,35.78181],[139.48563,35.78185],[139.4858,35.78197],[139.48585,35.78207],[139.48589,35.78234],[139.48581,35.7832],[139.4859,35.78353],[139.48602,35.78366],[139.48626,35.78378],[139.48682,35.78387],[139.48697,35.78394],[139.48708,35.78415],[139.48714,35.78455],[139.48735,35.78472],[139.48771,35.78476],[139.48802,35.78472],[139.48818,35.78461],[139.48821,35.78446],[139.48829,35.78435],[139.48844,35.78431],[139.48862,35.78434],[139.48873,35.78447],[139.48877,35.78478],[139.48885,35.78495],[139.48979,35.78574],[139.4901,35.78639],[139.49039,35.78678],[139.49069,35.78702],[139.491,35.78718],[139.49175,35.78732],[139.49202,35.7876],[139.49217,35.78768],[139.49237,35.7877],[139.4925,35.78762],[139.49251,35.78741],[139.49243,35.78697],[139.49248,35.78663],[139.49272,35.7862],[139.493,35.78594],[139.49321,35.7859],[139.49332,35.78595],[139.49342,35.78617],[139.49348,35.78666],[139.49368,35.78687],[139.49383,35.78696],[139.49426,35.78709],[139.49484,35.78716],[139.49562,35.78718],[139.49616,35.78711],[139.4964,35.78701],[139.49663,35.7868],[139.49675,35.78652],[139.49678,35.78621],[139.49689,35.78607],[139.49704,35.78607],[139.49752,35.78625],[139.49758,35.78621],[139.49761,35.78605],[139.49773,35.78589],[139.49817,35.78562],[139.49865,35.78554],[139.49936,35.78562],[139.49952,35.78554],[139.49961,35.78529],[139.4999,35.78515],[139.50039,35.78506],[139.50148,35.78501],[139.50177,35.78492],[139.50195,35.78476],[139.502,35.78465],[139.50204,35.78427],[139.50213,35.7841],[139.50229,35.784],[139.50279,35.78402],[139.50309,35.7839],[139.50357,35.78346],[139.50393,35.78293],[139.50374,35.78286],[139.50131,35.78242],[139.50039,35.78216],[139.49938,35.78217],[139.49891,35.78179],[139.49874,35.78147],[139.49855,35.78133],[139.49824,35.78134],[139.49803,35.78121],[139.4974,35.77954],[139.49692,35.77873],[139.49679,35.7787],[139.49665,35.77877],[139.49635,35.77922],[139.49612,35.78015],[139.49605,35.78144],[139.49598,35.7816],[139.49576,35.78167],[139.49349,35.7817],[139.49342,35.78046],[139.4938,35.77962],[139.49375,35.77958],[139.49147,35.7803],[139.49117,35.78002],[139.49106,35.78001],[139.49082,35.78016],[139.4909,35.78049],[139.49081,35.78061],[139.49038,35.7809],[139.49007,35.78083],[139.48974,35.78046],[139.48993,35.78025],[139.49008,35.77991],[139.49008,35.77936],[139.48975,35.77937],[139.48958,35.77915],[139.48899,35.77926],[139.48896,35.77947],[139.48915,35.77968],[139.48951,35.77955],[139.48961,35.77961],[139.48975,35.77984],[139.4897,35.78008],[139.48906,35.77991],[139.48868,35.77938],[139.48858,35.77939],[139.48807,35.77951],[139.48657,35.7801],[139.48588,35.78056],[139.48549,35.78071],[139.48487,35.78078],[139.48499,35.78086],[139.48506,35.78097]]],[[[139.44686,35.78769],[139.44702,35.78757],[139.44721,35.78717],[139.4475,35.78697],[139.44796,35.78678],[139.44955,35.78637],[139.44997,35.7862],[139.44994,35.78612],[139.4497,35.78599],[139.44964,35.78581],[139.44967,35.78556],[139.44992,35.78477],[139.44994,35.78437],[139.44988,35.78414],[139.44992,35.7839],[139.45023,35.78352],[139.45126,35.78285],[139.45168,35.78252],[139.45186,35.78224],[139.45184,35.78205],[139.45171,35.78198],[139.4515,35.78195],[139.45097,35.78201],[139.45062,35.78216],[139.45012,35.78248],[139.45006,35.78246],[139.44998,35.78226],[139.44959,35.7821],[139.44898,35.78203],[139.44866,35.78216],[139.44838,35.78265],[139.44819,35.78282],[139.44721,35.78328],[139.4472,35.78335],[139.44742,35.78349],[139.4475,35.78359],[139.44754,35.78397],[139.44735,35.78421],[139.44699,35.78434],[139.44684,35.78446],[139.44682,35.78455],[139.4469,35.78481],[139.44688,35.78499],[139.44643,35.78599],[139.44559,35.78601],[139.44539,35.78609],[139.44525,35.7862],[139.44514,35.78655],[139.44523,35.78665],[139.44542,35.78667],[139.44555,35.78673],[139.4456,35.78711],[139.44508,35.78726],[139.4449,35.78736],[139.4448,35.78748],[139.44476,35.78771],[139.44482,35.78792],[139.44494,35.78807],[139.44507,35.78814],[139.44544,35.78811],[139.44641,35.78766],[139.44686,35.78769]]],[[[139.45549,35.79857],[139.45595,35.79904],[139.45653,35.79986],[139.45699,35.80032],[139.45724,35.80044],[139.45753,35.80047],[139.45771,35.80055],[139.45809,35.80089],[139.45827,35.80099],[139.45861,35.80104],[139.459,35.801],[139.45921,35.80108],[139.45943,35.80142],[139.45961,35.80211],[139.45981,35.8024],[139.46047,35.80258],[139.46098,35.80305],[139.46118,35.80315],[139.46139,35.80318],[139.46153,35.80326],[139.46173,35.80353],[139.46208,35.80413],[139.46251,35.8045],[139.46251,35.80471],[139.46229,35.80519],[139.46233,35.80529],[139.46248,35.80533],[139.46286,35.80528],[139.46309,35.80533],[139.46329,35.80547],[139.46359,35.80595],[139.46384,35.80618],[139.46403,35.80623],[139.46449,35.8062],[139.46462,35.80627],[139.46479,35.80655],[139.46493,35.80667],[139.46522,35.80676],[139.46562,35.80677],[139.46605,35.80662],[139.46637,35.80632],[139.4666,35.80619],[139.46706,35.80604],[139.46763,35.80594],[139.46783,35.80583],[139.46785,35.80568],[139.46747,35.80527],[139.46739,35.8051],[139.46741,35.80503],[139.46756,35.80492],[139.46816,35.80474],[139.46839,35.80453],[139.46854,35.80424],[139.46863,35.80387],[139.46866,35.80341],[139.46861,35.8032],[139.46831,35.80294],[139.46817,35.80276],[139.46782,35.80205],[139.46764,35.80187],[139.46753,35.80183],[139.4673,35.80184],[139.46688,35.80205],[139.46654,35.80217],[139.46593,35.80226],[139.46486,35.80223],[139.46446,35.80212],[139.46409,35.80193],[139.46389,35.80197],[139.46359,35.80213],[139.46353,35.80208],[139.4635,35.80181],[139.46342,35.80169],[139.46311,35.80172],[139.46291,35.80167],[139.46251,35.80144],[139.46174,35.80088],[139.46141,35.80077],[139.46119,35.8008],[139.461,35.8007],[139.46067,35.80031],[139.46018,35.79947],[139.45998,35.79892],[139.45993,35.79846],[139.45985,35.79823],[139.45967,35.79808],[139.45954,35.79802],[139.45866,35.79789],[139.45842,35.79772],[139.4583,35.79745],[139.45827,35.79708],[139.45835,35.79661],[139.45855,35.79634],[139.45883,35.79622],[139.45898,35.79607],[139.4591,35.79573],[139.45915,35.79514],[139.45924,35.79498],[139.45938,35.79491],[139.45969,35.79495],[139.46008,35.79488],[139.46091,35.79444],[139.46154,35.79419],[139.46203,35.79409],[139.46282,35.79399],[139.46334,35.79384],[139.46351,35.79371],[139.46358,35.79338],[139.46374,35.79312],[139.46401,35.79287],[139.46438,35.79268],[139.46482,35.79259],[139.4658,35.79251],[139.46665,35.79225],[139.46701,35.79221],[139.46734,35.79226],[139.46757,35.79237],[139.46766,35.79246],[139.46771,35.79267],[139.46783,35.79284],[139.46827,35.79311],[139.46881,35.79319],[139.46947,35.79314],[139.46991,35.79328],[139.47016,35.79349],[139.47058,35.79407],[139.47078,35.79424],[139.47099,35.7943],[139.4713,35.79426],[139.47161,35.7943],[139.4724,35.79479],[139.47281,35.79489],[139.47292,35.79501],[139.47296,35.79531],[139.47304,35.79543],[139.4733,35.79552],[139.47368,35.79554],[139.47387,35.7956],[139.47399,35.79569],[139.47409,35.79599],[139.4743,35.79609],[139.47469,35.79613],[139.47525,35.79612],[139.4764,35.79596],[139.47674,35.79585],[139.47693,35.7957],[139.47699,35.79534],[139.47685,35.79492],[139.47657,35.79456],[139.47637,35.79443],[139.47616,35.7944],[139.47595,35.79431],[139.47559,35.79395],[139.47537,35.7938],[139.4749,35.7936],[139.47414,35.7934],[139.47373,35.79335],[139.47333,35.7934],[139.47312,35.79323],[139.47277,35.79264],[139.47251,35.79243],[139.47188,35.7923],[139.47164,35.79207],[139.47138,35.79196],[139.47063,35.79191],[139.47023,35.79181],[139.46956,35.7913],[139.46889,35.79117],[139.46871,35.79079],[139.46819,35.79041],[139.46768,35.79017],[139.46715,35.79009],[139.46696,35.78996],[139.46686,35.78949],[139.46678,35.7893],[139.46662,35.78914],[139.46604,35.78879],[139.46583,35.78845],[139.46578,35.78816],[139.46587,35.78749],[139.46597,35.78735],[139.46625,35.78717],[139.46634,35.78698],[139.46629,35.78667],[139.46599,35.78581],[139.46598,35.78554],[139.46617,35.78524],[139.46653,35.78504],[139.46665,35.7848],[139.46667,35.78465],[139.46662,35.78426],[139.46624,35.78317],[139.46619,35.78278],[139.46624,35.78264],[139.46637,35.78251],[139.46673,35.78243],[139.46683,35.78236],[139.46691,35.78215],[139.4669,35.78184],[139.46674,35.78166],[139.46655,35.78163],[139.46617,35.78168],[139.46587,35.78167],[139.46574,35.78161],[139.4655,35.78138],[139.46507,35.78131],[139.4649,35.78134],[139.46478,35.78142],[139.4646,35.78192],[139.46444,35.78206],[139.46397,35.78231],[139.46378,35.7826],[139.46379,35.78287],[139.46395,35.78336],[139.46398,35.78368],[139.46392,35.78399],[139.46359,35.78458],[139.46346,35.78497],[139.46341,35.78544],[139.46342,35.786],[139.46355,35.78686],[139.46368,35.78734],[139.46384,35.78772],[139.4642,35.78832],[139.46432,35.78863],[139.46438,35.78895],[139.46438,35.78944],[139.46431,35.7897],[139.4642,35.78991],[139.46373,35.79028],[139.46355,35.79049],[139.46298,35.7915],[139.46264,35.7918],[139.46199,35.79215],[139.4618,35.79253],[139.4614,35.79261],[139.461,35.79295],[139.4601,35.79308],[139.45994,35.79317],[139.45975,35.79346],[139.45961,35.79356],[139.45943,35.7936],[139.45873,35.79353],[139.45816,35.79357],[139.45748,35.79371],[139.45707,35.79386],[139.45665,35.7942],[139.45624,35.79523],[139.45608,35.79546],[139.45576,35.79571],[139.45523,35.79595],[139.45421,35.7962],[139.45379,35.79656],[139.45338,35.79664],[139.45322,35.79696],[139.45302,35.79697],[139.45273,35.79691],[139.4525,35.79695],[139.45215,35.79739],[139.45192,35.79748],[139.45172,35.79749],[139.45152,35.79755],[139.45173,35.79766],[139.45186,35.7978],[139.45198,35.79831],[139.45227,35.7985],[139.4525,35.79854],[139.45284,35.79853],[139.45443,35.79821],[139.45499,35.79829],[139.45549,35.79857]]],[[[139.44608,35.80243],[139.44604,35.80276],[139.44594,35.80293],[139.44542,35.80344],[139.44521,35.80374],[139.44508,35.80406],[139.44506,35.80436],[139.44515,35.80459],[139.44532,35.80478],[139.44537,35.80501],[139.44514,35.80553],[139.44509,35.80583],[139.44514,35.80602],[139.44531,35.80629],[139.44534,35.80651],[139.44522,35.80692],[139.44479,35.80778],[139.44479,35.80803],[139.4449,35.80815],[139.44506,35.80811],[139.44562,35.80761],[139.44643,35.8072],[139.44655,35.80708],[139.44663,35.80686],[139.44671,35.80679],[139.44735,35.80669],[139.44752,35.80653],[139.44761,35.80605],[139.44755,35.80534],[139.4476,35.80467],[139.44773,35.80428],[139.44825,35.80322],[139.44855,35.80211],[139.44872,35.80184],[139.44893,35.80164],[139.44956,35.80133],[139.44992,35.80102],[139.45012,35.8007],[139.45023,35.80036],[139.4504,35.79938],[139.45042,35.79874],[139.45034,35.79843],[139.4501,35.79837],[139.44999,35.79828],[139.44997,35.79794],[139.44969,35.79884],[139.448,35.79955],[139.44759,35.79979],[139.44732,35.80002],[139.4471,35.80036],[139.44697,35.80073],[139.44688,35.80163],[139.44679,35.80196],[139.44657,35.80217],[139.44616,35.80227],[139.44608,35.80243]]],[[[139.51343,35.86602],[139.51351,35.86627],[139.51368,35.86653],[139.51407,35.86694],[139.51444,35.8672],[139.51467,35.86729],[139.51512,35.86737],[139.51523,35.86753],[139.51526,35.86776],[139.51532,35.86788],[139.51544,35.86795],[139.51581,35.868],[139.51597,35.86807],[139.51615,35.86828],[139.51629,35.8686],[139.51649,35.86877],[139.51698,35.86895],[139.51765,35.86905],[139.5181,35.86917],[139.51825,35.86926],[139.51831,35.86947],[139.51841,35.8696],[139.51859,35.8697],[139.51881,35.86974],[139.51955,35.86979],[139.52033,35.86978],[139.52073,35.8697],[139.52101,35.86954],[139.52117,35.86931],[139.52121,35.86917],[139.52122,35.86864],[139.52102,35.86817],[139.52077,35.86795],[139.52009,35.86766],[139.51872,35.86729],[139.51781,35.86694],[139.51733,35.86666],[139.51632,35.86579],[139.5154,35.86527],[139.51524,35.86509],[139.51497,35.8646],[139.5146,35.86447],[139.51387,35.86452],[139.51348,35.86447],[139.51335,35.86437],[139.51324,35.86403],[139.51305,35.86393],[139.51286,35.86392],[139.51269,35.86396],[139.51257,35.86406],[139.51249,35.86432],[139.51251,35.86453],[139.51259,35.86472],[139.51275,35.86489],[139.51323,35.86514],[139.51345,35.86537],[139.51348,35.86556],[139.51343,35.86602]]],[[[139.47728,35.9134],[139.47739,35.91354],[139.47776,35.91379],[139.47802,35.91421],[139.47817,35.91495],[139.47821,35.91586],[139.47812,35.91644],[139.47803,35.9166],[139.47774,35.9168],[139.47765,35.91707],[139.47774,35.91746],[139.47809,35.91788],[139.47808,35.9181],[139.47791,35.91826],[139.47769,35.91835],[139.47666,35.91857],[139.4764,35.91878],[139.47641,35.91934],[139.47632,35.91943],[139.47607,35.91948],[139.4759,35.91956],[139.47574,35.9199],[139.4757,35.9207],[139.47582,35.9214],[139.476,35.92178],[139.47621,35.92204],[139.47642,35.92217],[139.47674,35.92224],[139.47708,35.92275],[139.47725,35.92285],[139.47756,35.92292],[139.47791,35.92341],[139.47808,35.92345],[139.47828,35.9234],[139.47842,35.92345],[139.47863,35.92369],[139.47904,35.92437],[139.47925,35.92454],[139.47944,35.92459],[139.4796,35.92455],[139.47976,35.92436],[139.47998,35.92423],[139.48058,35.92406],[139.48084,35.92395],[139.48093,35.92385],[139.48096,35.92369],[139.48105,35.92362],[139.48131,35.92355],[139.48157,35.92355],[139.4818,35.92346],[139.482,35.92313],[139.48206,35.92276],[139.48198,35.92177],[139.48163,35.9209],[139.48166,35.92014],[139.48146,35.91993],[139.48087,35.91976],[139.48065,35.91958],[139.48052,35.91913],[139.4806,35.91832],[139.48058,35.91805],[139.48051,35.91787],[139.48027,35.91769],[139.48017,35.91743],[139.48017,35.91678],[139.48028,35.9164],[139.48057,35.91576],[139.48068,35.91517],[139.48071,35.91467],[139.48067,35.91389],[139.48058,35.91348],[139.48044,35.91314],[139.48009,35.91264],[139.48001,35.91234],[139.47999,35.912],[139.48005,35.91161],[139.48018,35.91131],[139.48028,35.91119],[139.48055,35.91105],[139.48071,35.91103],[139.48111,35.91105],[139.48147,35.91114],[139.48188,35.91136],[139.48245,35.91198],[139.48311,35.91236],[139.48376,35.91259],[139.48423,35.91271],[139.48591,35.91298],[139.48622,35.91311],[139.48626,35.91322],[139.48636,35.91331],[139.48677,35.91335],[139.48775,35.91328],[139.48831,35.91329],[139.48853,35.91335],[139.48881,35.91355],[139.48915,35.91361],[139.4903,35.91366],[139.49089,35.91359],[139.49114,35.91351],[139.49152,35.91329],[139.49166,35.91314],[139.49183,35.91278],[139.49188,35.9124],[139.49173,35.91189],[139.49147,35.91159],[139.49076,35.91109],[139.48997,35.91076],[139.48885,35.91054],[139.48714,35.91045],[139.48686,35.91039],[139.48658,35.91019],[139.48628,35.91009],[139.48395,35.90983],[139.48336,35.90972],[139.48291,35.90959],[139.48233,35.90929],[139.48205,35.90919],[139.48107,35.90905],[139.4808,35.90882],[139.4806,35.90872],[139.47925,35.90844],[139.47889,35.90819],[139.4788,35.90795],[139.47876,35.90758],[139.47867,35.90742],[139.47853,35.90733],[139.47824,35.9073],[139.47796,35.90717],[139.4775,35.9066],[139.4773,35.90642],[139.47638,35.90589],[139.47598,35.90534],[139.47565,35.90526],[139.47545,35.90515],[139.47454,35.90437],[139.47402,35.90405],[139.4735,35.90392],[139.47305,35.90395],[139.47279,35.90408],[139.47271,35.90438],[139.47255,35.90456],[139.47198,35.90476],[139.47172,35.90494],[139.47163,35.90511],[139.47158,35.90542],[139.47145,35.90558],[139.47122,35.90567],[139.47067,35.90571],[139.47034,35.9058],[139.4701,35.90599],[139.47002,35.90613],[139.46994,35.90673],[139.47004,35.90732],[139.4703,35.90778],[139.47077,35.90827],[139.47089,35.90855],[139.47093,35.90885],[139.47088,35.90918],[139.47075,35.90956],[139.47058,35.90975],[139.47026,35.90984],[139.47021,35.91007],[139.47033,35.91025],[139.47067,35.91045],[139.47082,35.91079],[139.47108,35.91088],[139.47153,35.9109],[139.47192,35.91086],[139.47212,35.91075],[139.47218,35.91061],[139.47235,35.91056],[139.47287,35.91061],[139.47406,35.91082],[139.47438,35.91083],[139.47474,35.91079],[139.47487,35.91091],[139.47501,35.91117],[139.47529,35.91205],[139.47547,35.91242],[139.47581,35.91276],[139.47608,35.91284],[139.47646,35.91285],[139.47655,35.91279],[139.47662,35.91261],[139.47682,35.91257],[139.47731,35.91265],[139.47762,35.91282],[139.47767,35.91297],[139.47762,35.91312],[139.47731,35.91333],[139.47728,35.9134]]],[[[139.46638,35.91505],[139.4665,35.91518],[139.46677,35.91529],[139.4669,35.9154],[139.4669,35.9157],[139.46652,35.91643],[139.46646,35.91668],[139.46661,35.91674],[139.46682,35.91668],[139.46728,35.91625],[139.46738,35.91621],[139.46748,35.91649],[139.46796,35.91684],[139.46808,35.91701],[139.46813,35.91734],[139.46807,35.91792],[139.46815,35.91828],[139.46843,35.91889],[139.46882,35.91948],[139.46913,35.91982],[139.46929,35.91991],[139.4696,35.91984],[139.46986,35.91957],[139.4699,35.91977],[139.47001,35.91994],[139.47035,35.92016],[139.47053,35.92021],[139.47054,35.92013],[139.47035,35.91972],[139.47027,35.91941],[139.47029,35.91857],[139.47051,35.91759],[139.47063,35.91739],[139.47085,35.91724],[139.47086,35.91716],[139.47051,35.91668],[139.47025,35.91569],[139.47012,35.91542],[139.46982,35.9152],[139.46922,35.91513],[139.46895,35.91498],[139.46884,35.91464],[139.46875,35.91349],[139.46863,35.91322],[139.46844,35.91302],[139.46802,35.91285],[139.46764,35.91282],[139.4669,35.91292],[139.4663,35.91307],[139.4658,35.91323],[139.46548,35.9134],[139.46533,35.91357],[139.46532,35.91365],[139.46545,35.91389],[139.46558,35.91401],[139.46603,35.9142],[139.46618,35.91431],[139.46629,35.91456],[139.46638,35.91505]]],[[[139.45212,35.92054],[139.45234,35.92039],[139.45243,35.92023],[139.45241,35.92007],[139.45221,35.91988],[139.4515,35.91967],[139.45124,35.91951],[139.45098,35.91911],[139.45089,35.91874],[139.45075,35.9184],[139.45064,35.91827],[139.45034,35.91807],[139.44993,35.91794],[139.44947,35.9179],[139.44914,35.91789],[139.44887,35.91797],[139.44884,35.91807],[139.44891,35.91826],[139.44938,35.91872],[139.4495,35.91891],[139.44947,35.91901],[139.44935,35.91907],[139.44899,35.91907],[139.44849,35.91891],[139.4482,35.91874],[139.44811,35.91857],[139.44817,35.91832],[139.44801,35.91802],[139.44766,35.91763],[139.4472,35.91729],[139.44684,35.91713],[139.44625,35.917],[139.44586,35.917],[139.4455,35.91706],[139.44503,35.91729],[139.44477,35.91753],[139.44458,35.91779],[139.44442,35.91823],[139.44435,35.91894],[139.44422,35.91913],[139.44396,35.91913],[139.44381,35.91904],[139.44362,35.91885],[139.44316,35.91877],[139.44171,35.91885],[139.44093,35.91901],[139.4408,35.91911],[139.44071,35.91936],[139.44036,35.9196],[139.44034,35.91973],[139.44041,35.91989],[139.44037,35.91997],[139.44015,35.92003],[139.43958,35.92008],[139.43946,35.92014],[139.43939,35.92034],[139.43928,35.92044],[139.43865,35.92053],[139.43826,35.92074],[139.43803,35.92114],[139.43779,35.922],[139.4377,35.92215],[139.43742,35.9224],[139.43701,35.92256],[139.43624,35.92267],[139.43581,35.92278],[139.43537,35.92302],[139.43512,35.92333],[139.43484,35.92354],[139.4346,35.92361],[139.43397,35.92369],[139.43377,35.92378],[139.43344,35.92408],[139.43317,35.92423],[139.43257,35.92443],[139.43179,35.92462],[139.43137,35.9248],[139.43105,35.92504],[139.43083,35.92533],[139.43067,35.92577],[139.43067,35.92603],[139.43114,35.92626],[139.43237,35.92747],[139.43284,35.92776],[139.43309,35.9278],[139.43337,35.9277],[139.43358,35.92753],[139.43376,35.92724],[139.43389,35.92719],[139.43419,35.92731],[139.4347,35.92768],[139.43492,35.92775],[139.4351,35.92775],[139.43525,35.92766],[139.43541,35.92736],[139.43553,35.92623],[139.43568,35.92581],[139.43596,35.92543],[139.43635,35.92507],[139.43682,35.92476],[139.43735,35.92447],[139.4376,35.92441],[139.43795,35.92445],[139.43811,35.92412],[139.43875,35.92377],[139.43905,35.92354],[139.43933,35.92303],[139.43951,35.92282],[139.43977,35.92263],[139.44051,35.92228],[139.44091,35.92203],[139.44104,35.92186],[139.44108,35.92162],[139.44117,35.92152],[139.44143,35.92148],[139.44191,35.92154],[139.44212,35.92145],[139.44221,35.92107],[139.44231,35.92091],[139.44254,35.92065],[139.44285,35.92043],[139.44327,35.92029],[139.44366,35.9203],[139.44387,35.92038],[139.44412,35.92066],[139.44443,35.92073],[139.44466,35.92066],[139.44496,35.92037],[139.44537,35.9204],[139.44548,35.92023],[139.44553,35.91974],[139.44564,35.91951],[139.44583,35.91933],[139.44611,35.91919],[139.44645,35.91909],[139.44689,35.91912],[139.44714,35.91924],[139.44766,35.91968],[139.44833,35.92006],[139.44928,35.92048],[139.45024,35.92075],[139.45081,35.92082],[139.45158,35.92072],[139.45212,35.92054]]],[[[139.43501,36.1332],[139.43445,36.13317],[139.4341,36.13307],[139.43402,36.13296],[139.43407,36.13271],[139.43398,36.13246],[139.43356,36.13212],[139.43334,36.13205],[139.43325,36.13206],[139.43313,36.13217],[139.43309,36.13228],[139.43305,36.13273],[139.43297,36.13294],[139.43281,36.13306],[139.43271,36.13308],[139.43232,36.13304],[139.43206,36.13311],[139.43198,36.13325],[139.43187,36.1338],[139.43154,36.13406],[139.43159,36.13414],[139.43176,36.13424],[139.43181,36.13442],[139.43151,36.13514],[139.43151,36.13559],[139.43173,36.13602],[139.43184,36.13609],[139.43204,36.13612],[139.43213,36.13621],[139.43221,36.13647],[139.4322,36.13686],[139.43214,36.13705],[139.43202,36.13718],[139.43165,36.13725],[139.43149,36.13733],[139.4313,36.1376],[139.43118,36.13798],[139.43104,36.13825],[139.43092,36.13833],[139.43067,36.13838],[139.43059,36.13846],[139.43054,36.13873],[139.43062,36.13892],[139.43081,36.13902],[139.43124,36.13907],[139.43136,36.13918],[139.43137,36.13928],[139.43131,36.13938],[139.43115,36.13947],[139.43044,36.13964],[139.43011,36.13982],[139.43,36.13999],[139.42989,36.14059],[139.42956,36.14102],[139.42961,36.14119],[139.42973,36.1413],[139.43004,36.14147],[139.43051,36.14165],[139.43091,36.14176],[139.4313,36.14181],[139.43182,36.14173],[139.43226,36.14145],[139.4325,36.14116],[139.43269,36.14076],[139.43283,36.14026],[139.433,36.13916],[139.43316,36.1387],[139.43328,36.13858],[139.43347,36.13854],[139.43355,36.13844],[139.43362,36.13797],[139.43378,36.13766],[139.43435,36.13721],[139.43452,36.13699],[139.4346,36.13673],[139.43455,36.13611],[139.43459,36.13589],[139.43472,36.13578],[139.43481,36.13576],[139.4352,36.1358],[139.43554,36.13576],[139.43572,36.13566],[139.43587,36.13551],[139.43597,36.13532],[139.43596,36.13525],[139.43566,36.13518],[139.43546,36.13505],[139.43525,36.13483],[139.43516,36.13463],[139.43516,36.13425],[139.43536,36.13363],[139.43532,36.1334],[139.43515,36.13325],[139.43501,36.1332]]],[[[139.4477,36.14546],[139.44792,36.14515],[139.44801,36.14473],[139.44804,36.14425],[139.4482,36.14387],[139.44832,36.14371],[139.44866,36.14348],[139.44966,36.14317],[139.44993,36.143],[139.45002,36.14276],[139.45014,36.1426],[139.45072,36.14208],[139.45098,36.14178],[139.45116,36.14121],[139.45128,36.1411],[139.45166,36.14093],[139.45187,36.14068],[139.45218,36.14002],[139.45261,36.13884],[139.45282,36.13849],[139.45303,36.13831],[139.45332,36.13833],[139.45348,36.13823],[139.45348,36.13793],[139.45336,36.13756],[139.45321,36.13735],[139.45295,36.13728],[139.45286,36.13719],[139.45271,36.13642],[139.45245,36.13617],[139.45217,36.13607],[139.45169,36.13601],[139.45132,36.13606],[139.45107,36.13619],[139.45088,36.13659],[139.45081,36.13746],[139.45069,36.13789],[139.45055,36.13809],[139.45018,36.13834],[139.45007,36.13848],[139.44991,36.13898],[139.44979,36.13906],[139.44942,36.13912],[139.44928,36.13928],[139.44916,36.13975],[139.44912,36.14045],[139.44892,36.14096],[139.44869,36.14116],[139.44805,36.14137],[139.44779,36.1416],[139.44759,36.14192],[139.44722,36.14286],[139.44701,36.14311],[139.44664,36.14321],[139.44643,36.14344],[139.44629,36.14351],[139.44599,36.14358],[139.4456,36.14359],[139.44526,36.14369],[139.44493,36.14396],[139.44478,36.14426],[139.44484,36.14451],[139.44502,36.14466],[139.44534,36.14473],[139.44548,36.14481],[139.44591,36.14546],[139.44616,36.14564],[139.44669,36.14575],[139.44716,36.14571],[139.44755,36.14557],[139.4477,36.14546]]],[[[139.46632,36.13768],[139.46589,36.13776],[139.46563,36.13792],[139.46541,36.1383],[139.46525,36.13889],[139.46505,36.14059],[139.46483,36.14155],[139.46461,36.14193],[139.46401,36.14232],[139.46397,36.14243],[139.46404,36.1426],[139.46402,36.1428],[139.46371,36.14333],[139.46377,36.14348],[139.464,36.14361],[139.46412,36.14379],[139.46412,36.14401],[139.46401,36.14429],[139.46379,36.1445],[139.46338,36.14458],[139.46321,36.14494],[139.46272,36.14516],[139.46251,36.14533],[139.46219,36.14573],[139.46187,36.14627],[139.46162,36.14654],[139.46133,36.14671],[139.46068,36.14681],[139.46042,36.14693],[139.46015,36.1473],[139.46002,36.14785],[139.45979,36.14828],[139.45958,36.14848],[139.4592,36.14867],[139.45902,36.14884],[139.45903,36.14895],[139.4592,36.14913],[139.45933,36.14939],[139.45938,36.14989],[139.45929,36.15032],[139.45919,36.15044],[139.45895,36.15059],[139.45884,36.15076],[139.45882,36.15099],[139.45892,36.15122],[139.45908,36.15136],[139.45978,36.15175],[139.46,36.15203],[139.46013,36.15235],[139.46029,36.1525],[139.46051,36.1526],[139.46114,36.15266],[139.46154,36.15279],[139.46175,36.15294],[139.4621,36.15341],[139.46231,36.15354],[139.46245,36.15355],[139.4626,36.15351],[139.46296,36.15326],[139.46325,36.15293],[139.46341,36.15253],[139.46337,36.15136],[139.46345,36.15117],[139.46363,36.15099],[139.46368,36.15086],[139.46345,36.15066],[139.46335,36.15045],[139.46328,36.14989],[139.46328,36.1491],[139.4634,36.14837],[139.46372,36.14789],[139.46373,36.14756],[139.46366,36.14716],[139.46372,36.14686],[139.46384,36.14674],[139.46432,36.14652],[139.46464,36.14618],[139.46484,36.14575],[139.46486,36.14556],[139.4648,36.1452],[139.46493,36.145],[139.46541,36.14464],[139.46642,36.14406],[139.46683,36.14373],[139.46715,36.14338],[139.4678,36.14238],[139.46837,36.14191],[139.46848,36.14166],[139.46842,36.14124],[139.46855,36.141],[139.46877,36.14089],[139.46925,36.14081],[139.4697,36.14085],[139.46989,36.14101],[139.46999,36.14093],[139.47014,36.14042],[139.47016,36.13991],[139.47012,36.13958],[139.46995,36.13907],[139.46972,36.13869],[139.46953,36.13854],[139.46923,36.13847],[139.46888,36.13847],[139.46862,36.13881],[139.4686,36.13847],[139.46766,36.13843],[139.46751,36.13832],[139.46741,36.13809],[139.46722,36.13802],[139.46676,36.13797],[139.46658,36.13787],[139.46645,36.13772],[139.46632,36.13768]]],[[[139.52772,35.76848],[139.5278,35.76864],[139.52783,35.76889],[139.52802,35.76917],[139.52874,35.76969],[139.52902,35.76982],[139.52925,35.76985],[139.52977,35.76963],[139.53031,35.7697],[139.53091,35.76952],[139.53115,35.76933],[139.53115,35.76919],[139.53079,35.76881],[139.53074,35.76868],[139.53095,35.76864],[139.5303,35.76835],[139.52862,35.76822],[139.52806,35.76796],[139.52727,35.76781],[139.52717,35.76801],[139.52731,35.76835],[139.52772,35.76848]]],[[[139.62493,35.78486],[139.62525,35.78521],[139.62553,35.78535],[139.62634,35.78558],[139.62645,35.78567],[139.62656,35.78594],[139.62701,35.78604],[139.62775,35.7865],[139.62808,35.78659],[139.62847,35.78665],[139.62936,35.78665],[139.63003,35.78656],[139.63029,35.78639],[139.63042,35.78606],[139.6307,35.78599],[139.63098,35.78601],[139.63109,35.78606],[139.63117,35.78624],[139.6313,35.78633],[139.63174,35.78641],[139.63169,35.78634],[139.63035,35.78536],[139.62947,35.78562],[139.62939,35.78576],[139.62933,35.78574],[139.62929,35.78567],[139.62907,35.78574],[139.62787,35.78466],[139.6279,35.78416],[139.62788,35.78416],[139.62758,35.78408],[139.62761,35.78403],[139.62776,35.78399],[139.62791,35.78398],[139.62793,35.78374],[139.62774,35.78313],[139.62717,35.78257],[139.62636,35.78235],[139.62582,35.78204],[139.62567,35.78175],[139.62486,35.78109],[139.62475,35.78113],[139.62465,35.78109],[139.62471,35.78096],[139.62453,35.78081],[139.62452,35.78079],[139.6244,35.78076],[139.62428,35.78057],[139.62432,35.78022],[139.62451,35.78012],[139.6247,35.78014],[139.62471,35.78011],[139.62473,35.77872],[139.62449,35.7784],[139.62444,35.77818],[139.62458,35.77713],[139.62445,35.77648],[139.62445,35.7751],[139.62418,35.77461],[139.62421,35.77433],[139.62428,35.77413],[139.62526,35.77369],[139.6254,35.77318],[139.6256,35.77302],[139.62526,35.77228],[139.62502,35.77251],[139.62408,35.77125],[139.62407,35.77121],[139.62405,35.77122],[139.62366,35.77156],[139.62351,35.77176],[139.62316,35.77247],[139.62277,35.77301],[139.62247,35.77324],[139.62198,35.77344],[139.62165,35.77368],[139.62155,35.77387],[139.62148,35.77427],[139.62139,35.77439],[139.62125,35.77446],[139.62086,35.77453],[139.6206,35.77474],[139.62033,35.77524],[139.62027,35.77557],[139.62033,35.77573],[139.62059,35.77608],[139.6205,35.77641],[139.62052,35.7765],[139.62088,35.77674],[139.62096,35.77698],[139.6209,35.7771],[139.62075,35.77721],[139.62003,35.7775],[139.61977,35.77767],[139.61951,35.77799],[139.61941,35.7784],[139.61945,35.77864],[139.61957,35.77886],[139.62012,35.7793],[139.62021,35.77944],[139.6202,35.77957],[139.62003,35.77975],[139.61994,35.77998],[139.61997,35.78028],[139.62008,35.78056],[139.62024,35.78069],[139.62056,35.78063],[139.62072,35.78068],[139.62083,35.78081],[139.62086,35.78098],[139.62064,35.78127],[139.62035,35.78137],[139.61989,35.78137],[139.61902,35.78123],[139.6185,35.78125],[139.61841,35.78129],[139.61831,35.78141],[139.61834,35.78187],[139.61855,35.7822],[139.61891,35.78242],[139.61975,35.78264],[139.62013,35.78295],[139.62029,35.78296],[139.62049,35.7829],[139.62066,35.78294],[139.62109,35.78353],[139.62195,35.78418],[139.62203,35.78433],[139.62205,35.78462],[139.62292,35.7846],[139.62324,35.78452],[139.6235,35.78425],[139.62368,35.78378],[139.62381,35.78367],[139.62398,35.78366],[139.62418,35.78375],[139.62446,35.784],[139.62471,35.78438],[139.62493,35.78486]]],[[[139.61078,35.79516],[139.61085,35.79488],[139.61081,35.79477],[139.61059,35.7946],[139.61019,35.7944],[139.6099,35.79417],[139.60958,35.79383],[139.60889,35.79291],[139.60846,35.79251],[139.60796,35.79219],[139.60739,35.79196],[139.6068,35.79178],[139.60622,35.79146],[139.60603,35.79122],[139.60597,35.79067],[139.60586,35.79029],[139.60568,35.78994],[139.60552,35.78977],[139.60532,35.78967],[139.60503,35.78964],[139.60433,35.78977],[139.60469,35.79077],[139.6049,35.79117],[139.60512,35.79143],[139.60561,35.79181],[139.60575,35.792],[139.60562,35.79212],[139.60542,35.79217],[139.60524,35.79215],[139.60499,35.79202],[139.60479,35.79181],[139.60473,35.79178],[139.60466,35.79181],[139.60462,35.79234],[139.6048,35.79281],[139.60507,35.79308],[139.6054,35.79329],[139.60628,35.79357],[139.60648,35.7937],[139.60664,35.79405],[139.60727,35.79453],[139.60741,35.79471],[139.60746,35.79491],[139.60728,35.79534],[139.60731,35.79558],[139.60745,35.79569],[139.60813,35.79591],[139.60828,35.79603],[139.60846,35.79631],[139.60916,35.79627],[139.60928,35.79617],[139.60933,35.79598],[139.60942,35.79594],[139.60987,35.79601],[139.61022,35.796],[139.61061,35.79589],[139.61095,35.79573],[139.61105,35.79556],[139.61078,35.79516]]],[[[139.58561,35.80566],[139.58425,35.8056],[139.5838,35.80563],[139.58341,35.80571],[139.58308,35.80585],[139.58282,35.80605],[139.58263,35.8063],[139.5825,35.80661],[139.58243,35.80698],[139.58241,35.80777],[139.5823,35.80833],[139.5821,35.80867],[139.58197,35.80875],[139.58182,35.80878],[139.5815,35.80872],[139.58122,35.80857],[139.58116,35.80843],[139.58123,35.80806],[139.58118,35.80795],[139.58101,35.80785],[139.58023,35.80768],[139.57947,35.8076],[139.57906,35.80764],[139.57873,35.80781],[139.57859,35.80784],[139.57838,35.80774],[139.57797,35.80736],[139.57776,35.80729],[139.57755,35.80734],[139.57728,35.80766],[139.57705,35.8082],[139.57705,35.80858],[139.57726,35.80914],[139.57722,35.80934],[139.57707,35.80953],[139.5767,35.80978],[139.57644,35.81004],[139.57625,35.81061],[139.57579,35.81074],[139.57557,35.81104],[139.57551,35.81133],[139.57553,35.81165],[139.57563,35.81182],[139.57587,35.81196],[139.57594,35.81207],[139.57596,35.81222],[139.57587,35.8128],[139.57596,35.81298],[139.57616,35.81313],[139.57568,35.81336],[139.57547,35.81357],[139.57531,35.81398],[139.57521,35.81447],[139.5753,35.81472],[139.57559,35.81486],[139.5758,35.81482],[139.57616,35.8145],[139.57644,35.81441],[139.57681,35.81447],[139.57717,35.81471],[139.57737,35.81513],[139.5775,35.81614],[139.57768,35.81647],[139.57797,35.81673],[139.57887,35.81715],[139.57932,35.81741],[139.57952,35.81765],[139.57954,35.8178],[139.57947,35.81813],[139.57958,35.81832],[139.57999,35.81862],[139.58104,35.81919],[139.58144,35.81952],[139.5816,35.81975],[139.58175,35.82017],[139.58185,35.82136],[139.582,35.82185],[139.58219,35.82207],[139.58268,35.82233],[139.58283,35.82246],[139.58292,35.82262],[139.58297,35.82292],[139.58306,35.82301],[139.5835,35.8231],[139.58366,35.82318],[139.58384,35.82345],[139.58397,35.82384],[139.58427,35.8241],[139.58476,35.82421],[139.58516,35.82419],[139.58546,35.82412],[139.58576,35.82391],[139.58604,35.82339],[139.58615,35.82332],[139.58629,35.82331],[139.58661,35.82349],[139.5871,35.82407],[139.58741,35.82433],[139.58772,35.82444],[139.58791,35.82441],[139.58806,35.82429],[139.58815,35.82407],[139.58822,35.82307],[139.58835,35.82261],[139.5885,35.82248],[139.58866,35.82243],[139.5893,35.82241],[139.58995,35.82191],[139.5903,35.82175],[139.5905,35.82175],[139.59063,35.82181],[139.59068,35.82219],[139.5914,35.82177],[139.59175,35.82164],[139.59229,35.82161],[139.59318,35.82175],[139.59303,35.82273],[139.59315,35.82306],[139.59343,35.8232],[139.59362,35.82323],[139.59414,35.8232],[139.59499,35.82302],[139.59528,35.82285],[139.59566,35.82243],[139.59602,35.82256],[139.59618,35.82255],[139.59639,35.82243],[139.59679,35.82206],[139.59713,35.82192],[139.59751,35.82181],[139.59768,35.82171],[139.59777,35.82146],[139.59773,35.82101],[139.59785,35.82076],[139.59806,35.8205],[139.59878,35.81986],[139.59899,35.81953],[139.59886,35.81922],[139.59845,35.81882],[139.59833,35.81863],[139.59836,35.81854],[139.59863,35.81833],[139.59872,35.81787],[139.59863,35.81752],[139.59831,35.81727],[139.59861,35.8172],[139.59876,35.81699],[139.5989,35.81648],[139.59886,35.81602],[139.59876,35.81583],[139.59853,35.81558],[139.59822,35.81537],[139.59772,35.81513],[139.59754,35.8149],[139.59755,35.81471],[139.59777,35.81424],[139.59788,35.81382],[139.5979,35.81317],[139.59782,35.81276],[139.5976,35.81236],[139.59725,35.8121],[139.59711,35.81206],[139.59692,35.81209],[139.59658,35.81233],[139.59647,35.81212],[139.59624,35.81118],[139.59607,35.81096],[139.59588,35.81092],[139.59579,35.81083],[139.59585,35.81055],[139.59601,35.81039],[139.59616,35.81034],[139.59653,35.81038],[139.59665,35.81028],[139.5967,35.80989],[139.59659,35.80928],[139.5964,35.80899],[139.59609,35.80882],[139.59569,35.80878],[139.59506,35.80881],[139.59482,35.80874],[139.59472,35.80861],[139.59479,35.80821],[139.59473,35.80805],[139.59438,35.80793],[139.5942,35.80749],[139.59376,35.8071],[139.59341,35.80691],[139.59313,35.80687],[139.593,35.8068],[139.59293,35.80657],[139.59284,35.80649],[139.59193,35.80636],[139.59158,35.8062],[139.59106,35.80585],[139.59065,35.80574],[139.59022,35.80581],[139.59009,35.80591],[139.5899,35.80619],[139.58989,35.80562],[139.5898,35.80541],[139.58954,35.80523],[139.58896,35.80513],[139.58809,35.80514],[139.5871,35.80525],[139.58669,35.80538],[139.58652,35.80558],[139.5862,35.80564],[139.58561,35.80566]]],[[[139.56387,35.82355],[139.56393,35.82365],[139.56431,35.82376],[139.56444,35.82409],[139.56489,35.82425],[139.56523,35.82493],[139.5654,35.82505],[139.5656,35.82508],[139.56576,35.82517],[139.56608,35.82564],[139.56623,35.82571],[139.56662,35.82576],[139.56693,35.82585],[139.56763,35.82632],[139.56787,35.82641],[139.56815,35.82646],[139.56829,35.82653],[139.56884,35.82704],[139.56925,35.82715],[139.56926,35.82725],[139.56918,35.82748],[139.56927,35.82755],[139.56947,35.82758],[139.5696,35.82768],[139.56981,35.828],[139.57,35.82848],[139.57009,35.82892],[139.57002,35.82952],[139.57008,35.82969],[139.57037,35.82987],[139.57085,35.82999],[139.57129,35.83033],[139.57154,35.8307],[139.57204,35.83175],[139.57228,35.83204],[139.57243,35.83207],[139.57266,35.83201],[139.57324,35.83162],[139.57345,35.83154],[139.57376,35.83155],[139.57415,35.8317],[139.57429,35.83166],[139.57445,35.83145],[139.57449,35.83109],[139.57433,35.83096],[139.57405,35.83094],[139.57386,35.83087],[139.57378,35.83069],[139.57387,35.83054],[139.57428,35.83042],[139.57432,35.83019],[139.57416,35.83005],[139.57359,35.82988],[139.57333,35.8297],[139.57325,35.82952],[139.57319,35.82912],[139.5731,35.82896],[139.57296,35.82885],[139.57261,35.82871],[139.57252,35.8286],[139.57258,35.82814],[139.57247,35.82789],[139.57221,35.82763],[139.57193,35.82744],[139.57168,35.82735],[139.57148,35.82732],[139.57139,35.82725],[139.57122,35.82648],[139.5708,35.82616],[139.5707,35.82583],[139.57031,35.82571],[139.57035,35.82537],[139.5702,35.82531],[139.56978,35.82526],[139.56966,35.82515],[139.56962,35.82499],[139.56947,35.82486],[139.56833,35.82437],[139.56777,35.82402],[139.56747,35.82374],[139.56714,35.82325],[139.56679,35.82287],[139.56654,35.82269],[139.56604,35.82244],[139.56589,35.8223],[139.5658,35.82215],[139.56578,35.82198],[139.56567,35.82184],[139.5652,35.82167],[139.56438,35.82156],[139.56388,35.82159],[139.56353,35.82173],[139.56333,35.82198],[139.56329,35.82215],[139.56332,35.82266],[139.56338,35.82289],[139.56347,35.82301],[139.56371,35.82307],[139.56379,35.82314],[139.56387,35.82355]]],[[[139.55506,35.83084],[139.5558,35.83093],[139.55592,35.83097],[139.55596,35.83105],[139.55592,35.83124],[139.55604,35.83145],[139.55632,35.83176],[139.55728,35.8326],[139.55783,35.83335],[139.55805,35.83387],[139.55823,35.83489],[139.55838,35.83531],[139.55844,35.83538],[139.55866,35.83545],[139.55884,35.83559],[139.55944,35.83643],[139.55979,35.8368],[139.56025,35.83705],[139.56052,35.83714],[139.56113,35.83723],[139.56201,35.83716],[139.56234,35.83702],[139.56246,35.83679],[139.56238,35.83647],[139.56206,35.83593],[139.56159,35.83556],[139.56147,35.83541],[139.56142,35.83514],[139.56149,35.83481],[139.56148,35.83457],[139.5614,35.83446],[139.56109,35.83425],[139.561,35.83395],[139.56084,35.83387],[139.56031,35.83377],[139.5598,35.83347],[139.55912,35.83295],[139.55858,35.83236],[139.55831,35.83177],[139.55823,35.83083],[139.5581,35.83034],[139.5579,35.82993],[139.55772,35.82975],[139.55738,35.82965],[139.55699,35.82969],[139.5568,35.82966],[139.55664,35.82948],[139.55659,35.82917],[139.5564,35.82902],[139.55624,35.82896],[139.55581,35.82889],[139.55493,35.82885],[139.55407,35.82866],[139.55354,35.82843],[139.55262,35.82784],[139.5521,35.82763],[139.55184,35.82761],[139.55154,35.82774],[139.55128,35.82799],[139.55106,35.82837],[139.55084,35.82892],[139.55084,35.82918],[139.55114,35.82951],[139.55177,35.82992],[139.55216,35.83008],[139.55259,35.83018],[139.55351,35.83023],[139.55408,35.83033],[139.55438,35.83045],[139.55471,35.83068],[139.55506,35.83084]]],[[[139.54964,35.84478],[139.54948,35.84461],[139.54891,35.84432],[139.54865,35.84412],[139.54857,35.84397],[139.54851,35.84365],[139.54842,35.84353],[139.548,35.84334],[139.54785,35.84321],[139.54776,35.84303],[139.54772,35.84253],[139.54764,35.84229],[139.54754,35.84224],[139.54735,35.84229],[139.54718,35.84225],[139.54684,35.84176],[139.54654,35.84156],[139.54615,35.84138],[139.54585,35.84115],[139.54572,35.84096],[139.54551,35.84046],[139.5451,35.84008],[139.54499,35.83965],[139.5449,35.83834],[139.54478,35.83803],[139.54451,35.83771],[139.54414,35.83747],[139.54365,35.83735],[139.54326,35.8368],[139.5428,35.83667],[139.54229,35.83621],[139.54198,35.83609],[139.54173,35.83605],[139.54135,35.83607],[139.54109,35.83616],[139.54079,35.83641],[139.54065,35.83643],[139.54005,35.83635],[139.53974,35.83643],[139.53944,35.83659],[139.53932,35.83672],[139.53927,35.83686],[139.53937,35.83719],[139.53975,35.83753],[139.54051,35.83797],[139.54074,35.83819],[139.54089,35.83844],[139.541,35.83884],[139.54098,35.8391],[139.54091,35.83919],[139.54059,35.83928],[139.54054,35.8394],[139.54059,35.83956],[139.5408,35.83969],[139.54159,35.83993],[139.54198,35.84029],[139.54241,35.8404],[139.54281,35.84093],[139.54311,35.84108],[139.5435,35.84119],[139.54371,35.84133],[139.54393,35.84168],[139.54406,35.84217],[139.54421,35.84249],[139.54458,35.84294],[139.54505,35.84336],[139.54538,35.84372],[139.54548,35.84393],[139.54558,35.84432],[139.5457,35.84442],[139.54623,35.84468],[139.54641,35.84492],[139.54654,35.84524],[139.54675,35.84548],[139.54697,35.84559],[139.54736,35.84571],[139.54774,35.84598],[139.54797,35.84627],[139.54829,35.84682],[139.54863,35.84719],[139.54902,35.84734],[139.5493,35.84733],[139.54972,35.84723],[139.55013,35.84704],[139.55058,35.84671],[139.5507,35.84654],[139.55077,35.84622],[139.55084,35.84609],[139.55094,35.84607],[139.55128,35.84616],[139.55155,35.84612],[139.55178,35.84599],[139.55187,35.84574],[139.55178,35.84558],[139.55143,35.8455],[139.5514,35.84544],[139.55147,35.84529],[139.55143,35.8452],[139.55112,35.84511],[139.54996,35.84504],[139.54968,35.84494],[139.54964,35.84478]]],[[[139.62416,35.91373],[139.62465,35.91354],[139.62591,35.91339],[139.62706,35.91337],[139.6282,35.91345],[139.62963,35.91368],[139.63041,35.91389],[139.63117,35.91426],[139.63156,35.91434],[139.63187,35.9142],[139.63201,35.91385],[139.63242,35.9139],[139.63277,35.91376],[139.63321,35.91337],[139.63334,35.91311],[139.63326,35.9129],[139.63285,35.91281],[139.63259,35.91255],[139.63245,35.91249],[139.63215,35.91248],[139.63159,35.91257],[139.63183,35.91243],[139.63193,35.91231],[139.63196,35.91215],[139.63186,35.91202],[139.63095,35.91189],[139.63071,35.91179],[139.63026,35.9115],[139.62971,35.91137],[139.62781,35.91142],[139.62739,35.91138],[139.62673,35.91121],[139.62653,35.91121],[139.62569,35.91138],[139.62416,35.91194],[139.62343,35.91213],[139.62251,35.91222],[139.6216,35.91206],[139.62129,35.91205],[139.6211,35.91209],[139.621,35.91219],[139.62102,35.91233],[139.62116,35.91252],[139.6223,35.9134],[139.6226,35.91372],[139.6228,35.91403],[139.62306,35.91416],[139.6233,35.91419],[139.62377,35.91413],[139.62393,35.91403],[139.62416,35.91373]]],[[[139.57293,35.91606],[139.57281,35.91646],[139.57267,35.91662],[139.57238,35.91674],[139.57219,35.91691],[139.57194,35.91731],[139.57159,35.91812],[139.57138,35.91834],[139.57118,35.91839],[139.57109,35.91847],[139.57089,35.91942],[139.57063,35.91985],[139.57008,35.92051],[139.56999,35.92082],[139.57006,35.92107],[139.57005,35.92123],[139.56997,35.92128],[139.56967,35.92134],[139.56945,35.92155],[139.56908,35.9228],[139.56893,35.92314],[139.56873,35.92335],[139.56854,35.92344],[139.56813,35.92352],[139.56739,35.92357],[139.56719,35.92371],[139.56716,35.92397],[139.56721,35.92413],[139.56745,35.92456],[139.56786,35.92504],[139.56814,35.92521],[139.56841,35.92525],[139.56886,35.9251],[139.56902,35.92491],[139.56906,35.92467],[139.56926,35.92451],[139.56998,35.92444],[139.57034,35.92431],[139.5705,35.92416],[139.57063,35.92384],[139.57081,35.9236],[139.57126,35.92339],[139.57138,35.92328],[139.57143,35.92303],[139.57137,35.92264],[139.57142,35.92251],[139.57154,35.92244],[139.57193,35.92241],[139.57219,35.92232],[139.57252,35.92204],[139.57262,35.92179],[139.57273,35.92109],[139.57302,35.92049],[139.57344,35.91989],[139.57364,35.91968],[139.57404,35.9194],[139.57417,35.9192],[139.57422,35.91877],[139.57415,35.91822],[139.57416,35.91785],[139.57423,35.91772],[139.57449,35.91764],[139.57444,35.91705],[139.5748,35.91675],[139.57494,35.91602],[139.57502,35.91589],[139.5753,35.91566],[139.57535,35.91537],[139.57529,35.91491],[139.57516,35.91457],[139.57505,35.91449],[139.57469,35.91465],[139.57449,35.91469],[139.57374,35.91462],[139.57352,35.91463],[139.57326,35.91474],[139.57313,35.91487],[139.573,35.9152],[139.57293,35.91606]]],[[[139.63001,35.91862],[139.62988,35.91888],[139.62984,35.91909],[139.6299,35.91924],[139.63006,35.91934],[139.63081,35.91942],[139.63117,35.91954],[139.63142,35.91977],[139.63145,35.91984],[139.63142,35.91994],[139.63111,35.91998],[139.63034,35.91993],[139.62998,35.92],[139.62966,35.92013],[139.62901,35.92059],[139.62865,35.92073],[139.62839,35.92066],[139.62832,35.92043],[139.62826,35.92037],[139.62814,35.92036],[139.62787,35.92041],[139.6275,35.92063],[139.62712,35.92111],[139.62687,35.92132],[139.62668,35.92139],[139.6262,35.92145],[139.62595,35.92155],[139.62565,35.92185],[139.62546,35.92257],[139.62462,35.92394],[139.6245,35.92424],[139.62442,35.92482],[139.62432,35.92507],[139.62413,35.92526],[139.62387,35.92539],[139.62354,35.92545],[139.62316,35.92542],[139.62303,35.92527],[139.62303,35.92498],[139.62334,35.92407],[139.62345,35.92337],[139.62343,35.92294],[139.62326,35.92236],[139.62321,35.92193],[139.62326,35.92173],[139.62349,35.92146],[139.6236,35.92121],[139.62363,35.92089],[139.62358,35.92051],[139.62351,35.9203],[139.62339,35.92015],[139.62323,35.92007],[139.62297,35.92002],[139.62283,35.9199],[139.62263,35.91953],[139.62228,35.91867],[139.62201,35.91827],[139.62166,35.9181],[139.62123,35.91814],[139.62115,35.91802],[139.62109,35.91767],[139.62096,35.91758],[139.62077,35.91755],[139.6207,35.91746],[139.62075,35.91657],[139.62066,35.91639],[139.62031,35.91611],[139.62017,35.91591],[139.62004,35.9153],[139.62005,35.9149],[139.62017,35.91431],[139.62056,35.91334],[139.62049,35.91304],[139.62037,35.91291],[139.61996,35.91271],[139.61873,35.91245],[139.61828,35.91231],[139.61797,35.91216],[139.61772,35.91193],[139.61751,35.91183],[139.61726,35.91179],[139.61661,35.91184],[139.61631,35.9118],[139.61592,35.91162],[139.6156,35.91132],[139.61529,35.91111],[139.61498,35.91102],[139.61464,35.91108],[139.61455,35.91118],[139.61449,35.91148],[139.61438,35.91161],[139.61405,35.91176],[139.61346,35.9119],[139.6133,35.912],[139.61324,35.91214],[139.61328,35.9123],[139.61341,35.91249],[139.61358,35.91258],[139.61394,35.91267],[139.61407,35.91279],[139.6142,35.91308],[139.6142,35.91339],[139.6141,35.91348],[139.61386,35.91352],[139.61377,35.91374],[139.61383,35.91438],[139.61392,35.9147],[139.61405,35.91493],[139.61421,35.91505],[139.61461,35.91511],[139.61479,35.91518],[139.6152,35.91554],[139.61553,35.91571],[139.61632,35.91597],[139.61798,35.91639],[139.61874,35.91673],[139.61894,35.91692],[139.6191,35.91722],[139.61928,35.91784],[139.61941,35.91864],[139.61971,35.91926],[139.62001,35.91955],[139.62088,35.92],[139.62111,35.92026],[139.62113,35.92043],[139.62103,35.92061],[139.62077,35.92071],[139.6203,35.92075],[139.62014,35.92088],[139.62019,35.92137],[139.61991,35.92159],[139.61967,35.92202],[139.61938,35.9228],[139.61899,35.92417],[139.61891,35.92462],[139.61894,35.92486],[139.6191,35.92507],[139.61946,35.92531],[139.61966,35.92551],[139.61973,35.92575],[139.61971,35.9259],[139.61958,35.92602],[139.61934,35.92609],[139.61901,35.92613],[139.61846,35.9261],[139.61815,35.92602],[139.61803,35.92577],[139.61788,35.92564],[139.61761,35.92555],[139.61741,35.92556],[139.61715,35.92577],[139.61685,35.92636],[139.61661,35.92671],[139.61632,35.92689],[139.61596,35.92694],[139.61577,35.92687],[139.61554,35.92664],[139.6148,35.9265],[139.61392,35.926],[139.61363,35.92592],[139.61299,35.92588],[139.61266,35.92582],[139.61255,35.92574],[139.61251,35.92554],[139.6124,35.92546],[139.61222,35.92544],[139.61206,35.92548],[139.61194,35.92578],[139.61185,35.92584],[139.61161,35.92589],[139.61142,35.92588],[139.61122,35.92582],[139.61116,35.92574],[139.61112,35.92554],[139.61102,35.92546],[139.61072,35.92546],[139.6106,35.92558],[139.61064,35.92584],[139.61108,35.92616],[139.61145,35.92691],[139.61169,35.92715],[139.61221,35.92753],[139.61243,35.92793],[139.61241,35.92818],[139.61215,35.92863],[139.61202,35.92907],[139.61188,35.93072],[139.61178,35.93096],[139.6116,35.93115],[139.61157,35.93124],[139.61163,35.93133],[139.61197,35.93146],[139.61211,35.93157],[139.61222,35.93181],[139.61223,35.93213],[139.61215,35.93237],[139.61205,35.93248],[139.61177,35.93265],[139.61166,35.93295],[139.61158,35.93305],[139.61074,35.93335],[139.61059,35.93354],[139.61053,35.93377],[139.61036,35.93389],[139.61005,35.93396],[139.60908,35.934],[139.60856,35.9341],[139.60839,35.93421],[139.60832,35.93445],[139.60809,35.93467],[139.60692,35.93509],[139.60662,35.93526],[139.60643,35.93545],[139.6063,35.93549],[139.60568,35.93542],[139.60555,35.93546],[139.60533,35.93563],[139.60468,35.93568],[139.60249,35.93549],[139.60132,35.93544],[139.60075,35.93548],[139.59989,35.93567],[139.59978,35.93562],[139.59972,35.93542],[139.59956,35.9353],[139.59918,35.93518],[139.59883,35.93516],[139.59818,35.93526],[139.59797,35.93537],[139.59775,35.93562],[139.59764,35.93594],[139.59765,35.93628],[139.59778,35.93662],[139.59804,35.93694],[139.59845,35.93719],[139.5994,35.93751],[139.6,35.9378],[139.60045,35.9382],[139.60066,35.9386],[139.60097,35.93869],[139.60152,35.93871],[139.60213,35.93864],[139.60231,35.93856],[139.60244,35.93841],[139.60258,35.93834],[139.60295,35.93839],[139.60305,35.93827],[139.60311,35.93789],[139.60326,35.93775],[139.60371,35.93768],[139.60439,35.93773],[139.60479,35.9377],[139.60512,35.93759],[139.6056,35.93722],[139.60599,35.93704],[139.60629,35.93701],[139.60678,35.93706],[139.60711,35.93705],[139.60721,35.93699],[139.60732,35.93674],[139.60761,35.93668],[139.60778,35.93659],[139.60795,35.93632],[139.60808,35.93619],[139.60845,35.9361],[139.60919,35.93616],[139.6095,35.93613],[139.6098,35.93595],[139.60997,35.93556],[139.61013,35.93539],[139.61025,35.93535],[139.61039,35.93536],[139.61056,35.93549],[139.61093,35.93622],[139.61177,35.93703],[139.61201,35.93733],[139.6122,35.93781],[139.61223,35.9383],[139.61235,35.93871],[139.61283,35.93935],[139.61288,35.93985],[139.61263,35.94106],[139.61258,35.94156],[139.61264,35.94303],[139.61256,35.94341],[139.61239,35.94373],[139.61174,35.94439],[139.61139,35.94494],[139.61089,35.9459],[139.61064,35.94621],[139.61043,35.94635],[139.61029,35.94657],[139.60973,35.94831],[139.60952,35.94868],[139.60927,35.94889],[139.60919,35.94909],[139.60914,35.94975],[139.60917,35.94993],[139.60935,35.9502],[139.60966,35.95037],[139.61011,35.95044],[139.61064,35.95043],[139.61123,35.95027],[139.6115,35.95008],[139.61195,35.94943],[139.61208,35.94934],[139.6123,35.9493],[139.61246,35.94922],[139.61305,35.94857],[139.6133,35.94837],[139.61374,35.94822],[139.6145,35.94814],[139.61469,35.94804],[139.61493,35.94775],[139.61508,35.94769],[139.61586,35.94761],[139.61796,35.94768],[139.61879,35.94764],[139.61897,35.94761],[139.61931,35.94742],[139.61948,35.94738],[139.62013,35.94744],[139.62026,35.94736],[139.62045,35.94709],[139.62067,35.94703],[139.62123,35.94709],[139.62204,35.94732],[139.62291,35.94748],[139.62498,35.94761],[139.62518,35.94769],[139.62524,35.94788],[139.6253,35.94792],[139.62563,35.94786],[139.62592,35.94789],[139.62745,35.94835],[139.6279,35.94839],[139.62821,35.94826],[139.62839,35.94798],[139.62861,35.94714],[139.62892,35.94661],[139.62901,35.9463],[139.62909,35.94562],[139.62909,35.94475],[139.62903,35.94431],[139.62891,35.94401],[139.62874,35.94384],[139.62845,35.94371],[139.62827,35.94353],[139.62804,35.94313],[139.62792,35.94269],[139.62794,35.9426],[139.62808,35.94248],[139.62866,35.94249],[139.6288,35.94246],[139.62902,35.94232],[139.62918,35.94207],[139.62927,35.9417],[139.62929,35.94134],[139.62924,35.94102],[139.62912,35.94074],[139.62883,35.94039],[139.62864,35.94006],[139.62848,35.93926],[139.62818,35.93902],[139.62798,35.93865],[139.62743,35.93691],[139.62729,35.93669],[139.62699,35.93643],[139.62679,35.9361],[139.62582,35.93402],[139.62564,35.93377],[139.62537,35.93354],[139.62542,35.93296],[139.62535,35.93291],[139.62504,35.93285],[139.62482,35.93264],[139.62477,35.93235],[139.62488,35.93184],[139.62487,35.93166],[139.6248,35.93163],[139.62454,35.93167],[139.6246,35.93131],[139.62456,35.93118],[139.62434,35.93103],[139.62397,35.93092],[139.62382,35.93077],[139.6238,35.93043],[139.62402,35.92968],[139.62397,35.92939],[139.62385,35.92926],[139.62361,35.92913],[139.62304,35.92905],[139.62281,35.92892],[139.6227,35.92877],[139.6226,35.92844],[139.62259,35.92824],[139.62269,35.92795],[139.62281,35.92778],[139.62303,35.92762],[139.62377,35.92735],[139.62482,35.92715],[139.62569,35.92712],[139.62644,35.92727],[139.62663,35.92741],[139.62667,35.92757],[139.62679,35.92767],[139.62741,35.92776],[139.62799,35.92804],[139.6284,35.92804],[139.62916,35.92787],[139.62955,35.92783],[139.62968,35.92788],[139.62973,35.92808],[139.62983,35.9282],[139.63012,35.92832],[139.63068,35.92838],[139.63264,35.92841],[139.63362,35.92848],[139.63415,35.9286],[139.63436,35.92873],[139.63441,35.92888],[139.63448,35.92893],[139.63482,35.92901],[139.63851,35.92916],[139.63895,35.92924],[139.63952,35.9295],[139.64038,35.92956],[139.64075,35.92964],[139.64087,35.9297],[139.64092,35.92985],[139.64068,35.93024],[139.64055,35.93059],[139.6405,35.93103],[139.64055,35.93158],[139.64063,35.93173],[139.64087,35.93182],[139.64096,35.93192],[139.64104,35.93224],[139.64108,35.93283],[139.64118,35.93308],[139.64129,35.93315],[139.64149,35.93313],[139.64164,35.93304],[139.64176,35.9329],[139.64183,35.93292],[139.64193,35.9333],[139.64214,35.93474],[139.64217,35.93427],[139.64233,35.93392],[139.64252,35.93377],[139.64302,35.9336],[139.6432,35.93345],[139.64334,35.93324],[139.64345,35.93283],[139.64347,35.93226],[139.64339,35.93184],[139.64321,35.93144],[139.64302,35.93119],[139.64253,35.93073],[139.64231,35.93046],[139.64227,35.93031],[139.64232,35.93007],[139.64223,35.93002],[139.64188,35.92997],[139.64165,35.92971],[139.64153,35.9294],[139.64143,35.92876],[139.64143,35.92785],[139.64153,35.92744],[139.64168,35.92721],[139.64179,35.92716],[139.64211,35.92719],[139.64221,35.92712],[139.64248,35.92672],[139.64272,35.92663],[139.64301,35.9266],[139.64315,35.92651],[139.64324,35.92635],[139.6433,35.92585],[139.64341,35.9256],[139.64374,35.92529],[139.64421,35.92501],[139.6444,35.92475],[139.64448,35.92442],[139.64436,35.9238],[139.6442,35.92344],[139.64389,35.9231],[139.64377,35.92304],[139.6435,35.92301],[139.64326,35.92307],[139.64307,35.92322],[139.64294,35.92345],[139.64276,35.92405],[139.64263,35.92424],[139.64246,35.92434],[139.64218,35.92437],[139.64202,35.92447],[139.64202,35.92461],[139.64218,35.92504],[139.64168,35.92508],[139.64147,35.92529],[139.64141,35.92566],[139.64153,35.92655],[139.64147,35.92693],[139.64137,35.92713],[139.64121,35.92728],[139.64081,35.92734],[139.64044,35.92728],[139.63973,35.92707],[139.63896,35.92697],[139.63843,35.92699],[139.6374,35.92716],[139.63688,35.92716],[139.63628,35.9269],[139.63467,35.92676],[139.63355,35.92645],[139.63149,35.9263],[139.63122,35.92622],[139.6308,35.92601],[139.63046,35.926],[139.62991,35.92607],[139.6295,35.92603],[139.62908,35.92589],[139.62875,35.92568],[139.62853,35.9254],[139.62832,35.92493],[139.62821,35.92483],[139.62801,35.92479],[139.6279,35.9247],[139.62778,35.9242],[139.62783,35.92318],[139.62802,35.92259],[139.62832,35.9222],[139.6286,35.92203],[139.62911,35.92181],[139.62976,35.92125],[139.63007,35.92104],[139.63071,35.92075],[139.63173,35.9204],[139.63214,35.92021],[139.63245,35.92],[139.63297,35.91953],[139.63322,35.9194],[139.63355,35.91934],[139.63397,35.91913],[139.63454,35.91876],[139.63485,35.91842],[139.63503,35.91802],[139.63506,35.91779],[139.63503,35.91728],[139.63487,35.91653],[139.63487,35.91607],[139.63496,35.91591],[139.63522,35.91574],[139.63527,35.91553],[139.6351,35.91527],[139.63427,35.91465],[139.63419,35.9145],[139.63417,35.91421],[139.63328,35.91492],[139.63284,35.9152],[139.63246,35.91539],[139.63166,35.91564],[139.63123,35.91584],[139.63104,35.91603],[139.63084,35.91646],[139.63016,35.91674],[139.62998,35.91688],[139.63002,35.91705],[139.63029,35.91723],[139.63048,35.91749],[139.63056,35.91799],[139.63047,35.91838],[139.63038,35.91847],[139.63012,35.91853],[139.63001,35.91862]],[[139.61634,35.92793],[139.61652,35.92775],[139.61664,35.92771],[139.61695,35.92772],[139.61756,35.92793],[139.6183,35.92805],[139.61886,35.92807],[139.61975,35.92802],[139.62046,35.92813],[139.62079,35.9283],[139.62112,35.9287],[139.62131,35.92909],[139.6214,35.92967],[139.62149,35.92984],[139.62175,35.93002],[139.62213,35.93014],[139.62229,35.9303],[139.62238,35.9307],[139.62233,35.93148],[139.62248,35.93211],[139.62269,35.93255],[139.62322,35.93333],[139.62346,35.93359],[139.62387,35.93389],[139.62399,35.93403],[139.62404,35.93421],[139.62397,35.93464],[139.62399,35.93484],[139.62407,35.93504],[139.62442,35.93539],[139.62454,35.9356],[139.62459,35.93596],[139.62451,35.93661],[139.62456,35.93683],[139.62476,35.93723],[139.62455,35.93732],[139.62385,35.93726],[139.62342,35.93727],[139.62324,35.93733],[139.62297,35.93758],[139.62272,35.93762],[139.62227,35.93752],[139.6212,35.93712],[139.62089,35.93708],[139.62071,35.93732],[139.61977,35.93748],[139.61936,35.93769],[139.61893,35.938],[139.61839,35.93821],[139.61797,35.93828],[139.61657,35.93836],[139.61553,35.93858],[139.6151,35.93855],[139.61492,35.93843],[139.61465,35.93788],[139.61425,35.93758],[139.61411,35.93704],[139.61403,35.93696],[139.61379,35.93691],[139.6137,35.93678],[139.61362,35.93641],[139.61356,35.93554],[139.61337,35.93506],[139.61303,35.93474],[139.61269,35.93466],[139.61256,35.93446],[139.61251,35.93392],[139.6126,35.93356],[139.61281,35.93317],[139.61336,35.93254],[139.61403,35.93184],[139.61449,35.93108],[139.6147,35.93054],[139.61501,35.92941],[139.61517,35.92902],[139.6154,35.92886],[139.61586,35.9288],[139.61602,35.9287],[139.61615,35.92851],[139.61634,35.92793]],[[139.61658,35.94047],[139.61673,35.94041],[139.61792,35.94045],[139.61823,35.94038],[139.61883,35.9401],[139.61928,35.94004],[139.62022,35.9401],[139.62138,35.94034],[139.62244,35.94063],[139.62286,35.94085],[139.62306,35.94091],[139.62346,35.94092],[139.62411,35.94085],[139.62447,35.9409],[139.62505,35.9412],[139.62643,35.94161],[139.62667,35.94175],[139.62677,35.9419],[139.62674,35.94207],[139.62643,35.94236],[139.62418,35.94356],[139.62303,35.9445],[139.62284,35.94459],[139.62254,35.94465],[139.62243,35.94491],[139.62232,35.94499],[139.621,35.94514],[139.61863,35.94574],[139.61734,35.94594],[139.61653,35.94594],[139.61601,35.94588],[139.61584,35.9458],[139.61572,35.94557],[139.61561,35.94552],[139.61533,35.9455],[139.61517,35.94541],[139.61501,35.94507],[139.61489,35.94376],[139.61456,35.9431],[139.61458,35.943],[139.61467,35.94292],[139.61479,35.94284],[139.61488,35.9426],[139.61481,35.94187],[139.61486,35.94146],[139.61498,35.94124],[139.61528,35.94099],[139.61569,35.9408],[139.61626,35.94072],[139.61645,35.94062],[139.61658,35.94047]]],[[[139.62385,35.95194],[139.62372,35.952],[139.62326,35.95205],[139.62307,35.95212],[139.62291,35.95245],[139.62229,35.95273],[139.62217,35.95286],[139.62213,35.95306],[139.62197,35.95316],[139.62178,35.95316],[139.62165,35.9531],[139.62152,35.95275],[139.62113,35.95246],[139.62069,35.95236],[139.62006,35.95235],[139.61925,35.95243],[139.61872,35.95254],[139.61795,35.95278],[139.61721,35.95309],[139.61645,35.9533],[139.6146,35.95345],[139.61443,35.95353],[139.61436,35.95368],[139.61419,35.95372],[139.61367,35.95368],[139.61268,35.95346],[139.61222,35.95329],[139.61195,35.95305],[139.61188,35.95304],[139.61169,35.95323],[139.61139,35.95337],[139.61051,35.95353],[139.61012,35.95365],[139.60999,35.95374],[139.60997,35.95393],[139.6102,35.95474],[139.61047,35.9554],[139.61068,35.95568],[139.61098,35.95588],[139.61114,35.95645],[139.61133,35.95659],[139.61161,35.9567],[139.61171,35.95681],[139.61169,35.95705],[139.6115,35.95748],[139.61155,35.95777],[139.6118,35.95804],[139.61211,35.95814],[139.61242,35.95803],[139.613,35.95756],[139.61328,35.95743],[139.61392,35.95726],[139.61414,35.9571],[139.61427,35.9567],[139.61421,35.95615],[139.61427,35.95575],[139.61439,35.95559],[139.61468,35.95546],[139.61487,35.95532],[139.61503,35.9551],[139.61542,35.95438],[139.61562,35.95419],[139.61586,35.95408],[139.61612,35.95406],[139.61649,35.9541],[139.61677,35.95421],[139.61714,35.95443],[139.61746,35.95454],[139.61813,35.95471],[139.61889,35.95484],[139.6194,35.95484],[139.6198,35.95467],[139.6204,35.9546],[139.6218,35.95465],[139.62251,35.95476],[139.62279,35.95484],[139.62323,35.95506],[139.6235,35.95534],[139.62371,35.95575],[139.62391,35.95588],[139.62444,35.95546],[139.62493,35.95526],[139.62509,35.95515],[139.62522,35.955],[139.62542,35.95461],[139.62564,35.95449],[139.6262,35.95447],[139.62719,35.95463],[139.62765,35.95463],[139.62802,35.95439],[139.62834,35.95428],[139.63047,35.95386],[139.63028,35.95344],[139.63009,35.95328],[139.62959,35.95332],[139.62901,35.95321],[139.62659,35.95228],[139.62638,35.95199],[139.62599,35.95183],[139.62507,35.9517],[139.62426,35.95169],[139.62404,35.95175],[139.62385,35.95194]]],[[[139.62246,35.96071],[139.6229,35.96076],[139.62344,35.96069],[139.62378,35.9607],[139.62445,35.96101],[139.6259,35.96129],[139.62652,35.96154],[139.62725,35.96205],[139.62761,35.96224],[139.628,35.96237],[139.62879,35.96243],[139.62918,35.96253],[139.62931,35.96264],[139.62937,35.96296],[139.62946,35.9631],[139.62989,35.96343],[139.63001,35.96363],[139.63006,35.96406],[139.62995,35.96461],[139.62977,35.96486],[139.62951,35.965],[139.62916,35.96503],[139.62857,35.96499],[139.62825,35.96506],[139.62797,35.9652],[139.62764,35.9655],[139.62736,35.96562],[139.62686,35.96564],[139.62627,35.9655],[139.62584,35.96549],[139.62566,35.96557],[139.62551,35.96579],[139.62521,35.96589],[139.62491,35.96586],[139.62416,35.9657],[139.6238,35.96575],[139.62356,35.96602],[139.62334,35.96616],[139.623,35.96626],[139.62199,35.96642],[139.62128,35.96672],[139.62087,35.96705],[139.62016,35.96783],[139.61981,35.96806],[139.61946,35.96816],[139.61882,35.96812],[139.6186,35.96816],[139.61844,35.96826],[139.61829,35.96849],[139.61807,35.96858],[139.61773,35.96863],[139.61726,35.96861],[139.61636,35.96848],[139.61605,35.96834],[139.61596,35.96812],[139.61576,35.96795],[139.61539,35.96778],[139.61507,35.9677],[139.61444,35.96765],[139.61366,35.9677],[139.61341,35.96775],[139.61301,35.96791],[139.61273,35.96816],[139.61257,35.96849],[139.6125,35.96902],[139.61255,35.96936],[139.61288,35.96965],[139.61295,35.9699],[139.61297,35.97021],[139.61309,35.97042],[139.61323,35.97049],[139.61376,35.97058],[139.61416,35.97093],[139.61513,35.97134],[139.61539,35.97155],[139.61545,35.97171],[139.61543,35.97195],[139.61532,35.97216],[139.61507,35.97243],[139.61512,35.97252],[139.61536,35.97254],[139.61562,35.97245],[139.61581,35.97224],[139.61599,35.97184],[139.61625,35.97163],[139.6171,35.97133],[139.6175,35.97096],[139.61775,35.9708],[139.61825,35.97071],[139.61848,35.97059],[139.61886,35.97022],[139.61927,35.96969],[139.61973,35.96935],[139.62005,35.96926],[139.62057,35.9693],[139.62092,35.96927],[139.62126,35.96917],[139.62198,35.96879],[139.62243,35.96861],[139.62328,35.96844],[139.6245,35.96829],[139.62486,35.96819],[139.62503,35.96805],[139.625,35.96782],[139.62517,35.96766],[139.62601,35.96758],[139.62644,35.96742],[139.62662,35.96723],[139.62684,35.96665],[139.62701,35.96649],[139.62714,35.96647],[139.62733,35.96654],[139.62759,35.96693],[139.62775,35.96702],[139.62797,35.96707],[139.62872,35.967],[139.62898,35.96704],[139.6291,35.96733],[139.62936,35.96751],[139.62977,35.96755],[139.6308,35.96746],[139.63106,35.96753],[139.63122,35.96773],[139.63138,35.96781],[139.63157,35.96783],[139.63169,35.96779],[139.63179,35.96762],[139.63184,35.96722],[139.63192,35.96705],[139.63218,35.96687],[139.63267,35.96671],[139.63283,35.96655],[139.63291,35.96634],[139.63292,35.96594],[139.6328,35.96558],[139.63257,35.96529],[139.63209,35.96497],[139.63163,35.96486],[139.6315,35.96452],[139.63112,35.96441],[139.63102,35.96424],[139.631,35.96395],[139.63113,35.96363],[139.63145,35.96334],[139.63217,35.96294],[139.63232,35.9628],[139.63238,35.96262],[139.63226,35.9624],[139.63184,35.96209],[139.63174,35.96186],[139.63175,35.96132],[139.63192,35.96061],[139.63198,35.9601],[139.63192,35.95991],[139.63169,35.95973],[139.63161,35.9596],[139.63151,35.95903],[139.63139,35.9589],[139.63115,35.95883],[139.63045,35.95882],[139.63092,35.95859],[139.631,35.95845],[139.631,35.95828],[139.63082,35.95795],[139.63031,35.95732],[139.63019,35.95703],[139.63013,35.95667],[139.63,35.95657],[139.62987,35.95656],[139.62971,35.95664],[139.62951,35.95681],[139.62887,35.95762],[139.62849,35.95799],[139.62826,35.95811],[139.62794,35.95817],[139.62771,35.95831],[139.62733,35.95873],[139.62706,35.95915],[139.62673,35.95945],[139.62633,35.95956],[139.6261,35.95954],[139.6256,35.95935],[139.62468,35.95884],[139.6243,35.95875],[139.62407,35.95895],[139.62385,35.95906],[139.62314,35.95928],[139.62244,35.9594],[139.62185,35.95934],[139.62169,35.95937],[139.62149,35.95959],[139.6213,35.96015],[139.62078,35.96045],[139.6206,35.96062],[139.62047,35.961],[139.62051,35.96135],[139.62081,35.9611],[139.62119,35.96101],[139.62114,35.96061],[139.62158,35.96038],[139.62246,35.96071]]],[[[139.61944,35.96245],[139.6188,35.96233],[139.61829,35.96204],[139.61768,35.96208],[139.61671,35.96162],[139.61651,35.96158],[139.61621,35.96164],[139.61607,35.96162],[139.61586,35.9615],[139.61556,35.9612],[139.61513,35.96106],[139.61452,35.96109],[139.61436,35.96115],[139.61416,35.96135],[139.61398,35.96142],[139.61297,35.96152],[139.61281,35.96156],[139.61254,35.96174],[139.61237,35.96201],[139.61227,35.96238],[139.61229,35.96269],[139.61244,35.96288],[139.6127,35.96297],[139.61344,35.96292],[139.6138,35.96296],[139.6141,35.9632],[139.61432,35.96329],[139.61552,35.96355],[139.61574,35.96367],[139.61587,35.96382],[139.61591,35.9639],[139.61608,35.96404],[139.6166,35.96417],[139.61772,35.96419],[139.61846,35.96406],[139.61901,35.96381],[139.61937,35.96347],[139.61962,35.96302],[139.6196,35.96262],[139.61944,35.96245]]],[[[139.62266,35.97579],[139.62239,35.97524],[139.62213,35.97507],[139.62124,35.97496],[139.62038,35.97464],[139.61934,35.97457],[139.61877,35.9747],[139.61852,35.97489],[139.61837,35.97516],[139.61821,35.97571],[139.6181,35.97586],[139.61797,35.97592],[139.61767,35.97585],[139.6174,35.97558],[139.61733,35.9756],[139.6171,35.97581],[139.61691,35.97588],[139.6165,35.97592],[139.61604,35.97589],[139.61578,35.97576],[139.61569,35.97546],[139.61554,35.97535],[139.61508,35.97525],[139.61463,35.97524],[139.61423,35.9753],[139.61396,35.97545],[139.61381,35.97568],[139.61378,35.976],[139.61392,35.97625],[139.61425,35.97639],[139.61478,35.97642],[139.61616,35.97629],[139.61671,35.97633],[139.61714,35.97645],[139.61774,35.97684],[139.61805,35.97696],[139.61837,35.97703],[139.61887,35.97704],[139.61913,35.97699],[139.61932,35.97689],[139.6197,35.97637],[139.62017,35.97608],[139.62035,35.97606],[139.62052,35.97611],[139.62083,35.97638],[139.62123,35.9765],[139.62183,35.97651],[139.62231,35.97644],[139.62275,35.97631],[139.62316,35.97613],[139.62388,35.97563],[139.6244,35.97536],[139.62475,35.97528],[139.62556,35.9752],[139.62595,35.97504],[139.62617,35.97488],[139.62622,35.97476],[139.62617,35.97473],[139.62591,35.97472],[139.62513,35.97484],[139.62458,35.97497],[139.62396,35.97522],[139.62328,35.97579],[139.62303,35.97592],[139.62289,35.97593],[139.62266,35.97579]]],[[[139.57922,35.97775],[139.57937,35.97787],[139.5794,35.97803],[139.57951,35.9782],[139.57978,35.97837],[139.58158,35.97896],[139.58212,35.97922],[139.58235,35.97939],[139.58259,35.97966],[139.58268,35.97986],[139.58275,35.9803],[139.5829,35.98051],[139.58335,35.98079],[139.58402,35.98105],[139.58451,35.98131],[139.58471,35.98148],[139.58499,35.98188],[139.58547,35.98203],[139.58607,35.98254],[139.58658,35.98269],[139.58703,35.98269],[139.58779,35.98252],[139.58813,35.9823],[139.5883,35.982],[139.58829,35.98161],[139.58807,35.98102],[139.5879,35.98076],[139.58772,35.98062],[139.58739,35.98057],[139.58693,35.98035],[139.58583,35.97953],[139.58522,35.97916],[139.58488,35.97904],[139.58439,35.97895],[139.58429,35.97869],[139.58447,35.97798],[139.5844,35.97779],[139.58431,35.97772],[139.58342,35.97757],[139.58315,35.97745],[139.58269,35.97705],[139.5824,35.97687],[139.58203,35.97674],[139.58112,35.97658],[139.58066,35.97645],[139.58,35.97616],[139.57937,35.97577],[139.57875,35.97553],[139.57812,35.97549],[139.57755,35.9756],[139.57713,35.97576],[139.57687,35.976],[139.57672,35.9763],[139.57675,35.97649],[139.57697,35.9767],[139.57728,35.97676],[139.57737,35.97683],[139.57749,35.97735],[139.57764,35.9775],[139.57791,35.9776],[139.57876,35.97766],[139.57922,35.97775]]],[[[139.61799,35.98635],[139.61924,35.9865],[139.62016,35.98651],[139.6209,35.98641],[139.62128,35.9863],[139.62171,35.98607],[139.62201,35.98598],[139.62214,35.986],[139.62233,35.9862],[139.62249,35.98629],[139.62311,35.98644],[139.62379,35.98646],[139.62475,35.98637],[139.62517,35.98642],[139.62536,35.9865],[139.62554,35.98669],[139.62564,35.98694],[139.62572,35.98744],[139.62593,35.98761],[139.62629,35.98765],[139.62671,35.98759],[139.62769,35.98718],[139.62816,35.98722],[139.62849,35.98738],[139.62897,35.98774],[139.62923,35.98801],[139.62966,35.98879],[139.62984,35.98903],[139.63006,35.98917],[139.63031,35.98924],[139.63091,35.98917],[139.63117,35.98904],[139.63129,35.98892],[139.63132,35.98875],[139.63127,35.98855],[139.6309,35.98793],[139.63091,35.98777],[139.63096,35.98771],[139.63153,35.98762],[139.63175,35.98752],[139.63193,35.98737],[139.63229,35.9869],[139.6325,35.98678],[139.6327,35.98675],[139.63214,35.9866],[139.63197,35.98649],[139.63188,35.98624],[139.63196,35.98585],[139.63191,35.98568],[139.63156,35.98559],[139.63128,35.98533],[139.63098,35.98519],[139.63028,35.98505],[139.62967,35.98505],[139.62949,35.98511],[139.62925,35.98532],[139.62884,35.98549],[139.62819,35.98566],[139.62761,35.9857],[139.62736,35.98562],[139.62728,35.98555],[139.62712,35.98524],[139.62683,35.98493],[139.62633,35.98465],[139.6257,35.98443],[139.62525,35.98434],[139.62364,35.9842],[139.62349,35.98412],[139.62341,35.98392],[139.6232,35.98384],[139.62284,35.98382],[139.6225,35.98388],[139.62228,35.98404],[139.62206,35.98439],[139.62183,35.98449],[139.62153,35.98442],[139.62131,35.98419],[139.62118,35.98413],[139.62088,35.98412],[139.62045,35.98418],[139.62002,35.98416],[139.61777,35.98379],[139.61728,35.98382],[139.6171,35.98388],[139.61695,35.98396],[139.61663,35.98441],[139.61649,35.9845],[139.61635,35.98447],[139.61606,35.98419],[139.6159,35.98409],[139.61551,35.98403],[139.61534,35.98406],[139.61522,35.98413],[139.61514,35.98432],[139.61522,35.9847],[139.61541,35.98506],[139.61561,35.98534],[139.61589,35.9856],[139.61628,35.98583],[139.61677,35.98604],[139.61799,35.98635]]],[[[139.56818,35.99123],[139.56864,35.9914],[139.56879,35.99151],[139.5689,35.99178],[139.56919,35.99183],[139.56932,35.99193],[139.56939,35.99234],[139.5695,35.99247],[139.56986,35.99254],[139.57026,35.99288],[139.57097,35.99298],[139.57132,35.99314],[139.57192,35.99362],[139.57285,35.99451],[139.57328,35.9948],[139.57385,35.99499],[139.57434,35.99497],[139.57488,35.99484],[139.57527,35.9946],[139.57542,35.99435],[139.57545,35.99392],[139.57527,35.99347],[139.575,35.99313],[139.57463,35.99282],[139.57417,35.99267],[139.57402,35.9922],[139.57376,35.99198],[139.57278,35.99158],[139.57241,35.99125],[139.57224,35.99123],[139.57211,35.99128],[139.57192,35.99125],[139.5715,35.991],[139.57047,35.99],[139.57024,35.98967],[139.57016,35.98944],[139.57003,35.98943],[139.56981,35.98949],[139.56959,35.98947],[139.56852,35.98912],[139.56793,35.98902],[139.56756,35.98905],[139.56672,35.98925],[139.56626,35.98926],[139.56598,35.98921],[139.56567,35.98921],[139.56555,35.98928],[139.5655,35.98941],[139.56552,35.98963],[139.56563,35.98976],[139.566,35.98986],[139.56613,35.99023],[139.56651,35.99062],[139.5671,35.99092],[139.56818,35.99123]]],[[[139.61267,35.99345],[139.6128,35.99376],[139.61299,35.99386],[139.61312,35.99385],[139.61326,35.9935],[139.61342,35.99339],[139.61368,35.99332],[139.61434,35.99327],[139.61539,35.99327],[139.6152,35.99214],[139.61501,35.99175],[139.61489,35.99163],[139.6145,35.99149],[139.61346,35.99146],[139.61317,35.99184],[139.61281,35.99194],[139.61268,35.99219],[139.61263,35.99313],[139.61267,35.99345]]],[[[139.61724,35.99553],[139.61743,35.99559],[139.61755,35.99568],[139.61763,35.99603],[139.61773,35.99612],[139.6181,35.99605],[139.6182,35.99609],[139.61838,35.99628],[139.6186,35.99636],[139.61995,35.99645],[139.62046,35.99656],[139.62116,35.99688],[139.62179,35.99733],[139.62216,35.99753],[139.62265,35.99762],[139.62309,35.99752],[139.62341,35.99764],[139.62395,35.99816],[139.62493,35.99945],[139.62542,35.99986],[139.6257,35.99995],[139.62609,35.99995],[139.62617,35.9999],[139.62627,35.99967],[139.62646,35.9996],[139.62677,35.99958],[139.62712,35.99946],[139.62765,35.99909],[139.62787,35.99885],[139.62803,35.99857],[139.62812,35.99827],[139.62809,35.99745],[139.62783,35.99671],[139.62766,35.99649],[139.62746,35.99636],[139.62723,35.99631],[139.6268,35.99634],[139.62642,35.99626],[139.62568,35.99592],[139.62449,35.99524],[139.62371,35.99499],[139.62326,35.99496],[139.62261,35.99499],[139.62213,35.99492],[139.62162,35.99478],[139.6208,35.99448],[139.61997,35.9943],[139.61941,35.99426],[139.61815,35.99432],[139.61765,35.99425],[139.61742,35.99414],[139.61716,35.99395],[139.61685,35.99349],[139.61669,35.99338],[139.61633,35.99328],[139.616,35.99327],[139.61573,35.99334],[139.61557,35.99351],[139.6155,35.99379],[139.61559,35.99433],[139.6157,35.99462],[139.61585,35.99482],[139.61642,35.99512],[139.61655,35.99542],[139.61676,35.9955],[139.61724,35.99553]]],[[[139.60864,36.00221],[139.60902,36.00239],[139.60982,36.00305],[139.61026,36.00323],[139.61078,36.00335],[139.61134,36.00363],[139.61173,36.00391],[139.61266,36.00473],[139.61292,36.00491],[139.61325,36.00502],[139.61341,36.00519],[139.61359,36.00551],[139.61399,36.00651],[139.6143,36.00713],[139.61461,36.00753],[139.61493,36.00774],[139.6153,36.00783],[139.61585,36.00777],[139.61638,36.00778],[139.61772,36.00801],[139.61812,36.008],[139.61846,36.00792],[139.61875,36.00777],[139.61904,36.00747],[139.61913,36.00711],[139.61908,36.00671],[139.61916,36.0065],[139.61925,36.00641],[139.61951,36.00629],[139.62037,36.00611],[139.6206,36.00598],[139.62061,36.00581],[139.62046,36.00561],[139.62001,36.00529],[139.6197,36.00516],[139.61918,36.00508],[139.6184,36.00513],[139.61797,36.00509],[139.61779,36.00499],[139.61765,36.00476],[139.61747,36.00464],[139.61704,36.00455],[139.61646,36.00453],[139.61603,36.00446],[139.61585,36.00439],[139.61558,36.00413],[139.61522,36.00405],[139.61511,36.00392],[139.61501,36.00345],[139.61462,36.00303],[139.6139,36.00262],[139.6121,36.0018],[139.61142,36.00133],[139.61052,36.00023],[139.60947,35.99938],[139.60928,35.99912],[139.60905,35.99859],[139.60881,35.99841],[139.60843,35.99832],[139.60791,35.99831],[139.60731,35.99839],[139.60705,35.99848],[139.60661,35.99873],[139.60643,35.9989],[139.60614,35.99932],[139.60603,35.99957],[139.60582,36.00023],[139.60577,36.00058],[139.60579,36.00085],[139.60594,36.00115],[139.60625,36.00132],[139.60703,36.0014],[139.60739,36.00152],[139.6078,36.00189],[139.608,36.00201],[139.60864,36.00221]]],[[[139.60012,36.00883],[139.60063,36.00921],[139.6015,36.00965],[139.60173,36.0099],[139.60184,36.01021],[139.60215,36.01034],[139.60303,36.01042],[139.60326,36.01055],[139.60339,36.01074],[139.6035,36.01126],[139.60368,36.0115],[139.60396,36.0117],[139.60469,36.01207],[139.60492,36.01229],[139.60505,36.01254],[139.60515,36.01315],[139.60535,36.01336],[139.60563,36.01347],[139.60583,36.01361],[139.60596,36.01414],[139.60615,36.0144],[139.60633,36.01451],[139.60666,36.01459],[139.60745,36.01465],[139.60851,36.01468],[139.60922,36.0148],[139.60946,36.01496],[139.60955,36.0154],[139.6097,36.01573],[139.60997,36.01607],[139.61029,36.01635],[139.6106,36.01653],[139.6109,36.01661],[139.61118,36.0166],[139.61141,36.0165],[139.61169,36.01619],[139.6119,36.01581],[139.61209,36.01533],[139.61212,36.01504],[139.612,36.01469],[139.61171,36.01444],[139.6113,36.01425],[139.6109,36.0142],[139.6108,36.01411],[139.61082,36.01385],[139.61104,36.01322],[139.61102,36.01304],[139.61094,36.01289],[139.61056,36.01271],[139.60949,36.01261],[139.60894,36.01242],[139.60862,36.01219],[139.60821,36.01172],[139.60783,36.01141],[139.6076,36.0113],[139.60713,36.01122],[139.607,36.01112],[139.60669,36.01069],[139.6065,36.01058],[139.606,36.01043],[139.60579,36.01033],[139.60563,36.01017],[139.60544,36.00977],[139.6053,36.00961],[139.605,36.00949],[139.60452,36.00945],[139.60431,36.00936],[139.60418,36.00907],[139.60369,36.00881],[139.60348,36.00851],[139.60317,36.00769],[139.60276,36.0062],[139.60255,36.00573],[139.60234,36.00546],[139.60224,36.00541],[139.60193,36.00537],[139.60172,36.00527],[139.60102,36.00465],[139.6007,36.00451],[139.60027,36.00458],[139.59932,36.00488],[139.59808,36.00499],[139.59782,36.0051],[139.59773,36.0052],[139.59762,36.00554],[139.59762,36.00586],[139.59774,36.0061],[139.59805,36.00631],[139.598,36.00671],[139.59843,36.00682],[139.59891,36.00714],[139.59932,36.00762],[139.59985,36.0085],[139.60012,36.00883]]],[[[139.52803,36.17422],[139.52891,36.17492],[139.52907,36.1753],[139.52951,36.17545],[139.52972,36.17588],[139.52986,36.17604],[139.53022,36.17613],[139.53078,36.17602],[139.53097,36.17604],[139.53115,36.17612],[139.5313,36.17628],[139.53156,36.1768],[139.53166,36.17716],[139.53201,36.17891],[139.53226,36.17943],[139.53242,36.17959],[139.53259,36.17967],[139.53278,36.17969],[139.5334,36.17958],[139.53378,36.17962],[139.53415,36.17974],[139.5345,36.17995],[139.53482,36.18007],[139.53511,36.18005],[139.53536,36.17988],[139.53565,36.17941],[139.53566,36.17908],[139.53552,36.17874],[139.53539,36.17857],[139.53484,36.17807],[139.53449,36.17762],[139.5344,36.17736],[139.53448,36.1769],[139.53445,36.17668],[139.53426,36.17623],[139.53408,36.17603],[139.53385,36.17588],[139.53357,36.17577],[139.53308,36.17566],[139.53284,36.17553],[139.53265,36.17524],[139.53262,36.17485],[139.5325,36.17462],[139.53236,36.17457],[139.53206,36.17462],[139.53179,36.17457],[139.53163,36.17447],[139.53125,36.17411],[139.53067,36.17385],[139.53049,36.1737],[139.53032,36.17349],[139.53003,36.17288],[139.52978,36.1725],[139.52911,36.17196],[139.52898,36.17161],[139.52862,36.17148],[139.52856,36.17127],[139.52862,36.17077],[139.52848,36.1705],[139.52834,36.17037],[139.52793,36.17013],[139.52649,36.16952],[139.5263,36.16937],[139.52624,36.1692],[139.52615,36.16912],[139.52525,36.16898],[139.52517,36.1689],[139.52514,36.16874],[139.52502,36.16857],[139.52479,36.1684],[139.52449,36.16826],[139.52423,36.16822],[139.52394,36.1683],[139.52379,36.16847],[139.52373,36.16867],[139.5236,36.16873],[139.52313,36.16873],[139.52209,36.16859],[139.52206,36.16887],[139.52191,36.16893],[139.52078,36.16877],[139.52058,36.16879],[139.52024,36.16895],[139.51999,36.16926],[139.51955,36.17042],[139.51941,36.17058],[139.51908,36.17068],[139.51897,36.17096],[139.51877,36.17104],[139.51817,36.17109],[139.51802,36.17116],[139.51793,36.17128],[139.51782,36.17174],[139.51752,36.17203],[139.51718,36.17211],[139.51668,36.17205],[139.51647,36.17212],[139.51615,36.17235],[139.51581,36.17278],[139.51565,36.17333],[139.51547,36.17353],[139.51516,36.17376],[139.51398,36.17444],[139.51356,36.17486],[139.51345,36.17515],[139.51336,36.17571],[139.51327,36.17583],[139.51301,36.17602],[139.51285,36.17636],[139.51273,36.17689],[139.51273,36.17706],[139.51283,36.17733],[139.51294,36.17743],[139.51325,36.17756],[139.51411,36.17756],[139.51453,36.17748],[139.51494,36.17718],[139.51541,36.17712],[139.51572,36.177],[139.51614,36.17663],[139.51635,36.17627],[139.5164,36.17588],[139.51633,36.17534],[139.51644,36.17501],[139.5166,36.17482],[139.5169,36.17459],[139.51716,36.17447],[139.51744,36.17442],[139.51756,36.17435],[139.51771,36.17414],[139.51791,36.17364],[139.51815,36.17334],[139.51863,36.1731],[139.51971,36.17284],[139.52022,36.17257],[139.52061,36.17215],[139.52073,36.17163],[139.52089,36.17134],[139.52116,36.17101],[139.52142,36.17082],[139.52175,36.17067],[139.52225,36.17055],[139.52347,36.1704],[139.52349,36.17069],[139.52355,36.17082],[139.52379,36.17101],[139.52431,36.1713],[139.5245,36.172],[139.52469,36.17223],[139.52512,36.17234],[139.52572,36.17229],[139.52626,36.17233],[139.52658,36.17243],[139.527,36.17268],[139.52743,36.17317],[139.52774,36.17381],[139.52803,36.17422]]],[[[139.72267,35.79953],[139.72293,35.79989],[139.72309,35.80029],[139.72309,35.80058],[139.72287,35.80086],[139.72274,35.80118],[139.7227,35.80208],[139.72288,35.80317],[139.72338,35.80522],[139.7236,35.80732],[139.72369,35.80748],[139.72401,35.80758],[139.7241,35.80787],[139.72434,35.80803],[139.72487,35.80814],[139.72552,35.80807],[139.72577,35.80794],[139.72598,35.80771],[139.72624,35.80718],[139.72637,35.80643],[139.72633,35.80581],[139.72619,35.80508],[139.72582,35.80384],[139.72565,35.80302],[139.72557,35.8022],[139.72563,35.80066],[139.72558,35.79989],[139.72546,35.7996],[139.72518,35.79945],[139.72504,35.79929],[139.72492,35.79889],[139.72489,35.79834],[139.72483,35.79805],[139.72464,35.79778],[139.72435,35.79765],[139.72421,35.79751],[139.72409,35.79716],[139.72407,35.79669],[139.72399,35.79634],[139.7239,35.79619],[139.72372,35.79608],[139.72367,35.79597],[139.72372,35.79573],[139.72395,35.79527],[139.72406,35.79485],[139.72408,35.79436],[139.72395,35.7941],[139.72365,35.79393],[139.72343,35.79388],[139.72253,35.79389],[139.72197,35.79403],[139.72158,35.79429],[139.72136,35.79465],[139.72123,35.79597],[139.721,35.79653],[139.72087,35.79682],[139.72086,35.79705],[139.72104,35.7973],[139.72141,35.7974],[139.7215,35.79752],[139.72158,35.79789],[139.7216,35.79844],[139.72176,35.79887],[139.72195,35.79907],[139.72234,35.79927],[139.72267,35.79953]]],[[[139.73359,35.80862],[139.73377,35.80877],[139.73419,35.80885],[139.73483,35.80888],[139.73564,35.80879],[139.73656,35.80858],[139.73817,35.80812],[139.73871,35.80802],[139.73956,35.80797],[139.73995,35.80791],[139.74011,35.80778],[139.74007,35.8075],[139.73995,35.80727],[139.73972,35.80719],[139.73929,35.80723],[139.73871,35.80737],[139.73829,35.80734],[139.73811,35.80722],[139.73797,35.80692],[139.73775,35.80671],[139.73754,35.80664],[139.73685,35.80655],[139.73672,35.80648],[139.73653,35.80627],[139.73616,35.80611],[139.73577,35.80603],[139.73547,35.80604],[139.73499,35.80635],[139.73342,35.80665],[139.73295,35.80684],[139.73242,35.80719],[139.73169,35.80736],[139.73138,35.80761],[139.73095,35.8082],[139.7307,35.80844],[139.73026,35.80863],[139.72977,35.80866],[139.72941,35.80875],[139.72925,35.80887],[139.72898,35.80926],[139.72859,35.80935],[139.72838,35.80948],[139.72818,35.8097],[139.72812,35.80991],[139.72822,35.81002],[139.72842,35.8101],[139.72892,35.81015],[139.7292,35.81007],[139.72959,35.80982],[139.72996,35.80967],[139.73016,35.80963],[139.73039,35.80967],[139.7305,35.80977],[139.73071,35.81012],[139.73082,35.81019],[139.73101,35.81022],[139.73155,35.80994],[139.73296,35.80887],[139.73343,35.80861],[139.73359,35.80862]]],[[[139.7051,35.80576],[139.70532,35.80606],[139.70561,35.80621],[139.7063,35.80642],[139.70667,35.80675],[139.70725,35.80686],[139.7073,35.80703],[139.70711,35.80743],[139.70714,35.80771],[139.70728,35.80786],[139.70791,35.8082],[139.7081,35.80853],[139.70841,35.80866],[139.70944,35.80888],[139.70966,35.809],[139.70989,35.80931],[139.71009,35.80942],[139.71058,35.80952],[139.71146,35.80957],[139.71179,35.80967],[139.71204,35.80983],[139.71252,35.81042],[139.713,35.81075],[139.71317,35.81092],[139.71335,35.81125],[139.71347,35.81164],[139.71365,35.81187],[139.71381,35.81192],[139.71422,35.81188],[139.71443,35.81195],[139.71508,35.81248],[139.71549,35.81265],[139.71598,35.81269],[139.71635,35.81261],[139.71648,35.81239],[139.7164,35.81199],[139.71642,35.81184],[139.7165,35.81173],[139.71678,35.81156],[139.71687,35.81131],[139.71678,35.81108],[139.7164,35.81067],[139.7163,35.81021],[139.71621,35.81009],[139.71606,35.81002],[139.71556,35.80997],[139.7153,35.80988],[139.71507,35.80972],[139.71464,35.80923],[139.71433,35.809],[139.71412,35.80895],[139.71381,35.80899],[139.71363,35.80892],[139.71338,35.80863],[139.71308,35.80806],[139.71288,35.80789],[139.71264,35.80782],[139.71214,35.80788],[139.71195,35.80786],[139.71182,35.8078],[139.71158,35.80757],[139.71089,35.80742],[139.71037,35.80708],[139.70908,35.806],[139.70861,35.8058],[139.70839,35.80582],[139.70806,35.80583],[139.70773,35.80556],[139.70737,35.80539],[139.70662,35.80517],[139.70597,35.80504],[139.70562,35.80502],[139.70536,35.80506],[139.70518,35.80517],[139.70506,35.80539],[139.7051,35.80576]]],[[[139.66796,35.8107],[139.66826,35.81075],[139.66865,35.8107],[139.66889,35.81075],[139.66917,35.81098],[139.66952,35.81149],[139.66981,35.8117],[139.67019,35.81187],[139.67086,35.81205],[139.67136,35.81225],[139.67156,35.8124],[139.67178,35.81274],[139.672,35.81291],[139.6734,35.81362],[139.67427,35.81436],[139.67472,35.81449],[139.67484,35.81476],[139.67497,35.81487],[139.67631,35.81538],[139.67644,35.81549],[139.6766,35.81586],[139.67704,35.81625],[139.67739,35.81638],[139.67804,35.81635],[139.67823,35.81641],[139.67839,35.8167],[139.67847,35.8173],[139.67872,35.81759],[139.67901,35.8177],[139.67934,35.81775],[139.67985,35.81772],[139.68043,35.81741],[139.68183,35.817],[139.68214,35.81683],[139.68234,35.81664],[139.68245,35.81632],[139.6824,35.81608],[139.68228,35.81597],[139.68199,35.81586],[139.68183,35.81574],[139.6817,35.81555],[139.68151,35.81505],[139.68131,35.81485],[139.68082,35.8147],[139.67956,35.81464],[139.67905,35.81455],[139.67876,35.8144],[139.67867,35.81415],[139.67855,35.81408],[139.67801,35.81415],[139.67759,35.81407],[139.67713,35.81378],[139.67682,35.81332],[139.67669,35.8132],[139.67639,35.81311],[139.67601,35.81309],[139.67575,35.81302],[139.67566,35.81295],[139.67562,35.81278],[139.67549,35.81267],[139.67422,35.8122],[139.67392,35.81198],[139.67378,35.81173],[139.67356,35.81154],[139.67271,35.81124],[139.67247,35.8108],[139.672,35.81034],[139.67136,35.80986],[139.67066,35.80954],[139.6705,35.80939],[139.67032,35.80904],[139.67019,35.80857],[139.66993,35.80822],[139.66967,35.80808],[139.66905,35.80789],[139.66882,35.80771],[139.66867,35.80746],[139.66853,35.807],[139.66835,35.8068],[139.66809,35.80672],[139.66774,35.80675],[139.66696,35.80703],[139.66683,35.80714],[139.66678,35.80732],[139.66659,35.80758],[139.66602,35.80808],[139.66566,35.80852],[139.66555,35.80884],[139.66557,35.80933],[139.66583,35.80974],[139.66632,35.80998],[139.667,35.81009],[139.66749,35.81024],[139.66769,35.81037],[139.66783,35.81061],[139.66796,35.8107]]],[[[139.69334,35.81945],[139.69329,35.8196],[139.69291,35.81987],[139.69281,35.82008],[139.6928,35.82048],[139.69291,35.82069],[139.69305,35.82076],[139.69346,35.82082],[139.69366,35.82092],[139.69419,35.82138],[139.69454,35.8216],[139.69479,35.82167],[139.69533,35.82172],[139.69557,35.82182],[139.69643,35.8225],[139.69708,35.82265],[139.69719,35.82281],[139.69728,35.82316],[139.69759,35.82349],[139.69853,35.82415],[139.69935,35.82459],[139.69995,35.82476],[139.70035,35.8247],[139.70051,35.82472],[139.70079,35.82484],[139.70127,35.82519],[139.70159,35.82529],[139.7019,35.82522],[139.7021,35.825],[139.70222,35.82494],[139.7028,35.82497],[139.70226,35.82439],[139.70213,35.82401],[139.702,35.82395],[139.70175,35.82391],[139.70164,35.82384],[139.70142,35.82347],[139.70116,35.82319],[139.7001,35.82238],[139.69999,35.82223],[139.69992,35.82198],[139.69943,35.82183],[139.69885,35.82131],[139.69854,35.82109],[139.69833,35.82102],[139.69796,35.82098],[139.69784,35.8209],[139.69777,35.82079],[139.69771,35.8204],[139.69745,35.82008],[139.69709,35.81996],[139.69645,35.82001],[139.69617,35.81996],[139.6959,35.81983],[139.69531,35.81934],[139.69489,35.81909],[139.69402,35.81877],[139.69329,35.81859],[139.69267,35.81849],[139.69224,35.81847],[139.692,35.81853],[139.69196,35.81859],[139.69202,35.81883],[139.69217,35.81895],[139.69241,35.81904],[139.69301,35.81917],[139.69332,35.81934],[139.69334,35.81945]]],[[[139.65993,35.82088],[139.66164,35.82112],[139.66248,35.82129],[139.66306,35.82146],[139.66339,35.82163],[139.66345,35.82171],[139.6635,35.82195],[139.66362,35.8221],[139.66454,35.82261],[139.66503,35.82307],[139.66534,35.82324],[139.66586,35.82339],[139.66609,35.82352],[139.66638,35.82381],[139.66663,35.82423],[139.66719,35.82468],[139.66776,35.825],[139.66909,35.82564],[139.66952,35.82591],[139.66976,35.82613],[139.66983,35.82645],[139.66994,35.82658],[139.6703,35.82665],[139.67051,35.82686],[139.67071,35.82695],[139.67134,35.82704],[139.67266,35.82705],[139.6731,35.82698],[139.67328,35.82685],[139.6732,35.82667],[139.67283,35.82632],[139.67268,35.82607],[139.67259,35.8258],[139.67254,35.8253],[139.67245,35.82514],[139.6723,35.82505],[139.67177,35.82495],[139.67112,35.82452],[139.67074,35.82407],[139.67066,35.82385],[139.67062,35.82352],[139.67047,35.82331],[139.67028,35.82324],[139.66989,35.82322],[139.66955,35.82312],[139.66914,35.82277],[139.66882,35.82261],[139.66779,35.82251],[139.66753,35.8224],[139.6674,35.82224],[139.66722,35.82214],[139.66666,35.82205],[139.6664,35.82188],[139.66602,35.82142],[139.66582,35.82131],[139.66559,35.82128],[139.6651,35.82133],[139.66489,35.82125],[139.66482,35.82096],[139.66466,35.82073],[139.66409,35.82042],[139.66384,35.82019],[139.66375,35.82],[139.66371,35.81967],[139.66358,35.81946],[139.66319,35.81918],[139.66262,35.81891],[139.66233,35.81867],[139.6621,35.8182],[139.66203,35.81765],[139.66177,35.81738],[139.6613,35.8172],[139.66063,35.81713],[139.65954,35.81715],[139.65891,35.81723],[139.65876,35.81732],[139.65873,35.81746],[139.65867,35.8175],[139.65833,35.81743],[139.65826,35.81744],[139.65813,35.81775],[139.65748,35.81805],[139.65729,35.81824],[139.65722,35.81841],[139.65721,35.81881],[139.65756,35.81978],[139.65767,35.82074],[139.65777,35.82097],[139.65797,35.82112],[139.65825,35.82118],[139.65872,35.82116],[139.65903,35.82108],[139.65928,35.82089],[139.65993,35.82088]]],[[[139.62978,35.85172],[139.62998,35.85149],[139.63022,35.85132],[139.631,35.85098],[139.63213,35.85064],[139.63276,35.85032],[139.633,35.85008],[139.63326,35.84942],[139.63349,35.84911],[139.63403,35.84872],[139.63499,35.84838],[139.63515,35.84819],[139.63519,35.84795],[139.63543,35.84773],[139.6361,35.84748],[139.63672,35.8474],[139.63689,35.84744],[139.63703,35.84759],[139.63725,35.8477],[139.63785,35.84775],[139.63811,35.84785],[139.63819,35.84796],[139.63827,35.84831],[139.63842,35.84853],[139.63915,35.84918],[139.63972,35.84949],[139.64029,35.84961],[139.64041,35.84977],[139.64047,35.8501],[139.6406,35.85014],[139.64087,35.85009],[139.64101,35.85016],[139.6416,35.85085],[139.64228,35.85118],[139.64237,35.85143],[139.64246,35.85151],[139.64272,35.85157],[139.6431,35.85159],[139.6434,35.85172],[139.64353,35.85188],[139.6438,35.8524],[139.64425,35.85257],[139.6446,35.85299],[139.64474,35.85344],[139.64469,35.854],[139.64481,35.85423],[139.64529,35.85457],[139.64604,35.85491],[139.64623,35.85503],[139.64648,35.85528],[139.64654,35.85541],[139.64653,35.85568],[139.64632,35.85605],[139.64611,35.85626],[139.64584,35.85633],[139.64563,35.85649],[139.64507,35.85734],[139.64493,35.85742],[139.64474,35.85745],[139.64467,35.8575],[139.64465,35.85766],[139.64473,35.8579],[139.64467,35.85809],[139.64455,35.85818],[139.64413,35.85835],[139.64401,35.85849],[139.64405,35.85874],[139.64444,35.85905],[139.64445,35.85924],[139.64438,35.85947],[139.64447,35.8596],[139.64476,35.8596],[139.64517,35.85948],[139.64559,35.85927],[139.64642,35.85871],[139.64683,35.85859],[139.64724,35.85855],[139.64745,35.85842],[139.64767,35.85805],[139.6478,35.85751],[139.64798,35.85711],[139.64814,35.85695],[139.64851,35.85677],[139.64863,35.85662],[139.64875,35.85589],[139.64884,35.85568],[139.64898,35.85551],[139.64941,35.8552],[139.64953,35.85498],[139.64959,35.85462],[139.64972,35.85441],[139.65003,35.85403],[139.65046,35.85365],[139.65092,35.85339],[139.65199,35.85312],[139.65261,35.85279],[139.65349,35.85269],[139.65391,35.85256],[139.65432,35.85234],[139.65463,35.85211],[139.65476,35.85197],[139.65486,35.85171],[139.65507,35.85167],[139.65557,35.85173],[139.65587,35.85168],[139.65635,35.85145],[139.65714,35.8509],[139.65746,35.85079],[139.65761,35.85083],[139.65782,35.85102],[139.65825,35.85184],[139.65845,35.85207],[139.65885,35.85226],[139.65934,35.85229],[139.6597,35.85242],[139.65986,35.85258],[139.65999,35.85289],[139.66021,35.85317],[139.66081,35.8535],[139.66111,35.85373],[139.66137,35.85424],[139.66151,35.8544],[139.6618,35.85452],[139.66219,35.85454],[139.66245,35.85461],[139.66253,35.85469],[139.66259,35.85487],[139.66281,35.85509],[139.66443,35.85623],[139.66501,35.8567],[139.66551,35.85719],[139.66625,35.85815],[139.66665,35.85856],[139.66685,35.85865],[139.66733,35.85842],[139.66795,35.85833],[139.66804,35.85827],[139.6681,35.85808],[139.66818,35.85802],[139.66834,35.858],[139.6687,35.85805],[139.66893,35.85802],[139.66908,35.85785],[139.66917,35.85756],[139.66914,35.85659],[139.66906,35.85633],[139.66888,35.8561],[139.66852,35.85594],[139.66787,35.85588],[139.66757,35.85579],[139.6671,35.85553],[139.66619,35.85487],[139.66573,35.85474],[139.66562,35.85461],[139.66558,35.8543],[139.66547,35.85409],[139.66499,35.8536],[139.66466,35.85334],[139.66426,35.8531],[139.66406,35.85305],[139.66384,35.8531],[139.66367,35.85306],[139.66335,35.8526],[139.66269,35.85224],[139.66257,35.85199],[139.66253,35.85159],[139.66243,35.85143],[139.66199,35.85128],[139.66124,35.85062],[139.66094,35.85043],[139.66046,35.85027],[139.65984,35.85022],[139.65958,35.85009],[139.65947,35.84966],[139.65939,35.84956],[139.65915,35.8494],[139.6591,35.84924],[139.65938,35.84785],[139.65933,35.84721],[139.65907,35.84603],[139.65915,35.84544],[139.65904,35.84527],[139.65871,35.84514],[139.65865,35.84506],[139.6588,35.84492],[139.65936,35.84465],[139.65953,35.84442],[139.65944,35.84418],[139.65916,35.844],[139.65909,35.84389],[139.65907,35.84374],[139.65914,35.84334],[139.65906,35.84322],[139.65871,35.8432],[139.65796,35.84343],[139.65754,35.84368],[139.65722,35.8441],[139.65713,35.84445],[139.65721,35.8447],[139.65719,35.84483],[139.65676,35.84532],[139.65666,35.84556],[139.65668,35.84602],[139.65686,35.84683],[139.65685,35.8473],[139.65675,35.84781],[139.65635,35.84885],[139.65615,35.84924],[139.65583,35.84964],[139.65561,35.84981],[139.65518,35.85003],[139.65394,35.85046],[139.65364,35.85068],[139.65343,35.851],[139.65311,35.85117],[139.65265,35.85127],[139.65226,35.85129],[139.65206,35.85122],[139.65202,35.85107],[139.65187,35.85096],[139.65156,35.85092],[139.65103,35.85096],[139.65068,35.85106],[139.6503,35.85128],[139.65014,35.85145],[139.65009,35.85168],[139.65,35.85179],[139.64962,35.85201],[139.64915,35.85214],[139.64829,35.85211],[139.64775,35.85201],[139.64707,35.85182],[139.64663,35.8516],[139.64619,35.8512],[139.64574,35.85107],[139.64546,35.85066],[139.64524,35.85044],[139.64353,35.84927],[139.64329,35.84906],[139.64316,35.84879],[139.64303,35.84866],[139.64192,35.84811],[139.64161,35.8479],[139.64138,35.84749],[139.64042,35.84676],[139.64007,35.84643],[139.63999,35.84626],[139.64005,35.84609],[139.64,35.84598],[139.63931,35.84591],[139.63901,35.84581],[139.63882,35.84566],[139.63872,35.84533],[139.63859,35.84527],[139.6384,35.84525],[139.6383,35.84518],[139.63823,35.84497],[139.63824,35.84454],[139.63835,35.84425],[139.63859,35.84387],[139.63868,35.8434],[139.63859,35.84196],[139.63861,35.84164],[139.63869,35.84147],[139.639,35.84136],[139.63906,35.84118],[139.63899,35.84109],[139.63884,35.84102],[139.63813,35.84097],[139.63789,35.8409],[139.6377,35.84068],[139.6376,35.84022],[139.63748,35.84012],[139.63731,35.84008],[139.63711,35.84009],[139.63688,35.84022],[139.63665,35.84068],[139.63651,35.84082],[139.63639,35.84082],[139.63609,35.84065],[139.63578,35.84065],[139.63527,35.84084],[139.63508,35.84095],[139.63492,35.84112],[139.63491,35.84123],[139.63501,35.8414],[139.63565,35.84174],[139.63595,35.84198],[139.63613,35.84227],[139.63619,35.84253],[139.63614,35.84342],[139.63587,35.84476],[139.63558,35.84534],[139.63517,35.84578],[139.63463,35.8461],[139.63403,35.84634],[139.63349,35.84661],[139.63282,35.84711],[139.63229,35.84766],[139.63184,35.84803],[139.63159,35.84816],[139.63127,35.84821],[139.63104,35.84835],[139.63079,35.8486],[139.63008,35.84958],[139.62956,35.85],[139.62835,35.85046],[139.62792,35.85076],[139.62746,35.8508],[139.62647,35.85074],[139.62587,35.85085],[139.6256,35.85102],[139.62516,35.85174],[139.62488,35.85203],[139.6246,35.85215],[139.6242,35.85207],[139.62409,35.85209],[139.6239,35.85231],[139.62388,35.85253],[139.624,35.85275],[139.6242,35.85288],[139.62445,35.85291],[139.62458,35.85304],[139.62465,35.85357],[139.6247,35.85365],[139.62484,35.8535],[139.6251,35.85339],[139.62584,35.85335],[139.62617,35.85328],[139.62627,35.85321],[139.6263,35.85306],[139.62638,35.85298],[139.62692,35.8531],[139.62758,35.85313],[139.62797,35.85312],[139.62844,35.85299],[139.62867,35.85284],[139.6289,35.85253],[139.62914,35.85232],[139.62933,35.85225],[139.62974,35.85219],[139.62979,35.85213],[139.62972,35.85192],[139.62978,35.85172]]],[[[139.62807,35.85941],[139.62812,35.85949],[139.62803,35.85982],[139.62808,35.86003],[139.62834,35.86035],[139.62874,35.86058],[139.63029,35.86105],[139.63081,35.86143],[139.63143,35.86154],[139.63156,35.86163],[139.63183,35.86202],[139.63211,35.86181],[139.63253,35.86172],[139.63339,35.86171],[139.63389,35.86178],[139.63408,35.86185],[139.63439,35.86208],[139.63479,35.86222],[139.63653,35.86262],[139.63731,35.86284],[139.63757,35.86298],[139.63772,35.86322],[139.63798,35.86328],[139.63854,35.86326],[139.63906,35.86313],[139.63966,35.86291],[139.6398,35.86281],[139.63988,35.86268],[139.63984,35.86236],[139.63973,35.86217],[139.6393,35.86173],[139.63842,35.86106],[139.63769,35.86068],[139.6373,35.86058],[139.63676,35.86054],[139.63639,35.86044],[139.63536,35.85998],[139.63489,35.85982],[139.63407,35.85969],[139.63318,35.85967],[139.63252,35.8596],[139.63223,35.85953],[139.63175,35.85927],[139.63088,35.85909],[139.63041,35.85899],[139.63023,35.8589],[139.63012,35.85864],[139.62988,35.85848],[139.62957,35.85841],[139.62914,35.85848],[139.62839,35.85882],[139.62791,35.85917],[139.62787,35.85928],[139.62807,35.85941]]],[[[139.65111,35.86337],[139.65038,35.86278],[139.65011,35.86263],[139.6499,35.8626],[139.64977,35.86253],[139.64941,35.86218],[139.6492,35.86206],[139.6488,35.86196],[139.64816,35.86192],[139.64791,35.86185],[139.6477,35.86173],[139.64739,35.86143],[139.64719,35.86134],[139.64696,35.86129],[139.64656,35.86129],[139.64635,35.86134],[139.64619,35.86143],[139.64608,35.86157],[139.64604,35.86174],[139.64613,35.86203],[139.64686,35.8628],[139.64701,35.86313],[139.64711,35.86366],[139.6473,35.86389],[139.64778,35.86423],[139.6479,35.86454],[139.64805,35.86458],[139.64843,35.86451],[139.64878,35.86452],[139.64917,35.86463],[139.64962,35.86486],[139.64978,35.86503],[139.64985,35.86527],[139.65029,35.8654],[139.65063,35.86591],[139.65074,35.86598],[139.65101,35.86604],[139.65119,35.86618],[139.65194,35.86723],[139.65244,35.86768],[139.65281,35.86786],[139.65378,35.8681],[139.65391,35.86819],[139.65399,35.86842],[139.6542,35.86863],[139.65481,35.86902],[139.65521,35.86916],[139.65536,35.86917],[139.65559,35.86911],[139.65635,35.86863],[139.6566,35.86859],[139.65674,35.86863],[139.65683,35.86859],[139.65685,35.86842],[139.65668,35.86771],[139.65643,35.86729],[139.65626,35.8671],[139.65581,35.86674],[139.65452,35.86611],[139.65341,35.8654],[139.65262,35.86477],[139.65111,35.86337]]],[[[139.6449,35.87773],[139.64395,35.87765],[139.64317,35.87736],[139.64297,35.87734],[139.64256,35.87741],[139.64237,35.8774],[139.6423,35.87734],[139.64225,35.87715],[139.64216,35.87708],[139.64169,35.87702],[139.64106,35.87686],[139.63975,35.8764],[139.63913,35.87614],[139.63856,35.8758],[139.63842,35.87561],[139.63839,35.87545],[139.63824,35.87532],[139.63778,35.87517],[139.63713,35.87506],[139.63698,35.875],[139.63679,35.87485],[139.63679,35.87464],[139.63704,35.87422],[139.63724,35.87367],[139.63733,35.87252],[139.63745,35.87204],[139.63759,35.87188],[139.63816,35.87178],[139.63853,35.87153],[139.63874,35.8712],[139.6391,35.87033],[139.63928,35.87001],[139.6395,35.86974],[139.64001,35.86936],[139.64027,35.86907],[139.64036,35.86887],[139.64043,35.86837],[139.64056,35.86819],[139.64075,35.86808],[139.64087,35.86796],[139.64124,35.86705],[139.64148,35.86684],[139.64177,35.86672],[139.64191,35.86654],[139.642,35.86626],[139.64204,35.86589],[139.64197,35.86509],[139.64177,35.86468],[139.64158,35.86449],[139.64133,35.86438],[139.64086,35.86433],[139.64028,35.86445],[139.63994,35.86461],[139.63971,35.86485],[139.63958,35.86515],[139.63953,35.86571],[139.63938,35.86618],[139.63919,35.86642],[139.6388,35.86671],[139.63856,35.86698],[139.63827,35.86755],[139.63804,35.86827],[139.63767,35.86891],[139.63734,35.86926],[139.63676,35.86971],[139.63645,35.87006],[139.63615,35.87069],[139.63602,35.87142],[139.63583,35.87195],[139.63567,35.87219],[139.6353,35.87245],[139.63518,35.87259],[139.63506,35.87308],[139.63483,35.87348],[139.63453,35.8738],[139.6343,35.87392],[139.63392,35.87394],[139.63349,35.87379],[139.63288,35.87369],[139.63104,35.8736],[139.63062,35.87349],[139.63047,35.87334],[139.63025,35.87327],[139.62963,35.87333],[139.62933,35.8733],[139.62902,35.87319],[139.62834,35.87281],[139.62786,35.87263],[139.62756,35.8726],[139.62713,35.87265],[139.62676,35.87264],[139.62609,35.87251],[139.62485,35.87218],[139.62449,35.87214],[139.62381,35.87218],[139.62349,35.87205],[139.62307,35.87176],[139.62257,35.87161],[139.62203,35.87163],[139.62161,35.87176],[139.62108,35.87206],[139.62086,35.87228],[139.62083,35.87247],[139.62096,35.87262],[139.62117,35.8727],[139.62158,35.87277],[139.62097,35.8731],[139.62081,35.87324],[139.62071,35.87347],[139.62073,35.87369],[139.62083,35.87382],[139.62125,35.87392],[139.62146,35.87416],[139.62172,35.8743],[139.62231,35.87443],[139.62281,35.87445],[139.62311,35.87441],[139.62367,35.87424],[139.62397,35.87419],[139.6241,35.87424],[139.62431,35.87443],[139.62454,35.87449],[139.62576,35.87458],[139.62601,35.87464],[139.62635,35.87484],[139.62659,35.87491],[139.62708,35.87484],[139.62735,35.87485],[139.62797,35.87514],[139.62946,35.87528],[139.62987,35.87538],[139.63106,35.87577],[139.6314,35.87581],[139.63212,35.87575],[139.63254,35.87579],[139.63295,35.87593],[139.63326,35.87614],[139.63338,35.87632],[139.63343,35.87663],[139.63335,35.87698],[139.63306,35.8772],[139.63293,35.87744],[139.63279,35.87851],[139.63269,35.87866],[139.63241,35.87888],[139.63227,35.87963],[139.63188,35.88021],[139.63186,35.88054],[139.63195,35.88105],[139.63189,35.88131],[139.63153,35.88162],[139.63143,35.8821],[139.63122,35.88244],[139.63086,35.88284],[139.63044,35.88316],[139.63002,35.88331],[139.62962,35.88334],[139.62932,35.88344],[139.62919,35.88355],[139.62897,35.88388],[139.62875,35.88405],[139.62784,35.88445],[139.62707,35.88459],[139.62613,35.88455],[139.62594,35.88462],[139.62572,35.8849],[139.62549,35.88502],[139.62494,35.88511],[139.62417,35.88514],[139.62376,35.88523],[139.62348,35.88539],[139.62332,35.88561],[139.62323,35.88587],[139.62316,35.88596],[139.62297,35.88607],[139.62271,35.88608],[139.62182,35.88587],[139.6213,35.88595],[139.6211,35.88593],[139.62045,35.88572],[139.61992,35.88561],[139.61927,35.88557],[139.61843,35.88558],[139.61803,35.88564],[139.61781,35.88572],[139.61765,35.88588],[139.61755,35.88619],[139.6171,35.88643],[139.61708,35.88653],[139.61717,35.88683],[139.61764,35.88755],[139.61831,35.88835],[139.61883,35.88878],[139.61909,35.88885],[139.61929,35.8888],[139.61957,35.88881],[139.62008,35.88908],[139.62028,35.88909],[139.62059,35.88902],[139.62078,35.88904],[139.62142,35.88925],[139.6218,35.88932],[139.62213,35.8893],[139.62243,35.88916],[139.62269,35.88882],[139.62302,35.88812],[139.62315,35.88797],[139.6235,35.88775],[139.62397,35.88763],[139.62508,35.88757],[139.62546,35.8875],[139.6257,35.88738],[139.62586,35.88715],[139.62608,35.88699],[139.627,35.88685],[139.62748,35.88664],[139.628,35.88633],[139.6286,35.88612],[139.62904,35.88605],[139.62973,35.88603],[139.63018,35.88596],[139.63033,35.88589],[139.63039,35.8857],[139.63045,35.88566],[139.63061,35.88568],[139.63075,35.88576],[139.63104,35.88607],[139.63154,35.88683],[139.6318,35.88735],[139.63182,35.88766],[139.63165,35.8878],[139.63152,35.88814],[139.63138,35.88957],[139.63127,35.88983],[139.6311,35.88997],[139.63091,35.89004],[139.63075,35.89028],[139.6308,35.89115],[139.6307,35.89149],[139.63006,35.89203],[139.62968,35.89265],[139.62952,35.89282],[139.62925,35.89293],[139.62885,35.89287],[139.62868,35.89288],[139.62837,35.89305],[139.62809,35.89348],[139.62782,35.89426],[139.62753,35.8946],[139.62706,35.8948],[139.6264,35.89487],[139.62555,35.89479],[139.62453,35.89462],[139.62403,35.89445],[139.62395,35.89429],[139.62382,35.89425],[139.62343,35.89429],[139.62252,35.89449],[139.62215,35.8945],[139.62189,35.89444],[139.62178,35.89453],[139.62176,35.89481],[139.62184,35.89497],[139.62213,35.89505],[139.62226,35.89521],[139.62231,35.89567],[139.62223,35.89596],[139.62203,35.89607],[139.62153,35.89601],[139.62111,35.89613],[139.62072,35.89641],[139.62064,35.89658],[139.62066,35.8967],[139.6209,35.89697],[139.62158,35.89747],[139.6217,35.89764],[139.62179,35.89797],[139.62214,35.8982],[139.62256,35.89833],[139.6239,35.89861],[139.62438,35.89878],[139.62465,35.89895],[139.62494,35.89902],[139.62646,35.89912],[139.62669,35.89915],[139.62701,35.89928],[139.62715,35.89947],[139.62711,35.89986],[139.6272,35.90012],[139.62737,35.90021],[139.62786,35.90028],[139.62805,35.9004],[139.62818,35.9006],[139.62831,35.90098],[139.62853,35.90125],[139.62874,35.90134],[139.62913,35.90137],[139.62929,35.90144],[139.62938,35.90157],[139.62932,35.90196],[139.62937,35.90217],[139.62949,35.90224],[139.63002,35.90234],[139.63039,35.90256],[139.63098,35.90306],[139.63113,35.9033],[139.63117,35.90347],[139.63137,35.90361],[139.63234,35.90385],[139.63253,35.90394],[139.63287,35.90422],[139.63343,35.90429],[139.63387,35.90419],[139.63421,35.90401],[139.6353,35.90317],[139.63497,35.90301],[139.63489,35.90289],[139.63491,35.90274],[139.63517,35.90214],[139.63512,35.90191],[139.635,35.90179],[139.63455,35.90163],[139.63363,35.90157],[139.6333,35.9015],[139.63304,35.90138],[139.6327,35.90098],[139.63238,35.90077],[139.6321,35.9007],[139.63161,35.90068],[139.63129,35.90061],[139.63118,35.90054],[139.63103,35.90017],[139.63069,35.89985],[139.6301,35.89948],[139.6287,35.89875],[139.62848,35.89859],[139.62839,35.89845],[139.62852,35.89814],[139.62886,35.89782],[139.62923,35.89759],[139.6296,35.89751],[139.62969,35.89742],[139.62977,35.89716],[139.6298,35.89675],[139.62996,35.89629],[139.63075,35.89515],[139.63121,35.89408],[139.63144,35.89387],[139.63193,35.89365],[139.63214,35.89321],[139.63313,35.89226],[139.63319,35.89199],[139.63298,35.89173],[139.63293,35.89143],[139.633,35.89104],[139.63312,35.89081],[139.63343,35.8906],[139.63405,35.89053],[139.63429,35.89046],[139.63444,35.89034],[139.63453,35.88993],[139.63477,35.88963],[139.63524,35.88935],[139.63591,35.88914],[139.63614,35.88921],[139.6362,35.88944],[139.63643,35.88966],[139.63793,35.89024],[139.63938,35.89108],[139.64001,35.89129],[139.64062,35.8914],[139.64112,35.89155],[139.64195,35.89201],[139.64233,35.89205],[139.64273,35.892],[139.64303,35.89201],[139.64316,35.89207],[139.64334,35.89226],[139.64354,35.89235],[139.64393,35.89235],[139.64414,35.89224],[139.64435,35.89205],[139.64475,35.89144],[139.64485,35.8911],[139.64486,35.89076],[139.64472,35.89026],[139.6444,35.88979],[139.64421,35.88968],[139.6439,35.88965],[139.64355,35.88952],[139.64276,35.889],[139.6424,35.88896],[139.64186,35.88924],[139.64155,35.88924],[139.64083,35.88882],[139.64008,35.88868],[139.6398,35.88841],[139.63967,35.88835],[139.63897,35.88824],[139.63802,35.8878],[139.6375,35.88776],[139.63655,35.88795],[139.63619,35.88795],[139.63578,35.88767],[139.63477,35.88744],[139.63426,35.88713],[139.63399,35.88681],[139.6334,35.88572],[139.63324,35.88554],[139.63297,35.88536],[139.63287,35.88521],[139.6327,35.88473],[139.63269,35.88444],[139.63279,35.88397],[139.63305,35.88348],[139.63343,35.88298],[139.63379,35.88272],[139.63389,35.88259],[139.63403,35.88169],[139.63416,35.88148],[139.63434,35.88138],[139.63443,35.88126],[139.63435,35.88099],[139.63437,35.88073],[139.63471,35.87999],[139.63491,35.87973],[139.63528,35.87948],[139.63536,35.87929],[139.63538,35.87905],[139.6355,35.87883],[139.63609,35.87835],[139.63622,35.87814],[139.63651,35.87743],[139.63675,35.87728],[139.63694,35.87726],[139.63746,35.87736],[139.63787,35.87758],[139.6381,35.87781],[139.63833,35.87831],[139.63852,35.87849],[139.63868,35.87852],[139.63929,35.87844],[139.63971,35.87852],[139.63999,35.87866],[139.64015,35.87897],[139.64082,35.87894],[139.64107,35.87907],[139.64136,35.87935],[139.64153,35.87942],[139.64229,35.87939],[139.64296,35.8797],[139.64393,35.87982],[139.64457,35.88015],[139.64564,35.88037],[139.64622,35.88055],[139.6471,35.88103],[139.6474,35.88115],[139.64779,35.88117],[139.6481,35.88102],[139.64827,35.8808],[139.64823,35.88054],[139.64834,35.88047],[139.64948,35.88043],[139.64967,35.88003],[139.64929,35.87971],[139.64912,35.87887],[139.64897,35.87866],[139.64881,35.87855],[139.64841,35.87845],[139.64733,35.87839],[139.64668,35.87829],[139.64542,35.87783],[139.6449,35.87773]]],[[[139.65843,35.93176],[139.65775,35.93234],[139.65763,35.93282],[139.6574,35.93316],[139.65692,35.93352],[139.65637,35.93366],[139.65623,35.934],[139.65597,35.93407],[139.65586,35.93416],[139.65576,35.93449],[139.6557,35.93529],[139.65557,35.93566],[139.65534,35.93595],[139.65518,35.93607],[139.65461,35.93634],[139.65432,35.93655],[139.65414,35.93678],[139.65406,35.93704],[139.6541,35.93742],[139.65419,35.9376],[139.65433,35.93773],[139.65472,35.9379],[139.6549,35.93806],[139.65534,35.93876],[139.65562,35.93901],[139.65575,35.93903],[139.65591,35.93899],[139.65599,35.93888],[139.65601,35.93873],[139.65613,35.93862],[139.65663,35.93856],[139.65675,35.93851],[139.65688,35.93818],[139.65721,35.93792],[139.65749,35.93707],[139.65785,35.93515],[139.65812,35.93447],[139.65831,35.9343],[139.65861,35.93426],[139.65879,35.93416],[139.6593,35.93354],[139.65978,35.93331],[139.65999,35.93293],[139.66036,35.93185],[139.66052,35.93156],[139.66071,35.93141],[139.66114,35.93133],[139.66137,35.93124],[139.6619,35.93087],[139.66224,35.93045],[139.66228,35.93027],[139.66223,35.9301],[139.662,35.92988],[139.66174,35.92978],[139.66083,35.92965],[139.66046,35.92969],[139.66011,35.92998],[139.65968,35.93008],[139.65924,35.9307],[139.65864,35.93114],[139.65852,35.93136],[139.65843,35.93176]]],[[[139.63759,35.93819],[139.63739,35.93822],[139.63692,35.93844],[139.63605,35.939],[139.63606,35.94027],[139.63612,35.94071],[139.63631,35.94099],[139.63641,35.94103],[139.63669,35.94101],[139.6369,35.94092],[139.63721,35.94062],[139.63762,35.94051],[139.63778,35.94001],[139.6379,35.93993],[139.63841,35.93984],[139.63853,35.93968],[139.63855,35.93945],[139.63863,35.93929],[139.639,35.93919],[139.63917,35.93909],[139.63993,35.93833],[139.64021,35.9381],[139.63993,35.9381],[139.63993,35.93788],[139.63871,35.93792],[139.63838,35.93802],[139.63802,35.93823],[139.63782,35.93824],[139.63759,35.93819]]],[[[139.63121,35.94248],[139.63158,35.94244],[139.63236,35.94223],[139.63296,35.94201],[139.63327,35.94183],[139.63347,35.9416],[139.63355,35.94119],[139.63352,35.94102],[139.63342,35.94089],[139.63279,35.94099],[139.63166,35.94102],[139.63066,35.94107],[139.63042,35.94112],[139.63009,35.94128],[139.62999,35.94139],[139.62994,35.94165],[139.63,35.9419],[139.6302,35.9422],[139.63043,35.94234],[139.63087,35.94247],[139.63121,35.94248]]],[[[139.72046,35.9659],[139.72084,35.96546],[139.72124,35.9652],[139.72239,35.96467],[139.72271,35.96444],[139.72274,35.96432],[139.72269,35.96417],[139.72232,35.96389],[139.72238,35.96375],[139.72255,35.96358],[139.7226,35.96341],[139.72259,35.9632],[139.72238,35.96269],[139.72233,35.96242],[139.72238,35.96234],[139.72256,35.9623],[139.72266,35.96219],[139.72273,35.96188],[139.7228,35.96116],[139.72287,35.96098],[139.72311,35.9608],[139.72316,35.96069],[139.72314,35.96054],[139.72299,35.96023],[139.72275,35.96006],[139.72236,35.95996],[139.72185,35.95993],[139.7206,35.96002],[139.71973,35.96016],[139.7196,35.96022],[139.71947,35.96037],[139.7194,35.96075],[139.71931,35.9609],[139.71905,35.9611],[139.71857,35.96134],[139.71836,35.96155],[139.71831,35.96179],[139.71841,35.96198],[139.71857,35.96206],[139.71906,35.9621],[139.71936,35.9622],[139.71954,35.96239],[139.71958,35.96265],[139.71942,35.96295],[139.71894,35.9634],[139.71873,35.96372],[139.71851,35.96432],[139.71832,35.96525],[139.71816,35.96561],[139.71794,35.96588],[139.71734,35.96637],[139.71712,35.96673],[139.71704,35.96713],[139.71714,35.96736],[139.71738,35.96755],[139.71776,35.96769],[139.7184,35.96781],[139.71876,35.96777],[139.71885,35.96765],[139.71894,35.96727],[139.71917,35.96702],[139.71949,35.96686],[139.71997,35.9668],[139.72014,35.9667],[139.72032,35.96638],[139.72046,35.9659]]],[[[139.71505,35.97078],[139.71553,35.97058],[139.71577,35.97054],[139.71588,35.97058],[139.716,35.97073],[139.71618,35.97083],[139.71664,35.97087],[139.71694,35.97077],[139.71712,35.97051],[139.71718,35.97012],[139.7171,35.96998],[139.71682,35.9698],[139.71672,35.96966],[139.71656,35.96861],[139.71636,35.96842],[139.71588,35.96833],[139.71577,35.96809],[139.71561,35.96818],[139.71505,35.96871],[139.7148,35.96883],[139.71456,35.96888],[139.71451,35.969],[139.71459,35.9693],[139.71455,35.96944],[139.71433,35.96958],[139.71407,35.96965],[139.71386,35.96972],[139.71373,35.96983],[139.71369,35.96996],[139.71378,35.9702],[139.71398,35.97034],[139.71429,35.97027],[139.71436,35.97029],[139.71447,35.9706],[139.71473,35.97078],[139.71505,35.97078]]],[[[139.73392,35.97407],[139.73437,35.97388],[139.73449,35.97379],[139.73454,35.97367],[139.7345,35.97336],[139.73462,35.97319],[139.7349,35.97302],[139.73607,35.97257],[139.73638,35.97232],[139.73649,35.97219],[139.73659,35.97188],[139.73656,35.97144],[139.73646,35.97118],[139.73622,35.9711],[139.73615,35.97101],[139.7362,35.97024],[139.73592,35.97059],[139.73564,35.97077],[139.7354,35.9708],[139.73477,35.97074],[139.73449,35.97082],[139.73434,35.97092],[139.73419,35.97118],[139.73428,35.97163],[139.73426,35.97173],[139.73419,35.97178],[139.73395,35.97182],[139.73387,35.9719],[139.73376,35.9724],[139.73357,35.97267],[139.73323,35.97288],[139.73295,35.97292],[139.73279,35.97302],[139.73272,35.97329],[139.73272,35.97369],[139.73278,35.97393],[139.73307,35.97434],[139.73336,35.97453],[139.7335,35.97455],[139.73362,35.97449],[139.73374,35.97426],[139.73392,35.97407]]],[[[139.63047,35.97286],[139.63027,35.97288],[139.63016,35.97296],[139.63014,35.97324],[139.62946,35.97339],[139.62941,35.97331],[139.62947,35.97316],[139.62941,35.97308],[139.62913,35.97302],[139.62866,35.97302],[139.62842,35.97307],[139.62827,35.97317],[139.6282,35.97331],[139.62821,35.97347],[139.62833,35.97376],[139.62858,35.97399],[139.62883,35.9741],[139.62948,35.9742],[139.62966,35.97436],[139.6298,35.9746],[139.63,35.97475],[139.63049,35.97495],[139.63152,35.97524],[139.63177,35.97535],[139.632,35.97557],[139.63218,35.97564],[139.63254,35.97559],[139.63275,35.97545],[139.6328,35.9752],[139.63273,35.97489],[139.63274,35.97468],[139.63282,35.97461],[139.6331,35.97455],[139.63319,35.9744],[139.63317,35.97429],[139.63306,35.97419],[139.63236,35.97414],[139.63125,35.97347],[139.63194,35.97318],[139.63216,35.97305],[139.63225,35.97288],[139.63216,35.97272],[139.63207,35.97268],[139.63197,35.97269],[139.63169,35.97286],[139.63136,35.97294],[139.63047,35.97286]]],[[[139.80324,35.82258],[139.80509,35.82259],[139.80717,35.82275],[139.80821,35.82271],[139.80864,35.82259],[139.80899,35.82234],[139.80915,35.82208],[139.8091,35.8216],[139.80917,35.82154],[139.80945,35.82149],[139.80954,35.82128],[139.80941,35.82112],[139.8089,35.82106],[139.80879,35.82101],[139.80861,35.82062],[139.80823,35.82024],[139.80762,35.81981],[139.80729,35.81973],[139.8071,35.8198],[139.80704,35.82004],[139.80692,35.82017],[139.80669,35.82028],[139.80634,35.82034],[139.7988,35.82077],[139.79699,35.82094],[139.79654,35.82105],[139.7965,35.82122],[139.79641,35.82133],[139.79607,35.82156],[139.79589,35.82177],[139.79587,35.82194],[139.79602,35.82226],[139.79633,35.82256],[139.79679,35.82279],[139.79719,35.82291],[139.7982,35.82297],[139.7992,35.82293],[139.80189,35.82266],[139.80324,35.82258]]],[[[139.7344,35.82428],[139.73465,35.82435],[139.73635,35.8245],[139.73655,35.82457],[139.73675,35.82476],[139.73685,35.82472],[139.73703,35.82453],[139.73719,35.82447],[139.73779,35.82444],[139.73805,35.82457],[139.73813,35.82472],[139.7382,35.82519],[139.73833,35.82531],[139.73846,35.82533],[139.73887,35.82522],[139.73995,35.82478],[139.74034,35.82474],[139.74066,35.8248],[139.74089,35.82478],[139.74127,35.82465],[139.74193,35.82433],[139.74217,35.82429],[139.74249,35.82433],[139.74269,35.8243],[139.74295,35.82405],[139.74345,35.823],[139.74358,35.82288],[139.74396,35.82278],[139.74409,35.82266],[139.74412,35.82255],[139.74402,35.82245],[139.74377,35.82237],[139.74258,35.82215],[139.74224,35.82196],[139.7421,35.82172],[139.74194,35.82161],[139.74158,35.82151],[139.74125,35.8215],[139.74069,35.82157],[139.74008,35.82188],[139.7391,35.82216],[139.73804,35.8224],[139.73725,35.82249],[139.73691,35.82246],[139.73664,35.82232],[139.73616,35.82225],[139.73459,35.82232],[139.73424,35.8223],[139.73404,35.82224],[139.734,35.82214],[139.73386,35.82204],[139.73329,35.82191],[139.73196,35.8218],[139.7312,35.82181],[139.73092,35.82187],[139.73062,35.82213],[139.73019,35.82223],[139.72982,35.82276],[139.72959,35.82291],[139.72939,35.82297],[139.72923,35.82305],[139.72926,35.82311],[139.72978,35.82332],[139.73026,35.82374],[139.73053,35.82384],[139.73112,35.82389],[139.73263,35.8238],[139.73322,35.82385],[139.73396,35.82402],[139.7344,35.82428]]],[[[139.80239,35.83504],[139.80053,35.83495],[139.79988,35.83483],[139.79973,35.83475],[139.79964,35.8346],[139.79949,35.83448],[139.79926,35.83441],[139.79897,35.83437],[139.79847,35.83441],[139.79819,35.83448],[139.79794,35.8346],[139.79744,35.83494],[139.79697,35.83509],[139.79751,35.83551],[139.79762,35.83579],[139.79767,35.83619],[139.79776,35.83632],[139.79791,35.83639],[139.79843,35.83647],[139.79872,35.83671],[139.79936,35.83681],[139.80158,35.83687],[139.80298,35.837],[139.80383,35.83715],[139.80578,35.83764],[139.8063,35.83766],[139.80657,35.83755],[139.80673,35.83738],[139.80679,35.83699],[139.80695,35.83672],[139.80729,35.83648],[139.80763,35.8364],[139.80791,35.83633],[139.80812,35.83621],[139.80826,35.83605],[139.80825,35.83596],[139.80773,35.8357],[139.80761,35.83551],[139.8076,35.83535],[139.80748,35.83527],[139.80687,35.83516],[139.80578,35.83508],[139.80239,35.83504]]],[[[139.73144,35.83988],[139.73186,35.83977],[139.73213,35.8396],[139.73228,35.83944],[139.7324,35.83914],[139.73289,35.83904],[139.73308,35.83892],[139.73332,35.83855],[139.7336,35.83788],[139.73381,35.83767],[139.73395,35.83769],[139.73418,35.83796],[139.73434,35.8387],[139.73453,35.83883],[139.73483,35.83884],[139.73518,35.83874],[139.73548,35.83854],[139.73569,35.83847],[139.73658,35.83838],[139.73684,35.83831],[139.7371,35.8381],[139.73725,35.8378],[139.73747,35.83766],[139.73763,35.83762],[139.73803,35.83758],[139.73881,35.83764],[139.73928,35.83762],[139.73968,35.83755],[139.74031,35.83727],[139.74074,35.83715],[139.74129,35.83708],[139.74267,35.83704],[139.74339,35.83698],[139.74362,35.8369],[139.74371,35.83672],[139.7438,35.83668],[139.74436,35.83675],[139.74472,35.83671],[139.74513,35.83657],[139.74544,35.83638],[139.74559,35.83616],[139.74561,35.836],[139.74556,35.83585],[139.74544,35.83573],[139.74468,35.83545],[139.74456,35.83533],[139.7445,35.83509],[139.74444,35.83502],[139.74409,35.8349],[139.74347,35.83483],[139.74257,35.8348],[139.74077,35.83484],[139.74015,35.83494],[139.74008,35.83499],[139.74004,35.83513],[139.73995,35.83517],[139.73942,35.8351],[139.73916,35.83519],[139.73873,35.83559],[139.73827,35.83575],[139.73816,35.83596],[139.73814,35.83633],[139.73806,35.83655],[139.73788,35.83668],[139.73775,35.83671],[139.73678,35.83668],[139.73633,35.83672],[139.73482,35.8371],[139.73448,35.83704],[139.73432,35.83678],[139.73425,35.83676],[139.73406,35.83705],[139.73384,35.83724],[139.7335,35.83737],[139.73322,35.83741],[139.73281,35.83737],[139.73212,35.83705],[139.73175,35.83698],[139.73152,35.83705],[139.7312,35.83727],[139.73085,35.83739],[139.73059,35.83741],[139.7299,35.83734],[139.72949,35.83742],[139.72921,35.83752],[139.72898,35.83775],[139.72897,35.83796],[139.72943,35.83875],[139.72954,35.83912],[139.72956,35.83935],[139.72965,35.83954],[139.72986,35.83969],[139.73019,35.8398],[139.73087,35.83989],[139.73144,35.83988]]],[[[139.80014,35.8485],[139.79988,35.84837],[139.7997,35.84819],[139.79959,35.84798],[139.79954,35.8476],[139.79944,35.84748],[139.79926,35.84744],[139.7991,35.84749],[139.79899,35.84774],[139.7988,35.84782],[139.79824,35.84777],[139.79759,35.84762],[139.79674,35.84728],[139.79638,35.84703],[139.79586,35.84654],[139.7956,35.84641],[139.79529,35.84646],[139.79504,35.84644],[139.79321,35.84593],[139.79287,35.84588],[139.79246,35.84587],[139.79215,35.84597],[139.79208,35.84617],[139.79199,35.84627],[139.79125,35.84653],[139.79104,35.84674],[139.79099,35.84705],[139.79107,35.84736],[139.79117,35.84743],[139.79137,35.84746],[139.79151,35.84753],[139.79196,35.84805],[139.79229,35.84824],[139.79308,35.84848],[139.79417,35.84866],[139.79516,35.84889],[139.79711,35.84961],[139.79824,35.84974],[139.79844,35.84985],[139.79856,35.85007],[139.79881,35.85021],[139.79996,35.8506],[139.80083,35.85079],[139.80116,35.85082],[139.80143,35.8508],[139.80169,35.85066],[139.80192,35.8504],[139.80225,35.84981],[139.80257,35.849],[139.80261,35.84877],[139.80256,35.8487],[139.80235,35.8487],[139.80186,35.84887],[139.80156,35.84891],[139.80143,35.84887],[139.8013,35.84872],[139.80108,35.84861],[139.80014,35.8485]]],[[[139.87577,35.84964],[139.87546,35.84969],[139.87528,35.84986],[139.87525,35.84999],[139.87528,35.85036],[139.87549,35.8508],[139.87559,35.8509],[139.87585,35.85102],[139.87634,35.85106],[139.8767,35.85119],[139.87686,35.85134],[139.8771,35.85183],[139.87733,35.85201],[139.87779,35.8522],[139.87792,35.85232],[139.87809,35.85261],[139.87821,35.85262],[139.87837,35.85248],[139.879,35.8515],[139.87902,35.85178],[139.87913,35.8519],[139.87956,35.85193],[139.87976,35.85181],[139.87983,35.85144],[139.87975,35.85113],[139.87963,35.85106],[139.87928,35.85105],[139.87923,35.85064],[139.87884,35.85034],[139.87882,35.85022],[139.87888,35.84992],[139.87878,35.84982],[139.87836,35.84978],[139.87767,35.84984],[139.87694,35.84983],[139.87577,35.84964]]],[[[139.79523,35.8609],[139.79532,35.86101],[139.79545,35.86165],[139.7956,35.86182],[139.79614,35.86191],[139.79632,35.86201],[139.79645,35.86216],[139.79675,35.86224],[139.79802,35.86217],[139.79836,35.86221],[139.79893,35.86238],[139.79916,35.86241],[139.79945,35.86231],[139.7996,35.86216],[139.79974,35.86175],[139.79966,35.86089],[139.7997,35.86074],[139.79991,35.86059],[139.7999,35.86055],[139.79918,35.8605],[139.79877,35.86041],[139.79857,35.86029],[139.79813,35.85992],[139.79788,35.85982],[139.79693,35.85956],[139.79654,35.85932],[139.79621,35.85901],[139.79594,35.85889],[139.79543,35.85887],[139.79436,35.85909],[139.79306,35.85916],[139.79256,35.85924],[139.79252,35.85937],[139.79258,35.85946],[139.79287,35.85967],[139.79339,35.85994],[139.7939,35.86012],[139.79453,35.86026],[139.79479,35.86038],[139.79494,35.86073],[139.79523,35.8609]]],[[[139.86133,35.86273],[139.86153,35.8637],[139.86169,35.86404],[139.86181,35.86412],[139.86201,35.8641],[139.86216,35.86401],[139.86236,35.86379],[139.86252,35.86374],[139.86277,35.86383],[139.8629,35.86398],[139.86295,35.86428],[139.8629,35.86444],[139.86269,35.8647],[139.86222,35.86505],[139.86208,35.86539],[139.86221,35.86584],[139.86245,35.86616],[139.86263,35.8663],[139.86335,35.86664],[139.86527,35.86702],[139.86577,35.86719],[139.86598,35.86735],[139.86637,35.86743],[139.86745,35.86749],[139.86897,35.86748],[139.86993,35.86736],[139.87018,35.8672],[139.87019,35.8671],[139.86991,35.86674],[139.8697,35.86661],[139.8695,35.86658],[139.86941,35.86649],[139.86929,35.86584],[139.86914,35.86567],[139.86887,35.86558],[139.86869,35.86556],[139.86782,35.86562],[139.86752,35.8656],[139.86732,35.86555],[139.86718,35.86539],[139.86692,35.86529],[139.86556,35.86517],[139.86526,35.86501],[139.86515,35.86471],[139.86506,35.86462],[139.86443,35.86439],[139.86429,35.86419],[139.86424,35.86388],[139.86445,35.86276],[139.86443,35.8624],[139.86433,35.86213],[139.86386,35.8616],[139.8637,35.86103],[139.86329,35.86088],[139.86294,35.86021],[139.86284,35.86011],[139.86258,35.86005],[139.86245,35.85996],[139.86232,35.85947],[139.86213,35.85932],[139.86165,35.85911],[139.86144,35.85865],[139.86091,35.8582],[139.86065,35.85807],[139.86043,35.85804],[139.86024,35.85811],[139.86016,35.85834],[139.86005,35.8584],[139.85986,35.85841],[139.85926,35.85835],[139.85904,35.8584],[139.85893,35.85854],[139.85891,35.85864],[139.85899,35.85915],[139.85896,35.85935],[139.85889,35.85952],[139.85877,35.85964],[139.85866,35.8599],[139.85868,35.86014],[139.85883,35.8606],[139.85903,35.8609],[139.85944,35.86123],[139.86058,35.86167],[139.86071,35.86178],[139.86083,35.86209],[139.86118,35.86235],[139.86133,35.86273]]],[[[139.74713,35.86716],[139.74734,35.86741],[139.74748,35.86747],[139.74767,35.86745],[139.74783,35.86737],[139.74799,35.86717],[139.74817,35.8671],[139.74843,35.86712],[139.74862,35.8672],[139.74872,35.86734],[139.74873,35.86756],[139.74855,35.86829],[139.74865,35.86851],[139.74876,35.86859],[139.74907,35.8687],[139.74993,35.86888],[139.75039,35.86912],[139.75055,35.86917],[139.75082,35.86912],[139.75139,35.8689],[139.75231,35.86881],[139.7525,35.86872],[139.75258,35.86856],[139.75257,35.86846],[139.75246,35.86819],[139.75218,35.86777],[139.75175,35.86745],[139.75165,35.86703],[139.75154,35.8669],[139.75091,35.86695],[139.75029,35.86691],[139.74943,35.86677],[139.74873,35.8666],[139.74838,35.86643],[139.74832,35.86627],[139.74813,35.86613],[139.74729,35.86593],[139.74703,35.8658],[139.74688,35.86549],[139.74646,35.86537],[139.74628,35.86493],[139.74583,35.86455],[139.7456,35.86449],[139.74536,35.86451],[139.74496,35.8647],[139.74452,35.86507],[139.74447,35.86525],[139.74452,35.86537],[139.74502,35.86551],[139.74523,35.86575],[139.74539,35.86585],[139.74624,35.86607],[139.74652,35.86621],[139.74684,35.86656],[139.74713,35.86716]]],[[[139.84988,35.87344],[139.85003,35.87359],[139.85039,35.87365],[139.851,35.87353],[139.8512,35.87361],[139.85131,35.87381],[139.85138,35.8745],[139.85151,35.87469],[139.8517,35.87473],[139.8518,35.87482],[139.85187,35.87508],[139.8519,35.87547],[139.85199,35.87568],[139.85225,35.8759],[139.85262,35.876],[139.85284,35.87611],[139.85288,35.87621],[139.85282,35.87638],[139.85284,35.87651],[139.85299,35.87673],[139.85342,35.87715],[139.85353,35.8774],[139.85356,35.87765],[139.85365,35.87778],[139.85391,35.87793],[139.85439,35.87807],[139.85455,35.87818],[139.85464,35.87831],[139.85469,35.87861],[139.85478,35.87871],[139.85512,35.87877],[139.85541,35.8787],[139.85559,35.87833],[139.85611,35.87794],[139.85618,35.87782],[139.85616,35.87752],[139.85589,35.87709],[139.85566,35.87684],[139.85448,35.87571],[139.85402,35.87512],[139.85394,35.87487],[139.85401,35.87464],[139.85399,35.87452],[139.85373,35.87432],[139.85364,35.87414],[139.85373,35.87356],[139.85371,35.87341],[139.85363,35.8733],[139.85335,35.87309],[139.8532,35.87246],[139.85294,35.87233],[139.85233,35.87237],[139.85197,35.87226],[139.85181,35.87209],[139.8516,35.87147],[139.85136,35.87114],[139.85106,35.87095],[139.8505,35.87087],[139.85038,35.8708],[139.85032,35.87059],[139.85043,35.87],[139.85034,35.86973],[139.85016,35.86957],[139.84985,35.86952],[139.84975,35.86945],[139.8496,35.86879],[139.84921,35.86827],[139.84858,35.86777],[139.84812,35.86752],[139.84797,35.8675],[139.84787,35.86757],[139.84809,35.86796],[139.8481,35.86819],[139.848,35.86832],[139.84761,35.86862],[139.84756,35.86884],[139.84763,35.8692],[139.84754,35.8693],[139.84742,35.86931],[139.84729,35.86945],[139.84727,35.86968],[139.84743,35.87055],[139.84763,35.87097],[139.84821,35.8716],[139.84835,35.8721],[139.84861,35.87231],[139.84922,35.87256],[139.84948,35.87272],[139.84967,35.87293],[139.84988,35.87344]]],[[[139.80023,35.88018],[139.80025,35.88002],[139.79999,35.87943],[139.79999,35.87926],[139.80022,35.87919],[139.80051,35.87897],[139.80114,35.87816],[139.80152,35.87779],[139.80175,35.87766],[139.80217,35.87761],[139.80238,35.87753],[139.80279,35.87726],[139.80305,35.87692],[139.80328,35.87627],[139.80334,35.87574],[139.80325,35.87526],[139.80312,35.87513],[139.80289,35.87503],[139.80261,35.87502],[139.80232,35.87507],[139.80218,35.87504],[139.80206,35.87486],[139.802,35.87445],[139.80187,35.87427],[139.80168,35.87413],[139.8012,35.87388],[139.80104,35.87375],[139.80096,35.87359],[139.80085,35.87316],[139.80047,35.8729],[139.80034,35.87253],[139.80021,35.87246],[139.79997,35.87244],[139.80021,35.87229],[139.80034,35.87215],[139.80039,35.87194],[139.80034,35.87166],[139.80021,35.87157],[139.80002,35.87155],[139.79989,35.87148],[139.79981,35.87122],[139.79957,35.87087],[139.79871,35.86989],[139.79824,35.86947],[139.79802,35.86933],[139.79786,35.8693],[139.79754,35.86941],[139.79704,35.86975],[139.79669,35.86988],[139.7957,35.86984],[139.79526,35.87006],[139.79493,35.87015],[139.7938,35.8703],[139.79303,35.87034],[139.79185,35.8703],[139.79063,35.87013],[139.78954,35.86989],[139.78892,35.86968],[139.78881,35.86961],[139.7887,35.86944],[139.78842,35.86933],[139.78533,35.86878],[139.78486,35.86863],[139.78424,35.86833],[139.7839,35.86823],[139.78312,35.86817],[139.78278,35.86821],[139.78255,35.86831],[139.78242,35.86846],[139.78231,35.86902],[139.78189,35.86934],[139.78179,35.86968],[139.78132,35.86981],[139.7809,35.8702],[139.78065,35.87036],[139.77998,35.87046],[139.77966,35.87062],[139.7794,35.87094],[139.7793,35.87144],[139.77917,35.87154],[139.77898,35.87157],[139.77889,35.87172],[139.77897,35.87267],[139.77888,35.87325],[139.77871,35.87391],[139.77865,35.87452],[139.7787,35.87489],[139.77891,35.87553],[139.77893,35.87577],[139.77888,35.87596],[139.77866,35.8762],[139.7786,35.87636],[139.77867,35.87653],[139.7788,35.87666],[139.77916,35.87674],[139.77925,35.8768],[139.77916,35.87713],[139.77925,35.87725],[139.77943,35.87735],[139.77948,35.87746],[139.77943,35.8777],[139.77926,35.87802],[139.77925,35.87826],[139.77935,35.87837],[139.77962,35.87848],[139.77977,35.87865],[139.77988,35.87905],[139.77995,35.87975],[139.78015,35.88009],[139.78098,35.88042],[139.78155,35.88089],[139.78182,35.88093],[139.78222,35.88088],[139.7824,35.88095],[139.78279,35.88139],[139.78306,35.88153],[139.78366,35.8816],[139.78444,35.88155],[139.78503,35.88156],[139.7853,35.88162],[139.78555,35.88177],[139.78587,35.88187],[139.78664,35.88192],[139.78701,35.88199],[139.78716,35.88206],[139.78737,35.88227],[139.78756,35.88236],[139.78831,35.88253],[139.78871,35.88268],[139.78915,35.88305],[139.78935,35.88316],[139.78975,35.88326],[139.79024,35.88328],[139.79061,35.88334],[139.79076,35.88342],[139.79091,35.88359],[139.79113,35.88373],[139.79169,35.88401],[139.79248,35.88432],[139.79324,35.8845],[139.79369,35.88453],[139.79412,35.8845],[139.79466,35.88437],[139.79509,35.88418],[139.79531,35.88402],[139.79552,35.88379],[139.79557,35.88365],[139.79553,35.88339],[139.79568,35.88317],[139.79649,35.88248],[139.79774,35.88164],[139.79803,35.8815],[139.79827,35.88146],[139.79841,35.88139],[139.79883,35.88086],[139.79908,35.88065],[139.79926,35.88058],[139.79975,35.88053],[139.80014,35.88032],[139.80023,35.88018]]],[[[139.7847,35.8959],[139.78503,35.89618],[139.78544,35.89669],[139.78578,35.89692],[139.78636,35.89721],[139.78648,35.89732],[139.78653,35.89749],[139.78663,35.89756],[139.78705,35.89756],[139.78778,35.89744],[139.7884,35.89727],[139.78871,35.8971],[139.78875,35.89699],[139.78869,35.89686],[139.78856,35.8968],[139.78831,35.89676],[139.7882,35.89668],[139.78792,35.89611],[139.78764,35.89611],[139.78792,35.89589],[139.78808,35.89559],[139.78807,35.89542],[139.78783,35.89504],[139.78748,35.89476],[139.78701,35.89463],[139.78596,35.89466],[139.78578,35.89459],[139.78568,35.89431],[139.78548,35.89415],[139.7844,35.89402],[139.78406,35.89392],[139.78333,35.89363],[139.78284,35.89351],[139.78186,35.89342],[139.78008,35.89336],[139.77948,35.89326],[139.77916,35.8931],[139.77895,35.89319],[139.77847,35.89377],[139.77813,35.89387],[139.77806,35.89396],[139.77805,35.89423],[139.7781,35.89449],[139.77821,35.8947],[139.77837,35.89481],[139.77858,35.89482],[139.779,35.89468],[139.77953,35.89461],[139.78004,35.89462],[139.78127,35.89476],[139.78104,35.89485],[139.78096,35.89495],[139.7813,35.89509],[139.78293,35.89543],[139.78238,35.89498],[139.7831,35.89503],[139.7833,35.89515],[139.78348,35.89544],[139.78436,35.89573],[139.7847,35.8959]]],[[[139.77714,35.92961],[139.77708,35.92938],[139.77701,35.92932],[139.77634,35.92936],[139.77609,35.92923],[139.77585,35.92901],[139.77559,35.92891],[139.77521,35.92887],[139.7742,35.92892],[139.77373,35.92889],[139.77316,35.92871],[139.77272,35.9284],[139.77227,35.92822],[139.77195,35.92819],[139.77131,35.92824],[139.77108,35.9282],[139.77093,35.9281],[139.7708,35.92787],[139.77062,35.92772],[139.76992,35.92758],[139.7696,35.92727],[139.76937,35.9272],[139.76912,35.92726],[139.76877,35.92777],[139.76866,35.92784],[139.7684,35.92789],[139.76819,35.92798],[139.76798,35.92817],[139.76788,35.92835],[139.76789,35.92855],[139.76814,35.92891],[139.76862,35.92931],[139.76906,35.92957],[139.76931,35.92966],[139.76965,35.92969],[139.77011,35.92982],[139.77165,35.93044],[139.77206,35.93054],[139.77277,35.9306],[139.77307,35.93067],[139.77346,35.93088],[139.7739,35.93127],[139.77414,35.9314],[139.77439,35.93147],[139.77503,35.93144],[139.77531,35.93134],[139.7757,35.9311],[139.77607,35.93103],[139.77654,35.93111],[139.77693,35.93133],[139.77716,35.93139],[139.77868,35.93135],[139.77891,35.93141],[139.77914,35.93156],[139.77943,35.93167],[139.78035,35.93178],[139.7807,35.93207],[139.78118,35.93204],[139.78128,35.93211],[139.78152,35.93246],[139.78171,35.93255],[139.78213,35.93261],[139.78258,35.93259],[139.78284,35.93251],[139.78295,35.93224],[139.7831,35.93203],[139.78338,35.93178],[139.78361,35.93168],[139.78402,35.93168],[139.78483,35.932],[139.78519,35.93208],[139.78544,35.93204],[139.78555,35.93193],[139.78565,35.93163],[139.78568,35.93118],[139.78563,35.93091],[139.78542,35.93065],[139.78467,35.93052],[139.78459,35.93044],[139.78455,35.93029],[139.78447,35.93025],[139.78382,35.93043],[139.78348,35.9304],[139.7833,35.93028],[139.78299,35.92991],[139.78268,35.92978],[139.78177,35.92983],[139.78083,35.92971],[139.77991,35.92949],[139.77953,35.92932],[139.77925,35.92908],[139.77882,35.92901],[139.77855,35.92902],[139.77822,35.92911],[139.77761,35.92962],[139.77747,35.92967],[139.77727,35.92968],[139.77714,35.92961]]],[[[139.76902,35.94297],[139.76947,35.94327],[139.76989,35.94339],[139.77038,35.94343],[139.77077,35.94338],[139.77096,35.94328],[139.77105,35.94309],[139.77131,35.94305],[139.77221,35.94321],[139.77292,35.94356],[139.77319,35.94357],[139.7735,35.94351],[139.77373,35.94355],[139.77411,35.94373],[139.77477,35.94419],[139.77523,35.94433],[139.77543,35.94432],[139.77566,35.94422],[139.77591,35.94388],[139.77609,35.94376],[139.77635,35.94369],[139.77691,35.94365],[139.77757,35.94372],[139.77823,35.94401],[139.77945,35.94397],[139.77955,35.94403],[139.77964,35.94424],[139.77979,35.94432],[139.78035,35.94446],[139.78066,35.94444],[139.78092,35.94432],[139.7812,35.94397],[139.78143,35.94335],[139.78152,35.94291],[139.78151,35.94275],[139.78143,35.94259],[139.78105,35.94249],[139.78096,35.94228],[139.78086,35.94219],[139.78044,35.94215],[139.77947,35.94222],[139.77891,35.94221],[139.77869,35.94215],[139.77855,35.942],[139.77836,35.94193],[139.77783,35.942],[139.77771,35.94199],[139.77756,35.94173],[139.77725,35.94165],[139.7767,35.94163],[139.77605,35.94169],[139.77445,35.94212],[139.77393,35.94216],[139.77367,35.9421],[139.7734,35.94192],[139.77324,35.94171],[139.77315,35.94133],[139.77303,35.94124],[139.77284,35.94118],[139.77224,35.94122],[139.77208,35.94128],[139.77187,35.94147],[139.77145,35.94155],[139.77073,35.94152],[139.76987,35.94141],[139.76925,35.9412],[139.76844,35.94058],[139.76823,35.94051],[139.76771,35.94043],[139.76696,35.93999],[139.76655,35.9399],[139.76605,35.93994],[139.76577,35.94003],[139.76551,35.94024],[139.76543,35.94065],[139.76527,35.94086],[139.76508,35.94093],[139.76471,35.94095],[139.76453,35.94101],[139.76458,35.94114],[139.76486,35.9413],[139.76506,35.94131],[139.76527,35.94125],[139.76544,35.9413],[139.76557,35.94146],[139.76584,35.94204],[139.76592,35.94214],[139.76615,35.94222],[139.76693,35.94217],[139.76705,35.94224],[139.76713,35.94253],[139.76726,35.94264],[139.7675,35.94272],[139.76824,35.94276],[139.76874,35.94285],[139.76902,35.94297]]],[[[139.7665,35.95751],[139.76687,35.9576],[139.76766,35.95768],[139.76874,35.958],[139.76954,35.95837],[139.7703,35.959],[139.7706,35.95915],[139.77095,35.95926],[139.77177,35.95934],[139.77219,35.9593],[139.7726,35.9592],[139.7732,35.95896],[139.77363,35.95874],[139.77387,35.95855],[139.774,35.95827],[139.77402,35.95805],[139.77397,35.95794],[139.77376,35.95782],[139.77328,35.95769],[139.77302,35.95757],[139.77293,35.95748],[139.77286,35.95722],[139.77267,35.95707],[139.7722,35.957],[139.77143,35.95709],[139.7711,35.95708],[139.771,35.95702],[139.77096,35.95686],[139.77084,35.95673],[139.7702,35.95645],[139.76956,35.95589],[139.76931,35.95573],[139.76887,35.95561],[139.76793,35.95552],[139.76726,35.95527],[139.767,35.95527],[139.7666,35.95548],[139.7665,35.95546],[139.76633,35.95529],[139.76615,35.95523],[139.76481,35.95527],[139.76445,35.95514],[139.76408,35.95482],[139.76387,35.95477],[139.76355,35.95484],[139.76341,35.95476],[139.7633,35.95462],[139.76316,35.95458],[139.76281,35.95477],[139.76257,35.95484],[139.76203,35.95491],[139.76118,35.95493],[139.7609,35.95498],[139.76075,35.95506],[139.76072,35.95517],[139.7608,35.95531],[139.76142,35.9556],[139.76155,35.95579],[139.7616,35.95596],[139.76181,35.95618],[139.76218,35.95642],[139.76248,35.95655],[139.763,35.95663],[139.76381,35.95658],[139.76427,35.95663],[139.76502,35.95686],[139.76583,35.95725],[139.7665,35.95751]]],[[[139.76053,35.97342],[139.76058,35.9736],[139.7607,35.97375],[139.76109,35.97403],[139.76127,35.97427],[139.76185,35.9755],[139.76198,35.97562],[139.76219,35.97563],[139.76247,35.97543],[139.76296,35.97483],[139.76309,35.97476],[139.76329,35.97473],[139.76339,35.97466],[139.76348,35.97435],[139.76342,35.97404],[139.76322,35.97383],[139.76273,35.97368],[139.76243,35.9735],[139.76229,35.97332],[139.76216,35.97301],[139.76194,35.9728],[139.76173,35.97273],[139.76126,35.97268],[139.76113,35.97261],[139.76109,35.97249],[139.76116,35.97215],[139.7611,35.97196],[139.7609,35.97164],[139.76068,35.97144],[139.76046,35.97132],[139.76021,35.97128],[139.75981,35.97139],[139.75959,35.97153],[139.75947,35.97172],[139.75943,35.97195],[139.75952,35.97234],[139.75966,35.97254],[139.75984,35.97266],[139.76034,35.97273],[139.76056,35.97285],[139.7606,35.97301],[139.76053,35.97342]]],[[[139.74796,35.97989],[139.74802,35.97949],[139.74814,35.97918],[139.7485,35.97876],[139.74866,35.97842],[139.74862,35.9773],[139.74869,35.97716],[139.74888,35.97704],[139.749,35.97687],[139.74935,35.97563],[139.74951,35.97536],[139.74971,35.97525],[139.74984,35.9751],[139.74997,35.97459],[139.75017,35.97445],[139.75059,35.97428],[139.75069,35.97419],[139.75072,35.97403],[139.75064,35.97388],[139.75035,35.97382],[139.75026,35.97375],[139.75008,35.97298],[139.74971,35.97266],[139.74974,35.97251],[139.7499,35.97233],[139.7504,35.97219],[139.75045,35.972],[139.75038,35.9719],[139.75012,35.97177],[139.74915,35.97153],[139.74875,35.97122],[139.74803,35.97126],[139.7479,35.971],[139.74778,35.97091],[139.74747,35.9708],[139.7472,35.97077],[139.74694,35.97084],[139.74659,35.97112],[139.7463,35.9716],[139.74622,35.97194],[139.7463,35.97245],[139.74665,35.9731],[139.74681,35.97353],[139.74684,35.97399],[139.74675,35.97441],[139.74665,35.97458],[139.74651,35.97465],[139.74612,35.97458],[139.74591,35.97462],[139.7457,35.97476],[139.74564,35.97488],[139.74574,35.97509],[139.7462,35.97544],[139.74639,35.9757],[139.74651,35.97602],[139.74656,35.97665],[139.74652,35.97703],[139.74643,35.97734],[139.74629,35.97755],[139.74593,35.97788],[139.74577,35.97834],[139.74573,35.97903],[139.74578,35.97964],[139.74586,35.97992],[139.74609,35.98023],[139.74612,35.98038],[139.74606,35.98055],[139.74558,35.98125],[139.74546,35.98169],[139.74541,35.9823],[139.74532,35.98249],[139.74518,35.9826],[139.74489,35.98263],[139.74469,35.98272],[139.74456,35.98316],[139.74425,35.98343],[139.74364,35.98364],[139.74291,35.98372],[139.74195,35.98374],[139.74104,35.98368],[139.74032,35.98352],[139.73954,35.98323],[139.73904,35.98316],[139.73846,35.98315],[139.7369,35.98321],[139.73645,35.98317],[139.73582,35.983],[139.73556,35.98299],[139.73521,35.98314],[139.73458,35.98369],[139.73393,35.98397],[139.73384,35.98406],[139.7338,35.98421],[139.73385,35.98427],[139.73398,35.98426],[139.73456,35.98396],[139.73498,35.98383],[139.7354,35.98383],[139.73566,35.98392],[139.73587,35.98412],[139.73603,35.98443],[139.73617,35.9851],[139.73632,35.98549],[139.73657,35.98573],[139.73693,35.98581],[139.73739,35.98574],[139.73799,35.98555],[139.73839,35.98533],[139.73878,35.98497],[139.73916,35.98487],[139.73936,35.98488],[139.73963,35.98497],[139.74026,35.98551],[139.74074,35.98569],[139.74102,35.98568],[139.74143,35.98546],[139.74199,35.98533],[139.74328,35.98519],[139.74395,35.98519],[139.74473,35.98532],[139.7451,35.98549],[139.74565,35.98586],[139.74621,35.986],[139.74647,35.98598],[139.74677,35.98586],[139.7469,35.9857],[139.74704,35.9854],[139.7472,35.98526],[139.74742,35.98519],[139.74789,35.98522],[139.74833,35.98541],[139.74865,35.98576],[139.74894,35.98651],[139.74896,35.98672],[139.74887,35.98698],[139.74889,35.98708],[139.74898,35.98716],[139.74952,35.9874],[139.74959,35.98752],[139.7496,35.9878],[139.7503,35.98677],[139.75042,35.9864],[139.75049,35.9859],[139.75057,35.98577],[139.75081,35.98561],[139.75094,35.98547],[139.75099,35.98525],[139.75097,35.98509],[139.75086,35.98494],[139.75067,35.9848],[139.75003,35.98457],[139.74921,35.9845],[139.74811,35.98455],[139.7478,35.98449],[139.74759,35.98431],[139.74739,35.98375],[139.74773,35.98372],[139.74783,35.98362],[139.74779,35.98254],[139.74794,35.98219],[139.74822,35.98193],[139.74833,35.98171],[139.7483,35.98158],[139.74807,35.98128],[139.748,35.98099],[139.74796,35.97989]]],[[[139.75267,35.98982],[139.75312,35.98983],[139.75343,35.98971],[139.7536,35.98947],[139.75364,35.9889],[139.75348,35.98865],[139.7532,35.98853],[139.75308,35.98839],[139.75303,35.98804],[139.7531,35.98758],[139.75301,35.98729],[139.75284,35.98722],[139.75245,35.98727],[139.75211,35.98719],[139.75193,35.98705],[139.75158,35.98659],[139.75137,35.98647],[139.75123,35.98645],[139.75107,35.98654],[139.75087,35.98673],[139.75036,35.98747],[139.75018,35.98804],[139.75025,35.98833],[139.75048,35.98855],[139.75093,35.98879],[139.75109,35.98894],[139.75115,35.98907],[139.75112,35.98924],[139.75117,35.98931],[139.7514,35.98944],[139.75181,35.9896],[139.75267,35.98982]]],[[[139.73954,35.99802],[139.73972,35.99811],[139.74034,35.99826],[139.74109,35.99833],[139.74191,35.99827],[139.74206,35.99844],[139.74212,35.99892],[139.74221,35.99913],[139.74247,35.99935],[139.74273,35.99942],[139.74335,35.99951],[139.74378,35.9995],[139.74405,35.99934],[139.74429,35.99902],[139.74446,35.9986],[139.74451,35.99818],[139.74444,35.99776],[139.74421,35.99746],[139.74378,35.99735],[139.74339,35.99739],[139.74293,35.99735],[139.74243,35.99718],[139.74187,35.99689],[139.74095,35.99628],[139.74035,35.99599],[139.73976,35.99582],[139.73948,35.99578],[139.73892,35.99581],[139.73848,35.99589],[139.73812,35.99605],[139.73807,35.99612],[139.73809,35.99643],[139.73798,35.99655],[139.73776,35.99665],[139.73744,35.99671],[139.73705,35.99683],[139.73686,35.99702],[139.73684,35.99719],[139.73689,35.9974],[139.73702,35.99755],[139.73715,35.99761],[139.73764,35.99769],[139.7387,35.99772],[139.73919,35.99778],[139.73939,35.99786],[139.73954,35.99802]]]]}}]}