{"type":"FeatureCollection","features":[{"type":"Feature","properties":{},"geometry":{"type":"MultiPolygon","coordinates":[[[[139.43176,35.82236],[139.43195,35.82238],[139.4322,35.82263],[139.43264,35.82273],[139.4329,35.82313],[139.43312,35.82332],[139.43397,35.82363],[139.43415,35.82396],[139.43435,35.82402],[139.43464,35.82404],[139.43491,35.82417],[139.43549,35.82485],[139.43595,35.825],[139.43608,35.82532],[139.43628,35.82538],[139.43647,35.82539],[139.43658,35.82548],[139.43683,35.82592],[139.43711,35.82671],[139.4376,35.82856],[139.43783,35.8297],[139.43793,35.8305],[139.4379,35.83094],[139.43783,35.83102],[139.43757,35.83106],[139.43748,35.83113],[139.43753,35.8316],[139.43748,35.83185],[139.43696,35.83292],[139.43699,35.83303],[139.43731,35.83311],[139.43759,35.83335],[139.4377,35.83353],[139.43771,35.83375],[139.43761,35.83401],[139.43716,35.83465],[139.43701,35.83497],[139.43698,35.83543],[139.43719,35.83598],[139.43723,35.83648],[139.43704,35.83697],[139.43694,35.83706],[139.43668,35.83713],[139.43661,35.83727],[139.43664,35.83852],[139.43643,35.83898],[139.43616,35.8392],[139.43567,35.83942],[139.43525,35.83955],[139.43482,35.83959],[139.43468,35.83964],[139.43459,35.83974],[139.43447,35.84009],[139.43429,35.84019],[139.434,35.84024],[139.43343,35.84023],[139.43304,35.84011],[139.43291,35.83995],[139.43288,35.83964],[139.43276,35.83939],[139.43253,35.83925],[139.43233,35.83922],[139.43214,35.83939],[139.43202,35.84017],[139.43185,35.84041],[139.43154,35.84051],[139.43133,35.84052],[139.43056,35.8404],[139.43,35.84042],[139.42978,35.84054],[139.42964,35.84084],[139.4295,35.841],[139.4292,35.84112],[139.42881,35.84115],[139.42851,35.84124],[139.42811,35.84171],[139.4277,35.84167],[139.4275,35.84171],[139.42663,35.84215],[139.42635,35.84224],[139.42604,35.84221],[139.42592,35.84195],[139.42573,35.84187],[139.42514,35.84181],[139.42383,35.84175],[139.42342,35.84164],[139.42327,35.84149],[139.42313,35.84143],[139.42295,35.84141],[139.42245,35.84147],[139.42223,35.84142],[139.42201,35.84119],[139.42184,35.84066],[139.42163,35.84028],[139.42135,35.83993],[139.42104,35.83965],[139.42063,35.83943],[139.4203,35.83938],[139.41994,35.83942],[139.41942,35.83958],[139.41923,35.83953],[139.41907,35.83922],[139.41902,35.83869],[139.41885,35.8384],[139.41871,35.83828],[139.41833,35.83812],[139.41719,35.83791],[139.41688,35.83772],[139.41685,35.83756],[139.4169,35.83733],[139.41719,35.83694],[139.41714,35.83674],[139.41676,35.8363],[139.41594,35.83556],[139.4157,35.83524],[139.4156,35.83496],[139.41564,35.83472],[139.41582,35.83447],[139.41612,35.83435],[139.41669,35.83429],[139.41681,35.83423],[139.41687,35.83414],[139.41683,35.834],[139.41674,35.83396],[139.41621,35.83402],[139.41595,35.83394],[139.41573,35.83372],[139.41562,35.83348],[139.4155,35.8327],[139.41555,35.83151],[139.41568,35.83114],[139.41597,35.83094],[139.41605,35.83075],[139.41597,35.83047],[139.41575,35.83025],[139.41557,35.83016],[139.41534,35.83012],[139.41443,35.8302],[139.41421,35.83018],[139.41405,35.83012],[139.41391,35.82999],[139.41382,35.83072],[139.41371,35.83096],[139.41351,35.8311],[139.41338,35.83115],[139.41306,35.83117],[139.41277,35.83113],[139.41254,35.83106],[139.41239,35.83094],[139.41225,35.83071],[139.41209,35.83057],[139.41173,35.83042],[139.4114,35.83036],[139.41101,35.83033],[139.41086,35.83037],[139.41072,35.83068],[139.41052,35.83085],[139.4102,35.83099],[139.40989,35.831],[139.40925,35.83085],[139.40846,35.83054],[139.40775,35.83033],[139.40646,35.83017],[139.4063,35.83009],[139.40617,35.82994],[139.40601,35.82988],[139.40565,35.82987],[139.40517,35.82992],[139.40484,35.82985],[139.40472,35.82962],[139.4048,35.82921],[139.40499,35.82898],[139.40547,35.82863],[139.40554,35.82852],[139.40554,35.82836],[139.40547,35.82825],[139.40518,35.82819],[139.40509,35.82812],[139.40503,35.828],[139.40498,35.8276],[139.40487,35.82743],[139.40455,35.82725],[139.40408,35.82714],[139.40384,35.82703],[139.40369,35.82688],[139.40362,35.82668],[139.40368,35.82635],[139.4038,35.82615],[139.40404,35.82594],[139.40474,35.8255],[139.4037,35.82534],[139.40331,35.82518],[139.40309,35.82497],[139.40296,35.82468],[139.4029,35.82411],[139.403,35.82387],[139.40331,35.82365],[139.40335,35.82339],[139.40317,35.82327],[139.4028,35.82323],[139.40261,35.82316],[139.4023,35.82285],[139.40204,35.82221],[139.40194,35.8212],[139.40181,35.82101],[139.40149,35.82091],[139.40144,35.82073],[139.40157,35.8204],[139.40201,35.81975],[139.40215,35.81944],[139.40224,35.81909],[139.40229,35.81835],[139.40237,35.81798],[139.40247,35.81786],[139.4027,35.81779],[139.40248,35.81752],[139.40243,35.81735],[139.40266,35.81704],[139.40276,35.81675],[139.40289,35.81511],[139.40304,35.81463],[139.40316,35.81445],[139.4035,35.8142],[139.40438,35.81401],[139.4049,35.81376],[139.40516,35.81352],[139.40536,35.81316],[139.40551,35.81251],[139.4056,35.81157],[139.40569,35.80786],[139.40576,35.80683],[139.40582,35.80652],[139.40596,35.80627],[139.40606,35.80617],[139.40631,35.80612],[139.40636,35.80607],[139.40631,35.80591],[139.40608,35.80557],[139.40598,35.80527],[139.40595,35.80495],[139.40606,35.80474],[139.40648,35.80449],[139.40744,35.80424],[139.40796,35.80397],[139.40814,35.80375],[139.40825,35.80324],[139.40844,35.80305],[139.40872,35.80293],[139.40929,35.80283],[139.40964,35.80271],[139.40972,35.80262],[139.40963,35.80234],[139.40972,35.80206],[139.40995,35.8019],[139.41041,35.80185],[139.41057,35.80176],[139.4107,35.8016],[139.41092,35.801],[139.41107,35.80079],[139.4112,35.80074],[139.41145,35.80078],[139.41171,35.80104],[139.41193,35.80115],[139.41227,35.80119],[139.41254,35.80118],[139.41287,35.80102],[139.41306,35.80083],[139.41341,35.80025],[139.41355,35.80012],[139.41376,35.80007],[139.41436,35.80015],[139.41486,35.80027],[139.41512,35.8004],[139.41542,35.80066],[139.41621,35.80063],[139.41665,35.80076],[139.41714,35.80097],[139.4174,35.80102],[139.41759,35.80097],[139.41782,35.80061],[139.41804,35.8005],[139.41859,35.80048],[139.41938,35.80061],[139.41984,35.80064],[139.42041,35.80054],[139.42083,35.80035],[139.42104,35.80037],[139.4212,35.80055],[139.42144,35.80148],[139.42164,35.80182],[139.42182,35.8019],[139.4221,35.80194],[139.42221,35.80201],[139.42234,35.80247],[139.42247,35.80257],[139.42275,35.80262],[139.42283,35.80273],[139.42286,35.80288],[139.42294,35.80296],[139.4232,35.80303],[139.42358,35.80305],[139.42377,35.80312],[139.42393,35.80333],[139.42402,35.8038],[139.42413,35.8039],[139.42449,35.80395],[139.42459,35.80402],[139.4246,35.80415],[139.42439,35.80466],[139.42444,35.80486],[139.42458,35.80505],[139.42497,35.80529],[139.42543,35.80542],[139.42592,35.80542],[139.42624,35.80535],[139.42648,35.80523],[139.42664,35.80505],[139.42672,35.80454],[139.42683,35.80431],[139.42716,35.80404],[139.42761,35.80385],[139.42772,35.80365],[139.4277,35.80352],[139.42753,35.80321],[139.4267,35.80233],[139.42652,35.80206],[139.42644,35.80185],[139.42645,35.80169],[139.42657,35.8015],[139.427,35.8013],[139.42712,35.80117],[139.42717,35.80088],[139.4271,35.80048],[139.42711,35.80015],[139.42719,35.79999],[139.42742,35.79972],[139.4274,35.79964],[139.42712,35.79945],[139.42697,35.79924],[139.42685,35.79893],[139.42683,35.79866],[139.42688,35.79853],[139.42711,35.79835],[139.42725,35.79814],[139.42769,35.7968],[139.42789,35.7964],[139.42815,35.79612],[139.42846,35.79597],[139.42877,35.79589],[139.42897,35.79571],[139.42902,35.79558],[139.42904,35.79525],[139.42887,35.79446],[139.42888,35.79432],[139.42898,35.79412],[139.42918,35.79404],[139.4296,35.79407],[139.43007,35.7942],[139.43074,35.79449],[139.43104,35.79453],[139.43131,35.79448],[139.43165,35.79422],[139.43178,35.79404],[139.4318,35.79391],[139.43173,35.79384],[139.43136,35.7938],[139.43116,35.79372],[139.43103,35.79357],[139.43103,35.79338],[139.43119,35.79316],[139.43157,35.79286],[139.43183,35.79273],[139.43221,35.79266],[139.43233,35.7924],[139.43264,35.79233],[139.43378,35.79239],[139.43416,35.79236],[139.4343,35.79232],[139.43448,35.79218],[139.43453,35.79187],[139.43473,35.79156],[139.43497,35.79137],[139.43529,35.7912],[139.43565,35.79109],[139.43603,35.79104],[139.43642,35.79107],[139.43717,35.79123],[139.4374,35.79122],[139.43753,35.79114],[139.43756,35.79098],[139.4377,35.79084],[139.43827,35.79067],[139.43927,35.79057],[139.43963,35.79057],[139.44026,35.79066],[139.44053,35.79074],[139.44101,35.791],[139.44172,35.79168],[139.44207,35.79191],[139.44258,35.79206],[139.44305,35.79198],[139.44328,35.79181],[139.44343,35.79154],[139.44355,35.79084],[139.4435,35.7905],[139.44315,35.79021],[139.44311,35.78995],[139.44327,35.78978],[139.44384,35.7895],[139.44406,35.78933],[139.4441,35.78922],[139.44403,35.78904],[139.44405,35.78889],[139.4444,35.7884],[139.44446,35.78823],[139.44434,35.78813],[139.44402,35.78809],[139.44352,35.78813],[139.44302,35.78824],[139.44239,35.78853],[139.44166,35.78925],[139.44141,35.78941],[139.44118,35.78948],[139.44079,35.78942],[139.44064,35.78944],[139.44024,35.78973],[139.43972,35.78979],[139.43911,35.78973],[139.43888,35.78963],[139.43871,35.7895],[139.43851,35.78916],[139.43849,35.78899],[139.43855,35.78866],[139.43845,35.78856],[139.43821,35.78852],[139.43759,35.78856],[139.43714,35.78853],[139.43694,35.78848],[139.43657,35.78828],[139.43626,35.78797],[139.43586,35.78745],[139.43561,35.78722],[139.43539,35.7871],[139.43499,35.78702],[139.43485,35.7869],[139.43451,35.7861],[139.43436,35.78595],[139.43396,35.78576],[139.43371,35.78554],[139.43328,35.78498],[139.43277,35.7842],[139.4323,35.78364],[139.432,35.78342],[139.4316,35.78329],[139.43141,35.78314],[139.43126,35.78279],[139.43123,35.78232],[139.43111,35.78194],[139.43097,35.78175],[139.43062,35.7815],[139.43054,35.78136],[139.43058,35.78081],[139.43051,35.78076],[139.43027,35.78072],[139.43019,35.78064],[139.43013,35.78029],[139.43002,35.7801],[139.42951,35.77987],[139.42936,35.7797],[139.42932,35.77946],[139.42937,35.77923],[139.42978,35.77869],[139.42972,35.77847],[139.42959,35.77838],[139.42923,35.77834],[139.42867,35.77839],[139.42812,35.77852],[139.42769,35.77871],[139.42721,35.77914],[139.42685,35.77985],[139.42672,35.77998],[139.42656,35.78005],[139.42636,35.78006],[139.4261,35.78],[139.42592,35.77984],[139.42575,35.77955],[139.42562,35.77948],[139.42497,35.77951],[139.4248,35.77944],[139.42458,35.77922],[139.42445,35.77918],[139.42424,35.77943],[139.42394,35.78029],[139.42371,35.78064],[139.42342,35.78086],[139.42306,35.78095],[139.4225,35.7809],[139.42214,35.78068],[139.422,35.78045],[139.42194,35.78007],[139.42199,35.77982],[139.42221,35.77966],[139.42218,35.77948],[139.42192,35.7792],[139.42164,35.77899],[139.42119,35.77881],[139.4207,35.77879],[139.42024,35.77888],[139.41998,35.77901],[139.4199,35.77921],[139.41975,35.77928],[139.41916,35.77922],[139.41879,35.77926],[139.41856,35.77936],[139.41812,35.77965],[139.41776,35.77977],[139.41736,35.7798],[139.41711,35.77974],[139.4168,35.77949],[139.41629,35.77854],[139.41615,35.7784],[139.41596,35.77828],[139.41586,35.77815],[139.41579,35.77786],[139.41577,35.77746],[139.41565,35.77716],[139.41551,35.77704],[139.41523,35.77692],[139.41503,35.77671],[139.41497,35.7765],[139.41491,35.77583],[139.41465,35.77523],[139.41425,35.77481],[139.4135,35.77437],[139.41333,35.77418],[139.41329,35.77408],[139.41333,35.77387],[139.41367,35.77335],[139.41383,35.77272],[139.41386,35.7716],[139.4137,35.77108],[139.41352,35.77096],[139.41312,35.77105],[139.41287,35.77101],[139.41263,35.77083],[139.4122,35.77016],[139.41181,35.76979],[139.41151,35.76967],[139.41085,35.76961],[139.41057,35.76953],[139.4101,35.76926],[139.40991,35.76894],[139.4098,35.76863],[139.40951,35.76869],[139.40887,35.76866],[139.40778,35.76844],[139.40734,35.76847],[139.40593,35.76875],[139.4051,35.76912],[139.40459,35.76914],[139.40434,35.7691],[139.40353,35.76857],[139.4031,35.76843],[139.40261,35.76844],[139.40183,35.76857],[139.40151,35.76855],[139.40047,35.76803],[139.40028,35.76775],[139.39999,35.76677],[139.39898,35.7659],[139.39883,35.76497],[139.39845,35.7644],[139.39824,35.7643],[139.39745,35.76409],[139.39591,35.76424],[139.39361,35.76349],[139.39215,35.76329],[139.39101,35.7635],[139.39058,35.76371],[139.39046,35.764],[139.39063,35.76445],[139.39134,35.76564],[139.39182,35.76683],[139.39179,35.76724],[139.39166,35.76741],[139.39063,35.76733],[139.3896,35.76714],[139.38686,35.76593],[139.38507,35.76523],[139.38341,35.76548],[139.38207,35.76598],[139.3813,35.76584],[139.38068,35.76605],[139.38011,35.76651],[139.37969,35.76721],[139.37952,35.76803],[139.37955,35.76881],[139.37937,35.76958],[139.37894,35.77042],[139.37895,35.77089],[139.37919,35.77144],[139.37951,35.77173],[139.38001,35.77199],[139.38034,35.77331],[139.38068,35.77366],[139.38131,35.77408],[139.38148,35.77427],[139.38154,35.7745],[139.38136,35.77593],[139.3814,35.7765],[139.38154,35.77703],[139.38146,35.77726],[139.38134,35.7773],[139.38035,35.77693],[139.38,35.77693],[139.37988,35.77701],[139.37978,35.77722],[139.38018,35.77795],[139.38019,35.77817],[139.38014,35.77875],[139.37993,35.77891],[139.37756,35.77996],[139.37602,35.78039],[139.37552,35.78046],[139.3744,35.78009],[139.37361,35.77969],[139.37255,35.77887],[139.3718,35.77873],[139.37129,35.77831],[139.37104,35.77821],[139.37027,35.77829],[139.37025,35.77847],[139.37044,35.77877],[139.37146,35.77881],[139.37233,35.77916],[139.37301,35.77972],[139.37173,35.78039],[139.37161,35.78066],[139.37145,35.7816],[139.36991,35.78154],[139.36997,35.78235],[139.3699,35.78261],[139.36942,35.78326],[139.36767,35.78416],[139.36749,35.78438],[139.36741,35.78502],[139.36719,35.7856],[139.36815,35.78606],[139.36783,35.78704],[139.36847,35.78728],[139.36987,35.78761],[139.36949,35.78873],[139.36871,35.79029],[139.37026,35.7909],[139.36992,35.79173],[139.36863,35.79153],[139.3675,35.79145],[139.36727,35.79178],[139.36632,35.79172],[139.36372,35.7917],[139.36273,35.79191],[139.35984,35.79162],[139.35889,35.79193],[139.35857,35.79298],[139.3578,35.79312],[139.35665,35.79348],[139.35522,35.79344],[139.35492,35.79372],[139.354,35.79321],[139.35377,35.79335],[139.35355,35.79327],[139.35348,35.79321],[139.35349,35.79287],[139.35306,35.793],[139.35286,35.79345],[139.35271,35.7935],[139.35066,35.79327],[139.35026,35.79341],[139.34971,35.79491],[139.34857,35.79505],[139.34787,35.79525],[139.34763,35.79545],[139.34761,35.79602],[139.34726,35.79632],[139.34686,35.79641],[139.34671,35.79641],[139.34382,35.7948],[139.34335,35.7947],[139.34336,35.79419],[139.34288,35.79403],[139.34146,35.79439],[139.34022,35.79441],[139.3385,35.79459],[139.33825,35.79458],[139.33817,35.7944],[139.33786,35.79425],[139.33667,35.79377],[139.33545,35.79366],[139.33488,35.7937],[139.33397,35.79283],[139.33278,35.79189],[139.33253,35.79197],[139.33037,35.79362],[139.33036,35.79434],[139.32942,35.79447],[139.32659,35.7951],[139.32573,35.79521],[139.32517,35.79559],[139.32397,35.79687],[139.32225,35.7995],[139.32225,35.79961],[139.32262,35.80027],[139.32229,35.8009],[139.32147,35.80206],[139.32077,35.80344],[139.32042,35.80417],[139.32074,35.80421],[139.32162,35.80421],[139.32214,35.80414],[139.32256,35.80401],[139.32291,35.80383],[139.32316,35.80362],[139.32342,35.80326],[139.32335,35.80284],[139.3235,35.80238],[139.32373,35.80203],[139.32399,35.80186],[139.3247,35.80189],[139.32521,35.80169],[139.32544,35.80165],[139.32556,35.80169],[139.32567,35.80183],[139.32581,35.80191],[139.32613,35.80185],[139.32625,35.80186],[139.32639,35.80199],[139.32659,35.80233],[139.3267,35.80241],[139.32689,35.80244],[139.32726,35.80223],[139.32801,35.80141],[139.32841,35.80112],[139.32856,35.8011],[139.32877,35.80118],[139.3293,35.80181],[139.32938,35.80146],[139.32948,35.80125],[139.32986,35.80096],[139.33027,35.80079],[139.33104,35.80058],[139.33206,35.80044],[139.33233,35.80046],[139.33275,35.80072],[139.33302,35.80103],[139.33354,35.80181],[139.33376,35.80204],[139.33394,35.80214],[139.33409,35.80212],[139.33424,35.80201],[139.33434,35.80172],[139.33446,35.80161],[139.3348,35.80157],[139.33497,35.80163],[139.33512,35.80184],[139.33517,35.80234],[139.33526,35.80259],[139.33552,35.80291],[139.33608,35.80336],[139.3362,35.80356],[139.33627,35.80399],[139.33635,35.80416],[139.33651,35.80429],[139.33699,35.80445],[139.33718,35.80456],[139.3373,35.80471],[139.33737,35.80512],[139.33745,35.80525],[139.33771,35.80533],[139.33809,35.8053],[139.33828,35.80542],[139.33844,35.80586],[139.33846,35.80656],[139.33858,35.80707],[139.33872,35.80727],[139.33908,35.80743],[139.3392,35.80753],[139.33935,35.80808],[139.33997,35.80876],[139.34009,35.8091],[139.34007,35.80926],[139.33987,35.80945],[139.33915,35.80964],[139.33875,35.80982],[139.33854,35.80999],[139.33824,35.81039],[139.33798,35.81056],[139.33778,35.8106],[139.3374,35.81056],[139.3369,35.81029],[139.33679,35.81038],[139.33678,35.81075],[139.33689,35.81096],[139.33703,35.81103],[139.33733,35.81106],[139.3376,35.81115],[139.33813,35.81164],[139.33861,35.81186],[139.33879,35.81199],[139.33893,35.81222],[139.33904,35.81254],[139.33914,35.81348],[139.33909,35.81367],[139.33905,35.81373],[139.33887,35.81379],[139.33879,35.81393],[139.33881,35.8152],[139.33854,35.81579],[139.33822,35.81615],[139.33749,35.8167],[139.33712,35.81688],[139.33679,35.81697],[139.33652,35.81735],[139.33638,35.81745],[139.3362,35.81749],[139.33569,35.81743],[139.33543,35.81745],[139.3352,35.81752],[139.33475,35.8178],[139.33445,35.81792],[139.33409,35.81799],[139.33342,35.81802],[139.33301,35.81799],[139.33259,35.81791],[139.33227,35.81765],[139.33166,35.81742],[139.33099,35.81727],[139.33066,35.81728],[139.33045,35.81739],[139.33039,35.81748],[139.33036,35.81774],[139.33044,35.81823],[139.33071,35.8187],[139.33074,35.81886],[139.33062,35.81912],[139.33032,35.81935],[139.33004,35.81943],[139.32972,35.81944],[139.32859,35.81922],[139.32805,35.81922],[139.32768,35.81937],[139.32755,35.81949],[139.32736,35.8198],[139.32716,35.81991],[139.32667,35.82001],[139.32579,35.82002],[139.32521,35.82008],[139.32489,35.82024],[139.32478,35.82054],[139.32468,35.82061],[139.3242,35.82068],[139.32373,35.82064],[139.32351,35.82054],[139.32335,35.82038],[139.32327,35.82017],[139.32324,35.81988],[139.32334,35.81964],[139.32362,35.81929],[139.32373,35.81856],[139.32382,35.81829],[139.32408,35.81792],[139.32457,35.81746],[139.32478,35.81708],[139.32483,35.81681],[139.3248,35.81653],[139.32449,35.81614],[139.32411,35.8159],[139.32359,35.81567],[139.32314,35.81552],[139.32283,35.81549],[139.32266,35.81558],[139.3226,35.81587],[139.32245,35.81608],[139.32226,35.81615],[139.32166,35.81621],[139.32144,35.81631],[139.32117,35.81657],[139.32099,35.81661],[139.32085,35.81659],[139.32051,35.81635],[139.31988,35.81564],[139.31951,35.81542],[139.31912,35.81532],[139.31886,35.8152],[139.31865,35.81483],[139.31802,35.81448],[139.31785,35.81431],[139.31777,35.8141],[139.31783,35.81359],[139.31778,35.81329],[139.31766,35.81316],[139.31724,35.81298],[139.31711,35.81279],[139.3172,35.81258],[139.31748,35.81253],[139.31755,35.81248],[139.31754,35.81225],[139.31743,35.81209],[139.31715,35.81197],[139.31678,35.81191],[139.31675,35.81269],[139.31529,35.8139],[139.31502,35.81427],[139.31513,35.8159],[139.31505,35.81689],[139.31549,35.81744],[139.31592,35.81842],[139.3165,35.81936],[139.3165,35.8209],[139.31595,35.82246],[139.31596,35.82307],[139.31619,35.82352],[139.31616,35.82367],[139.31525,35.8244],[139.31514,35.82462],[139.31524,35.82499],[139.31492,35.82524],[139.31269,35.82546],[139.31214,35.82545],[139.31147,35.82528],[139.31073,35.82476],[139.30965,35.82436],[139.30701,35.82312],[139.30477,35.8224],[139.30498,35.82329],[139.30499,35.82372],[139.30486,35.82387],[139.30407,35.824],[139.30362,35.82431],[139.30314,35.82426],[139.30259,35.82405],[139.30244,35.82421],[139.30269,35.82483],[139.30269,35.82601],[139.30205,35.82723],[139.30199,35.82761],[139.30212,35.82815],[139.30205,35.82856],[139.30172,35.82903],[139.30139,35.82926],[139.30117,35.82969],[139.30176,35.83109],[139.30166,35.83186],[139.30123,35.83277],[139.30139,35.83354],[139.30139,35.83394],[139.30144,35.83403],[139.30163,35.83406],[139.30204,35.83398],[139.30208,35.83413],[139.30183,35.83451],[139.30117,35.83496],[139.30005,35.83516],[139.30007,35.83488],[139.29975,35.83478],[139.29918,35.83492],[139.29792,35.8354],[139.29662,35.83545],[139.29631,35.83514],[139.29596,35.83403],[139.29586,35.8339],[139.2956,35.83385],[139.29419,35.83516],[139.29343,35.83608],[139.29307,35.83618],[139.2924,35.837],[139.29147,35.83771],[139.29091,35.83796],[139.29029,35.83796],[139.28976,35.83786],[139.28807,35.83726],[139.28656,35.83707],[139.28603,35.83682],[139.28516,35.83602],[139.28494,35.83601],[139.28403,35.83635],[139.28288,35.83717],[139.28255,35.83765],[139.28185,35.83952],[139.28168,35.83976],[139.28117,35.84036],[139.28026,35.84069],[139.28011,35.84019],[139.28,35.83931],[139.27992,35.83925],[139.27841,35.8396],[139.27738,35.83958],[139.27662,35.8394],[139.2763,35.8394],[139.27459,35.83959],[139.27152,35.83968],[139.27118,35.83957],[139.27006,35.83898],[139.26913,35.83869],[139.26889,35.83847],[139.26824,35.83824],[139.26764,35.83815],[139.26664,35.83821],[139.26555,35.83751],[139.26434,35.83741],[139.26366,35.83742],[139.26312,35.83731],[139.26142,35.83667],[139.26043,35.83599],[139.26008,35.83612],[139.25909,35.83628],[139.25889,35.83639],[139.25883,35.83658],[139.2589,35.83695],[139.2588,35.83727],[139.25786,35.83709],[139.25738,35.83718],[139.25669,35.83707],[139.25653,35.8371],[139.25658,35.8377],[139.25642,35.83777],[139.25582,35.83781],[139.25467,35.83808],[139.25388,35.83805],[139.25226,35.83825],[139.25177,35.83808],[139.25137,35.83769],[139.25113,35.83756],[139.2504,35.83754],[139.24991,35.83744],[139.24956,35.83745],[139.24884,35.83762],[139.24838,35.83757],[139.24762,35.83738],[139.24681,35.83689],[139.24583,35.83701],[139.24552,35.83699],[139.24424,35.83674],[139.24366,35.83683],[139.24308,35.8366],[139.24278,35.8366],[139.24253,35.83679],[139.24171,35.8382],[139.24143,35.83914],[139.24141,35.83969],[139.24123,35.84004],[139.24096,35.84015],[139.23904,35.84052],[139.23821,35.84031],[139.23702,35.84015],[139.23661,35.83946],[139.23536,35.83805],[139.2349,35.83787],[139.2347,35.83789],[139.23423,35.83813],[139.23396,35.83774],[139.23281,35.83675],[139.23223,35.8366],[139.23127,35.83664],[139.23111,35.83672],[139.23066,35.83674],[139.23005,35.83691],[139.22958,35.83719],[139.22923,35.83766],[139.22878,35.83784],[139.22804,35.83833],[139.22784,35.83854],[139.22774,35.83905],[139.22765,35.83912],[139.22666,35.83945],[139.22624,35.83974],[139.22455,35.8405],[139.22362,35.84052],[139.22319,35.84074],[139.22257,35.84063],[139.22198,35.8407],[139.22018,35.8413],[139.21976,35.84205],[139.21933,35.84252],[139.21907,35.84263],[139.21822,35.84274],[139.21755,35.84353],[139.21674,35.844],[139.21584,35.84431],[139.21567,35.84447],[139.21564,35.84499],[139.21523,35.84535],[139.21492,35.84578],[139.21478,35.84581],[139.21427,35.8455],[139.21394,35.84544],[139.21369,35.84553],[139.21288,35.8459],[139.21281,35.84599],[139.21279,35.84651],[139.21265,35.84661],[139.21171,35.84656],[139.21086,35.84627],[139.20987,35.84618],[139.20907,35.84636],[139.20827,35.84632],[139.20761,35.84644],[139.20633,35.84591],[139.20544,35.84523],[139.20494,35.84466],[139.2048,35.84303],[139.20386,35.84204],[139.2037,35.84149],[139.20344,35.8413],[139.20314,35.8412],[139.20167,35.84105],[139.20031,35.84122],[139.19947,35.84125],[139.19825,35.8411],[139.19791,35.84099],[139.19733,35.84052],[139.19682,35.84025],[139.19581,35.84005],[139.19407,35.84012],[139.19319,35.84029],[139.19282,35.84022],[139.19244,35.84027],[139.19038,35.84114],[139.18928,35.84137],[139.18884,35.84187],[139.18837,35.84204],[139.18773,35.84211],[139.18748,35.84223],[139.18707,35.84271],[139.18676,35.84292],[139.18649,35.84297],[139.18608,35.84288],[139.18416,35.84279],[139.18384,35.84341],[139.18363,35.84357],[139.1823,35.84365],[139.18183,35.84379],[139.18135,35.84454],[139.18107,35.84477],[139.18089,35.84484],[139.18026,35.84489],[139.17948,35.84555],[139.17873,35.84584],[139.17753,35.8465],[139.17628,35.84685],[139.17544,35.8472],[139.17436,35.84831],[139.17365,35.84839],[139.17321,35.84865],[139.17251,35.8485],[139.17111,35.84861],[139.16975,35.8494],[139.16909,35.84998],[139.16875,35.85004],[139.16787,35.84987],[139.16617,35.84997],[139.16503,35.85026],[139.16424,35.85073],[139.16325,35.85097],[139.16215,35.85211],[139.16149,35.8533],[139.16114,35.85443],[139.16,35.85564],[139.15973,35.8561],[139.1594,35.85707],[139.15859,35.85747],[139.15725,35.85778],[139.15553,35.85848],[139.15512,35.85857],[139.15427,35.8591],[139.1533,35.85932],[139.15283,35.85955],[139.15244,35.85989],[139.15149,35.86049],[139.15028,35.86094],[139.14977,35.86124],[139.14845,35.86229],[139.14754,35.86271],[139.14612,35.8629],[139.14436,35.86286],[139.14372,35.86317],[139.14307,35.86339],[139.14176,35.86326],[139.14119,35.86342],[139.14037,35.86378],[139.13979,35.86378],[139.13918,35.86392],[139.13818,35.86437],[139.13649,35.8649],[139.13571,35.86532],[139.13536,35.86539],[139.134,35.86505],[139.13319,35.86458],[139.13248,35.86444],[139.13189,35.86443],[139.13124,35.86447],[139.1307,35.86473],[139.13032,35.86506],[139.1292,35.86556],[139.12781,35.86555],[139.12742,35.86564],[139.12681,35.86531],[139.12608,35.86504],[139.12566,35.86505],[139.12416,35.86486],[139.12316,35.86507],[139.12182,35.86493],[139.12024,35.86442],[139.11927,35.86429],[139.11825,35.8645],[139.11735,35.86459],[139.11577,35.86447],[139.11499,35.86489],[139.11445,35.86537],[139.11363,35.86525],[139.11173,35.86468],[139.10967,35.86571],[139.10819,35.86566],[139.10698,35.86575],[139.10613,35.86592],[139.10535,35.8663],[139.10393,35.86638],[139.10268,35.86658],[139.10207,35.86639],[139.10137,35.86569],[139.10028,35.86719],[139.09949,35.86791],[139.09924,35.86855],[139.09909,35.86867],[139.09785,35.86887],[139.09606,35.86938],[139.0945,35.86951],[139.09339,35.86928],[139.09284,35.86929],[139.09166,35.86903],[139.09086,35.86968],[139.09026,35.87006],[139.08923,35.87103],[139.08588,35.87281],[139.08399,35.87343],[139.08331,35.87396],[139.08254,35.87487],[139.08134,35.875],[139.07997,35.87532],[139.07867,35.87539],[139.07776,35.87534],[139.07655,35.87502],[139.07611,35.87483],[139.07514,35.87429],[139.07427,35.87328],[139.07293,35.87217],[139.07255,35.87172],[139.07224,35.8716],[139.07007,35.87158],[139.06919,35.87194],[139.06706,35.8724],[139.06658,35.87257],[139.0662,35.8728],[139.06582,35.87283],[139.06506,35.87273],[139.06457,35.87285],[139.06419,35.87308],[139.06345,35.87328],[139.06163,35.87363],[139.05998,35.87473],[139.05931,35.8749],[139.0582,35.87718],[139.05797,35.87744],[139.05706,35.87756],[139.05539,35.87748],[139.0524,35.87819],[139.05117,35.87825],[139.04984,35.87883],[139.0489,35.8802],[139.04866,35.88075],[139.04833,35.88121],[139.04729,35.8815],[139.04575,35.88343],[139.04526,35.88367],[139.04444,35.88382],[139.0435,35.88473],[139.04311,35.88538],[139.04287,35.8856],[139.04176,35.88608],[139.04079,35.88616],[139.04035,35.88631],[139.03972,35.88681],[139.03932,35.88702],[139.03817,35.88858],[139.03742,35.88922],[139.03528,35.89013],[139.03498,35.8904],[139.03404,35.89093],[139.03253,35.89161],[139.03072,35.89223],[139.02933,35.89291],[139.02624,35.89509],[139.02545,35.89553],[139.02497,35.89599],[139.02401,35.89729],[139.02356,35.89736],[139.02176,35.89712],[139.02089,35.89716],[139.02035,35.89736],[139.01941,35.89813],[139.0188,35.89838],[139.0184,35.89842],[139.01572,35.89818],[139.01338,35.89826],[139.01288,35.89812],[139.01158,35.89748],[139.01055,35.8971],[139.01032,35.89717],[139.00953,35.89639],[139.0087,35.89538],[139.00752,35.89447],[139.00681,35.89364],[139.00665,35.89286],[139.00654,35.891],[139.00666,35.88962],[139.00568,35.88824],[139.00496,35.88738],[139.00354,35.88669],[139.00289,35.88622],[139.00093,35.88401],[138.999,35.88425],[138.99712,35.88415],[138.99684,35.88437],[138.9966,35.88443],[138.99588,35.88445],[138.99521,35.88414],[138.99492,35.88378],[138.99473,35.88334],[138.99458,35.88326],[138.99327,35.88309],[138.99227,35.88251],[138.99137,35.88215],[138.98987,35.88168],[138.98875,35.88115],[138.98809,35.88115],[138.98685,35.88136],[138.98556,35.88117],[138.98526,35.88118],[138.98427,35.88181],[138.98367,35.88256],[138.98306,35.88299],[138.981,35.88397],[138.98029,35.88447],[138.97947,35.8849],[138.97921,35.885],[138.97893,35.88501],[138.97783,35.8845],[138.97759,35.88429],[138.97678,35.88396],[138.97636,35.88355],[138.9759,35.88324],[138.97441,35.88281],[138.97303,35.88212],[138.97249,35.88198],[138.97044,35.88199],[138.96802,35.88221],[138.96784,35.88215],[138.96758,35.88203],[138.96741,35.88182],[138.9667,35.88064],[138.96674,35.87964],[138.96666,35.87937],[138.96622,35.87876],[138.9652,35.87779],[138.96468,35.87754],[138.96372,35.87737],[138.96284,35.87695],[138.96229,35.87677],[138.96132,35.87687],[138.96008,35.87678],[138.95894,35.87649],[138.95821,35.87621],[138.95697,35.87597],[138.95619,35.87556],[138.95523,35.8753],[138.95446,35.87491],[138.95439,35.87418],[138.95424,35.87387],[138.95387,35.87363],[138.95226,35.87216],[138.95112,35.87098],[138.95068,35.87028],[138.94993,35.86949],[138.94964,35.86936],[138.94926,35.86902],[138.94909,35.86897],[138.94867,35.86898],[138.94823,35.86881],[138.94712,35.8688],[138.94637,35.86868],[138.94544,35.86827],[138.94514,35.86793],[138.94533,35.86704],[138.94588,35.86637],[138.946,35.86532],[138.94635,35.86491],[138.94658,35.86447],[138.94621,35.86398],[138.94489,35.86275],[138.94447,35.86179],[138.94407,35.86132],[138.9439,35.86086],[138.94327,35.86062],[138.94287,35.86016],[138.94311,35.85958],[138.94303,35.8591],[138.94322,35.85819],[138.94302,35.8572],[138.94337,35.85644],[138.94375,35.856],[138.94393,35.85482],[138.9434,35.85426],[138.94277,35.85376],[138.94062,35.85297],[138.93989,35.8529],[138.9384,35.85245],[138.93751,35.85233],[138.93625,35.85158],[138.93515,35.85102],[138.93423,35.85105],[138.9336,35.85118],[138.93218,35.85127],[138.93182,35.85097],[138.93125,35.85003],[138.93099,35.84991],[138.92831,35.84936],[138.92663,35.84892],[138.92638,35.84892],[138.92374,35.85033],[138.92262,35.85069],[138.92167,35.85053],[138.92115,35.85053],[138.92069,35.85099],[138.92032,35.85122],[138.9198,35.85129],[138.9183,35.85128],[138.91764,35.85142],[138.91647,35.85183],[138.91539,35.8524],[138.91486,35.85254],[138.91418,35.85263],[138.91352,35.85241],[138.91312,35.85235],[138.9122,35.85291],[138.91202,35.85293],[138.91095,35.85273],[138.91012,35.85214],[138.90905,35.85068],[138.90797,35.85038],[138.90695,35.84984],[138.90663,35.84974],[138.906,35.84917],[138.90498,35.84859],[138.90443,35.84844],[138.90353,35.84858],[138.90297,35.84845],[138.90125,35.84727],[138.90056,35.84715],[138.89937,35.8468],[138.8983,35.84621],[138.89693,35.84489],[138.89687,35.84383],[138.89671,35.84345],[138.89609,35.8428],[138.89517,35.8416],[138.89457,35.84108],[138.89441,35.84079],[138.89322,35.83997],[138.89261,35.83978],[138.89222,35.83978],[138.89199,35.83991],[138.89106,35.84145],[138.89044,35.84223],[138.88976,35.84251],[138.88878,35.84313],[138.88822,35.84414],[138.88773,35.84452],[138.88665,35.84609],[138.88565,35.84713],[138.88512,35.84728],[138.88412,35.84735],[138.88262,35.84723],[138.8818,35.84745],[138.8805,35.84698],[138.87998,35.84687],[138.8797,35.84692],[138.87881,35.84737],[138.87812,35.84761],[138.87769,35.84787],[138.8774,35.84822],[138.87716,35.84911],[138.87545,35.85015],[138.8746,35.85096],[138.87422,35.85144],[138.87344,35.8527],[138.87238,35.85484],[138.87212,35.85495],[138.87177,35.85495],[138.87121,35.85527],[138.87024,35.85624],[138.86978,35.85692],[138.86943,35.85725],[138.86843,35.85743],[138.86771,35.85765],[138.86751,35.8578],[138.86657,35.85818],[138.86555,35.85868],[138.86512,35.85925],[138.86244,35.85871],[138.86221,35.85861],[138.86155,35.85809],[138.86069,35.85767],[138.86006,35.85761],[138.85939,35.85742],[138.85907,35.85744],[138.85881,35.85757],[138.85857,35.85816],[138.8584,35.8583],[138.85804,35.85829],[138.85778,35.85841],[138.8574,35.859],[138.85735,35.85956],[138.85686,35.86005],[138.85686,35.86026],[138.85711,35.86091],[138.85701,35.86225],[138.85705,35.86261],[138.8568,35.86336],[138.85663,35.86462],[138.8559,35.86509],[138.85387,35.8652],[138.85339,35.86529],[138.85267,35.8656],[138.85192,35.86562],[138.85073,35.86581],[138.85025,35.86611],[138.84983,35.86663],[138.84931,35.86673],[138.84899,35.8667],[138.84835,35.86683],[138.84695,35.8669],[138.84545,35.86739],[138.84474,35.86667],[138.84471,35.86637],[138.84172,35.86491],[138.8391,35.86429],[138.83849,35.86435],[138.8381,35.8643],[138.83676,35.86353],[138.83611,35.86339],[138.83518,35.86274],[138.83498,35.86252],[138.83445,35.86228],[138.83405,35.86231],[138.83312,35.86219],[138.83243,35.86225],[138.83172,35.86291],[138.8314,35.86299],[138.83098,35.8629],[138.83075,35.86302],[138.83063,35.86326],[138.83053,35.86473],[138.83,35.86518],[138.82936,35.86548],[138.8285,35.86574],[138.82783,35.86579],[138.82742,35.86577],[138.82683,35.86551],[138.82601,35.86529],[138.82505,35.86561],[138.8245,35.86562],[138.82309,35.86501],[138.82191,35.86459],[138.82089,35.86502],[138.81968,35.86523],[138.81937,35.8652],[138.81876,35.86501],[138.81777,35.86458],[138.81507,35.86297],[138.81469,35.86226],[138.81402,35.86242],[138.8136,35.86237],[138.81326,35.86274],[138.8129,35.86354],[138.81211,35.86415],[138.81181,35.86459],[138.81115,35.86486],[138.81091,35.86546],[138.81018,35.86621],[138.81008,35.86647],[138.81008,35.86692],[138.8099,35.86734],[138.80935,35.86791],[138.80876,35.86897],[138.80895,35.86932],[138.80882,35.86972],[138.8084,35.87002],[138.80738,35.86996],[138.80585,35.86964],[138.80449,35.86976],[138.8026,35.87036],[138.80193,35.87043],[138.80139,35.87063],[138.80003,35.87137],[138.79958,35.87152],[138.79843,35.87172],[138.79697,35.87213],[138.79487,35.87342],[138.79326,35.87499],[138.792,35.87545],[138.79178,35.87618],[138.79187,35.87753],[138.79174,35.8779],[138.79187,35.87849],[138.79179,35.87978],[138.79223,35.88036],[138.79254,35.88158],[138.79279,35.88193],[138.79194,35.88264],[138.7918,35.88302],[138.79174,35.88365],[138.79156,35.884],[138.79151,35.88504],[138.79173,35.8868],[138.79134,35.88832],[138.7913,35.8896],[138.79112,35.89081],[138.79094,35.891],[138.79062,35.89188],[138.79043,35.89212],[138.78994,35.89246],[138.78912,35.89324],[138.78814,35.89388],[138.78707,35.89443],[138.78627,35.89496],[138.78533,35.89528],[138.78443,35.89596],[138.7828,35.89665],[138.78198,35.89709],[138.7815,35.89781],[138.78132,35.89888],[138.77935,35.89991],[138.77716,35.90042],[138.77548,35.90017],[138.77363,35.90046],[138.77115,35.90055],[138.77058,35.90042],[138.76976,35.90011],[138.76859,35.89997],[138.76772,35.89954],[138.76683,35.89927],[138.76567,35.89911],[138.76491,35.89958],[138.76454,35.89966],[138.76316,35.90019],[138.7624,35.90032],[138.76055,35.9013],[138.75925,35.90168],[138.75829,35.90241],[138.75771,35.9026],[138.75651,35.90273],[138.75357,35.90287],[138.7515,35.90232],[138.74975,35.90174],[138.74911,35.90161],[138.74833,35.90207],[138.74686,35.90267],[138.7465,35.90298],[138.74562,35.90308],[138.74517,35.90333],[138.74395,35.90375],[138.74331,35.90387],[138.74029,35.90547],[138.73947,35.90577],[138.73886,35.90589],[138.73789,35.90585],[138.73739,35.9057],[138.73715,35.9055],[138.73653,35.90468],[138.73608,35.90431],[138.73464,35.90397],[138.73371,35.90424],[138.73294,35.90473],[138.73178,35.90605],[138.73066,35.90708],[138.72945,35.90851],[138.72913,35.909],[138.72889,35.90973],[138.72926,35.9127],[138.72946,35.91313],[138.73027,35.91396],[138.73062,35.91463],[138.73065,35.91488],[138.73053,35.9154],[138.73013,35.91634],[138.72911,35.91723],[138.72829,35.91759],[138.72811,35.91783],[138.72912,35.9178],[138.7295,35.91789],[138.73232,35.91947],[138.73272,35.92078],[138.73378,35.92317],[138.73416,35.92341],[138.73521,35.92378],[138.73561,35.92438],[138.73612,35.92491],[138.7361,35.92575],[138.73628,35.92638],[138.73677,35.92675],[138.73707,35.92683],[138.73763,35.92729],[138.73751,35.92774],[138.73758,35.92804],[138.73851,35.92902],[138.73827,35.92984],[138.73895,35.93129],[138.73917,35.93326],[138.73819,35.93455],[138.73793,35.93512],[138.73746,35.93579],[138.73744,35.93628],[138.73755,35.93689],[138.73846,35.93759],[138.73864,35.93794],[138.73875,35.93854],[138.73915,35.93891],[138.73925,35.93911],[138.73757,35.94055],[138.73718,35.94079],[138.73651,35.94106],[138.73602,35.94142],[138.73473,35.94298],[138.73368,35.94344],[138.73316,35.94381],[138.73279,35.94425],[138.73114,35.94515],[138.73107,35.9457],[138.73137,35.94632],[138.73143,35.94739],[138.73107,35.94826],[138.73049,35.9492],[138.73047,35.9503],[138.72999,35.95077],[138.72905,35.9513],[138.72818,35.95426],[138.7275,35.95522],[138.72726,35.95534],[138.72693,35.95606],[138.72676,35.95671],[138.72591,35.95719],[138.7256,35.95761],[138.72538,35.95776],[138.72483,35.95786],[138.72412,35.95816],[138.72375,35.95805],[138.72337,35.95804],[138.72291,35.95848],[138.72259,35.9585],[138.72227,35.95868],[138.72137,35.95887],[138.72104,35.95909],[138.7209,35.95957],[138.72039,35.96055],[138.72013,35.96071],[138.71972,35.96119],[138.71959,35.96164],[138.71969,35.96228],[138.71948,35.96289],[138.71842,35.96362],[138.718,35.96382],[138.7172,35.96403],[138.71661,35.9641],[138.71614,35.9643],[138.71418,35.96552],[138.71399,35.96637],[138.71293,35.96773],[138.71251,35.96901],[138.71238,35.96927],[138.71216,35.96948],[138.71185,35.97032],[138.71179,35.97098],[138.71145,35.97128],[138.71136,35.97245],[138.71142,35.97277],[138.71195,35.97334],[138.7122,35.97375],[138.71242,35.97485],[138.7124,35.97501],[138.71189,35.97561],[138.71183,35.97655],[138.71192,35.97797],[138.71202,35.97828],[138.71191,35.97917],[138.71248,35.97981],[138.71269,35.98042],[138.71265,35.98208],[138.71274,35.98264],[138.71297,35.98308],[138.71321,35.98402],[138.71319,35.98434],[138.71296,35.98496],[138.71255,35.98533],[138.71345,35.9859],[138.71386,35.98603],[138.71457,35.98688],[138.71448,35.9891],[138.7157,35.9916],[138.71599,35.99201],[138.71681,35.9929],[138.71737,35.99316],[138.71954,35.99378],[138.72059,35.99376],[138.72118,35.99385],[138.72216,35.99385],[138.72239,35.99393],[138.72279,35.99446],[138.72348,35.99448],[138.72409,35.99465],[138.72473,35.99468],[138.72542,35.99443],[138.72607,35.99448],[138.72754,35.99546],[138.72776,35.99571],[138.72769,35.9965],[138.7287,35.99695],[138.72979,35.99803],[138.72992,35.9981],[138.73159,35.9982],[138.73217,35.99833],[138.73324,35.99936],[138.7337,35.99959],[138.73404,35.99987],[138.7357,36.00162],[138.7358,36.0019],[138.73577,36.0029],[138.73592,36.00317],[138.73701,36.00388],[138.73737,36.0043],[138.73674,36.00535],[138.73651,36.00594],[138.73654,36.00632],[138.73691,36.00658],[138.73724,36.0067],[138.73777,36.00673],[138.73864,36.00728],[138.74022,36.00785],[138.74084,36.00863],[138.74144,36.00883],[138.74184,36.00885],[138.74214,36.00894],[138.74289,36.00986],[138.74315,36.01002],[138.74377,36.0101],[138.74398,36.01113],[138.74437,36.01209],[138.74452,36.01325],[138.74476,36.01368],[138.74552,36.01395],[138.74706,36.01477],[138.74727,36.0152],[138.74887,36.01633],[138.74918,36.01672],[138.74906,36.01753],[138.74849,36.01863],[138.7485,36.01889],[138.74872,36.01934],[138.74937,36.01979],[138.74965,36.02033],[138.74964,36.02064],[138.74941,36.0211],[138.74941,36.02209],[138.75021,36.02335],[138.75065,36.02381],[138.75067,36.02413],[138.7505,36.02458],[138.75066,36.02505],[138.75169,36.0256],[138.75277,36.02639],[138.7529,36.02659],[138.75308,36.02755],[138.75358,36.02838],[138.753,36.02887],[138.75285,36.02909],[138.75281,36.02952],[138.75295,36.0305],[138.75397,36.03384],[138.75415,36.03425],[138.75441,36.03453],[138.75702,36.03452],[138.7598,36.03485],[138.76013,36.03504],[138.76065,36.03559],[138.76107,36.03582],[138.76154,36.03596],[138.76214,36.03604],[138.76299,36.0364],[138.76418,36.03667],[138.76463,36.03692],[138.76551,36.03764],[138.76608,36.03765],[138.76751,36.03836],[138.76906,36.0388],[138.76931,36.03879],[138.77002,36.03836],[138.77043,36.03826],[138.77091,36.03834],[138.77227,36.03874],[138.77295,36.03882],[138.77355,36.03879],[138.77407,36.03865],[138.77496,36.03823],[138.77548,36.03768],[138.77621,36.03721],[138.77641,36.03714],[138.77781,36.03722],[138.77996,36.03685],[138.78039,36.03695],[138.78056,36.0369],[138.78074,36.03663],[138.78118,36.03529],[138.78181,36.03429],[138.78208,36.03408],[138.78345,36.03353],[138.78369,36.03351],[138.78446,36.03365],[138.78498,36.03354],[138.78535,36.03332],[138.78622,36.03311],[138.78667,36.03314],[138.78696,36.03247],[138.78763,36.03184],[138.78781,36.03124],[138.78787,36.03052],[138.78894,36.03004],[138.78979,36.02993],[138.79098,36.0294],[138.79123,36.02946],[138.79188,36.02994],[138.79275,36.03013],[138.79481,36.03031],[138.79501,36.03038],[138.79587,36.03111],[138.79652,36.03112],[138.79695,36.031],[138.79711,36.03102],[138.79755,36.03128],[138.79885,36.03173],[138.7996,36.0321],[138.80089,36.03222],[138.80168,36.0327],[138.8021,36.03334],[138.80257,36.03354],[138.80408,36.03357],[138.80477,36.03349],[138.80576,36.03405],[138.80607,36.03412],[138.80658,36.03407],[138.80771,36.03353],[138.80817,36.0332],[138.80868,36.03305],[138.80933,36.03317],[138.80994,36.03342],[138.81057,36.03352],[138.8112,36.03352],[138.81205,36.03362],[138.81277,36.03347],[138.81358,36.03349],[138.81407,36.03368],[138.81465,36.03425],[138.81501,36.03449],[138.81568,36.03538],[138.8158,36.03543],[138.81711,36.03549],[138.81813,36.03562],[138.81934,36.03606],[138.82073,36.03631],[138.8216,36.03674],[138.82196,36.0367],[138.82276,36.03637],[138.82321,36.03639],[138.82399,36.03672],[138.82478,36.03684],[138.82571,36.03746],[138.82813,36.03735],[138.82839,36.0373],[138.82869,36.03819],[138.82896,36.0387],[138.82899,36.04039],[138.82912,36.04162],[138.8293,36.04194],[138.83011,36.0426],[138.83051,36.04327],[138.83112,36.04374],[138.83151,36.04424],[138.8318,36.04478],[138.83209,36.04604],[138.83248,36.04672],[138.83245,36.0468],[138.83214,36.04695],[138.832,36.04716],[138.83202,36.04754],[138.83219,36.04773],[138.83334,36.04813],[138.83382,36.04842],[138.83417,36.04889],[138.83438,36.04935],[138.83463,36.05018],[138.83494,36.05015],[138.8361,36.04959],[138.83727,36.04976],[138.83761,36.04995],[138.83897,36.0512],[138.83945,36.05232],[138.84026,36.05364],[138.84091,36.05451],[138.8419,36.05507],[138.84222,36.05544],[138.84294,36.05596],[138.84336,36.05706],[138.84372,36.05764],[138.8437,36.05896],[138.84386,36.05949],[138.84414,36.05986],[138.84479,36.06037],[138.84526,36.06112],[138.84533,36.0617],[138.84504,36.06197],[138.84499,36.06231],[138.84537,36.06339],[138.84555,36.06507],[138.84585,36.06632],[138.84604,36.06663],[138.84731,36.06716],[138.84858,36.06729],[138.8489,36.06739],[138.84932,36.0677],[138.85076,36.06926],[138.85259,36.06909],[138.85358,36.06913],[138.85471,36.06851],[138.85529,36.0686],[138.85596,36.06884],[138.85751,36.06924],[138.85918,36.06992],[138.85965,36.07025],[138.86015,36.07079],[138.86134,36.07128],[138.86175,36.07169],[138.8619,36.0722],[138.86191,36.07286],[138.86207,36.07321],[138.86368,36.07451],[138.86399,36.07489],[138.86399,36.07528],[138.86426,36.07571],[138.86404,36.0762],[138.86416,36.07683],[138.86433,36.07709],[138.86481,36.07735],[138.8651,36.07748],[138.86589,36.07756],[138.86741,36.078],[138.86779,36.07868],[138.868,36.07879],[138.86971,36.07904],[138.87025,36.07917],[138.87046,36.0793],[138.87184,36.07939],[138.87237,36.08016],[138.87342,36.08083],[138.87613,36.08204],[138.87778,36.08258],[138.87856,36.08274],[138.88023,36.08327],[138.88159,36.08353],[138.88272,36.08369],[138.88485,36.08354],[138.8852,36.08381],[138.88577,36.08408],[138.88671,36.08418],[138.88764,36.08474],[138.88857,36.08558],[138.88961,36.0862],[138.88977,36.08656],[138.89052,36.08677],[138.89152,36.08756],[138.89238,36.08783],[138.89378,36.08754],[138.89484,36.08752],[138.89608,36.08847],[138.89697,36.08939],[138.89747,36.08971],[138.89768,36.08998],[138.89773,36.09043],[138.89786,36.09065],[138.89881,36.09084],[138.89978,36.09088],[138.90038,36.09071],[138.90089,36.09069],[138.90131,36.09082],[138.90219,36.0915],[138.90246,36.09162],[138.90369,36.09154],[138.90481,36.09166],[138.9059,36.09189],[138.90644,36.09188],[138.90777,36.09205],[138.90817,36.09194],[138.90951,36.09109],[138.91038,36.09078],[138.91074,36.09075],[138.91123,36.09088],[138.91219,36.09137],[138.9135,36.09185],[138.91418,36.09271],[138.9153,36.09315],[138.91631,36.09375],[138.91746,36.0931],[138.91837,36.09291],[138.91945,36.09246],[138.92094,36.09143],[138.92272,36.0909],[138.92322,36.09085],[138.92432,36.0909],[138.92483,36.09076],[138.92519,36.09054],[138.92549,36.09015],[138.92585,36.08933],[138.92675,36.08917],[138.92837,36.0892],[138.92907,36.08869],[138.93108,36.08812],[138.93149,36.0881],[138.93419,36.09045],[138.93459,36.09063],[138.93544,36.09086],[138.93727,36.09183],[138.93786,36.09276],[138.9381,36.09289],[138.93956,36.09309],[138.94137,36.09381],[138.94224,36.09407],[138.94328,36.09414],[138.94507,36.0946],[138.94523,36.09476],[138.94576,36.09579],[138.94638,36.09656],[138.94698,36.09682],[138.94727,36.09724],[138.94776,36.09761],[138.94851,36.09845],[138.94872,36.09859],[138.94987,36.09901],[138.95014,36.09917],[138.95033,36.0994],[138.95047,36.09984],[138.95036,36.10011],[138.95029,36.10084],[138.95065,36.10203],[138.95112,36.10268],[138.952,36.10338],[138.95313,36.10387],[138.95437,36.10462],[138.95476,36.10535],[138.95499,36.1056],[138.95554,36.10574],[138.95655,36.1057],[138.95672,36.10643],[138.95688,36.10674],[138.95733,36.10729],[138.95779,36.10748],[138.95791,36.10764],[138.95779,36.10891],[138.95803,36.10962],[138.95801,36.10989],[138.95718,36.11056],[138.95643,36.11145],[138.95626,36.11215],[138.95647,36.11288],[138.9566,36.11465],[138.95686,36.11541],[138.95701,36.11642],[138.95695,36.11667],[138.95718,36.11749],[138.9572,36.11787],[138.95728,36.11808],[138.95761,36.11845],[138.95819,36.11874],[138.95836,36.1199],[138.95866,36.12059],[138.95874,36.12114],[138.95856,36.12188],[138.95862,36.12245],[138.95826,36.12328],[138.95845,36.12409],[138.95865,36.12416],[138.95962,36.12399],[138.95989,36.12407],[138.9605,36.1243],[138.96124,36.12471],[138.96219,36.12542],[138.96329,36.12576],[138.96424,36.1259],[138.96486,36.12582],[138.96514,36.12566],[138.9661,36.12475],[138.96695,36.12431],[138.96792,36.12425],[138.96904,36.12446],[138.96946,36.1245],[138.96973,36.12445],[138.97001,36.12424],[138.97076,36.12318],[138.97118,36.12284],[138.97215,36.12222],[138.97307,36.12184],[138.97378,36.12131],[138.97404,36.1209],[138.97388,36.12014],[138.97391,36.11988],[138.97409,36.1196],[138.97425,36.1194],[138.97562,36.11842],[138.97649,36.11721],[138.9776,36.11643],[138.97839,36.11609],[138.97905,36.116],[138.97984,36.11623],[138.98122,36.11702],[138.98177,36.11708],[138.98237,36.11688],[138.98438,36.11563],[138.98533,36.11549],[138.98569,36.11557],[138.98618,36.11606],[138.98659,36.1165],[138.98717,36.11747],[138.98756,36.11764],[138.98883,36.11766],[138.9893,36.11792],[138.98969,36.11861],[138.98971,36.11924],[138.99057,36.12035],[138.9911,36.12182],[138.99304,36.12446],[138.99354,36.12488],[138.99461,36.12532],[138.99525,36.12547],[138.99683,36.12567],[139.00001,36.1251],[139.00096,36.12498],[139.00139,36.12503],[139.00196,36.12533],[139.00469,36.12781],[139.00643,36.12924],[139.00673,36.12955],[139.00679,36.12975],[139.00675,36.13002],[139.00656,36.13023],[139.00577,36.13071],[139.00486,36.13114],[139.00405,36.13169],[139.00375,36.13213],[139.00378,36.13236],[139.00403,36.1327],[139.00486,36.13341],[139.00533,36.13347],[139.00659,36.13323],[139.00874,36.1323],[139.00953,36.13207],[139.01017,36.132],[139.01073,36.13205],[139.01108,36.13218],[139.01353,36.13322],[139.01508,36.13401],[139.01541,36.13411],[139.01562,36.13407],[139.01585,36.13379],[139.01611,36.1334],[139.01636,36.13269],[139.01673,36.13229],[139.01907,36.13117],[139.01986,36.13105],[139.02053,36.13113],[139.02109,36.13133],[139.02158,36.13164],[139.02241,36.13225],[139.02376,36.1339],[139.02471,36.1341],[139.02548,36.13389],[139.02608,36.13357],[139.02645,36.13327],[139.02658,36.13297],[139.02638,36.13202],[139.02575,36.13083],[139.02574,36.13055],[139.02605,36.13015],[139.02696,36.12992],[139.02805,36.12999],[139.02853,36.12996],[139.02907,36.12966],[139.0312,36.12773],[139.03229,36.12719],[139.0333,36.12685],[139.03683,36.12619],[139.03788,36.12645],[139.04024,36.1272],[139.04126,36.12762],[139.04201,36.12805],[139.0424,36.12846],[139.04256,36.12874],[139.0432,36.13092],[139.04321,36.1312],[139.04303,36.13168],[139.04275,36.13209],[139.04175,36.13309],[139.04124,36.13441],[139.04101,36.13554],[139.04103,36.13598],[139.04122,36.13688],[139.04168,36.13752],[139.04171,36.1379],[139.04169,36.13832],[139.04152,36.13892],[139.04114,36.13933],[139.0411,36.13956],[139.04128,36.14018],[139.04128,36.14087],[139.04176,36.14258],[139.04198,36.14467],[139.04228,36.14565],[139.04272,36.14803],[139.04301,36.1483],[139.044,36.14833],[139.04549,36.14855],[139.04647,36.14885],[139.04677,36.14901],[139.04717,36.14933],[139.04733,36.1496],[139.0474,36.14997],[139.0471,36.15108],[139.04718,36.15156],[139.04745,36.1519],[139.04818,36.15229],[139.04902,36.15243],[139.05034,36.15243],[139.05121,36.15231],[139.05603,36.15259],[139.06056,36.15226],[139.06116,36.15231],[139.06175,36.15252],[139.06216,36.15294],[139.06213,36.15348],[139.06173,36.1544],[139.06146,36.1548],[139.06138,36.15512],[139.06142,36.15548],[139.06183,36.15671],[139.06214,36.15725],[139.06268,36.15789],[139.06345,36.15837],[139.06364,36.15857],[139.06376,36.15885],[139.06376,36.15908],[139.06365,36.15958],[139.06298,36.16129],[139.06277,36.16167],[139.06257,36.16181],[139.06208,36.16251],[139.06103,36.16325],[139.05872,36.16428],[139.05843,36.16454],[139.05833,36.16474],[139.05836,36.16518],[139.05853,36.1653],[139.05926,36.16546],[139.05938,36.16565],[139.05941,36.16646],[139.05926,36.16669],[139.0584,36.16703],[139.05828,36.16715],[139.05823,36.16727],[139.05843,36.16819],[139.05835,36.16867],[139.05828,36.16886],[139.05785,36.16909],[139.05766,36.16928],[139.05747,36.16982],[139.05745,36.17055],[139.05772,36.17142],[139.05777,36.17194],[139.0578,36.1734],[139.05717,36.17705],[139.05653,36.17951],[139.05639,36.18052],[139.05647,36.18139],[139.0567,36.18241],[139.05727,36.18331],[139.05768,36.18372],[139.05904,36.18446],[139.0598,36.18478],[139.06107,36.18503],[139.06305,36.18581],[139.06423,36.18662],[139.06453,36.18722],[139.06468,36.18857],[139.06458,36.18938],[139.06351,36.19425],[139.06332,36.19571],[139.06342,36.19629],[139.06384,36.19698],[139.06532,36.19869],[139.06936,36.20187],[139.07157,36.2035],[139.07358,36.2053],[139.07752,36.20969],[139.08074,36.21359],[139.08191,36.21522],[139.0828,36.217],[139.08323,36.2184],[139.08346,36.21889],[139.08452,36.22059],[139.08572,36.22217],[139.08703,36.22487],[139.08898,36.22843],[139.09079,36.23114],[139.09187,36.23264],[139.09609,36.23765],[139.0995,36.2426],[139.10357,36.24794],[139.10747,36.25262],[139.1086,36.25479],[139.11033,36.25737],[139.1112,36.2585],[139.1099,36.25892],[139.10882,36.25992],[139.10826,36.26032],[139.10772,36.261],[139.10768,36.26115],[139.1078,36.26171],[139.10828,36.2622],[139.11016,36.26351],[139.111,36.26419],[139.11176,36.26496],[139.112,36.26487],[139.11219,36.26484],[139.11238,36.26494],[139.11245,36.26529],[139.11256,36.26541],[139.11275,36.26548],[139.1136,36.26559],[139.11379,36.26574],[139.11383,36.26598],[139.11394,36.26614],[139.11409,36.26619],[139.11457,36.26625],[139.11482,36.26635],[139.11502,36.26652],[139.11515,36.26672],[139.1152,36.26695],[139.11516,36.2672],[139.115,36.26741],[139.11486,36.2675],[139.11593,36.26796],[139.11643,36.26776],[139.117,36.26767],[139.11781,36.26767],[139.11803,36.26773],[139.11831,36.26799],[139.11856,36.26803],[139.11869,36.2681],[139.11888,36.26855],[139.11896,36.26911],[139.11892,36.26945],[139.11878,36.26972],[139.12181,36.27295],[139.12453,36.2762],[139.12564,36.27729],[139.12692,36.27841],[139.12732,36.27957],[139.12793,36.28074],[139.12935,36.28322],[139.12944,36.28334],[139.12966,36.2834],[139.13007,36.28336],[139.13031,36.28319],[139.13075,36.28178],[139.13142,36.28116],[139.1342,36.27891],[139.13457,36.27875],[139.13566,36.27844],[139.14465,36.27847],[139.1503,36.27859],[139.15778,36.2778],[139.15848,36.2778],[139.15902,36.27782],[139.16055,36.27811],[139.1639,36.27891],[139.16605,36.27715],[139.1685,36.27542],[139.16947,36.27475],[139.1719,36.2734],[139.18247,36.2682],[139.1846,36.26736],[139.18776,36.26644],[139.19216,36.26447],[139.19539,36.26319],[139.198,36.26225],[139.20151,36.26264],[139.20196,36.26265],[139.20328,36.2624],[139.20361,36.26241],[139.20451,36.26258],[139.20493,36.26286],[139.20511,36.26312],[139.20524,36.26315],[139.20663,36.2629],[139.20825,36.26246],[139.2101,36.26131],[139.21038,36.26131],[139.21077,36.26153],[139.21085,36.26148],[139.21119,36.26104],[139.21157,36.26017],[139.21197,36.26017],[139.21163,36.25625],[139.22327,36.25823],[139.224,36.2583],[139.22495,36.25755],[139.22991,36.25315],[139.23101,36.25263],[139.23118,36.25248],[139.23212,36.25113],[139.23349,36.24891],[139.2353,36.24756],[139.23669,36.24663],[139.23747,36.2462],[139.24407,36.24443],[139.2474,36.24483],[139.25389,36.24584],[139.25422,36.24583],[139.25624,36.24543],[139.25918,36.24449],[139.25964,36.24422],[139.26126,36.24294],[139.26169,36.2427],[139.26354,36.2425],[139.26483,36.24246],[139.26572,36.24248],[139.26701,36.24262],[139.26736,36.24462],[139.26682,36.25042],[139.26684,36.25052],[139.26697,36.25056],[139.27164,36.24952],[139.27769,36.24797],[139.2813,36.24685],[139.28542,36.24542],[139.28684,36.24501],[139.28833,36.24469],[139.29167,36.24416],[139.29258,36.24392],[139.29498,36.24359],[139.29848,36.24328],[139.29863,36.24318],[139.29703,36.24187],[139.30144,36.23979],[139.30388,36.23888],[139.30547,36.23838],[139.30838,36.23763],[139.31205,36.23695],[139.31515,36.23661],[139.31822,36.23647],[139.32227,36.23659],[139.32499,36.23687],[139.32797,36.23736],[139.32787,36.24018],[139.32798,36.24054],[139.32816,36.24071],[139.3286,36.24092],[139.33023,36.24153],[139.33307,36.24278],[139.33384,36.24299],[139.33657,36.24303],[139.34025,36.24386],[139.33965,36.24516],[139.33948,36.24599],[139.34001,36.24625],[139.34089,36.24655],[139.34283,36.24684],[139.34343,36.247],[139.3452,36.24823],[139.34586,36.24898],[139.34621,36.24988],[139.34638,36.25074],[139.34686,36.25147],[139.34685,36.25156],[139.34632,36.25183],[139.34629,36.25199],[139.34715,36.25348],[139.3474,36.25371],[139.34767,36.2538],[139.34952,36.25392],[139.3506,36.25415],[139.351,36.25437],[139.35122,36.25386],[139.35183,36.25316],[139.35249,36.25261],[139.35358,36.25151],[139.35384,36.25148],[139.35421,36.25153],[139.35462,36.25204],[139.355,36.25192],[139.35596,36.25253],[139.35654,36.25265],[139.35798,36.2533],[139.35929,36.25323],[139.36082,36.25252],[139.36239,36.25149],[139.36501,36.24938],[139.36782,36.24681],[139.37192,36.24551],[139.37302,36.2454],[139.3741,36.24518],[139.37645,36.24463],[139.37667,36.2445],[139.3775,36.2437],[139.37862,36.24199],[139.37934,36.24118],[139.38271,36.23807],[139.38675,36.23409],[139.3902,36.23088],[139.38987,36.23024],[139.39007,36.22921],[139.39327,36.22804],[139.39341,36.22787],[139.39335,36.22768],[139.39343,36.22762],[139.39954,36.22554],[139.40675,36.22293],[139.40769,36.22265],[139.4087,36.22342],[139.41579,36.21865],[139.41892,36.21668],[139.41907,36.21645],[139.4194,36.21207],[139.41936,36.21129],[139.41983,36.21095],[139.42003,36.21083],[139.42397,36.21087],[139.42885,36.20856],[139.43179,36.20639],[139.44262,36.19784],[139.44429,36.19673],[139.44532,36.19616],[139.45435,36.19141],[139.4552,36.19108],[139.45664,36.19068],[139.46239,36.18951],[139.46365,36.18934],[139.46739,36.18913],[139.46866,36.18914],[139.47121,36.18922],[139.47443,36.18946],[139.48332,36.19077],[139.4861,36.1911],[139.48909,36.19157],[139.49237,36.19195],[139.49876,36.19319],[139.50155,36.19351],[139.50508,36.19358],[139.50646,36.19355],[139.50822,36.1934],[139.51172,36.19295],[139.51653,36.1918],[139.51917,36.19134],[139.52117,36.19122],[139.52297,36.19123],[139.52638,36.19135],[139.52822,36.1915],[139.53374,36.19253],[139.53522,36.19294],[139.54235,36.19567],[139.54468,36.19663],[139.54847,36.19864],[139.55423,36.20071],[139.55712,36.20116],[139.56488,36.20207],[139.56754,36.20247],[139.56999,36.20306],[139.57193,36.20366],[139.57347,36.20422],[139.57464,36.20479],[139.5754,36.20508],[139.57854,36.20702],[139.583,36.20924],[139.58556,36.21018],[139.58665,36.21035],[139.58777,36.21037],[139.59161,36.2097],[139.59436,36.20889],[139.59773,36.20742],[139.60106,36.20547],[139.60267,36.20434],[139.60379,36.20342],[139.60664,36.20077],[139.60789,36.19946],[139.60947,36.19731],[139.61045,36.19621],[139.61302,36.19373],[139.61514,36.19204],[139.61775,36.19035],[139.61965,36.18922],[139.62087,36.18854],[139.62194,36.18811],[139.62378,36.18692],[139.62489,36.18657],[139.62504,36.18701],[139.62556,36.19136],[139.6259,36.19241],[139.62641,36.19325],[139.62701,36.19386],[139.62758,36.19435],[139.62872,36.19508],[139.63241,36.19583],[139.63632,36.19688],[139.63725,36.19721],[139.63759,36.19725],[139.64094,36.19725],[139.64602,36.19632],[139.64795,36.19608],[139.649,36.19618],[139.64913,36.19641],[139.64949,36.19652],[139.65098,36.19751],[139.65124,36.19777],[139.6515,36.19837],[139.65151,36.19919],[139.65106,36.20079],[139.65002,36.20278],[139.65003,36.20299],[139.65043,36.203],[139.65066,36.20296],[139.65095,36.20283],[139.65099,36.20261],[139.65087,36.2022],[139.65095,36.20194],[139.65115,36.2017],[139.65161,36.20134],[139.6519,36.20085],[139.65196,36.20043],[139.6519,36.1995],[139.65201,36.19899],[139.65216,36.19876],[139.6525,36.19842],[139.6526,36.19825],[139.65267,36.19793],[139.65282,36.19783],[139.65309,36.19779],[139.65395,36.19784],[139.65444,36.1978],[139.65464,36.1977],[139.6549,36.19736],[139.65504,36.19729],[139.65533,36.19725],[139.65553,36.19729],[139.65579,36.19741],[139.65628,36.19787],[139.65642,36.19792],[139.65663,36.19792],[139.65691,36.19777],[139.65718,36.19746],[139.65734,36.19708],[139.65739,36.19665],[139.65749,36.1965],[139.65782,36.19637],[139.65831,36.19636],[139.65888,36.19641],[139.65932,36.19652],[139.65955,36.19667],[139.65979,36.19704],[139.65993,36.19716],[139.66022,36.19725],[139.66062,36.19727],[139.66092,36.19733],[139.66118,36.19757],[139.66134,36.19764],[139.6625,36.19778],[139.66289,36.19794],[139.66333,36.19822],[139.66357,36.19829],[139.66383,36.19831],[139.66434,36.19824],[139.6646,36.19829],[139.66495,36.19857],[139.6658,36.19879],[139.66606,36.1989],[139.66632,36.19914],[139.66651,36.19954],[139.66671,36.19971],[139.66726,36.19979],[139.66744,36.1999],[139.66758,36.20005],[139.66776,36.20013],[139.66876,36.20022],[139.66915,36.20038],[139.66928,36.20057],[139.66933,36.20109],[139.66949,36.20146],[139.66962,36.20158],[139.66988,36.20169],[139.6701,36.20171],[139.67061,36.20166],[139.6708,36.20174],[139.67096,36.20208],[139.67099,36.20262],[139.6711,36.20299],[139.67125,36.20311],[139.67154,36.20315],[139.67177,36.20328],[139.67193,36.20353],[139.67197,36.20375],[139.67191,36.20396],[139.67174,36.20415],[139.67096,36.20463],[139.67049,36.20505],[139.67006,36.2056],[139.6699,36.20593],[139.66988,36.20606],[139.66995,36.20627],[139.67005,36.20634],[139.67059,36.2065],[139.67066,36.20663],[139.67058,36.20681],[139.67011,36.20722],[139.66987,36.20755],[139.66985,36.20765],[139.67008,36.20779],[139.67049,36.20773],[139.67061,36.20777],[139.67068,36.20794],[139.67061,36.20812],[139.67066,36.20814],[139.67173,36.20901],[139.67216,36.20921],[139.67318,36.20928],[139.67417,36.20907],[139.67449,36.20893],[139.67475,36.20868],[139.67491,36.20829],[139.6752,36.20526],[139.67555,36.2042],[139.67691,36.20193],[139.67734,36.20148],[139.67785,36.20123],[139.67908,36.20079],[139.67934,36.20073],[139.67933,36.20072],[139.67915,36.20049],[139.67887,36.2004],[139.67873,36.2003],[139.67837,36.19984],[139.67816,36.19968],[139.67791,36.19958],[139.67728,36.19952],[139.67706,36.19945],[139.67695,36.19933],[139.67699,36.19893],[139.6769,36.19869],[139.67673,36.19858],[139.67625,36.19843],[139.67609,36.19833],[139.676,36.19819],[139.67597,36.19796],[139.67586,36.19784],[139.67566,36.19777],[139.67495,36.19769],[139.67481,36.19759],[139.67479,36.19752],[139.67506,36.19685],[139.67497,36.19647],[139.67499,36.19635],[139.67525,36.19606],[139.67538,36.19576],[139.67549,36.19479],[139.67562,36.1946],[139.67581,36.19456],[139.67591,36.19447],[139.67608,36.19352],[139.67618,36.1934],[139.67637,36.19329],[139.67654,36.19311],[139.67673,36.19262],[139.67669,36.19226],[139.67646,36.19201],[139.67637,36.19181],[139.67646,36.19131],[139.67637,36.19121],[139.6761,36.19114],[139.6759,36.19088],[139.67564,36.19028],[139.6756,36.18975],[139.67569,36.18955],[139.67597,36.1893],[139.67618,36.18926],[139.67638,36.18931],[139.67647,36.18926],[139.67655,36.18902],[139.67661,36.18845],[139.67674,36.18829],[139.67687,36.18827],[139.67699,36.18823],[139.67707,36.18813],[139.67714,36.18767],[139.67729,36.18746],[139.67748,36.18739],[139.67821,36.1873],[139.67848,36.18718],[139.6786,36.18705],[139.67869,36.18672],[139.67863,36.18586],[139.67869,36.18559],[139.67885,36.18542],[139.67897,36.18537],[139.67945,36.18532],[139.67969,36.18518],[139.67988,36.18475],[139.67991,36.18433],[139.68,36.18397],[139.68021,36.18371],[139.68036,36.18363],[139.68076,36.18354],[139.68155,36.18359],[139.68182,36.18369],[139.68194,36.18395],[139.68216,36.184],[139.68236,36.18389],[139.68241,36.18362],[139.68247,36.18354],[139.6828,36.18343],[139.68339,36.18335],[139.68522,36.18331],[139.68632,36.18322],[139.68679,36.18311],[139.68723,36.18283],[139.68738,36.18279],[139.68749,36.18281],[139.68775,36.18306],[139.68806,36.1831],[139.68822,36.183],[139.68826,36.1828],[139.68832,36.18272],[139.68852,36.18266],[139.68882,36.18266],[139.68913,36.18276],[139.68934,36.18288],[139.68955,36.18303],[139.68972,36.18326],[139.68987,36.18372],[139.68996,36.18471],[139.69008,36.18496],[139.69027,36.18511],[139.69085,36.1852],[139.69097,36.18529],[139.69102,36.18543],[139.69097,36.18575],[139.69065,36.1862],[139.69055,36.18672],[139.69049,36.18756],[139.69049,36.19003],[139.69066,36.19095],[139.6908,36.19126],[139.69098,36.19147],[139.69118,36.19158],[139.69143,36.1916],[139.69216,36.19135],[139.69247,36.19118],[139.69264,36.19101],[139.69276,36.19063],[139.69295,36.19048],[139.69331,36.19041],[139.69341,36.19054],[139.6933,36.19095],[139.693,36.19138],[139.69229,36.19211],[139.69163,36.19265],[139.69141,36.19277],[139.69104,36.19286],[139.69051,36.19332],[139.69041,36.19333],[139.6902,36.19314],[139.68999,36.19309],[139.68961,36.19318],[139.68942,36.19329],[139.68925,36.19369],[139.68889,36.19393],[139.68895,36.19433],[139.68856,36.19444],[139.68842,36.19479],[139.68775,36.19528],[139.68742,36.19566],[139.68716,36.19619],[139.68708,36.19665],[139.68693,36.19687],[139.68647,36.19728],[139.68534,36.19814],[139.68519,36.19832],[139.68506,36.19866],[139.68467,36.19904],[139.68402,36.19946],[139.68379,36.19953],[139.68332,36.19959],[139.68313,36.19969],[139.68299,36.19986],[139.68274,36.19999],[139.68125,36.20049],[139.68111,36.2006],[139.68122,36.20061],[139.68232,36.20098],[139.68297,36.20158],[139.68323,36.20197],[139.6835,36.20272],[139.68458,36.20355],[139.68492,36.20372],[139.68549,36.20384],[139.68583,36.20378],[139.68644,36.2035],[139.68687,36.20264],[139.68741,36.20059],[139.68794,36.19968],[139.68779,36.19906],[139.6877,36.1981],[139.68772,36.19709],[139.68786,36.19636],[139.68837,36.19539],[139.68949,36.19447],[139.69365,36.19168],[139.6939,36.19144],[139.69415,36.19098],[139.6943,36.19014],[139.69384,36.18903],[139.69292,36.18718],[139.69252,36.18607],[139.6923,36.18503],[139.69136,36.17977],[139.69089,36.17526],[139.6912,36.17248],[139.69184,36.1702],[139.69197,36.16984],[139.69403,36.16636],[139.69418,36.16593],[139.69439,36.16474],[139.69457,36.16187],[139.69473,36.16055],[139.69505,36.15907],[139.69539,36.158],[139.69575,36.15711],[139.69644,36.15587],[139.698,36.15408],[139.69856,36.15185],[139.70137,36.14706],[139.70314,36.14498],[139.70543,36.14253],[139.70813,36.13834],[139.70868,36.13759],[139.7096,36.13669],[139.71013,36.13594],[139.71075,36.13295],[139.71201,36.12989],[139.71254,36.12811],[139.71299,36.12716],[139.71358,36.12625],[139.71694,36.12294],[139.71933,36.1209],[139.72205,36.11816],[139.72371,36.11629],[139.7254,36.11416],[139.72638,36.11252],[139.72666,36.11163],[139.72694,36.10972],[139.72692,36.1088],[139.72707,36.10747],[139.72701,36.10685],[139.72717,36.10386],[139.72806,36.09645],[139.72831,36.09014],[139.72947,36.08848],[139.72983,36.08779],[139.73028,36.08725],[139.73075,36.08694],[139.73177,36.08652],[139.73366,36.08633],[139.73639,36.08644],[139.74037,36.08702],[139.74229,36.08716],[139.745,36.08721],[139.74676,36.08708],[139.74811,36.08652],[139.75035,36.08572],[139.75556,36.08297],[139.75647,36.08256],[139.75779,36.0821],[139.76003,36.08147],[139.76576,36.08043],[139.7676,36.08046],[139.76921,36.08083],[139.77033,36.08122],[139.77092,36.08153],[139.77186,36.08224],[139.77245,36.08307],[139.77257,36.08376],[139.77252,36.08468],[139.77209,36.08652],[139.77224,36.08742],[139.77245,36.08798],[139.77314,36.0889],[139.77349,36.08918],[139.77622,36.09077],[139.77668,36.08908],[139.77726,36.0876],[139.77788,36.08652],[139.77899,36.08496],[139.77987,36.08276],[139.78003,36.08204],[139.77992,36.08012],[139.78022,36.07857],[139.78062,36.07763],[139.78149,36.07654],[139.78219,36.07523],[139.78232,36.07438],[139.78243,36.07129],[139.78276,36.07022],[139.78334,36.0695],[139.7876,36.06489],[139.78905,36.06272],[139.78991,36.06097],[139.79072,36.05902],[139.79136,36.05814],[139.79203,36.05755],[139.79271,36.05723],[139.7947,36.05595],[139.79547,36.05519],[139.79767,36.05233],[139.79859,36.05152],[139.80024,36.05042],[139.80142,36.04941],[139.80218,36.04829],[139.80345,36.04608],[139.80459,36.04464],[139.80557,36.04392],[139.80639,36.04353],[139.80853,36.04214],[139.81365,36.03853],[139.81467,36.03771],[139.81537,36.03683],[139.81622,36.03468],[139.81728,36.0325],[139.81763,36.03112],[139.81744,36.03011],[139.81727,36.02973],[139.81399,36.02502],[139.81342,36.02343],[139.81345,36.0226],[139.81371,36.02104],[139.81438,36.01837],[139.81477,36.01642],[139.81532,36.01179],[139.81615,36.00744],[139.81664,36.00538],[139.81697,36.0032],[139.81691,36.00239],[139.81662,36.00149],[139.81627,36.00093],[139.81489,35.99953],[139.81445,35.99886],[139.81423,35.99822],[139.81419,35.99733],[139.81426,35.99706],[139.81472,35.99634],[139.81541,35.99557],[139.81731,35.99432],[139.81793,35.99366],[139.81932,35.99203],[139.82204,35.98858],[139.82361,35.98687],[139.82445,35.98616],[139.82603,35.98453],[139.82665,35.98343],[139.82681,35.98271],[139.82681,35.98145],[139.82659,35.97993],[139.82635,35.97878],[139.82561,35.97678],[139.82511,35.97487],[139.8252,35.97411],[139.82566,35.97276],[139.82633,35.97202],[139.82723,35.97136],[139.82871,35.97078],[139.83114,35.97015],[139.83246,35.96961],[139.83293,35.96935],[139.8336,35.96871],[139.83388,35.9683],[139.83457,35.96689],[139.83524,35.96487],[139.83531,35.96434],[139.83524,35.96353],[139.835,35.96204],[139.83493,35.96087],[139.83501,35.96025],[139.83777,35.95391],[139.83902,35.95192],[139.84565,35.94213],[139.84646,35.94099],[139.84767,35.93956],[139.84819,35.93907],[139.85053,35.93762],[139.85504,35.93537],[139.85594,35.93481],[139.85825,35.93385],[139.86092,35.93249],[139.86318,35.93064],[139.86539,35.92834],[139.86599,35.92761],[139.86742,35.92555],[139.86852,35.92361],[139.86926,35.9221],[139.86986,35.92061],[139.87059,35.91803],[139.87125,35.91671],[139.87175,35.91595],[139.87463,35.91307],[139.8765,35.91104],[139.87866,35.90757],[139.87979,35.90532],[139.88023,35.90461],[139.88313,35.90185],[139.88529,35.89923],[139.88696,35.89702],[139.88874,35.89447],[139.88992,35.89256],[139.89305,35.88542],[139.89323,35.88471],[139.8934,35.88302],[139.89379,35.88052],[139.89446,35.87755],[139.89485,35.87656],[139.897,35.8728],[139.89774,35.87099],[139.89833,35.86903],[139.89921,35.86686],[139.89981,35.86576],[139.90034,35.86417],[139.90022,35.86309],[139.89997,35.86242],[139.89804,35.85938],[139.89752,35.85815],[139.89731,35.85712],[139.89614,35.85293],[139.89591,35.8525],[139.89547,35.85194],[139.8932,35.84971],[139.89228,35.8482],[139.89004,35.844],[139.88975,35.84305],[139.88947,35.84109],[139.8899,35.83755],[139.88984,35.83637],[139.88895,35.83397],[139.88864,35.83289],[139.88852,35.83217],[139.88845,35.83116],[139.88851,35.8302],[139.88888,35.82833],[139.8889,35.82739],[139.88799,35.82433],[139.88804,35.82321],[139.88828,35.82264],[139.88898,35.82184],[139.89037,35.82067],[139.89117,35.81987],[139.89153,35.81934],[139.89166,35.81833],[139.89163,35.81769],[139.89074,35.81341],[139.89037,35.81086],[139.88949,35.80911],[139.88884,35.80748],[139.88882,35.80711],[139.88904,35.80607],[139.88962,35.80422],[139.89036,35.80253],[139.89068,35.80155],[139.89083,35.80057],[139.8908,35.79978],[139.89071,35.79928],[139.88993,35.79776],[139.88852,35.79645],[139.88833,35.79592],[139.88824,35.79531],[139.88828,35.79458],[139.88867,35.79352],[139.88935,35.79236],[139.89032,35.79108],[139.89083,35.79018],[139.89285,35.78445],[139.89378,35.78275],[139.89121,35.78325],[139.88876,35.78384],[139.88775,35.78402],[139.88724,35.78402],[139.88647,35.78381],[139.88312,35.78257],[139.88136,35.78207],[139.87725,35.78117],[139.8763,35.78124],[139.87454,35.78178],[139.87336,35.78292],[139.87204,35.78504],[139.87176,35.78475],[139.87134,35.78558],[139.87119,35.78663],[139.87131,35.78739],[139.87155,35.78798],[139.87326,35.79039],[139.87596,35.79219],[139.87636,35.79261],[139.87658,35.7932],[139.87661,35.79383],[139.87626,35.79479],[139.87569,35.79553],[139.87475,35.79654],[139.87431,35.79686],[139.87339,35.79717],[139.87136,35.79735],[139.87077,35.79732],[139.86872,35.79701],[139.86772,35.79668],[139.86385,35.79483],[139.86283,35.79484],[139.86136,35.79505],[139.86079,35.79524],[139.8599,35.79533],[139.85954,35.79523],[139.85899,35.79485],[139.85805,35.79269],[139.85737,35.79177],[139.85649,35.79096],[139.85592,35.79082],[139.85529,35.79085],[139.85457,35.79105],[139.85356,35.79156],[139.85186,35.79273],[139.84852,35.79528],[139.84753,35.79573],[139.84744,35.79568],[139.84721,35.79583],[139.84662,35.7967],[139.84586,35.79754],[139.84463,35.79878],[139.84566,35.79881],[139.84639,35.79893],[139.8473,35.79942],[139.84836,35.7997],[139.84862,35.79989],[139.84881,35.80018],[139.84888,35.80016],[139.84906,35.79983],[139.84922,35.79971],[139.84941,35.79968],[139.84963,35.79976],[139.85015,35.8001],[139.85114,35.80089],[139.85176,35.8015],[139.8519,35.8018],[139.85205,35.80199],[139.85362,35.80322],[139.85377,35.80341],[139.85391,35.80372],[139.85455,35.80421],[139.85474,35.80443],[139.85486,35.80469],[139.85492,35.80532],[139.85504,35.80563],[139.85518,35.80574],[139.85557,35.80578],[139.85583,35.80587],[139.85605,35.80601],[139.85614,35.80617],[139.85614,35.80651],[139.85593,35.80712],[139.85588,35.80747],[139.85593,35.80761],[139.85611,35.80773],[139.85618,35.80786],[139.8562,35.80804],[139.85611,35.80882],[139.8562,35.80919],[139.85639,35.80954],[139.85652,35.80994],[139.85657,35.81041],[139.85655,35.81074],[139.85636,35.81122],[139.85612,35.81152],[139.85565,35.81196],[139.85546,35.81233],[139.85539,35.81302],[139.85555,35.81382],[139.85556,35.81444],[139.85538,35.81484],[139.85503,35.81508],[139.85438,35.81529],[139.85363,35.81538],[139.85327,35.81533],[139.85302,35.81513],[139.85292,35.81545],[139.85266,35.81557],[139.85189,35.81566],[139.85074,35.8157],[139.85012,35.8158],[139.84988,35.81589],[139.84953,35.81612],[139.84911,35.81686],[139.84884,35.81715],[139.84853,35.81733],[139.84818,35.81744],[139.84765,35.81748],[139.84731,35.81741],[139.84709,35.81726],[139.84692,35.81694],[139.84687,35.8171],[139.84676,35.81716],[139.84657,35.81718],[139.84562,35.81711],[139.84531,35.81714],[139.84475,35.81732],[139.84447,35.81737],[139.84419,35.81735],[139.84365,35.81719],[139.84344,35.81716],[139.84322,35.81726],[139.84314,35.81741],[139.84298,35.81756],[139.8427,35.81768],[139.84177,35.81783],[139.8411,35.81783],[139.84066,35.8177],[139.84041,35.81748],[139.84013,35.81732],[139.8395,35.81723],[139.83929,35.81713],[139.83907,35.81681],[139.83895,35.81635],[139.83881,35.81603],[139.83869,35.81592],[139.83849,35.81589],[139.83832,35.8158],[139.83804,35.81538],[139.83773,35.81526],[139.83696,35.81518],[139.83665,35.81501],[139.8365,35.81472],[139.83652,35.81444],[139.83665,35.81431],[139.83711,35.81417],[139.83725,35.81405],[139.83719,35.81395],[139.83693,35.81378],[139.83681,35.81363],[139.83676,35.81346],[139.83682,35.81305],[139.83678,35.81293],[139.83656,35.81291],[139.83608,35.81306],[139.83588,35.81302],[139.83578,35.81267],[139.83569,35.81255],[139.83526,35.81235],[139.83498,35.81207],[139.83445,35.81097],[139.83427,35.81079],[139.83389,35.81069],[139.83382,35.81062],[139.83371,35.81024],[139.83379,35.80935],[139.83377,35.80878],[139.8337,35.8085],[139.83353,35.80823],[139.83352,35.80806],[139.83371,35.8078],[139.83415,35.8075],[139.83426,35.80737],[139.83407,35.80732],[139.83398,35.80716],[139.83406,35.80657],[139.83401,35.80625],[139.83389,35.80608],[139.83361,35.80588],[139.83341,35.80549],[139.83333,35.80487],[139.83337,35.80419],[139.83353,35.80372],[139.8337,35.80354],[139.83396,35.80336],[139.83404,35.80322],[139.834,35.80267],[139.83425,35.80259],[139.8343,35.8025],[139.83425,35.80224],[139.834,35.80161],[139.83398,35.80143],[139.83404,35.80123],[139.8344,35.80104],[139.83528,35.80087],[139.83567,35.80075],[139.8358,35.80066],[139.83591,35.8004],[139.83622,35.80033],[139.83663,35.80014],[139.83633,35.7998],[139.83581,35.799],[139.83457,35.79792],[139.83303,35.79591],[139.83277,35.79568],[139.83085,35.79463],[139.82924,35.79417],[139.8284,35.79405],[139.82756,35.79379],[139.82698,35.79351],[139.82605,35.79336],[139.82581,35.7935],[139.82575,35.79375],[139.82549,35.79427],[139.82533,35.79442],[139.82514,35.79449],[139.82479,35.79447],[139.82464,35.79474],[139.82444,35.79495],[139.82353,35.79518],[139.82286,35.79543],[139.82315,35.7954],[139.82348,35.79541],[139.8238,35.7955],[139.82393,35.79569],[139.82386,35.7959],[139.82371,35.79597],[139.82332,35.79597],[139.82287,35.79588],[139.82261,35.79575],[139.82255,35.79565],[139.82121,35.79675],[139.82049,35.79754],[139.81968,35.79898],[139.81965,35.79959],[139.82032,35.80102],[139.82018,35.80216],[139.82022,35.8026],[139.82075,35.80554],[139.82115,35.80632],[139.82249,35.80842],[139.82292,35.80941],[139.82465,35.81065],[139.82486,35.811],[139.82493,35.81146],[139.82493,35.8119],[139.82369,35.81388],[139.82339,35.81415],[139.82169,35.81489],[139.82106,35.81508],[139.82061,35.81397],[139.82011,35.813],[139.82011,35.8128],[139.8211,35.81144],[139.82053,35.81123],[139.81965,35.81178],[139.81861,35.81106],[139.81873,35.81176],[139.8186,35.81177],[139.81813,35.81142],[139.81793,35.81042],[139.81651,35.80956],[139.8147,35.80871],[139.8133,35.80832],[139.81239,35.80826],[139.80995,35.8083],[139.81,35.80848],[139.81032,35.80874],[139.81042,35.80905],[139.81076,35.80902],[139.81094,35.80914],[139.81116,35.8094],[139.81196,35.81067],[139.81238,35.81106],[139.81308,35.81146],[139.81326,35.81169],[139.81331,35.81185],[139.81327,35.81201],[139.81314,35.81214],[139.81248,35.81251],[139.81236,35.81266],[139.81231,35.81282],[139.81233,35.81304],[139.81239,35.81313],[139.81268,35.81322],[139.81275,35.81332],[139.8127,35.81442],[139.81277,35.81453],[139.81296,35.81457],[139.81305,35.81465],[139.81314,35.81504],[139.8131,35.81542],[139.81301,35.8156],[139.81286,35.81573],[139.81258,35.81585],[139.81238,35.81609],[139.81232,35.81634],[139.81232,35.81681],[139.81238,35.81706],[139.8125,35.81724],[139.81294,35.81745],[139.8131,35.81757],[139.81314,35.81773],[139.81307,35.81801],[139.81285,35.81831],[139.81248,35.81841],[139.81232,35.81857],[139.81172,35.81974],[139.81142,35.82011],[139.81106,35.82036],[139.81085,35.82045],[139.80984,35.82066],[139.80963,35.82078],[139.80954,35.82093],[139.80958,35.82117],[139.80967,35.82131],[139.81009,35.82162],[139.81021,35.82177],[139.81027,35.82195],[139.8102,35.82236],[139.81024,35.82252],[139.81036,35.82262],[139.81084,35.82267],[139.81118,35.8228],[139.81187,35.82355],[139.81266,35.82398],[139.81274,35.82417],[139.81258,35.82446],[139.81282,35.82446],[139.81309,35.82456],[139.81356,35.82494],[139.81485,35.82617],[139.81531,35.82646],[139.81562,35.8265],[139.81572,35.82655],[139.81568,35.82674],[139.81535,35.82717],[139.81588,35.82705],[139.8161,35.8271],[139.81627,35.82727],[139.81649,35.8277],[139.81655,35.828],[139.81651,35.82824],[139.81636,35.82842],[139.81611,35.82855],[139.81569,35.82865],[139.81542,35.82867],[139.81488,35.8286],[139.81462,35.82861],[139.81453,35.82867],[139.81447,35.8289],[139.81426,35.82911],[139.81389,35.82935],[139.81356,35.82948],[139.81339,35.82945],[139.81332,35.82938],[139.81313,35.82897],[139.81286,35.82897],[139.81258,35.8301],[139.81165,35.83071],[139.81149,35.83093],[139.81147,35.83122],[139.81175,35.83122],[139.8117,35.83162],[139.81154,35.83175],[139.8112,35.8319],[139.81103,35.83304],[139.81101,35.8335],[139.8111,35.83397],[139.81132,35.83441],[139.81132,35.83467],[139.81116,35.83486],[139.81101,35.83493],[139.81084,35.83494],[139.81062,35.83488],[139.81009,35.8346],[139.81009,35.83393],[139.80981,35.8346],[139.80963,35.83517],[139.80947,35.83542],[139.80886,35.83564],[139.80787,35.8364],[139.80838,35.83656],[139.80852,35.83668],[139.80854,35.83683],[139.80835,35.83724],[139.80833,35.83748],[139.80843,35.83759],[139.80881,35.83774],[139.80907,35.8379],[139.80929,35.83814],[139.80935,35.83831],[139.80925,35.83856],[139.80879,35.83892],[139.80853,35.83936],[139.80844,35.83976],[139.80837,35.84084],[139.80824,35.84118],[139.808,35.84134],[139.8079,35.84151],[139.80787,35.84174],[139.80792,35.84197],[139.80818,35.84229],[139.80852,35.8424],[139.80905,35.84241],[139.80974,35.84235],[139.81027,35.84239],[139.81054,35.84252],[139.81092,35.84294],[139.81144,35.84296],[139.81155,35.843],[139.81171,35.84315],[139.812,35.844],[139.81213,35.84424],[139.81229,35.84442],[139.81265,35.84467],[139.81273,35.84481],[139.81275,35.84496],[139.81268,35.8452],[139.81273,35.84543],[139.81285,35.84556],[139.81328,35.84584],[139.81341,35.84607],[139.81333,35.84627],[139.81271,35.84655],[139.81259,35.84669],[139.81255,35.84684],[139.81245,35.84688],[139.81206,35.84682],[139.81119,35.84655],[139.81118,35.84739],[139.81111,35.84767],[139.811,35.84778],[139.81052,35.84777],[139.81031,35.84783],[139.80952,35.84849],[139.80906,35.84862],[139.80892,35.84889],[139.80864,35.84906],[139.80594,35.85002],[139.80555,35.8502],[139.80538,35.85035],[139.80539,35.85046],[139.80551,35.85063],[139.80594,35.85092],[139.80608,35.85107],[139.8062,35.85134],[139.80623,35.85167],[139.80642,35.85204],[139.80742,35.85304],[139.80748,35.85321],[139.80742,35.85339],[139.80747,35.85356],[139.80787,35.85385],[139.80807,35.85411],[139.80815,35.85447],[139.80812,35.85484],[139.80802,35.85505],[139.8077,35.85517],[139.80768,35.85527],[139.80776,35.85557],[139.80769,35.8557],[139.80741,35.85585],[139.80693,35.85595],[139.80648,35.85609],[139.80623,35.85623],[139.80593,35.85647],[139.80582,35.85669],[139.80585,35.85682],[139.806,35.85701],[139.80594,35.85727],[139.80499,35.85821],[139.80466,35.85869],[139.80443,35.85917],[139.80415,35.85949],[139.80391,35.85959],[139.80351,35.85964],[139.80323,35.85976],[139.80281,35.86013],[139.80239,35.86067],[139.80223,35.8608],[139.8019,35.86097],[139.80153,35.86102],[139.80065,35.86085],[139.80047,35.86087],[139.80039,35.86094],[139.80041,35.86104],[139.80052,35.86115],[139.80095,35.8612],[139.80109,35.86127],[139.80121,35.86149],[139.80123,35.8618],[139.80131,35.86201],[139.8014,35.86208],[139.80169,35.86213],[139.80188,35.86251],[139.80252,35.86287],[139.80268,35.86307],[139.80277,35.86334],[139.80271,35.86406],[139.8028,35.86449],[139.80297,35.86469],[139.80335,35.86491],[139.80357,35.86516],[139.80373,35.86553],[139.80391,35.86654],[139.80409,35.8671],[139.80426,35.86731],[139.80469,35.86753],[139.80482,35.8678],[139.80473,35.86815],[139.80435,35.86841],[139.80419,35.8688],[139.80354,35.86911],[139.80341,35.86923],[139.80315,35.86963],[139.80298,35.86967],[139.80278,35.86961],[139.80261,35.86962],[139.8024,35.86983],[139.80218,35.86997],[139.80122,35.8702],[139.80121,35.87049],[139.80114,35.87061],[139.80067,35.87081],[139.80055,35.87093],[139.80083,35.87137],[139.80084,35.87169],[139.80077,35.87209],[139.80082,35.87242],[139.80094,35.87259],[139.80146,35.87297],[139.80178,35.87348],[139.80189,35.87355],[139.80215,35.8736],[139.80226,35.87367],[139.80261,35.87432],[139.80272,35.87439],[139.80297,35.87435],[139.80307,35.8744],[139.80315,35.87463],[139.80317,35.87501],[139.80328,35.87525],[139.80343,35.8753],[139.8038,35.87527],[139.80395,35.87536],[139.80406,35.87553],[139.80414,35.8758],[139.80415,35.87632],[139.80395,35.8768],[139.80369,35.87705],[139.80347,35.87715],[139.80295,35.87721],[139.8027,35.8773],[139.80235,35.87756],[139.8018,35.87816],[139.80142,35.87837],[139.80091,35.87853],[139.80065,35.87874],[139.80051,35.87905],[139.80051,35.87936],[139.80059,35.87956],[139.80097,35.87998],[139.80092,35.88019],[139.80017,35.88063],[139.7999,35.88102],[139.79977,35.88114],[139.79947,35.88123],[139.79898,35.88128],[139.79883,35.88135],[139.79874,35.88147],[139.7987,35.8817],[139.79855,35.88186],[139.79786,35.88195],[139.79768,35.88203],[139.79722,35.88257],[139.79623,35.88322],[139.79587,35.88355],[139.7958,35.88389],[139.79593,35.88419],[139.79613,35.88436],[139.79651,35.88441],[139.79665,35.88448],[139.79677,35.88469],[139.79679,35.88501],[139.79687,35.88525],[139.79715,35.88547],[139.79722,35.88557],[139.79724,35.88582],[139.79716,35.88614],[139.79721,35.88641],[139.79737,35.88658],[139.79789,35.88688],[139.79819,35.8873],[139.7981,35.88745],[139.79753,35.88754],[139.79615,35.88762],[139.79496,35.88787],[139.7941,35.88814],[139.79325,35.88849],[139.7929,35.88866],[139.79237,35.88902],[139.79218,35.88921],[139.79195,35.88959],[139.79191,35.88994],[139.79199,35.89007],[139.79208,35.89005],[139.79235,35.88986],[139.79319,35.88907],[139.79369,35.88874],[139.79425,35.88849],[139.79515,35.88823],[139.79616,35.88804],[139.79688,35.88801],[139.79709,35.88805],[139.79722,35.88815],[139.79712,35.88831],[139.79682,35.88841],[139.79547,35.88852],[139.79455,35.88875],[139.79386,35.88902],[139.79312,35.88949],[139.79271,35.88991],[139.79245,35.89043],[139.79237,35.89091],[139.79235,35.89206],[139.79254,35.89106],[139.79269,35.89062],[139.79299,35.89014],[139.79357,35.88959],[139.79435,35.88915],[139.7955,35.88879],[139.79591,35.88871],[139.79645,35.88868],[139.79672,35.88872],[139.79688,35.88882],[139.79695,35.88898],[139.79688,35.88946],[139.79692,35.88959],[139.79716,35.88979],[139.79727,35.89011],[139.79749,35.89183],[139.79739,35.89261],[139.79725,35.89293],[139.79706,35.89321],[139.79682,35.89345],[139.79651,35.89365],[139.79616,35.89381],[139.79447,35.89433],[139.79407,35.89452],[139.79351,35.89486],[139.7932,35.8949],[139.79281,35.89485],[139.79266,35.89489],[139.79255,35.89499],[139.79234,35.89533],[139.79217,35.89543],[139.79197,35.89543],[139.7918,35.89537],[139.79152,35.89499],[139.79124,35.89544],[139.79096,35.89589],[139.79124,35.89589],[139.79096,35.89611],[139.79068,35.89634],[139.79068,35.89611],[139.79041,35.89634],[139.78937,35.89677],[139.7889,35.89702],[139.78877,35.89717],[139.78875,35.89747],[139.78985,35.89724],[139.78884,35.89878],[139.78849,35.89909],[139.78819,35.8992],[139.78799,35.89935],[139.78793,35.89949],[139.78793,35.89972],[139.78799,35.89984],[139.78811,35.89991],[139.78874,35.90001],[139.78935,35.90024],[139.78967,35.90041],[139.78996,35.90066],[139.79002,35.90083],[139.78995,35.90121],[139.78999,35.90132],[139.79022,35.90147],[139.79032,35.90161],[139.7904,35.90196],[139.79042,35.90244],[139.79051,35.9027],[139.79066,35.90292],[139.79115,35.9032],[139.79134,35.9034],[139.79149,35.90384],[139.79152,35.90439],[139.79164,35.90482],[139.79178,35.90503],[139.79226,35.90538],[139.79234,35.90561],[139.79225,35.9058],[139.79187,35.90604],[139.79177,35.90633],[139.79168,35.90641],[139.79083,35.90654],[139.79061,35.9067],[139.79037,35.90705],[139.79013,35.90714],[139.78984,35.90717],[139.7897,35.90726],[139.78958,35.90752],[139.78949,35.90813],[139.78938,35.90828],[139.78902,35.90845],[139.78886,35.90863],[139.78889,35.90912],[139.78874,35.90931],[139.78819,35.90954],[139.78734,35.90972],[139.78691,35.90987],[139.78664,35.91005],[139.78652,35.91025],[139.78649,35.91046],[139.78634,35.91058],[139.78589,35.9106],[139.78505,35.91047],[139.78481,35.91053],[139.7847,35.91068],[139.78475,35.91106],[139.78471,35.91126],[139.78449,35.91142],[139.78424,35.91143],[139.78392,35.91139],[139.78377,35.91129],[139.78374,35.91113],[139.78367,35.91103],[139.78351,35.91098],[139.78333,35.911],[139.78322,35.91109],[139.78315,35.91136],[139.78273,35.9115],[139.78261,35.91189],[139.78246,35.91205],[139.78201,35.91225],[139.78134,35.91242],[139.78089,35.91259],[139.78073,35.9127],[139.78068,35.9129],[139.78057,35.91299],[139.78039,35.91301],[139.78021,35.91297],[139.77994,35.91271],[139.77979,35.91267],[139.77942,35.91271],[139.77893,35.91285],[139.77853,35.91286],[139.77833,35.91278],[139.77781,35.91233],[139.77693,35.91185],[139.77674,35.91144],[139.77639,35.9112],[139.77643,35.91084],[139.77618,35.91061],[139.77578,35.91046],[139.77543,35.9104],[139.77482,35.91038],[139.77414,35.91044],[139.77381,35.91041],[139.77359,35.91031],[139.7735,35.91013],[139.77354,35.9098],[139.7737,35.90946],[139.77397,35.90912],[139.77444,35.90878],[139.77514,35.90844],[139.7763,35.90804],[139.77697,35.90787],[139.77788,35.90776],[139.77802,35.90766],[139.77821,35.90738],[139.7767,35.90776],[139.77541,35.90798],[139.77497,35.90799],[139.7746,35.90794],[139.77394,35.90774],[139.77364,35.90758],[139.77261,35.90677],[139.77243,35.90657],[139.77232,35.90632],[139.77165,35.90616],[139.7714,35.90595],[139.77098,35.90543],[139.77038,35.90524],[139.76999,35.90496],[139.76984,35.90478],[139.76973,35.90449],[139.7698,35.90405],[139.76979,35.90384],[139.76963,35.90356],[139.76931,35.90323],[139.76931,35.90302],[139.76955,35.90284],[139.76987,35.90275],[139.76999,35.90279],[139.77025,35.90305],[139.77074,35.90309],[139.77046,35.90151],[139.77012,35.90165],[139.76996,35.90165],[139.76986,35.90134],[139.76954,35.90111],[139.76944,35.90097],[139.76928,35.89986],[139.76916,35.89961],[139.76881,35.89924],[139.76871,35.89905],[139.76872,35.89875],[139.76889,35.89843],[139.76894,35.89822],[139.76889,35.89815],[139.76871,35.89812],[139.76858,35.89803],[139.76848,35.89752],[139.76818,35.8971],[139.76839,35.89697],[139.76909,35.89684],[139.76938,35.89673],[139.76956,35.89658],[139.76964,35.89627],[139.76971,35.89618],[139.77008,35.89602],[139.77037,35.89596],[139.7717,35.89588],[139.77329,35.8959],[139.77438,35.89599],[139.77483,35.89608],[139.77507,35.89619],[139.77518,35.89636],[139.77507,35.89647],[139.77436,35.89685],[139.77376,35.8974],[139.77325,35.89752],[139.77268,35.89792],[139.77244,35.89822],[139.7724,35.89858],[139.77382,35.89759],[139.77443,35.89721],[139.77513,35.89689],[139.77577,35.89669],[139.77647,35.89639],[139.77811,35.8955],[139.77873,35.89526],[139.7795,35.89506],[139.78127,35.89476],[139.78004,35.89463],[139.7795,35.89463],[139.77891,35.89476],[139.77827,35.89502],[139.77801,35.89502],[139.77789,35.89468],[139.77777,35.89456],[139.7772,35.89437],[139.77694,35.89419],[139.77686,35.89401],[139.77676,35.89352],[139.77657,35.89334],[139.77616,35.89317],[139.77611,35.89308],[139.77617,35.89293],[139.77614,35.89282],[139.77588,35.8927],[139.77517,35.89255],[139.77491,35.89239],[139.77477,35.89214],[139.77474,35.89199],[139.77479,35.89107],[139.77472,35.89095],[139.77453,35.89091],[139.7744,35.89078],[139.77436,35.89031],[139.77448,35.89],[139.77491,35.88954],[139.77515,35.88913],[139.77547,35.88778],[139.77564,35.88743],[139.77596,35.88703],[139.77607,35.8865],[139.7762,35.88636],[139.77639,35.88625],[139.77648,35.8861],[139.77665,35.88503],[139.77684,35.88479],[139.77721,35.88461],[139.77732,35.88443],[139.77749,35.88332],[139.77758,35.88314],[139.77785,35.88282],[139.77799,35.88254],[139.77848,35.8811],[139.77868,35.88082],[139.77896,35.88074],[139.77917,35.88058],[139.77944,35.88017],[139.77961,35.87975],[139.77957,35.87948],[139.77918,35.8792],[139.77916,35.87906],[139.77923,35.8789],[139.77919,35.87881],[139.77907,35.87873],[139.77861,35.87859],[139.77846,35.87846],[139.77842,35.87828],[139.77859,35.87777],[139.77861,35.87741],[139.77851,35.8772],[139.77809,35.87677],[139.77797,35.87652],[139.77801,35.87616],[139.77809,35.87609],[139.77827,35.87605],[139.77833,35.876],[139.7784,35.87572],[139.77842,35.87521],[139.77833,35.87299],[139.77843,35.87243],[139.7786,35.87229],[139.77863,35.8722],[139.77851,35.87201],[139.77825,35.87177],[139.77817,35.87158],[139.77825,35.87148],[139.77861,35.87132],[139.77876,35.87117],[139.779,35.87056],[139.77916,35.87035],[139.77952,35.87014],[139.78033,35.86992],[139.78043,35.86983],[139.78053,35.86957],[139.78092,35.86939],[139.78104,35.86922],[139.78099,35.86867],[139.78035,35.86689],[139.78018,35.866],[139.78021,35.86555],[139.78031,35.86525],[139.78068,35.86496],[139.78079,35.86463],[139.7811,35.86455],[139.78115,35.86446],[139.7811,35.86419],[139.78093,35.8638],[139.78092,35.86347],[139.78102,35.86331],[139.78131,35.86313],[139.78166,35.86303],[139.78231,35.86297],[139.78248,35.86286],[139.78257,35.86254],[139.7825,35.86207],[139.78251,35.86166],[139.78264,35.86134],[139.7829,35.86112],[139.78332,35.86099],[139.78435,35.8609],[139.78459,35.86074],[139.78469,35.86046],[139.78487,35.86042],[139.78524,35.86046],[139.78627,35.86073],[139.78576,35.85988],[139.78563,35.85953],[139.78561,35.85929],[139.78569,35.85909],[139.7859,35.85886],[139.7861,35.85874],[139.78638,35.85869],[139.78654,35.85857],[139.78671,35.8582],[139.78671,35.85797],[139.78662,35.8579],[139.78625,35.85794],[139.78603,35.85789],[139.78578,35.85776],[139.78524,35.85727],[139.78487,35.85701],[139.78464,35.85692],[139.78424,35.85688],[139.78404,35.8568],[139.78391,35.85665],[139.78391,35.85648],[139.78446,35.85601],[139.78451,35.85579],[139.78446,35.85562],[139.78433,35.85547],[139.78411,35.85535],[139.78309,35.85511],[139.78292,35.85498],[139.78289,35.8549],[139.78292,35.85471],[139.78323,35.85432],[139.7835,35.85414],[139.78379,35.85403],[139.78399,35.85385],[139.7841,35.85327],[139.78419,35.85312],[139.78434,35.85301],[139.7847,35.85287],[139.78488,35.85263],[139.78488,35.85238],[139.78472,35.85209],[139.78389,35.85125],[139.78379,35.85097],[139.78382,35.85081],[139.78395,35.85066],[139.78418,35.85052],[139.78491,35.85028],[139.78538,35.85004],[139.78561,35.84985],[139.78584,35.84953],[139.78613,35.84926],[139.78701,35.84876],[139.78709,35.84865],[139.78713,35.84849],[139.78722,35.84841],[139.78812,35.84826],[139.78847,35.84805],[139.78879,35.84774],[139.78902,35.84758],[139.7894,35.84746],[139.78998,35.8474],[139.79014,35.84729],[139.79024,35.84706],[139.7907,35.84697],[139.79078,35.84689],[139.7907,35.84662],[139.79024,35.84586],[139.79011,35.84527],[139.78998,35.84512],[139.78969,35.84493],[139.78961,35.84467],[139.78968,35.84435],[139.78988,35.84415],[139.79036,35.84381],[139.79044,35.84364],[139.79042,35.84354],[139.79026,35.84346],[139.78968,35.84352],[139.78935,35.84345],[139.78917,35.84331],[139.78902,35.8431],[139.78887,35.84262],[139.78893,35.84207],[139.78917,35.84176],[139.78959,35.8416],[139.79029,35.84155],[139.79043,35.84148],[139.79044,35.84142],[139.79025,35.8412],[139.78991,35.84101],[139.78966,35.84094],[139.78901,35.84086],[139.7887,35.84069],[139.78854,35.84051],[139.78838,35.84019],[139.78838,35.83994],[139.78847,35.83981],[139.7888,35.83965],[139.78901,35.83963],[139.78953,35.83968],[139.78974,35.83962],[139.78996,35.83933],[139.79008,35.83887],[139.79022,35.83855],[139.79034,35.83845],[139.79066,35.83836],[139.79085,35.83791],[139.79129,35.83753],[139.79152,35.83745],[139.79177,35.83744],[139.79241,35.83762],[139.79267,35.83757],[139.7929,35.83724],[139.79303,35.83714],[139.79349,35.83706],[139.79373,35.83694],[139.79397,35.83647],[139.79415,35.8363],[139.79458,35.83612],[139.79516,35.83601],[139.79563,35.83587],[139.79585,35.83573],[139.79629,35.83534],[139.79668,35.83524],[139.7968,35.83505],[139.79678,35.83481],[139.7965,35.83452],[139.79505,35.83371],[139.7949,35.83356],[139.79479,35.83332],[139.7946,35.83325],[139.79431,35.83324],[139.79412,35.83314],[139.79391,35.83257],[139.79359,35.83221],[139.79326,35.83194],[139.79266,35.83155],[139.79241,35.83146],[139.79209,35.83142],[139.79177,35.83123],[139.79105,35.83028],[139.79074,35.83004],[139.79045,35.82992],[139.79033,35.82975],[139.79041,35.82947],[139.79063,35.82916],[139.79089,35.82895],[139.79127,35.8288],[139.79137,35.82869],[139.79136,35.82845],[139.79108,35.82783],[139.791,35.82715],[139.79108,35.82658],[139.79126,35.82623],[139.79154,35.82591],[139.79211,35.82549],[139.7925,35.8251],[139.79263,35.82486],[139.7927,35.82444],[139.79279,35.82432],[139.79293,35.82425],[139.7933,35.8242],[139.79341,35.82413],[139.79354,35.82368],[139.79366,35.82351],[139.79449,35.82287],[139.79468,35.82248],[139.7953,35.8222],[139.79543,35.82201],[139.79534,35.8218],[139.79506,35.82174],[139.79499,35.82167],[139.79497,35.82154],[139.79504,35.82115],[139.79498,35.82102],[139.79469,35.82094],[139.79408,35.82097],[139.79385,35.82088],[139.7937,35.8207],[139.79357,35.82031],[139.79335,35.81999],[139.79313,35.81982],[139.79263,35.81956],[139.79237,35.81931],[139.79223,35.81899],[139.7922,35.81868],[139.7923,35.81839],[139.79246,35.81814],[139.79245,35.81803],[139.7922,35.81793],[139.79173,35.81792],[139.79137,35.81785],[139.79121,35.81777],[139.79094,35.81751],[139.79055,35.81743],[139.79028,35.81718],[139.78995,35.81658],[139.7899,35.81632],[139.79005,35.81619],[139.79101,35.8161],[139.7913,35.81599],[139.79148,35.8158],[139.79153,35.81568],[139.79158,35.81521],[139.79173,35.81486],[139.79197,35.8147],[139.79267,35.81454],[139.79328,35.81313],[139.79337,35.8127],[139.79339,35.81232],[139.79321,35.81158],[139.7931,35.8114],[139.79282,35.81114],[139.79282,35.8108],[139.79303,35.8101],[139.79308,35.80973],[139.79303,35.80961],[139.79285,35.80957],[139.79275,35.80948],[139.79267,35.80909],[139.79275,35.80853],[139.79285,35.8084],[139.79314,35.80823],[139.79322,35.80798],[139.79309,35.80768],[139.79261,35.80708],[139.79256,35.80687],[139.79286,35.80663],[139.79297,35.8062],[139.79308,35.80606],[139.7934,35.80592],[139.79372,35.80585],[139.79388,35.80577],[139.79401,35.80562],[139.79417,35.80522],[139.794,35.8052],[139.79243,35.80529],[139.79178,35.80542],[139.78723,35.80688],[139.78396,35.8069],[139.78313,35.80719],[139.78149,35.80715],[139.78114,35.80723],[139.78061,35.80751],[139.77992,35.80811],[139.77994,35.80826],[139.7799,35.80841],[139.77979,35.80845],[139.77969,35.80838],[139.77968,35.80832],[139.77964,35.80835],[139.77938,35.80829],[139.77939,35.80845],[139.77967,35.80845],[139.77951,35.80902],[139.77951,35.80924],[139.7796,35.80937],[139.77995,35.80955],[139.78009,35.8098],[139.78021,35.81046],[139.78023,35.8114],[139.7803,35.8121],[139.7804,35.81239],[139.78063,35.81265],[139.78068,35.81282],[139.78061,35.81299],[139.78052,35.81307],[139.78031,35.81311],[139.77993,35.81304],[139.7797,35.81305],[139.77954,35.81316],[139.77949,35.81331],[139.77959,35.81339],[139.78002,35.81345],[139.78014,35.81355],[139.7803,35.81426],[139.78059,35.81449],[139.78068,35.81463],[139.78077,35.8153],[139.78072,35.81559],[139.7806,35.81583],[139.7804,35.81602],[139.77992,35.81629],[139.77976,35.81647],[139.77968,35.8167],[139.77962,35.8172],[139.77953,35.81736],[139.77939,35.81745],[139.77912,35.81749],[139.77904,35.81761],[139.77906,35.81784],[139.77946,35.81875],[139.77962,35.81934],[139.77966,35.81993],[139.77957,35.82028],[139.77948,35.82044],[139.7792,35.82071],[139.77902,35.82082],[139.77802,35.82125],[139.77775,35.82151],[139.7777,35.82176],[139.77759,35.82191],[139.7774,35.82205],[139.7768,35.82229],[139.77658,35.82244],[139.77645,35.82271],[139.77648,35.82311],[139.77637,35.82324],[139.77615,35.82331],[139.77568,35.82333],[139.77536,35.82339],[139.77525,35.82347],[139.77521,35.82362],[139.7751,35.82368],[139.77478,35.82369],[139.7743,35.82363],[139.77398,35.82368],[139.77387,35.82377],[139.77376,35.8242],[139.77366,35.82429],[139.77346,35.82438],[139.77303,35.82445],[139.77266,35.82443],[139.7725,35.82434],[139.77241,35.82407],[139.77215,35.824],[139.77192,35.8241],[139.77171,35.82445],[139.7716,35.82455],[139.77136,35.82459],[139.77107,35.82452],[139.77084,35.82435],[139.77072,35.824],[139.77039,35.82378],[139.77034,35.82357],[139.7704,35.82318],[139.7703,35.82312],[139.76989,35.82325],[139.76903,35.82376],[139.76861,35.8241],[139.76839,35.82444],[139.76828,35.82452],[139.76804,35.82451],[139.76739,35.82426],[139.76665,35.82418],[139.76649,35.82401],[139.76656,35.82353],[139.76651,35.82336],[139.76602,35.82321],[139.76554,35.82285],[139.7653,35.82257],[139.76498,35.82194],[139.76462,35.82173],[139.76368,35.82152],[139.76322,35.82126],[139.7625,35.82049],[139.76234,35.82041],[139.762,35.82032],[139.76174,35.82018],[139.76084,35.81947],[139.76037,35.81899],[139.76021,35.81863],[139.75972,35.8185],[139.75912,35.81808],[139.75892,35.81785],[139.75882,35.81763],[139.75888,35.81729],[139.75908,35.81699],[139.75929,35.81682],[139.75956,35.81677],[139.75965,35.81667],[139.75956,35.81619],[139.75961,35.81608],[139.75983,35.81595],[139.75988,35.81587],[139.75965,35.81571],[139.75952,35.81553],[139.75947,35.81526],[139.75949,35.81496],[139.7596,35.81479],[139.75984,35.81474],[139.76001,35.81461],[139.7602,35.81415],[139.76015,35.81389],[139.75986,35.81382],[139.75966,35.81363],[139.75956,35.81331],[139.75961,35.8131],[139.75978,35.81292],[139.76001,35.81284],[139.76028,35.81288],[139.76086,35.8131],[139.76109,35.81308],[139.76125,35.81298],[139.76131,35.81291],[139.76127,35.81289],[139.75977,35.81232],[139.7584,35.81205],[139.75759,35.81197],[139.75715,35.81206],[139.75561,35.81271],[139.7552,35.81073],[139.75478,35.81057],[139.75446,35.81087],[139.75384,35.81047],[139.75301,35.81094],[139.75248,35.81057],[139.75191,35.81094],[139.75151,35.81061],[139.75142,35.81073],[139.75077,35.81017],[139.7508,35.80959],[139.75045,35.80929],[139.75083,35.80891],[139.7503,35.80862],[139.75093,35.80789],[139.7505,35.80752],[139.75047,35.80727],[139.75066,35.80667],[139.75097,35.80637],[139.7522,35.80559],[139.75457,35.80368],[139.7551,35.80337],[139.7553,35.80318],[139.75578,35.80231],[139.75628,35.80175],[139.75821,35.80003],[139.75979,35.79895],[139.75956,35.79861],[139.75944,35.79835],[139.75927,35.7976],[139.75902,35.79696],[139.75876,35.79661],[139.75804,35.79594],[139.75782,35.79553],[139.75787,35.79514],[139.75798,35.79489],[139.75816,35.79474],[139.75847,35.79468],[139.75854,35.79459],[139.75853,35.79391],[139.75879,35.79358],[139.75909,35.79337],[139.75899,35.79317],[139.7556,35.79003],[139.75589,35.78968],[139.75601,35.78882],[139.75626,35.78864],[139.75584,35.7883],[139.75583,35.78818],[139.75532,35.78759],[139.75543,35.78739],[139.7554,35.78719],[139.755,35.7869],[139.75484,35.78702],[139.75468,35.78696],[139.75378,35.78695],[139.75349,35.78649],[139.75307,35.78638],[139.75228,35.78623],[139.75171,35.78624],[139.75142,35.78612],[139.75122,35.78643],[139.75003,35.78594],[139.74928,35.78605],[139.74902,35.78619],[139.74886,35.786],[139.74765,35.78669],[139.74677,35.78685],[139.7467,35.78682],[139.74659,35.78493],[139.74629,35.78389],[139.74582,35.78328],[139.74507,35.78282],[139.74262,35.7817],[139.74106,35.78125],[139.73805,35.78022],[139.73783,35.78053],[139.73846,35.78587],[139.73854,35.7874],[139.73819,35.78778],[139.7375,35.78828],[139.73638,35.78901],[139.73533,35.78957],[139.73445,35.78993],[139.73387,35.79005],[139.73187,35.78953],[139.73005,35.78868],[139.72776,35.78784],[139.7267,35.78753],[139.72616,35.78786],[139.72475,35.78826],[139.7242,35.78847],[139.72377,35.78872],[139.7233,35.78911],[139.72287,35.78927],[139.72284,35.78927],[139.7225,35.79024],[139.72224,35.79073],[139.72074,35.79143],[139.71926,35.79179],[139.71832,35.79188],[139.70975,35.79195],[139.7092,35.79202],[139.7073,35.79253],[139.70526,35.79341],[139.70321,35.79471],[139.69968,35.79723],[139.69686,35.7989],[139.69534,35.79968],[139.6944,35.80005],[139.69316,35.8004],[139.6906,35.8008],[139.6892,35.80088],[139.68783,35.80084],[139.68662,35.80063],[139.68189,35.7993],[139.67954,35.79891],[139.67838,35.79882],[139.67593,35.79889],[139.67383,35.79917],[139.67106,35.8],[139.66977,35.80024],[139.66737,35.80045],[139.65778,35.8005],[139.65336,35.80023],[139.65038,35.79873],[139.65038,35.79874],[139.65015,35.79884],[139.64975,35.79887],[139.64945,35.79897],[139.64932,35.79908],[139.64918,35.79932],[139.64884,35.79951],[139.64778,35.79971],[139.64725,35.79985],[139.64639,35.8002],[139.64522,35.80078],[139.64475,35.80094],[139.6442,35.80101],[139.64383,35.80089],[139.64357,35.80068],[139.64337,35.80028],[139.64322,35.80016],[139.64286,35.80014],[139.64218,35.80028],[139.64184,35.80024],[139.64149,35.80012],[139.64041,35.79954],[139.63888,35.79907],[139.63836,35.79905],[139.63818,35.79896],[139.63807,35.7987],[139.638,35.79821],[139.63788,35.79805],[139.63769,35.79796],[139.63721,35.79792],[139.63705,35.79787],[139.63697,35.79779],[139.63687,35.79754],[139.63634,35.79727],[139.63629,35.79706],[139.63648,35.79666],[139.63645,35.79645],[139.6363,35.79638],[139.6358,35.79632],[139.63559,35.79622],[139.63503,35.7956],[139.63476,35.79547],[139.63445,35.79545],[139.63418,35.79535],[139.63354,35.7948],[139.63217,35.79406],[139.63186,35.79376],[139.63183,35.79358],[139.63196,35.79335],[139.63216,35.79318],[139.63253,35.79305],[139.63261,35.79296],[139.63198,35.79266],[139.63167,35.79237],[139.63163,35.79222],[139.63178,35.79205],[139.63235,35.79191],[139.6326,35.79173],[139.63261,35.79156],[139.63245,35.79122],[139.63236,35.79086],[139.63242,35.79031],[139.63278,35.78957],[139.63294,35.78933],[139.63273,35.78929],[139.63199,35.78868],[139.63157,35.7882],[139.63203,35.78771],[139.63213,35.78745],[139.63089,35.78734],[139.6302,35.78733],[139.62996,35.78727],[139.6298,35.78712],[139.62973,35.78677],[139.62954,35.78666],[139.62935,35.78669],[139.62924,35.78677],[139.62892,35.78723],[139.62869,35.78732],[139.62849,35.78733],[139.6282,35.78726],[139.6281,35.78703],[139.62782,35.78689],[139.62682,35.78672],[139.62629,35.78657],[139.62595,35.78636],[139.62578,35.78612],[139.62573,35.7859],[139.6258,35.7856],[139.62564,35.78553],[139.62528,35.78549],[139.62517,35.78542],[139.6251,35.7853],[139.62505,35.78498],[139.6249,35.78472],[139.62453,35.7844],[139.6243,35.78431],[139.62416,35.78457],[139.6239,35.78469],[139.62343,35.78482],[139.6233,35.7849],[139.62326,35.78499],[139.62335,35.78515],[139.62346,35.78521],[139.62361,35.78522],[139.62418,35.78515],[139.6245,35.78527],[139.62472,35.78558],[139.62481,35.78612],[139.62477,35.78656],[139.62468,35.78675],[139.62454,35.78686],[139.62425,35.78691],[139.62413,35.78709],[139.62408,35.7874],[139.62415,35.78841],[139.62409,35.78909],[139.62393,35.78952],[139.62342,35.79026],[139.62393,35.79041],[139.62412,35.79055],[139.62423,35.79085],[139.62422,35.79126],[139.62409,35.79156],[139.62383,35.79189],[139.62258,35.79296],[139.62293,35.79297],[139.62305,35.79302],[139.62312,35.79318],[139.62313,35.79334],[139.62304,35.79361],[139.62276,35.7938],[139.62269,35.79393],[139.62273,35.79462],[139.62263,35.79481],[139.62252,35.79488],[139.62221,35.79497],[139.62153,35.79499],[139.62088,35.79509],[139.61944,35.79559],[139.61903,35.79565],[139.61815,35.79565],[139.6183,35.79637],[139.61825,35.79669],[139.61818,35.79682],[139.61796,35.79706],[139.61716,35.79767],[139.61696,35.79803],[139.61649,35.79812],[139.61558,35.79809],[139.61522,35.79798],[139.61486,35.79777],[139.61465,35.79776],[139.61444,35.79781],[139.61419,35.79774],[139.61391,35.79751],[139.61362,35.79715],[139.61342,35.79672],[139.61324,35.7961],[139.61308,35.79592],[139.61298,35.79588],[139.61272,35.79589],[139.61195,35.79621],[139.61154,35.79632],[139.61132,35.79628],[139.61121,35.79602],[139.61102,35.79594],[139.61045,35.79599],[139.61002,35.79614],[139.60996,35.79623],[139.61004,35.79639],[139.61024,35.79652],[139.61043,35.79654],[139.61055,35.79667],[139.61065,35.79718],[139.61067,35.79772],[139.61058,35.79906],[139.61049,35.79935],[139.61024,35.79964],[139.61017,35.79983],[139.61013,35.80045],[139.61019,35.80065],[139.61031,35.80077],[139.61075,35.80086],[139.61086,35.80093],[139.61093,35.80105],[139.61093,35.80129],[139.61081,35.80154],[139.61067,35.80171],[139.61026,35.80201],[139.60995,35.80209],[139.60945,35.80202],[139.60927,35.80204],[139.60904,35.80214],[139.6089,35.80227],[139.60855,35.80291],[139.60831,35.80375],[139.60836,35.80402],[139.60859,35.80417],[139.60869,35.80429],[139.60871,35.8045],[139.60859,35.80461],[139.60816,35.80466],[139.60802,35.80473],[139.60793,35.80486],[139.60784,35.80525],[139.60763,35.80541],[139.60698,35.80553],[139.60555,35.8055],[139.60516,35.8054],[139.60507,35.80514],[139.60494,35.80503],[139.60474,35.80495],[139.6046,35.80497],[139.60432,35.80516],[139.60413,35.80548],[139.60411,35.80568],[139.60422,35.80597],[139.60413,35.80625],[139.60395,35.8064],[139.60363,35.80646],[139.60352,35.80653],[139.6033,35.80695],[139.60314,35.80714],[139.60267,35.80735],[139.60117,35.80761],[139.601,35.80771],[139.60092,35.80792],[139.60077,35.80805],[139.60008,35.80822],[139.59967,35.80824],[139.59948,35.80821],[139.59928,35.80808],[139.5991,35.80778],[139.59892,35.80762],[139.59828,35.80749],[139.59816,35.8072],[139.59807,35.80712],[139.59753,35.80688],[139.59747,35.80679],[139.59752,35.80658],[139.59737,35.8065],[139.59656,35.80643],[139.59544,35.80647],[139.59478,35.8066],[139.59405,35.80688],[139.59424,35.80744],[139.59438,35.80766],[139.59457,35.80779],[139.59507,35.80794],[139.59528,35.80805],[139.5955,35.8083],[139.59572,35.80875],[139.59579,35.80874],[139.59602,35.80853],[139.59645,35.80846],[139.59663,35.80856],[139.59678,35.80881],[139.59696,35.80973],[139.59691,35.81034],[139.59684,35.81047],[139.59662,35.8106],[139.59583,35.81058],[139.59572,35.81064],[139.59571,35.81079],[139.59578,35.81089],[139.59607,35.81096],[139.59619,35.81108],[139.59654,35.81226],[139.59661,35.81227],[139.59672,35.81206],[139.59691,35.8119],[139.59716,35.81184],[139.59744,35.81188],[139.59759,35.81205],[139.59766,35.81253],[139.59772,35.81266],[139.59781,35.81273],[139.59794,35.81274],[139.59804,35.81286],[139.59809,35.81332],[139.59799,35.81464],[139.59804,35.8151],[139.59814,35.81522],[139.59828,35.81524],[139.59853,35.81536],[139.59881,35.81562],[139.59908,35.81596],[139.59927,35.81641],[139.59927,35.81673],[139.59919,35.81698],[139.59909,35.81709],[139.59881,35.81726],[139.59872,35.81745],[139.59881,35.81766],[139.59909,35.81771],[139.59922,35.81781],[139.59926,35.81816],[139.59914,35.81831],[139.59873,35.81839],[139.59865,35.81852],[139.59919,35.8193],[139.59926,35.81949],[139.59926,35.81973],[139.59914,35.81992],[139.59877,35.82002],[139.59864,35.82038],[139.59808,35.82081],[139.59792,35.82115],[139.59783,35.82188],[139.59771,35.82204],[139.59751,35.82211],[139.59713,35.82206],[139.59687,35.82211],[139.59679,35.8222],[139.59672,35.8225],[139.5966,35.82259],[139.59641,35.82264],[139.59573,35.82269],[139.59518,35.82285],[139.59466,35.82313],[139.59455,35.82335],[139.59446,35.82344],[139.5941,35.82348],[139.59346,35.82342],[139.59308,35.82335],[139.59277,35.82323],[139.59274,35.82313],[139.5928,35.82301],[139.59278,35.82284],[139.59243,35.82241],[139.59232,35.82183],[139.59219,35.82172],[139.59209,35.82171],[139.59172,35.82179],[139.59068,35.82219],[139.59063,35.82181],[139.5905,35.82175],[139.5903,35.82175],[139.58995,35.82191],[139.5893,35.82241],[139.58861,35.8227],[139.58824,35.82295],[139.58819,35.82312],[139.58828,35.82327],[139.58874,35.82331],[139.58837,35.82416],[139.58814,35.82443],[139.58789,35.82455],[139.58741,35.82454],[139.58702,35.82439],[139.58683,35.82414],[139.58675,35.82377],[139.58663,35.82369],[139.58632,35.82373],[139.58597,35.82392],[139.58581,35.82417],[139.58585,35.82474],[139.5857,35.82487],[139.58534,35.82494],[139.58522,35.82506],[139.58504,35.8259],[139.58488,35.82612],[139.58439,35.82649],[139.58418,35.82675],[139.58395,35.82727],[139.58376,35.82807],[139.5836,35.82835],[139.58339,35.82853],[139.58289,35.82872],[139.5827,35.8289],[139.58256,35.82915],[139.58237,35.82977],[139.58221,35.83],[139.582,35.83019],[139.58137,35.83042],[139.58109,35.83043],[139.58088,35.83037],[139.58075,35.83041],[139.58068,35.83074],[139.58059,35.8309],[139.58033,35.8311],[139.57986,35.83133],[139.57973,35.83147],[139.57969,35.83162],[139.57977,35.83202],[139.57968,35.83222],[139.57955,35.83234],[139.57939,35.83241],[139.57919,35.83242],[139.57856,35.83224],[139.57826,35.83223],[139.57813,35.83231],[139.57789,35.83265],[139.57765,35.83274],[139.57746,35.83276],[139.57729,35.83272],[139.57717,35.83265],[139.57706,35.83222],[139.57697,35.83207],[139.57673,35.83188],[139.57653,35.83178],[139.57634,35.83176],[139.57617,35.83181],[139.57588,35.83207],[139.57568,35.83217],[139.57554,35.83214],[139.57508,35.83189],[139.5746,35.83185],[139.57437,35.83195],[139.57424,35.83226],[139.57395,35.83231],[139.57374,35.83244],[139.57323,35.83306],[139.57305,35.83315],[139.57267,35.83324],[139.57257,35.83345],[139.57255,35.83383],[139.57279,35.8353],[139.57283,35.83608],[139.57274,35.83635],[139.57259,35.83648],[139.57245,35.83648],[139.5721,35.83635],[139.57127,35.83567],[139.57143,35.83622],[139.57139,35.83638],[139.57064,35.83596],[139.56921,35.83556],[139.56872,35.83536],[139.56809,35.83493],[139.56717,35.83401],[139.56688,35.83386],[139.56666,35.8339],[139.56657,35.83411],[139.56675,35.83439],[139.5673,35.83489],[139.5685,35.83589],[139.5673,35.83562],[139.56707,35.83559],[139.56679,35.83562],[139.56672,35.83567],[139.56669,35.83583],[139.5668,35.83614],[139.56696,35.83635],[139.56721,35.83651],[139.56728,35.83663],[139.56729,35.83693],[139.56718,35.83732],[139.56698,35.83749],[139.56667,35.83758],[139.56536,35.83755],[139.56521,35.83761],[139.5651,35.83784],[139.5649,35.8379],[139.56462,35.8379],[139.56442,35.83784],[139.5643,35.83753],[139.56386,35.83739],[139.5636,35.837],[139.56342,35.83684],[139.56305,35.83678],[139.56288,35.83685],[139.56277,35.83703],[139.5627,35.8373],[139.56274,35.83811],[139.56287,35.83833],[139.56315,35.8384],[139.56324,35.83855],[139.56318,35.83876],[139.56287,35.83899],[139.56282,35.83917],[139.56284,35.83944],[139.56309,35.8406],[139.56304,35.84096],[139.56287,35.84116],[139.56281,35.84132],[139.56286,35.84165],[139.56303,35.84204],[139.56303,35.84224],[139.563,35.84231],[139.56285,35.84239],[139.56238,35.84243],[139.56222,35.84248],[139.56213,35.84256],[139.56206,35.84277],[139.56194,35.84285],[139.56127,35.84305],[139.56106,35.84318],[139.56095,35.84349],[139.56064,35.8437],[139.56056,35.84381],[139.56054,35.84396],[139.56061,35.84439],[139.56048,35.84479],[139.56012,35.84525],[139.55957,35.84569],[139.55895,35.84595],[139.55745,35.84608],[139.55659,35.84636],[139.55635,35.84638],[139.55582,35.84631],[139.55557,35.84632],[139.55548,35.84638],[139.55538,35.84661],[139.55527,35.84666],[139.55476,35.84672],[139.55464,35.84682],[139.55462,35.84698],[139.55454,35.84708],[139.55414,35.84717],[139.55387,35.84742],[139.55376,35.84746],[139.55362,35.84745],[139.55322,35.84727],[139.55297,35.84721],[139.55253,35.8472],[139.55203,35.84726],[139.55175,35.84722],[139.55142,35.84704],[139.55121,35.84678],[139.55109,35.84681],[139.55099,35.84706],[139.55091,35.84753],[139.55084,35.84855],[139.55093,35.84896],[139.55117,35.84915],[139.55125,35.8493],[139.5513,35.84964],[139.55126,35.8499],[139.55106,35.8501],[139.55071,35.85022],[139.54962,35.85029],[139.54904,35.85044],[139.54884,35.85064],[139.54876,35.85113],[139.54867,35.85129],[139.54853,35.85138],[139.54796,35.85146],[139.54766,35.85164],[139.54756,35.85179],[139.54751,35.85197],[139.54759,35.8526],[139.54753,35.8529],[139.54741,35.85302],[139.54712,35.85315],[139.54685,35.85345],[139.5464,35.85457],[139.54626,35.85482],[139.54612,35.85496],[139.54599,35.85499],[139.54583,35.85495],[139.54572,35.85469],[139.54561,35.85463],[139.54529,35.85462],[139.54481,35.85468],[139.54445,35.85464],[139.54429,35.85454],[139.54407,35.85422],[139.54387,35.85439],[139.5437,35.85447],[139.54308,35.85453],[139.54235,35.85449],[139.5421,35.85443],[139.54184,35.85428],[139.54166,35.85426],[139.54129,35.85447],[139.54064,35.85514],[139.54012,35.85551],[139.53977,35.85563],[139.53895,35.85572],[139.53884,35.8558],[139.53881,35.85595],[139.53873,35.85602],[139.53827,35.85595],[139.53754,35.85619],[139.53736,35.85609],[139.53721,35.85587],[139.53697,35.85573],[139.53635,35.85558],[139.53549,35.85548],[139.5349,35.85537],[139.53471,35.85527],[139.53459,35.85501],[139.53415,35.8549],[139.53373,35.85451],[139.53352,35.85439],[139.53312,35.8543],[139.5324,35.85424],[139.53221,35.85413],[139.5321,35.85387],[139.53187,35.85383],[139.53172,35.85389],[139.53163,35.85413],[139.53171,35.8544],[139.53182,35.85448],[139.53233,35.85457],[139.53242,35.85467],[139.53246,35.8548],[139.53238,35.8551],[139.53226,35.85521],[139.5319,35.85537],[139.53178,35.85556],[139.53173,35.85587],[139.53174,35.8563],[139.53191,35.85697],[139.53201,35.85714],[139.53227,35.8574],[139.53262,35.85754],[139.53317,35.85766],[139.5334,35.85782],[139.53353,35.85803],[139.53356,35.85843],[139.53368,35.85872],[139.53382,35.85885],[139.53421,35.859],[139.53447,35.85917],[139.53469,35.8594],[139.53482,35.85965],[139.53483,35.85991],[139.53468,35.86022],[139.53447,35.86039],[139.53418,35.8605],[139.53403,35.86067],[139.53394,35.861],[139.53392,35.86148],[139.53401,35.86242],[139.53419,35.86315],[139.53435,35.86348],[139.53484,35.86402],[139.53491,35.86436],[139.53483,35.86457],[139.5347,35.86468],[139.53408,35.86488],[139.53406,35.86573],[139.53397,35.86608],[139.53371,35.86643],[139.53332,35.86668],[139.53282,35.86682],[139.53224,35.86677],[139.53211,35.86684],[139.53194,35.86713],[139.53175,35.86725],[139.5311,35.86722],[139.531,35.86743],[139.53084,35.86752],[139.52931,35.86782],[139.52898,35.86794],[139.52828,35.86834],[139.5279,35.86838],[139.52739,35.86833],[139.52721,35.86837],[139.52707,35.86847],[139.52687,35.86877],[139.52668,35.86889],[139.52559,35.86919],[139.52514,35.86943],[139.52458,35.86983],[139.5243,35.86995],[139.52349,35.8701],[139.52346,35.87026],[139.52373,35.87065],[139.52381,35.87096],[139.52373,35.87115],[139.52345,35.87134],[139.52361,35.87143],[139.52432,35.87158],[139.52458,35.87171],[139.52472,35.87202],[139.5252,35.87223],[139.52534,35.87234],[139.52546,35.87258],[139.52546,35.8729],[139.52534,35.87318],[139.525,35.87345],[139.52463,35.87356],[139.52427,35.8735],[139.52418,35.87354],[139.52425,35.87388],[139.5242,35.87413],[139.52356,35.87488],[139.52318,35.87579],[139.52306,35.87587],[139.52282,35.87592],[139.5227,35.87611],[139.52274,35.87646],[139.52282,35.87653],[139.52305,35.8766],[139.52314,35.87685],[139.52308,35.87758],[139.52296,35.87796],[139.52264,35.87834],[139.52235,35.87847],[139.52203,35.87854],[139.52174,35.87875],[139.52168,35.87896],[139.52174,35.87936],[139.52169,35.87972],[139.52153,35.87995],[139.52101,35.88039],[139.5208,35.88109],[139.52059,35.8813],[139.52029,35.88136],[139.5201,35.88135],[139.51904,35.88118],[139.51875,35.88119],[139.51855,35.88126],[139.51841,35.88139],[139.5183,35.88161],[139.51808,35.88253],[139.51788,35.88289],[139.5175,35.88314],[139.51696,35.88328],[139.51624,35.88331],[139.51536,35.88326],[139.51486,35.88316],[139.51466,35.88297],[139.51455,35.88323],[139.51436,35.8833],[139.51407,35.8833],[139.51383,35.88323],[139.51351,35.88292],[139.51328,35.88285],[139.51285,35.88292],[139.51222,35.88314],[139.51188,35.88315],[139.5117,35.88307],[139.51137,35.88276],[139.51101,35.88255],[139.51053,35.88236],[139.51012,35.8823],[139.50986,35.88239],[139.50972,35.88262],[139.50946,35.88278],[139.50835,35.88291],[139.50819,35.88299],[139.50798,35.88322],[139.50767,35.88329],[139.50756,35.88324],[139.50748,35.88315],[139.50741,35.8826],[139.50735,35.88247],[139.50719,35.88238],[139.50706,35.8824],[139.50694,35.88251],[139.50684,35.8827],[139.50672,35.88314],[139.5067,35.88343],[139.50681,35.88372],[139.50715,35.88392],[139.50735,35.88429],[139.50741,35.8848],[139.50742,35.88622],[139.5077,35.88679],[139.50787,35.88688],[139.50806,35.88691],[139.50819,35.88703],[139.50829,35.88768],[139.50842,35.88786],[139.50868,35.88803],[139.5087,35.88812],[139.50861,35.88842],[139.5089,35.88871],[139.50885,35.889],[139.50835,35.88999],[139.50834,35.89018],[139.50841,35.89043],[139.5083,35.89049],[139.50795,35.8905],[139.50761,35.89177],[139.50753,35.89237],[139.50758,35.89257],[139.50789,35.89284],[139.50799,35.89336],[139.50831,35.89375],[139.50838,35.89391],[139.5084,35.89412],[139.50834,35.89451],[139.50815,35.89481],[139.50785,35.89491],[139.50734,35.89485],[139.50712,35.89487],[139.5066,35.89511],[139.50647,35.89482],[139.50631,35.89477],[139.50616,35.89479],[139.50588,35.89491],[139.50498,35.89551],[139.50463,35.89558],[139.50419,35.89554],[139.5041,35.89561],[139.504,35.89602],[139.50379,35.89635],[139.50343,35.89675],[139.50307,35.89702],[139.50234,35.8974],[139.50025,35.89819],[139.49979,35.89846],[139.49906,35.89904],[139.4985,35.89926],[139.49906,35.89926],[139.4985,35.89949],[139.49822,35.89971],[139.49797,35.90089],[139.49784,35.90114],[139.49758,35.90129],[139.49714,35.90121],[139.49677,35.90088],[139.49598,35.90062],[139.49602,35.90053],[139.49648,35.90033],[139.49656,35.90018],[139.4965,35.90005],[139.49624,35.9],[139.49563,35.90007],[139.49535,35.90006],[139.49529,35.9],[139.49536,35.89977],[139.49527,35.89971],[139.49496,35.89974],[139.49461,35.90008],[139.49431,35.90015],[139.49399,35.89997],[139.49342,35.89932],[139.49321,35.89923],[139.4929,35.89961],[139.49215,35.89992],[139.4921,35.90017],[139.49256,35.90101],[139.49252,35.90145],[139.49261,35.90153],[139.49296,35.90168],[139.49315,35.90202],[139.49321,35.90239],[139.49325,35.90326],[139.49331,35.90349],[139.4934,35.90357],[139.49367,35.90344],[139.49381,35.90345],[139.49397,35.90356],[139.49433,35.90398],[139.49503,35.90399],[139.49546,35.90409],[139.4959,35.90437],[139.49606,35.90456],[139.49614,35.90477],[139.49614,35.90515],[139.49601,35.90556],[139.4958,35.90589],[139.49536,35.90634],[139.49525,35.90659],[139.4953,35.90684],[139.49543,35.90703],[139.4956,35.90713],[139.49579,35.90715],[139.49584,35.9072],[139.49553,35.90779],[139.49552,35.9081],[139.49559,35.90849],[139.49549,35.90862],[139.49513,35.90858],[139.49494,35.90869],[139.49477,35.90954],[139.49468,35.90967],[139.49441,35.90985],[139.49413,35.91028],[139.49383,35.91113],[139.49371,35.91225],[139.49358,35.91252],[139.49335,35.91269],[139.49301,35.91276],[139.49263,35.91278],[139.49239,35.91289],[139.49232,35.91297],[139.49228,35.91321],[139.49247,35.91381],[139.49248,35.91402],[139.49243,35.91417],[139.49212,35.91439],[139.49207,35.91459],[139.49212,35.91466],[139.49224,35.91468],[139.49283,35.91451],[139.49311,35.91456],[139.49324,35.91463],[139.49352,35.91487],[139.4943,35.91581],[139.49453,35.91597],[139.49503,35.9162],[139.49509,35.91629],[139.49509,35.91646],[139.49491,35.91663],[139.4944,35.91685],[139.49429,35.91704],[139.49419,35.91742],[139.494,35.91756],[139.49352,35.91777],[139.49342,35.91803],[139.49333,35.91812],[139.4925,35.91842],[139.49234,35.91861],[139.49225,35.91897],[139.49213,35.91904],[139.49177,35.91908],[139.49165,35.91915],[139.4916,35.91937],[139.49167,35.91969],[139.49165,35.92003],[139.49152,35.92037],[139.49129,35.92066],[139.49097,35.92083],[139.49016,35.92094],[139.48981,35.92123],[139.48935,35.92119],[139.48928,35.92132],[139.48921,35.92166],[139.48908,35.92176],[139.48889,35.92177],[139.48876,35.92184],[139.48863,35.92215],[139.48798,35.92228],[139.48785,35.92237],[139.48754,35.9228],[139.48724,35.92295],[139.48684,35.92306],[139.48656,35.9232],[139.48614,35.92355],[139.48539,35.92433],[139.48521,35.92444],[139.4848,35.92454],[139.4842,35.92496],[139.48381,35.92534],[139.48369,35.92566],[139.48358,35.92572],[139.4831,35.92571],[139.48261,35.9256],[139.48219,35.92543],[139.48155,35.92501],[139.48124,35.92491],[139.48086,35.92487],[139.4807,35.92474],[139.48064,35.92445],[139.48054,35.92437],[139.48021,35.92438],[139.47973,35.92451],[139.47932,35.92448],[139.47912,35.92436],[139.47889,35.92406],[139.47861,35.92381],[139.47837,35.9237],[139.47777,35.92353],[139.4774,35.92325],[139.47718,35.92326],[139.47684,35.92337],[139.47562,35.9239],[139.47525,35.92396],[139.4751,35.92394],[139.47489,35.92381],[139.4745,35.92335],[139.47388,35.92305],[139.47379,35.92293],[139.47374,35.92262],[139.47367,35.92252],[139.47355,35.92248],[139.47317,35.92253],[139.47292,35.92248],[139.47248,35.92225],[139.47183,35.92178],[139.47147,35.92165],[139.47129,35.92169],[139.4709,35.9219],[139.47037,35.92198],[139.47032,35.92215],[139.47056,35.92275],[139.47051,35.92282],[139.47015,35.92291],[139.46988,35.92317],[139.46962,35.92321],[139.46912,35.92315],[139.46891,35.92318],[139.46868,35.92336],[139.46849,35.92373],[139.46833,35.9238],[139.46812,35.9238],[139.46774,35.92367],[139.46757,35.92368],[139.46752,35.92372],[139.46748,35.92388],[139.46754,35.92443],[139.46744,35.9249],[139.46705,35.92554],[139.46658,35.92589],[139.46618,35.92603],[139.46531,35.92619],[139.465,35.92632],[139.4648,35.92649],[139.46461,35.92688],[139.4644,35.92701],[139.46412,35.92697],[139.46389,35.92685],[139.46377,35.92666],[139.46374,35.92642],[139.46358,35.92626],[139.46327,35.9262],[139.46288,35.92624],[139.46285,35.92634],[139.46302,35.92651],[139.46311,35.92671],[139.46308,35.92694],[139.46296,35.92716],[139.46281,35.92729],[139.46245,35.92736],[139.46229,35.92772],[139.46172,35.92797],[139.46157,35.92808],[139.46119,35.92861],[139.46088,35.92868],[139.46076,35.92875],[139.46045,35.92936],[139.46024,35.92952],[139.45995,35.92957],[139.45958,35.92946],[139.459,35.92895],[139.45854,35.92882],[139.4584,35.92866],[139.45825,35.92837],[139.45803,35.92822],[139.45774,35.92825],[139.45757,35.92857],[139.45738,35.92858],[139.45709,35.92849],[139.45681,35.92831],[139.45643,35.92782],[139.4562,35.92763],[139.45591,35.92746],[139.45516,35.92721],[139.4549,35.92706],[139.45473,35.92678],[139.45478,35.92629],[139.45471,35.92626],[139.45446,35.9263],[139.45435,35.92623],[139.45422,35.926],[139.45416,35.92573],[139.45409,35.92498],[139.45403,35.92211],[139.4539,35.9212],[139.45378,35.92077],[139.45355,35.92036],[139.4532,35.91991],[139.4512,35.91806],[139.45091,35.91771],[139.45057,35.91714],[139.45034,35.91688],[139.44934,35.91611],[139.44919,35.91595],[139.44911,35.91571],[139.449,35.91557],[139.44849,35.91537],[139.44834,35.91524],[139.4483,35.91508],[139.44835,35.91493],[139.44874,35.91463],[139.44876,35.91444],[139.4487,35.91428],[139.44874,35.91414],[139.44905,35.91402],[139.4501,35.91392],[139.45047,35.91378],[139.45076,35.91355],[139.45119,35.91297],[139.45136,35.9128],[139.45153,35.91273],[139.45181,35.91276],[139.45195,35.91267],[139.4525,35.91185],[139.45264,35.91176],[139.45299,35.91168],[139.4535,35.91125],[139.45381,35.91121],[139.45471,35.91145],[139.45505,35.91143],[139.45525,35.91135],[139.45541,35.91119],[139.45555,35.91094],[139.45581,35.90997],[139.45592,35.9098],[139.45604,35.90972],[139.45618,35.90975],[139.4563,35.90987],[139.45639,35.9101],[139.4566,35.91093],[139.45673,35.91116],[139.45689,35.91128],[139.45709,35.91131],[139.45735,35.91124],[139.45748,35.91115],[139.45766,35.91085],[139.4578,35.91074],[139.4581,35.91064],[139.45849,35.91063],[139.45878,35.91056],[139.45905,35.91034],[139.45918,35.91028],[139.46021,35.91032],[139.4604,35.91026],[139.46078,35.91004],[139.46125,35.90997],[139.46144,35.91002],[139.46158,35.91014],[139.46182,35.91072],[139.46195,35.9109],[139.46214,35.91099],[139.46264,35.91096],[139.46298,35.91104],[139.46319,35.91122],[139.46355,35.91178],[139.46408,35.91179],[139.4643,35.91186],[139.46455,35.91208],[139.46484,35.91247],[139.46501,35.9126],[139.46529,35.91268],[139.46555,35.91264],[139.46566,35.91247],[139.46559,35.91207],[139.46563,35.91188],[139.46586,35.91165],[139.46623,35.91145],[139.46649,35.91106],[139.46658,35.91068],[139.46663,35.90997],[139.46682,35.9095],[139.46706,35.90934],[139.46786,35.90924],[139.46797,35.90916],[139.46801,35.90901],[139.46812,35.9089],[139.4687,35.9088],[139.46881,35.90864],[139.46885,35.90841],[139.46909,35.90822],[139.46937,35.90813],[139.47009,35.908],[139.47035,35.90787],[139.47037,35.90777],[139.47018,35.90759],[139.46966,35.9075],[139.46946,35.90737],[139.46939,35.90712],[139.46944,35.90675],[139.46957,35.90663],[139.46976,35.9066],[139.46986,35.90653],[139.46994,35.90632],[139.46996,35.90601],[139.47008,35.9058],[139.47022,35.90573],[139.4705,35.9057],[139.47066,35.90557],[139.47062,35.9049],[139.47069,35.90483],[139.47093,35.90477],[139.47101,35.90467],[139.47109,35.90412],[139.47115,35.904],[139.47124,35.90393],[139.47149,35.90387],[139.47157,35.90377],[139.47165,35.90322],[139.47171,35.9031],[139.4718,35.90303],[139.47209,35.90295],[139.47221,35.90255],[139.47236,35.9024],[139.47263,35.90227],[139.47347,35.90201],[139.47374,35.90182],[139.47383,35.90154],[139.47382,35.90138],[139.47353,35.90067],[139.47353,35.90034],[139.47358,35.90027],[139.47393,35.90011],[139.47405,35.90001],[139.47421,35.89954],[139.4744,35.8995],[139.47477,35.89955],[139.47488,35.89948],[139.47499,35.89904],[139.47514,35.89888],[139.47542,35.89879],[139.47581,35.89874],[139.47627,35.89876],[139.47663,35.89883],[139.47696,35.89904],[139.47714,35.89945],[139.47729,35.89966],[139.47756,35.8998],[139.47808,35.8998],[139.47866,35.89965],[139.47882,35.89951],[139.4788,35.89929],[139.47864,35.89912],[139.47822,35.89884],[139.47811,35.89861],[139.4783,35.89837],[139.47866,35.89829],[139.47876,35.89822],[139.47884,35.89801],[139.47886,35.8977],[139.47898,35.89749],[139.47912,35.89742],[139.47947,35.89737],[139.47956,35.8973],[139.47958,35.89718],[139.47949,35.89686],[139.47959,35.89659],[139.4798,35.89643],[139.48,35.89639],[139.4804,35.89643],[139.48089,35.89657],[139.48126,35.89655],[139.48141,35.89643],[139.48161,35.89604],[139.48177,35.89592],[139.48198,35.89585],[139.48238,35.89585],[139.48261,35.89592],[139.48289,35.89613],[139.48313,35.89644],[139.48349,35.89665],[139.48382,35.89673],[139.48455,35.89677],[139.48479,35.89685],[139.48492,35.89696],[139.48495,35.8972],[139.48507,35.89739],[139.4853,35.89752],[139.48564,35.89759],[139.48638,35.89765],[139.48694,35.89761],[139.48709,35.89754],[139.48717,35.89735],[139.48733,35.89724],[139.48814,35.89716],[139.48843,35.89706],[139.48858,35.89695],[139.48868,35.89663],[139.48863,35.8961],[139.48839,35.89518],[139.48815,35.89453],[139.48794,35.89432],[139.48758,35.89422],[139.48747,35.89401],[139.48743,35.89351],[139.48732,35.8933],[139.48713,35.89314],[139.48667,35.89302],[139.48653,35.89293],[139.48634,35.89261],[139.48629,35.89237],[139.48628,35.89174],[139.48659,35.88902],[139.48669,35.88622],[139.48678,35.88567],[139.48693,35.88539],[139.48702,35.88536],[139.48732,35.88539],[139.48749,35.88532],[139.48788,35.88488],[139.48821,35.8847],[139.48865,35.88468],[139.4891,35.88478],[139.48936,35.88491],[139.48944,35.88512],[139.4896,35.88526],[139.49005,35.88539],[139.49034,35.8854],[139.49007,35.88501],[139.49014,35.88466],[139.48998,35.8846],[139.4897,35.88457],[139.48956,35.88448],[139.48944,35.88422],[139.48943,35.88395],[139.4895,35.88367],[139.48965,35.88339],[139.48989,35.88311],[139.49037,35.88271],[139.49089,35.88239],[139.49113,35.88234],[139.49132,35.88241],[139.49141,35.88264],[139.49176,35.88275],[139.49277,35.88279],[139.49348,35.88275],[139.49383,35.88265],[139.49392,35.8824],[139.49418,35.88222],[139.49539,35.88193],[139.49632,35.88179],[139.4966,35.88181],[139.49687,35.88198],[139.49718,35.88204],[139.498,35.88205],[139.49974,35.88199],[139.50027,35.88207],[139.50044,35.88221],[139.5007,35.88225],[139.50159,35.88204],[139.50181,35.88203],[139.50197,35.88207],[139.50216,35.88226],[139.50242,35.88235],[139.5028,35.88237],[139.50308,35.88227],[139.50317,35.882],[139.50305,35.88151],[139.50289,35.8813],[139.50264,35.88122],[139.50254,35.88112],[139.50246,35.8808],[139.50244,35.88032],[139.50236,35.88002],[139.5021,35.87962],[139.50171,35.87923],[139.50148,35.87879],[139.5012,35.87782],[139.50078,35.87568],[139.50064,35.87536],[139.50038,35.87517],[139.50023,35.87495],[139.50008,35.87453],[139.50001,35.87408],[139.49999,35.87375],[139.50007,35.87345],[139.50027,35.87322],[139.50061,35.87299],[139.50066,35.87287],[139.50063,35.87276],[139.50041,35.87246],[139.5003,35.872],[139.50028,35.87131],[139.50039,35.87074],[139.50054,35.87052],[139.50065,35.87045],[139.50113,35.87039],[139.50129,35.87032],[139.50138,35.8702],[139.50148,35.86978],[139.5016,35.86968],[139.50195,35.86953],[139.502,35.86769],[139.50209,35.86731],[139.50222,35.86701],[139.50239,35.8668],[139.50287,35.8665],[139.50352,35.86635],[139.50469,35.86623],[139.50592,35.8663],[139.50618,35.86623],[139.50632,35.86608],[139.50645,35.86602],[139.50675,35.86601],[139.50714,35.86607],[139.50744,35.866],[139.50762,35.86577],[139.50768,35.86544],[139.50757,35.86514],[139.50716,35.86472],[139.50707,35.86458],[139.50707,35.86439],[139.50724,35.86424],[139.50761,35.86415],[139.50863,35.86409],[139.50882,35.86403],[139.50892,35.86383],[139.5092,35.86369],[139.50974,35.86359],[139.5102,35.86356],[139.51056,35.86361],[139.51081,35.86374],[139.51095,35.86396],[139.51109,35.86432],[139.51125,35.86445],[139.51159,35.8645],[139.51195,35.8644],[139.51216,35.86428],[139.51221,35.86417],[139.51219,35.86403],[139.51209,35.86394],[139.51185,35.86388],[139.51177,35.86371],[139.51176,35.86318],[139.51184,35.86239],[139.51179,35.86177],[139.51167,35.86148],[139.51125,35.86099],[139.51113,35.86063],[139.51112,35.86035],[139.51121,35.85993],[139.51154,35.85961],[139.51152,35.85949],[139.51127,35.85902],[139.51132,35.85882],[139.5115,35.85865],[139.51159,35.85845],[139.51153,35.85792],[139.51169,35.85777],[139.51211,35.85758],[139.51223,35.85739],[139.51224,35.85723],[139.51207,35.85689],[139.51131,35.85632],[139.51116,35.85612],[139.51114,35.856],[139.51135,35.85581],[139.51169,35.85566],[139.51336,35.85514],[139.51355,35.85471],[139.51372,35.85457],[139.51409,35.85447],[139.51457,35.85444],[139.51481,35.85436],[139.51496,35.8542],[139.51502,35.85383],[139.5151,35.8537],[139.51547,35.85345],[139.51657,35.85314],[139.51864,35.85281],[139.51958,35.8526],[139.51986,35.85248],[139.51994,35.85237],[139.5202,35.85223],[139.52123,35.85199],[139.52195,35.85167],[139.52257,35.85163],[139.52382,35.8517],[139.5245,35.85169],[139.52477,35.85163],[139.5251,35.85138],[139.52546,35.85134],[139.52575,35.85141],[139.52584,35.85164],[139.526,35.85175],[139.52657,35.85178],[139.52679,35.85173],[139.52695,35.85163],[139.52725,35.85122],[139.52758,35.85112],[139.52777,35.85112],[139.52797,35.85119],[139.52808,35.85147],[139.52831,35.85164],[139.52869,35.85171],[139.5289,35.85163],[139.52903,35.85142],[139.52904,35.85118],[139.52896,35.85113],[139.5287,35.85108],[139.52856,35.85098],[139.52829,35.85061],[139.52819,35.85033],[139.52814,35.84978],[139.52823,35.84884],[139.52821,35.8484],[139.52812,35.84802],[139.52779,35.84741],[139.52767,35.84699],[139.5277,35.84671],[139.52786,35.8463],[139.52785,35.84611],[139.52779,35.84604],[139.5276,35.84595],[139.52699,35.84591],[139.52668,35.84583],[139.52656,35.84573],[139.52649,35.84554],[139.52655,35.84529],[139.52685,35.84461],[139.52687,35.84436],[139.52679,35.84382],[139.5268,35.84356],[139.52687,35.84347],[139.52706,35.84343],[139.52713,35.84331],[139.52715,35.84308],[139.52709,35.84257],[139.52715,35.84224],[139.52725,35.8421],[139.52757,35.8419],[139.52806,35.84178],[139.52865,35.8417],[139.52907,35.84154],[139.52923,35.84143],[139.52943,35.84114],[139.52947,35.84077],[139.52942,35.84022],[139.52909,35.83919],[139.5291,35.83899],[139.5292,35.83882],[139.52939,35.8387],[139.52975,35.83857],[139.5307,35.83849],[139.53118,35.83837],[139.53148,35.83821],[139.53202,35.83782],[139.5325,35.83762],[139.53271,35.83761],[139.53295,35.83765],[139.53306,35.83776],[139.53308,35.83791],[139.53316,35.83802],[139.53332,35.83806],[139.53347,35.83804],[139.53393,35.8378],[139.53459,35.83731],[139.53515,35.83704],[139.53554,35.83696],[139.53644,35.8369],[139.53674,35.83679],[139.53688,35.83664],[139.5371,35.83654],[139.5377,35.83649],[139.53796,35.83642],[139.53804,35.83635],[139.53812,35.83609],[139.53838,35.83592],[139.53882,35.83591],[139.53972,35.83611],[139.53997,35.83608],[139.54004,35.83602],[139.54007,35.83582],[139.53993,35.83537],[139.53995,35.83505],[139.5401,35.83494],[139.54047,35.83488],[139.54058,35.83479],[139.54073,35.83447],[139.54082,35.83396],[139.54089,35.83267],[139.54102,35.83224],[139.54121,35.83197],[139.54167,35.8318],[139.54176,35.83172],[139.54175,35.83163],[139.54159,35.83146],[139.5415,35.83122],[139.5416,35.83072],[139.5418,35.83046],[139.54206,35.83041],[139.54223,35.83032],[139.54257,35.82981],[139.54276,35.82975],[139.54295,35.82977],[139.54311,35.82985],[139.54327,35.83005],[139.54349,35.83012],[139.54383,35.8301],[139.54409,35.83003],[139.54428,35.82991],[139.5444,35.82972],[139.54447,35.82922],[139.54463,35.82896],[139.54482,35.82887],[139.5453,35.82883],[139.54546,35.82878],[139.54554,35.8287],[139.54564,35.82847],[139.54583,35.82841],[139.54629,35.82836],[139.5467,35.82808],[139.5473,35.82811],[139.54817,35.82834],[139.54858,35.8286],[139.54889,35.82909],[139.54906,35.829],[139.54938,35.82862],[139.54964,35.8285],[139.54997,35.82843],[139.55056,35.8284],[139.55098,35.82827],[139.55116,35.82812],[139.55138,35.82765],[139.55149,35.82756],[139.55176,35.82748],[139.5519,35.82728],[139.55211,35.8267],[139.55232,35.82585],[139.55261,35.82527],[139.55285,35.82508],[139.55335,35.82501],[139.55354,35.82493],[139.55394,35.82446],[139.55429,35.82448],[139.55434,35.82426],[139.55426,35.82369],[139.55436,35.8234],[139.55453,35.82333],[139.55492,35.82337],[139.5552,35.82328],[139.55561,35.82295],[139.55604,35.82241],[139.55621,35.82227],[139.55657,35.82208],[139.55699,35.82199],[139.55768,35.82205],[139.55829,35.82222],[139.55852,35.82243],[139.55867,35.8225],[139.55904,35.82257],[139.55952,35.82256],[139.55978,35.82251],[139.55997,35.82242],[139.56022,35.82206],[139.56043,35.82193],[139.561,35.82186],[139.56148,35.8216],[139.5617,35.82155],[139.562,35.82153],[139.56257,35.82158],[139.56274,35.82156],[139.56288,35.82148],[139.56298,35.82135],[139.56309,35.82093],[139.56296,35.81956],[139.56297,35.81925],[139.56311,35.81875],[139.5634,35.81843],[139.5636,35.81833],[139.56422,35.81816],[139.56453,35.818],[139.56457,35.81788],[139.56453,35.8177],[139.56461,35.81757],[139.56535,35.81702],[139.56547,35.81688],[139.56559,35.8166],[139.56585,35.81647],[139.56645,35.81634],[139.56667,35.81621],[139.5668,35.81592],[139.56673,35.81541],[139.56675,35.81523],[139.56682,35.8151],[139.56701,35.81499],[139.56714,35.81485],[139.56722,35.81441],[139.56732,35.81429],[139.56769,35.81421],[139.56795,35.81396],[139.56808,35.81392],[139.56838,35.81396],[139.56887,35.81412],[139.56903,35.81411],[139.56911,35.81403],[139.56918,35.81369],[139.56931,35.81359],[139.5695,35.81358],[139.56963,35.81351],[139.56974,35.8132],[139.57005,35.81285],[139.57045,35.81254],[139.57086,35.81239],[139.57114,35.8124],[139.57201,35.81265],[139.57307,35.81273],[139.57322,35.8128],[139.5733,35.81298],[139.57336,35.81301],[139.57404,35.81257],[139.57443,35.81247],[139.57466,35.81257],[139.57487,35.81292],[139.57498,35.81302],[139.57521,35.81306],[139.57549,35.81297],[139.57559,35.81281],[139.57561,35.81256],[139.57538,35.8117],[139.57538,35.81136],[139.57577,35.811],[139.57598,35.8105],[139.57621,35.8102],[139.57691,35.80968],[139.57715,35.80941],[139.57714,35.80919],[139.57704,35.80906],[139.57681,35.80892],[139.57676,35.80864],[139.57686,35.80818],[139.57701,35.80781],[139.57719,35.80754],[139.57741,35.80737],[139.57766,35.80729],[139.57813,35.80736],[139.57835,35.80752],[139.57847,35.80774],[139.57857,35.80784],[139.57878,35.80767],[139.57915,35.8076],[139.5798,35.80762],[139.58054,35.80774],[139.58101,35.80795],[139.58117,35.80814],[139.58131,35.80845],[139.58147,35.8086],[139.58168,35.80871],[139.58194,35.80878],[139.58206,35.80875],[139.58217,35.80865],[139.58232,35.80826],[139.58241,35.80762],[139.58249,35.80565],[139.58257,35.80523],[139.58268,35.80505],[139.58307,35.80516],[139.58355,35.8055],[139.58378,35.80559],[139.5839,35.80557],[139.58406,35.80538],[139.58427,35.80529],[139.58459,35.80532],[139.58486,35.80557],[139.58501,35.8056],[139.58524,35.80555],[139.58588,35.80528],[139.58622,35.80518],[139.58674,35.80514],[139.58748,35.80521],[139.58763,35.80517],[139.58775,35.80499],[139.58803,35.80497],[139.58904,35.8051],[139.59129,35.80552],[139.59112,35.80508],[139.59111,35.80488],[139.5912,35.80463],[139.59136,35.80439],[139.59135,35.80427],[139.59111,35.80418],[139.59047,35.80414],[139.59006,35.80406],[139.58972,35.80391],[139.58959,35.80378],[139.58959,35.80352],[139.58991,35.80309],[139.59003,35.80283],[139.59009,35.80238],[139.59004,35.80205],[139.5899,35.80175],[139.58968,35.80151],[139.58938,35.80133],[139.58882,35.80112],[139.5886,35.80089],[139.58853,35.80055],[139.5888,35.79963],[139.58883,35.79923],[139.5888,35.79906],[139.58863,35.79879],[139.58817,35.7985],[139.58793,35.79826],[139.58774,35.79779],[139.58772,35.79741],[139.58778,35.79707],[139.58793,35.7968],[139.58817,35.7966],[139.5888,35.79631],[139.58906,35.79607],[139.58926,35.79576],[139.58965,35.79492],[139.58992,35.79465],[139.59039,35.79443],[139.59077,35.79381],[139.59108,35.79372],[139.59185,35.7939],[139.59211,35.79391],[139.59231,35.79387],[139.59252,35.79371],[139.59257,35.79356],[139.59255,35.79339],[139.59224,35.79271],[139.59216,35.79218],[139.59225,35.79155],[139.59258,35.79096],[139.59253,35.79081],[139.59225,35.79062],[139.59216,35.79035],[139.59225,35.78989],[139.59248,35.78946],[139.59267,35.78926],[139.59293,35.78909],[139.59399,35.7887],[139.59423,35.78856],[139.59436,35.78841],[139.5944,35.78817],[139.59451,35.78798],[139.59494,35.78778],[139.59514,35.7876],[139.59523,35.78713],[139.59532,35.78701],[139.59558,35.78699],[139.59609,35.78713],[139.5963,35.78709],[139.59649,35.78697],[139.59677,35.78661],[139.59691,35.78653],[139.59705,35.78654],[139.59727,35.78668],[139.59755,35.78675],[139.59818,35.78669],[139.59852,35.78673],[139.5987,35.78683],[139.59904,35.78715],[139.59917,35.7869],[139.59963,35.78662],[139.60054,35.78628],[139.60099,35.78626],[139.60125,35.78643],[139.60135,35.78676],[139.60148,35.78683],[139.60167,35.78685],[139.60174,35.78692],[139.60176,35.78705],[139.60169,35.78744],[139.60182,35.78765],[139.60203,35.78772],[139.60235,35.78774],[139.60277,35.78761],[139.60296,35.78742],[139.60308,35.78715],[139.60312,35.78683],[139.60306,35.78658],[139.6029,35.7864],[139.60278,35.78633],[139.60231,35.78622],[139.60207,35.78611],[139.60188,35.78587],[139.60186,35.78565],[139.60199,35.78531],[139.60213,35.7852],[139.60241,35.78509],[139.60257,35.78491],[139.60253,35.78415],[139.6026,35.784],[139.60288,35.78369],[139.603,35.78321],[139.60313,35.78303],[139.60336,35.78283],[139.6041,35.78239],[139.60456,35.78205],[139.60515,35.78137],[139.60536,35.7813],[139.60557,35.78135],[139.60578,35.78134],[139.60605,35.78118],[139.60629,35.78089],[139.60658,35.78023],[139.60669,35.78013],[139.60695,35.78007],[139.60704,35.77998],[139.60719,35.77921],[139.60745,35.77896],[139.60774,35.77886],[139.60825,35.7788],[139.60912,35.77884],[139.60956,35.77894],[139.60972,35.77905],[139.60978,35.77918],[139.60973,35.77947],[139.60982,35.77954],[139.61004,35.77955],[139.61072,35.77942],[139.61039,35.77913],[139.61035,35.77901],[139.611,35.77897],[139.61208,35.77981],[139.61266,35.78011],[139.61323,35.78026],[139.61452,35.78034],[139.61516,35.78047],[139.61538,35.78062],[139.61545,35.781],[139.61551,35.78107],[139.6156,35.78107],[139.61605,35.78082],[139.6167,35.78074],[139.61688,35.78063],[139.61701,35.78048],[139.61714,35.78044],[139.61744,35.78048],[139.61801,35.78067],[139.61834,35.7807],[139.61912,35.78066],[139.61951,35.78051],[139.61958,35.78036],[139.61955,35.78027],[139.61927,35.77995],[139.61873,35.77959],[139.61809,35.77932],[139.61785,35.77911],[139.6177,35.7788],[139.61764,35.77841],[139.61768,35.77783],[139.61784,35.77754],[139.61801,35.7775],[139.61835,35.77754],[139.6183,35.77728],[139.61835,35.77722],[139.61886,35.77716],[139.61912,35.77707],[139.61934,35.77692],[139.61949,35.77661],[139.61958,35.77584],[139.61953,35.775],[139.6194,35.77466],[139.61916,35.77451],[139.61906,35.77438],[139.61906,35.77413],[139.61916,35.77404],[139.61958,35.77395],[139.61979,35.77373],[139.6199,35.77367],[139.62013,35.77366],[139.62041,35.77371],[139.62051,35.77368],[139.62053,35.77358],[139.62035,35.77319],[139.62039,35.773],[139.62045,35.77291],[139.6207,35.77277],[139.62142,35.77252],[139.62173,35.77231],[139.62186,35.77188],[139.62199,35.77179],[139.62217,35.77176],[139.62225,35.77167],[139.62227,35.77151],[139.62218,35.77076],[139.62227,35.77044],[139.62247,35.7702],[139.62263,35.7701],[139.62281,35.77006],[139.62321,35.77011],[139.62339,35.77008],[139.62356,35.76998],[139.62367,35.76986],[139.62323,35.7684],[139.62299,35.76687],[139.62242,35.7668],[139.62062,35.76676],[139.61947,35.76682],[139.61773,35.76665],[139.61758,35.76773],[139.61734,35.76812],[139.61682,35.76844],[139.61693,35.76935],[139.61723,35.77035],[139.61674,35.77061],[139.61542,35.77087],[139.61486,35.77087],[139.6141,35.77054],[139.6127,35.77051],[139.61248,35.77043],[139.61171,35.76938],[139.61145,35.76945],[139.61132,35.76971],[139.61174,35.77019],[139.61143,35.77034],[139.61143,35.77077],[139.61127,35.77107],[139.61021,35.77057],[139.6099,35.77032],[139.60914,35.76955],[139.60889,35.76898],[139.60875,35.76884],[139.60817,35.769],[139.60777,35.76898],[139.6077,35.76933],[139.6073,35.76926],[139.60714,35.76938],[139.60647,35.77045],[139.60636,35.77095],[139.60461,35.77022],[139.60429,35.76997],[139.60404,35.77],[139.60384,35.77012],[139.60317,35.77086],[139.60286,35.77096],[139.60228,35.77063],[139.60075,35.77007],[139.59864,35.7691],[139.59821,35.76914],[139.59789,35.76937],[139.59768,35.76993],[139.59835,35.77017],[139.59743,35.77077],[139.59739,35.77098],[139.59844,35.77214],[139.60082,35.77353],[139.60268,35.77436],[139.60307,35.7742],[139.60398,35.77422],[139.60447,35.77465],[139.60438,35.77502],[139.60235,35.77547],[139.59784,35.77619],[139.59694,35.77641],[139.59694,35.77667],[139.59714,35.77717],[139.59691,35.77748],[139.5972,35.77837],[139.59414,35.7787],[139.59404,35.77862],[139.5939,35.77816],[139.59382,35.77742],[139.59371,35.7772],[139.59341,35.77719],[139.58876,35.77853],[139.58794,35.77681],[139.58668,35.77528],[139.58654,35.77518],[139.58533,35.77521],[139.5848,35.77514],[139.58423,35.77501],[139.58398,35.77483],[139.584,35.7739],[139.58374,35.7738],[139.58361,35.77364],[139.58377,35.77285],[139.58369,35.77278],[139.58201,35.77256],[139.58186,35.77245],[139.58189,35.77218],[139.58208,35.77196],[139.58224,35.77121],[139.581,35.77112],[139.5809,35.77179],[139.58065,35.77179],[139.58068,35.77109],[139.57817,35.77085],[139.57816,35.76982],[139.57807,35.76947],[139.57788,35.76931],[139.57756,35.76925],[139.57739,35.76914],[139.57689,35.76807],[139.57434,35.76819],[139.57424,35.76748],[139.57459,35.76623],[139.57447,35.76615],[139.5742,35.76614],[139.57364,35.7665],[139.57239,35.76645],[139.57243,35.76582],[139.57071,35.7654],[139.57035,35.76573],[139.57004,35.76559],[139.57,35.76537],[139.57022,35.76468],[139.57055,35.76423],[139.57077,35.76425],[139.57087,35.76416],[139.57108,35.76334],[139.57017,35.76307],[139.56973,35.76301],[139.56972,35.7633],[139.56946,35.76317],[139.56931,35.76363],[139.56824,35.76351],[139.56837,35.76282],[139.56793,35.76279],[139.56783,35.76301],[139.56767,35.76304],[139.56679,35.76282],[139.56672,35.76274],[139.56687,35.76233],[139.56687,35.76205],[139.56678,35.76196],[139.56561,35.76188],[139.56516,35.76186],[139.56503,35.76196],[139.56481,35.7624],[139.56474,35.76282],[139.56358,35.76284],[139.563,35.76204],[139.56268,35.76139],[139.56181,35.76107],[139.56202,35.75991],[139.56183,35.7596],[139.56037,35.75922],[139.55987,35.7592],[139.55907,35.75934],[139.55892,35.75922],[139.55859,35.75926],[139.5586,35.75944],[139.55843,35.75951],[139.55778,35.75958],[139.55771,35.75936],[139.55738,35.75935],[139.55723,35.75928],[139.5572,35.759],[139.55615,35.75888],[139.55603,35.75814],[139.55579,35.75804],[139.55577,35.75775],[139.55539,35.75775],[139.5553,35.75654],[139.55503,35.75656],[139.55473,35.75668],[139.55459,35.75684],[139.55433,35.75736],[139.55414,35.75756],[139.55365,35.75791],[139.5535,35.75814],[139.55348,35.75855],[139.55362,35.75904],[139.55359,35.75934],[139.55352,35.75948],[139.55327,35.75974],[139.55269,35.76007],[139.5523,35.7602],[139.55192,35.76027],[139.55123,35.76023],[139.55095,35.76028],[139.55062,35.76051],[139.55047,35.76077],[139.55027,35.76099],[139.54998,35.76112],[139.5496,35.76117],[139.54857,35.76113],[139.54832,35.7612],[139.54802,35.76149],[139.54713,35.76164],[139.54676,35.76165],[139.54669,35.76269],[139.54714,35.76275],[139.5471,35.76361],[139.54699,35.7639],[139.54713,35.7649],[139.5474,35.76525],[139.54764,35.76617],[139.54739,35.76673],[139.54702,35.76801],[139.54695,35.76955],[139.54705,35.77012],[139.54765,35.77108],[139.54784,35.77398],[139.54766,35.77423],[139.54657,35.77414],[139.54407,35.77331],[139.54282,35.77255],[139.54167,35.772],[139.53661,35.77026],[139.53513,35.76991],[139.5351,35.76996],[139.53496,35.77001],[139.53477,35.76995],[139.53464,35.7698],[139.53434,35.76973],[139.53411,35.76987],[139.5335,35.77008],[139.53299,35.77011],[139.53274,35.76998],[139.53259,35.76977],[139.53251,35.76949],[139.53252,35.76933],[139.53182,35.76902],[139.53177,35.76911],[139.53162,35.76967],[139.53154,35.76975],[139.53131,35.76979],[139.53121,35.76985],[139.53124,35.76998],[139.53137,35.77012],[139.53158,35.77021],[139.53195,35.77025],[139.5321,35.77041],[139.53206,35.77135],[139.53222,35.77193],[139.53248,35.77258],[139.53256,35.77294],[139.53248,35.77336],[139.53239,35.77346],[139.53337,35.77378],[139.53432,35.77419],[139.53498,35.77465],[139.53595,35.77518],[139.53648,35.77563],[139.53626,35.77569],[139.5362,35.77596],[139.53683,35.77611],[139.53754,35.77674],[139.53749,35.77688],[139.53987,35.77778],[139.53977,35.77834],[139.54105,35.77882],[139.54139,35.77899],[139.54155,35.77917],[139.54264,35.77955],[139.54298,35.77981],[139.54349,35.7811],[139.54374,35.78208],[139.54385,35.78698],[139.54379,35.78819],[139.54315,35.7886],[139.54159,35.78929],[139.5414,35.78923],[139.54127,35.78958],[139.54074,35.78949],[139.54077,35.78986],[139.54026,35.78991],[139.53969,35.79015],[139.53758,35.79076],[139.53733,35.7915],[139.53866,35.79221],[139.53954,35.79323],[139.53983,35.79374],[139.54024,35.79405],[139.54409,35.7965],[139.54479,35.79676],[139.54496,35.79715],[139.54486,35.79734],[139.54502,35.79769],[139.5456,35.79844],[139.54561,35.79844],[139.54593,35.79826],[139.54629,35.7982],[139.54648,35.79823],[139.54688,35.79836],[139.54737,35.79872],[139.54767,35.79924],[139.54788,35.80004],[139.54796,35.80018],[139.54819,35.80038],[139.54848,35.80047],[139.54881,35.80046],[139.5491,35.8004],[139.54942,35.80025],[139.54962,35.80001],[139.54963,35.79982],[139.54953,35.79973],[139.54917,35.79957],[139.54902,35.79941],[139.5487,35.79862],[139.5486,35.79849],[139.5484,35.79844],[139.54829,35.7983],[139.54819,35.79775],[139.54817,35.79679],[139.54827,35.7962],[139.54852,35.79578],[139.54869,35.79565],[139.54914,35.79551],[139.54966,35.79552],[139.55018,35.79562],[139.55035,35.79574],[139.55041,35.79596],[139.55054,35.79602],[139.55077,35.796],[139.55151,35.79576],[139.55186,35.79577],[139.55216,35.79592],[139.5524,35.79621],[139.55261,35.79655],[139.55279,35.79666],[139.55296,35.79655],[139.55327,35.79574],[139.55337,35.79555],[139.55363,35.79526],[139.55379,35.79517],[139.55415,35.79507],[139.55471,35.79509],[139.55507,35.79518],[139.55529,35.79537],[139.55542,35.79543],[139.5563,35.7954],[139.55645,35.79553],[139.55652,35.7958],[139.55664,35.79585],[139.55725,35.79568],[139.5579,35.79561],[139.55878,35.79563],[139.55972,35.79575],[139.56034,35.79596],[139.56077,35.79637],[139.56114,35.79655],[139.56206,35.79673],[139.56423,35.79695],[139.56461,35.79704],[139.56498,35.79725],[139.56524,35.79734],[139.56615,35.79751],[139.56641,35.79761],[139.56655,35.79773],[139.56654,35.79804],[139.56664,35.79817],[139.56706,35.79832],[139.56792,35.79846],[139.56839,35.79863],[139.56866,35.79887],[139.56874,35.79918],[139.56868,35.79945],[139.56826,35.80024],[139.56808,35.80079],[139.56812,35.80127],[139.56825,35.8014],[139.56846,35.80145],[139.56848,35.80152],[139.56825,35.80189],[139.56811,35.8022],[139.56797,35.80335],[139.56786,35.80352],[139.56775,35.8036],[139.56723,35.80369],[139.56711,35.80379],[139.56705,35.80411],[139.56715,35.80473],[139.56713,35.80522],[139.56691,35.80563],[139.56639,35.80601],[139.56627,35.80618],[139.56622,35.80638],[139.56628,35.80689],[139.56624,35.80707],[139.56619,35.80713],[139.56602,35.80718],[139.56555,35.80714],[139.5654,35.80726],[139.5654,35.80743],[139.56556,35.80782],[139.56573,35.808],[139.56592,35.80811],[139.56601,35.80829],[139.56598,35.80856],[139.56582,35.80893],[139.56565,35.80905],[139.56541,35.80909],[139.56564,35.80923],[139.56571,35.80934],[139.56573,35.80959],[139.56562,35.8099],[139.56549,35.81005],[139.5653,35.81015],[139.56454,35.81026],[139.56446,35.81034],[139.56443,35.8105],[139.56435,35.8106],[139.56397,35.81071],[139.56391,35.8108],[139.56383,35.81121],[139.56375,35.81129],[139.56352,35.81133],[139.56344,35.81138],[139.56342,35.81148],[139.5635,35.81184],[139.5634,35.81196],[139.56314,35.81199],[139.5629,35.81195],[139.56279,35.81184],[139.56277,35.81169],[139.56269,35.81158],[139.56246,35.81154],[139.56236,35.81159],[139.56231,35.8118],[139.56239,35.81241],[139.56234,35.8126],[139.56222,35.81272],[139.56179,35.81292],[139.56168,35.81311],[139.56164,35.81343],[139.56153,35.81364],[139.56135,35.81382],[139.56112,35.8139],[139.56094,35.81389],[139.56054,35.81372],[139.56023,35.81364],[139.55962,35.81371],[139.55944,35.8137],[139.55887,35.8134],[139.55814,35.81314],[139.55703,35.81282],[139.55605,35.81261],[139.55545,35.81259],[139.55499,35.81283],[139.55471,35.81287],[139.55448,35.8128],[139.55432,35.81262],[139.55421,35.81257],[139.5538,35.81251],[139.55311,35.81249],[139.5506,35.81256],[139.54993,35.81251],[139.54957,35.81241],[139.54949,35.81234],[139.54948,35.81219],[139.54942,35.81209],[139.5493,35.81205],[139.54903,35.81209],[139.54885,35.81206],[139.54864,35.8118],[139.54836,35.81079],[139.54821,35.81052],[139.54785,35.81014],[139.54775,35.80995],[139.54776,35.80964],[139.54791,35.80933],[139.54788,35.80919],[139.54771,35.80912],[139.54719,35.80915],[139.54684,35.8091],[139.5467,35.80903],[139.54648,35.80876],[139.54634,35.80836],[139.54621,35.8075],[139.54607,35.80702],[139.54591,35.80684],[139.54555,35.80676],[139.54548,35.80668],[139.54555,35.80592],[139.5455,35.8057],[139.54533,35.80536],[139.54507,35.80511],[139.54502,35.80508],[139.54429,35.80664],[139.54223,35.80723],[139.5417,35.80731],[139.54079,35.80656],[139.53686,35.80394],[139.53639,35.80327],[139.53488,35.80163],[139.53409,35.80061],[139.53347,35.79955],[139.5325,35.79831],[139.53177,35.79684],[139.53102,35.79622],[139.5301,35.79522],[139.52926,35.79413],[139.52769,35.7929],[139.5271,35.79267],[139.52594,35.79251],[139.52552,35.79188],[139.52533,35.79181],[139.52507,35.7918],[139.52503,35.79201],[139.52466,35.79455],[139.52562,35.79459],[139.52584,35.7947],[139.52593,35.79481],[139.52598,35.79521],[139.52587,35.79608],[139.52591,35.79642],[139.52613,35.79685],[139.52661,35.79738],[139.52681,35.79797],[139.52686,35.79875],[139.52676,35.79919],[139.52665,35.79934],[139.52634,35.79952],[139.52613,35.79955],[139.52536,35.79946],[139.52494,35.7995],[139.52477,35.79957],[139.5245,35.79981],[139.52419,35.80049],[139.52398,35.80078],[139.52346,35.80096],[139.52297,35.8013],[139.52269,35.80143],[139.52253,35.80144],[139.52239,35.8014],[139.52226,35.80123],[139.52225,35.80094],[139.52232,35.80055],[139.52227,35.80028],[139.52207,35.80018],[139.52188,35.80021],[139.52178,35.80041],[139.52177,35.80076],[139.52196,35.80185],[139.52201,35.80253],[139.5219,35.80295],[139.52168,35.80315],[139.52142,35.80319],[139.52086,35.80301],[139.52068,35.80311],[139.52054,35.80333],[139.52034,35.80342],[139.51985,35.80347],[139.51915,35.80341],[139.51864,35.80346],[139.51785,35.80369],[139.51703,35.80407],[139.51654,35.80425],[139.51591,35.80435],[139.51538,35.8043],[139.5149,35.80434],[139.5146,35.80444],[139.51393,35.80478],[139.51358,35.80488],[139.51337,35.80489],[139.51304,35.80481],[139.51272,35.8045],[139.51232,35.80438],[139.51227,35.80417],[139.51236,35.80367],[139.51235,35.80338],[139.51222,35.80321],[139.51187,35.8031],[139.5116,35.80308],[139.51144,35.80312],[139.51118,35.80329],[139.51078,35.80367],[139.51055,35.80375],[139.5103,35.80372],[139.50977,35.80338],[139.50943,35.8033],[139.50925,35.80338],[139.50891,35.80376],[139.5085,35.80393],[139.50775,35.80396],[139.50746,35.8039],[139.50728,35.80381],[139.50712,35.80332],[139.50677,35.80308],[139.50661,35.80286],[139.50639,35.8021],[139.50638,35.80191],[139.50643,35.80176],[139.50675,35.80155],[139.50688,35.80137],[139.50694,35.80098],[139.50689,35.80068],[139.50676,35.80045],[139.50655,35.80028],[139.50622,35.80015],[139.50592,35.80013],[139.50575,35.80001],[139.5056,35.7995],[139.50554,35.79832],[139.50544,35.79785],[139.50524,35.79755],[139.50511,35.79747],[139.50465,35.79739],[139.50445,35.79721],[139.50438,35.7969],[139.50454,35.79591],[139.50453,35.79554],[139.50448,35.79542],[139.50428,35.79528],[139.50381,35.7953],[139.50355,35.79525],[139.5033,35.79502],[139.50319,35.79463],[139.5032,35.79434],[139.5033,35.7942],[139.50365,35.79404],[139.50313,35.79375],[139.50295,35.7936],[139.50283,35.79337],[139.5028,35.79313],[139.50265,35.79291],[139.50207,35.79259],[139.50178,35.79233],[139.50164,35.7921],[139.50154,35.7917],[139.50156,35.79137],[139.50169,35.79114],[139.50191,35.791],[139.50208,35.79096],[139.50271,35.79102],[139.50265,35.79069],[139.50287,35.79041],[139.50327,35.79022],[139.50406,35.79004],[139.50462,35.78976],[139.50522,35.7893],[139.50578,35.78874],[139.50615,35.78828],[139.50636,35.78781],[139.5065,35.78768],[139.50668,35.78761],[139.50718,35.78766],[139.50744,35.78762],[139.50753,35.78752],[139.50762,35.78717],[139.50774,35.7871],[139.50811,35.78706],[139.50834,35.78696],[139.50862,35.78655],[139.50877,35.78643],[139.50897,35.7864],[139.50915,35.78644],[139.5094,35.78669],[139.50954,35.78674],[139.51006,35.78647],[139.51066,35.7864],[139.51102,35.78622],[139.51174,35.78551],[139.51203,35.78513],[139.51191,35.78508],[139.50846,35.78466],[139.50833,35.78438],[139.50797,35.78418],[139.50793,35.78378],[139.50777,35.78354],[139.50743,35.78322],[139.5067,35.78277],[139.50627,35.78279],[139.50626,35.78283],[139.50609,35.78301],[139.5058,35.78306],[139.50562,35.78318],[139.50516,35.78387],[139.50499,35.78403],[139.50481,35.78411],[139.50451,35.78415],[139.50437,35.78424],[139.50428,35.78439],[139.50417,35.78501],[139.50391,35.78531],[139.50289,35.78577],[139.50237,35.78621],[139.50206,35.78629],[139.50134,35.78625],[139.50118,35.78632],[139.50099,35.78659],[139.50088,35.78666],[139.50064,35.78659],[139.50007,35.78621],[139.49984,35.78615],[139.49962,35.78621],[139.4995,35.7866],[139.49923,35.78672],[139.4988,35.78672],[139.49759,35.78659],[139.49754,35.78697],[139.49712,35.7871],[139.49696,35.78761],[139.49676,35.7877],[139.49624,35.78778],[139.4959,35.78806],[139.4953,35.78815],[139.49441,35.78813],[139.49389,35.788],[139.49328,35.78765],[139.49332,35.78794],[139.49311,35.78816],[139.4928,35.78829],[139.49235,35.78841],[139.49175,35.78845],[139.49135,35.7883],[139.49103,35.78789],[139.49083,35.78771],[139.48995,35.78722],[139.48986,35.7871],[139.4898,35.78686],[139.48936,35.78671],[139.48902,35.78609],[139.48871,35.78588],[139.48825,35.78576],[139.4877,35.78574],[139.48712,35.78581],[139.48652,35.78595],[139.48614,35.78592],[139.48601,35.7858],[139.48596,35.78549],[139.48581,35.78515],[139.48557,35.78488],[139.48488,35.7843],[139.48437,35.78487],[139.48421,35.78515],[139.48424,35.78526],[139.48447,35.78545],[139.48455,35.78565],[139.4846,35.78631],[139.48454,35.78667],[139.48433,35.78709],[139.48367,35.78765],[139.48368,35.78774],[139.48398,35.78795],[139.48402,35.78822],[139.48384,35.78849],[139.48333,35.78899],[139.4832,35.78932],[139.48325,35.78956],[139.48337,35.78968],[139.48404,35.78991],[139.4842,35.79002],[139.4843,35.79023],[139.48421,35.79052],[139.48385,35.79094],[139.48299,35.79168],[139.48266,35.79204],[139.48239,35.79252],[139.48234,35.79294],[139.48222,35.79324],[139.48208,35.79336],[139.48169,35.79353],[139.48151,35.79368],[139.48113,35.79428],[139.48097,35.79446],[139.4807,35.79456],[139.4804,35.79451],[139.48017,35.79455],[139.47988,35.79493],[139.47975,35.795],[139.47913,35.79495],[139.479,35.79499],[139.47882,35.79518],[139.4786,35.79528],[139.47779,35.79538],[139.47757,35.79554],[139.47744,35.79578],[139.4773,35.79591],[139.477,35.79606],[139.47654,35.79619],[139.47644,35.79627],[139.47645,35.79636],[139.47662,35.79654],[139.47675,35.7968],[139.47685,35.79764],[139.47698,35.79785],[139.47727,35.79807],[139.47735,35.79853],[139.4773,35.79872],[139.47718,35.79888],[139.47699,35.79898],[139.47654,35.79912],[139.47647,35.7992],[139.47653,35.79929],[139.47694,35.79959],[139.47706,35.79981],[139.47707,35.79998],[139.47694,35.80028],[139.47646,35.80065],[139.4764,35.80086],[139.47654,35.80111],[139.4768,35.80132],[139.47779,35.80168],[139.47789,35.80183],[139.47781,35.80203],[139.47734,35.80244],[139.47659,35.80294],[139.47617,35.80315],[139.4757,35.80326],[139.47528,35.80365],[139.47504,35.80381],[139.47453,35.8039],[139.47426,35.804],[139.47289,35.80491],[139.47211,35.80521],[139.47153,35.80532],[139.47094,35.80535],[139.47049,35.80532],[139.47018,35.80522],[139.47001,35.80504],[139.46996,35.80481],[139.47006,35.80431],[139.47042,35.80376],[139.47061,35.80331],[139.47069,35.80265],[139.4706,35.80237],[139.47039,35.80215],[139.47024,35.80207],[139.46961,35.80193],[139.46901,35.80195],[139.46861,35.80213],[139.4684,35.80244],[139.46836,35.80279],[139.46863,35.80313],[139.4687,35.80331],[139.46876,35.80394],[139.46884,35.8042],[139.46893,35.80429],[139.46922,35.80437],[139.46929,35.80453],[139.4693,35.80469],[139.46925,35.80484],[139.46913,35.80496],[139.46837,35.80521],[139.46821,35.80535],[139.46819,35.80546],[139.46836,35.80565],[139.46912,35.80591],[139.46928,35.8061],[139.46929,35.80627],[139.4692,35.80641],[139.46899,35.80653],[139.46781,35.80676],[139.46754,35.80687],[139.46738,35.807],[139.46727,35.80743],[139.46698,35.80764],[139.46708,35.80772],[139.46755,35.80785],[139.46789,35.80799],[139.46814,35.80821],[139.46827,35.80839],[139.46843,35.80898],[139.46845,35.8096],[139.46839,35.81015],[139.46826,35.81051],[139.46813,35.81064],[139.46782,35.81077],[139.46677,35.81085],[139.46639,35.81098],[139.46625,35.81113],[139.4662,35.81155],[139.4661,35.8118],[139.46591,35.81199],[139.46563,35.81211],[139.46523,35.81218],[139.4646,35.81216],[139.46429,35.81207],[139.46405,35.81183],[139.4639,35.81175],[139.4637,35.81173],[139.46355,35.81179],[139.46319,35.81217],[139.46283,35.8128],[139.46273,35.81322],[139.46278,35.81379],[139.4627,35.81396],[139.46253,35.81411],[139.46191,35.81446],[139.46162,35.81479],[139.46139,35.81519],[139.46106,35.81548],[139.46062,35.81565],[139.46001,35.81567],[139.45969,35.81555],[139.45942,35.81527],[139.45932,35.81523],[139.45921,35.8155],[139.45875,35.81561],[139.45798,35.81611],[139.45766,35.81622],[139.45736,35.81614],[139.45715,35.81591],[139.45693,35.81581],[139.45646,35.81576],[139.45589,35.81581],[139.45566,35.81589],[139.4555,35.81601],[139.45538,35.81651],[139.45522,35.81668],[139.45485,35.8168],[139.45462,35.81676],[139.45451,35.81666],[139.45421,35.8162],[139.45364,35.81578],[139.45359,35.81561],[139.45364,35.8155],[139.45355,35.81541],[139.45303,35.81532],[139.4517,35.81527],[139.45109,35.81513],[139.4506,35.81487],[139.4504,35.8147],[139.44984,35.81392],[139.44948,35.81362],[139.44926,35.81358],[139.44891,35.81363],[139.44844,35.81354],[139.44786,35.81333],[139.44742,35.81305],[139.44725,35.81274],[139.44731,35.81242],[139.44726,35.81218],[139.44714,35.81207],[139.44671,35.81189],[139.44658,35.8117],[139.44667,35.81142],[139.44694,35.81114],[139.44692,35.81094],[139.44606,35.81021],[139.44546,35.8093],[139.44532,35.80921],[139.44512,35.80918],[139.44505,35.80913],[139.44504,35.80897],[139.44509,35.80881],[139.44506,35.80866],[139.44489,35.80854],[139.44458,35.80845],[139.44413,35.80838],[139.44358,35.8084],[139.44294,35.80851],[139.44222,35.80873],[139.44105,35.8092],[139.44027,35.8096],[139.44001,35.80983],[139.43993,35.81008],[139.43974,35.81027],[139.43935,35.8104],[139.43888,35.81044],[139.43857,35.81035],[139.43837,35.81007],[139.43823,35.80999],[139.43793,35.81],[139.4372,35.8102],[139.43646,35.81019],[139.43589,35.81008],[139.4356,35.80998],[139.43537,35.80984],[139.43514,35.80961],[139.43493,35.80951],[139.43468,35.80947],[139.43404,35.80952],[139.43378,35.80948],[139.43353,35.8093],[139.43339,35.809],[139.43317,35.80879],[139.43296,35.80871],[139.43234,35.80863],[139.43214,35.80854],[139.4319,35.80832],[139.43172,35.80821],[139.4313,35.80821],[139.43035,35.8085],[139.42989,35.8085],[139.42964,35.80839],[139.42937,35.80815],[139.42921,35.80794],[139.42912,35.80763],[139.42887,35.80756],[139.42875,35.8076],[139.42867,35.8077],[139.42857,35.80838],[139.42831,35.80884],[139.42812,35.80896],[139.42786,35.809],[139.42695,35.80887],[139.42681,35.80892],[139.42669,35.80902],[139.42654,35.80939],[139.42655,35.81033],[139.42678,35.81117],[139.42704,35.81153],[139.42721,35.81164],[139.42778,35.81178],[139.42804,35.81193],[139.42813,35.81203],[139.42821,35.81228],[139.4282,35.81243],[139.42806,35.81287],[139.4278,35.81313],[139.4273,35.81321],[139.42704,35.8134],[139.42695,35.81363],[139.4269,35.81437],[139.42681,35.81474],[139.42664,35.8149],[139.42653,35.81491],[139.42627,35.81486],[139.42613,35.81494],[139.42592,35.81528],[139.4255,35.81622],[139.42512,35.81656],[139.42507,35.81681],[139.42513,35.81719],[139.42511,35.81749],[139.42485,35.81795],[139.42431,35.81845],[139.42366,35.81891],[139.4234,35.81901],[139.42303,35.81903],[139.42302,35.81945],[139.42295,35.8196],[139.42283,35.81968],[139.42247,35.81972],[139.42223,35.81981],[139.42208,35.82],[139.42199,35.82039],[139.42204,35.82058],[139.42215,35.82073],[139.42231,35.82081],[139.42257,35.82087],[139.42278,35.82115],[139.42329,35.82286],[139.42541,35.82286],[139.42638,35.82281],[139.42717,35.82272],[139.42866,35.82243],[139.42937,35.82234],[139.42961,35.82237],[139.42972,35.82257],[139.42998,35.82269],[139.43043,35.82279],[139.43075,35.8228],[139.43117,35.82272],[139.43176,35.82236]],[[139.00153,35.96032],[139.00115,35.96042],[139.00105,35.96054],[139.00102,35.96076],[139.00109,35.96098],[139.00129,35.96113],[139.00148,35.96119],[139.00162,35.96134],[139.00168,35.96162],[139.00164,35.96203],[139.00143,35.96282],[139.0012,35.96332],[139.0009,35.96375],[139.00053,35.96413],[138.99993,35.96457],[138.99957,35.96475],[138.99925,35.96486],[138.99871,35.96492],[138.9985,35.96501],[138.99831,35.96517],[138.99807,35.96548],[138.99762,35.96572],[138.9972,35.96583],[138.99578,35.96603],[138.99472,35.96638],[138.99408,35.96642],[138.99362,35.96631],[138.99323,35.96604],[138.99291,35.96567],[138.99271,35.96557],[138.9925,35.9656],[138.99206,35.96604],[138.99155,35.9663],[138.99084,35.9664],[138.99,35.96633],[138.98912,35.96607],[138.98762,35.96533],[138.98709,35.96511],[138.98661,35.96496],[138.98579,35.96481],[138.98528,35.96463],[138.98472,35.96431],[138.98446,35.96402],[138.98436,35.9637],[138.98441,35.96338],[138.98462,35.96308],[138.98499,35.96282],[138.9855,35.96259],[138.98618,35.96249],[138.9863,35.96239],[138.98631,35.96228],[138.98621,35.96218],[138.98604,35.96216],[138.9852,35.9623],[138.98549,35.96185],[138.98514,35.96186],[138.98498,35.96192],[138.98493,35.9623],[138.9827,35.96319],[138.98049,35.96227],[138.97908,35.96224],[138.97844,35.96217],[138.97768,35.96195],[138.97635,35.96142],[138.97596,35.96135],[138.97524,35.96133],[138.97702,35.96206],[138.97793,35.96238],[138.9794,35.96281],[138.98187,35.9634],[138.98153,35.96355],[138.98145,35.96363],[138.9815,35.96377],[138.98177,35.96407],[138.98185,35.9643],[138.98181,35.96463],[138.98166,35.96488],[138.98109,35.96532],[138.98055,35.96547],[138.9804,35.9658],[138.98028,35.96594],[138.97983,35.96625],[138.97954,35.96637],[138.97907,35.96645],[138.97814,35.96641],[138.97788,35.96653],[138.97764,35.96687],[138.97749,35.96695],[138.9772,35.96698],[138.97702,35.96693],[138.97688,35.96683],[138.97662,35.96637],[138.97638,35.96621],[138.97576,35.96608],[138.97466,35.96604],[138.9742,35.96595],[138.97412,35.96591],[138.97404,35.96571],[138.97395,35.96564],[138.97352,35.96559],[138.97333,35.96553],[138.97318,35.96517],[138.97279,35.96489],[138.97264,35.9647],[138.97254,35.96424],[138.9726,35.96355],[138.97257,35.96332],[138.97248,35.96312],[138.97232,35.96294],[138.9721,35.96278],[138.97145,35.96254],[138.96971,35.96227],[138.96878,35.96205],[138.96837,35.96189],[138.96802,35.96161],[138.96787,35.96127],[138.96793,35.96075],[138.96784,35.96048],[138.96767,35.96039],[138.96718,35.96033],[138.967,35.96023],[138.96686,35.96007],[138.96674,35.95975],[138.96656,35.95948],[138.96611,35.95914],[138.96592,35.95891],[138.96585,35.9585],[138.96595,35.95823],[138.96621,35.95805],[138.96679,35.95788],[138.96691,35.95779],[138.96696,35.95764],[138.96688,35.95748],[138.9665,35.9574],[138.96624,35.95728],[138.96578,35.95687],[138.9656,35.95647],[138.96559,35.95625],[138.96567,35.95606],[138.96599,35.9559],[138.96674,35.95584],[138.96741,35.95562],[138.96788,35.95535],[138.96899,35.95455],[138.96932,35.95438],[138.96968,35.9543],[138.97006,35.95438],[138.97062,35.95469],[138.97136,35.95479],[138.97166,35.95488],[138.97214,35.95514],[138.9731,35.95582],[138.97417,35.95631],[138.97475,35.9565],[138.97498,35.95655],[138.97533,35.95653],[138.97553,35.95637],[138.97563,35.9556],[138.97582,35.95508],[138.97597,35.95487],[138.97622,35.95466],[138.97641,35.95459],[138.9767,35.95456],[138.97684,35.95448],[138.97696,35.95421],[138.97705,35.95367],[138.9772,35.95339],[138.97744,35.95311],[138.97796,35.9527],[138.97864,35.95234],[138.97948,35.95205],[138.9801,35.95192],[138.98041,35.9519],[138.98104,35.95196],[138.98166,35.95214],[138.98228,35.95245],[138.98279,35.95279],[138.98317,35.95313],[138.98341,35.95347],[138.98357,35.95396],[138.98367,35.95408],[138.98395,35.95424],[138.98413,35.95429],[138.9846,35.95431],[138.98599,35.95413],[138.98616,35.95407],[138.98629,35.95397],[138.98631,35.95388],[138.98623,35.95355],[138.98644,35.95327],[138.98694,35.95308],[138.98801,35.95289],[138.98841,35.95264],[138.98858,35.95246],[138.98888,35.95198],[138.98924,35.95105],[138.98951,35.95059],[138.98967,35.95042],[138.99002,35.95021],[138.99078,35.95012],[138.99104,35.95],[138.99122,35.94981],[138.99136,35.94943],[138.9915,35.94923],[138.99162,35.94922],[138.99198,35.94938],[138.99233,35.9494],[138.99394,35.94923],[138.99418,35.94925],[138.99457,35.94936],[138.99485,35.94957],[138.99526,35.95001],[138.99547,35.9501],[138.99578,35.95008],[138.99586,35.95018],[138.99591,35.95042],[138.99592,35.95127],[138.99555,35.95544],[138.99553,35.95689],[138.99566,35.95787],[138.99578,35.95819],[138.99595,35.95839],[138.99634,35.95854],[138.99677,35.95861],[138.99687,35.95859],[138.99701,35.95848],[138.99707,35.95819],[138.99698,35.95804],[138.99667,35.95783],[138.99654,35.95749],[138.99635,35.95743],[138.99597,35.95739],[138.99576,35.95726],[138.99564,35.95704],[138.99572,35.95683],[138.99592,35.95672],[138.99625,35.95665],[138.99697,35.95662],[138.99734,35.95675],[138.99777,35.95714],[138.99797,35.95721],[138.99812,35.95719],[138.99846,35.9569],[138.99887,35.9563],[138.99923,35.95589],[138.99962,35.95557],[139.00002,35.95537],[139.00039,35.95534],[139.00085,35.9555],[139.00151,35.95561],[139.00396,35.95572],[139.00444,35.95578],[139.00476,35.95588],[139.00503,35.95608],[139.00518,35.95638],[139.00522,35.95677],[139.00513,35.95715],[139.00503,35.95724],[139.00478,35.9573],[139.00467,35.9574],[139.00444,35.95787],[139.00414,35.95821],[139.00375,35.95847],[139.0027,35.95904],[139.00242,35.95927],[139.00213,35.95984],[139.00196,35.95993],[139.00167,35.95998],[139.00153,35.96032]],[[139.10208,36.04017],[139.10172,36.04012],[139.10158,36.04004],[139.10149,36.03992],[139.10145,36.03973],[139.10147,36.0395],[139.10159,36.0391],[139.10214,36.03803],[139.1022,36.03768],[139.10214,36.03743],[139.10223,36.03735],[139.10258,36.03736],[139.10315,36.0375],[139.10362,36.03748],[139.10385,36.03736],[139.10416,36.03698],[139.10433,36.03685],[139.10462,36.03677],[139.1049,36.0368],[139.10511,36.03693],[139.10528,36.03722],[139.10539,36.03732],[139.10563,36.03737],[139.106,36.03731],[139.10611,36.03735],[139.10626,36.03782],[139.10646,36.03797],[139.10681,36.03811],[139.10689,36.03822],[139.10691,36.03835],[139.10684,36.03859],[139.10689,36.03875],[139.1071,36.03881],[139.10751,36.03875],[139.10813,36.03838],[139.10827,36.03833],[139.10832,36.03835],[139.10839,36.03849],[139.10839,36.03904],[139.10892,36.0381],[139.10906,36.03797],[139.10927,36.03792],[139.10962,36.03803],[139.10988,36.03824],[139.11004,36.03852],[139.11011,36.03895],[139.11019,36.03902],[139.11042,36.03908],[139.11047,36.03918],[139.11016,36.04043],[139.11014,36.0412],[139.11021,36.0423],[139.11016,36.04277],[139.11006,36.04288],[139.10992,36.04289],[139.10975,36.04299],[139.10954,36.04334],[139.10936,36.04353],[139.10871,36.04383],[139.10863,36.04397],[139.10865,36.04408],[139.10884,36.04422],[139.10956,36.04441],[139.10984,36.04455],[139.11017,36.0449],[139.1104,36.04537],[139.11049,36.04548],[139.11072,36.04562],[139.111,36.04565],[139.11164,36.04552],[139.11201,36.04561],[139.11257,36.04623],[139.11305,36.04644],[139.11324,36.04659],[139.11332,36.0468],[139.11326,36.04708],[139.11318,36.04715],[139.11293,36.0472],[139.11279,36.04727],[139.11236,36.04779],[139.11218,36.04794],[139.11184,36.04806],[139.11145,36.0481],[139.11126,36.0482],[139.11113,36.04839],[139.11105,36.04899],[139.11092,36.04928],[139.11053,36.04962],[139.10995,36.04989],[139.10969,36.05007],[139.10952,36.05038],[139.10956,36.05091],[139.10949,36.05098],[139.10929,36.05101],[139.10908,36.05113],[139.10863,36.05166],[139.10832,36.05174],[139.10738,36.05147],[139.10668,36.05144],[139.10606,36.05158],[139.10511,36.05197],[139.10488,36.05201],[139.10463,36.05196],[139.10457,36.05199],[139.10439,36.05245],[139.10417,36.0543],[139.10393,36.0553],[139.10359,36.05596],[139.10318,36.05633],[139.10282,36.05659],[139.10249,36.05671],[139.10223,36.05673],[139.10205,36.05665],[139.1019,36.0565],[139.10149,36.05639],[139.10076,36.05635],[139.09993,36.05637],[139.09941,36.0565],[139.09923,36.05663],[139.09909,36.05685],[139.09892,36.05695],[139.09845,36.05701],[139.09811,36.0569],[139.09795,36.05672],[139.09769,36.05588],[139.09797,36.05565],[139.09832,36.05535],[139.09844,36.055],[139.09827,36.05363],[139.09856,36.05287],[139.09867,36.05277],[139.09887,36.05273],[139.09893,36.05267],[139.09906,36.05213],[139.09913,36.05016],[139.09906,36.0493],[139.09896,36.04903],[139.0989,36.049],[139.09883,36.04903],[139.09868,36.04928],[139.09859,36.04979],[139.09855,36.0507],[139.09839,36.05127],[139.09826,36.0514],[139.09807,36.05148],[139.09765,36.05152],[139.09728,36.0515],[139.0967,36.05137],[139.09638,36.05121],[139.09611,36.051],[139.09547,36.0503],[139.09478,36.04995],[139.0947,36.04975],[139.09461,36.04966],[139.09425,36.04957],[139.0934,36.04952],[139.09294,36.04936],[139.09279,36.04912],[139.09277,36.04841],[139.09156,36.04838],[139.09131,36.04834],[139.09101,36.04819],[139.09086,36.04796],[139.0908,36.04735],[139.09071,36.04714],[139.09057,36.04699],[139.09021,36.04681],[139.09009,36.04663],[139.09003,36.04638],[139.09006,36.0459],[139.09015,36.04575],[139.09046,36.04549],[139.09094,36.04527],[139.0921,36.04493],[139.09237,36.04476],[139.0924,36.04459],[139.09187,36.04415],[139.09175,36.04395],[139.0917,36.04373],[139.09172,36.0435],[139.09184,36.04317],[139.09208,36.04283],[139.09231,36.04263],[139.09263,36.04253],[139.09303,36.04253],[139.09427,36.04283],[139.09464,36.04288],[139.09491,36.04286],[139.09517,36.04272],[139.09544,36.04264],[139.09604,36.04258],[139.09703,36.0426],[139.0976,36.04273],[139.0979,36.04301],[139.09874,36.04338],[139.09895,36.04363],[139.09902,36.0438],[139.09906,36.04433],[139.0989,36.04575],[139.09924,36.04587],[139.09937,36.04581],[139.09943,36.04565],[139.09947,36.04506],[139.09955,36.04468],[139.09967,36.04448],[139.10002,36.04418],[139.09968,36.04416],[139.09956,36.04409],[139.09947,36.04378],[139.09955,36.04346],[139.09974,36.04329],[139.1001,36.04312],[139.10115,36.04283],[139.10143,36.04261],[139.10171,36.04216],[139.1017,36.04261],[139.10198,36.04216],[139.10227,36.04171],[139.10255,36.04104],[139.10227,36.04103],[139.10226,36.04047],[139.1022,36.04027],[139.10208,36.04017]],[[139.11689,36.09089],[139.11662,36.09157],[139.11653,36.09208],[139.11641,36.09366],[139.11629,36.09418],[139.11593,36.09519],[139.11522,36.0955],[139.11488,36.09576],[139.11441,36.09639],[139.11369,36.09766],[139.11401,36.09867],[139.11404,36.0989],[139.114,36.09927],[139.11385,36.09958],[139.11346,36.1],[139.11308,36.10029],[139.11255,36.10053],[139.11243,36.10065],[139.11238,36.101],[139.11254,36.10171],[139.1128,36.10306],[139.11279,36.10617],[139.11288,36.10771],[139.11295,36.10802],[139.11309,36.10831],[139.11324,36.10837],[139.11359,36.10825],[139.1158,36.10916],[139.11541,36.10779],[139.11536,36.10746],[139.11539,36.10716],[139.11547,36.10706],[139.11565,36.10695],[139.11611,36.1069],[139.11634,36.10681],[139.1167,36.10637],[139.11693,36.10633],[139.11722,36.10639],[139.11742,36.10638],[139.11755,36.10613],[139.11776,36.10604],[139.11812,36.10602],[139.11846,36.10613],[139.11868,36.1064],[139.11882,36.10679],[139.11915,36.10709],[139.11951,36.10721],[139.12041,36.10737],[139.12098,36.10754],[139.12144,36.10778],[139.12175,36.10818],[139.12186,36.10857],[139.12191,36.10906],[139.12185,36.11002],[139.12172,36.11044],[139.12152,36.11065],[139.12139,36.11098],[139.12124,36.11227],[139.12108,36.11255],[139.12092,36.11264],[139.12047,36.11268],[139.1198,36.1126],[139.11927,36.11247],[139.11867,36.11224],[139.11841,36.11205],[139.11805,36.11159],[139.1178,36.11134],[139.11635,36.11029],[139.11721,36.11157],[139.11768,36.11214],[139.11788,36.1123],[139.11818,36.11236],[139.11844,36.11249],[139.11891,36.11289],[139.11906,36.11314],[139.11909,36.11348],[139.11891,36.11397],[139.11854,36.11447],[139.11836,36.1146],[139.11775,36.11488],[139.1171,36.11557],[139.11667,36.11589],[139.11534,36.1164],[139.11521,36.11653],[139.11518,36.11682],[139.11498,36.11782],[139.11483,36.11823],[139.11464,36.11853],[139.11413,36.11902],[139.11394,36.11928],[139.11378,36.11972],[139.1137,36.12035],[139.11358,36.12059],[139.11327,36.12084],[139.113,36.12093],[139.11276,36.12093],[139.11248,36.12078],[139.11225,36.12048],[139.11207,36.12034],[139.11174,36.12027],[139.11135,36.12035],[139.1112,36.12047],[139.11116,36.12066],[139.11137,36.12131],[139.11137,36.12169],[139.11121,36.12204],[139.11098,36.12216],[139.11082,36.12218],[139.11015,36.12204],[139.10906,36.12151],[139.10859,36.12113],[139.10848,36.12089],[139.10843,36.12061],[139.10831,36.1205],[139.10811,36.12047],[139.10763,36.12052],[139.10747,36.12048],[139.10739,36.12038],[139.10729,36.12001],[139.1071,36.11986],[139.10682,36.11976],[139.10672,36.11965],[139.10671,36.1195],[139.10686,36.11919],[139.10686,36.11904],[139.10666,36.11899],[139.10649,36.119],[139.1057,36.11917],[139.10516,36.11924],[139.10475,36.11919],[139.10446,36.11901],[139.10415,36.11842],[139.10398,36.11823],[139.10379,36.11813],[139.10326,36.11803],[139.10307,36.11785],[139.10306,36.11755],[139.10332,36.11704],[139.10335,36.11685],[139.10329,36.11669],[139.10288,36.11636],[139.10273,36.1161],[139.10269,36.11579],[139.10278,36.11541],[139.10294,36.1152],[139.1032,36.11505],[139.10362,36.11497],[139.10419,36.11495],[139.10449,36.11487],[139.10464,36.11467],[139.10465,36.11453],[139.10456,36.11417],[139.10415,36.11337],[139.10384,36.11295],[139.10355,36.11267],[139.10336,36.11236],[139.10323,36.11147],[139.10316,36.11129],[139.10292,36.11102],[139.10279,36.11079],[139.10267,36.11],[139.10219,36.10905],[139.102,36.10855],[139.10193,36.10787],[139.1021,36.10743],[139.1025,36.10684],[139.10313,36.10612],[139.10501,36.10419],[139.10552,36.10353],[139.10558,36.10331],[139.10551,36.1031],[139.10531,36.10295],[139.10503,36.10284],[139.10483,36.1026],[139.10476,36.10203],[139.10482,36.10165],[139.1049,36.1015],[139.10536,36.10133],[139.10564,36.10106],[139.10564,36.10099],[139.10546,36.10089],[139.10501,36.10085],[139.10308,36.10089],[139.10225,36.1008],[139.10191,36.10067],[139.10181,36.10059],[139.10155,36.10021],[139.10137,36.09963],[139.1013,36.09915],[139.1013,36.09874],[139.10138,36.09845],[139.10156,36.09829],[139.10206,36.09822],[139.10228,36.09813],[139.10246,36.09797],[139.1027,36.09767],[139.1029,36.09755],[139.10331,36.09753],[139.10379,36.09765],[139.10403,36.09759],[139.10418,36.09738],[139.10423,36.09723],[139.10425,36.0966],[139.10417,36.09576],[139.10411,36.09552],[139.10396,36.09533],[139.10355,36.09516],[139.10268,36.0951],[139.1023,36.09503],[139.1019,36.09481],[139.10174,36.0946],[139.10156,36.09403],[139.10143,36.09311],[139.10135,36.09193],[139.10137,36.09111],[139.10144,36.0908],[139.10173,36.09057],[139.10186,36.09009],[139.10201,36.08996],[139.10229,36.08993],[139.10257,36.08997],[139.10304,36.09023],[139.1032,36.09025],[139.10347,36.09016],[139.10368,36.09001],[139.10386,36.08978],[139.10401,36.08946],[139.10428,36.08835],[139.10453,36.08799],[139.1047,36.08785],[139.10515,36.08765],[139.10655,36.08745],[139.10733,36.08719],[139.10769,36.0869],[139.10785,36.08666],[139.10794,36.08638],[139.10796,36.08605],[139.10789,36.08571],[139.10777,36.08563],[139.10769,36.08563],[139.10699,36.08586],[139.1062,36.08591],[139.10596,36.08596],[139.10576,36.08612],[139.10573,36.08635],[139.10561,36.08651],[139.10537,36.08657],[139.10517,36.08654],[139.10498,36.08642],[139.10482,36.0862],[139.10437,36.08523],[139.1041,36.08501],[139.1039,36.08498],[139.10363,36.08502],[139.10345,36.08513],[139.10332,36.08528],[139.1031,36.08535],[139.10263,36.0853],[139.1024,36.08519],[139.1022,36.08489],[139.10214,36.08429],[139.10202,36.08394],[139.10188,36.08379],[139.10152,36.08364],[139.10136,36.08347],[139.10133,36.08323],[139.10141,36.08298],[139.1017,36.08265],[139.10202,36.08243],[139.10239,36.0823],[139.10291,36.08226],[139.10308,36.08221],[139.10316,36.08212],[139.10311,36.08182],[139.10316,36.08166],[139.10381,36.08153],[139.10413,36.08126],[139.1045,36.08118],[139.10524,36.08115],[139.10553,36.0811],[139.10576,36.08094],[139.10587,36.08066],[139.10605,36.08059],[139.10673,36.08062],[139.10734,36.08077],[139.10792,36.0812],[139.1089,36.0816],[139.10905,36.08172],[139.10917,36.08196],[139.10971,36.08226],[139.11266,36.0834],[139.11301,36.08359],[139.11321,36.08378],[139.11347,36.08395],[139.11447,36.08441],[139.11589,36.08495],[139.1166,36.08508],[139.11699,36.08531],[139.11746,36.08575],[139.11777,36.08616],[139.11801,36.08685],[139.11799,36.08747],[139.11765,36.0889],[139.11737,36.08912],[139.11765,36.08912],[139.11763,36.08957],[139.11754,36.08984],[139.11689,36.09089]],[[139.21539,36.1191],[139.21513,36.11921],[139.2141,36.11949],[139.21365,36.11965],[139.21349,36.11976],[139.21341,36.11997],[139.21329,36.12003],[139.21244,36.12011],[139.21188,36.12032],[139.21149,36.12041],[139.21044,36.12049],[139.20833,36.12049],[139.20715,36.12039],[139.20668,36.12027],[139.20655,36.12019],[139.20633,36.11983],[139.20623,36.11919],[139.20612,36.11889],[139.20555,36.11827],[139.20546,36.1181],[139.20532,36.11755],[139.20452,36.11656],[139.20444,36.11637],[139.20448,36.11617],[139.20444,36.11599],[139.20407,36.11557],[139.20277,36.11438],[139.20253,36.11396],[139.20257,36.1137],[139.20248,36.11351],[139.20231,36.11342],[139.20175,36.11325],[139.20163,36.11316],[139.20156,36.11295],[139.20147,36.11289],[139.20121,36.11288],[139.20067,36.11295],[139.20039,36.11293],[139.20012,36.11287],[139.19971,36.1127],[139.19937,36.11247],[139.19893,36.11193],[139.19856,36.11165],[139.19764,36.11115],[139.19605,36.11042],[139.19538,36.11003],[139.19521,36.10987],[139.19513,36.10962],[139.1949,36.10948],[139.19483,36.10938],[139.19485,36.1092],[139.19495,36.10895],[139.19525,36.10848],[139.19553,36.10827],[139.19586,36.10816],[139.19623,36.10814],[139.19694,36.1083],[139.19723,36.10849],[139.1975,36.10889],[139.19775,36.10895],[139.19808,36.10881],[139.19859,36.10835],[139.19889,36.10822],[139.19946,36.10815],[139.20015,36.10821],[139.20064,36.1082],[139.20084,36.10814],[139.20099,36.10799],[139.20125,36.10788],[139.20201,36.10783],[139.20231,36.10776],[139.2027,36.10755],[139.20302,36.10725],[139.2033,36.10707],[139.20346,36.10704],[139.20373,36.1071],[139.20383,36.10705],[139.2041,36.10666],[139.20439,36.10652],[139.20469,36.10652],[139.20483,36.10657],[139.20494,36.10673],[139.20501,36.10708],[139.20514,36.10718],[139.20527,36.10719],[139.20541,36.10708],[139.20555,36.10684],[139.20591,36.10567],[139.2062,36.10512],[139.20644,36.1049],[139.20699,36.10472],[139.20726,36.10456],[139.20796,36.10397],[139.20838,36.10377],[139.2088,36.1038],[139.20916,36.10397],[139.20937,36.10414],[139.20947,36.10444],[139.2096,36.1045],[139.20989,36.10447],[139.20996,36.10436],[139.20999,36.10421],[139.21011,36.1041],[139.21044,36.10406],[139.2107,36.10412],[139.21083,36.10422],[139.211,36.10452],[139.21119,36.10471],[139.21178,36.105],[139.2119,36.10519],[139.21199,36.10556],[139.2121,36.10567],[139.21263,36.10592],[139.21276,36.10608],[139.21294,36.10648],[139.21307,36.10666],[139.21342,36.10685],[139.21412,36.10701],[139.21413,36.10672],[139.2142,36.10661],[139.21488,36.10631],[139.21527,36.10596],[139.21546,36.10585],[139.21572,36.10583],[139.21605,36.1059],[139.21663,36.10614],[139.21692,36.10633],[139.2171,36.10653],[139.21721,36.10698],[139.21738,36.10724],[139.21769,36.10753],[139.21865,36.1082],[139.21901,36.10863],[139.21921,36.10913],[139.21925,36.1097],[139.21919,36.11028],[139.2192,36.11089],[139.21927,36.11113],[139.21951,36.11131],[139.21958,36.11144],[139.21963,36.11182],[139.21954,36.11213],[139.21945,36.1122],[139.21922,36.11225],[139.21917,36.11232],[139.21925,36.11291],[139.21894,36.11393],[139.21894,36.11418],[139.21902,36.11424],[139.21926,36.11419],[139.21957,36.11398],[139.22011,36.1135],[139.22057,36.1133],[139.22089,36.11329],[139.22124,36.11338],[139.22162,36.11355],[139.22178,36.11367],[139.22184,36.11378],[139.22176,36.114],[139.22128,36.11435],[139.22113,36.11454],[139.22104,36.11478],[139.22094,36.11551],[139.22073,36.11577],[139.22051,36.11583],[139.22024,36.11582],[139.21964,36.11573],[139.21938,36.11555],[139.21931,36.1153],[139.21911,36.11522],[139.21872,36.11524],[139.21839,36.11531],[139.21813,36.11544],[139.21794,36.11562],[139.21778,36.116],[139.21777,36.11642],[139.21784,36.11655],[139.21809,36.11672],[139.21824,36.11697],[139.21847,36.11804],[139.21839,36.11829],[139.21792,36.11852],[139.21825,36.11867],[139.2183,36.11873],[139.21815,36.11883],[139.21763,36.11897],[139.21764,36.11874],[139.21708,36.11897],[139.21621,36.11883],[139.21578,36.11883],[139.21562,36.11888],[139.21539,36.1191]],[[139.0094,35.95777],[139.00937,35.95746],[139.00946,35.95711],[139.00958,35.95699],[139.00993,35.95684],[139.00961,35.9557],[139.00958,35.95523],[139.00977,35.95477],[139.01022,35.95434],[139.01032,35.95419],[139.01031,35.95408],[139.01009,35.9539],[139.00999,35.95361],[139.00997,35.95315],[139.01002,35.95269],[139.01016,35.95229],[139.01044,35.95187],[139.01071,35.95171],[139.01109,35.95165],[139.01121,35.95156],[139.01127,35.9513],[139.01122,35.95091],[139.0113,35.95072],[139.01139,35.95065],[139.01165,35.95056],[139.01225,35.95054],[139.01287,35.95045],[139.0135,35.95026],[139.01388,35.95008],[139.01415,35.94986],[139.01429,35.9496],[139.01429,35.94897],[139.01442,35.94872],[139.01454,35.94863],[139.0149,35.94849],[139.01566,35.94838],[139.01618,35.94824],[139.01636,35.9481],[139.01645,35.94771],[139.01658,35.94751],[139.01679,35.94735],[139.01708,35.94724],[139.01771,35.94722],[139.01814,35.94737],[139.01837,35.94759],[139.01853,35.94787],[139.01868,35.94865],[139.01888,35.94878],[139.0193,35.94875],[139.01942,35.94865],[139.01945,35.94848],[139.01957,35.94832],[139.02,35.94803],[139.02024,35.94776],[139.02048,35.94714],[139.02067,35.94684],[139.02083,35.94672],[139.02129,35.9465],[139.02148,35.94626],[139.02165,35.94587],[139.02179,35.94574],[139.02205,35.94566],[139.02232,35.94568],[139.02247,35.94577],[139.02253,35.94596],[139.02264,35.94604],[139.02344,35.94616],[139.02368,35.94635],[139.02376,35.94651],[139.02387,35.94693],[139.02388,35.94751],[139.02398,35.94811],[139.02408,35.9484],[139.02439,35.94896],[139.02483,35.94949],[139.02536,35.94996],[139.02583,35.95028],[139.02622,35.95044],[139.02655,35.95045],[139.02681,35.95034],[139.02699,35.95017],[139.02698,35.95006],[139.02678,35.9498],[139.02677,35.94961],[139.02695,35.94911],[139.02718,35.94891],[139.02734,35.94884],[139.02775,35.94878],[139.02911,35.94895],[139.0295,35.94894],[139.02974,35.94886],[139.0299,35.94864],[139.03005,35.94852],[139.03028,35.94845],[139.03075,35.94842],[139.03112,35.9485],[139.03152,35.94867],[139.03269,35.94947],[139.03326,35.94966],[139.03358,35.94969],[139.03425,35.94963],[139.03536,35.94929],[139.0357,35.94923],[139.03601,35.94921],[139.03658,35.94928],[139.03706,35.9495],[139.03744,35.94983],[139.03783,35.95021],[139.03807,35.95062],[139.03844,35.9507],[139.03928,35.95075],[139.03945,35.95078],[139.03969,35.95091],[139.0398,35.9511],[139.03974,35.9515],[139.03978,35.95173],[139.0399,35.95191],[139.04012,35.95206],[139.04043,35.95216],[139.0409,35.95223],[139.04153,35.95225],[139.04276,35.9522],[139.04353,35.95226],[139.04385,35.95234],[139.04436,35.9526],[139.0447,35.953],[139.04492,35.95351],[139.04542,35.95424],[139.04586,35.95471],[139.04708,35.95583],[139.04744,35.95625],[139.04781,35.95686],[139.04809,35.95765],[139.04815,35.95804],[139.04815,35.95861],[139.04802,35.9591],[139.04768,35.95935],[139.04759,35.9596],[139.04772,35.95986],[139.04814,35.96027],[139.04829,35.96048],[139.04837,35.96071],[139.04841,35.96111],[139.04833,35.96133],[139.04815,35.96146],[139.04786,35.96151],[139.04729,35.96147],[139.04703,35.96153],[139.04688,35.9617],[139.0469,35.96228],[139.04677,35.96263],[139.04655,35.96277],[139.04584,35.96295],[139.04564,35.96308],[139.04562,35.96319],[139.04572,35.96336],[139.04635,35.96371],[139.04657,35.96391],[139.04661,35.96406],[139.04656,35.96423],[139.04632,35.96442],[139.04606,35.96449],[139.0453,35.96452],[139.0448,35.96462],[139.04452,35.96473],[139.04399,35.96508],[139.04357,35.96518],[139.04297,35.96507],[139.04172,35.96449],[139.04117,35.96449],[139.04028,35.96433],[139.03985,35.9642],[139.03861,35.96364],[139.038,35.96348],[139.03679,35.96335],[139.03455,35.96327],[139.03377,35.96316],[139.03351,35.96306],[139.0333,35.96289],[139.03325,35.96272],[139.03333,35.96255],[139.03332,35.96238],[139.03319,35.96221],[139.03303,35.9621],[139.03249,35.96192],[139.03122,35.96172],[139.03204,35.96228],[139.03212,35.96246],[139.03188,35.96253],[139.03167,35.96253],[139.03072,35.96245],[139.02991,35.96226],[139.02951,35.96209],[139.02921,35.96187],[139.0289,35.96155],[139.02875,35.96127],[139.02873,35.96109],[139.02881,35.96093],[139.02894,35.96089],[139.02956,35.96103],[139.02782,35.95989],[139.02711,35.95949],[139.0264,35.95923],[139.02587,35.95919],[139.02543,35.95906],[139.02518,35.9589],[139.0246,35.95841],[139.02432,35.95828],[139.02366,35.95812],[139.02318,35.95794],[139.02219,35.95725],[139.02164,35.95695],[139.02086,35.95673],[139.01935,35.95668],[139.0199,35.95811],[139.02027,35.95871],[139.02096,35.95935],[139.02205,35.96002],[139.02246,35.9604],[139.02252,35.9606],[139.02237,35.96084],[139.02211,35.96105],[139.02159,35.96128],[139.02081,35.96141],[139.02031,35.96141],[139.0199,35.96135],[139.01962,35.96122],[139.01944,35.96104],[139.01934,35.96082],[139.0193,35.96051],[139.01919,35.96038],[139.0186,35.96042],[139.01813,35.96033],[139.01737,35.96003],[139.01698,35.95978],[139.01683,35.95952],[139.01688,35.95925],[139.01702,35.95915],[139.01722,35.95913],[139.01751,35.95901],[139.01802,35.95864],[139.0184,35.95819],[139.01851,35.95786],[139.01846,35.95754],[139.01834,35.95736],[139.0181,35.95719],[139.01741,35.95689],[139.01301,35.95804],[139.01133,35.95843],[139.01114,35.95838],[139.01103,35.95828],[139.01078,35.95775],[139.01069,35.95828],[139.01056,35.95841],[139.01043,35.95842],[139.01011,35.95835],[139.00972,35.95816],[139.00949,35.95795],[139.0094,35.95777]],[[139.05631,35.97029],[139.05682,35.97054],[139.05708,35.97081],[139.05716,35.97104],[139.05718,35.97131],[139.05709,35.97153],[139.05699,35.9716],[139.05672,35.97169],[139.05654,35.97171],[139.05587,35.97165],[139.05542,35.97169],[139.05526,35.97179],[139.05523,35.97194],[139.05509,35.97209],[139.05475,35.97221],[139.05423,35.9723],[139.05318,35.97236],[139.05268,35.97229],[139.05251,35.97222],[139.05232,35.972],[139.05235,35.97139],[139.05227,35.97115],[139.0521,35.97097],[139.05172,35.97077],[139.05138,35.97047],[139.05113,35.97004],[139.05101,35.9696],[139.05109,35.96941],[139.05117,35.96935],[139.05143,35.96929],[139.05217,35.96922],[139.0524,35.96912],[139.05277,35.96884],[139.05156,35.96897],[139.05116,35.96896],[139.05098,35.96889],[139.05095,35.96883],[139.05098,35.96868],[139.05125,35.96845],[139.05155,35.96831],[139.05275,35.96795],[139.05296,35.96781],[139.05306,35.96756],[139.0529,35.96744],[139.05254,35.96736],[139.05082,35.96739],[139.05023,35.96733],[139.05,35.96728],[139.0497,35.9671],[139.04958,35.96684],[139.04961,35.96646],[139.04984,35.96614],[139.05022,35.96588],[139.05048,35.96563],[139.05057,35.96546],[139.05057,35.96522],[139.05048,35.9651],[139.05033,35.96503],[139.04984,35.96498],[139.04954,35.96485],[139.04941,35.9647],[139.0492,35.96423],[139.04909,35.96413],[139.04879,35.96403],[139.04867,35.96372],[139.04872,35.96309],[139.04885,35.96283],[139.04904,35.96264],[139.04913,35.96238],[139.04905,35.96164],[139.04907,35.96145],[139.04915,35.96133],[139.04933,35.96121],[139.04943,35.96107],[139.04958,35.96011],[139.04979,35.95977],[139.05027,35.95949],[139.0505,35.95923],[139.05054,35.959],[139.05047,35.95861],[139.05049,35.95831],[139.05056,35.95818],[139.05076,35.95807],[139.05087,35.95792],[139.05115,35.9571],[139.05131,35.95684],[139.05168,35.95654],[139.05216,35.95635],[139.05242,35.95619],[139.05269,35.95586],[139.05289,35.95536],[139.05315,35.95515],[139.05339,35.9551],[139.05366,35.95512],[139.05392,35.95517],[139.05426,35.95533],[139.05456,35.95558],[139.05467,35.95583],[139.05464,35.956],[139.05436,35.95644],[139.05427,35.95686],[139.05435,35.95735],[139.0547,35.95781],[139.05472,35.95795],[139.05463,35.95827],[139.05465,35.95843],[139.05472,35.95848],[139.05503,35.95854],[139.05524,35.95875],[139.05533,35.95908],[139.05538,35.95971],[139.05561,35.96004],[139.05607,35.96028],[139.05647,35.96037],[139.0568,35.9604],[139.05716,35.96031],[139.05758,35.95995],[139.0578,35.95984],[139.05819,35.95974],[139.05842,35.9596],[139.05863,35.95918],[139.05872,35.95826],[139.05896,35.9576],[139.05943,35.95703],[139.06019,35.95649],[139.06062,35.9563],[139.0611,35.95624],[139.06144,35.95598],[139.06194,35.95588],[139.06354,35.95586],[139.06411,35.95591],[139.06452,35.95601],[139.06477,35.95615],[139.06495,35.95643],[139.06505,35.95682],[139.06509,35.95745],[139.06515,35.95771],[139.06526,35.95793],[139.06563,35.95821],[139.06577,35.95842],[139.06585,35.95869],[139.06589,35.95923],[139.06581,35.95961],[139.06562,35.95998],[139.06533,35.96033],[139.0646,35.96102],[139.06428,35.96156],[139.0642,35.96214],[139.06426,35.96246],[139.06441,35.96269],[139.06465,35.96281],[139.06546,35.96288],[139.0662,35.9631],[139.06666,35.9634],[139.06709,35.9639],[139.06743,35.96402],[139.06822,35.96405],[139.0696,35.96393],[139.06988,35.96395],[139.07033,35.96406],[139.07064,35.96427],[139.07086,35.96454],[139.07128,35.96487],[139.07163,35.96504],[139.07222,35.96524],[139.07252,35.96542],[139.07274,35.96566],[139.07287,35.96596],[139.07292,35.96629],[139.07282,35.96673],[139.07265,35.96699],[139.07226,35.96732],[139.07183,35.96757],[139.07148,35.96765],[139.07137,35.96782],[139.07135,35.96812],[139.07145,35.96846],[139.07182,35.96891],[139.07225,35.96923],[139.07288,35.96956],[139.07354,35.96974],[139.07396,35.9697],[139.07456,35.96935],[139.07489,35.9692],[139.07635,35.9688],[139.07676,35.96863],[139.07709,35.96843],[139.0774,35.96835],[139.07779,35.96833],[139.07818,35.96839],[139.07853,35.96855],[139.07883,35.96884],[139.07899,35.9692],[139.07917,35.97004],[139.07925,35.97114],[139.07923,35.97172],[139.07907,35.97227],[139.07859,35.97264],[139.07851,35.97287],[139.07859,35.97302],[139.07888,35.9731],[139.07897,35.97324],[139.07905,35.97366],[139.0791,35.97461],[139.07922,35.97492],[139.07941,35.97505],[139.07951,35.97521],[139.07959,35.97579],[139.07958,35.97616],[139.07949,35.97653],[139.0794,35.97665],[139.07921,35.97671],[139.07907,35.97703],[139.07898,35.9784],[139.07892,35.97871],[139.07882,35.97889],[139.07854,35.97897],[139.07842,35.97923],[139.07829,35.9793],[139.0779,35.97936],[139.07733,35.97938],[139.07694,35.97947],[139.07681,35.97958],[139.07673,35.97987],[139.0766,35.97994],[139.07641,35.97995],[139.07603,35.97989],[139.07577,35.97993],[139.07568,35.98003],[139.07565,35.98026],[139.07549,35.98038],[139.0753,35.9804],[139.07491,35.98034],[139.07462,35.98038],[139.07448,35.98048],[139.07434,35.9807],[139.07404,35.98082],[139.07355,35.98082],[139.07297,35.98072],[139.07256,35.98059],[139.07212,35.98035],[139.07176,35.98031],[139.07128,35.98036],[139.07098,35.98043],[139.07067,35.9806],[139.07043,35.9809],[139.0699,35.98102],[139.06729,35.98097],[139.06693,35.98103],[139.06662,35.9812],[139.06652,35.98121],[139.0662,35.98094],[139.06558,35.98082],[139.06544,35.98069],[139.06533,35.9805],[139.06525,35.98023],[139.06525,35.97997],[139.06541,35.97964],[139.06576,35.97936],[139.06598,35.97907],[139.06614,35.97831],[139.06614,35.97759],[139.06607,35.9768],[139.06597,35.9762],[139.06582,35.97579],[139.06564,35.97559],[139.06508,35.97534],[139.06444,35.97484],[139.06413,35.97449],[139.06407,35.97425],[139.06399,35.97414],[139.06359,35.97405],[139.06322,35.97374],[139.06307,35.97372],[139.0625,35.97379],[139.06225,35.97371],[139.06206,35.97354],[139.06201,35.97328],[139.06229,35.97248],[139.06234,35.97179],[139.06218,35.97105],[139.06203,35.97075],[139.06182,35.97051],[139.06155,35.97032],[139.06109,35.97015],[139.06054,35.97011],[139.05994,35.97016],[139.05948,35.97015],[139.05917,35.97004],[139.05897,35.96985],[139.05855,35.96898],[139.05841,35.96882],[139.05797,35.96849],[139.05787,35.96824],[139.05789,35.96803],[139.05805,35.96765],[139.05855,35.96722],[139.05861,35.96701],[139.05858,35.96685],[139.05843,35.96675],[139.05812,35.96671],[139.05667,35.96684],[139.05713,35.9675],[139.0572,35.96781],[139.05719,35.96813],[139.05708,35.96828],[139.05688,35.96838],[139.05627,35.96843],[139.05591,35.96859],[139.05569,35.96891],[139.05563,35.96943],[139.05572,35.96974],[139.05592,35.97],[139.05631,35.97029]],[[139.08332,36.06793],[139.0832,36.06781],[139.08315,36.06766],[139.08322,36.06739],[139.08337,36.06717],[139.08456,36.06616],[139.08542,36.06558],[139.08568,36.06526],[139.08575,36.06476],[139.08555,36.06389],[139.08557,36.06366],[139.08566,36.06349],[139.08604,36.06329],[139.08691,36.06312],[139.08727,36.06313],[139.08769,36.0633],[139.08794,36.06366],[139.08797,36.06408],[139.08771,36.06451],[139.08695,36.06523],[139.08654,36.06586],[139.08641,36.0662],[139.08631,36.06671],[139.0864,36.06775],[139.08628,36.06751],[139.08606,36.06729],[139.0851,36.06684],[139.08578,36.06811],[139.08601,36.06873],[139.08595,36.06878],[139.08576,36.06872],[139.08565,36.06874],[139.08533,36.06903],[139.08489,36.06909],[139.08471,36.06905],[139.08456,36.06895],[139.08433,36.06848],[139.08411,36.06824],[139.08332,36.06793]],[[139.08631,36.01315],[139.08606,36.013],[139.08591,36.01278],[139.08591,36.01253],[139.08603,36.01231],[139.08645,36.01199],[139.08658,36.01179],[139.08663,36.01136],[139.08657,36.01066],[139.08668,36.01037],[139.08683,36.0103],[139.08731,36.01023],[139.08786,36.00985],[139.08802,36.00929],[139.088,36.00911],[139.08795,36.00907],[139.08778,36.00904],[139.08727,36.00908],[139.08705,36.00901],[139.08687,36.00887],[139.08665,36.00857],[139.08632,36.00838],[139.08604,36.00835],[139.0851,36.00843],[139.08463,36.00835],[139.08435,36.0082],[139.08425,36.00795],[139.08415,36.00785],[139.08298,36.00752],[139.08261,36.00721],[139.08244,36.00719],[139.08212,36.00726],[139.08173,36.00695],[139.08083,36.00681],[139.08061,36.00665],[139.08048,36.00642],[139.08035,36.0063],[139.08005,36.00621],[139.07966,36.00618],[139.07936,36.00602],[139.07923,36.00582],[139.07902,36.00524],[139.07885,36.00508],[139.07872,36.00506],[139.07856,36.0051],[139.07845,36.00536],[139.07826,36.00547],[139.07769,36.00551],[139.07728,36.0054],[139.07702,36.00513],[139.07684,36.0046],[139.07664,36.00421],[139.07623,36.00375],[139.07545,36.0033],[139.07409,36.00272],[139.07374,36.0025],[139.07355,36.00227],[139.07352,36.00204],[139.07362,36.00177],[139.07378,36.00164],[139.07438,36.00141],[139.07457,36.00121],[139.07471,36.00092],[139.07482,36.00037],[139.07481,35.99993],[139.07474,35.99973],[139.07453,35.99949],[139.07451,35.99937],[139.07477,35.99905],[139.07479,35.99896],[139.07443,35.99868],[139.0743,35.99835],[139.07411,35.99828],[139.07383,35.99826],[139.07371,35.99819],[139.07366,35.99797],[139.07374,35.99766],[139.07372,35.99742],[139.07365,35.99731],[139.07346,35.9972],[139.07329,35.99702],[139.07301,35.99644],[139.0727,35.99623],[139.07197,35.996],[139.07181,35.99582],[139.07177,35.9957],[139.07181,35.99478],[139.07174,35.99467],[139.07146,35.99461],[139.07137,35.99445],[139.07142,35.99419],[139.07174,35.99359],[139.0718,35.9934],[139.07175,35.99317],[139.07154,35.99291],[139.07152,35.99275],[139.07163,35.99246],[139.07191,35.99211],[139.07205,35.99205],[139.07232,35.99209],[139.07242,35.99206],[139.0725,35.99188],[139.07251,35.99167],[139.07246,35.99146],[139.07234,35.99126],[139.07177,35.99079],[139.07158,35.99053],[139.07143,35.99001],[139.07143,35.98938],[139.07155,35.98888],[139.07192,35.98869],[139.07233,35.98774],[139.07274,35.9874],[139.0729,35.98676],[139.07316,35.98659],[139.07387,35.98653],[139.07402,35.98645],[139.07372,35.986],[139.07368,35.98549],[139.07376,35.98525],[139.07406,35.98502],[139.07417,35.98482],[139.07446,35.98362],[139.07464,35.98329],[139.07491,35.9831],[139.07507,35.98306],[139.0758,35.9831],[139.07604,35.98306],[139.07617,35.98296],[139.07628,35.98258],[139.0767,35.98245],[139.07675,35.98232],[139.07673,35.98217],[139.07663,35.98209],[139.07644,35.98206],[139.07635,35.982],[139.07631,35.98162],[139.07637,35.9813],[139.07646,35.98115],[139.07684,35.98086],[139.07745,35.98062],[139.07785,35.98052],[139.08027,35.98005],[139.08059,35.97993],[139.0807,35.97977],[139.08078,35.97975],[139.08124,35.9798],[139.08233,35.98008],[139.08303,35.98038],[139.08319,35.98061],[139.08328,35.98065],[139.0838,35.98074],[139.0847,35.98076],[139.08554,35.98071],[139.08606,35.98055],[139.08637,35.98026],[139.08658,35.98013],[139.08672,35.9801],[139.08693,35.98012],[139.08757,35.98049],[139.08815,35.98058],[139.08831,35.98067],[139.08844,35.98083],[139.08853,35.98106],[139.08859,35.98151],[139.08849,35.98167],[139.08818,35.98176],[139.08814,35.98199],[139.0883,35.98213],[139.08849,35.98221],[139.08887,35.98228],[139.08906,35.98227],[139.08921,35.98214],[139.08925,35.98192],[139.08934,35.9818],[139.0896,35.98171],[139.08998,35.98169],[139.09017,35.98164],[139.09029,35.98154],[139.09035,35.98141],[139.09031,35.98115],[139.09022,35.98098],[139.0896,35.9803],[139.08944,35.9797],[139.08911,35.97946],[139.08903,35.97936],[139.08898,35.97906],[139.08912,35.97879],[139.08935,35.97867],[139.08965,35.97862],[139.08991,35.97866],[139.09019,35.97883],[139.09031,35.9788],[139.09046,35.97855],[139.09058,35.97809],[139.09081,35.97777],[139.09102,35.97767],[139.09167,35.97759],[139.09203,35.97743],[139.09248,35.97705],[139.09263,35.97668],[139.09277,35.97658],[139.09316,35.97647],[139.09389,35.97635],[139.0942,35.97622],[139.09433,35.97593],[139.09454,35.97568],[139.09491,35.97536],[139.09538,35.97507],[139.09613,35.97478],[139.09671,35.97469],[139.09718,35.97482],[139.09774,35.9754],[139.09798,35.97556],[139.09824,35.97565],[139.09882,35.97571],[139.09894,35.97578],[139.099,35.97597],[139.09912,35.97608],[139.09974,35.97617],[139.1002,35.97641],[139.10045,35.97636],[139.10116,35.97563],[139.10137,35.97551],[139.10158,35.97546],[139.1019,35.97549],[139.10214,35.97557],[139.10281,35.97592],[139.10311,35.97602],[139.10359,35.97606],[139.10422,35.97601],[139.10445,35.97606],[139.1046,35.97616],[139.10474,35.97638],[139.10489,35.97646],[139.10526,35.97645],[139.10603,35.97628],[139.10636,35.97632],[139.10651,35.97642],[139.10666,35.97665],[139.10674,35.97698],[139.10672,35.97738],[139.10661,35.97757],[139.10628,35.97773],[139.1058,35.97775],[139.10539,35.97784],[139.10519,35.97796],[139.1048,35.9783],[139.10453,35.9784],[139.10421,35.97843],[139.10398,35.97853],[139.1036,35.97885],[139.10333,35.97916],[139.10319,35.97941],[139.1032,35.9795],[139.10335,35.97958],[139.10349,35.97958],[139.10414,35.97947],[139.1046,35.97946],[139.10475,35.97954],[139.1048,35.97977],[139.10499,35.97992],[139.10523,35.97998],[139.106,35.98004],[139.10632,35.98014],[139.10647,35.98025],[139.10656,35.98042],[139.10657,35.98065],[139.10636,35.98151],[139.10644,35.98182],[139.10669,35.98206],[139.10688,35.98215],[139.10785,35.98241],[139.10819,35.98255],[139.10841,35.9827],[139.10853,35.98296],[139.10851,35.98324],[139.10844,35.98345],[139.10825,35.98376],[139.10813,35.98386],[139.10799,35.98383],[139.10787,35.98361],[139.10773,35.98348],[139.10759,35.98348],[139.10724,35.98361],[139.10721,35.98631],[139.10718,35.98666],[139.10708,35.98679],[139.10683,35.98692],[139.10674,35.98703],[139.10665,35.98749],[139.10668,35.98767],[139.10677,35.9878],[139.10692,35.98787],[139.1072,35.98791],[139.10732,35.98804],[139.10737,35.98841],[139.10731,35.98878],[139.10723,35.98895],[139.10694,35.98922],[139.10648,35.98939],[139.10619,35.98943],[139.1049,35.98949],[139.10471,35.98953],[139.10454,35.98966],[139.10462,35.98984],[139.10504,35.99028],[139.10512,35.99056],[139.10508,35.99073],[139.10494,35.9909],[139.10477,35.99094],[139.10449,35.99088],[139.10441,35.99095],[139.10445,35.99118],[139.10471,35.99125],[139.10479,35.99133],[139.10479,35.99162],[139.10447,35.99246],[139.1043,35.99268],[139.10412,35.9928],[139.10372,35.99281],[139.10324,35.99269],[139.10305,35.99255],[139.10295,35.99221],[139.10282,35.99215],[139.10258,35.99212],[139.10247,35.99203],[139.10245,35.99189],[139.1025,35.99176],[139.103,35.99162],[139.10317,35.99139],[139.10311,35.99131],[139.10295,35.99126],[139.1023,35.9912],[139.10316,35.99094],[139.10326,35.99084],[139.10304,35.99076],[139.10251,35.99069],[139.10125,35.99065],[139.10075,35.99078],[139.10067,35.99085],[139.10062,35.99102],[139.10065,35.99141],[139.10088,35.99187],[139.10101,35.99236],[139.10104,35.99349],[139.10091,35.99406],[139.1008,35.99416],[139.10054,35.99423],[139.10046,35.9945],[139.10035,35.99458],[139.10017,35.9946],[139.09996,35.99454],[139.09954,35.99415],[139.09926,35.99406],[139.09902,35.99408],[139.09824,35.99433],[139.0978,35.99437],[139.09747,35.99429],[139.09725,35.99407],[139.09714,35.99402],[139.09696,35.99421],[139.09678,35.99432],[139.09631,35.99435],[139.09604,35.99425],[139.0956,35.99384],[139.0954,35.99376],[139.09526,35.99377],[139.09507,35.99387],[139.09497,35.99399],[139.09491,35.9942],[139.09476,35.99425],[139.09409,35.99424],[139.0931,35.99406],[139.09276,35.99391],[139.09261,35.9937],[139.09261,35.99336],[139.09283,35.99263],[139.09279,35.99247],[139.09264,35.9924],[139.09227,35.99247],[139.09201,35.99261],[139.09192,35.99274],[139.09182,35.99316],[139.09134,35.99368],[139.09118,35.99413],[139.09121,35.99501],[139.09127,35.99524],[139.09146,35.99559],[139.0916,35.99571],[139.09195,35.99587],[139.09263,35.99593],[139.09316,35.99613],[139.09341,35.99636],[139.09384,35.99714],[139.09398,35.99725],[139.09418,35.99728],[139.0943,35.99738],[139.09435,35.99757],[139.09431,35.9978],[139.09416,35.99797],[139.09379,35.99811],[139.09365,35.99822],[139.09353,35.99846],[139.09352,35.99879],[139.0937,35.99919],[139.09406,35.99954],[139.09426,35.99983],[139.09438,36.00051],[139.09446,36.00061],[139.09475,36.00072],[139.09487,36.0011],[139.09486,36.00158],[139.09474,36.00199],[139.09459,36.00221],[139.09416,36.00264],[139.09403,36.00297],[139.09411,36.00336],[139.09439,36.00368],[139.09446,36.00384],[139.09447,36.00417],[139.09433,36.00467],[139.09417,36.00488],[139.09385,36.00496],[139.09374,36.00504],[139.09341,36.00554],[139.09282,36.00599],[139.09271,36.00624],[139.09277,36.00667],[139.09268,36.00701],[139.09251,36.00723],[139.09205,36.00764],[139.09195,36.00781],[139.09226,36.00791],[139.09253,36.00831],[139.0927,36.00842],[139.09313,36.00852],[139.09399,36.00858],[139.09422,36.00869],[139.09438,36.00905],[139.09481,36.00947],[139.09497,36.00969],[139.09515,36.0101],[139.09526,36.01057],[139.09544,36.01083],[139.09561,36.01086],[139.09581,36.01077],[139.09607,36.01074],[139.0964,36.0108],[139.09702,36.01108],[139.09763,36.01151],[139.09775,36.01167],[139.09788,36.01198],[139.09786,36.01231],[139.09771,36.01277],[139.09772,36.01301],[139.09782,36.01319],[139.09816,36.01348],[139.09826,36.01382],[139.0982,36.01428],[139.09804,36.01472],[139.09789,36.01497],[139.0976,36.01525],[139.09734,36.01537],[139.09701,36.01544],[139.09661,36.01545],[139.09575,36.01539],[139.09539,36.01547],[139.09516,36.01596],[139.09483,36.01626],[139.09403,36.01686],[139.0939,36.01707],[139.09392,36.01719],[139.09411,36.01739],[139.0945,36.01762],[139.09496,36.01783],[139.09527,36.01787],[139.09561,36.01763],[139.09613,36.01743],[139.09724,36.01712],[139.09794,36.01704],[139.09806,36.0171],[139.09811,36.01728],[139.09831,36.01749],[139.09867,36.01773],[139.09904,36.01788],[139.09982,36.01806],[139.10087,36.01817],[139.10154,36.01833],[139.10183,36.01845],[139.10232,36.01879],[139.10251,36.01901],[139.10297,36.01981],[139.10333,36.02029],[139.104,36.02088],[139.10475,36.02133],[139.105,36.02167],[139.10503,36.02185],[139.10492,36.02225],[139.10398,36.02337],[139.10385,36.02359],[139.10377,36.02387],[139.1034,36.02415],[139.10365,36.02458],[139.10365,36.02505],[139.1034,36.02596],[139.10307,36.02646],[139.10294,36.02658],[139.10263,36.02671],[139.10216,36.02676],[139.10185,36.02672],[139.10164,36.02653],[139.10138,36.02643],[139.10019,36.02638],[139.09998,36.02735],[139.09976,36.02766],[139.09962,36.02773],[139.09927,36.02777],[139.09858,36.02765],[139.09797,36.02764],[139.09762,36.02772],[139.09707,36.02798],[139.09682,36.02802],[139.09659,36.028],[139.09628,36.02787],[139.09612,36.02786],[139.09593,36.028],[139.09577,36.0284],[139.09561,36.02861],[139.09542,36.02873],[139.09516,36.02879],[139.09455,36.02882],[139.09421,36.02875],[139.09405,36.02866],[139.09387,36.02837],[139.09373,36.02827],[139.09311,36.02854],[139.09261,36.02858],[139.0923,36.02854],[139.09214,36.02843],[139.09207,36.0282],[139.09158,36.02806],[139.0913,36.02767],[139.09106,36.02796],[139.09081,36.02816],[139.09058,36.02821],[139.09029,36.02818],[139.08996,36.02809],[139.08967,36.02791],[139.08944,36.02765],[139.08929,36.0273],[139.0892,36.02665],[139.0893,36.02597],[139.08947,36.02552],[139.08985,36.02486],[139.09007,36.02431],[139.0901,36.02398],[139.08995,36.02338],[139.08993,36.02383],[139.08984,36.02408],[139.08897,36.0253],[139.08863,36.02609],[139.08856,36.02541],[139.08858,36.02225],[139.0883,36.0218],[139.08814,36.02123],[139.08815,36.02098],[139.08825,36.02091],[139.08859,36.0209],[139.08592,36.01742],[139.08536,36.01651],[139.08509,36.01585],[139.08503,36.01558],[139.08505,36.01515],[139.08512,36.01481],[139.08524,36.01455],[139.08585,36.01406],[139.0862,36.01355],[139.08647,36.01346],[139.087,36.01345],[139.08631,36.01315]],[[139.09138,36.06358],[139.09202,36.06322],[139.09244,36.06287],[139.09271,36.06248],[139.09296,36.06186],[139.09319,36.06165],[139.09358,36.06148],[139.09372,36.0613],[139.09411,36.06023],[139.09423,36.06008],[139.09454,36.05987],[139.09481,36.05931],[139.09495,36.05916],[139.09525,36.05903],[139.09566,36.05901],[139.09616,36.05892],[139.09729,36.05855],[139.09766,36.0586],[139.09805,36.05918],[139.09832,36.05938],[139.09905,36.05975],[139.09934,36.06003],[139.09952,36.06039],[139.09964,36.06152],[139.09984,36.06199],[139.10006,36.06217],[139.10044,36.06238],[139.10062,36.06256],[139.10076,36.06279],[139.10089,36.0632],[139.10114,36.06356],[139.1022,36.06426],[139.10246,36.06453],[139.1028,36.06501],[139.10303,36.06558],[139.10305,36.0658],[139.103,36.06598],[139.10286,36.06611],[139.10264,36.06617],[139.10233,36.06619],[139.10175,36.06613],[139.10136,36.0662],[139.1012,36.06643],[139.10126,36.06711],[139.10135,36.06745],[139.10153,36.06772],[139.10183,36.06791],[139.10223,36.06802],[139.1026,36.0683],[139.10283,36.06859],[139.10334,36.06947],[139.10376,36.06996],[139.10427,36.07028],[139.10459,36.07034],[139.10479,36.07032],[139.10506,36.07017],[139.10546,36.06959],[139.10583,36.06933],[139.10616,36.06924],[139.10726,36.06916],[139.10794,36.06891],[139.10815,36.06891],[139.10846,36.0692],[139.10886,36.0693],[139.10894,36.06946],[139.10896,36.06969],[139.10907,36.06985],[139.10974,36.06999],[139.10985,36.07007],[139.10996,36.07024],[139.11004,36.07066],[139.10999,36.07108],[139.10978,36.07134],[139.10931,36.07159],[139.10923,36.07168],[139.10916,36.07189],[139.10921,36.07216],[139.10939,36.07248],[139.10975,36.07284],[139.11003,36.07296],[139.11053,36.07295],[139.11127,36.07274],[139.11228,36.07226],[139.11283,36.07205],[139.1133,36.07197],[139.11377,36.07202],[139.11399,36.07212],[139.11428,36.0724],[139.11497,36.07268],[139.11527,36.07285],[139.11557,36.07323],[139.11578,36.07396],[139.11607,36.07442],[139.11638,36.07466],[139.11724,36.07511],[139.11747,36.07536],[139.1175,36.07553],[139.11736,36.0758],[139.11717,36.076],[139.11657,36.07644],[139.11642,36.07664],[139.1164,36.07674],[139.11648,36.07693],[139.11696,36.07731],[139.11721,36.07769],[139.11735,36.07816],[139.11735,36.07867],[139.11719,36.07918],[139.11677,36.07979],[139.1164,36.08004],[139.11588,36.08013],[139.11577,36.0802],[139.11561,36.08045],[139.1155,36.08108],[139.11555,36.082],[139.11567,36.08231],[139.11593,36.08239],[139.11604,36.08249],[139.11616,36.08275],[139.11621,36.08297],[139.11617,36.08318],[139.11604,36.08337],[139.11583,36.08355],[139.11554,36.08369],[139.11524,36.08373],[139.11493,36.08368],[139.11408,36.08323],[139.11373,36.0831],[139.11339,36.08303],[139.11287,36.08299],[139.11235,36.08286],[139.11105,36.08218],[139.11025,36.08202],[139.10999,36.08177],[139.1097,36.08158],[139.10824,36.08087],[139.10717,36.08046],[139.10622,36.08021],[139.10541,36.08012],[139.10481,36.08012],[139.10454,36.08018],[139.10405,36.08043],[139.10366,36.08047],[139.10327,36.08037],[139.10296,36.08006],[139.10263,36.08002],[139.10202,36.08016],[139.10137,36.08039],[139.10101,36.0806],[139.10068,36.0809],[139.10047,36.08096],[139.10007,36.0809],[139.09957,36.08067],[139.09913,36.08055],[139.09833,36.08058],[139.09821,36.08049],[139.09802,36.08021],[139.09775,36.08021],[139.09719,36.07998],[139.09692,36.07976],[139.09658,36.07961],[139.09646,36.07948],[139.09655,36.07911],[139.09646,36.07894],[139.09624,36.0787],[139.09619,36.07856],[139.09627,36.07805],[139.09595,36.07809],[139.09585,36.078],[139.09583,36.07779],[139.09588,36.0776],[139.09601,36.07751],[139.0962,36.07749],[139.09633,36.07743],[139.09638,36.07719],[139.0959,36.07631],[139.09569,36.07536],[139.09551,36.07489],[139.09494,36.07417],[139.09437,36.07367],[139.09344,36.073],[139.09282,36.07262],[139.09228,36.07243],[139.09147,36.07176],[139.09064,36.07133],[139.08901,36.07067],[139.08801,36.07019],[139.08737,36.06974],[139.08712,36.06941],[139.08698,36.0689],[139.08694,36.06858],[139.08696,36.06779],[139.08723,36.06598],[139.08752,36.06497],[139.08766,36.0648],[139.08797,36.06465],[139.08903,36.06445],[139.08954,36.06431],[139.08986,36.06414],[139.09041,36.06372],[139.09095,36.06371],[139.09138,36.06358]],[[139.11897,36.12721],[139.11924,36.12766],[139.11978,36.12851],[139.12009,36.12881],[139.12042,36.12896],[139.121,36.12902],[139.12134,36.12894],[139.12158,36.12874],[139.12171,36.12844],[139.12177,36.12782],[139.12184,36.12766],[139.12205,36.12743],[139.12239,36.12733],[139.12327,36.12737],[139.12364,36.12733],[139.12394,36.12724],[139.12439,36.12696],[139.12462,36.12689],[139.12488,36.12688],[139.12528,36.12693],[139.12552,36.1269],[139.12581,36.12672],[139.12604,36.12642],[139.12641,36.12625],[139.12674,36.12622],[139.12714,36.12626],[139.12768,36.12643],[139.12811,36.12673],[139.12845,36.12711],[139.12887,36.12732],[139.12922,36.12733],[139.12999,36.12721],[139.13029,36.12727],[139.13051,36.12743],[139.13082,36.12793],[139.13098,36.12811],[139.13117,36.12824],[139.13147,36.12835],[139.13163,36.12848],[139.13181,36.12878],[139.13204,36.12941],[139.13227,36.12967],[139.13273,36.13001],[139.13291,36.13028],[139.13303,36.1306],[139.13317,36.13076],[139.13346,36.13089],[139.13415,36.13097],[139.13437,36.13116],[139.13437,36.13132],[139.13421,36.1317],[139.13363,36.13258],[139.13338,36.13305],[139.13336,36.13318],[139.13341,36.13333],[139.13372,36.13354],[139.13377,36.13369],[139.13369,36.13385],[139.13335,36.13428],[139.13385,36.13424],[139.13416,36.13395],[139.13437,36.13391],[139.13475,36.134],[139.13489,36.13411],[139.13498,36.13426],[139.135,36.13469],[139.13488,36.13513],[139.13453,36.13585],[139.13422,36.13635],[139.1339,36.13673],[139.13359,36.13698],[139.13317,36.13712],[139.13269,36.13705],[139.13257,36.13707],[139.13251,36.13713],[139.13247,36.13729],[139.13227,36.13745],[139.13126,36.13786],[139.13103,36.13801],[139.13069,36.13832],[139.13044,36.13842],[139.12991,36.13845],[139.12902,36.13832],[139.12856,36.13811],[139.12811,36.13763],[139.12788,36.13756],[139.1276,36.13756],[139.12726,36.13765],[139.12682,36.13784],[139.12649,36.13806],[139.12625,36.1383],[139.12605,36.13841],[139.12579,36.13848],[139.12492,36.13857],[139.12472,36.13873],[139.12468,36.13897],[139.12452,36.13916],[139.12364,36.13945],[139.12337,36.1397],[139.12322,36.13978],[139.12269,36.13985],[139.12223,36.1398],[139.122,36.1397],[139.12185,36.13955],[139.1217,36.13924],[139.12136,36.13906],[139.12101,36.13903],[139.12031,36.13908],[139.11966,36.13906],[139.11909,36.13895],[139.1185,36.13873],[139.11824,36.13855],[139.11803,36.13831],[139.11757,36.13818],[139.11738,36.13761],[139.11713,36.13735],[139.11674,36.13708],[139.11645,36.13673],[139.11618,36.13596],[139.116,36.13568],[139.11574,36.13543],[139.115,36.13501],[139.11469,36.13461],[139.11458,36.13434],[139.1144,36.13367],[139.11432,36.13281],[139.1144,36.13204],[139.11451,36.13172],[139.11467,36.13144],[139.11488,36.1312],[139.11513,36.131],[139.11543,36.13085],[139.11636,36.13052],[139.11693,36.13018],[139.11712,36.12996],[139.11717,36.12975],[139.11711,36.12961],[139.11695,36.12954],[139.11606,36.12959],[139.11573,36.12952],[139.11558,36.12941],[139.1154,36.12905],[139.11531,36.12817],[139.11516,36.12787],[139.1146,36.12758],[139.1144,36.12715],[139.11375,36.12654],[139.11319,36.12615],[139.11299,36.12606],[139.11278,36.12603],[139.11265,36.1259],[139.11255,36.12524],[139.11216,36.12468],[139.11215,36.1244],[139.11226,36.12408],[139.11252,36.12373],[139.113,36.12346],[139.11337,36.12344],[139.11373,36.12357],[139.11513,36.12389],[139.1157,36.12411],[139.11627,36.12455],[139.1167,36.12511],[139.11716,36.12554],[139.11748,36.12575],[139.11834,36.12611],[139.11851,36.12624],[139.1187,36.12653],[139.11914,36.12677],[139.11914,36.12692],[139.11897,36.12721]],[[139.18676,36.24531],[139.18642,36.24538],[139.18611,36.2455],[139.18566,36.24582],[139.18554,36.24595],[139.1854,36.24626],[139.18521,36.24632],[139.18491,36.24631],[139.18449,36.24611],[139.18407,36.24572],[139.18385,36.24556],[139.1836,36.24546],[139.18307,36.2454],[139.18286,36.24531],[139.18264,36.24504],[139.18245,36.24456],[139.18229,36.24443],[139.18208,36.24438],[139.18153,36.24441],[139.18126,36.24434],[139.18026,36.24374],[139.17978,36.24361],[139.17928,36.24359],[139.17892,36.24352],[139.17852,36.24323],[139.17837,36.24321],[139.17769,36.24328],[139.17678,36.2431],[139.17621,36.24284],[139.17608,36.24268],[139.17604,36.24244],[139.17595,36.24233],[139.17569,36.24223],[139.17531,36.24219],[139.17512,36.24207],[139.17497,36.2417],[139.17498,36.24099],[139.17509,36.24061],[139.17536,36.24029],[139.17538,36.2402],[139.17515,36.24001],[139.17505,36.23985],[139.17498,36.23945],[139.17498,36.2389],[139.17511,36.23836],[139.17536,36.23802],[139.17525,36.23785],[139.17453,36.23745],[139.17443,36.23723],[139.17452,36.23704],[139.17481,36.23686],[139.17491,36.23672],[139.17503,36.23588],[139.17526,36.23537],[139.17555,36.23504],[139.17612,36.23453],[139.17637,36.2342],[139.17648,36.23386],[139.17648,36.23369],[139.17633,36.2332],[139.17636,36.23285],[139.17651,36.23271],[139.17706,36.23253],[139.17705,36.23247],[139.17682,36.23231],[139.17666,36.23206],[139.17655,36.23168],[139.17656,36.23145],[139.17667,36.23129],[139.17677,36.23124],[139.17739,36.23117],[139.17776,36.23106],[139.17815,36.23088],[139.17856,36.2306],[139.17934,36.2299],[139.17947,36.22972],[139.17956,36.22947],[139.17969,36.22941],[139.17988,36.22939],[139.18005,36.22926],[139.18022,36.2289],[139.1802,36.22858],[139.18007,36.22838],[139.17986,36.2282],[139.17934,36.22795],[139.17925,36.22798],[139.1792,36.22819],[139.17896,36.22841],[139.17876,36.22852],[139.1785,36.22855],[139.17798,36.22838],[139.1769,36.22769],[139.17649,36.22752],[139.17634,36.22755],[139.17619,36.2277],[139.17593,36.22778],[139.17555,36.2278],[139.17524,36.22776],[139.17509,36.22765],[139.17506,36.22749],[139.17498,36.22739],[139.17458,36.2273],[139.17427,36.22703],[139.17406,36.22707],[139.17366,36.22734],[139.17335,36.2275],[139.17304,36.22756],[139.17272,36.22753],[139.17231,36.22733],[139.17193,36.22701],[139.17178,36.22675],[139.17173,36.22643],[139.17166,36.22633],[139.17111,36.22661],[139.17061,36.22663],[139.17013,36.22643],[139.16973,36.22613],[139.16935,36.22575],[139.1692,36.22542],[139.16899,36.22546],[139.16849,36.22573],[139.16819,36.22582],[139.16806,36.2258],[139.16787,36.2256],[139.16771,36.22551],[139.16711,36.22532],[139.1669,36.22505],[139.16687,36.22458],[139.1671,36.22381],[139.16722,36.22365],[139.16741,36.22353],[139.16754,36.22328],[139.16759,36.22256],[139.1675,36.22231],[139.16735,36.22213],[139.16686,36.22193],[139.16667,36.22172],[139.16652,36.22116],[139.1665,36.22037],[139.16643,36.21981],[139.16633,36.2196],[139.16601,36.21936],[139.16596,36.21916],[139.16614,36.21886],[139.16671,36.21834],[139.16686,36.2181],[139.16689,36.21771],[139.16668,36.21709],[139.16673,36.21688],[139.16701,36.2167],[139.16712,36.21641],[139.16723,36.21631],[139.16756,36.2162],[139.16815,36.21607],[139.16836,36.21595],[139.16837,36.21585],[139.16821,36.21566],[139.16784,36.21558],[139.16772,36.21548],[139.16767,36.21521],[139.16775,36.21498],[139.16794,36.21478],[139.16838,36.21447],[139.16847,36.21433],[139.16859,36.2139],[139.16871,36.21382],[139.16908,36.21378],[139.16924,36.21371],[139.16943,36.2135],[139.16951,36.21329],[139.16968,36.21313],[139.1702,36.21305],[139.17072,36.2131],[139.17131,36.21324],[139.17174,36.21346],[139.17201,36.21376],[139.17209,36.21394],[139.17212,36.21437],[139.17225,36.21474],[139.17255,36.215],[139.17277,36.21508],[139.17333,36.21517],[139.17399,36.21515],[139.17449,36.21505],[139.17483,36.21486],[139.17502,36.21459],[139.17514,36.21414],[139.17524,36.21396],[139.17536,36.21385],[139.17556,36.21382],[139.17573,36.21369],[139.17603,36.21305],[139.1762,36.21287],[139.17645,36.21272],[139.17656,36.21251],[139.17659,36.2122],[139.17649,36.21191],[139.17623,36.21167],[139.17585,36.21149],[139.17566,36.21134],[139.17554,36.21116],[139.17549,36.21096],[139.17553,36.21064],[139.17569,36.21039],[139.17596,36.2102],[139.17638,36.21012],[139.17695,36.21016],[139.17805,36.21039],[139.17864,36.21047],[139.17898,36.21043],[139.17907,36.21036],[139.17914,36.21017],[139.17941,36.2101],[139.18042,36.21018],[139.18109,36.21035],[139.18129,36.21045],[139.18148,36.21063],[139.1816,36.211],[139.18155,36.2113],[139.18142,36.21145],[139.18119,36.21158],[139.18114,36.21175],[139.1813,36.21195],[139.18168,36.21205],[139.18207,36.21204],[139.18228,36.21194],[139.18244,36.21175],[139.18264,36.21116],[139.18278,36.21095],[139.18308,36.21081],[139.18334,36.21084],[139.18377,36.21103],[139.18419,36.2116],[139.18471,36.21202],[139.18535,36.21237],[139.18574,36.21245],[139.18595,36.21241],[139.18619,36.2123],[139.18628,36.21222],[139.18635,36.21201],[139.1865,36.21193],[139.18763,36.21185],[139.18797,36.21174],[139.18818,36.21155],[139.18824,36.21143],[139.18832,36.21084],[139.18847,36.21058],[139.18875,36.21052],[139.1892,36.21063],[139.18942,36.21078],[139.18955,36.21093],[139.18989,36.2119],[139.19015,36.21218],[139.19057,36.21243],[139.1918,36.21281],[139.19245,36.21313],[139.19266,36.21338],[139.19279,36.21404],[139.19288,36.21413],[139.19312,36.21417],[139.19323,36.21426],[139.19325,36.2144],[139.1932,36.21459],[139.19288,36.21508],[139.1928,36.2153],[139.19284,36.21657],[139.19274,36.21678],[139.1924,36.21708],[139.19292,36.21724],[139.1931,36.2174],[139.19319,36.21761],[139.1932,36.21823],[139.19312,36.21853],[139.19296,36.2188],[139.19273,36.21905],[139.19231,36.21935],[139.19189,36.21956],[139.19135,36.21972],[139.19118,36.21984],[139.19109,36.22014],[139.19116,36.22064],[139.19111,36.22085],[139.19078,36.22096],[139.1907,36.22112],[139.19067,36.22137],[139.19056,36.22157],[139.19036,36.2218],[139.1899,36.2222],[139.18934,36.22255],[139.18913,36.2226],[139.18892,36.22255],[139.18885,36.22258],[139.18889,36.22325],[139.1888,36.22338],[139.18845,36.22353],[139.18829,36.22367],[139.18833,36.22424],[139.18797,36.22452],[139.18786,36.22496],[139.18775,36.22516],[139.18742,36.22552],[139.18678,36.22602],[139.18642,36.22623],[139.18601,36.22634],[139.18593,36.2265],[139.18595,36.22679],[139.18605,36.22687],[139.1863,36.22681],[139.18647,36.22682],[139.18674,36.22708],[139.187,36.22717],[139.18738,36.22719],[139.18762,36.22715],[139.18788,36.22698],[139.18812,36.22649],[139.18825,36.22634],[139.18891,36.22602],[139.18902,36.22571],[139.18912,36.22559],[139.1893,36.22549],[139.18956,36.22547],[139.19003,36.2256],[139.19042,36.2258],[139.19073,36.2261],[139.19124,36.22688],[139.19138,36.22697],[139.19175,36.22706],[139.192,36.22733],[139.19215,36.22742],[139.19235,36.22744],[139.1925,36.2274],[139.19263,36.2271],[139.19272,36.22703],[139.19296,36.22699],[139.19316,36.227],[139.19344,36.2271],[139.1938,36.22744],[139.19397,36.22754],[139.19406,36.22752],[139.19418,36.22737],[139.19436,36.22727],[139.19484,36.22724],[139.19519,36.22737],[139.19585,36.22784],[139.19623,36.22802],[139.19646,36.22805],[139.19693,36.22799],[139.19706,36.22803],[139.19724,36.22822],[139.19746,36.22833],[139.19825,36.22842],[139.1984,36.22852],[139.19843,36.22868],[139.19855,36.22885],[139.19896,36.22916],[139.19904,36.2294],[139.19896,36.22994],[139.19865,36.23086],[139.19865,36.23122],[139.19878,36.2315],[139.19902,36.23169],[139.19949,36.23188],[139.20004,36.23198],[139.20063,36.232],[139.20091,36.23208],[139.20115,36.23229],[139.20117,36.23262],[139.20107,36.23325],[139.20091,36.23376],[139.2007,36.23397],[139.20032,36.23403],[139.20018,36.2341],[139.20006,36.23431],[139.20003,36.23462],[139.19995,36.23483],[139.19986,36.2349],[139.19961,36.23495],[139.19949,36.23514],[139.1995,36.23537],[139.19965,36.23556],[139.20033,36.23579],[139.20053,36.23592],[139.20058,36.23614],[139.20045,36.23646],[139.20027,36.23678],[139.20003,36.23705],[139.19976,36.23723],[139.19945,36.23734],[139.19929,36.23746],[139.1991,36.23776],[139.19889,36.23834],[139.19878,36.23846],[139.19847,36.23859],[139.19836,36.23888],[139.19832,36.23958],[139.1982,36.23998],[139.19805,36.24014],[139.19767,36.24029],[139.19753,36.2404],[139.19715,36.24092],[139.1968,36.24104],[139.19674,36.24125],[139.19682,36.24175],[139.19672,36.24207],[139.19655,36.24224],[139.19618,36.24242],[139.19595,36.24258],[139.19591,36.2427],[139.19598,36.24286],[139.19597,36.243],[139.19569,36.24318],[139.19544,36.24349],[139.19475,36.24475],[139.1945,36.245],[139.19436,36.24503],[139.19422,36.24499],[139.19401,36.24487],[139.1936,36.24445],[139.19339,36.24436],[139.1931,36.2443],[139.19293,36.24393],[139.19264,36.2439],[139.19255,36.24403],[139.19264,36.24458],[139.19258,36.24475],[139.19225,36.24483],[139.19205,36.24493],[139.19105,36.24568],[139.19101,36.24605],[139.19077,36.24635],[139.19029,36.2467],[139.18989,36.2468],[139.18966,36.2467],[139.18945,36.24634],[139.18923,36.24615],[139.18837,36.24585],[139.18829,36.24573],[139.18827,36.24544],[139.18721,36.24531],[139.18676,36.24531]],[[139.19038,36.15317],[139.19089,36.15226],[139.19106,36.15204],[139.19125,36.1519],[139.19162,36.15175],[139.19181,36.15151],[139.1918,36.15127],[139.19161,36.15101],[139.19076,36.1505],[139.19051,36.15024],[139.19044,36.14999],[139.19052,36.14972],[139.19081,36.1493],[139.19114,36.14902],[139.19151,36.14889],[139.19229,36.14894],[139.19238,36.14888],[139.19242,36.14872],[139.19257,36.14855],[139.19321,36.14822],[139.19327,36.14805],[139.19291,36.14772],[139.19286,36.14738],[139.193,36.14692],[139.19321,36.14654],[139.19342,36.14635],[139.19365,36.14628],[139.19365,36.14607],[139.19347,36.14557],[139.19355,36.14534],[139.19381,36.14515],[139.194,36.14508],[139.19495,36.14485],[139.19523,36.14474],[139.19536,36.14462],[139.19532,36.14442],[139.19542,36.14433],[139.19568,36.14432],[139.19594,36.1444],[139.19612,36.14461],[139.19625,36.14492],[139.19651,36.1451],[139.19677,36.14513],[139.19725,36.14509],[139.19757,36.14516],[139.19768,36.1453],[139.19775,36.14567],[139.19796,36.14576],[139.19833,36.14565],[139.19867,36.14546],[139.19889,36.14524],[139.19907,36.14494],[139.1992,36.14485],[139.19967,36.14477],[139.19991,36.14468],[139.20015,36.14453],[139.20084,36.14394],[139.20112,36.14381],[139.2014,36.14376],[139.20167,36.1438],[139.20201,36.14391],[139.20223,36.14404],[139.20237,36.1442],[139.20252,36.14426],[139.20289,36.14427],[139.20338,36.14422],[139.20378,36.14429],[139.20398,36.14443],[139.20441,36.14495],[139.20455,36.14502],[139.20487,36.14508],[139.20508,36.14529],[139.20526,36.14537],[139.20578,36.14537],[139.20689,36.14522],[139.20734,36.14527],[139.20751,36.14534],[139.20776,36.14558],[139.20795,36.14626],[139.20808,36.14649],[139.20824,36.14661],[139.20873,36.14671],[139.20888,36.14706],[139.20936,36.14742],[139.20955,36.14775],[139.20963,36.14823],[139.20958,36.14877],[139.20942,36.14915],[139.20904,36.1495],[139.20915,36.14976],[139.20995,36.1504],[139.2101,36.15059],[139.21018,36.15092],[139.21026,36.151],[139.21042,36.15102],[139.21091,36.15086],[139.21121,36.15082],[139.21135,36.15086],[139.21147,36.15101],[139.21165,36.15112],[139.21219,36.15119],[139.2123,36.15127],[139.21237,36.15138],[139.21233,36.15173],[139.21219,36.15183],[139.21201,36.15185],[139.21192,36.15198],[139.212,36.15255],[139.2119,36.15287],[139.21154,36.15312],[139.2108,36.15325],[139.21062,36.1534],[139.21051,36.15364],[139.21043,36.15393],[139.21043,36.15416],[139.21054,36.1543],[139.21097,36.15448],[139.21111,36.15463],[139.21123,36.15498],[139.21122,36.15545],[139.21113,36.1557],[139.21097,36.15588],[139.21039,36.15608],[139.21024,36.1562],[139.2103,36.15657],[139.21003,36.15717],[139.21,36.15738],[139.21011,36.15767],[139.21036,36.15793],[139.21037,36.15809],[139.2101,36.15835],[139.2094,36.15869],[139.20923,36.15888],[139.20919,36.15909],[139.20934,36.15942],[139.20937,36.15963],[139.20925,36.15992],[139.20878,36.16028],[139.20823,36.16044],[139.20803,36.16103],[139.20777,36.16134],[139.20719,36.16185],[139.20696,36.16227],[139.20675,36.16227],[139.20617,36.16208],[139.20601,36.16209],[139.20592,36.16217],[139.20587,36.1624],[139.20572,36.16253],[139.20526,36.16268],[139.20459,36.16278],[139.20409,36.16299],[139.20389,36.1632],[139.20367,36.16368],[139.20348,36.16378],[139.20322,36.16379],[139.2027,36.16366],[139.20202,36.16358],[139.20035,36.16364],[139.19997,36.16362],[139.19973,36.16356],[139.19961,36.16341],[139.19966,36.16327],[139.20014,36.16307],[139.20033,36.1629],[139.20029,36.16266],[139.20003,36.16259],[139.19854,36.16283],[139.19788,36.16304],[139.1975,36.16332],[139.19724,36.16381],[139.19691,36.16402],[139.1967,36.16406],[139.19649,36.16405],[139.19618,36.16392],[139.19574,36.16351],[139.19563,36.16326],[139.19562,36.16309],[139.19579,36.16264],[139.19636,36.16187],[139.19651,36.16153],[139.19654,36.16102],[139.19643,36.16068],[139.19627,36.1604],[139.19596,36.1601],[139.19545,36.15992],[139.19523,36.15979],[139.19502,36.15949],[139.19487,36.1591],[139.19468,36.15891],[139.19454,36.15884],[139.19418,36.15875],[139.19333,36.15868],[139.19306,36.15858],[139.19291,36.15843],[139.19281,36.15804],[139.19266,36.15794],[139.19242,36.15791],[139.19194,36.15796],[139.19168,36.15794],[139.19142,36.15781],[139.19128,36.15758],[139.1911,36.15746],[139.19067,36.15737],[139.18993,36.15731],[139.18966,36.15721],[139.18943,36.15696],[139.18941,36.15663],[139.18962,36.15633],[139.19006,36.15607],[139.19026,36.1559],[139.19024,36.15574],[139.19002,36.15557],[139.18904,36.15514],[139.18877,36.15488],[139.18874,36.15471],[139.18887,36.15441],[139.18954,36.15391],[139.18987,36.1534],[139.19004,36.15331],[139.19024,36.15328],[139.19038,36.15317]],[[139.19951,36.09347],[139.19964,36.09374],[139.19996,36.09393],[139.20073,36.0941],[139.20113,36.09429],[139.20139,36.09461],[139.20144,36.09493],[139.20132,36.09507],[139.20105,36.09516],[139.19977,36.09524],[139.19941,36.09536],[139.1993,36.09546],[139.19925,36.09573],[139.19954,36.09644],[139.1996,36.09672],[139.19956,36.09692],[139.19929,36.09714],[139.19903,36.09722],[139.19865,36.09727],[139.19852,36.09741],[139.19847,36.09766],[139.19853,36.09846],[139.19848,36.09898],[139.19835,36.09923],[139.19802,36.09958],[139.19796,36.09979],[139.1981,36.09997],[139.19834,36.10007],[139.19861,36.10009],[139.19908,36.10002],[139.19926,36.1001],[139.1994,36.10025],[139.19965,36.10033],[139.20027,36.10039],[139.20113,36.10042],[139.20167,36.10055],[139.20182,36.10071],[139.20179,36.10113],[139.20187,36.10133],[139.20204,36.10152],[139.20239,36.10179],[139.2025,36.10199],[139.20249,36.1021],[139.20239,36.10235],[139.20171,36.10315],[139.20143,36.10373],[139.20123,36.10398],[139.20073,36.10436],[139.19989,36.1049],[139.19964,36.10513],[139.19954,36.10533],[139.19962,36.10574],[139.19957,36.106],[139.19935,36.10621],[139.19894,36.1063],[139.19877,36.10658],[139.1983,36.10655],[139.19756,36.10632],[139.1972,36.10611],[139.19699,36.10579],[139.19677,36.10566],[139.19592,36.10571],[139.19556,36.10559],[139.19535,36.1053],[139.19542,36.10502],[139.19536,36.10491],[139.19436,36.10441],[139.19421,36.10424],[139.19413,36.10382],[139.19405,36.10369],[139.19379,36.10361],[139.1934,36.10366],[139.19306,36.10365],[139.19273,36.10349],[139.1925,36.10312],[139.19229,36.10239],[139.19213,36.10219],[139.19191,36.1021],[139.19144,36.10219],[139.19118,36.1023],[139.19105,36.10241],[139.19103,36.10252],[139.19125,36.10277],[139.19136,36.10302],[139.19137,36.10344],[139.19129,36.10365],[139.19119,36.10372],[139.19099,36.10375],[139.19074,36.10387],[139.19024,36.10433],[139.18993,36.10454],[139.18962,36.10463],[139.18934,36.10458],[139.18919,36.10441],[139.18913,36.10401],[139.18905,36.10384],[139.18879,36.10366],[139.18832,36.1035],[139.18819,36.10337],[139.18816,36.1032],[139.18822,36.10289],[139.18818,36.10275],[139.18796,36.10268],[139.18757,36.10272],[139.18731,36.10269],[139.18696,36.10251],[139.18675,36.1023],[139.18659,36.10203],[139.18647,36.10171],[139.18638,36.10069],[139.18619,36.10027],[139.18595,36.10013],[139.18547,36.10008],[139.18524,36.09999],[139.18504,36.09973],[139.18502,36.09946],[139.18494,36.09919],[139.18472,36.09893],[139.18439,36.09869],[139.18356,36.09824],[139.18325,36.09794],[139.18322,36.09776],[139.18334,36.09754],[139.18349,36.09741],[139.18369,36.09738],[139.18375,36.09731],[139.18365,36.09701],[139.18321,36.09631],[139.18307,36.09585],[139.18313,36.09561],[139.18339,36.09532],[139.18352,36.09505],[139.18357,36.09448],[139.18351,36.09357],[139.18357,36.09326],[139.18369,36.09306],[139.18409,36.09287],[139.1843,36.09269],[139.18483,36.09198],[139.18506,36.09174],[139.18531,36.0916],[139.18584,36.09151],[139.18608,36.09137],[139.18637,36.09095],[139.18676,36.09002],[139.18703,36.08977],[139.18724,36.08974],[139.18758,36.08985],[139.18782,36.09001],[139.18835,36.09054],[139.18858,36.09093],[139.18878,36.0914],[139.18907,36.09254],[139.18928,36.09313],[139.18948,36.09336],[139.18966,36.09332],[139.18977,36.09315],[139.18989,36.09247],[139.19016,36.09214],[139.19018,36.09184],[139.19,36.09142],[139.18971,36.09096],[139.18945,36.09067],[139.18917,36.09049],[139.18904,36.09034],[139.189,36.08997],[139.18912,36.08968],[139.1893,36.0895],[139.18957,36.08937],[139.1899,36.08931],[139.1903,36.08933],[139.19051,36.08941],[139.19067,36.08957],[139.19103,36.09044],[139.19129,36.09074],[139.19151,36.09089],[139.19194,36.09102],[139.19229,36.09104],[139.19288,36.09096],[139.19327,36.09082],[139.19343,36.09061],[139.19332,36.0903],[139.19291,36.08983],[139.19219,36.08921],[139.19179,36.08879],[139.1916,36.08844],[139.19162,36.08815],[139.19217,36.08761],[139.19242,36.08719],[139.19273,36.08719],[139.19346,36.08735],[139.19375,36.08731],[139.19385,36.08724],[139.19398,36.087],[139.19403,36.08647],[139.19415,36.08613],[139.19429,36.08605],[139.19477,36.08609],[139.19484,36.08603],[139.19489,36.08583],[139.19505,36.08575],[139.19532,36.08573],[139.19563,36.08582],[139.19594,36.08603],[139.19652,36.08655],[139.19698,36.08668],[139.19717,36.08704],[139.19743,36.08716],[139.19791,36.08729],[139.19812,36.08742],[139.19817,36.08752],[139.19813,36.08769],[139.19797,36.08786],[139.1977,36.08802],[139.19728,36.08814],[139.19677,36.08807],[139.19653,36.08812],[139.19634,36.08837],[139.19633,36.08864],[139.19646,36.08876],[139.19671,36.08881],[139.19711,36.08852],[139.19762,36.08859],[139.19836,36.08839],[139.19866,36.08844],[139.19884,36.08872],[139.1989,36.08911],[139.19884,36.08941],[139.19863,36.08967],[139.19862,36.08982],[139.19871,36.08999],[139.19891,36.0902],[139.1992,36.09039],[139.19936,36.09044],[139.19973,36.09045],[139.20016,36.09033],[139.20063,36.09008],[139.20101,36.0898],[139.20133,36.08938],[139.20137,36.08924],[139.20134,36.08883],[139.20138,36.08871],[139.20159,36.0885],[139.20175,36.08841],[139.20219,36.08827],[139.20294,36.08815],[139.20347,36.08815],[139.20368,36.08822],[139.20385,36.0884],[139.2039,36.08854],[139.2038,36.089],[139.20382,36.08909],[139.2042,36.08924],[139.20454,36.08992],[139.20471,36.09005],[139.20491,36.09007],[139.20508,36.09017],[139.20527,36.09053],[139.20528,36.09092],[139.20516,36.09134],[139.20504,36.0915],[139.2049,36.0916],[139.20461,36.09164],[139.20441,36.09168],[139.20423,36.09178],[139.20382,36.09223],[139.20348,36.09237],[139.20269,36.09244],[139.20161,36.09238],[139.201,36.09239],[139.20031,36.09252],[139.19988,36.09276],[139.19969,36.09294],[139.19956,36.09314],[139.19951,36.09347]],[[139.22453,36.13735],[139.22428,36.13741],[139.22389,36.13763],[139.22351,36.1377],[139.22331,36.13769],[139.22312,36.13761],[139.22261,36.13709],[139.22216,36.13695],[139.22104,36.13687],[139.21907,36.13691],[139.21813,36.13678],[139.21781,36.1366],[139.21765,36.13638],[139.21743,36.13619],[139.21696,36.13596],[139.21615,36.13574],[139.21532,36.13564],[139.21472,36.13564],[139.21437,36.13573],[139.21429,36.13585],[139.2143,36.13619],[139.21416,36.13638],[139.21389,36.13658],[139.2133,36.1369],[139.2129,36.13705],[139.21216,36.13719],[139.21171,36.13715],[139.21151,36.13705],[139.2114,36.13689],[139.21133,36.13652],[139.21121,36.13644],[139.21102,36.13645],[139.21063,36.13658],[139.21029,36.13662],[139.21011,36.13658],[139.2098,36.13639],[139.2096,36.13635],[139.20886,36.13642],[139.20867,36.13641],[139.20854,36.13635],[139.2084,36.1362],[139.20822,36.13614],[139.20779,36.13612],[139.20721,36.13618],[139.2069,36.13614],[139.2066,36.13596],[139.20647,36.13565],[139.20633,36.1355],[139.20603,36.13537],[139.20577,36.13536],[139.20546,36.13542],[139.2053,36.13557],[139.20527,36.13581],[139.20515,36.136],[139.20481,36.13615],[139.2046,36.13613],[139.20429,36.13592],[139.20376,36.13522],[139.20352,36.13506],[139.20327,36.13499],[139.203,36.13502],[139.20268,36.13516],[139.20252,36.13541],[139.20248,36.13572],[139.20224,36.13596],[139.20195,36.13607],[139.20156,36.13614],[139.20122,36.13615],[139.20099,36.13611],[139.20086,36.13601],[139.20075,36.13558],[139.2004,36.13532],[139.20044,36.13493],[139.20029,36.13481],[139.20001,36.13471],[139.19989,36.13458],[139.19984,36.13428],[139.19994,36.13368],[139.19982,36.13382],[139.19964,36.13393],[139.19916,36.13396],[139.19869,36.13386],[139.19828,36.13371],[139.198,36.13343],[139.19791,36.133],[139.198,36.13245],[139.19821,36.13196],[139.19846,36.13174],[139.19836,36.13162],[139.19771,36.13126],[139.19756,36.13104],[139.19754,36.13088],[139.19758,36.13074],[139.19767,36.13064],[139.19818,36.13055],[139.1983,36.13048],[139.19838,36.1302],[139.19832,36.13005],[139.19817,36.1299],[139.19746,36.12957],[139.19724,36.12935],[139.19712,36.12887],[139.19718,36.12823],[139.19713,36.12775],[139.19701,36.12753],[139.19654,36.12717],[139.19643,36.1269],[139.19626,36.12683],[139.19594,36.12682],[139.19498,36.12687],[139.19462,36.12682],[139.19449,36.12676],[139.19437,36.12659],[139.19442,36.12621],[139.19433,36.12597],[139.19416,36.12592],[139.19377,36.12596],[139.19343,36.12582],[139.19325,36.1256],[139.19296,36.12501],[139.19279,36.12482],[139.19261,36.12472],[139.1924,36.12469],[139.19217,36.12476],[139.19205,36.12491],[139.19202,36.12515],[139.19196,36.12526],[139.19176,36.12536],[139.19146,36.12536],[139.19104,36.1252],[139.19062,36.1249],[139.19034,36.12477],[139.18886,36.1244],[139.18873,36.12431],[139.18869,36.12415],[139.18858,36.12409],[139.18761,36.12412],[139.18719,36.12399],[139.18696,36.12382],[139.18669,36.12349],[139.18653,36.1232],[139.18648,36.12284],[139.1864,36.12266],[139.18588,36.12212],[139.18559,36.12194],[139.18528,36.12181],[139.18496,36.12174],[139.18432,36.12169],[139.1841,36.12162],[139.18394,36.1215],[139.18381,36.12127],[139.18363,36.12111],[139.18309,36.12101],[139.18294,36.12093],[139.18262,36.12049],[139.18251,36.12044],[139.18225,36.1205],[139.18211,36.12046],[139.1819,36.12028],[139.18153,36.1198],[139.1809,36.11943],[139.1808,36.11909],[139.18086,36.11856],[139.18099,36.1181],[139.18116,36.11783],[139.18136,36.11769],[139.18154,36.11736],[139.18175,36.11629],[139.1819,36.11582],[139.18201,36.11566],[139.18238,36.11556],[139.18276,36.11533],[139.18315,36.11495],[139.18331,36.11456],[139.18387,36.11428],[139.18403,36.11403],[139.1841,36.11353],[139.18423,36.11334],[139.18463,36.11318],[139.18541,36.11314],[139.18593,36.11306],[139.18654,36.11284],[139.18746,36.11227],[139.18927,36.11102],[139.18965,36.11081],[139.19004,36.11069],[139.19023,36.11059],[139.19111,36.10967],[139.19147,36.10938],[139.19191,36.10922],[139.19277,36.10915],[139.19325,36.10919],[139.19351,36.10929],[139.19371,36.10945],[139.19414,36.10997],[139.19451,36.11009],[139.1948,36.11025],[139.19634,36.11143],[139.19704,36.11191],[139.19737,36.11207],[139.19772,36.11212],[139.19797,36.11221],[139.1994,36.11315],[139.19994,36.1134],[139.20124,36.11389],[139.20216,36.11446],[139.20296,36.11524],[139.20382,36.11647],[139.20432,36.11745],[139.20486,36.1189],[139.20505,36.11851],[139.2052,36.1185],[139.2055,36.11883],[139.20588,36.11945],[139.20624,36.12023],[139.20615,36.12044],[139.20587,36.12049],[139.20578,36.12055],[139.20583,36.12074],[139.20598,36.12083],[139.2064,36.12092],[139.20765,36.12099],[139.20794,36.12105],[139.20834,36.12124],[139.20878,36.12129],[139.2099,36.12125],[139.21143,36.12113],[139.21239,36.12115],[139.21264,36.12127],[139.21254,36.12164],[139.21265,36.12172],[139.21382,36.12156],[139.21412,36.12161],[139.21437,36.12173],[139.21456,36.1219],[139.21468,36.12209],[139.21473,36.12239],[139.21465,36.12279],[139.2147,36.12289],[139.21483,36.12292],[139.21525,36.12278],[139.21537,36.12264],[139.21541,36.12248],[139.21565,36.12231],[139.21651,36.12203],[139.21694,36.12183],[139.21712,36.12168],[139.21737,36.12133],[139.21752,36.12125],[139.21792,36.12121],[139.21815,36.12112],[139.2184,36.12096],[139.21895,36.12048],[139.2193,36.1203],[139.21991,36.1202],[139.2208,36.12026],[139.22114,36.12025],[139.22139,36.12019],[139.22163,36.12004],[139.22191,36.11993],[139.22255,36.11991],[139.22289,36.12004],[139.2233,36.1205],[139.22352,36.12062],[139.22382,36.12065],[139.22439,36.12055],[139.22483,36.12055],[139.22507,36.1206],[139.22556,36.1208],[139.22725,36.122],[139.22757,36.12215],[139.22791,36.12219],[139.22816,36.12228],[139.2286,36.12255],[139.2295,36.1232],[139.23004,36.12338],[139.23046,36.12393],[139.23082,36.12413],[139.23162,36.12446],[139.23245,36.12513],[139.23287,36.12526],[139.23352,36.12523],[139.23375,36.12532],[139.23384,36.1254],[139.23395,36.12566],[139.23399,36.12635],[139.23409,36.12669],[139.23448,36.12703],[139.2349,36.12786],[139.23518,36.12824],[139.23541,36.12842],[139.23599,36.12872],[139.23617,36.12895],[139.23615,36.12906],[139.23603,36.12919],[139.2356,36.12936],[139.23541,36.12951],[139.23531,36.12988],[139.23519,36.13007],[139.23468,36.1303],[139.23453,36.13047],[139.23449,36.1307],[139.23454,36.13093],[139.23488,36.13135],[139.23488,36.13148],[139.23465,36.13162],[139.23451,36.13178],[139.23407,36.13274],[139.23382,36.13306],[139.23328,36.13344],[139.2324,36.13379],[139.2321,36.13396],[139.2319,36.13412],[139.23175,36.13437],[139.23162,36.13448],[139.23143,36.13455],[139.23091,36.1346],[139.23061,36.13467],[139.23013,36.13488],[139.22961,36.13518],[139.22913,36.13532],[139.22878,36.13529],[139.22806,36.13502],[139.22786,36.13573],[139.22769,36.13599],[139.22747,36.13614],[139.22684,36.13631],[139.2266,36.13643],[139.22641,36.13673],[139.22635,36.13712],[139.2262,36.13729],[139.22592,36.13738],[139.22574,36.13739],[139.22486,36.13733],[139.22453,36.13735]],[[139.22081,35.9168],[139.22054,35.91672],[139.2202,35.91642],[139.21919,35.91593],[139.21887,35.91571],[139.21851,35.9153],[139.2182,35.91469],[139.21795,35.91444],[139.21775,35.91437],[139.21741,35.91441],[139.2173,35.91452],[139.21724,35.9147],[139.21709,35.91475],[139.21672,35.91465],[139.21658,35.91454],[139.21649,35.91439],[139.21646,35.91408],[139.21654,35.91379],[139.21665,35.91363],[139.21702,35.91335],[139.21714,35.91306],[139.21719,35.91263],[139.21716,35.91139],[139.21729,35.91077],[139.21757,35.91019],[139.21777,35.90992],[139.21829,35.9094],[139.21873,35.90884],[139.21902,35.90818],[139.21915,35.90744],[139.21914,35.90559],[139.2193,35.9049],[139.21938,35.90475],[139.21972,35.90443],[139.22014,35.90418],[139.22105,35.90381],[139.22131,35.90359],[139.2214,35.90342],[139.22153,35.90269],[139.22148,35.90198],[139.22141,35.90184],[139.22109,35.90171],[139.22088,35.90145],[139.22068,35.90101],[139.22063,35.90054],[139.22073,35.90027],[139.22093,35.90002],[139.22136,35.89974],[139.22167,35.89964],[139.22199,35.89961],[139.22233,35.89965],[139.22275,35.89984],[139.22293,35.90006],[139.22315,35.90069],[139.22337,35.90106],[139.22392,35.90168],[139.22511,35.90276],[139.22543,35.90315],[139.22592,35.904],[139.22644,35.90443],[139.22745,35.90491],[139.22789,35.90517],[139.22839,35.90562],[139.22874,35.9061],[139.22903,35.90631],[139.22939,35.90643],[139.2296,35.90645],[139.23007,35.90642],[139.23048,35.90632],[139.23078,35.90614],[139.23089,35.90602],[139.23104,35.90574],[139.23118,35.90529],[139.23131,35.9051],[139.23147,35.905],[139.23178,35.90499],[139.23239,35.90521],[139.23288,35.90556],[139.23309,35.9059],[139.23318,35.90642],[139.23342,35.90664],[139.23413,35.90685],[139.23546,35.90702],[139.23603,35.90723],[139.23617,35.90742],[139.23615,35.90765],[139.23607,35.90785],[139.2358,35.90814],[139.23523,35.90854],[139.23507,35.90874],[139.23505,35.90886],[139.23513,35.90895],[139.23531,35.90901],[139.23618,35.90907],[139.23669,35.9092],[139.23696,35.90936],[139.23718,35.90957],[139.23741,35.90999],[139.23753,35.91075],[139.23746,35.91136],[139.23731,35.91163],[139.2372,35.91174],[139.23692,35.91186],[139.2366,35.91194],[139.23638,35.91208],[139.23631,35.91218],[139.23625,35.91243],[139.23631,35.91317],[139.23626,35.91338],[139.23616,35.91354],[139.23583,35.91372],[139.23509,35.91381],[139.23483,35.91391],[139.23459,35.9141],[139.23415,35.91469],[139.23387,35.91494],[139.23337,35.91518],[139.23276,35.91529],[139.23239,35.91542],[139.23189,35.91571],[139.23146,35.91609],[139.23114,35.91625],[139.23059,35.9163],[139.23019,35.91621],[139.22984,35.91606],[139.22947,35.91577],[139.22923,35.91515],[139.22907,35.91493],[139.2286,35.91477],[139.22825,35.91442],[139.22807,35.91431],[139.22773,35.91421],[139.2272,35.91415],[139.22696,35.91405],[139.22652,35.91369],[139.22631,35.91362],[139.2261,35.91376],[139.22589,35.91412],[139.22541,35.91524],[139.22508,35.91571],[139.22468,35.91609],[139.22421,35.91639],[139.22369,35.91662],[139.22311,35.91677],[139.22248,35.91686],[139.22123,35.91685],[139.22081,35.9168]],[[139.23112,36.11573],[139.23101,36.1158],[139.23092,36.11601],[139.23066,36.11614],[139.23004,36.11624],[139.22974,36.11623],[139.22947,36.11616],[139.22876,36.11571],[139.22827,36.11558],[139.2279,36.11505],[139.22732,36.11474],[139.22721,36.11448],[139.22729,36.11398],[139.22724,36.11372],[139.22712,36.11363],[139.22655,36.11354],[139.22632,36.11341],[139.22611,36.11313],[139.22618,36.11275],[139.22575,36.11263],[139.2254,36.11229],[139.22499,36.1122],[139.22483,36.11184],[139.22433,36.11161],[139.22411,36.11143],[139.22386,36.11115],[139.22305,36.11],[139.22264,36.10964],[139.22198,36.10927],[139.22189,36.10916],[139.22183,36.1089],[139.22152,36.10867],[139.22146,36.10851],[139.22148,36.10826],[139.22184,36.10688],[139.22191,36.10568],[139.22199,36.10518],[139.22209,36.10498],[139.22241,36.10475],[139.22252,36.10443],[139.22273,36.10426],[139.22341,36.10391],[139.22353,36.10376],[139.22366,36.10337],[139.22398,36.10321],[139.22453,36.1031],[139.22512,36.10309],[139.22568,36.10316],[139.22603,36.10327],[139.22636,36.10329],[139.22664,36.10318],[139.22677,36.10308],[139.22701,36.10278],[139.22727,36.10221],[139.22738,36.1017],[139.22734,36.10088],[139.22743,36.10066],[139.22758,36.10047],[139.22798,36.10023],[139.22837,36.10009],[139.22997,36.09972],[139.23032,36.09956],[139.23052,36.09937],[139.23055,36.09905],[139.23048,36.09884],[139.23038,36.09877],[139.23009,36.09871],[139.22978,36.09854],[139.22939,36.09824],[139.2291,36.09788],[139.22902,36.09749],[139.22907,36.09721],[139.2292,36.0969],[139.22937,36.09674],[139.22966,36.09666],[139.22983,36.09611],[139.23003,36.09591],[139.23022,36.0958],[139.23048,36.09572],[139.23081,36.09568],[139.23189,36.09573],[139.23223,36.09565],[139.23235,36.09557],[139.2325,36.09531],[139.23258,36.09462],[139.23267,36.09437],[139.23281,36.09421],[139.23325,36.09401],[139.23336,36.09382],[139.23337,36.09359],[139.2333,36.09349],[139.23311,36.09344],[139.23283,36.09349],[139.23273,36.0934],[139.23271,36.09332],[139.23292,36.09247],[139.23298,36.09159],[139.23274,36.08923],[139.23272,36.08867],[139.23278,36.08831],[139.23318,36.08775],[139.2337,36.08656],[139.23398,36.08618],[139.23426,36.08592],[139.23434,36.08575],[139.23426,36.08549],[139.23408,36.08532],[139.23394,36.0851],[139.23389,36.08481],[139.23392,36.08445],[139.23413,36.08365],[139.23413,36.08331],[139.23405,36.08323],[139.23385,36.08325],[139.2337,36.08333],[139.23344,36.08357],[139.23308,36.08365],[139.23234,36.08366],[139.23195,36.0836],[139.23182,36.08352],[139.23175,36.08331],[139.23166,36.08322],[139.23123,36.08305],[139.23104,36.0829],[139.23098,36.08273],[139.23097,36.08231],[139.22886,36.08231],[139.22795,36.08239],[139.22769,36.08259],[139.22742,36.08327],[139.22711,36.08354],[139.22662,36.08364],[139.22575,36.0836],[139.22544,36.08353],[139.22525,36.08341],[139.22509,36.08315],[139.22485,36.08245],[139.22468,36.08229],[139.22439,36.08221],[139.22432,36.08205],[139.22429,36.08183],[139.2242,36.08175],[139.22405,36.08174],[139.22355,36.08188],[139.22332,36.08189],[139.22303,36.08174],[139.22282,36.08145],[139.22271,36.08137],[139.22256,36.08145],[139.22238,36.08181],[139.22222,36.08188],[139.222,36.08188],[139.22159,36.08174],[139.22125,36.08168],[139.22085,36.08166],[139.21994,36.08171],[139.21954,36.08166],[139.21921,36.08152],[139.21895,36.0813],[139.21857,36.08063],[139.21849,36.08027],[139.21855,36.07989],[139.21863,36.07976],[139.21887,36.07961],[139.219,36.07946],[139.21911,36.07893],[139.21937,36.07862],[139.21941,36.07849],[139.2192,36.07828],[139.21819,36.07776],[139.21789,36.07745],[139.2178,36.07723],[139.21778,36.07689],[139.21783,36.07667],[139.21805,36.07623],[139.21811,36.07602],[139.21806,36.07595],[139.21781,36.07589],[139.21765,36.07572],[139.21752,36.07532],[139.21757,36.07497],[139.21774,36.07478],[139.21808,36.07465],[139.21907,36.07459],[139.21948,36.07462],[139.2199,36.07475],[139.22017,36.0751],[139.2203,36.07517],[139.22056,36.07517],[139.22076,36.07509],[139.22095,36.07479],[139.22109,36.07362],[139.22131,36.07307],[139.22153,36.07276],[139.22204,36.0723],[139.22224,36.07218],[139.22254,36.07211],[139.22266,36.07204],[139.22299,36.07141],[139.22325,36.07111],[139.22363,36.07085],[139.22393,36.07071],[139.22446,36.07059],[139.2256,36.0705],[139.22603,36.07035],[139.22633,36.07011],[139.22641,36.06996],[139.22639,36.06982],[139.22592,36.0694],[139.22583,36.0692],[139.2258,36.06881],[139.22589,36.06842],[139.22598,36.06833],[139.22627,36.06827],[139.22636,36.06806],[139.22646,36.06799],[139.22688,36.06799],[139.22785,36.06817],[139.22841,36.06821],[139.22863,36.06817],[139.22884,36.06798],[139.229,36.06792],[139.22962,36.0679],[139.23008,36.06802],[139.23093,36.06849],[139.23156,36.06871],[139.23205,36.06878],[139.23323,36.06884],[139.23397,36.06895],[139.23656,36.0695],[139.23757,36.06964],[139.23776,36.0696],[139.23789,36.06941],[139.23791,36.06919],[139.23784,36.06859],[139.23791,36.06836],[139.23798,36.06828],[139.23819,36.06817],[139.2388,36.06809],[139.23891,36.06803],[139.23906,36.06784],[139.23918,36.06695],[139.23938,36.06651],[139.23952,36.06635],[139.23973,36.06623],[139.24024,36.06627],[139.24045,36.06606],[139.24063,36.06595],[139.241,36.06591],[139.24128,36.06604],[139.24153,36.06636],[139.24175,36.06682],[139.24184,36.06693],[139.24207,36.06707],[139.24235,36.0671],[139.2433,36.06686],[139.24376,36.06682],[139.24409,36.06693],[139.24432,36.06727],[139.24446,36.06737],[139.24489,36.06717],[139.24512,36.06713],[139.24557,36.06716],[139.24599,36.06728],[139.24615,36.06749],[139.24593,36.06804],[139.24588,36.06831],[139.2459,36.06878],[139.24598,36.0691],[139.24611,36.06937],[139.2463,36.06958],[139.24691,36.06993],[139.24717,36.07019],[139.24734,36.07061],[139.24735,36.07096],[139.24727,36.07115],[139.24706,36.0713],[139.24624,36.0715],[139.24611,36.07158],[139.24615,36.07166],[139.24669,36.07189],[139.24701,36.07212],[139.24714,36.07242],[139.24706,36.07273],[139.24675,36.07299],[139.24554,36.07343],[139.24522,36.07366],[139.2451,36.07389],[139.24526,36.07406],[139.24585,36.07424],[139.24601,36.07436],[139.24629,36.07471],[139.24654,36.07523],[139.24675,36.07592],[139.24695,36.07679],[139.247,36.07731],[139.24689,36.07751],[139.24659,36.07761],[139.24516,36.07765],[139.24614,36.0781],[139.24683,36.0787],[139.24705,36.0788],[139.24756,36.07895],[139.24775,36.07908],[139.24787,36.07927],[139.24792,36.07965],[139.24786,36.08001],[139.24767,36.08034],[139.24744,36.08048],[139.24712,36.08057],[139.24673,36.08058],[139.24626,36.08055],[139.246,36.08048],[139.24582,36.08039],[139.24572,36.08026],[139.24568,36.08005],[139.24557,36.07994],[139.24523,36.0799],[139.24505,36.07996],[139.24484,36.08022],[139.24452,36.08116],[139.2444,36.0813],[139.24421,36.08142],[139.24413,36.08156],[139.24411,36.08178],[139.24419,36.08264],[139.24414,36.08281],[139.24397,36.08295],[139.24382,36.08296],[139.24365,36.08292],[139.24326,36.08267],[139.24294,36.08252],[139.24246,36.08239],[139.24182,36.0823],[139.24103,36.08223],[139.24031,36.08225],[139.24001,36.08229],[139.23953,36.08245],[139.2392,36.08272],[139.23902,36.08304],[139.23897,36.08331],[139.23903,36.08352],[139.23959,36.0839],[139.23985,36.08428],[139.24,36.085],[139.23998,36.0853],[139.23989,36.08554],[139.23974,36.0857],[139.23935,36.08586],[139.23918,36.08588],[139.2388,36.08583],[139.23874,36.0859],[139.23868,36.08618],[139.23855,36.08628],[139.23816,36.08632],[139.23728,36.08625],[139.23706,36.08629],[139.23689,36.08642],[139.23691,36.08735],[139.23721,36.08941],[139.23742,36.09045],[139.23778,36.09151],[139.23804,36.09188],[139.23843,36.0921],[139.23883,36.09225],[139.23904,36.09226],[139.23917,36.09219],[139.23922,36.09181],[139.23921,36.09125],[139.23915,36.09103],[139.23896,36.09085],[139.23861,36.09069],[139.23852,36.09056],[139.23852,36.09029],[139.23869,36.08992],[139.23886,36.0898],[139.23915,36.08974],[139.23932,36.08943],[139.24004,36.08947],[139.24039,36.08919],[139.24106,36.08906],[139.24115,36.08896],[139.2412,36.08866],[139.24132,36.08847],[139.24156,36.08835],[139.24175,36.08833],[139.24183,36.08839],[139.24194,36.08863],[139.24202,36.08962],[139.24192,36.09054],[139.24182,36.09081],[139.24159,36.0911],[139.24154,36.09128],[139.24157,36.09164],[139.24165,36.09191],[139.24178,36.09212],[139.24208,36.09233],[139.24285,36.09259],[139.24371,36.09312],[139.24422,36.0932],[139.24438,36.09328],[139.24461,36.09359],[139.24465,36.0938],[139.24461,36.09397],[139.24439,36.09415],[139.24389,36.09424],[139.24363,36.0942],[139.24341,36.09402],[139.24335,36.09447],[139.24326,36.09462],[139.243,36.09475],[139.24262,36.09478],[139.24245,36.09491],[139.24236,36.09528],[139.24243,36.09597],[139.24238,36.09626],[139.24228,36.09634],[139.24214,36.09636],[139.242,36.0965],[139.24164,36.09735],[139.2414,36.09775],[139.24122,36.09794],[139.24077,36.09826],[139.24018,36.09852],[139.2395,36.09871],[139.2392,36.09875],[139.23866,36.09873],[139.2382,36.09856],[139.23728,36.09779],[139.23707,36.09768],[139.23692,36.09766],[139.23671,36.09779],[139.23643,36.09825],[139.23632,36.09858],[139.23634,36.09902],[139.23649,36.09928],[139.23674,36.09952],[139.23728,36.09975],[139.23802,36.09983],[139.2389,36.09978],[139.23953,36.09979],[139.23977,36.09985],[139.23998,36.10006],[139.24014,36.10015],[139.24085,36.10037],[139.24111,36.10059],[139.2413,36.101],[139.24148,36.10124],[139.24205,36.10154],[139.2421,36.10173],[139.24204,36.10197],[139.24212,36.10211],[139.24247,36.10226],[139.24305,36.10236],[139.24338,36.10247],[139.24374,36.10272],[139.24397,36.10303],[139.24415,36.10319],[139.24437,36.10329],[139.24476,36.10333],[139.24498,36.10346],[139.24514,36.10376],[139.24522,36.10422],[139.24523,36.10486],[139.24515,36.10566],[139.2451,36.10585],[139.24491,36.10616],[139.24439,36.10649],[139.24508,36.10692],[139.24532,36.10712],[139.24547,36.10738],[139.24554,36.10774],[139.24567,36.10783],[139.24587,36.10787],[139.24598,36.10799],[139.24612,36.10836],[139.24619,36.10873],[139.2462,36.10906],[139.24611,36.10931],[139.24594,36.10947],[139.24546,36.10962],[139.2453,36.10973],[139.24521,36.10986],[139.24514,36.11023],[139.24495,36.11042],[139.24451,36.11049],[139.24377,36.1104],[139.24359,36.11044],[139.24345,36.11054],[139.24335,36.11077],[139.24337,36.11092],[139.24352,36.11112],[139.2438,36.1113],[139.24399,36.1115],[139.24407,36.11174],[139.24402,36.11198],[139.24381,36.11219],[139.24332,36.11244],[139.2431,36.11262],[139.24288,36.113],[139.24274,36.11347],[139.24258,36.11368],[139.24235,36.11379],[139.24222,36.11381],[139.24173,36.11377],[139.24137,36.11384],[139.24121,36.11398],[139.24089,36.1146],[139.24063,36.11487],[139.24024,36.11515],[139.23973,36.11531],[139.23963,36.11557],[139.23957,36.11616],[139.23938,36.11647],[139.23898,36.1166],[139.23832,36.11653],[139.23786,36.11637],[139.23714,36.116],[139.23616,36.11574],[139.2359,36.11563],[139.23564,36.11539],[139.23551,36.11506],[139.23529,36.11472],[139.23434,36.11387],[139.23414,36.11457],[139.23396,36.1148],[139.23386,36.11485],[139.2336,36.1149],[139.23297,36.11486],[139.23275,36.11493],[139.23259,36.11506],[139.23245,36.11537],[139.23229,36.11552],[139.23193,36.11565],[139.23145,36.11567],[139.23112,36.11573]],[[139.25125,35.8942],[139.25123,35.89382],[139.25134,35.89334],[139.2516,35.89301],[139.25206,35.89273],[139.25216,35.89252],[139.25215,35.89225],[139.25198,35.8916],[139.25209,35.89113],[139.25229,35.89084],[139.25279,35.89039],[139.25308,35.89023],[139.25338,35.89015],[139.25355,35.8896],[139.2541,35.88914],[139.25421,35.88885],[139.25412,35.88833],[139.25394,35.88807],[139.25377,35.88798],[139.25347,35.88795],[139.2532,35.88785],[139.25262,35.88734],[139.25174,35.88696],[139.25145,35.88669],[139.2514,35.88633],[139.25154,35.88594],[139.25175,35.88565],[139.25203,35.88545],[139.25258,35.88532],[139.25348,35.88526],[139.25464,35.88528],[139.25523,35.88539],[139.25563,35.88559],[139.25576,35.88571],[139.25598,35.88632],[139.25614,35.88653],[139.25635,35.88668],[139.25674,35.88676],[139.25697,35.88673],[139.25717,35.88663],[139.25756,35.88616],[139.25773,35.88604],[139.25792,35.88597],[139.25829,35.88593],[139.25841,35.88585],[139.25858,35.88528],[139.25873,35.88509],[139.2589,35.88498],[139.25938,35.88488],[139.26014,35.88484],[139.26099,35.88487],[139.26143,35.88495],[139.2619,35.88514],[139.26218,35.88543],[139.26239,35.88581],[139.26257,35.88644],[139.26282,35.88679],[139.26308,35.88693],[139.26376,35.8871],[139.26427,35.88731],[139.26479,35.88762],[139.26508,35.88787],[139.26539,35.88829],[139.26561,35.88893],[139.26583,35.88918],[139.26598,35.88928],[139.26638,35.88943],[139.26737,35.88959],[139.26771,35.88973],[139.26793,35.8899],[139.26808,35.89021],[139.26823,35.89033],[139.2686,35.89035],[139.26942,35.89016],[139.27002,35.89017],[139.27066,35.89038],[139.271,35.89059],[139.27119,35.8908],[139.27138,35.89141],[139.27145,35.89236],[139.27139,35.89368],[139.27131,35.89409],[139.2712,35.89433],[139.27092,35.89446],[139.27063,35.8945],[139.26939,35.89442],[139.26909,35.89444],[139.26889,35.8945],[139.26861,35.89472],[139.26805,35.89479],[139.26754,35.89468],[139.26681,35.89426],[139.26664,35.89425],[139.26649,35.89431],[139.26636,35.89445],[139.26626,35.89472],[139.26612,35.89649],[139.26603,35.89691],[139.26589,35.89722],[139.26569,35.89741],[139.26535,35.8976],[139.26497,35.8977],[139.26457,35.89772],[139.26434,35.89781],[139.26405,35.89807],[139.26382,35.89846],[139.26361,35.89869],[139.26336,35.89888],[139.26287,35.89908],[139.2626,35.89924],[139.26239,35.89962],[139.26244,35.9005],[139.26239,35.90088],[139.26229,35.90105],[139.26203,35.9012],[139.26125,35.90139],[139.26052,35.90142],[139.26016,35.90129],[139.25993,35.90106],[139.25964,35.90093],[139.25867,35.90098],[139.25813,35.9009],[139.25752,35.90076],[139.25715,35.90073],[139.25666,35.90082],[139.2561,35.90111],[139.25563,35.90126],[139.25519,35.90122],[139.25483,35.90105],[139.25443,35.90075],[139.25407,35.90039],[139.25339,35.89938],[139.25317,35.89923],[139.25266,35.89906],[139.25236,35.89888],[139.25218,35.8986],[139.25213,35.89838],[139.25217,35.89815],[139.2523,35.89793],[139.25265,35.89759],[139.25293,35.89742],[139.25335,35.89729],[139.25419,35.89734],[139.25432,35.89728],[139.25454,35.89705],[139.25484,35.89698],[139.25494,35.89693],[139.25499,35.89681],[139.25497,35.89649],[139.25487,35.89622],[139.25467,35.89603],[139.25437,35.89591],[139.25332,35.89582],[139.2529,35.89569],[139.25252,35.89523],[139.25155,35.89474],[139.25135,35.89451],[139.25125,35.8942]],[[139.25849,36.14543],[139.25837,36.14549],[139.25753,36.14557],[139.25686,36.14582],[139.25665,36.14582],[139.25634,36.14567],[139.25613,36.14547],[139.25599,36.14524],[139.25594,36.1449],[139.25613,36.14437],[139.25598,36.14416],[139.25555,36.14404],[139.25513,36.14402],[139.25487,36.14409],[139.25469,36.14428],[139.25448,36.14437],[139.25419,36.14439],[139.25396,36.14424],[139.25387,36.14402],[139.25382,36.14332],[139.25373,36.14303],[139.25348,36.14276],[139.25299,36.14256],[139.25284,36.14235],[139.25275,36.14206],[139.25279,36.14114],[139.25309,36.14025],[139.25306,36.14007],[139.25289,36.13998],[139.25275,36.13997],[139.25217,36.13999],[139.25182,36.13987],[139.25167,36.13976],[139.25139,36.13942],[139.25084,36.13834],[139.2506,36.13805],[139.25033,36.13786],[139.24993,36.13774],[139.24968,36.13775],[139.24945,36.13783],[139.24882,36.13821],[139.24817,36.13832],[139.24805,36.13842],[139.24803,36.13858],[139.24795,36.13868],[139.24753,36.13879],[139.24744,36.13909],[139.24728,36.13926],[139.24701,36.13942],[139.24669,36.13953],[139.24628,36.13952],[139.246,36.1394],[139.24585,36.13919],[139.24576,36.13863],[139.24568,36.13853],[139.24557,36.13849],[139.24538,36.13853],[139.24527,36.13863],[139.24503,36.13909],[139.24481,36.13922],[139.24466,36.13926],[139.24425,36.13929],[139.24373,36.13925],[139.24325,36.13912],[139.24288,36.13889],[139.24261,36.13856],[139.2423,36.13776],[139.24213,36.13748],[139.24195,36.1373],[139.24146,36.13707],[139.2413,36.13671],[139.24092,36.1366],[139.24076,36.13605],[139.24056,36.13585],[139.24013,36.13554],[139.24002,36.13532],[139.23998,36.13507],[139.23985,36.1349],[139.23962,36.13473],[139.23889,36.13438],[139.23861,36.13419],[139.23843,36.13399],[139.23833,36.13356],[139.23814,36.13332],[139.2379,36.13321],[139.23718,36.13303],[139.23699,36.13289],[139.23697,36.13278],[139.23705,36.13261],[139.23751,36.13228],[139.23752,36.13217],[139.23738,36.13205],[139.23669,36.13181],[139.23638,36.13165],[139.23616,36.13144],[139.23603,36.13119],[139.23594,36.13069],[139.236,36.13036],[139.23616,36.13017],[139.23653,36.13008],[139.23665,36.12998],[139.23684,36.12952],[139.23689,36.12905],[139.23679,36.12871],[139.23621,36.12824],[139.23605,36.128],[139.23601,36.12783],[139.23618,36.12755],[139.23701,36.12701],[139.23733,36.12667],[139.23736,36.12645],[139.2372,36.12601],[139.23725,36.12581],[139.2374,36.12562],[139.23765,36.12545],[139.23807,36.12526],[139.23849,36.12517],[139.23888,36.12515],[139.23908,36.12508],[139.23923,36.12487],[139.23929,36.12455],[139.2396,36.12428],[139.23999,36.12413],[139.24076,36.12395],[139.2414,36.12376],[139.24241,36.12318],[139.24263,36.12315],[139.24281,36.12324],[139.24295,36.12345],[139.24313,36.12391],[139.24316,36.12375],[139.24324,36.12365],[139.24352,36.12359],[139.24365,36.1235],[139.24379,36.12304],[139.24398,36.12294],[139.24441,36.12289],[139.2445,36.12283],[139.24454,36.12268],[139.24462,36.1226],[139.24494,36.12256],[139.24583,36.12264],[139.2462,36.1226],[139.24648,36.12237],[139.24664,36.12231],[139.24754,36.1222],[139.24787,36.12193],[139.24803,36.12187],[139.24863,36.12182],[139.24889,36.12176],[139.24898,36.12168],[139.24904,36.12148],[139.24919,36.1214],[139.24947,36.12138],[139.24973,36.12142],[139.24986,36.12149],[139.25005,36.12169],[139.2503,36.12177],[139.25092,36.12183],[139.25179,36.12186],[139.25224,36.12193],[139.25265,36.12214],[139.25294,36.12267],[139.25305,36.12274],[139.25342,36.12282],[139.25367,36.12308],[139.25382,36.12308],[139.25419,36.12287],[139.2545,36.12283],[139.25501,36.12293],[139.25531,36.12311],[139.25549,36.12338],[139.25556,36.12371],[139.2555,36.12401],[139.2553,36.12436],[139.25535,36.12456],[139.25573,36.12493],[139.25659,36.12552],[139.25692,36.12587],[139.25717,36.12627],[139.25741,36.12694],[139.25777,36.12758],[139.2581,36.128],[139.25906,36.12901],[139.25929,36.12949],[139.25977,36.1297],[139.25997,36.12985],[139.26008,36.13032],[139.26017,36.13049],[139.26077,36.1311],[139.26123,36.13199],[139.26192,36.13267],[139.26244,36.13298],[139.26278,36.13311],[139.26387,36.13325],[139.2643,36.13338],[139.26575,36.13396],[139.26628,36.13409],[139.26734,36.13426],[139.26775,36.1344],[139.26803,36.13462],[139.26812,36.13475],[139.26827,36.13523],[139.26857,36.13561],[139.26888,36.1358],[139.26947,36.13599],[139.27002,36.13626],[139.27077,36.13688],[139.27109,36.13706],[139.27144,36.13715],[139.27183,36.13716],[139.27256,36.13701],[139.27293,36.13682],[139.27316,36.13659],[139.27341,36.13643],[139.27406,36.13633],[139.27424,36.13622],[139.27438,36.13607],[139.27456,36.13599],[139.27557,36.13591],[139.2759,36.13582],[139.27617,36.13567],[139.27643,36.1353],[139.27676,36.13507],[139.27736,36.13491],[139.27776,36.13486],[139.27874,36.13481],[139.28082,36.13487],[139.28187,36.13498],[139.28289,36.13517],[139.28409,36.13522],[139.28572,36.13517],[139.2872,36.13507],[139.28795,36.13499],[139.28908,36.13478],[139.28944,36.13487],[139.28957,36.13503],[139.2897,36.13533],[139.28983,36.13546],[139.28999,36.13553],[139.29039,36.13556],[139.29065,36.13565],[139.29108,36.13601],[139.29142,36.13651],[139.29157,36.13687],[139.29174,36.13799],[139.29189,36.13823],[139.29205,36.13831],[139.29225,36.13826],[139.29251,36.13809],[139.2936,36.13702],[139.29386,36.13686],[139.29434,36.13666],[139.29452,36.13647],[139.29466,36.13623],[139.29483,36.1361],[139.29545,36.13592],[139.29613,36.13587],[139.29727,36.13595],[139.29851,36.13617],[139.29903,36.13634],[139.29916,36.13646],[139.29919,36.1366],[139.29946,36.13637],[139.29982,36.13628],[139.30038,36.13626],[139.30098,36.13635],[139.30154,36.13657],[139.30208,36.13689],[139.3028,36.13723],[139.30493,36.13803],[139.30558,36.13837],[139.30589,36.1386],[139.30646,36.13874],[139.30744,36.13877],[139.30808,36.13875],[139.31214,36.13835],[139.31326,36.13828],[139.31394,36.13829],[139.31412,36.13832],[139.31419,36.13838],[139.31434,36.13864],[139.31442,36.13902],[139.31441,36.13964],[139.31435,36.13997],[139.31422,36.14023],[139.31402,36.14036],[139.31376,36.14039],[139.31363,36.14052],[139.31358,36.14089],[139.31364,36.14109],[139.3139,36.14134],[139.3145,36.1416],[139.31472,36.14175],[139.31483,36.14193],[139.3148,36.14235],[139.31488,36.14256],[139.31523,36.14285],[139.31598,36.1432],[139.31639,36.1435],[139.31665,36.14383],[139.31675,36.14417],[139.3167,36.14428],[139.31651,36.14439],[139.31634,36.14457],[139.31602,36.14523],[139.31587,36.14536],[139.31549,36.14551],[139.31529,36.14565],[139.31519,36.14603],[139.31511,36.14616],[139.31495,36.14626],[139.31446,36.14641],[139.31424,36.14654],[139.31408,36.14672],[139.31388,36.14723],[139.31367,36.1475],[139.31318,36.14787],[139.3125,36.1482],[139.31204,36.1485],[139.31189,36.14869],[139.31184,36.14894],[139.31168,36.14916],[139.311,36.14953],[139.31085,36.14967],[139.31067,36.15012],[139.31041,36.15025],[139.30968,36.1503],[139.30948,36.15035],[139.30937,36.15042],[139.30932,36.15063],[139.30922,36.15076],[139.30875,36.15093],[139.30801,36.15107],[139.30756,36.15107],[139.30733,36.151],[139.30701,36.15071],[139.30668,36.15055],[139.3064,36.1505],[139.30591,36.15049],[139.30568,36.15055],[139.30552,36.15064],[139.30543,36.15094],[139.30519,36.15113],[139.30472,36.15125],[139.30433,36.15128],[139.30402,36.15119],[139.3039,36.15111],[139.30372,36.15085],[139.30353,36.15019],[139.30337,36.15002],[139.30316,36.14997],[139.30289,36.15005],[139.30253,36.1503],[139.30232,36.15054],[139.30199,36.15115],[139.30172,36.1514],[139.30154,36.1515],[139.30087,36.15169],[139.30034,36.15172],[139.29991,36.15169],[139.29947,36.15151],[139.29914,36.15111],[139.29894,36.15095],[139.29806,36.15063],[139.29797,36.15053],[139.29796,36.15042],[139.29782,36.15033],[139.29724,36.15024],[139.2959,36.15019],[139.29536,36.15009],[139.29515,36.15],[139.29486,36.14977],[139.29465,36.14917],[139.29449,36.14898],[139.29427,36.14888],[139.29388,36.14884],[139.29367,36.14877],[139.29345,36.14856],[139.29333,36.14824],[139.29315,36.148],[139.29289,36.14785],[139.29256,36.14781],[139.2922,36.14789],[139.29164,36.14817],[139.29132,36.14829],[139.29097,36.14836],[139.28996,36.14844],[139.28939,36.14865],[139.28824,36.1494],[139.28799,36.14949],[139.28766,36.14952],[139.28731,36.14968],[139.28638,36.15042],[139.28603,36.15053],[139.28559,36.15051],[139.28532,36.15062],[139.2841,36.15161],[139.28354,36.15182],[139.28295,36.15249],[139.28267,36.15262],[139.28247,36.15263],[139.28226,36.15258],[139.28206,36.15245],[139.28132,36.15166],[139.28124,36.15184],[139.28115,36.15191],[139.28064,36.15197],[139.28052,36.15202],[139.28035,36.15239],[139.2802,36.15249],[139.28005,36.15253],[139.27981,36.15242],[139.2793,36.15187],[139.27903,36.15171],[139.27852,36.15165],[139.27794,36.15177],[139.27765,36.15176],[139.27747,36.15165],[139.27742,36.15156],[139.27737,36.15107],[139.27727,36.15086],[139.27685,36.15073],[139.27656,36.15044],[139.27645,36.15042],[139.27604,36.1505],[139.2757,36.15032],[139.27551,36.15002],[139.27543,36.14952],[139.2753,36.14938],[139.27491,36.14931],[139.27419,36.14935],[139.27387,36.14927],[139.27371,36.14879],[139.27343,36.14859],[139.27336,36.14848],[139.27341,36.14777],[139.27332,36.14767],[139.27296,36.14761],[139.27273,36.14745],[139.27245,36.14674],[139.27232,36.14654],[139.27167,36.14598],[139.27147,36.14526],[139.27097,36.14447],[139.27081,36.14414],[139.27078,36.14386],[139.27082,36.1437],[139.27098,36.14349],[139.27134,36.14325],[139.27154,36.14305],[139.27162,36.14282],[139.2716,36.14266],[139.27149,36.1425],[139.2713,36.14237],[139.27069,36.14212],[139.27032,36.14189],[139.27017,36.1417],[139.27,36.14132],[139.2699,36.14124],[139.26978,36.14124],[139.26956,36.14138],[139.26934,36.14144],[139.26904,36.14145],[139.26784,36.14138],[139.26722,36.14145],[139.2668,36.14155],[139.26623,36.1418],[139.26609,36.14195],[139.26605,36.1422],[139.26594,36.14233],[139.26561,36.14248],[139.26487,36.14266],[139.26467,36.14278],[139.26447,36.14308],[139.26433,36.14318],[139.26415,36.14322],[139.26362,36.14317],[139.2633,36.1432],[139.26275,36.14338],[139.26179,36.14381],[139.26136,36.14388],[139.26114,36.14384],[139.26099,36.14384],[139.2609,36.14391],[139.26093,36.14436],[139.26085,36.14457],[139.26064,36.14476],[139.26032,36.14494],[139.25973,36.14515],[139.2594,36.14521],[139.25913,36.14523],[139.25868,36.14516],[139.25856,36.14524],[139.25849,36.14543]],[[139.29056,35.99705],[139.29076,35.99709],[139.29099,35.99722],[139.29114,35.99742],[139.29122,35.99764],[139.29122,35.99788],[139.29114,35.99811],[139.29098,35.9983],[139.29076,35.99844],[139.29011,35.99859],[139.28999,35.99882],[139.28993,35.99923],[139.28998,36.00019],[139.29012,36.00079],[139.29037,36.0012],[139.29073,36.00143],[139.29191,36.00155],[139.29264,36.00171],[139.29353,36.00199],[139.29383,36.00203],[139.29403,36.00201],[139.29424,36.00181],[139.2944,36.00173],[139.29519,36.00149],[139.29531,36.0014],[139.29543,36.00117],[139.29569,36.00118],[139.29629,36.00133],[139.29653,36.00128],[139.29662,36.00121],[139.29673,36.00098],[139.29681,36.00017],[139.29689,36.0],[139.297,35.99993],[139.2973,36.0],[139.29751,36.00023],[139.29765,36.00031],[139.29834,36.0004],[139.29857,36.00047],[139.29886,36.00068],[139.29924,36.00115],[139.29941,36.00125],[139.29983,36.00133],[139.29995,36.00142],[139.30036,36.00193],[139.30085,36.00282],[139.30123,36.00369],[139.30144,36.0045],[139.30143,36.00476],[139.30131,36.00502],[139.30116,36.00511],[139.30064,36.0052],[139.30048,36.00532],[139.30043,36.00545],[139.30044,36.00575],[139.30074,36.00671],[139.30084,36.00734],[139.30086,36.00807],[139.30073,36.00862],[139.30064,36.00873],[139.3004,36.00885],[139.2996,36.00882],[139.29949,36.00888],[139.29944,36.00903],[139.29921,36.00913],[139.29806,36.00923],[139.29783,36.00939],[139.29776,36.00962],[139.29741,36.00978],[139.29562,36.00989],[139.29601,36.01007],[139.29613,36.01026],[139.29608,36.01051],[139.29582,36.01089],[139.2955,36.01109],[139.29531,36.0111],[139.29501,36.01104],[139.29473,36.01109],[139.29426,36.01147],[139.29406,36.01157],[139.29356,36.01163],[139.29322,36.01154],[139.293,36.01133],[139.2928,36.01095],[139.29261,36.01084],[139.29235,36.01081],[139.29202,36.01085],[139.2916,36.01097],[139.29134,36.01116],[139.29121,36.0114],[139.29107,36.01151],[139.29089,36.01159],[139.29051,36.01162],[139.29027,36.01156],[139.29001,36.01135],[139.28987,36.01098],[139.2899,36.01066],[139.29012,36.0105],[139.29063,36.01046],[139.29094,36.01033],[139.29118,36.01011],[139.29117,36.00989],[139.29098,36.0096],[139.2906,36.00923],[139.29003,36.0088],[139.28934,36.00843],[139.28856,36.00817],[139.2877,36.00803],[139.28675,36.00799],[139.28632,36.00802],[139.28561,36.00818],[139.28533,36.0083],[139.28493,36.00865],[139.28481,36.00887],[139.28452,36.00974],[139.28424,36.01021],[139.28401,36.01035],[139.2837,36.01044],[139.28331,36.01046],[139.28302,36.01042],[139.28238,36.01023],[139.28175,36.00989],[139.28144,36.00959],[139.28122,36.00917],[139.28098,36.00905],[139.28035,36.00903],[139.27925,36.00916],[139.27906,36.00915],[139.27879,36.00908],[139.27867,36.00891],[139.27866,36.0087],[139.27859,36.00849],[139.27849,36.00842],[139.2783,36.00839],[139.27813,36.0083],[139.27794,36.00793],[139.27793,36.00748],[139.27813,36.0066],[139.27815,36.00617],[139.27822,36.00597],[139.2789,36.00525],[139.27898,36.00506],[139.27893,36.00483],[139.27874,36.0046],[139.2785,36.00446],[139.27819,36.00437],[139.27756,36.00431],[139.27738,36.00424],[139.27724,36.00412],[139.27698,36.00373],[139.27658,36.0036],[139.27649,36.00337],[139.27653,36.00314],[139.27662,36.00302],[139.27713,36.00279],[139.27725,36.00268],[139.27738,36.00218],[139.27751,36.00203],[139.2777,36.00193],[139.27775,36.00184],[139.2777,36.00165],[139.27743,36.00123],[139.27734,36.00089],[139.27742,36.0006],[139.27754,36.00049],[139.27789,36.00034],[139.27797,36.0002],[139.27789,35.99985],[139.27763,35.99937],[139.27748,35.99892],[139.27748,35.99854],[139.27767,35.99814],[139.278,35.99784],[139.27834,35.99771],[139.27876,35.99767],[139.27941,35.99772],[139.27967,35.99762],[139.27986,35.99739],[139.28012,35.99645],[139.28033,35.99616],[139.28051,35.99612],[139.28081,35.99615],[139.28099,35.99609],[139.28115,35.99595],[139.28143,35.99557],[139.28157,35.99547],[139.28171,35.99544],[139.28201,35.99549],[139.28221,35.99545],[139.28287,35.99513],[139.28319,35.99503],[139.28373,35.99499],[139.28432,35.99508],[139.28471,35.99526],[139.28484,35.99543],[139.28485,35.99576],[139.28473,35.99606],[139.28422,35.99659],[139.28406,35.99684],[139.28402,35.99709],[139.2841,35.99726],[139.28429,35.99731],[139.28458,35.99723],[139.28482,35.99707],[139.28486,35.99687],[139.28494,35.99676],[139.28541,35.99672],[139.2865,35.99631],[139.2871,35.99618],[139.28772,35.99614],[139.28879,35.99619],[139.28939,35.99628],[139.2896,35.99634],[139.28985,35.99649],[139.28988,35.99668],[139.28975,35.99697],[139.28979,35.99707],[139.28994,35.9971],[139.29056,35.99705]],[[139.31528,35.95774],[139.31516,35.95791],[139.3146,35.95833],[139.31447,35.9585],[139.31451,35.95876],[139.31469,35.95893],[139.31479,35.95911],[139.31475,35.9593],[139.31444,35.95961],[139.31377,35.95996],[139.31346,35.96002],[139.31292,35.95998],[139.31275,35.96001],[139.31266,35.96019],[139.31272,35.9605],[139.31271,35.96078],[139.31263,35.96092],[139.31243,35.96109],[139.31203,35.96116],[139.31135,35.9611],[139.31166,35.96152],[139.31169,35.96193],[139.31153,35.96218],[139.31096,35.96261],[139.31079,35.96283],[139.3107,35.96324],[139.31076,35.96399],[139.31067,35.96429],[139.31055,35.96441],[139.31009,35.9646],[139.30917,35.96477],[139.30882,35.96488],[139.30839,35.96512],[139.30806,35.96543],[139.30775,35.96564],[139.30754,35.96571],[139.30696,35.96579],[139.30656,35.96602],[139.30632,35.9661],[139.30556,35.96617],[139.3049,35.96613],[139.30443,35.966],[139.30416,35.96578],[139.3041,35.96576],[139.30405,35.9658],[139.30394,35.96631],[139.3039,35.96776],[139.30381,35.96862],[139.30365,35.96906],[139.30341,35.96922],[139.30207,35.96958],[139.30161,35.96982],[139.30118,35.97013],[139.30073,35.97034],[139.29967,35.97048],[139.29947,35.97064],[139.29942,35.97088],[139.29929,35.97103],[139.2989,35.97123],[139.29851,35.97135],[139.29767,35.97152],[139.29722,35.97153],[139.29708,35.97147],[139.29699,35.97138],[139.29693,35.97102],[139.29687,35.97092],[139.29664,35.97086],[139.29637,35.97096],[139.296,35.97131],[139.2958,35.9714],[139.2954,35.97144],[139.2949,35.97138],[139.2945,35.97139],[139.29396,35.97161],[139.29382,35.97152],[139.29369,35.9713],[139.29339,35.97117],[139.29215,35.97121],[139.29172,35.97114],[139.2915,35.97103],[139.29121,35.97074],[139.29104,35.9704],[139.29059,35.96903],[139.29025,35.96887],[139.29013,35.96871],[139.29004,35.96821],[139.2901,35.96762],[139.29023,35.96732],[139.29044,35.96715],[139.29068,35.96704],[139.29117,35.96698],[139.29133,35.96684],[139.29147,35.96658],[139.29156,35.96622],[139.29163,35.96558],[139.29161,35.96523],[139.29149,35.96481],[139.29124,35.9645],[139.29088,35.96429],[139.29024,35.96412],[139.28993,35.96398],[139.28955,35.96363],[139.28933,35.96331],[139.28908,35.96265],[139.2889,35.96177],[139.28881,35.96047],[139.28892,35.95992],[139.28908,35.95978],[139.28928,35.95979],[139.28964,35.95989],[139.28992,35.96007],[139.29004,35.96004],[139.29018,35.95979],[139.29037,35.95917],[139.29053,35.95891],[139.29075,35.95869],[139.29139,35.95821],[139.29159,35.95784],[139.29196,35.95763],[139.2928,35.9573],[139.29322,35.95702],[139.29333,35.95681],[139.29325,35.95648],[139.29299,35.95608],[139.29263,35.95574],[139.29256,35.95555],[139.29263,35.95545],[139.29291,35.95536],[139.29315,35.95521],[139.29347,35.95478],[139.29384,35.95465],[139.29458,35.95461],[139.29501,35.95449],[139.29519,35.95433],[139.29539,35.95394],[139.29555,35.95381],[139.29577,35.95374],[139.29626,35.95371],[139.29647,35.95363],[139.29665,35.95322],[139.29699,35.9529],[139.2972,35.95279],[139.29741,35.95274],[139.29765,35.95279],[139.29818,35.95306],[139.29796,35.95203],[139.2978,35.95167],[139.29757,35.95139],[139.29761,35.95125],[139.29792,35.95097],[139.29883,35.9504],[139.29919,35.95001],[139.29943,35.94962],[139.29964,35.94946],[139.29989,35.9494],[139.30052,35.94953],[139.30076,35.94952],[139.30085,35.94948],[139.30096,35.94932],[139.30107,35.94864],[139.30117,35.94851],[139.30145,35.94832],[139.30154,35.94805],[139.30151,35.94783],[139.30142,35.94773],[139.30127,35.94768],[139.30088,35.94765],[139.30062,35.94756],[139.30034,35.94735],[139.30019,35.94708],[139.30017,35.94683],[139.30022,35.94662],[139.30035,35.94648],[139.30064,35.94629],[139.30073,35.94602],[139.30064,35.94563],[139.30036,35.94532],[139.30029,35.94517],[139.30028,35.9449],[139.30035,35.94458],[139.3003,35.94437],[139.30018,35.9443],[139.29977,35.94425],[139.29941,35.94412],[139.29901,35.9439],[139.29875,35.94367],[139.29873,35.94347],[139.2989,35.94329],[139.29899,35.94306],[139.29896,35.94276],[139.29882,35.94248],[139.29856,35.9424],[139.29795,35.94257],[139.29769,35.94257],[139.29742,35.94232],[139.29699,35.94218],[139.29683,35.94193],[139.29672,35.94148],[139.29672,35.94118],[139.2968,35.94091],[139.29697,35.94069],[139.29736,35.94044],[139.29774,35.94032],[139.29801,35.94032],[139.29855,35.94045],[139.29785,35.93962],[139.29774,35.93934],[139.29773,35.93909],[139.29786,35.93885],[139.2981,35.93871],[139.29823,35.93856],[139.29836,35.93805],[139.29848,35.93795],[139.29884,35.93781],[139.299,35.9377],[139.29894,35.93732],[139.29932,35.93681],[139.29943,35.93598],[139.29954,35.93577],[139.29988,35.93568],[139.3,35.93542],[139.30017,35.93536],[139.30069,35.93536],[139.30145,35.93542],[139.30189,35.93534],[139.30197,35.93521],[139.3018,35.93477],[139.30186,35.93443],[139.30221,35.934],[139.30263,35.93375],[139.30283,35.93371],[139.30316,35.93374],[139.30406,35.93413],[139.30431,35.93405],[139.30443,35.93394],[139.30467,35.93357],[139.30509,35.93253],[139.3052,35.93237],[139.30541,35.93219],[139.30561,35.93221],[139.30595,35.93241],[139.30637,35.93246],[139.30741,35.93222],[139.30858,35.93214],[139.30885,35.93205],[139.30899,35.93189],[139.30897,35.93139],[139.3091,35.93103],[139.30947,35.93074],[139.31016,35.93049],[139.31068,35.93045],[139.31118,35.93051],[139.3115,35.9305],[139.31161,35.93044],[139.31171,35.93021],[139.31183,35.93016],[139.3121,35.93014],[139.31243,35.93021],[139.31267,35.93045],[139.31285,35.93055],[139.31335,35.93064],[139.3134,35.93081],[139.31315,35.93142],[139.31317,35.93161],[139.31332,35.93188],[139.31353,35.932],[139.31382,35.93204],[139.31506,35.93189],[139.31523,35.93191],[139.31548,35.93202],[139.31562,35.93223],[139.31584,35.93276],[139.31595,35.93285],[139.3162,35.9329],[139.31628,35.93297],[139.31641,35.93351],[139.31679,35.93377],[139.31696,35.93418],[139.31738,35.93429],[139.31745,35.93457],[139.31761,35.93467],[139.31781,35.93466],[139.31797,35.93457],[139.31869,35.93384],[139.3191,35.93371],[139.3196,35.93381],[139.31998,35.93402],[139.32018,35.9343],[139.32026,35.93469],[139.32041,35.93479],[139.3208,35.93481],[139.32183,35.93462],[139.32215,35.93453],[139.32231,35.93442],[139.32244,35.93427],[139.32263,35.93386],[139.32293,35.93365],[139.32324,35.93358],[139.32446,35.9335],[139.3253,35.93333],[139.32591,35.93307],[139.32609,35.93292],[139.32628,35.93261],[139.32641,35.93252],[139.32657,35.93247],[139.32689,35.93247],[139.32728,35.93253],[139.32791,35.93272],[139.3282,35.93285],[139.32839,35.93301],[139.32852,35.93331],[139.32846,35.93368],[139.32833,35.9338],[139.32805,35.93386],[139.32796,35.93401],[139.32801,35.93418],[139.32832,35.93441],[139.32875,35.93458],[139.32918,35.93467],[139.33112,35.9349],[139.33191,35.93508],[139.33224,35.93525],[139.3325,35.93557],[139.33287,35.93578],[139.33319,35.93585],[139.33393,35.9359],[139.33416,35.93597],[139.33429,35.93609],[139.33439,35.93644],[139.33451,35.93651],[139.33478,35.93655],[139.33498,35.9365],[139.33524,35.93629],[139.33546,35.93592],[139.33554,35.93568],[139.33549,35.93542],[139.33501,35.93519],[139.33488,35.935],[139.33493,35.93482],[139.33524,35.93473],[139.3353,35.93466],[139.33508,35.93413],[139.33508,35.9339],[139.33517,35.93368],[139.33551,35.93334],[139.33582,35.93317],[139.33616,35.93307],[139.33653,35.93304],[139.3373,35.93309],[139.33759,35.93305],[139.33782,35.93296],[139.33808,35.93273],[139.33856,35.93257],[139.33988,35.9325],[139.34025,35.93243],[139.34035,35.93237],[139.3404,35.93222],[139.34009,35.93178],[139.34001,35.93156],[139.33999,35.93133],[139.34005,35.93111],[139.34026,35.93094],[139.34094,35.93086],[139.34297,35.93104],[139.34318,35.93103],[139.34344,35.93095],[139.34349,35.9308],[139.34334,35.93063],[139.34311,35.93058],[139.34238,35.93062],[139.34222,35.93058],[139.34199,35.93042],[139.34186,35.93012],[139.34184,35.9297],[139.34188,35.92952],[139.3421,35.92926],[139.34227,35.92919],[139.34275,35.92917],[139.3434,35.9293],[139.34397,35.92948],[139.34454,35.92978],[139.34473,35.93],[139.34489,35.93036],[139.34512,35.93051],[139.34527,35.93049],[139.34551,35.93037],[139.34627,35.92961],[139.34544,35.9294],[139.34527,35.92926],[139.34517,35.92899],[139.34526,35.92849],[139.34562,35.92802],[139.34563,35.92774],[139.34556,35.92741],[139.34561,35.92711],[139.34601,35.92665],[139.34611,35.92643],[139.3461,35.92602],[139.34588,35.92527],[139.3459,35.92506],[139.34599,35.9249],[139.34629,35.92472],[139.34687,35.92464],[139.34703,35.92455],[139.34721,35.92429],[139.34735,35.9239],[139.34761,35.92367],[139.34787,35.92362],[139.34848,35.92369],[139.34867,35.92367],[139.34878,35.92361],[139.34888,35.92338],[139.34908,35.92332],[139.34953,35.92327],[139.34995,35.92296],[139.35028,35.92296],[139.35058,35.92308],[139.35083,35.92329],[139.35111,35.92368],[139.35121,35.92373],[139.35127,35.92364],[139.35132,35.92308],[139.3514,35.92281],[139.35167,35.92252],[139.35221,35.9222],[139.35231,35.92198],[139.35226,35.92168],[139.35241,35.92155],[139.35276,35.92152],[139.35328,35.92165],[139.35395,35.92197],[139.35474,35.92242],[139.35495,35.92251],[139.35529,35.92258],[139.35551,35.9225],[139.35575,35.922],[139.35612,35.92171],[139.35668,35.92151],[139.35687,35.92149],[139.35725,35.92153],[139.35742,35.92161],[139.35774,35.92184],[139.35832,35.92256],[139.35884,35.92298],[139.35944,35.92328],[139.36032,35.92357],[139.36063,35.92354],[139.36071,35.92344],[139.36073,35.92327],[139.36089,35.92311],[139.3612,35.92294],[139.36161,35.92281],[139.36197,35.92281],[139.3624,35.92299],[139.36275,35.92306],[139.36341,35.92303],[139.36352,35.92308],[139.3637,35.92329],[139.36388,35.92391],[139.36393,35.92444],[139.36392,35.92503],[139.36384,35.92529],[139.36361,35.92559],[139.36363,35.92571],[139.36378,35.92588],[139.36428,35.92603],[139.36533,35.92609],[139.36582,35.92619],[139.36602,35.9263],[139.36625,35.92665],[139.36648,35.92676],[139.36673,35.9267],[139.367,35.92631],[139.36722,35.92619],[139.36743,35.92617],[139.36782,35.92626],[139.36801,35.92637],[139.36813,35.92652],[139.36818,35.92671],[139.36812,35.92712],[139.36799,35.92735],[139.3678,35.92754],[139.36773,35.92774],[139.36771,35.92818],[139.36778,35.92874],[139.36774,35.9291],[139.36751,35.92959],[139.36706,35.93018],[139.36696,35.93051],[139.36697,35.93087],[139.36708,35.93126],[139.36723,35.93154],[139.36739,35.93169],[139.36758,35.9317],[139.36801,35.93144],[139.36824,35.93137],[139.3685,35.93136],[139.36892,35.93142],[139.36941,35.93138],[139.37074,35.93094],[139.37129,35.93084],[139.37176,35.93091],[139.3723,35.9312],[139.37309,35.93117],[139.37329,35.93124],[139.37374,35.93151],[139.3741,35.93158],[139.37486,35.93152],[139.3761,35.93128],[139.37652,35.93128],[139.37679,35.93139],[139.37705,35.93191],[139.37755,35.93245],[139.3776,35.93264],[139.37746,35.93295],[139.37695,35.93344],[139.37692,35.93362],[139.37704,35.93369],[139.37724,35.93371],[139.3778,35.93343],[139.37808,35.93344],[139.37834,35.93362],[139.37846,35.93397],[139.37885,35.93415],[139.37901,35.93427],[139.37911,35.9346],[139.379,35.93566],[139.37908,35.93633],[139.37926,35.93664],[139.37959,35.93677],[139.37974,35.93698],[139.38047,35.93881],[139.38062,35.93903],[139.38099,35.93936],[139.38142,35.93953],[139.38221,35.93969],[139.38248,35.93988],[139.38251,35.94005],[139.38245,35.94026],[139.38232,35.9404],[139.38214,35.94051],[139.38206,35.94064],[139.38211,35.94159],[139.38203,35.94167],[139.3818,35.94174],[139.38167,35.94206],[139.38169,35.9426],[139.38179,35.94298],[139.38201,35.94343],[139.38198,35.94374],[139.38184,35.94393],[139.3812,35.9444],[139.38106,35.94473],[139.3809,35.94477],[139.38053,35.94471],[139.38037,35.94478],[139.38024,35.94494],[139.38003,35.94552],[139.37979,35.94573],[139.37962,35.9458],[139.37917,35.94587],[139.3783,35.94584],[139.37807,35.94587],[139.37772,35.94603],[139.37752,35.94633],[139.37743,35.94713],[139.3773,35.94743],[139.37711,35.94765],[139.37651,35.94799],[139.37635,35.94817],[139.37614,35.94858],[139.37592,35.94872],[139.37558,35.94878],[139.37459,35.94873],[139.37399,35.94877],[139.37372,35.94887],[139.37327,35.94924],[139.37286,35.94938],[139.37214,35.94949],[139.37122,35.94953],[139.37042,35.94952],[139.36997,35.94947],[139.36947,35.94931],[139.36902,35.94903],[139.36878,35.94899],[139.36853,35.94901],[139.36765,35.94926],[139.36699,35.9493],[139.36671,35.94926],[139.36651,35.94919],[139.3664,35.94907],[139.36637,35.94885],[139.36621,35.94875],[139.36548,35.94894],[139.36521,35.94895],[139.36493,35.94891],[139.36453,35.94875],[139.36427,35.94858],[139.36404,35.94813],[139.36342,35.94768],[139.36329,35.94732],[139.36288,35.94721],[139.36279,35.947],[139.36268,35.94691],[139.36221,35.94682],[139.36087,35.94675],[139.36049,35.94665],[139.36025,35.94649],[139.36013,35.94618],[139.36018,35.94594],[139.36031,35.94583],[139.36069,35.94569],[139.36095,35.94552],[139.36117,35.94529],[139.36128,35.94497],[139.36123,35.94456],[139.36095,35.94392],[139.36064,35.94354],[139.36003,35.94308],[139.35987,35.94288],[139.35979,35.94267],[139.35979,35.94234],[139.35988,35.94213],[139.36014,35.94185],[139.3606,35.94153],[139.3607,35.94141],[139.36069,35.94132],[139.36039,35.94111],[139.36013,35.94055],[139.35987,35.94037],[139.35945,35.94035],[139.35897,35.94044],[139.3582,35.94078],[139.358,35.94074],[139.35776,35.94062],[139.35738,35.9403],[139.35712,35.93993],[139.35703,35.93966],[139.35698,35.93911],[139.35675,35.93861],[139.35646,35.9383],[139.35636,35.93825],[139.35619,35.93825],[139.35595,35.93848],[139.35577,35.93892],[139.35566,35.93943],[139.35563,35.94],[139.35576,35.94065],[139.3559,35.94089],[139.35626,35.94126],[139.35637,35.94148],[139.35645,35.94186],[139.35637,35.94222],[139.35629,35.9423],[139.35606,35.94239],[139.35517,35.94234],[139.35494,35.94235],[139.35481,35.94241],[139.3547,35.94271],[139.35436,35.94292],[139.35442,35.94301],[139.35465,35.94314],[139.35475,35.94331],[139.35477,35.94362],[139.35468,35.94398],[139.35457,35.94415],[139.35443,35.94424],[139.35375,35.94446],[139.35356,35.9446],[139.3534,35.94495],[139.35334,35.94543],[139.35314,35.94571],[139.35279,35.94595],[139.35197,35.94624],[139.35103,35.94643],[139.35074,35.94644],[139.35046,35.9464],[139.35035,35.94652],[139.35028,35.94699],[139.35013,35.94716],[139.34985,35.9472],[139.34959,35.94714],[139.34946,35.94704],[139.34928,35.94674],[139.34894,35.94658],[139.34792,35.9465],[139.3475,35.94637],[139.3474,35.94622],[139.34746,35.94575],[139.34742,35.94566],[139.34732,35.94561],[139.34693,35.94572],[139.34633,35.94613],[139.34601,35.94625],[139.3456,35.94626],[139.34533,35.9461],[139.34503,35.94565],[139.34493,35.9452],[139.34498,35.94473],[139.34516,35.94424],[139.34521,35.94393],[139.34516,35.94382],[139.34498,35.94379],[139.34489,35.94372],[139.34483,35.94359],[139.3448,35.94329],[139.34493,35.94291],[139.34535,35.94259],[139.34541,35.94248],[139.34534,35.94237],[139.34516,35.94225],[139.34502,35.94219],[139.34475,35.94219],[139.34463,35.94224],[139.34439,35.94244],[139.3438,35.94337],[139.34364,35.94351],[139.34328,35.94371],[139.34284,35.94379],[139.34195,35.94372],[139.34142,35.94356],[139.34089,35.9433],[139.34071,35.94328],[139.34057,35.94334],[139.34037,35.94361],[139.34018,35.94368],[139.33992,35.9437],[139.33943,35.94364],[139.33902,35.94371],[139.33882,35.94385],[139.33851,35.94422],[139.33835,35.94429],[139.33816,35.94429],[139.33779,35.94413],[139.33767,35.94414],[139.33761,35.94422],[139.3375,35.94468],[139.33735,35.94487],[139.33719,35.94497],[139.33667,35.94504],[139.33572,35.94498],[139.3354,35.94505],[139.33512,35.94519],[139.3349,35.94539],[139.33466,35.94571],[139.33455,35.94599],[139.33454,35.94624],[139.33461,35.94633],[139.33473,35.94638],[139.3351,35.94632],[139.33537,35.94633],[139.3356,35.94644],[139.33574,35.94657],[139.3359,35.94693],[139.33603,35.94748],[139.33608,35.94791],[139.33607,35.9484],[139.33594,35.94869],[139.33571,35.94884],[139.33545,35.94892],[139.33516,35.94894],[139.33487,35.9489],[139.33435,35.94864],[139.33442,35.9492],[139.3344,35.94938],[139.33427,35.94959],[139.33412,35.94968],[139.33394,35.94973],[139.33372,35.94971],[139.33321,35.94954],[139.33295,35.9495],[139.33287,35.94954],[139.33279,35.94973],[139.33267,35.94979],[139.33191,35.94989],[139.33175,35.95005],[139.33173,35.95028],[139.33165,35.95044],[139.33127,35.95055],[139.33113,35.95085],[139.33092,35.95093],[139.33055,35.95095],[139.33016,35.95089],[139.32981,35.95073],[139.32943,35.95045],[139.32928,35.95041],[139.32921,35.95057],[139.32908,35.95065],[139.32869,35.95071],[139.3281,35.95073],[139.32751,35.95089],[139.32714,35.95108],[139.32642,35.95158],[139.32601,35.95176],[139.32557,35.95189],[139.32488,35.95199],[139.32442,35.9521],[139.32427,35.9522],[139.32416,35.95243],[139.32368,35.95252],[139.32356,35.9526],[139.32351,35.95287],[139.32356,35.95338],[139.3234,35.95368],[139.32267,35.9541],[139.32248,35.95445],[139.32177,35.95459],[139.32136,35.95494],[139.3204,35.95535],[139.32019,35.9556],[139.32022,35.95601],[139.32014,35.95613],[139.31993,35.95617],[139.31918,35.95602],[139.31848,35.95597],[139.31666,35.95619],[139.31649,35.95612],[139.31646,35.95585],[139.3154,35.95585],[139.31482,35.95595],[139.31443,35.95614],[139.31404,35.95652],[139.31396,35.95671],[139.31402,35.95687],[139.31428,35.957],[139.31489,35.95713],[139.31512,35.95722],[139.31527,35.95734],[139.31534,35.95749],[139.31528,35.95774]],[[139.30755,35.85697],[139.30729,35.85672],[139.30723,35.85641],[139.30728,35.8562],[139.3075,35.85604],[139.30734,35.856],[139.30676,35.85597],[139.3064,35.85584],[139.30619,35.85559],[139.30614,35.85529],[139.30625,35.85512],[139.30665,35.85506],[139.30671,35.85501],[139.30646,35.85469],[139.30642,35.85453],[139.30642,35.85434],[139.30652,35.85402],[139.30678,35.85367],[139.30717,35.85341],[139.30733,35.85325],[139.30752,35.85292],[139.30773,35.85229],[139.30803,35.85191],[139.3084,35.85175],[139.30902,35.8517],[139.30921,35.85163],[139.30937,35.85142],[139.30947,35.85095],[139.30966,35.85083],[139.30986,35.85082],[139.31009,35.85088],[139.31021,35.85104],[139.3103,35.85147],[139.31046,35.85159],[139.31065,35.85164],[139.31081,35.85155],[139.31111,35.85111],[139.31154,35.85101],[139.31176,35.8508],[139.31181,35.85054],[139.31179,35.85016],[139.31173,35.84984],[139.31159,35.84954],[139.31117,35.8492],[139.31015,35.84883],[139.30991,35.84862],[139.3098,35.84835],[139.30991,35.84787],[139.31029,35.84746],[139.31069,35.84724],[139.31164,35.84689],[139.31195,35.84664],[139.31194,35.84647],[139.31178,35.84622],[139.31173,35.84605],[139.31181,35.84563],[139.31179,35.84548],[139.31171,35.84534],[139.31136,35.84508],[139.31121,35.84465],[139.31125,35.8437],[139.3114,35.84327],[139.31165,35.84303],[139.31182,35.84298],[139.31223,35.84301],[139.31287,35.84319],[139.31318,35.84319],[139.31338,35.84309],[139.31352,35.84279],[139.31368,35.84264],[139.31391,35.84254],[139.3142,35.8425],[139.31467,35.84254],[139.31489,35.84264],[139.31505,35.8428],[139.31521,35.84315],[139.31531,35.84318],[139.31543,35.84309],[139.31576,35.84268],[139.31617,35.84239],[139.31697,35.84205],[139.31775,35.8419],[139.31868,35.84184],[139.31981,35.84189],[139.3202,35.84202],[139.32024,35.8423],[139.32113,35.84145],[139.32176,35.84101],[139.32216,35.84083],[139.32257,35.8407],[139.32292,35.84064],[139.32318,35.84066],[139.32336,35.84074],[139.32354,35.84104],[139.32367,35.84116],[139.32412,35.84135],[139.32424,35.84144],[139.32429,35.84156],[139.32422,35.84188],[139.32426,35.84205],[139.32448,35.8423],[139.32511,35.84278],[139.3252,35.84293],[139.32521,35.84322],[139.32708,35.84327],[139.32739,35.84338],[139.32748,35.84357],[139.3281,35.84327],[139.32847,35.84323],[139.32886,35.84326],[139.32917,35.84334],[139.32968,35.84362],[139.33089,35.84376],[139.331,35.84384],[139.33104,35.844],[139.33124,35.8441],[139.33207,35.84419],[139.33227,35.84436],[139.33223,35.84497],[139.33231,35.84504],[139.33249,35.84507],[139.33259,35.84514],[139.33271,35.84567],[139.33293,35.84588],[139.33358,35.84617],[139.33503,35.8466],[139.33548,35.84685],[139.33577,35.84726],[139.33595,35.84732],[139.33613,35.84728],[139.33621,35.84718],[139.33626,35.84693],[139.33619,35.84656],[139.33607,35.84646],[139.3357,35.8464],[139.33547,35.84628],[139.3351,35.8456],[139.33499,35.84553],[139.3347,35.84547],[139.33451,35.84509],[139.33387,35.84474],[139.33366,35.84447],[139.33362,35.84424],[139.33369,35.84385],[139.33368,35.84359],[139.33361,35.8435],[139.33342,35.84347],[139.33335,35.84342],[139.33333,35.84332],[139.33342,35.84287],[139.33333,35.84267],[139.33316,35.84249],[139.33313,35.84236],[139.33325,35.84214],[139.33354,35.8419],[139.33381,35.84174],[139.33411,35.84168],[139.33423,35.84161],[139.33435,35.84116],[139.33433,35.84046],[139.33417,35.84012],[139.33362,35.83983],[139.33346,35.83949],[139.33275,35.83935],[139.33259,35.83922],[139.33253,35.83907],[139.33258,35.83899],[139.33282,35.83896],[139.33307,35.83883],[139.33359,35.83836],[139.33393,35.83815],[139.33463,35.83787],[139.33579,35.83752],[139.33665,35.83712],[139.33707,35.8368],[139.33733,35.83652],[139.33742,35.83636],[139.33744,35.83606],[139.33771,35.83584],[139.33889,35.83504],[139.33908,35.83481],[139.33912,35.83462],[139.33928,35.83439],[139.33989,35.83389],[139.34025,35.83373],[139.34069,35.83364],[139.34172,35.83361],[139.34259,35.83376],[139.34291,35.8339],[139.34318,35.83408],[139.34361,35.83457],[139.34392,35.8352],[139.3442,35.83562],[139.34448,35.83587],[139.34518,35.83632],[139.34517,35.83588],[139.34508,35.83566],[139.34483,35.83535],[139.34426,35.83483],[139.3441,35.8346],[139.34404,35.83435],[139.34373,35.83399],[139.34333,35.83367],[139.34303,35.8335],[139.34255,35.83332],[139.34193,35.83318],[139.34163,35.833],[139.34162,35.83285],[139.34169,35.83274],[139.34216,35.8327],[139.34286,35.83247],[139.34298,35.83233],[139.34308,35.83203],[139.34324,35.83193],[139.34354,35.83184],[139.34391,35.83181],[139.34419,35.83183],[139.34434,35.83191],[139.3444,35.83215],[139.34451,35.83224],[139.34476,35.83225],[139.34497,35.83219],[139.34524,35.83201],[139.3454,35.8318],[139.34552,35.83111],[139.34562,35.8309],[139.3458,35.83079],[139.34612,35.83077],[139.34677,35.83089],[139.34737,35.83109],[139.34788,35.83139],[139.34851,35.83191],[139.34905,35.8321],[139.35024,35.83226],[139.35221,35.83235],[139.35286,35.8325],[139.35309,35.83263],[139.35326,35.8328],[139.35339,35.83308],[139.3535,35.83365],[139.35375,35.83295],[139.35396,35.83268],[139.35432,35.83244],[139.35433,35.83231],[139.35419,35.83216],[139.35349,35.83182],[139.35303,35.8315],[139.35272,35.83112],[139.35262,35.83074],[139.35272,35.83056],[139.35297,35.83043],[139.35335,35.83036],[139.35387,35.83037],[139.35423,35.8305],[139.35455,35.8308],[139.35486,35.83097],[139.35537,35.83109],[139.35568,35.83106],[139.35573,35.83098],[139.35568,35.83078],[139.35537,35.83056],[139.35532,35.83047],[139.35537,35.83028],[139.35554,35.83004],[139.35551,35.82982],[139.35537,35.82969],[139.35489,35.82943],[139.35469,35.82918],[139.35464,35.82886],[139.35482,35.82859],[139.35509,35.82846],[139.35573,35.82835],[139.35598,35.82835],[139.35648,35.82845],[139.35727,35.82885],[139.35851,35.82976],[139.35887,35.82993],[139.35914,35.82997],[139.35934,35.8299],[139.35953,35.82969],[139.35963,35.82908],[139.35979,35.82882],[139.35998,35.82873],[139.36037,35.82871],[139.36071,35.82861],[139.36089,35.8285],[139.36125,35.82815],[139.36139,35.82808],[139.36159,35.82805],[139.36174,35.82811],[139.36191,35.82826],[139.36242,35.82896],[139.36271,35.82919],[139.36328,35.82938],[139.36396,35.82942],[139.36445,35.82955],[139.36465,35.82971],[139.36493,35.83023],[139.36546,35.83042],[139.36557,35.83057],[139.36557,35.83076],[139.36542,35.83098],[139.36515,35.83122],[139.36511,35.83141],[139.36523,35.8315],[139.36574,35.83167],[139.36599,35.83182],[139.36632,35.83216],[139.36658,35.83256],[139.36668,35.833],[139.36653,35.83331],[139.36633,35.83344],[139.36595,35.83348],[139.36575,35.83354],[139.3656,35.83387],[139.36512,35.83409],[139.365,35.83423],[139.36495,35.83445],[139.36496,35.83473],[139.36512,35.8352],[139.36517,35.83523],[139.36529,35.83518],[139.36543,35.83499],[139.36564,35.83481],[139.36616,35.83464],[139.36664,35.8346],[139.36718,35.83462],[139.36789,35.83482],[139.3683,35.83505],[139.36883,35.83552],[139.3692,35.83577],[139.36978,35.83602],[139.37054,35.83618],[139.3709,35.83639],[139.37104,35.83659],[139.3711,35.8369],[139.37105,35.83711],[139.37077,35.8373],[139.37066,35.83747],[139.37066,35.83784],[139.37081,35.83799],[139.37101,35.83798],[139.37118,35.83786],[139.37144,35.83729],[139.37174,35.83696],[139.37203,35.83682],[139.37212,35.83684],[139.37226,35.83697],[139.37237,35.83725],[139.37263,35.83832],[139.37274,35.8385],[139.37298,35.83869],[139.37293,35.83882],[139.37261,35.83919],[139.37257,35.83959],[139.37275,35.83988],[139.37323,35.84025],[139.37328,35.84047],[139.37323,35.84064],[139.37315,35.84071],[139.37289,35.84079],[139.37247,35.84079],[139.37099,35.8406],[139.37047,35.8406],[139.37034,35.84067],[139.37028,35.84078],[139.37,35.84089],[139.36707,35.8414],[139.36632,35.8416],[139.36501,35.84211],[139.36435,35.8423],[139.36314,35.84246],[139.3612,35.84247],[139.36168,35.84303],[139.36168,35.84325],[139.36146,35.84338],[139.36128,35.84343],[139.36033,35.84356],[139.35991,35.84368],[139.3598,35.84378],[139.35967,35.8441],[139.35933,35.84442],[139.35892,35.84468],[139.35827,35.84496],[139.35815,35.84515],[139.35811,35.84539],[139.358,35.84552],[139.35781,35.84563],[139.35707,35.8458],[139.35681,35.84592],[139.35667,35.84627],[139.35628,35.84666],[139.35603,35.84673],[139.35573,35.84668],[139.35538,35.84649],[139.35444,35.84583],[139.35401,35.84569],[139.35361,35.84574],[139.35346,35.84572],[139.3532,35.8455],[139.35314,35.84582],[139.35306,35.84598],[139.35268,35.84608],[139.3526,35.84618],[139.35258,35.84634],[139.35242,35.84648],[139.35166,35.84674],[139.3515,35.84693],[139.35143,35.84725],[139.35112,35.84752],[139.35073,35.84768],[139.35039,35.84772],[139.35021,35.84767],[139.34999,35.84754],[139.34983,35.84751],[139.34955,35.84761],[139.34935,35.84776],[139.34918,35.84797],[139.34906,35.84823],[139.34895,35.84911],[139.3488,35.84936],[139.34867,35.84944],[139.34834,35.84953],[139.34722,35.84949],[139.34707,35.84955],[139.34702,35.8497],[139.34686,35.8498],[139.34619,35.84988],[139.34598,35.85005],[139.34591,35.85044],[139.3458,35.85059],[139.34565,35.85058],[139.3451,35.85038],[139.34466,35.85037],[139.34415,35.85042],[139.34367,35.85035],[139.34323,35.85011],[139.34287,35.84979],[139.34266,35.84954],[139.34257,35.84926],[139.34248,35.84919],[139.34215,35.84915],[139.34189,35.84919],[139.34152,35.84946],[139.3413,35.84915],[139.34114,35.84905],[139.34078,35.849],[139.34014,35.84906],[139.33978,35.84897],[139.33926,35.84852],[139.3388,35.8484],[139.33845,35.84792],[139.33809,35.84819],[139.33763,35.84822],[139.33734,35.84807],[139.33716,35.84777],[139.33698,35.84761],[139.33662,35.84755],[139.33633,35.84762],[139.33617,35.84796],[139.33576,35.84804],[139.33558,35.84819],[139.33545,35.84851],[139.33541,35.84889],[139.33534,35.84897],[139.33515,35.84896],[139.33486,35.84883],[139.33462,35.84889],[139.33447,35.84916],[139.33443,35.84964],[139.33458,35.84985],[139.33487,35.84994],[139.33523,35.84991],[139.33561,35.84971],[139.33592,35.84975],[139.33617,35.84987],[139.33654,35.85014],[139.33669,35.85033],[139.33677,35.85054],[139.33681,35.85086],[139.33689,35.85099],[139.33715,35.85107],[139.33754,35.85102],[139.33784,35.85106],[139.33797,35.85116],[139.3382,35.85153],[139.33844,35.85168],[139.33882,35.85183],[139.33902,35.85204],[139.33915,35.85235],[139.33915,35.85262],[139.33906,35.85275],[139.33871,35.85291],[139.33857,35.85304],[139.33845,35.85333],[139.33838,35.85391],[139.3383,35.85404],[139.33807,35.8541],[139.33802,35.85417],[139.33821,35.85471],[139.33816,35.85494],[139.33778,35.85527],[139.33681,35.85581],[139.3366,35.85609],[139.33665,35.85634],[139.33656,35.85653],[139.33579,35.85681],[139.33563,35.85693],[139.33538,35.85728],[139.33512,35.85732],[139.33462,35.85715],[139.33431,35.85692],[139.33421,35.85669],[139.3339,35.85678],[139.33344,35.85708],[139.33333,35.85725],[139.33339,35.85732],[139.33374,35.8574],[139.33409,35.85731],[139.33429,35.85732],[139.33457,35.85748],[139.33476,35.85771],[139.33481,35.85794],[139.33476,35.85808],[139.33444,35.85829],[139.33435,35.8584],[139.33442,35.85866],[139.33441,35.85876],[139.33425,35.85887],[139.33396,35.85898],[139.33377,35.85914],[139.3336,35.85939],[139.33321,35.86023],[139.3329,35.86053],[139.33265,35.8606],[139.33217,35.86056],[139.33201,35.86049],[139.33184,35.8603],[139.33173,35.86026],[139.33146,35.86053],[139.331,35.86066],[139.33083,35.86116],[139.33072,35.86124],[139.33036,35.86128],[139.3302,35.86134],[139.33025,35.86163],[139.3302,35.86175],[139.32968,35.86216],[139.32962,35.86238],[139.32968,35.86272],[139.3296,35.86288],[139.32931,35.86314],[139.32891,35.86335],[139.32843,35.86343],[139.32822,35.86339],[139.32806,35.8633],[139.32796,35.86309],[139.32804,35.86253],[139.32795,35.8624],[139.32783,35.86238],[139.32763,35.86249],[139.32755,35.8629],[139.32745,35.86303],[139.3272,35.86307],[139.32699,35.86316],[139.32664,35.86351],[139.32639,35.86367],[139.3261,35.86373],[139.32588,35.86371],[139.32529,35.86346],[139.32453,35.86296],[139.32418,35.86263],[139.3241,35.86246],[139.32414,35.86234],[139.32409,35.86227],[139.32373,35.86227],[139.32277,35.86243],[139.32225,35.86247],[139.32208,35.86243],[139.32202,35.86223],[139.32192,35.8621],[139.32161,35.86198],[139.32146,35.86202],[139.32116,35.86231],[139.32091,35.86236],[139.32067,35.86221],[139.32047,35.86175],[139.32036,35.86161],[139.32012,35.86154],[139.31982,35.86159],[139.31955,35.86155],[139.31898,35.86109],[139.31884,35.86108],[139.31852,35.86114],[139.31837,35.86107],[139.31823,35.86089],[139.31816,35.86088],[139.31795,35.86107],[139.31745,35.86117],[139.31619,35.86121],[139.31553,35.86114],[139.31501,35.86099],[139.31464,35.86076],[139.31411,35.86006],[139.31387,35.85987],[139.31372,35.85985],[139.31357,35.85989],[139.31349,35.85999],[139.31344,35.8602],[139.31328,35.86033],[139.31301,35.86042],[139.31279,35.86042],[139.31255,35.86035],[139.31225,35.86017],[139.31155,35.85961],[139.31119,35.8596],[139.31096,35.8595],[139.31044,35.85893],[139.30993,35.85849],[139.30977,35.85829],[139.30972,35.85804],[139.3098,35.85764],[139.30966,35.85738],[139.3095,35.85727],[139.30925,35.85719],[139.30804,35.8571],[139.30755,35.85697]],[[139.32732,36.05376],[139.3271,36.05365],[139.32643,36.05365],[139.32496,36.05389],[139.32418,36.05392],[139.32392,36.05382],[139.32383,36.05352],[139.32375,36.05344],[139.32348,36.05334],[139.32305,36.05331],[139.32194,36.05334],[139.32142,36.05322],[139.32125,36.05304],[139.32112,36.05271],[139.32092,36.05242],[139.32063,36.05215],[139.32041,36.05203],[139.32005,36.05199],[139.31934,36.05219],[139.31863,36.05222],[139.31804,36.05212],[139.31778,36.05196],[139.31769,36.05184],[139.31761,36.05155],[139.31767,36.051],[139.31762,36.05057],[139.3175,36.05037],[139.31716,36.05009],[139.31707,36.0499],[139.31711,36.04909],[139.31696,36.04893],[139.31668,36.0489],[139.31648,36.0488],[139.31632,36.04823],[139.31599,36.04786],[139.31587,36.04764],[139.31587,36.04747],[139.31594,36.04734],[139.31641,36.04687],[139.31653,36.04668],[139.3165,36.04659],[139.31632,36.04649],[139.3162,36.04634],[139.31615,36.04605],[139.31623,36.04575],[139.31659,36.04533],[139.31661,36.04516],[139.3165,36.045],[139.31634,36.0449],[139.3155,36.04467],[139.31526,36.04449],[139.31507,36.04403],[139.31505,36.04361],[139.31511,36.04306],[139.31524,36.0427],[139.31543,36.0425],[139.31556,36.04227],[139.31571,36.04152],[139.31612,36.0412],[139.31626,36.04085],[139.31674,36.04062],[139.31688,36.04044],[139.31698,36.04016],[139.31706,36.03936],[139.31723,36.03905],[139.31754,36.03886],[139.318,36.03878],[139.31852,36.03875],[139.31892,36.03863],[139.31908,36.03853],[139.3193,36.03826],[139.3195,36.03756],[139.31964,36.03732],[139.31984,36.03715],[139.32037,36.03698],[139.32073,36.03656],[139.32092,36.03642],[139.32123,36.03632],[139.32176,36.03631],[139.32215,36.0359],[139.32246,36.03577],[139.32313,36.03573],[139.32424,36.03579],[139.32462,36.03575],[139.32487,36.03565],[139.32503,36.03542],[139.32521,36.03531],[139.32547,36.03523],[139.32582,36.0352],[139.32621,36.03522],[139.3266,36.03531],[139.32673,36.03543],[139.32685,36.03574],[139.32721,36.03591],[139.32785,36.03602],[139.32832,36.036],[139.329,36.03579],[139.33034,36.0349],[139.33061,36.03479],[139.33094,36.03478],[139.33137,36.03492],[139.33161,36.03518],[139.33166,36.03547],[139.33158,36.03599],[139.33167,36.03625],[139.33184,36.03634],[139.33221,36.03637],[139.33247,36.03646],[139.33256,36.03658],[139.3326,36.03681],[139.33279,36.03697],[139.33377,36.03708],[139.33403,36.03719],[139.33417,36.03734],[139.33432,36.03738],[139.33455,36.03737],[139.33554,36.03714],[139.33588,36.03712],[139.3364,36.03718],[139.33688,36.03733],[139.33699,36.03742],[139.33706,36.03766],[139.33732,36.03773],[139.33751,36.03766],[139.33758,36.03743],[139.33769,36.03729],[139.33812,36.03712],[139.33824,36.03701],[139.3383,36.03677],[139.33823,36.03646],[139.33833,36.03628],[139.33849,36.03625],[139.33906,36.03629],[139.33918,36.03622],[139.33925,36.03593],[139.33941,36.03577],[139.34024,36.03564],[139.34033,36.03557],[139.34046,36.03525],[139.34072,36.03498],[139.34126,36.03458],[139.34167,36.03441],[139.34195,36.03437],[139.34233,36.0344],[139.34259,36.03453],[139.34288,36.03489],[139.34313,36.03499],[139.3437,36.03505],[139.34416,36.03504],[139.3447,36.03492],[139.34494,36.03476],[139.34532,36.0343],[139.34559,36.03416],[139.34573,36.03417],[139.3459,36.03427],[139.3461,36.03461],[139.34624,36.0347],[139.3467,36.0345],[139.34684,36.03452],[139.34713,36.03469],[139.34731,36.03473],[139.34765,36.03469],[139.34806,36.03455],[139.34838,36.03453],[139.34874,36.03458],[139.34934,36.03478],[139.34995,36.03512],[139.35037,36.03563],[139.3506,36.03567],[139.35101,36.03562],[139.35132,36.0357],[139.35153,36.03583],[139.35187,36.03615],[139.35207,36.03657],[139.35238,36.0367],[139.35342,36.03692],[139.35372,36.03711],[139.35386,36.03735],[139.35408,36.03755],[139.35468,36.03774],[139.35493,36.03789],[139.35504,36.0381],[139.35502,36.03827],[139.35493,36.03844],[139.35467,36.03869],[139.35403,36.03916],[139.35394,36.03929],[139.35393,36.03945],[139.35411,36.03958],[139.35476,36.03967],[139.35506,36.03986],[139.35521,36.04016],[139.35511,36.04075],[139.35516,36.04092],[139.35557,36.04102],[139.35604,36.04134],[139.35633,36.04165],[139.35642,36.04195],[139.3565,36.04206],[139.35736,36.04256],[139.35758,36.04283],[139.35782,36.04333],[139.35796,36.04346],[139.35833,36.04363],[139.35843,36.04379],[139.35844,36.04403],[139.35829,36.04456],[139.35795,36.04502],[139.3578,36.04514],[139.35742,36.0453],[139.35657,36.04548],[139.35633,36.04566],[139.35622,36.04591],[139.35624,36.0465],[139.35613,36.04669],[139.35591,36.0468],[139.35544,36.04683],[139.35518,36.0469],[139.35491,36.04711],[139.35478,36.04742],[139.3546,36.04763],[139.35443,36.0477],[139.35406,36.04775],[139.35391,36.04787],[139.35387,36.04809],[139.35394,36.04826],[139.35406,36.0483],[139.35453,36.04824],[139.35479,36.04828],[139.35507,36.04848],[139.35516,36.04868],[139.35513,36.04891],[139.35494,36.04923],[139.35466,36.04945],[139.35413,36.04974],[139.35394,36.05002],[139.35377,36.0501],[139.35354,36.05012],[139.35292,36.05005],[139.35266,36.0501],[139.3524,36.05033],[139.35226,36.05072],[139.35212,36.05091],[139.35182,36.05107],[139.35156,36.05108],[139.35133,36.05104],[139.35118,36.05094],[139.35109,36.05079],[139.35103,36.05032],[139.35095,36.05022],[139.35084,36.05018],[139.35064,36.05022],[139.35053,36.05032],[139.35023,36.05092],[139.35006,36.05099],[139.34993,36.05095],[139.34983,36.05084],[139.34978,36.05066],[139.34986,36.04995],[139.3498,36.04973],[139.34973,36.04966],[139.34951,36.04959],[139.34889,36.04965],[139.34863,36.04963],[139.34843,36.04957],[139.34812,36.04939],[139.34786,36.04939],[139.34756,36.04952],[139.34733,36.04973],[139.34721,36.05],[139.34715,36.05041],[139.34706,36.05057],[139.34692,36.05067],[139.34664,36.05077],[139.34654,36.05087],[139.34655,36.05106],[139.34671,36.05131],[139.34668,36.05159],[139.34642,36.05191],[139.34603,36.05219],[139.34572,36.05232],[139.34529,36.05228],[139.34515,36.05263],[139.34499,36.05273],[139.34483,36.05278],[139.34439,36.05277],[139.34318,36.05256],[139.34259,36.05251],[139.34232,36.05255],[139.34183,36.0528],[139.34144,36.05284],[139.34085,36.05268],[139.34045,36.05246],[139.34025,36.05227],[139.34015,36.05193],[139.34033,36.05139],[139.34031,36.051],[139.34016,36.05076],[139.33953,36.05015],[139.33932,36.04971],[139.33847,36.04921],[139.33825,36.04894],[139.33812,36.04862],[139.3379,36.04844],[139.33764,36.04842],[139.33694,36.04854],[139.33675,36.04925],[139.33662,36.04952],[139.33647,36.04967],[139.3361,36.04983],[139.33594,36.04998],[139.33598,36.05035],[139.33592,36.05051],[139.33576,36.05064],[139.33515,36.05089],[139.33487,36.05107],[139.33454,36.05145],[139.33422,36.05205],[139.33402,36.05224],[139.33365,36.05236],[139.33328,36.05234],[139.33302,36.05225],[139.33269,36.05195],[139.33238,36.05191],[139.33223,36.05201],[139.33211,36.05235],[139.33195,36.05245],[139.33177,36.05251],[139.33167,36.05246],[139.33163,36.05228],[139.33147,36.05217],[139.33116,36.05213],[139.33088,36.05214],[139.3306,36.05221],[139.33031,36.05235],[139.32942,36.05302],[139.32976,36.05317],[139.32992,36.05333],[139.32997,36.05363],[139.32989,36.05388],[139.32969,36.05413],[139.32929,36.05444],[139.32898,36.05456],[139.32856,36.05459],[139.32814,36.05449],[139.32774,36.05428],[139.32744,36.054],[139.32732,36.05376]],[[139.32841,35.89769],[139.32855,35.89738],[139.32874,35.89732],[139.32917,35.89727],[139.32929,35.89717],[139.3293,35.89706],[139.32924,35.89697],[139.32909,35.89691],[139.32837,35.89684],[139.32801,35.89669],[139.32785,35.89649],[139.32759,35.89585],[139.32729,35.89553],[139.32672,35.8951],[139.32655,35.89476],[139.3266,35.89451],[139.32672,35.89437],[139.32729,35.89406],[139.32751,35.89383],[139.32755,35.89364],[139.32749,35.89332],[139.32759,35.89308],[139.32776,35.89297],[139.32824,35.89282],[139.32845,35.89261],[139.3285,35.8923],[139.32842,35.892],[139.32823,35.89177],[139.32781,35.89148],[139.32769,35.89131],[139.32768,35.8912],[139.32781,35.89101],[139.32825,35.89083],[139.32843,35.89067],[139.3286,35.89042],[139.32883,35.88989],[139.32902,35.88958],[139.32928,35.88939],[139.32944,35.88933],[139.3298,35.88931],[139.33019,35.88934],[139.33062,35.88924],[139.3308,35.88906],[139.33098,35.88859],[139.33108,35.88845],[139.3312,35.8884],[139.3314,35.88845],[139.33161,35.88841],[139.33196,35.88809],[139.33215,35.88799],[139.33236,35.88795],[139.33289,35.88801],[139.33326,35.88797],[139.33349,35.88787],[139.33383,35.88764],[139.33415,35.88751],[139.33504,35.88733],[139.33579,35.88728],[139.33616,35.8873],[139.33643,35.88736],[139.33666,35.8875],[139.33678,35.8875],[139.33688,35.88743],[139.33704,35.88705],[139.33722,35.88684],[139.33739,35.88677],[139.33774,35.88673],[139.33783,35.88666],[139.33778,35.8863],[139.33788,35.88608],[139.33816,35.88589],[139.33859,35.88577],[139.3389,35.88575],[139.33922,35.8858],[139.33986,35.88603],[139.34017,35.88629],[139.34044,35.88678],[139.34063,35.88688],[139.34089,35.88691],[139.34138,35.88686],[139.34174,35.88687],[139.3419,35.88693],[139.34203,35.88708],[139.34225,35.88719],[139.34285,35.88724],[139.3431,35.8873],[139.34319,35.88738],[139.34323,35.88754],[139.34334,35.88762],[139.34366,35.88768],[139.34428,35.88772],[139.34459,35.88785],[139.34492,35.88831],[139.34522,35.88851],[139.3456,35.88868],[139.34582,35.88889],[139.34586,35.88904],[139.34579,35.88937],[139.34584,35.88954],[139.34624,35.88997],[139.34639,35.89029],[139.34641,35.89054],[139.34634,35.89105],[139.34639,35.89123],[139.34651,35.89136],[139.34686,35.89152],[139.34702,35.89173],[139.34706,35.89204],[139.347,35.89229],[139.34687,35.89242],[139.34668,35.89244],[139.34655,35.8925],[139.3465,35.89263],[139.34652,35.89273],[139.34671,35.8928],[139.34743,35.89275],[139.34769,35.89278],[139.34795,35.89296],[139.34804,35.89317],[139.34804,35.89376],[139.34776,35.89478],[139.3476,35.8951],[139.34742,35.89533],[139.34723,35.89546],[139.34695,35.89557],[139.34683,35.89567],[139.34676,35.89588],[139.34679,35.89611],[139.34695,35.89628],[139.34748,35.89654],[139.34766,35.89678],[139.34778,35.89709],[139.34792,35.89721],[139.34821,35.89723],[139.34872,35.89708],[139.34898,35.89713],[139.34927,35.89756],[139.34978,35.89795],[139.34986,35.89816],[139.34978,35.89859],[139.34942,35.89934],[139.34924,35.9],[139.34925,35.90054],[139.34935,35.90083],[139.3496,35.90116],[139.34955,35.90137],[139.3493,35.90161],[139.34888,35.90182],[139.34831,35.90197],[139.3473,35.90213],[139.34708,35.90222],[139.34699,35.90232],[139.34704,35.90249],[139.34716,35.9026],[139.34799,35.90306],[139.3481,35.90323],[139.34805,35.90334],[139.34762,35.9035],[139.34604,35.90379],[139.34529,35.90402],[139.345,35.90421],[139.34478,35.90462],[139.34462,35.90477],[139.3444,35.90488],[139.34414,35.90494],[139.34351,35.90503],[139.34309,35.90502],[139.34281,35.90493],[139.34245,35.90459],[139.34233,35.90455],[139.34219,35.90466],[139.342,35.90503],[139.34184,35.90514],[139.34163,35.90517],[139.34123,35.90511],[139.34095,35.90513],[139.34067,35.90519],[139.3399,35.90554],[139.33944,35.90563],[139.33888,35.90568],[139.33741,35.90565],[139.33696,35.90554],[139.3368,35.90538],[139.33654,35.90528],[139.33612,35.90523],[139.33565,35.90525],[139.33534,35.90533],[139.335,35.90564],[139.3346,35.90572],[139.33443,35.90606],[139.33423,35.90612],[139.33404,35.90612],[139.33367,35.90605],[139.33331,35.90581],[139.33322,35.90559],[139.3333,35.90536],[139.33328,35.90527],[139.33313,35.90515],[139.33278,35.90501],[139.3327,35.90491],[139.33275,35.90448],[139.3327,35.90438],[139.33213,35.90425],[139.33195,35.90409],[139.33178,35.90381],[139.33165,35.90373],[139.33148,35.90372],[139.33119,35.90377],[139.33096,35.9037],[139.33059,35.90305],[139.33029,35.90282],[139.32972,35.90251],[139.32956,35.90229],[139.32955,35.90212],[139.3295,35.90196],[139.32938,35.90182],[139.32881,35.90149],[139.32862,35.90127],[139.32846,35.90079],[139.32838,35.89983],[139.32818,35.89952],[139.32783,35.89932],[139.32773,35.89898],[139.32783,35.89828],[139.32803,35.89784],[139.32841,35.89769]],[[139.36838,36.0539],[139.36838,36.05365],[139.36854,36.05335],[139.36912,36.05303],[139.36933,36.05282],[139.36938,36.05258],[139.36929,36.05234],[139.36907,36.05228],[139.36889,36.05234],[139.36856,36.05281],[139.3683,36.05297],[139.36792,36.05308],[139.36767,36.05302],[139.36745,36.0528],[139.36736,36.05263],[139.36705,36.05165],[139.36673,36.05109],[139.36645,36.05088],[139.36596,36.05075],[139.36564,36.05053],[139.36553,36.05032],[139.36548,36.04993],[139.36525,36.04963],[139.36497,36.0495],[139.36396,36.04928],[139.36377,36.04916],[139.36357,36.04888],[139.36274,36.04835],[139.36249,36.04806],[139.36247,36.04794],[139.36255,36.04775],[139.36294,36.04737],[139.36309,36.04716],[139.36314,36.04689],[139.36312,36.04657],[139.36292,36.04601],[139.36264,36.04561],[139.36241,36.04544],[139.36191,36.04528],[139.36176,36.04515],[139.36167,36.04497],[139.36167,36.04466],[139.36176,36.0445],[139.36192,36.04441],[139.3624,36.04435],[139.3626,36.04426],[139.36272,36.0441],[139.3628,36.0436],[139.36293,36.04338],[139.36332,36.04311],[139.3639,36.04291],[139.36418,36.04266],[139.36429,36.04249],[139.36442,36.04206],[139.36451,36.04085],[139.36459,36.04054],[139.3647,36.04035],[139.36484,36.04025],[139.36509,36.04017],[139.36559,36.04023],[139.36582,36.04018],[139.3662,36.03995],[139.36694,36.03931],[139.36713,36.03922],[139.36735,36.03918],[139.3673,36.0391],[139.36696,36.03888],[139.36676,36.03858],[139.36669,36.03816],[139.36672,36.0377],[139.36682,36.03741],[139.36722,36.03708],[139.36757,36.03642],[139.36778,36.03616],[139.36811,36.03602],[139.36853,36.036],[139.36906,36.03608],[139.36952,36.03622],[139.36999,36.03647],[139.37015,36.03668],[139.37026,36.03695],[139.37036,36.03703],[139.37048,36.03703],[139.37077,36.03686],[139.37094,36.03685],[139.37146,36.03704],[139.372,36.03715],[139.37278,36.0372],[139.3736,36.03717],[139.37395,36.0371],[139.37415,36.03698],[139.37428,36.03652],[139.3745,36.03627],[139.37466,36.0362],[139.37482,36.03619],[139.37532,36.03636],[139.37553,36.03633],[139.37584,36.03608],[139.37626,36.03552],[139.37647,36.03538],[139.37668,36.03535],[139.37726,36.03556],[139.37769,36.03549],[139.37779,36.0355],[139.37801,36.03571],[139.37819,36.03577],[139.37959,36.03574],[139.37972,36.0358],[139.37984,36.03607],[139.3801,36.03624],[139.38067,36.03646],[139.38138,36.03662],[139.3823,36.0367],[139.38267,36.03663],[139.38289,36.0365],[139.38301,36.03653],[139.38319,36.03693],[139.38324,36.03748],[139.38315,36.03767],[139.38297,36.0377],[139.38283,36.03783],[139.38278,36.03808],[139.38283,36.03835],[139.38304,36.03844],[139.38353,36.0383],[139.38377,36.03827],[139.38405,36.03837],[139.3842,36.03852],[139.38433,36.03878],[139.38435,36.03894],[139.38428,36.03928],[139.38439,36.03945],[139.3848,36.03971],[139.38585,36.04011],[139.38641,36.04043],[139.3866,36.04073],[139.38666,36.04124],[139.38675,36.04145],[139.38701,36.04174],[139.38738,36.042],[139.38756,36.04229],[139.38751,36.0426],[139.38727,36.04292],[139.38696,36.04317],[139.38646,36.04342],[139.38636,36.04355],[139.38646,36.04377],[139.38694,36.04412],[139.3872,36.04442],[139.38734,36.04474],[139.38728,36.04494],[139.38718,36.04502],[139.38686,36.04515],[139.38552,36.04532],[139.38495,36.04545],[139.38465,36.04561],[139.38445,36.0459],[139.3844,36.04631],[139.38453,36.04658],[139.38485,36.04677],[139.38533,36.04687],[139.38565,36.04698],[139.38576,36.04708],[139.38583,36.04732],[139.3862,36.04744],[139.38632,36.04776],[139.3863,36.04815],[139.38607,36.04844],[139.38578,36.04857],[139.38477,36.04878],[139.3846,36.04888],[139.3845,36.04899],[139.3845,36.04914],[139.38475,36.04919],[139.38484,36.04925],[139.38476,36.04949],[139.38477,36.04959],[139.38502,36.04965],[139.38507,36.04974],[139.38505,36.0499],[139.3849,36.05027],[139.38465,36.05052],[139.38427,36.05072],[139.38375,36.05089],[139.38277,36.05108],[139.382,36.05137],[139.38164,36.05164],[139.38117,36.05221],[139.38103,36.0523],[139.38075,36.05238],[139.38025,36.05229],[139.37987,36.05204],[139.37967,36.05166],[139.37964,36.05118],[139.37955,36.05091],[139.3794,36.0507],[139.37917,36.05054],[139.37889,36.05045],[139.37839,36.05043],[139.37782,36.05058],[139.37741,36.05076],[139.37706,36.05098],[139.37676,36.05124],[139.37632,36.05188],[139.37608,36.05251],[139.37595,36.05343],[139.37557,36.05411],[139.37566,36.05449],[139.37561,36.05475],[139.37536,36.05516],[139.3752,36.0553],[139.37502,36.05536],[139.37436,36.05531],[139.37342,36.05551],[139.3731,36.05549],[139.37299,36.05537],[139.37295,36.05498],[139.37289,36.05486],[139.37279,36.05479],[139.37261,36.05476],[139.37253,36.05469],[139.37259,36.05399],[139.37251,36.05396],[139.37232,36.05401],[139.37215,36.054],[139.37184,36.05371],[139.37114,36.05358],[139.37095,36.05338],[139.37076,36.05296],[139.37075,36.05339],[139.37068,36.05355],[139.37049,36.0537],[139.37006,36.05389],[139.36994,36.05408],[139.3699,36.05431],[139.36979,36.05443],[139.36947,36.05452],[139.36914,36.05453],[139.36873,36.05443],[139.36847,36.05416],[139.36838,36.0539]],[[139.38383,35.90195],[139.38425,35.90224],[139.38437,35.90241],[139.38431,35.90291],[139.38422,35.90322],[139.38401,35.9035],[139.38379,35.90363],[139.38316,35.90378],[139.3829,35.90389],[139.38271,35.90404],[139.38259,35.90423],[139.38254,35.90445],[139.38259,35.90473],[139.38271,35.90487],[139.38305,35.90512],[139.38314,35.90526],[139.38314,35.90549],[139.38304,35.90564],[139.38284,35.90572],[139.38254,35.90573],[139.38168,35.90557],[139.38122,35.90556],[139.38107,35.90564],[139.38099,35.90602],[139.38072,35.90634],[139.3804,35.90649],[139.37993,35.90655],[139.37983,35.90662],[139.37984,35.90683],[139.38,35.90716],[139.38001,35.9074],[139.37982,35.90779],[139.37928,35.90845],[139.37919,35.90876],[139.37924,35.90909],[139.37916,35.90921],[139.37827,35.90954],[139.3778,35.90997],[139.37752,35.91012],[139.37722,35.91009],[139.37709,35.90979],[139.37678,35.90976],[139.376,35.90997],[139.3745,35.91065],[139.37392,35.91082],[139.37303,35.91092],[139.37184,35.91086],[139.3709,35.91093],[139.37054,35.91103],[139.37012,35.91122],[139.36986,35.91144],[139.36971,35.91168],[139.36941,35.91187],[139.36892,35.912],[139.36836,35.91202],[139.36822,35.91198],[139.368,35.91185],[139.36787,35.91163],[139.36774,35.91125],[139.36761,35.91106],[139.36745,35.91093],[139.36696,35.91071],[139.36639,35.91007],[139.36597,35.9099],[139.36503,35.90979],[139.36456,35.90954],[139.36431,35.90926],[139.36404,35.90876],[139.36389,35.9083],[139.36384,35.90774],[139.36368,35.90751],[139.36349,35.90746],[139.36296,35.90752],[139.36254,35.90748],[139.36201,35.90728],[139.36175,35.90707],[139.36166,35.90692],[139.36157,35.9065],[139.36138,35.90625],[139.36103,35.90592],[139.36092,35.90571],[139.36094,35.90559],[139.36111,35.9054],[139.36152,35.90529],[139.36129,35.90502],[139.36124,35.90487],[139.36126,35.90469],[139.36145,35.90428],[139.36139,35.90414],[139.36102,35.90407],[139.36035,35.90412],[139.35982,35.90411],[139.35957,35.90405],[139.35935,35.90388],[139.35913,35.90345],[139.35889,35.90259],[139.35872,35.90234],[139.35844,35.90214],[139.35835,35.90187],[139.35843,35.90151],[139.35892,35.90086],[139.35911,35.90036],[139.35919,35.89971],[139.35915,35.89888],[139.35902,35.8986],[139.35875,35.89853],[139.35855,35.8984],[139.35829,35.89811],[139.35824,35.89795],[139.35829,35.8979],[139.35848,35.89787],[139.35862,35.8978],[139.35904,35.89729],[139.3592,35.89717],[139.35947,35.89715],[139.35985,35.89731],[139.36,35.89732],[139.36008,35.89712],[139.36028,35.89696],[139.36145,35.89636],[139.36197,35.89603],[139.36218,35.89584],[139.36249,35.8954],[139.36267,35.89489],[139.36277,35.89436],[139.36297,35.89395],[139.36327,35.89368],[139.36368,35.89353],[139.36414,35.89348],[139.36463,35.8935],[139.36483,35.89356],[139.36511,35.89381],[139.36536,35.89386],[139.36557,35.89377],[139.36601,35.89326],[139.36628,35.89312],[139.36665,35.89306],[139.36765,35.89311],[139.36817,35.89307],[139.36834,35.89297],[139.3684,35.89274],[139.36851,35.89262],[139.3687,35.89255],[139.36898,35.89252],[139.36972,35.89259],[139.37025,35.89286],[139.37035,35.89285],[139.37052,35.89267],[139.37068,35.8926],[139.37137,35.89253],[139.37198,35.8926],[139.37258,35.89284],[139.37299,35.89292],[139.37563,35.89306],[139.37617,35.89322],[139.37633,35.89344],[139.37646,35.89351],[139.37676,35.89344],[139.37754,35.89307],[139.37798,35.893],[139.37816,35.89305],[139.37831,35.89315],[139.37868,35.89381],[139.37897,35.89404],[139.37935,35.89423],[139.37953,35.89446],[139.37948,35.89476],[139.37923,35.89508],[139.37886,35.89538],[139.37824,35.89573],[139.37803,35.89601],[139.37806,35.89622],[139.37833,35.89657],[139.37852,35.897],[139.37861,35.8979],[139.37869,35.89821],[139.37895,35.89854],[139.37949,35.89875],[139.3799,35.8988],[139.38063,35.89873],[139.38078,35.8988],[139.38083,35.89899],[139.381,35.8988],[139.38118,35.89873],[139.38144,35.89875],[139.38175,35.89888],[139.3818,35.89902],[139.38171,35.89918],[139.38151,35.89931],[139.38126,35.89934],[139.38119,35.89943],[139.38117,35.89959],[139.38125,35.9003],[139.38116,35.90051],[139.38097,35.90064],[139.38102,35.90069],[139.38128,35.90078],[139.38154,35.90084],[139.38184,35.90099],[139.38215,35.90141],[139.38226,35.90135],[139.38238,35.90113],[139.38264,35.90097],[139.38323,35.90091],[139.38359,35.901],[139.38372,35.90121],[139.38366,35.90153],[139.38371,35.9018],[139.38383,35.90195]],[[139.43076,35.9442],[139.43056,35.94427],[139.42985,35.94434],[139.42906,35.9443],[139.42879,35.94419],[139.42867,35.94393],[139.42852,35.94389],[139.4284,35.9439],[139.42834,35.94399],[139.42836,35.94415],[139.42857,35.94465],[139.42862,35.94501],[139.42856,35.94522],[139.42844,35.94539],[139.4282,35.94552],[139.42757,35.9456],[139.42608,35.94553],[139.42569,35.94554],[139.42547,35.9456],[139.42534,35.9459],[139.42511,35.94603],[139.42475,35.94603],[139.42411,35.94583],[139.42386,35.94581],[139.42362,35.94585],[139.42319,35.94612],[139.42292,35.94621],[139.42276,35.94619],[139.4223,35.94593],[139.42181,35.9459],[139.42145,35.94605],[139.42115,35.94634],[139.42097,35.94644],[139.42063,35.94648],[139.42013,35.94642],[139.41994,35.94646],[139.41981,35.94656],[139.41968,35.94679],[139.4195,35.94698],[139.41885,35.94728],[139.41877,35.94743],[139.4188,35.94759],[139.41896,35.94772],[139.41933,35.94786],[139.41956,35.94817],[139.41975,35.94893],[139.41974,35.94945],[139.41959,35.94976],[139.4194,35.94984],[139.4193,35.94993],[139.41913,35.95032],[139.41895,35.95141],[139.41876,35.95339],[139.41863,35.95402],[139.41846,35.95437],[139.41837,35.95444],[139.41818,35.95447],[139.41805,35.95459],[139.418,35.95481],[139.41807,35.95552],[139.41801,35.95605],[139.4178,35.95651],[139.41744,35.95686],[139.41711,35.95697],[139.41692,35.95698],[139.41549,35.95676],[139.41494,35.95681],[139.41473,35.95669],[139.4144,35.95626],[139.4143,35.95623],[139.4142,35.95631],[139.41407,35.95661],[139.41377,35.95682],[139.41346,35.95689],[139.41252,35.95696],[139.41209,35.95712],[139.41173,35.95735],[139.41107,35.95751],[139.41005,35.95757],[139.40862,35.95752],[139.40796,35.95741],[139.40744,35.95722],[139.40687,35.95718],[139.40611,35.95723],[139.40586,35.95728],[139.40548,35.95748],[139.40534,35.95762],[139.40517,35.95799],[139.40504,35.95916],[139.40494,35.95932],[139.40469,35.95937],[139.40453,35.95946],[139.40441,35.9596],[139.40436,35.95977],[139.40438,35.95994],[139.40453,35.96015],[139.40468,35.96023],[139.405,35.96028],[139.40516,35.96041],[139.40527,35.96063],[139.40527,35.96085],[139.40518,35.96095],[139.40483,35.9611],[139.40469,35.96124],[139.40457,35.96159],[139.40452,35.96219],[139.40442,35.96238],[139.40428,35.96248],[139.40389,35.96253],[139.40371,35.96261],[139.4032,35.96307],[139.40299,35.96316],[139.40274,35.96321],[139.40263,35.96333],[139.40261,35.96355],[139.40266,35.96371],[139.40278,35.96386],[139.40297,35.96399],[139.40336,35.96415],[139.40379,35.96418],[139.40411,35.96401],[139.40434,35.96399],[139.4048,35.96409],[139.40538,35.96432],[139.40567,35.96449],[139.40585,35.96466],[139.40601,35.96519],[139.40635,35.96542],[139.40642,35.96553],[139.40647,35.96582],[139.40642,35.96605],[139.4061,35.96644],[139.40597,35.96673],[139.40591,35.96716],[139.40594,35.96762],[139.40604,35.96796],[139.40628,35.96828],[139.4064,35.96864],[139.40678,35.97164],[139.4069,35.97192],[139.40696,35.97198],[139.40726,35.97205],[139.40745,35.9723],[139.40743,35.97253],[139.40719,35.97304],[139.40718,35.97321],[139.40736,35.97339],[139.40784,35.97356],[139.40799,35.97371],[139.40808,35.97392],[139.40804,35.97455],[139.40796,35.97474],[139.40772,35.975],[139.40767,35.97513],[139.40772,35.97535],[139.40789,35.9756],[139.40789,35.97575],[139.40771,35.97595],[139.40734,35.97612],[139.40708,35.97632],[139.40699,35.97647],[139.40694,35.97673],[139.40676,35.97691],[139.40624,35.97722],[139.40548,35.97755],[139.40495,35.97792],[139.40478,35.97818],[139.40465,35.97885],[139.40456,35.97894],[139.40437,35.97896],[139.40424,35.97906],[139.40414,35.97951],[139.40391,35.97991],[139.4036,35.98024],[139.40335,35.98041],[139.4029,35.98059],[139.40242,35.98069],[139.4022,35.9808],[139.40207,35.98104],[139.40214,35.98145],[139.40209,35.98166],[139.40178,35.98187],[139.40164,35.98203],[139.40121,35.98273],[139.40104,35.98289],[139.40085,35.98298],[139.40054,35.98297],[139.40031,35.98287],[139.39993,35.98255],[139.3994,35.98197],[139.39915,35.9818],[139.39893,35.98173],[139.39862,35.9818],[139.39838,35.98198],[139.39811,35.98255],[139.39795,35.98272],[139.39769,35.98276],[139.39727,35.98266],[139.39701,35.98248],[139.39691,35.98215],[139.39649,35.98204],[139.39633,35.98168],[139.39571,35.98139],[139.39562,35.98131],[139.39557,35.9811],[139.3955,35.98104],[139.39531,35.98103],[139.39488,35.98109],[139.39479,35.98106],[139.3947,35.98087],[139.39446,35.98077],[139.39269,35.98053],[139.3921,35.98033],[139.39186,35.98019],[139.39148,35.97982],[139.39102,35.9789],[139.39079,35.97854],[139.3904,35.97816],[139.38996,35.97791],[139.38925,35.97763],[139.38862,35.97747],[139.38788,35.97739],[139.38621,35.97743],[139.38586,35.97734],[139.38566,35.97716],[139.38562,35.9769],[139.3857,35.97656],[139.3859,35.97635],[139.38633,35.97616],[139.38645,35.97597],[139.38646,35.9758],[139.38633,35.97532],[139.3858,35.97407],[139.38575,35.97358],[139.38582,35.97304],[139.38577,35.97284],[139.38565,35.97267],[139.38517,35.97232],[139.3851,35.97209],[139.38536,35.97173],[139.38638,35.97083],[139.38661,35.97054],[139.38674,35.97028],[139.38677,35.97004],[139.38672,35.96979],[139.38664,35.96969],[139.3864,35.96964],[139.38627,35.96954],[139.38623,35.96919],[139.38631,35.96897],[139.3866,35.96864],[139.38672,35.96838],[139.387,35.96701],[139.38718,35.9666],[139.38745,35.96633],[139.38761,35.96624],[139.38831,35.96609],[139.38846,35.96601],[139.3881,35.96585],[139.38798,35.96574],[139.38789,35.96537],[139.3878,35.96525],[139.38754,35.96516],[139.38706,35.96511],[139.3869,35.96504],[139.38682,35.96492],[139.38674,35.96457],[139.38659,35.96435],[139.38575,35.96357],[139.38555,35.96334],[139.38532,35.96272],[139.38506,35.96252],[139.3848,35.9624],[139.38459,35.96222],[139.38444,35.96175],[139.38448,35.96065],[139.38437,35.96037],[139.38427,35.96027],[139.384,35.96018],[139.38354,35.96013],[139.38331,35.96003],[139.38316,35.95988],[139.38303,35.95957],[139.38289,35.95943],[139.38277,35.95943],[139.3824,35.95965],[139.38213,35.95971],[139.38183,35.9597],[139.3816,35.95958],[139.38141,35.95921],[139.3814,35.9589],[139.38148,35.95883],[139.38173,35.95879],[139.38189,35.95871],[139.382,35.95856],[139.382,35.95835],[139.38185,35.95808],[139.38147,35.95767],[139.38121,35.9575],[139.38094,35.95745],[139.38088,35.95738],[139.38122,35.95655],[139.38139,35.95523],[139.38159,35.95501],[139.38187,35.95497],[139.38202,35.95485],[139.38199,35.9541],[139.38215,35.95366],[139.38243,35.95316],[139.38255,35.95272],[139.38252,35.95246],[139.38232,35.95203],[139.38232,35.95182],[139.38263,35.9516],[139.38274,35.95131],[139.38285,35.95125],[139.38324,35.95125],[139.38411,35.95139],[139.385,35.94999],[139.38541,35.94951],[139.38559,35.94939],[139.38594,35.94925],[139.38644,35.94927],[139.38658,35.94925],[139.3868,35.94914],[139.38696,35.94892],[139.38714,35.94834],[139.38735,35.94808],[139.38754,35.94802],[139.38782,35.94804],[139.38803,35.94813],[139.3882,35.94832],[139.38831,35.94834],[139.38855,35.94825],[139.38896,35.94797],[139.38916,35.9479],[139.38991,35.94794],[139.39002,35.94788],[139.39023,35.94765],[139.3906,35.94756],[139.39074,35.94748],[139.39126,35.94672],[139.39146,35.94656],[139.39169,35.94648],[139.39209,35.94647],[139.39243,35.94653],[139.39299,35.94684],[139.39379,35.94699],[139.39404,35.94723],[139.39434,35.94736],[139.39556,35.94763],[139.39582,35.94775],[139.39623,35.94812],[139.39648,35.94825],[139.39689,35.94826],[139.39724,35.94811],[139.39763,35.94779],[139.398,35.94735],[139.39821,35.94684],[139.39827,35.94627],[139.39823,35.94595],[139.39814,35.94573],[139.398,35.94561],[139.39761,35.94554],[139.39735,35.94537],[139.39708,35.94497],[139.39705,35.94467],[139.39738,35.9444],[139.39765,35.94385],[139.39779,35.94371],[139.39809,35.94364],[139.39847,35.9437],[139.39873,35.94369],[139.39882,35.94363],[139.39885,35.94348],[139.39894,35.9434],[139.3992,35.94334],[139.39966,35.94331],[139.39976,35.94326],[139.39975,35.94319],[139.39958,35.943],[139.39951,35.94278],[139.39949,35.94248],[139.39956,35.94187],[139.3997,35.9415],[139.39982,35.94136],[139.40012,35.94117],[139.40053,35.94108],[139.40127,35.94103],[139.40179,35.94091],[139.40232,35.94072],[139.40357,35.94014],[139.40408,35.93999],[139.40431,35.93997],[139.40457,35.94001],[139.40475,35.94012],[139.40496,35.94035],[139.40519,35.94042],[139.40545,35.94036],[139.40553,35.94012],[139.40566,35.94003],[139.4059,35.93994],[139.40644,35.93985],[139.40723,35.93985],[139.40824,35.94008],[139.40847,35.9401],[139.40862,35.94006],[139.40877,35.9399],[139.40897,35.93979],[139.40968,35.93957],[139.41076,35.9394],[139.41163,35.93947],[139.41182,35.93946],[139.41196,35.9394],[139.41222,35.93914],[139.41257,35.93906],[139.41262,35.93889],[139.41254,35.93849],[139.41255,35.93825],[139.41263,35.93814],[139.41284,35.938],[139.41286,35.93792],[139.4125,35.93746],[139.41246,35.93706],[139.41264,35.93682],[139.413,35.93669],[139.41312,35.93657],[139.41286,35.9362],[139.41278,35.93597],[139.41275,35.9351],[139.41284,35.9348],[139.413,35.93456],[139.41348,35.93428],[139.41366,35.93405],[139.41365,35.93386],[139.41349,35.93351],[139.41344,35.93319],[139.41346,35.93281],[139.41362,35.9321],[139.41377,35.93169],[139.41394,35.93141],[139.41413,35.93125],[139.41449,35.93116],[139.41458,35.93101],[139.41459,35.93078],[139.41449,35.93001],[139.41458,35.92949],[139.41485,35.92922],[139.41545,35.92903],[139.41564,35.92892],[139.41576,35.92877],[139.41582,35.92846],[139.41598,35.92828],[139.41634,35.92816],[139.41691,35.92809],[139.41837,35.9281],[139.41899,35.92819],[139.41909,35.92823],[139.4192,35.92843],[139.41932,35.92849],[139.41989,35.92853],[139.42026,35.92843],[139.42045,35.92824],[139.42059,35.92816],[139.42091,35.92823],[139.42107,35.92822],[139.42137,35.92793],[139.42167,35.92786],[139.42208,35.92797],[139.42269,35.92825],[139.42317,35.92838],[139.42382,35.92845],[139.42512,35.92845],[139.42611,35.92839],[139.42724,35.92825],[139.42775,35.92812],[139.42855,35.92773],[139.42888,35.92766],[139.42915,35.92777],[139.42951,35.92811],[139.42969,35.92817],[139.43003,35.92811],[139.43056,35.92786],[139.43092,35.92786],[139.43115,35.92797],[139.43142,35.92821],[139.43157,35.92842],[139.43163,35.92865],[139.43171,35.92871],[139.43202,35.92871],[139.43272,35.92858],[139.43236,35.92773],[139.43209,35.92735],[139.43191,35.92724],[139.4316,35.92721],[139.43133,35.92711],[139.43082,35.92665],[139.43062,35.92655],[139.43041,35.92652],[139.43027,35.92644],[139.42964,35.92552],[139.42924,35.92521],[139.42843,35.92473],[139.42833,35.92459],[139.42823,35.92431],[139.42758,35.92384],[139.4272,35.92326],[139.42703,35.92316],[139.42674,35.92311],[139.4266,35.92277],[139.42628,35.92267],[139.42619,35.92251],[139.42613,35.92222],[139.42607,35.92114],[139.42591,35.92076],[139.42575,35.92067],[139.42541,35.92063],[139.42484,35.92044],[139.42436,35.9202],[139.42419,35.92003],[139.42416,35.91994],[139.42419,35.91977],[139.42444,35.91952],[139.42452,35.91927],[139.42445,35.9191],[139.42411,35.91875],[139.42402,35.91856],[139.42406,35.91787],[139.42398,35.91777],[139.42352,35.91769],[139.42326,35.91752],[139.42299,35.9171],[139.42283,35.91655],[139.42281,35.91607],[139.42289,35.91566],[139.42308,35.91542],[139.42342,35.91526],[139.42348,35.91513],[139.42315,35.91419],[139.42311,35.91329],[139.42318,35.91302],[139.42338,35.9128],[139.42391,35.91271],[139.42505,35.91217],[139.42671,35.91166],[139.42705,35.91144],[139.4272,35.9112],[139.42746,35.91098],[139.42819,35.91067],[139.42841,35.91054],[139.42854,35.91032],[139.42847,35.91001],[139.42849,35.90989],[139.42888,35.90959],[139.42916,35.90903],[139.42941,35.90888],[139.43003,35.90875],[139.4309,35.90873],[139.43152,35.90867],[139.43176,35.9086],[139.43191,35.90845],[139.43209,35.90837],[139.43269,35.90845],[139.43281,35.90837],[139.43284,35.90822],[139.43304,35.90815],[139.43377,35.90822],[139.43425,35.90818],[139.43455,35.90808],[139.43496,35.90786],[139.43519,35.90782],[139.43548,35.90794],[139.4357,35.90823],[139.43599,35.90841],[139.43622,35.90845],[139.43671,35.9084],[139.43687,35.90844],[139.43696,35.90854],[139.43702,35.90876],[139.43723,35.90886],[139.43762,35.90891],[139.43939,35.90887],[139.43981,35.90894],[139.4401,35.90907],[139.4403,35.90926],[139.44049,35.90974],[139.44059,35.91097],[139.44074,35.91139],[139.44086,35.91156],[139.44119,35.91182],[139.44204,35.9121],[139.44231,35.91226],[139.44246,35.91245],[139.44251,35.91278],[139.44266,35.91312],[139.44332,35.91383],[139.44348,35.91429],[139.4434,35.91517],[139.44342,35.9154],[139.4435,35.91552],[139.44362,35.91554],[139.44386,35.91548],[139.44475,35.91493],[139.44506,35.91487],[139.44526,35.9149],[139.44542,35.91502],[139.44555,35.91524],[139.44572,35.91594],[139.4459,35.91641],[139.44607,35.91665],[139.44638,35.91692],[139.44716,35.91727],[139.44803,35.91747],[139.44826,35.91743],[139.44833,35.91723],[139.44856,35.91707],[139.44876,35.91701],[139.44905,35.91707],[139.44947,35.91729],[139.45033,35.9179],[139.45099,35.91846],[139.45175,35.91921],[139.45211,35.91966],[139.45263,35.92053],[139.45279,35.92073],[139.45308,35.92096],[139.45319,35.92124],[139.45337,35.92236],[139.45343,35.92349],[139.45337,35.92447],[139.45312,35.92578],[139.45317,35.92655],[139.45365,35.92798],[139.45376,35.92853],[139.45379,35.92897],[139.45387,35.92925],[139.45413,35.92967],[139.4547,35.93034],[139.45487,35.93075],[139.45484,35.93099],[139.45469,35.93126],[139.45442,35.93147],[139.45407,35.93158],[139.45368,35.93147],[139.45319,35.93112],[139.45288,35.93096],[139.45257,35.9309],[139.45231,35.93094],[139.4522,35.93111],[139.45227,35.9315],[139.45222,35.93171],[139.4521,35.93178],[139.45181,35.9318],[139.45158,35.9319],[139.45129,35.93229],[139.45108,35.93233],[139.4507,35.93217],[139.45047,35.93216],[139.45035,35.93224],[139.45018,35.93253],[139.45005,35.93263],[139.4494,35.93273],[139.44901,35.93294],[139.44882,35.93327],[139.44871,35.934],[139.4485,35.93421],[139.4478,35.9343],[139.44764,35.93437],[139.44731,35.93464],[139.44633,35.93477],[139.44531,35.93522],[139.44468,35.93534],[139.4439,35.93537],[139.44364,35.93534],[139.44315,35.93516],[139.44272,35.93484],[139.44233,35.93438],[139.44198,35.93385],[139.44179,35.93364],[139.44139,35.93332],[139.44095,35.93315],[139.43976,35.93304],[139.43955,35.93294],[139.43935,35.93266],[139.43929,35.93298],[139.43909,35.93303],[139.4386,35.93296],[139.43841,35.93298],[139.43825,35.9331],[139.43816,35.93339],[139.43797,35.93349],[139.4373,35.93355],[139.43696,35.93353],[139.43665,35.93344],[139.43657,35.93335],[139.43661,35.93317],[139.43677,35.93296],[139.43712,35.93264],[139.43716,35.93245],[139.43703,35.93236],[139.43657,35.93222],[139.43645,35.93211],[139.43641,35.93198],[139.43646,35.93165],[139.43638,35.93148],[139.43571,35.93094],[139.43549,35.93069],[139.43494,35.92968],[139.43485,35.92965],[139.43468,35.92983],[139.43455,35.92989],[139.4341,35.92994],[139.434,35.93],[139.43401,35.93016],[139.43421,35.93048],[139.43423,35.93065],[139.43418,35.93082],[139.43385,35.93118],[139.43364,35.93127],[139.43334,35.93133],[139.43326,35.93154],[139.43332,35.93163],[139.43347,35.93169],[139.43445,35.9318],[139.43471,35.93196],[139.43492,35.93229],[139.43503,35.93233],[139.4353,35.93228],[139.43543,35.93229],[139.43557,35.93236],[139.43578,35.93257],[139.43599,35.933],[139.43601,35.93333],[139.43582,35.93367],[139.43539,35.93409],[139.4353,35.93426],[139.43529,35.93443],[139.43549,35.93483],[139.43609,35.9353],[139.43627,35.93571],[139.43626,35.9361],[139.43606,35.93633],[139.43583,35.93638],[139.43525,35.93632],[139.43509,35.93636],[139.43531,35.93662],[139.43535,35.93676],[139.43528,35.93716],[139.43531,35.93731],[139.43553,35.93751],[139.43597,35.93774],[139.43604,35.93786],[139.43598,35.93797],[139.43547,35.93834],[139.43528,35.93866],[139.43525,35.93889],[139.4353,35.93939],[139.43562,35.94073],[139.4357,35.94136],[139.43565,35.94157],[139.43556,35.94168],[139.43514,35.94188],[139.43426,35.94244],[139.43387,35.94262],[139.43341,35.94269],[139.43277,35.94263],[139.43248,35.9427],[139.43218,35.94299],[139.43207,35.94345],[139.43198,35.94359],[139.43172,35.94373],[139.43112,35.9439],[139.4309,35.94404],[139.43076,35.9442]],[[139.38188,36.15339],[139.3818,36.15319],[139.38141,36.15302],[139.37972,36.15267],[139.37933,36.15256],[139.37911,36.15245],[139.37899,36.15218],[139.3787,36.15214],[139.37861,36.15224],[139.37869,36.15244],[139.37868,36.15261],[139.37848,36.15284],[139.37803,36.15303],[139.3771,36.1532],[139.37677,36.1533],[139.37651,36.15345],[139.37618,36.15385],[139.37593,36.15403],[139.37564,36.15405],[139.37537,36.15395],[139.37521,36.15378],[139.37517,36.15347],[139.37509,36.15331],[139.37493,36.15325],[139.37481,36.15328],[139.37476,36.15346],[139.37477,36.15377],[139.37497,36.15495],[139.3749,36.15522],[139.37481,36.15529],[139.3747,36.15532],[139.37406,36.15518],[139.37378,36.15519],[139.37352,36.15527],[139.37289,36.15565],[139.37258,36.15572],[139.37238,36.1557],[139.37224,36.15561],[139.37215,36.15545],[139.37209,36.15485],[139.37203,36.15469],[139.37193,36.15461],[139.3718,36.15459],[139.37167,36.15464],[139.37156,36.15476],[139.37134,36.15534],[139.37116,36.15551],[139.37104,36.15557],[139.37073,36.15562],[139.36987,36.15556],[139.36968,36.1556],[139.36956,36.15578],[139.36932,36.15586],[139.3686,36.15592],[139.36695,36.15596],[139.36632,36.15607],[139.36598,36.15621],[139.36575,36.15625],[139.36563,36.15621],[139.36551,36.15606],[139.36533,36.15596],[139.36453,36.15583],[139.36268,36.15519],[139.36224,36.15516],[139.36175,36.15541],[139.36146,36.15545],[139.36125,36.15541],[139.36094,36.15506],[139.36041,36.15379],[139.36009,36.15339],[139.35969,36.15318],[139.35946,36.15315],[139.35868,36.15324],[139.35832,36.15323],[139.3582,36.15319],[139.35808,36.15303],[139.35812,36.15265],[139.35803,36.15235],[139.35787,36.15222],[139.35719,36.152],[139.35687,36.15171],[139.35676,36.15175],[139.35667,36.15191],[139.35665,36.15213],[139.35672,36.1523],[139.35664,36.15239],[139.35612,36.15248],[139.35478,36.15251],[139.35419,36.15262],[139.35373,36.1528],[139.35342,36.15308],[139.35319,36.15339],[139.3529,36.15358],[139.35272,36.15364],[139.35232,36.15367],[139.35145,36.15352],[139.35103,36.15356],[139.35088,36.15367],[139.35074,36.15389],[139.35058,36.15399],[139.34997,36.15407],[139.34976,36.15415],[139.3496,36.15431],[139.3494,36.1548],[139.34924,36.15498],[139.34888,36.15508],[139.34855,36.15504],[139.34826,36.15493],[139.34807,36.15475],[139.34796,36.1545],[139.34793,36.15405],[139.34784,36.15389],[139.34768,36.15386],[139.34708,36.15425],[139.34682,36.15429],[139.34647,36.1539],[139.34611,36.15375],[139.34536,36.15355],[139.3451,36.15336],[139.34483,36.15297],[139.34452,36.15289],[139.34435,36.15276],[139.34419,36.15239],[139.34421,36.15208],[139.34444,36.15179],[139.3449,36.15144],[139.34499,36.15125],[139.34494,36.15093],[139.34467,36.15065],[139.3442,36.15052],[139.34312,36.15057],[139.34265,36.15052],[139.34244,36.15044],[139.34226,36.15026],[139.34216,36.15005],[139.34214,36.14981],[139.34206,36.14969],[139.34175,36.14965],[139.34101,36.1498],[139.34054,36.14977],[139.34031,36.14965],[139.33993,36.14919],[139.33965,36.14907],[139.33945,36.14905],[139.33899,36.1491],[139.33871,36.14921],[139.33855,36.14942],[139.33853,36.14965],[139.33859,36.1498],[139.33874,36.14992],[139.33945,36.15012],[139.33967,36.15027],[139.33974,36.15037],[139.3398,36.15062],[139.33975,36.15094],[139.33955,36.15121],[139.33917,36.1514],[139.33892,36.15146],[139.33728,36.15156],[139.33685,36.15166],[139.33661,36.15181],[139.33653,36.15224],[139.33637,36.15253],[139.33609,36.1528],[139.33578,36.15296],[139.33547,36.153],[139.33492,36.15294],[139.33385,36.15322],[139.33329,36.15321],[139.33289,36.15308],[139.33264,36.15292],[139.33179,36.15202],[139.33109,36.15167],[139.33096,36.15138],[139.33075,36.15134],[139.33026,36.1514],[139.33002,36.15135],[139.32982,36.15121],[139.32939,36.15062],[139.32892,36.15041],[139.32826,36.15036],[139.32784,36.1504],[139.3275,36.15049],[139.32725,36.15065],[139.32688,36.15111],[139.3266,36.15125],[139.32633,36.15119],[139.32589,36.1508],[139.32567,36.1507],[139.32537,36.15065],[139.32445,36.15068],[139.32419,36.15059],[139.32409,36.15051],[139.32395,36.15029],[139.3237,36.14962],[139.32319,36.14895],[139.32314,36.14869],[139.32322,36.14856],[139.32352,36.14838],[139.32429,36.14824],[139.32435,36.14816],[139.32435,36.148],[139.32424,36.14787],[139.32409,36.14779],[139.3238,36.14772],[139.32364,36.14773],[139.32346,36.14786],[139.32333,36.14809],[139.32315,36.14828],[139.32289,36.1484],[139.3226,36.14844],[139.32239,36.14836],[139.32217,36.148],[139.32204,36.14788],[139.32159,36.14766],[139.32144,36.14729],[139.32148,36.1461],[139.3214,36.14568],[139.32132,36.14551],[139.32106,36.14526],[139.32032,36.14499],[139.32006,36.14485],[139.31982,36.14462],[139.31976,36.14437],[139.31986,36.1441],[139.32015,36.14389],[139.32046,36.14381],[139.32098,36.14378],[139.32128,36.14365],[139.32146,36.1434],[139.3215,36.14318],[139.32146,36.14308],[139.32115,36.14283],[139.32031,36.14257],[139.31982,36.14233],[139.31956,36.14204],[139.31952,36.14171],[139.31968,36.14142],[139.32018,36.14108],[139.32073,36.14089],[139.32115,36.14086],[139.32166,36.14097],[139.32241,36.14142],[139.32272,36.14146],[139.32304,36.1414],[139.32327,36.14142],[139.32365,36.14155],[139.32404,36.14176],[139.3243,36.1418],[139.32441,36.14161],[139.32437,36.14129],[139.32422,36.14104],[139.32385,36.14079],[139.32366,36.14058],[139.32358,36.14027],[139.32366,36.14007],[139.32414,36.13954],[139.32495,36.13894],[139.32557,36.13869],[139.3262,36.13863],[139.32655,36.13867],[139.32681,36.13877],[139.32699,36.13893],[139.32721,36.13933],[139.32743,36.13949],[139.32774,36.1396],[139.32832,36.13971],[139.32871,36.13996],[139.32886,36.14036],[139.32878,36.14095],[139.32858,36.14125],[139.32823,36.14149],[139.32814,36.14163],[139.32812,36.14178],[139.32817,36.14195],[139.32825,36.14202],[139.32875,36.14215],[139.33076,36.14211],[139.3315,36.14216],[139.33221,36.14226],[139.33432,36.14268],[139.33627,36.14294],[139.33862,36.14317],[139.33985,36.14317],[139.34074,36.14302],[139.34105,36.1429],[139.34128,36.14273],[139.34157,36.14237],[139.34174,36.14224],[139.34211,36.14207],[139.34231,36.14203],[139.34276,36.14205],[139.34345,36.14224],[139.34402,36.1425],[139.34461,36.14289],[139.34489,36.14293],[139.34517,36.1428],[139.34531,36.14268],[139.34573,36.14215],[139.34619,36.14175],[139.34668,36.14155],[139.34704,36.14152],[139.3476,36.14165],[139.34819,36.14202],[139.34901,36.14276],[139.34933,36.14324],[139.34946,36.14335],[139.34976,36.14345],[139.35017,36.14345],[139.35124,36.14327],[139.35202,36.14299],[139.35215,36.14288],[139.35221,36.14269],[139.35244,36.14236],[139.35333,36.14151],[139.3537,36.14124],[139.35404,36.14107],[139.35448,36.141],[139.35477,36.14106],[139.35508,36.14121],[139.35575,36.14177],[139.35623,36.14209],[139.35691,36.14241],[139.35778,36.14271],[139.35937,36.14312],[139.36033,36.14328],[139.36117,36.14335],[139.36188,36.14331],[139.36314,36.14303],[139.36372,36.14275],[139.3641,36.14264],[139.36664,36.14225],[139.36721,36.14211],[139.36759,36.14196],[139.36778,36.1418],[139.36788,36.14157],[139.36783,36.14137],[139.36761,36.14108],[139.36756,36.1407],[139.36768,36.13999],[139.3679,36.13959],[139.36824,36.13938],[139.36866,36.13934],[139.36908,36.13942],[139.36963,36.1397],[139.36991,36.13979],[139.37032,36.13978],[139.37074,36.13962],[139.37135,36.13927],[139.37173,36.13893],[139.37189,36.13864],[139.37202,36.13789],[139.37225,36.13753],[139.37238,36.13746],[139.37313,36.13731],[139.37558,36.13721],[139.37684,36.137],[139.37823,36.13663],[139.37897,36.13638],[139.38196,36.1352],[139.38363,36.13465],[139.38444,36.13448],[139.38569,36.13431],[139.38599,36.13422],[139.38635,36.13402],[139.38661,36.13396],[139.38777,36.13388],[139.38845,36.13371],[139.38916,36.13342],[139.38966,36.13315],[139.39099,36.13224],[139.39217,36.13119],[139.39284,36.13032],[139.39309,36.13009],[139.39353,36.1299],[139.39417,36.12992],[139.39448,36.13005],[139.39481,36.1305],[139.39527,36.13063],[139.3958,36.13107],[139.39616,36.13116],[139.39679,36.13111],[139.39712,36.13115],[139.39723,36.13125],[139.39732,36.13162],[139.39752,36.13176],[139.39795,36.13193],[139.39804,36.13202],[139.39811,36.13225],[139.39827,36.13225],[139.39877,36.13205],[139.39913,36.13201],[139.39954,36.13206],[139.39982,36.13223],[139.39991,36.13253],[139.39984,36.13292],[139.39986,36.13313],[139.40001,36.13334],[139.40029,36.13345],[139.40045,36.1336],[139.40041,36.13408],[139.40057,36.13418],[139.40094,36.13424],[139.40108,36.13437],[139.40137,36.13506],[139.4015,36.13521],[139.40166,36.1353],[139.40219,36.13539],[139.40235,36.13552],[139.40241,36.13565],[139.40243,36.13598],[139.40231,36.1371],[139.4024,36.13733],[139.40264,36.13738],[139.40272,36.13746],[139.40276,36.13781],[139.40264,36.138],[139.40239,36.13804],[139.4023,36.13811],[139.40222,36.13832],[139.40215,36.13879],[139.40202,36.13891],[139.40174,36.13897],[139.40165,36.13918],[139.40171,36.13951],[139.40184,36.13983],[139.40204,36.14002],[139.40239,36.14012],[139.40247,36.14028],[139.40244,36.14052],[139.40217,36.14077],[139.40098,36.14129],[139.40062,36.14158],[139.40052,36.14179],[139.40043,36.14229],[139.4001,36.14272],[139.40015,36.14289],[139.40033,36.14306],[139.40042,36.14323],[139.40039,36.1434],[139.4003,36.1435],[139.4,36.14361],[139.39911,36.14366],[139.39864,36.14379],[139.39841,36.14394],[139.39809,36.14436],[139.39789,36.14453],[139.39712,36.14496],[139.39709,36.14513],[139.39732,36.14537],[139.39742,36.14558],[139.39743,36.1459],[139.39737,36.14601],[139.39725,36.14609],[139.39689,36.14613],[139.39677,36.1462],[139.39671,36.14633],[139.39678,36.14673],[139.39673,36.14697],[139.3966,36.14708],[139.39618,36.14727],[139.39606,36.14746],[139.39599,36.14781],[139.39591,36.14789],[139.39563,36.14797],[139.39558,36.14818],[139.39563,36.14879],[139.39542,36.14904],[139.3947,36.14924],[139.3945,36.14935],[139.39439,36.14948],[139.39435,36.14972],[139.39415,36.14988],[139.39302,36.15001],[139.39282,36.15008],[139.39245,36.15031],[139.39218,36.15038],[139.3919,36.15032],[139.39147,36.14993],[139.39124,36.14983],[139.39077,36.14979],[139.39019,36.14984],[139.3898,36.14983],[139.38967,36.14977],[139.38956,36.14951],[139.3894,36.14947],[139.38925,36.14949],[139.38872,36.14979],[139.38797,36.15038],[139.38749,36.15086],[139.38737,36.15115],[139.38722,36.15119],[139.38685,36.15113],[139.38666,36.15116],[139.38641,36.15134],[139.38603,36.1518],[139.38576,36.15192],[139.38555,36.15194],[139.38531,36.152],[139.38535,36.15225],[139.38526,36.15252],[139.38483,36.15302],[139.38453,36.15322],[139.38401,36.15335],[139.38284,36.15316],[139.3827,36.15321],[139.3826,36.15343],[139.38231,36.1535],[139.38197,36.15346],[139.38188,36.15339]],[[139.38646,36.00657],[139.38632,36.00639],[139.38605,36.00562],[139.38588,36.00468],[139.38596,36.0043],[139.3863,36.00412],[139.38595,36.00411],[139.38581,36.00404],[139.38547,36.00336],[139.3853,36.00323],[139.3851,36.00319],[139.38501,36.00307],[139.38492,36.00253],[139.38501,36.00187],[139.3852,36.00159],[139.38549,36.00148],[139.38569,36.00133],[139.38578,36.00096],[139.38594,36.00074],[139.38651,36.00043],[139.38677,36.00023],[139.38686,36.00008],[139.38692,35.99977],[139.38701,35.99965],[139.38768,35.99931],[139.38806,35.99879],[139.38837,35.99871],[139.38846,35.99864],[139.38866,35.9979],[139.38892,35.99762],[139.3895,35.99719],[139.38965,35.99694],[139.38969,35.9967],[139.3898,35.99658],[139.39013,35.99649],[139.39062,35.99645],[139.39095,35.99633],[139.3914,35.99596],[139.39199,35.99528],[139.39233,35.99506],[139.39271,35.99493],[139.39346,35.99488],[139.39383,35.99476],[139.39427,35.99423],[139.39487,35.99392],[139.39506,35.99378],[139.39522,35.9935],[139.39526,35.99319],[139.3953,35.99312],[139.39545,35.99305],[139.39584,35.99309],[139.39638,35.99334],[139.39651,35.99356],[139.39645,35.9938],[139.39649,35.99392],[139.39661,35.99399],[139.39683,35.99402],[139.39709,35.99401],[139.39739,35.99388],[139.39753,35.99373],[139.39767,35.99343],[139.3979,35.99333],[139.39845,35.99336],[139.39944,35.99363],[139.39991,35.99367],[139.40007,35.99361],[139.40016,35.9935],[139.40042,35.99337],[139.40153,35.99309],[139.40168,35.993],[139.40187,35.9928],[139.40216,35.9927],[139.40245,35.9927],[139.40265,35.9928],[139.40271,35.99295],[139.40272,35.99337],[139.40217,35.99337],[139.40272,35.99359],[139.403,35.99398],[139.40346,35.99409],[139.4036,35.99443],[139.40373,35.99449],[139.40392,35.99451],[139.40401,35.99458],[139.40409,35.9948],[139.40412,35.99518],[139.40418,35.99528],[139.40428,35.99531],[139.40447,35.99526],[139.4046,35.99527],[139.40473,35.99558],[139.40527,35.99582],[139.40536,35.99591],[139.40538,35.996],[139.40531,35.99616],[139.40535,35.99626],[139.40557,35.99637],[139.40595,35.99648],[139.40629,35.99673],[139.40647,35.99698],[139.4067,35.99745],[139.40702,35.99783],[139.4073,35.99802],[139.40792,35.99826],[139.40818,35.99843],[139.40824,35.99854],[139.40819,35.99873],[139.40806,35.99879],[139.40787,35.99881],[139.40774,35.9989],[139.40768,35.99947],[139.40837,35.99963],[139.40859,35.99979],[139.40868,36.00014],[139.4086,36.00073],[139.40865,36.00099],[139.40907,36.00114],[139.40941,36.00135],[139.4099,36.00178],[139.41011,36.00207],[139.41016,36.00234],[139.41003,36.0026],[139.40985,36.00271],[139.40933,36.00286],[139.40916,36.00328],[139.40917,36.00343],[139.40932,36.00352],[139.40982,36.0036],[139.41024,36.00383],[139.41063,36.00422],[139.4107,36.00441],[139.41068,36.00453],[139.41049,36.00473],[139.40977,36.00512],[139.40944,36.00538],[139.40933,36.00555],[139.40927,36.00586],[139.40918,36.00598],[139.40855,36.00628],[139.40793,36.00701],[139.40765,36.00719],[139.40735,36.0073],[139.40716,36.00745],[139.40691,36.00779],[139.40669,36.00827],[139.4064,36.00861],[139.40617,36.00876],[139.40577,36.00887],[139.40558,36.00898],[139.40543,36.00922],[139.40539,36.00953],[139.40528,36.00978],[139.40504,36.00992],[139.4047,36.00997],[139.40459,36.0099],[139.40455,36.00969],[139.40445,36.00957],[139.40426,36.00947],[139.40414,36.00947],[139.40398,36.00959],[139.40377,36.01006],[139.40356,36.01023],[139.40306,36.0103],[139.40285,36.01037],[139.40233,36.01072],[139.40198,36.01088],[139.40167,36.01093],[139.40096,36.01094],[139.40129,36.01151],[139.40132,36.01172],[139.40129,36.01179],[139.40109,36.01191],[139.4004,36.01206],[139.39965,36.0121],[139.39906,36.0124],[139.39865,36.01249],[139.39808,36.0125],[139.39775,36.01241],[139.39755,36.01219],[139.39749,36.01203],[139.39753,36.01091],[139.39748,36.01052],[139.39736,36.01021],[139.39707,36.00987],[139.3968,36.00969],[139.39661,36.00967],[139.39625,36.00979],[139.39626,36.00934],[139.39598,36.00979],[139.39551,36.01024],[139.39543,36.01049],[139.39542,36.01092],[139.39514,36.01137],[139.39512,36.01193],[139.39496,36.01222],[139.39477,36.01233],[139.39417,36.0125],[139.39395,36.01263],[139.39374,36.01284],[139.39329,36.013],[139.3928,36.01308],[139.39244,36.01303],[139.39228,36.01293],[139.39214,36.01271],[139.3918,36.01258],[139.39077,36.01261],[139.39039,36.01254],[139.3901,36.01237],[139.3899,36.01211],[139.38979,36.01179],[139.3898,36.01154],[139.38994,36.01136],[139.39005,36.0113],[139.39085,36.01108],[139.39096,36.01098],[139.39098,36.01087],[139.39091,36.01078],[139.39076,36.01072],[139.38992,36.01065],[139.38966,36.01057],[139.38952,36.01025],[139.38904,36.00991],[139.38889,36.0097],[139.38888,36.00952],[139.38905,36.00909],[139.38862,36.00907],[139.38841,36.00894],[139.38829,36.00865],[139.38838,36.00818],[139.38833,36.00805],[139.38804,36.0079],[139.38743,36.00773],[139.3872,36.00758],[139.38705,36.00737],[139.38678,36.00671],[139.38666,36.00662],[139.38646,36.00657]],[[139.39367,35.9056],[139.39375,35.90529],[139.39396,35.90499],[139.39417,35.90482],[139.39453,35.90474],[139.39472,35.90438],[139.39503,35.90426],[139.39573,35.90411],[139.39589,35.90382],[139.39591,35.90367],[139.39551,35.90291],[139.39546,35.90259],[139.39549,35.90237],[139.39562,35.90216],[139.39585,35.90197],[139.39659,35.90162],[139.39702,35.90134],[139.39719,35.90113],[139.39742,35.90065],[139.39753,35.90056],[139.39781,35.90046],[139.39781,35.90025],[139.39761,35.89965],[139.39763,35.89956],[139.39777,35.89944],[139.39819,35.89939],[139.39864,35.89945],[139.39886,35.89955],[139.39918,35.89984],[139.39939,35.89994],[139.39952,35.89991],[139.39985,35.89972],[139.40027,35.89959],[139.40084,35.8995],[139.40136,35.89952],[139.4015,35.89956],[139.40175,35.89974],[139.40212,35.9003],[139.40258,35.90054],[139.40273,35.90087],[139.40299,35.90091],[139.40362,35.90085],[139.40394,35.9009],[139.40425,35.90104],[139.40481,35.90151],[139.40509,35.90167],[139.4055,35.90173],[139.40591,35.90161],[139.40612,35.90162],[139.40634,35.90182],[139.40646,35.9022],[139.40664,35.90243],[139.40681,35.90248],[139.40719,35.90242],[139.40733,35.90244],[139.40768,35.90273],[139.40811,35.9028],[139.40831,35.9029],[139.40856,35.90328],[139.40885,35.90417],[139.4091,35.90465],[139.40928,35.90481],[139.40957,35.90485],[139.40973,35.90498],[139.40974,35.90513],[139.40966,35.90554],[139.40971,35.90575],[139.41003,35.90597],[139.41013,35.90627],[139.41025,35.90638],[139.41095,35.90642],[139.41124,35.90604],[139.41154,35.90597],[139.41177,35.90608],[139.41198,35.90643],[139.4122,35.90662],[139.41268,35.90678],[139.4128,35.90675],[139.4129,35.90667],[139.41299,35.90653],[139.41311,35.90608],[139.41317,35.90498],[139.41327,35.90429],[139.41348,35.90382],[139.41363,35.90366],[139.41382,35.90355],[139.41403,35.9035],[139.41482,35.90355],[139.41503,35.90361],[139.41515,35.90381],[139.41532,35.90389],[139.41564,35.90394],[139.4166,35.90398],[139.41712,35.90414],[139.4173,35.90433],[139.41735,35.90472],[139.41743,35.90491],[139.41759,35.90504],[139.41807,35.90514],[139.41826,35.90539],[139.41841,35.90613],[139.41846,35.90751],[139.41861,35.9081],[139.41878,35.90825],[139.41908,35.90827],[139.41934,35.90836],[139.41956,35.90851],[139.41966,35.90868],[139.41961,35.90884],[139.41936,35.90915],[139.41934,35.90937],[139.41941,35.90961],[139.41937,35.90972],[139.41915,35.90982],[139.41856,35.90989],[139.4184,35.90998],[139.4182,35.91028],[139.41798,35.91047],[139.41722,35.91073],[139.41714,35.91089],[139.41729,35.91117],[139.41763,35.91133],[139.41771,35.91143],[139.41769,35.91155],[139.41748,35.91186],[139.41743,35.91205],[139.41748,35.91214],[139.41771,35.91229],[139.41779,35.91242],[139.41784,35.91281],[139.41777,35.91299],[139.41751,35.91316],[139.41689,35.91321],[139.41637,35.91334],[139.41595,35.91354],[139.41506,35.9141],[139.4147,35.91437],[139.41449,35.91445],[139.41415,35.91446],[139.41375,35.9144],[139.41333,35.91448],[139.41305,35.91461],[139.4125,35.91499],[139.41222,35.91509],[139.41194,35.91512],[139.41138,35.91508],[139.41129,35.91521],[139.41133,35.91536],[139.41131,35.91551],[139.41117,35.91563],[139.4109,35.91572],[139.41015,35.91586],[139.40986,35.91596],[139.40916,35.91649],[139.40848,35.91662],[139.40838,35.91685],[139.4083,35.91691],[139.40739,35.91687],[139.40704,35.917],[139.40672,35.91722],[139.40645,35.91735],[139.40599,35.91732],[139.40591,35.91744],[139.40589,35.91768],[139.40573,35.9179],[139.40528,35.91815],[139.4049,35.91823],[139.40481,35.91819],[139.40478,35.91803],[139.40466,35.9179],[139.40424,35.91773],[139.40404,35.91758],[139.40395,35.91721],[139.40386,35.91709],[139.4036,35.917],[139.40322,35.91696],[139.40292,35.91677],[139.40279,35.91654],[139.40266,35.91607],[139.4024,35.91576],[139.40214,35.91565],[139.40157,35.91559],[139.40146,35.91552],[139.4015,35.9154],[139.40196,35.91494],[139.40204,35.91475],[139.402,35.91463],[139.40185,35.91463],[139.40138,35.91481],[139.4012,35.9148],[139.40064,35.9144],[139.4003,35.91435],[139.39991,35.91441],[139.39961,35.9144],[139.39948,35.91434],[139.39935,35.91419],[139.39917,35.91408],[139.39855,35.91397],[139.39837,35.91381],[139.39824,35.91359],[139.39811,35.91351],[139.39792,35.9135],[139.39741,35.91365],[139.39716,35.91367],[139.39681,35.91358],[139.39659,35.91342],[139.39635,35.91312],[139.3964,35.91268],[139.39608,35.91246],[139.39597,35.91233],[139.39578,35.91183],[139.39577,35.91131],[139.39597,35.91042],[139.39556,35.91023],[139.39544,35.9101],[139.39534,35.90979],[139.39487,35.90957],[139.39475,35.90943],[139.3947,35.90908],[139.39478,35.90821],[139.39464,35.90738],[139.39434,35.90658],[139.39407,35.90617],[139.39378,35.90589],[139.39367,35.9056]],[[139.4061,36.04411],[139.40601,36.04469],[139.40594,36.04485],[139.4057,36.04509],[139.40553,36.04518],[139.40508,36.0453],[139.40454,36.04535],[139.4039,36.04537],[139.40346,36.04532],[139.40299,36.04511],[139.4026,36.04474],[139.40228,36.04454],[139.40166,36.04439],[139.40099,36.04435],[139.40074,36.04441],[139.40061,36.04456],[139.40059,36.04471],[139.40066,36.04512],[139.40053,36.04533],[139.40031,36.0454],[139.39952,36.04547],[139.39926,36.04557],[139.39881,36.04583],[139.39858,36.04583],[139.3982,36.04555],[139.3978,36.04502],[139.39747,36.04468],[139.39728,36.0446],[139.39701,36.04465],[139.39685,36.04461],[139.39661,36.04434],[139.39624,36.04426],[139.39607,36.04416],[139.39573,36.04365],[139.39532,36.04353],[139.39513,36.04298],[139.39488,36.04278],[139.3943,36.04247],[139.39415,36.04224],[139.39406,36.04187],[139.39394,36.04176],[139.39341,36.04151],[139.39323,36.04126],[139.39302,36.04081],[139.39291,36.04075],[139.39265,36.04079],[139.39248,36.04075],[139.39211,36.04022],[139.39127,36.03958],[139.39095,36.03927],[139.39082,36.039],[139.39086,36.03875],[139.39102,36.03854],[139.39138,36.03831],[139.39149,36.03818],[139.39146,36.0381],[139.39129,36.03801],[139.39116,36.03786],[139.3911,36.03749],[139.39102,36.03733],[139.39056,36.03719],[139.39034,36.03689],[139.39028,36.0366],[139.39031,36.03627],[139.39041,36.03606],[139.3907,36.03573],[139.3904,36.03565],[139.39029,36.03558],[139.38995,36.03507],[139.38938,36.0349],[139.3889,36.03453],[139.38871,36.03418],[139.38864,36.03389],[139.38865,36.03341],[139.38871,36.03312],[139.38891,36.03278],[139.38934,36.03246],[139.38976,36.03233],[139.3904,36.03229],[139.39064,36.03217],[139.39062,36.03191],[139.39041,36.03162],[139.3902,36.03145],[139.38994,36.03138],[139.38989,36.03128],[139.38995,36.03096],[139.39007,36.03064],[139.39044,36.03011],[139.39067,36.02993],[139.39107,36.02974],[139.39137,36.02954],[139.39177,36.02899],[139.39208,36.02892],[139.39218,36.02885],[139.39226,36.02864],[139.39229,36.02833],[139.39237,36.02821],[139.39263,36.02819],[139.39312,36.02835],[139.39333,36.02831],[139.39342,36.02796],[139.39351,36.02784],[139.39414,36.02752],[139.39438,36.02722],[139.39468,36.02673],[139.39485,36.02657],[139.39504,36.02648],[139.39524,36.02646],[139.39558,36.02655],[139.39641,36.02707],[139.39693,36.02719],[139.39806,36.02721],[139.3999,36.02702],[139.40068,36.02685],[139.40088,36.02674],[139.40096,36.02653],[139.40132,36.02643],[139.40147,36.02622],[139.40166,36.02574],[139.40188,36.02558],[139.40222,36.02552],[139.40244,36.02553],[139.40343,36.02569],[139.40389,36.02569],[139.40405,36.02562],[139.40427,36.02541],[139.40468,36.02531],[139.40474,36.02521],[139.40479,36.02493],[139.40487,36.02489],[139.40503,36.02494],[139.40558,36.02531],[139.40609,36.02546],[139.4068,36.02556],[139.40867,36.02563],[139.40939,36.02572],[139.40984,36.02588],[139.40997,36.02599],[139.41012,36.0265],[139.41033,36.02671],[139.41067,36.02688],[139.41169,36.02719],[139.41194,36.02734],[139.41209,36.0275],[139.41217,36.02779],[139.41216,36.02822],[139.41199,36.02909],[139.41178,36.02943],[139.41128,36.02971],[139.41123,36.02982],[139.41124,36.02997],[139.41139,36.03019],[139.41155,36.03029],[139.41239,36.0304],[139.41275,36.03056],[139.41301,36.03087],[139.41313,36.0314],[139.41333,36.03155],[139.41361,36.03165],[139.41372,36.03183],[139.41364,36.03211],[139.41343,36.0324],[139.41322,36.03257],[139.41296,36.03263],[139.41291,36.0327],[139.41296,36.03291],[139.41313,36.03323],[139.41318,36.03354],[139.4129,36.03413],[139.41296,36.03418],[139.41321,36.03422],[139.41342,36.03435],[139.41363,36.03457],[139.41369,36.03475],[139.41358,36.03505],[139.41312,36.03549],[139.41286,36.03582],[139.41277,36.03605],[139.41275,36.03627],[139.41288,36.03662],[139.41302,36.03673],[139.41339,36.03687],[139.4135,36.03698],[139.41363,36.03751],[139.41394,36.03789],[139.41397,36.03804],[139.41376,36.03842],[139.41343,36.03871],[139.41301,36.03888],[139.41251,36.03892],[139.41222,36.03896],[139.41199,36.03906],[139.41184,36.03921],[139.41169,36.03953],[139.41135,36.03977],[139.4101,36.04005],[139.40958,36.04034],[139.40871,36.04138],[139.40697,36.04292],[139.40649,36.04343],[139.40618,36.04389],[139.4061,36.04411]],[[139.41291,36.13483],[139.41307,36.1347],[139.41327,36.13431],[139.4134,36.13415],[139.41359,36.13405],[139.41409,36.134],[139.41431,36.13391],[139.41435,36.13379],[139.41431,36.13343],[139.41442,36.13319],[139.41464,36.13291],[139.41514,36.13243],[139.41546,36.13218],[139.41592,36.13194],[139.41644,36.13178],[139.41663,36.13165],[139.41703,36.13095],[139.41756,36.13076],[139.41792,36.13042],[139.4181,36.1303],[139.41844,36.13021],[139.41892,36.13017],[139.41905,36.13009],[139.41909,36.12998],[139.41902,36.12959],[139.41907,36.12945],[139.41924,36.12927],[139.41969,36.12908],[139.4206,36.12892],[139.42095,36.12877],[139.42103,36.12864],[139.42098,36.12839],[139.42103,36.12817],[139.42115,36.12804],[139.42158,36.12776],[139.4217,36.12759],[139.42175,36.12739],[139.42191,36.1273],[139.42218,36.12728],[139.42241,36.12732],[139.42253,36.12743],[139.42262,36.12768],[139.42317,36.12795],[139.42327,36.12816],[139.42321,36.12857],[139.42338,36.12881],[139.42364,36.12892],[139.42422,36.12903],[139.42455,36.12914],[139.42491,36.12939],[139.42526,36.12978],[139.42567,36.12995],[139.42604,36.13],[139.42644,36.12999],[139.42691,36.12986],[139.42713,36.12971],[139.42757,36.12919],[139.42771,36.12912],[139.42803,36.12906],[139.42843,36.12872],[139.429,36.12866],[139.42941,36.12874],[139.42997,36.12905],[139.43032,36.12939],[139.43047,36.12973],[139.43044,36.13025],[139.43055,36.13038],[139.43077,36.13045],[139.43126,36.13049],[139.43178,36.13068],[139.43213,36.13091],[139.43263,36.13138],[139.43303,36.13166],[139.43326,36.13172],[139.43363,36.1316],[139.43409,36.13089],[139.43456,36.13041],[139.43504,36.13009],[139.43558,36.12995],[139.43617,36.12943],[139.4364,36.12931],[139.43677,36.12929],[139.4373,36.12945],[139.43761,36.12941],[139.43812,36.12898],[139.43859,36.12885],[139.43884,36.12847],[139.43893,36.12841],[139.4391,36.12847],[139.43951,36.12885],[139.43965,36.12891],[139.43986,36.12891],[139.44007,36.12876],[139.44023,36.12846],[139.44038,36.12831],[139.44081,36.1282],[139.44115,36.12791],[139.44146,36.12787],[139.44209,36.12794],[139.4425,36.12793],[139.4427,36.12787],[139.44309,36.12765],[139.44357,36.12758],[139.44375,36.12762],[139.44389,36.12772],[139.44413,36.12819],[139.44431,36.1284],[139.44496,36.12857],[139.4452,36.12878],[139.4455,36.12916],[139.44567,36.12927],[139.44585,36.1293],[139.4463,36.12924],[139.44677,36.12928],[139.44736,36.12942],[139.44773,36.1296],[139.4482,36.13002],[139.44892,36.13126],[139.44908,36.1314],[139.44929,36.13144],[139.4495,36.13157],[139.44997,36.13212],[139.45038,36.13229],[139.45113,36.13235],[139.45148,36.13248],[139.45157,36.13263],[139.45152,36.13314],[139.45168,36.13337],[139.45196,36.13355],[139.45215,36.13375],[139.45222,36.13394],[139.45223,36.13437],[139.45296,36.13441],[139.45309,36.13447],[139.45322,36.13462],[139.45322,36.13492],[139.45292,36.13554],[139.45287,36.13584],[139.45298,36.13617],[139.45309,36.13627],[139.45324,36.13631],[139.45352,36.13627],[139.45376,36.13614],[139.45388,36.13595],[139.45392,36.13571],[139.45415,36.13549],[139.45444,36.13536],[139.45502,36.1352],[139.45568,36.13507],[139.4562,36.13508],[139.45635,36.13516],[139.4564,36.13535],[139.45647,36.13541],[139.45717,36.13538],[139.45748,36.13551],[139.45779,36.13572],[139.45798,36.13577],[139.45806,36.13576],[139.45825,36.13561],[139.45861,36.13506],[139.45897,36.13491],[139.45911,36.13479],[139.45937,36.13424],[139.45949,36.13414],[139.45963,36.13414],[139.46002,36.13438],[139.46025,36.13445],[139.46036,36.13438],[139.46049,36.13417],[139.46062,36.13407],[139.46081,36.13403],[139.46132,36.13408],[139.46166,36.13404],[139.46184,36.13394],[139.46227,36.13356],[139.46248,36.1335],[139.46266,36.13352],[139.46276,36.1336],[139.46281,36.1338],[139.46292,36.1339],[139.46324,36.13402],[139.46372,36.13411],[139.46404,36.13426],[139.46415,36.1344],[139.4642,36.1347],[139.46426,36.13479],[139.46456,36.13488],[139.46474,36.135],[139.46571,36.13619],[139.46591,36.13636],[139.46621,36.13645],[139.46632,36.13654],[139.46647,36.13681],[139.46658,36.13719],[139.46676,36.13742],[139.46693,36.13747],[139.46725,36.13743],[139.46767,36.13747],[139.46916,36.13802],[139.46934,36.13774],[139.46947,36.13764],[139.46991,36.13757],[139.47023,36.13765],[139.47048,36.13788],[139.47066,36.13796],[139.47198,36.13807],[139.4722,36.13814],[139.47241,36.13833],[139.47255,36.13837],[139.47274,36.13836],[139.47324,36.1382],[139.47348,36.13823],[139.47376,36.13849],[139.474,36.13908],[139.47399,36.13938],[139.47379,36.13955],[139.47454,36.13947],[139.47498,36.13948],[139.47535,36.13959],[139.47562,36.13977],[139.47578,36.13998],[139.47583,36.14032],[139.47598,36.14067],[139.47655,36.14146],[139.47674,36.14181],[139.4769,36.14237],[139.47696,36.1431],[139.47708,36.14334],[139.47727,36.1435],[139.47776,36.14368],[139.47792,36.14384],[139.478,36.14405],[139.47809,36.14465],[139.47829,36.14487],[139.47857,36.14497],[139.47877,36.14512],[139.47893,36.14572],[139.47926,36.14609],[139.47931,36.1463],[139.47923,36.14663],[139.47927,36.14678],[139.47949,36.14698],[139.48003,36.14727],[139.48012,36.14744],[139.48005,36.1476],[139.48006,36.1477],[139.4804,36.14778],[139.48061,36.1479],[139.48087,36.14821],[139.48105,36.14856],[139.48104,36.14873],[139.48097,36.14885],[139.48038,36.14928],[139.48067,36.14939],[139.48088,36.14964],[139.48117,36.15036],[139.48118,36.15055],[139.48113,36.15066],[139.48078,36.15074],[139.48019,36.15112],[139.47996,36.1512],[139.47971,36.15121],[139.47905,36.15107],[139.47884,36.15115],[139.47874,36.15123],[139.47851,36.15166],[139.4784,36.15208],[139.47842,36.15229],[139.47857,36.1525],[139.47858,36.15262],[139.47827,36.15283],[139.47732,36.15317],[139.47693,36.15341],[139.47669,36.15371],[139.47662,36.15387],[139.47658,36.15425],[139.47648,36.1546],[139.47623,36.15487],[139.47585,36.15507],[139.47508,36.15527],[139.47465,36.15551],[139.47448,36.15566],[139.4742,36.15605],[139.47383,36.1571],[139.47369,36.15732],[139.47355,36.15741],[139.47324,36.15735],[139.47266,36.15696],[139.47246,36.15688],[139.47214,36.15689],[139.47165,36.15709],[139.47133,36.15708],[139.47107,36.15691],[139.47096,36.15662],[139.47063,36.1568],[139.47042,36.15684],[139.47005,36.15665],[139.46978,36.15659],[139.4679,36.15662],[139.46726,36.15649],[139.46673,36.15627],[139.46625,36.15614],[139.46595,36.15612],[139.4654,36.15618],[139.46516,36.15614],[139.46493,36.15604],[139.46472,36.15588],[139.46448,36.15556],[139.46437,36.15515],[139.46434,36.15468],[139.46423,36.15443],[139.46408,36.1544],[139.46378,36.15453],[139.46343,36.15457],[139.4629,36.15442],[139.46256,36.1542],[139.46252,36.15409],[139.46259,36.15387],[139.46254,36.15378],[139.46199,36.15354],[139.4619,36.15345],[139.46183,36.15325],[139.46156,36.15314],[139.46077,36.15309],[139.46017,36.15313],[139.45988,36.1532],[139.45953,36.15339],[139.45937,36.15343],[139.45919,36.15341],[139.4588,36.15325],[139.45863,36.15322],[139.45845,36.15332],[139.45819,36.15368],[139.45789,36.15382],[139.45736,36.15391],[139.45688,36.15383],[139.45641,36.15354],[139.4561,36.15308],[139.45594,36.15296],[139.45572,36.15288],[139.45509,36.15284],[139.45483,36.15277],[139.45457,36.15255],[139.45433,36.15213],[139.45405,36.15193],[139.45236,36.15126],[139.45218,36.15113],[139.45206,36.15086],[139.45163,36.15075],[139.45121,36.15036],[139.45096,36.1502],[139.45029,36.15009],[139.44997,36.14993],[139.44971,36.14962],[139.44958,36.14909],[139.44946,36.14898],[139.4491,36.14882],[139.44896,36.14864],[139.44884,36.14819],[139.44881,36.14756],[139.44866,36.14714],[139.44847,36.147],[139.44783,36.1469],[139.44774,36.14682],[139.44769,36.14665],[139.44754,36.1465],[139.44609,36.14571],[139.44582,36.14548],[139.44571,36.14527],[139.4454,36.14518],[139.44485,36.14516],[139.4445,36.14521],[139.44423,36.14533],[139.44405,36.14552],[139.44388,36.14604],[139.44372,36.14633],[139.44352,36.14653],[139.44335,36.14662],[139.44298,36.14671],[139.44234,36.14672],[139.44189,36.14662],[139.44167,36.14644],[139.44148,36.14645],[139.44098,36.14665],[139.43992,36.1472],[139.43963,36.14729],[139.43942,36.14729],[139.43915,36.1471],[139.43872,36.1464],[139.4384,36.14607],[139.43811,36.14591],[139.4373,36.14556],[139.4372,36.14544],[139.43717,36.14528],[139.43709,36.14517],[139.43679,36.14511],[139.4366,36.14502],[139.43558,36.14416],[139.43517,36.14394],[139.43476,36.14383],[139.43455,36.14368],[139.43439,36.14346],[139.43421,36.14287],[139.43407,36.14262],[139.43395,36.14259],[139.43364,36.14276],[139.43328,36.14284],[139.43279,36.14286],[139.43238,36.1428],[139.43219,36.1427],[139.43199,36.14241],[139.43181,36.14228],[139.43164,36.14227],[139.43121,36.14233],[139.43109,36.14226],[139.43103,36.14206],[139.43091,36.142],[139.43033,36.14194],[139.43003,36.14185],[139.4299,36.14173],[139.42969,36.14138],[139.42952,36.14129],[139.42932,36.1413],[139.42919,36.14149],[139.42915,36.1422],[139.42933,36.14278],[139.4298,36.14347],[139.42986,36.14381],[139.42969,36.14424],[139.42943,36.14449],[139.42905,36.14468],[139.42861,36.14479],[139.42813,36.1448],[139.42763,36.14474],[139.42739,36.14479],[139.4272,36.14502],[139.42713,36.1454],[139.42694,36.1456],[139.42635,36.14575],[139.42526,36.14579],[139.42479,36.14587],[139.42467,36.14596],[139.42463,36.14613],[139.42447,36.1463],[139.4242,36.14647],[139.42399,36.14654],[139.42378,36.14655],[139.42357,36.14651],[139.42328,36.14635],[139.42316,36.14622],[139.42312,36.14597],[139.42328,36.14554],[139.42293,36.14552],[139.42279,36.14545],[139.42244,36.14477],[139.42221,36.14463],[139.42199,36.14467],[139.42182,36.14477],[139.42132,36.14523],[139.42111,36.14537],[139.4208,36.14544],[139.4205,36.14535],[139.42033,36.14517],[139.4202,36.14489],[139.42,36.14391],[139.41978,36.14345],[139.41958,36.14335],[139.41941,36.14336],[139.41912,36.14365],[139.41888,36.14372],[139.41865,36.14368],[139.41834,36.14351],[139.41783,36.1431],[139.41761,36.14279],[139.41759,36.14257],[139.41774,36.14214],[139.41711,36.1421],[139.41689,36.14198],[139.41671,36.14168],[139.41655,36.14156],[139.41619,36.14147],[139.4157,36.14144],[139.41538,36.14131],[139.41527,36.14116],[139.41521,36.14074],[139.41506,36.14049],[139.4145,36.14007],[139.41437,36.13972],[139.41424,36.13965],[139.41404,36.13963],[139.4139,36.13954],[139.41335,36.13869],[139.41315,36.13853],[139.41295,36.13851],[139.41282,36.13844],[139.41264,36.138],[139.41194,36.13739],[139.41111,36.137],[139.41093,36.13683],[139.41085,36.13664],[139.41084,36.13632],[139.41096,36.13608],[139.41115,36.13596],[139.41167,36.13581],[139.41186,36.13524],[139.41201,36.13505],[139.4122,36.13495],[139.4127,36.1349],[139.41291,36.13483]],[[139.46702,36.10054],[139.46731,36.10085],[139.46738,36.10109],[139.46695,36.1017],[139.46551,36.10332],[139.46503,36.10413],[139.46472,36.10502],[139.46463,36.1055],[139.46453,36.10697],[139.46426,36.10782],[139.46405,36.1082],[139.46348,36.10887],[139.46311,36.10915],[139.46141,36.11009],[139.46101,36.11025],[139.46067,36.1103],[139.4605,36.11039],[139.46032,36.11065],[139.46006,36.11134],[139.45965,36.11168],[139.45956,36.11214],[139.45949,36.11223],[139.45914,36.11237],[139.45851,36.11243],[139.4554,36.11239],[139.45491,36.11244],[139.45436,36.11263],[139.45411,36.11259],[139.45378,36.1124],[139.45368,36.11263],[139.45359,36.1127],[139.45314,36.11273],[139.45228,36.11264],[139.4518,36.11253],[139.45144,36.11236],[139.45096,36.11193],[139.45069,36.11184],[139.45048,36.11183],[139.45031,36.11187],[139.45019,36.11197],[139.4501,36.11244],[139.44994,36.11268],[139.44963,36.11282],[139.44925,36.11287],[139.44899,36.11278],[139.44879,36.11249],[139.44853,36.11234],[139.44753,36.11223],[139.44727,36.11212],[139.44714,36.11196],[139.44696,36.11186],[139.44649,36.1118],[139.44631,36.11173],[139.44606,36.11152],[139.44564,36.111],[139.44518,36.11084],[139.44512,36.11061],[139.44504,36.11054],[139.44488,36.11056],[139.4447,36.11065],[139.44459,36.11078],[139.44453,36.11103],[139.44437,36.11111],[139.4441,36.11113],[139.44384,36.11109],[139.4435,36.11083],[139.4434,36.11146],[139.44332,36.11159],[139.44308,36.11179],[139.44301,36.11211],[139.44299,36.11298],[139.44306,36.11423],[139.443,36.11514],[139.44288,36.1155],[139.44279,36.1156],[139.44245,36.11583],[139.44232,36.11605],[139.44241,36.1163],[139.44274,36.11656],[139.44285,36.11689],[139.44287,36.11722],[139.44283,36.11775],[139.44274,36.118],[139.44259,36.11816],[139.44231,36.11829],[139.44221,36.11849],[139.44222,36.119],[139.44241,36.11991],[139.44236,36.12037],[139.44221,36.12056],[139.44189,36.12071],[139.44152,36.12079],[139.44078,36.12085],[139.44056,36.12096],[139.44032,36.12119],[139.43988,36.12126],[139.43967,36.12135],[139.43936,36.12173],[139.43881,36.12281],[139.43854,36.12309],[139.43823,36.12325],[139.4376,36.12331],[139.43737,36.12338],[139.43721,36.1235],[139.43707,36.12373],[139.43687,36.12382],[139.43637,36.12386],[139.43569,36.1238],[139.4352,36.12381],[139.435,36.12387],[139.43472,36.12413],[139.43447,36.12417],[139.43423,36.1241],[139.434,36.12386],[139.43373,36.12379],[139.43139,36.12364],[139.43113,36.12356],[139.43096,36.1234],[139.43066,36.12326],[139.42996,36.12312],[139.42957,36.12311],[139.42905,36.12319],[139.42796,36.12367],[139.42739,36.12379],[139.42699,36.12383],[139.42669,36.12378],[139.42647,36.12364],[139.4262,36.12307],[139.426,36.12295],[139.42581,36.12298],[139.42547,36.12321],[139.42525,36.12364],[139.42496,36.12368],[139.42475,36.12358],[139.4245,36.1233],[139.42408,36.12319],[139.42398,36.12302],[139.42391,36.12262],[139.4237,36.12245],[139.42305,36.12227],[139.42182,36.1221],[139.4214,36.12194],[139.42125,36.12184],[139.42106,36.1216],[139.42085,36.12104],[139.42073,36.12091],[139.42049,36.12076],[139.42037,36.12052],[139.42041,36.12015],[139.42049,36.12004],[139.42073,36.11989],[139.42087,36.11958],[139.42092,36.11883],[139.42086,36.11847],[139.42071,36.11824],[139.4206,36.11817],[139.42047,36.11814],[139.41986,36.11815],[139.41967,36.11806],[139.41956,36.11789],[139.41955,36.1175],[139.41967,36.11719],[139.41999,36.11709],[139.42013,36.11699],[139.42068,36.11633],[139.42089,36.11617],[139.42167,36.11576],[139.42188,36.11532],[139.42226,36.11494],[139.42279,36.11456],[139.42345,36.11426],[139.42357,36.11408],[139.42362,36.11381],[139.42361,36.11343],[139.42352,36.11301],[139.42337,36.1127],[139.42314,36.1125],[139.423,36.11244],[139.42253,36.11237],[139.42231,36.11218],[139.42224,36.11202],[139.42218,36.1116],[139.42223,36.11102],[139.42242,36.11051],[139.42257,36.11032],[139.42299,36.11005],[139.42357,36.10994],[139.42452,36.10997],[139.425,36.11005],[139.4255,36.11024],[139.42576,36.11049],[139.42586,36.11075],[139.42577,36.11114],[139.42583,36.11126],[139.426,36.1113],[139.42628,36.11121],[139.42702,36.11079],[139.42741,36.11046],[139.42761,36.11012],[139.42769,36.10971],[139.42781,36.10958],[139.428,36.10951],[139.42847,36.10948],[139.42863,36.1094],[139.42857,36.10906],[139.42884,36.10858],[139.42889,36.10823],[139.42864,36.10732],[139.42862,36.10708],[139.42867,36.1069],[139.42888,36.10672],[139.4292,36.10662],[139.42949,36.10658],[139.42997,36.10659],[139.43021,36.10664],[139.4304,36.1068],[139.43044,36.10704],[139.43055,36.10723],[139.43079,36.10735],[139.43098,36.10738],[139.43118,36.10722],[139.43128,36.10642],[139.43148,36.10598],[139.43187,36.10571],[139.4322,36.10562],[139.43246,36.10559],[139.43265,36.10564],[139.43286,36.10591],[139.43316,36.10607],[139.43405,36.10615],[139.43444,36.10625],[139.43457,36.10636],[139.43462,36.10659],[139.43475,36.10669],[139.43498,36.10674],[139.43532,36.10672],[139.436,36.10659],[139.43623,36.10645],[139.43639,36.10609],[139.43705,36.10539],[139.43752,36.10501],[139.43779,36.10486],[139.43802,36.1048],[139.43836,36.10485],[139.43848,36.10495],[139.4385,36.1051],[139.43866,36.10518],[139.43911,36.10513],[139.43937,36.10502],[139.4394,36.10489],[139.43919,36.10464],[139.43914,36.10439],[139.4392,36.10407],[139.43944,36.10374],[139.43987,36.1034],[139.44089,36.10276],[139.44131,36.10221],[139.44159,36.10212],[139.44211,36.10211],[139.44141,36.10169],[139.44129,36.10152],[139.4413,36.10135],[139.44146,36.10118],[139.44203,36.10089],[139.44222,36.1007],[139.44238,36.10032],[139.44245,36.09958],[139.44265,36.09921],[139.44295,36.09903],[139.44352,36.09895],[139.44367,36.09886],[139.44364,36.09831],[139.4438,36.098],[139.44407,36.09766],[139.44417,36.0974],[139.44416,36.09696],[139.44401,36.09647],[139.44408,36.09613],[139.44427,36.09598],[139.44474,36.09587],[139.44507,36.09573],[139.44518,36.09559],[139.44523,36.09535],[139.44536,36.09518],[139.44559,36.09501],[139.44632,36.09468],[139.44658,36.09451],[139.44675,36.09425],[139.44669,36.09393],[139.44671,36.09378],[139.44684,36.09359],[139.447,36.0935],[139.44727,36.0935],[139.44765,36.09357],[139.44865,36.09393],[139.44888,36.09397],[139.44925,36.09395],[139.44952,36.09379],[139.44984,36.0932],[139.4501,36.09291],[139.4503,36.0928],[139.45062,36.09276],[139.45099,36.09285],[139.45156,36.09313],[139.45201,36.09325],[139.45295,36.09335],[139.45444,36.09338],[139.45511,36.09347],[139.45524,36.09351],[139.45547,36.09371],[139.45563,36.09378],[139.45623,36.09383],[139.45649,36.09389],[139.45657,36.09397],[139.45667,36.09419],[139.45713,36.09441],[139.45807,36.09464],[139.45837,36.09465],[139.45882,36.09458],[139.45905,36.0946],[139.45934,36.09485],[139.45963,36.09495],[139.46009,36.09492],[139.46043,36.09466],[139.46072,36.09458],[139.46181,36.09451],[139.46253,36.09455],[139.46307,36.09473],[139.46328,36.09487],[139.46345,36.09508],[139.46358,36.09536],[139.46368,36.09582],[139.46379,36.09677],[139.46476,36.09663],[139.46498,36.0967],[139.46522,36.09693],[139.46565,36.097],[139.46574,36.09705],[139.46588,36.0973],[139.46597,36.09774],[139.46603,36.09942],[139.46613,36.10001],[139.46624,36.10016],[139.46663,36.10027],[139.46702,36.10054]],[[139.45002,35.8815],[139.45082,35.88127],[139.45093,35.88117],[139.45097,35.88102],[139.45106,35.88096],[139.45144,35.88097],[139.45189,35.88112],[139.45204,35.88131],[139.45211,35.88162],[139.45232,35.88179],[139.45268,35.8819],[139.45333,35.882],[139.45355,35.88199],[139.45368,35.88194],[139.45413,35.88155],[139.4544,35.88143],[139.45499,35.88134],[139.45577,35.88135],[139.45617,35.88144],[139.45645,35.8816],[139.45655,35.8817],[139.45674,35.88221],[139.45687,35.88239],[139.45749,35.88276],[139.45767,35.88306],[139.45792,35.88375],[139.45843,35.8842],[139.45917,35.8854],[139.4593,35.88556],[139.45954,35.88574],[139.45977,35.88575],[139.46036,35.88526],[139.46084,35.88512],[139.46099,35.88496],[139.46114,35.88466],[139.46136,35.88451],[139.46165,35.88455],[139.46173,35.88465],[139.46175,35.88481],[139.46191,35.88491],[139.46248,35.88497],[139.46267,35.88504],[139.46282,35.88526],[139.46286,35.88557],[139.46294,35.88574],[139.4632,35.88592],[139.46358,35.88604],[139.46384,35.88631],[139.46393,35.8866],[139.46402,35.88744],[139.46413,35.88765],[139.46449,35.88785],[139.46464,35.88803],[139.46475,35.88848],[139.46477,35.88911],[139.46485,35.88956],[139.46494,35.88974],[139.46517,35.88993],[139.46522,35.89011],[139.46515,35.89068],[139.46497,35.89106],[139.46478,35.89121],[139.4643,35.89129],[139.4642,35.89136],[139.4643,35.89157],[139.46466,35.89192],[139.46485,35.89229],[139.465,35.89305],[139.465,35.894],[139.46494,35.89448],[139.46482,35.89481],[139.46465,35.89498],[139.46436,35.89514],[139.46421,35.89536],[139.46397,35.89632],[139.46384,35.89664],[139.46365,35.89687],[139.46341,35.897],[139.46291,35.89707],[139.46254,35.89703],[139.46241,35.89696],[139.46229,35.89678],[139.46216,35.89614],[139.46196,35.89601],[139.46168,35.89602],[139.46154,35.89614],[139.46144,35.89637],[139.46138,35.89706],[139.4613,35.89735],[139.46104,35.89762],[139.46078,35.8977],[139.46044,35.8977],[139.46022,35.89757],[139.46009,35.89734],[139.45991,35.89718],[139.45965,35.89712],[139.45945,35.89714],[139.45926,35.89724],[139.45909,35.89743],[139.45887,35.89788],[139.45868,35.89814],[139.45842,35.8983],[139.45809,35.89837],[139.45734,35.89831],[139.45698,35.89835],[139.45666,35.8986],[139.45641,35.89871],[139.45538,35.89899],[139.45493,35.89916],[139.45477,35.89927],[139.4547,35.89948],[139.45447,35.89957],[139.45418,35.89957],[139.45395,35.89947],[139.45353,35.89889],[139.45308,35.89858],[139.45284,35.89835],[139.45248,35.89763],[139.45229,35.89755],[139.45202,35.89757],[139.45167,35.89767],[139.45154,35.89778],[139.45153,35.89791],[139.45161,35.89814],[139.45159,35.89828],[139.45146,35.89851],[139.45124,35.89874],[139.45098,35.89886],[139.45042,35.89895],[139.45029,35.89905],[139.45011,35.89934],[139.44993,35.8995],[139.44967,35.89956],[139.44933,35.89952],[139.44922,35.89942],[139.44912,35.89912],[139.44877,35.89888],[139.44874,35.89879],[139.44882,35.89858],[139.44876,35.89848],[139.44847,35.89837],[139.44787,35.89823],[139.44768,35.89812],[139.44757,35.89799],[139.44755,35.89783],[139.44763,35.89759],[139.44783,35.89739],[139.44819,35.89714],[139.44831,35.89698],[139.44839,35.89669],[139.44835,35.89634],[139.44811,35.89654],[139.4478,35.89666],[139.44733,35.89675],[139.44694,35.89671],[139.44675,35.89648],[139.44671,35.89609],[139.44656,35.89579],[139.44637,35.89567],[139.44568,35.89545],[139.44547,35.89524],[139.44542,35.89488],[139.44552,35.89413],[139.44548,35.89388],[139.44526,35.89364],[139.4447,35.89344],[139.44458,35.89332],[139.44453,35.89317],[139.44455,35.893],[139.4447,35.89278],[139.44527,35.89247],[139.44549,35.89224],[139.44552,35.89195],[139.44538,35.89162],[139.44528,35.8916],[139.44515,35.89174],[139.44498,35.8918],[139.44455,35.89181],[139.44382,35.89168],[139.44358,35.89157],[139.44345,35.89144],[139.44343,35.89128],[139.44348,35.89105],[139.4438,35.89067],[139.44385,35.8905],[139.44349,35.89002],[139.44335,35.88943],[139.44297,35.88913],[139.44289,35.88867],[139.44297,35.88838],[139.4431,35.88821],[139.44372,35.88783],[139.44338,35.8878],[139.44326,35.88768],[139.4432,35.88746],[139.44318,35.88677],[139.44326,35.8864],[139.44336,35.88627],[139.44368,35.88618],[139.44373,35.886],[139.44365,35.88581],[139.44336,35.88563],[139.44327,35.88548],[139.44318,35.88481],[139.44322,35.88454],[139.44332,35.88435],[139.44346,35.88424],[139.44374,35.88419],[139.44394,35.88387],[139.44401,35.88338],[139.44403,35.88197],[139.44597,35.88186],[139.44683,35.88196],[139.44751,35.88219],[139.44816,35.88255],[139.44874,35.88294],[139.44917,35.88309],[139.44933,35.88308],[139.44944,35.88301],[139.44952,35.88287],[139.44959,35.8822],[139.44978,35.88169],[139.45002,35.8815]],[[139.4404,35.88225],[139.44007,35.88231],[139.43936,35.88227],[139.43851,35.88234],[139.43789,35.88248],[139.43617,35.88299],[139.43568,35.88307],[139.43557,35.88303],[139.43549,35.88293],[139.43539,35.88235],[139.43518,35.88205],[139.43457,35.88165],[139.43426,35.88152],[139.43403,35.88149],[139.43371,35.88163],[139.43321,35.88209],[139.433,35.88222],[139.43269,35.8823],[139.43239,35.88224],[139.43216,35.88225],[139.43204,35.88231],[139.43188,35.8825],[139.43173,35.88258],[139.43153,35.88261],[139.43135,35.88256],[139.43109,35.88231],[139.43098,35.88229],[139.43083,35.88233],[139.43041,35.8826],[139.43008,35.8827],[139.42963,35.88274],[139.42878,35.88269],[139.42825,35.88258],[139.42803,35.8825],[139.42768,35.88229],[139.42745,35.882],[139.42721,35.88153],[139.42698,35.88129],[139.4267,35.88111],[139.42592,35.88077],[139.4256,35.88049],[139.42518,35.87996],[139.42474,35.87982],[139.42458,35.87933],[139.42439,35.87929],[139.42402,35.87933],[139.42391,35.87926],[139.42384,35.87913],[139.42378,35.87862],[139.42346,35.87816],[139.42337,35.87778],[139.42331,35.87719],[139.42329,35.87592],[139.42335,35.87511],[139.42347,35.87449],[139.42367,35.87408],[139.42403,35.87378],[139.42411,35.87365],[139.42409,35.8736],[139.42394,35.8735],[139.42335,35.87334],[139.4231,35.87308],[139.42303,35.87285],[139.42309,35.87237],[139.42322,35.87216],[139.42339,35.87205],[139.4234,35.87196],[139.42331,35.87184],[139.42273,35.87144],[139.42247,35.87118],[139.42233,35.87093],[139.42233,35.87072],[139.42249,35.87057],[139.42291,35.87038],[139.42301,35.87026],[139.42306,35.86995],[139.42315,35.86984],[139.42341,35.86974],[139.42391,35.8697],[139.4241,35.86963],[139.42423,35.86951],[139.42433,35.86928],[139.42432,35.86909],[139.42394,35.86879],[139.4239,35.86852],[139.42415,35.8683],[139.42482,35.86794],[139.42494,35.8678],[139.42501,35.86748],[139.42513,35.86732],[139.42578,35.86718],[139.42609,35.86697],[139.4264,35.86666],[139.42672,35.86648],[139.42692,35.86645],[139.42723,35.86651],[139.42746,35.8665],[139.42783,35.86619],[139.42818,35.86611],[139.42824,35.86599],[139.42816,35.86568],[139.42821,35.86539],[139.42842,35.86508],[139.42863,35.86488],[139.42886,35.8648],[139.42911,35.86482],[139.42967,35.86517],[139.43028,35.86536],[139.43079,35.86539],[139.43167,35.86532],[139.43209,35.86523],[139.43237,35.86511],[139.43248,35.86496],[139.43257,35.86458],[139.43287,35.86428],[139.43312,35.86418],[139.43351,35.86413],[139.43384,35.86421],[139.43408,35.86444],[139.43434,35.86458],[139.43544,35.86487],[139.43579,35.86514],[139.43605,35.86514],[139.43657,35.86499],[139.43698,35.86504],[139.43726,35.8652],[139.4379,35.86578],[139.43826,35.86595],[139.43851,35.86589],[139.43878,35.8655],[139.43904,35.86534],[139.43946,35.86528],[139.43992,35.86532],[139.44023,35.86549],[139.44057,35.86614],[139.44097,35.86644],[139.44107,35.86688],[139.44123,35.86713],[139.44179,35.86756],[139.44196,35.86775],[139.44204,35.86795],[139.44199,35.86838],[139.44205,35.86855],[139.44234,35.86873],[139.44282,35.86883],[139.44326,35.86898],[139.44362,35.8692],[139.44382,35.86937],[139.44405,35.86981],[139.44416,35.87053],[139.44436,35.87069],[139.44478,35.87077],[139.44487,35.87087],[139.44491,35.871],[139.4449,35.87116],[139.44478,35.87135],[139.44436,35.87155],[139.44429,35.87166],[139.44436,35.8719],[139.44483,35.87253],[139.4449,35.87281],[139.44489,35.87298],[139.44464,35.87336],[139.44396,35.87401],[139.44379,35.87438],[139.44384,35.87465],[139.44397,35.87475],[139.44421,35.8748],[139.44433,35.87506],[139.44428,35.87552],[139.44415,35.87565],[139.44397,35.87568],[139.44392,35.87579],[139.4441,35.87657],[139.44396,35.87682],[139.44359,35.877],[139.44229,35.87718],[139.44178,35.8773],[139.44149,35.87748],[139.4414,35.87772],[139.4415,35.87802],[139.44174,35.87835],[139.44212,35.87873],[139.44345,35.87983],[139.44365,35.88005],[139.44392,35.88051],[139.44403,35.88096],[139.44398,35.88156],[139.44386,35.88184],[139.44377,35.88194],[139.44354,35.88207],[139.44327,35.88211],[139.44294,35.88207],[139.44276,35.88197],[139.44242,35.88165],[139.44216,35.88151],[139.44144,35.88126],[139.4411,35.88123],[139.44097,35.88126],[139.44079,35.8814],[139.44068,35.88196],[139.44061,35.88208],[139.4404,35.88225]],[[139.49278,36.15478],[139.49315,36.15497],[139.49363,36.15501],[139.49395,36.15514],[139.49406,36.15529],[139.49411,36.1556],[139.49426,36.15578],[139.49472,36.15596],[139.49539,36.15606],[139.49588,36.15621],[139.49608,36.15635],[139.49636,36.15674],[139.49677,36.15687],[139.49693,36.15736],[139.49713,36.1574],[139.49766,36.15734],[139.49804,36.15741],[139.49854,36.15764],[139.49869,36.15778],[139.49878,36.15793],[139.49877,36.1582],[139.49866,36.15845],[139.49785,36.15963],[139.49753,36.1603],[139.49742,36.16075],[139.4973,36.16189],[139.49689,36.16258],[139.49661,36.16397],[139.49641,36.16447],[139.49591,36.1651],[139.49469,36.16605],[139.49404,36.16682],[139.49341,36.16718],[139.4933,36.16752],[139.49337,36.16822],[139.49331,36.16859],[139.49319,36.16871],[139.4928,36.16876],[139.49254,36.16884],[139.49232,36.16899],[139.49222,36.16914],[139.49217,36.16948],[139.49226,36.17024],[139.49216,36.17066],[139.49204,36.17079],[139.49175,36.17092],[139.49085,36.171],[139.4904,36.17109],[139.48964,36.17151],[139.4894,36.1715],[139.48918,36.17136],[139.48905,36.17134],[139.48891,36.17138],[139.48861,36.17165],[139.48841,36.17175],[139.48801,36.17179],[139.48752,36.17173],[139.48719,36.17174],[139.48709,36.1718],[139.48698,36.17205],[139.48679,36.17217],[139.48638,36.17225],[139.48607,36.17221],[139.48576,36.17207],[139.48547,36.17186],[139.485,36.17126],[139.4848,36.17111],[139.4844,36.17098],[139.4839,36.17095],[139.4835,36.17086],[139.4833,36.17074],[139.48287,36.17035],[139.48245,36.17022],[139.48224,36.16997],[139.48196,36.16938],[139.48167,36.16909],[139.48144,36.16902],[139.48083,36.16905],[139.48067,36.16898],[139.48047,36.1687],[139.4803,36.16858],[139.47987,36.16848],[139.47929,36.16845],[139.479,36.16837],[139.4789,36.1683],[139.47877,36.16805],[139.47875,36.16734],[139.4787,36.16635],[139.47857,36.16609],[139.4784,36.16591],[139.47839,36.16582],[139.47862,36.16569],[139.47931,36.16554],[139.47896,36.16553],[139.47884,36.16548],[139.47876,36.16532],[139.47871,36.16495],[139.47824,36.16453],[139.47766,36.16329],[139.47739,36.16301],[139.4771,36.16288],[139.47698,36.16272],[139.47693,36.16232],[139.47701,36.16148],[139.47692,36.16121],[139.47673,36.16109],[139.47661,36.16091],[139.47655,36.16052],[139.47663,36.16033],[139.47695,36.16012],[139.47768,36.15997],[139.47807,36.15979],[139.4782,36.15961],[139.47828,36.15923],[139.4784,36.15913],[139.47859,36.15909],[139.47909,36.15915],[139.47935,36.15907],[139.4795,36.15885],[139.47952,36.1586],[139.47943,36.15835],[139.47927,36.15809],[139.47926,36.15792],[139.47944,36.15767],[139.47996,36.15738],[139.48032,36.15729],[139.48083,36.15736],[139.48098,36.15735],[139.48138,36.15706],[139.48249,36.15695],[139.48275,36.15684],[139.48289,36.15669],[139.48305,36.15661],[139.48404,36.15649],[139.48435,36.15628],[139.48467,36.1556],[139.48482,36.15547],[139.485,36.15542],[139.4853,36.15546],[139.48548,36.15556],[139.48566,36.15576],[139.48602,36.15632],[139.48604,36.15604],[139.48613,36.1559],[139.48644,36.15571],[139.48714,36.15543],[139.48741,36.1552],[139.48769,36.15498],[139.48769,36.1552],[139.48797,36.15498],[139.48851,36.15482],[139.48878,36.15468],[139.48959,36.154],[139.49012,36.1537],[139.49054,36.15358],[139.49102,36.15351],[139.49162,36.15347],[139.49211,36.15351],[139.49225,36.15359],[139.49236,36.15373],[139.49263,36.15455],[139.49278,36.15478]],[[139.4865,36.08965],[139.48643,36.08974],[139.48647,36.09072],[139.4864,36.09089],[139.48609,36.09124],[139.48582,36.09196],[139.48569,36.09213],[139.48539,36.09224],[139.48498,36.09218],[139.48452,36.09219],[139.48347,36.09244],[139.48327,36.09239],[139.48324,36.09225],[139.48312,36.09214],[139.48278,36.0921],[139.48257,36.09214],[139.48252,36.0922],[139.48259,36.0924],[139.48254,36.09254],[139.48194,36.09282],[139.4818,36.09315],[139.48167,36.09321],[139.48148,36.09323],[139.48131,36.09336],[139.4811,36.09383],[139.48092,36.09407],[139.48018,36.09443],[139.47973,36.09484],[139.47952,36.09488],[139.47923,36.09472],[139.47891,36.09464],[139.47847,36.09466],[139.47813,36.09473],[139.47785,36.09488],[139.47762,36.09509],[139.47729,36.09569],[139.47708,36.09593],[139.47668,36.09611],[139.47618,36.09613],[139.47548,36.09598],[139.47527,36.09588],[139.47509,36.09572],[139.47488,36.09538],[139.47466,36.09464],[139.47453,36.09445],[139.47436,36.09435],[139.47416,36.09433],[139.47393,36.09437],[139.47381,36.09447],[139.47375,36.09467],[139.47362,36.09473],[139.47275,36.09484],[139.4723,36.09518],[139.47204,36.09522],[139.47171,36.0952],[139.4708,36.09496],[139.47041,36.09477],[139.47021,36.09455],[139.47017,36.09431],[139.47009,36.09417],[139.46993,36.09407],[139.46944,36.09392],[139.46923,36.09381],[139.46907,36.09366],[139.46889,36.09326],[139.46877,36.09316],[139.46863,36.09316],[139.46823,36.0934],[139.46784,36.0935],[139.46737,36.09343],[139.46704,36.09331],[139.4668,36.09316],[139.46661,36.09289],[139.46658,36.09256],[139.46646,36.09225],[139.46596,36.09165],[139.4658,36.0911],[139.46577,36.09033],[139.46582,36.08969],[139.46595,36.08938],[139.46628,36.08927],[139.46631,36.08905],[139.46623,36.08898],[139.46607,36.08897],[139.46557,36.08904],[139.46524,36.08902],[139.46498,36.08892],[139.46486,36.0888],[139.46483,36.08865],[139.46489,36.08847],[139.46523,36.08805],[139.46542,36.08771],[139.4655,36.08737],[139.46548,36.08714],[139.46525,36.08681],[139.46496,36.08658],[139.4641,36.08606],[139.46387,36.08582],[139.46385,36.0857],[139.46393,36.08551],[139.46432,36.08525],[139.4644,36.08506],[139.46442,36.08482],[139.46454,36.0846],[139.46505,36.08423],[139.46516,36.08409],[139.46528,36.08362],[139.46537,36.08348],[139.46581,36.08316],[139.46595,36.08296],[139.46607,36.08252],[139.46611,36.08196],[139.46635,36.0815],[139.46663,36.08126],[139.46749,36.08083],[139.46773,36.08058],[139.46776,36.08041],[139.46771,36.08019],[139.46758,36.08005],[139.46739,36.07995],[139.4673,36.0798],[139.46736,36.0795],[139.46755,36.07927],[139.46803,36.07913],[139.46865,36.0786],[139.46901,36.07841],[139.46978,36.07818],[139.47075,36.078],[139.47144,36.07773],[139.4717,36.07751],[139.47187,36.07711],[139.47202,36.0769],[139.47239,36.07669],[139.4732,36.07647],[139.47331,36.07638],[139.47341,36.0761],[139.4738,36.07582],[139.47403,36.07577],[139.4743,36.07581],[139.4753,36.07629],[139.47587,36.07633],[139.47628,36.07624],[139.47695,36.07592],[139.47719,36.07572],[139.47723,36.07555],[139.47732,36.07548],[139.47758,36.07542],[139.47784,36.07541],[139.47827,36.07552],[139.4784,36.07563],[139.47866,36.07602],[139.4791,36.07613],[139.47937,36.07639],[139.47957,36.07645],[139.47988,36.07647],[139.48112,36.0764],[139.48142,36.07644],[139.48183,36.07665],[139.48196,36.07666],[139.48248,36.07642],[139.48275,36.07641],[139.48295,36.07645],[139.48312,36.07654],[139.48324,36.07667],[139.48333,36.07715],[139.48342,36.07727],[139.48368,36.07729],[139.48422,36.07714],[139.4845,36.07715],[139.48477,36.07724],[139.48536,36.07762],[139.48548,36.07776],[139.48561,36.07807],[139.48581,36.07813],[139.48609,36.07815],[139.48629,36.07824],[139.48639,36.07859],[139.48652,36.07871],[139.48675,36.07878],[139.48748,36.07885],[139.48774,36.07901],[139.48788,36.07929],[139.48791,36.07948],[139.48778,36.08039],[139.48762,36.08086],[139.4873,36.08125],[139.48719,36.08146],[139.487,36.08223],[139.48698,36.08295],[139.48706,36.08372],[139.48702,36.08404],[139.4868,36.08442],[139.48643,36.08469],[139.48626,36.08488],[139.48616,36.08518],[139.48626,36.0855],[139.48642,36.08566],[139.48678,36.08579],[139.48739,36.08585],[139.48765,36.08607],[139.48772,36.0863],[139.48769,36.08668],[139.48758,36.08693],[139.4874,36.08706],[139.4873,36.08714],[139.48725,36.08727],[139.48733,36.08777],[139.48728,36.08804],[139.48715,36.08819],[139.48688,36.08837],[139.48676,36.08857],[139.48679,36.08872],[139.48704,36.08912],[139.48705,36.08932],[139.48686,36.08956],[139.4865,36.08965]],[[139.50589,36.16248],[139.50612,36.16244],[139.50612,36.16236],[139.50591,36.16215],[139.50582,36.16195],[139.50588,36.16163],[139.50607,36.16144],[139.50637,36.16135],[139.50675,36.16133],[139.50701,36.16127],[139.5072,36.16099],[139.50751,36.16086],[139.50806,36.16077],[139.50863,36.16077],[139.50897,36.16084],[139.50955,36.16112],[139.50996,36.16125],[139.5109,36.16122],[139.51099,36.16128],[139.51102,36.16144],[139.51118,36.16164],[139.51175,36.16205],[139.51194,36.16223],[139.5121,36.16254],[139.51211,36.16276],[139.51206,36.16295],[139.51185,36.16311],[139.51129,36.16322],[139.51118,36.16347],[139.51124,36.16375],[139.51139,36.16407],[139.51176,36.16442],[139.51209,36.16456],[139.51249,36.16464],[139.51292,36.16461],[139.51314,36.16455],[139.51383,36.16422],[139.51454,36.16368],[139.51516,36.16331],[139.5155,36.16319],[139.51592,36.16318],[139.51613,36.16327],[139.51629,36.16343],[139.51656,36.16416],[139.51686,36.16455],[139.51691,36.16469],[139.51675,36.16499],[139.51598,36.16572],[139.51591,36.16587],[139.51595,36.16597],[139.51619,36.16602],[139.51639,36.16601],[139.51689,36.16585],[139.51728,36.16562],[139.51746,36.1653],[139.51764,36.16524],[139.51832,36.1652],[139.51867,36.16524],[139.51904,36.16541],[139.5193,36.16589],[139.51943,36.16602],[139.51959,36.16609],[139.52003,36.16615],[139.52014,36.16626],[139.52016,36.16641],[139.52024,36.16652],[139.52057,36.16659],[139.52062,36.16672],[139.52054,36.16709],[139.52064,36.16726],[139.5209,36.16736],[139.52119,36.16738],[139.52151,36.16727],[139.52166,36.16709],[139.52167,36.16688],[139.52145,36.16648],[139.52149,36.16636],[139.52164,36.16627],[139.52202,36.16618],[139.52232,36.16603],[139.52272,36.16554],[139.52302,36.16545],[139.52351,36.16541],[139.52372,36.16528],[139.52381,36.1649],[139.52391,36.16476],[139.52434,36.16444],[139.52458,36.16415],[139.52481,36.16341],[139.525,36.16313],[139.52526,36.16306],[139.52553,36.16316],[139.52569,36.16329],[139.52578,36.16357],[139.52598,36.16378],[139.52635,36.16403],[139.52659,36.1641],[139.52669,36.16409],[139.52685,36.16397],[139.52691,36.16387],[139.52708,36.16329],[139.52723,36.16303],[139.52775,36.16287],[139.52846,36.1624],[139.52877,36.16231],[139.52907,36.16228],[139.52924,36.16219],[139.52942,36.16193],[139.52968,36.16121],[139.53004,36.16075],[139.52999,36.16058],[139.52977,36.16035],[139.52972,36.16014],[139.52983,36.15982],[139.53001,36.15966],[139.53027,36.1596],[139.53061,36.15964],[139.5307,36.15971],[139.53076,36.15991],[139.53084,36.16],[139.53136,36.16018],[139.53218,36.16019],[139.53372,36.15999],[139.5342,36.15997],[139.53459,36.16006],[139.53466,36.16028],[139.53484,36.16036],[139.53536,36.16035],[139.53613,36.16022],[139.53669,36.16018],[139.53691,36.16022],[139.53716,36.16045],[139.53749,36.16052],[139.53793,36.16045],[139.53823,36.16016],[139.53849,36.16004],[139.53887,36.15994],[139.53911,36.15995],[139.53937,36.16012],[139.5396,36.16071],[139.53973,36.16087],[139.5399,36.16096],[139.5401,36.16098],[139.54036,36.16091],[139.54054,36.16076],[139.54072,36.16047],[139.54085,36.1604],[139.54121,36.16043],[139.54142,36.16064],[139.54147,36.16104],[139.54142,36.16142],[139.54132,36.1617],[139.54119,36.16185],[139.54102,36.16186],[139.54045,36.16153],[139.54022,36.16153],[139.54006,36.16164],[139.54009,36.16194],[139.54031,36.16225],[139.54058,36.16239],[139.54095,36.16246],[139.54195,36.16243],[139.54236,36.1625],[139.54264,36.16266],[139.54273,36.16278],[139.54296,36.16352],[139.54313,36.16381],[139.54326,36.16394],[139.54363,36.16406],[139.54425,36.164],[139.54447,36.16408],[139.54451,36.16421],[139.54444,36.16452],[139.54445,36.16477],[139.54452,36.16488],[139.54476,36.16503],[139.54484,36.16516],[139.5449,36.16565],[139.54498,36.16586],[139.54507,36.16593],[139.54531,36.16598],[139.54544,36.16617],[139.54539,36.16654],[139.54505,36.16683],[139.54561,36.16712],[139.5458,36.16737],[139.54587,36.16758],[139.54592,36.16814],[139.54582,36.16919],[139.54587,36.16944],[139.54599,36.1696],[139.54637,36.16982],[139.54663,36.17024],[139.54685,36.17092],[139.54688,36.17153],[139.54674,36.17182],[139.54663,36.17192],[139.54617,36.17212],[139.54592,36.17235],[139.5459,36.17254],[139.54604,36.17288],[139.54596,36.1731],[139.54585,36.17321],[139.54551,36.17344],[139.54475,36.17378],[139.54435,36.17402],[139.54397,36.17441],[139.54382,36.17481],[139.54364,36.17507],[139.54347,36.17516],[139.54318,36.1752],[139.54304,36.17531],[139.54292,36.17562],[139.54287,36.17621],[139.54271,36.17647],[139.54254,36.17653],[139.54225,36.17656],[139.54211,36.17663],[139.54185,36.17699],[139.54163,36.17714],[139.54107,36.17734],[139.5403,36.17752],[139.53982,36.17778],[139.53969,36.17801],[139.53973,36.17841],[139.53964,36.17874],[139.53947,36.17891],[139.53909,36.17909],[139.53883,36.17929],[139.53874,36.17944],[139.53871,36.17968],[139.53855,36.17987],[139.53824,36.18],[139.53776,36.18005],[139.53754,36.17997],[139.53727,36.17971],[139.53696,36.17968],[139.5368,36.17978],[139.53674,36.18005],[139.53658,36.18026],[139.53631,36.1805],[139.5361,36.18061],[139.53579,36.18066],[139.53529,36.18047],[139.53514,36.18045],[139.53503,36.1805],[139.53484,36.18069],[139.53468,36.18075],[139.53394,36.18082],[139.53357,36.18095],[139.53296,36.18136],[139.5325,36.18149],[139.53236,36.18161],[139.53215,36.18198],[139.53192,36.18254],[139.53169,36.1829],[139.53122,36.18338],[139.53033,36.18409],[139.5301,36.18437],[139.52993,36.18479],[139.52977,36.18499],[139.52949,36.18507],[139.5293,36.18507],[139.52808,36.18479],[139.52771,36.18477],[139.52744,36.18484],[139.527,36.18521],[139.52672,36.18528],[139.52648,36.18514],[139.52627,36.18467],[139.52601,36.18442],[139.52575,36.18431],[139.5249,36.1841],[139.52474,36.184],[139.52457,36.18381],[139.52447,36.18377],[139.52429,36.18379],[139.52411,36.18389],[139.524,36.18401],[139.52396,36.18422],[139.52387,36.1843],[139.52361,36.18436],[139.52311,36.18435],[139.52285,36.18426],[139.52265,36.18406],[139.52247,36.18396],[139.52146,36.18375],[139.52095,36.18357],[139.52023,36.18304],[139.51999,36.18301],[139.51987,36.18303],[139.51932,36.18337],[139.51902,36.18345],[139.51886,36.18345],[139.51854,36.18337],[139.51786,36.18299],[139.51755,36.18286],[139.51725,36.18279],[139.5167,36.18274],[139.51634,36.18261],[139.51601,36.18239],[139.51585,36.18221],[139.51575,36.18191],[139.51584,36.1814],[139.51581,36.18128],[139.51574,36.18121],[139.51555,36.18117],[139.51543,36.18109],[139.5151,36.18034],[139.51479,36.18017],[139.5138,36.18019],[139.51364,36.18013],[139.5134,36.1799],[139.51296,36.17983],[139.51277,36.17974],[139.51251,36.17936],[139.5122,36.17848],[139.51198,36.17818],[139.51184,36.1781],[139.51151,36.17806],[139.51071,36.17831],[139.51032,36.17838],[139.50995,36.17839],[139.5093,36.17832],[139.50899,36.17836],[139.5087,36.17862],[139.50834,36.17871],[139.50824,36.17878],[139.50807,36.1795],[139.50788,36.17973],[139.50739,36.18007],[139.50726,36.18039],[139.50705,36.18047],[139.50669,36.18049],[139.50626,36.18042],[139.506,36.18019],[139.50584,36.18011],[139.50498,36.18002],[139.50449,36.17986],[139.5042,36.17967],[139.50345,36.17901],[139.50291,36.17882],[139.50249,36.1783],[139.50224,36.17809],[139.50206,36.17802],[139.50157,36.17796],[139.50118,36.17775],[139.5009,36.17741],[139.50075,36.17702],[139.5008,36.17685],[139.50116,36.1766],[139.5012,36.17633],[139.50105,36.1761],[139.50047,36.17556],[139.50028,36.17524],[139.50016,36.17486],[139.50009,36.17393],[139.49999,36.17358],[139.49979,36.17336],[139.49966,36.17329],[139.49917,36.17324],[139.49873,36.17305],[139.49837,36.17267],[139.49815,36.17218],[139.4982,36.17176],[139.49874,36.17117],[139.49887,36.17092],[139.49891,36.17065],[139.49886,36.17024],[139.49897,36.16999],[139.49921,36.16978],[139.50002,36.16943],[139.50021,36.16929],[139.50015,36.16919],[139.50002,36.16914],[139.4996,36.16908],[139.49922,36.16895],[139.49897,36.16872],[139.49887,36.16839],[139.49893,36.16758],[139.49888,36.16728],[139.49876,36.16706],[139.4984,36.1668],[139.49828,36.16666],[139.4982,36.16634],[139.49833,36.16604],[139.49857,36.16585],[139.49878,36.16575],[139.49926,36.16567],[139.49979,36.16574],[139.50009,36.16563],[139.50023,36.16546],[139.50044,36.16486],[139.50068,36.1646],[139.50094,36.16454],[139.5012,36.16454],[139.50193,36.16461],[139.50227,36.16459],[139.5025,36.16448],[139.50263,36.16426],[139.50269,36.1638],[139.50284,36.16359],[139.50297,36.16352],[139.5033,36.16345],[139.5042,36.16348],[139.5046,36.16339],[139.50494,36.16322],[139.5057,36.16257],[139.50589,36.16248]],[[139.55795,35.90835],[139.55855,35.90808],[139.5591,35.90799],[139.55985,35.90801],[139.56022,35.90814],[139.56052,35.90852],[139.56073,35.90835],[139.56098,35.90826],[139.56219,35.90808],[139.56339,35.90804],[139.56477,35.90813],[139.56533,35.90812],[139.56555,35.90806],[139.56583,35.90784],[139.56613,35.90777],[139.56678,35.90781],[139.56754,35.90806],[139.5678,35.90794],[139.56802,35.90759],[139.56824,35.90736],[139.56856,35.9072],[139.56899,35.90711],[139.56951,35.9071],[139.57016,35.90721],[139.57044,35.90736],[139.57054,35.90747],[139.57069,35.90786],[139.57087,35.90805],[139.5713,35.90821],[139.57187,35.90826],[139.57216,35.90842],[139.57234,35.90871],[139.57239,35.9089],[139.57245,35.90959],[139.57262,35.90992],[139.57276,35.91003],[139.57314,35.91016],[139.57391,35.91015],[139.57433,35.91028],[139.57451,35.91041],[139.57477,35.91078],[139.57501,35.91155],[139.5753,35.91205],[139.57553,35.91219],[139.57592,35.91216],[139.57618,35.91227],[139.57626,35.91244],[139.57629,35.91291],[139.57634,35.91304],[139.57654,35.91285],[139.5767,35.91279],[139.5773,35.91276],[139.57756,35.91282],[139.57765,35.9129],[139.57772,35.91313],[139.57798,35.9132],[139.57821,35.91313],[139.57842,35.9129],[139.57864,35.91279],[139.57912,35.91275],[139.57936,35.91286],[139.57962,35.91328],[139.57983,35.91426],[139.58007,35.91463],[139.58024,35.91476],[139.58069,35.9149],[139.5818,35.91487],[139.58218,35.91491],[139.58242,35.91501],[139.58259,35.91528],[139.5827,35.91533],[139.5828,35.91521],[139.58285,35.91504],[139.58275,35.9147],[139.58276,35.91453],[139.58289,35.91437],[139.5831,35.91422],[139.58331,35.91413],[139.5837,35.91407],[139.58402,35.91377],[139.58428,35.91369],[139.58466,35.91367],[139.58502,35.91371],[139.58531,35.91381],[139.58545,35.91392],[139.58555,35.91407],[139.5856,35.91425],[139.58553,35.91487],[139.58561,35.91507],[139.58582,35.91519],[139.58596,35.91523],[139.58653,35.91526],[139.58682,35.91535],[139.587,35.91551],[139.58705,35.91562],[139.58709,35.916],[139.5872,35.91627],[139.58735,35.91636],[139.58763,35.91639],[139.58783,35.91648],[139.58789,35.9166],[139.58792,35.91683],[139.58803,35.91695],[139.58846,35.91692],[139.58861,35.91699],[139.58857,35.91764],[139.58864,35.91772],[139.589,35.9178],[139.58916,35.91798],[139.58967,35.91986],[139.58985,35.92034],[139.59018,35.92085],[139.59076,35.92128],[139.59092,35.92148],[139.59093,35.92159],[139.59086,35.92178],[139.59038,35.92226],[139.59026,35.92244],[139.5902,35.92275],[139.59028,35.92325],[139.59023,35.92338],[139.59,35.92358],[139.59011,35.92379],[139.59064,35.92432],[139.59074,35.92466],[139.59068,35.92489],[139.59038,35.92527],[139.5902,35.9254],[139.5897,35.92563],[139.59004,35.92589],[139.59009,35.92604],[139.59006,35.92615],[139.58983,35.92632],[139.58954,35.92643],[139.58878,35.92661],[139.58831,35.92656],[139.5877,35.92622],[139.58718,35.9261],[139.58628,35.92608],[139.58575,35.92627],[139.58541,35.92665],[139.58524,35.9272],[139.58529,35.92739],[139.58547,35.92743],[139.5856,35.92755],[139.58565,35.92792],[139.58559,35.92812],[139.58533,35.92838],[139.58463,35.9287],[139.58452,35.92886],[139.58456,35.92905],[139.58483,35.92948],[139.5848,35.92969],[139.58473,35.92978],[139.58379,35.93038],[139.5835,35.93079],[139.58337,35.93091],[139.58318,35.93098],[139.58268,35.93103],[139.58249,35.9311],[139.58233,35.93131],[139.58229,35.93161],[139.58216,35.93175],[139.58177,35.93182],[139.58119,35.93177],[139.58072,35.93181],[139.5805,35.93191],[139.58011,35.93225],[139.57983,35.93235],[139.57963,35.93236],[139.5794,35.93231],[139.5793,35.93225],[139.57918,35.93195],[139.57877,35.93184],[139.57851,35.93145],[139.57835,35.93135],[139.57799,35.93131],[139.57719,35.93137],[139.5768,35.9313],[139.57658,35.9312],[139.57643,35.93105],[139.57634,35.93086],[139.57633,35.93064],[139.5764,35.93014],[139.57635,35.92998],[139.57623,35.92989],[139.57594,35.92988],[139.57575,35.92994],[139.57557,35.93029],[139.57518,35.93052],[139.57481,35.93063],[139.57455,35.93059],[139.5743,35.93023],[139.57414,35.93009],[139.57335,35.92965],[139.5732,35.92943],[139.57313,35.92907],[139.573,35.92897],[139.57281,35.92896],[139.57268,35.92889],[139.57256,35.92861],[139.5723,35.92848],[139.57136,35.92823],[139.5709,35.92799],[139.57062,35.92778],[139.57029,35.92739],[139.57025,35.92725],[139.57031,35.92707],[139.57027,35.92698],[139.57005,35.92686],[139.56958,35.92673],[139.56946,35.92665],[139.56942,35.92656],[139.56948,35.92639],[139.56935,35.92622],[139.56842,35.92583],[139.56827,35.92571],[139.56819,35.9255],[139.5681,35.92542],[139.56717,35.92526],[139.56675,35.92505],[139.56648,35.92484],[139.56615,35.9247],[139.56575,35.92467],[139.56552,35.92469],[139.56502,35.92483],[139.56394,35.92532],[139.56343,35.92572],[139.56256,35.92583],[139.5624,35.92593],[139.56237,35.92609],[139.56228,35.92617],[139.5619,35.92623],[139.56154,35.92621],[139.56138,35.92616],[139.56129,35.92609],[139.56126,35.92593],[139.56115,35.92587],[139.56095,35.92586],[139.56034,35.92591],[139.56006,35.92586],[139.55973,35.92563],[139.55948,35.92525],[139.55914,35.92507],[139.55892,35.92502],[139.55835,35.92497],[139.55729,35.92501],[139.55654,35.9249],[139.55625,35.92472],[139.55617,35.9246],[139.55612,35.92422],[139.55623,35.92397],[139.55666,35.92378],[139.55681,35.92365],[139.55684,35.92343],[139.55672,35.92323],[139.55619,35.92277],[139.55578,35.92262],[139.55552,35.92269],[139.55545,35.92292],[139.5553,35.92302],[139.55485,35.92306],[139.55461,35.923],[139.55435,35.92275],[139.55403,35.9218],[139.55391,35.92166],[139.55362,35.92148],[139.55354,35.92129],[139.55359,35.92108],[139.55392,35.92084],[139.55403,35.92057],[139.55418,35.91985],[139.55428,35.91884],[139.55424,35.91802],[139.55414,35.91788],[139.55394,35.91784],[139.55379,35.91767],[139.55367,35.91737],[139.55372,35.9172],[139.55392,35.9171],[139.55408,35.91707],[139.55527,35.91712],[139.55579,35.91704],[139.55608,35.91683],[139.5563,35.91641],[139.55633,35.91615],[139.55627,35.91596],[139.55614,35.91587],[139.55586,35.91581],[139.55578,35.91571],[139.55573,35.9155],[139.55564,35.91541],[139.55521,35.91524],[139.55498,35.91509],[139.55482,35.91488],[139.55468,35.91437],[139.55467,35.91412],[139.55478,35.91389],[139.55504,35.91369],[139.55561,35.9134],[139.55576,35.91324],[139.55578,35.91312],[139.55561,35.91286],[139.55485,35.91229],[139.5547,35.91204],[139.55468,35.91187],[139.55476,35.91172],[139.55494,35.9116],[139.55561,35.91145],[139.55603,35.91132],[139.55613,35.9112],[139.55589,35.91063],[139.55591,35.91038],[139.556,35.91021],[139.5563,35.90999],[139.55718,35.90968],[139.55745,35.90954],[139.55762,35.90926],[139.55757,35.90893],[139.55766,35.90863],[139.55795,35.90835]],[[139.55994,36.15755],[139.55959,36.15774],[139.55899,36.15784],[139.55742,36.15786],[139.55741,36.15815],[139.55733,36.15831],[139.55711,36.15844],[139.55674,36.15848],[139.55624,36.15841],[139.55598,36.15832],[139.55561,36.15811],[139.55517,36.15771],[139.55478,36.15756],[139.55448,36.15757],[139.55352,36.15778],[139.55273,36.15784],[139.55161,36.15782],[139.55108,36.15769],[139.55091,36.15755],[139.55082,36.15737],[139.55048,36.15702],[139.54945,36.15625],[139.54912,36.15594],[139.54891,36.15567],[139.5488,36.15521],[139.54869,36.15505],[139.54836,36.15493],[139.54776,36.15488],[139.5475,36.15475],[139.54743,36.15461],[139.54746,36.15437],[139.54756,36.15416],[139.54779,36.15393],[139.54777,36.15383],[139.54753,36.15372],[139.54706,36.15361],[139.54682,36.15346],[139.54663,36.15312],[139.5466,36.1528],[139.54651,36.1525],[139.5463,36.15226],[139.54597,36.15208],[139.54513,36.15181],[139.54489,36.15165],[139.54479,36.15146],[139.54483,36.15093],[139.54476,36.15086],[139.54449,36.1508],[139.54429,36.15064],[139.54403,36.15024],[139.54398,36.14999],[139.54403,36.14988],[139.54428,36.1497],[139.54439,36.14949],[139.54459,36.14866],[139.54474,36.14829],[139.54485,36.14817],[139.54506,36.14812],[139.54531,36.14793],[139.54581,36.14723],[139.54617,36.14685],[139.54642,36.14667],[139.54682,36.14648],[139.54701,36.14631],[139.54713,36.1461],[139.5472,36.14558],[139.54736,36.14526],[139.54755,36.14509],[139.54815,36.14476],[139.54831,36.14458],[139.54851,36.14416],[139.54867,36.14399],[139.54889,36.14386],[139.54951,36.14372],[139.54975,36.1436],[139.54977,36.1435],[139.54955,36.14326],[139.54943,36.14291],[139.54945,36.14259],[139.54958,36.1424],[139.54981,36.14223],[139.55015,36.1421],[139.55054,36.14201],[139.55083,36.14203],[139.55093,36.14207],[139.55106,36.14223],[139.55113,36.14273],[139.55128,36.14303],[139.55155,36.14323],[139.55176,36.14325],[139.55207,36.14304],[139.5526,36.14222],[139.55281,36.142],[139.55302,36.14188],[139.55356,36.14178],[139.55388,36.14152],[139.55405,36.14156],[139.5545,36.14182],[139.55479,36.14186],[139.55497,36.14184],[139.55507,36.14173],[139.55509,36.14154],[139.5549,36.14094],[139.5549,36.14065],[139.55508,36.14031],[139.5556,36.13999],[139.55608,36.13984],[139.55657,36.13988],[139.55702,36.14012],[139.55712,36.14011],[139.5572,36.13991],[139.55725,36.13939],[139.55741,36.13905],[139.55768,36.13878],[139.5581,36.13858],[139.55831,36.13857],[139.55851,36.13861],[139.5588,36.13887],[139.55905,36.13938],[139.55927,36.14008],[139.55938,36.14027],[139.55964,36.14055],[139.55997,36.14071],[139.56083,36.14079],[139.56107,36.14089],[139.56118,36.14119],[139.56147,36.14136],[139.56156,36.14147],[139.56166,36.14204],[139.56175,36.14223],[139.56201,36.14246],[139.56265,36.14281],[139.56274,36.14292],[139.56277,36.14308],[139.56286,36.14316],[139.56324,36.14323],[139.56359,36.1432],[139.56375,36.14307],[139.5637,36.14278],[139.56379,36.14262],[139.56396,36.14257],[139.56421,36.14256],[139.56459,36.14263],[139.56468,36.1427],[139.56475,36.14294],[139.56488,36.143],[139.56507,36.14302],[139.56514,36.14309],[139.56509,36.14362],[139.56517,36.14381],[139.56552,36.14404],[139.56625,36.14431],[139.56648,36.1445],[139.56661,36.14473],[139.56671,36.14538],[139.56683,36.1456],[139.5671,36.14587],[139.56731,36.14599],[139.56752,36.14603],[139.56773,36.14601],[139.56804,36.14587],[139.56835,36.1458],[139.56866,36.14582],[139.56892,36.14594],[139.56903,36.14615],[139.56896,36.14656],[139.56901,36.1468],[139.56913,36.14691],[139.56941,36.14701],[139.56956,36.14719],[139.56958,36.14737],[139.56951,36.14769],[139.56956,36.14796],[139.56968,36.14811],[139.57011,36.1484],[139.57022,36.14857],[139.57023,36.14868],[139.57016,36.14885],[139.56968,36.1492],[139.56958,36.14938],[139.56959,36.14976],[139.56979,36.15038],[139.56979,36.15072],[139.56971,36.15088],[139.56948,36.15102],[139.56922,36.15111],[139.56892,36.15113],[139.56877,36.15122],[139.56866,36.1516],[139.56871,36.1525],[139.56866,36.1527],[139.56846,36.15304],[139.5681,36.15327],[139.56713,36.15354],[139.56681,36.1537],[139.56664,36.15389],[139.56658,36.1542],[139.56647,36.15434],[139.56628,36.15441],[139.56566,36.15437],[139.56538,36.15442],[139.56505,36.15465],[139.56482,36.15503],[139.56453,36.15533],[139.56425,36.15547],[139.56354,36.15562],[139.56353,36.15605],[139.56341,36.15627],[139.56278,36.15655],[139.56239,36.1569],[139.5622,36.15701],[139.56178,36.15701],[139.56102,36.15676],[139.56069,36.15675],[139.56043,36.15687],[139.56033,36.15697],[139.56017,36.15728],[139.55994,36.15755]],[[139.58884,35.96246],[139.58905,35.96242],[139.58957,35.9625],[139.58966,35.96246],[139.5897,35.96232],[139.58979,35.96223],[139.59016,35.96214],[139.59079,35.96212],[139.59136,35.96221],[139.59162,35.96234],[139.5919,35.96273],[139.59206,35.96281],[139.59258,35.96291],[139.59337,35.96294],[139.59571,35.96289],[139.59627,35.96293],[139.59659,35.96301],[139.59672,35.96315],[139.59679,35.96338],[139.59681,35.96372],[139.59674,35.96463],[139.59682,35.96497],[139.59691,35.9651],[139.59717,35.96526],[139.59756,35.96529],[139.59799,35.96545],[139.59821,35.96561],[139.59866,35.96609],[139.59913,35.96677],[139.59989,35.96823],[139.60009,35.96892],[139.60003,35.96938],[139.60008,35.96959],[139.6004,35.96983],[139.60051,35.97027],[139.60066,35.97052],[139.60131,35.97101],[139.60141,35.97118],[139.601,35.97154],[139.60067,35.97215],[139.60057,35.97267],[139.60065,35.97311],[139.60063,35.97327],[139.60055,35.97337],[139.6002,35.97342],[139.60005,35.97355],[139.60009,35.97426],[139.60001,35.97437],[139.59978,35.97451],[139.60002,35.97455],[139.60015,35.97468],[139.6002,35.97493],[139.60014,35.97523],[139.59994,35.97539],[139.59919,35.97551],[139.5991,35.97558],[139.59901,35.97582],[139.59889,35.97586],[139.59862,35.97589],[139.59853,35.97594],[139.59838,35.97622],[139.59826,35.97707],[139.59827,35.97866],[139.59833,35.97919],[139.59842,35.97951],[139.59871,35.97972],[139.59879,35.97986],[139.5988,35.97997],[139.59869,35.9801],[139.59828,35.98036],[139.59729,35.98077],[139.59642,35.98102],[139.59561,35.9811],[139.59539,35.98121],[139.59526,35.98136],[139.5951,35.98142],[139.59474,35.98143],[139.59425,35.98137],[139.59399,35.9814],[139.5938,35.98151],[139.59364,35.98179],[139.59353,35.9819],[139.59307,35.98209],[139.5923,35.98225],[139.59056,35.98243],[139.5895,35.9826],[139.58879,35.98283],[139.58856,35.98297],[139.58842,35.98314],[139.58837,35.98331],[139.58853,35.98396],[139.5887,35.98418],[139.5889,35.98425],[139.58903,35.98463],[139.58908,35.98572],[139.58898,35.9869],[139.58876,35.98779],[139.58847,35.98834],[139.58806,35.98883],[139.58758,35.98925],[139.58725,35.98961],[139.58714,35.98981],[139.58711,35.99006],[139.58703,35.99022],[139.58681,35.99028],[139.58672,35.9904],[139.58672,35.99086],[139.58695,35.99218],[139.58693,35.99253],[139.58683,35.99272],[139.58619,35.99287],[139.58552,35.99321],[139.5851,35.99337],[139.58423,35.9935],[139.58411,35.99359],[139.58401,35.99388],[139.58375,35.99398],[139.58297,35.99402],[139.58181,35.99396],[139.58096,35.99397],[139.5806,35.99403],[139.58013,35.99425],[139.57957,35.99432],[139.57893,35.99428],[139.57854,35.99417],[139.57822,35.99403],[139.57801,35.994],[139.5777,35.9941],[139.57718,35.99442],[139.57697,35.99446],[139.57642,35.99439],[139.57601,35.99443],[139.57537,35.99462],[139.57512,35.99479],[139.57511,35.99491],[139.57527,35.99508],[139.57536,35.99531],[139.57527,35.99592],[139.57529,35.99607],[139.57536,35.99618],[139.57562,35.99634],[139.57572,35.9965],[139.57585,35.99684],[139.57596,35.99738],[139.576,35.99798],[139.57595,35.99823],[139.57582,35.99836],[139.57554,35.99843],[139.57547,35.99853],[139.57545,35.99875],[139.57553,35.99916],[139.57589,36.00008],[139.57591,36.00033],[139.57582,36.00078],[139.57583,36.00103],[139.5759,36.00114],[139.57609,36.00125],[139.57618,36.00139],[139.57627,36.00206],[139.57623,36.00235],[139.57614,36.00256],[139.57599,36.00271],[139.5757,36.00279],[139.57551,36.00278],[139.57534,36.0027],[139.57488,36.0022],[139.57472,36.00277],[139.57472,36.003],[139.57488,36.00324],[139.57535,36.00358],[139.57543,36.00375],[139.57537,36.00393],[139.57497,36.00422],[139.5743,36.00451],[139.57378,36.00459],[139.57311,36.00455],[139.57287,36.00463],[139.57272,36.00483],[139.57265,36.00534],[139.57252,36.00567],[139.57222,36.00591],[139.572,36.006],[139.57144,36.00612],[139.57009,36.0063],[139.56983,36.00639],[139.56967,36.00654],[139.56951,36.0066],[139.56834,36.00656],[139.56823,36.00662],[139.56816,36.00681],[139.56804,36.00687],[139.56707,36.00699],[139.56641,36.00726],[139.56605,36.00734],[139.56564,36.00736],[139.56531,36.00732],[139.56515,36.00726],[139.5649,36.00704],[139.5648,36.00714],[139.56468,36.00736],[139.56446,36.00752],[139.56359,36.00765],[139.56324,36.0078],[139.56292,36.00803],[139.56256,36.00816],[139.56231,36.00817],[139.56191,36.0081],[139.56166,36.00798],[139.56157,36.00789],[139.56155,36.00778],[139.56148,36.00773],[139.56111,36.00767],[139.55724,36.0077],[139.55682,36.00764],[139.55659,36.00745],[139.55648,36.00772],[139.55629,36.00778],[139.55599,36.00778],[139.55564,36.00763],[139.55516,36.0072],[139.55482,36.00705],[139.55444,36.00695],[139.55427,36.00684],[139.55418,36.00659],[139.55425,36.00628],[139.55423,36.00607],[139.55416,36.006],[139.55388,36.00594],[139.55362,36.00577],[139.55333,36.00548],[139.55312,36.00516],[139.55307,36.00487],[139.55317,36.00462],[139.55335,36.00443],[139.55379,36.00422],[139.5539,36.00403],[139.55388,36.00352],[139.5537,36.00261],[139.55371,36.00227],[139.55381,36.00204],[139.55428,36.00168],[139.55436,36.00145],[139.55423,36.00119],[139.55361,36.00057],[139.5535,36.00023],[139.55334,36.00015],[139.55298,36.00011],[139.55283,36.00002],[139.55272,35.99975],[139.55266,35.99923],[139.55254,35.999],[139.55235,35.99879],[139.55189,35.99847],[139.55178,35.9983],[139.55197,35.99813],[139.55207,35.99792],[139.55215,35.99736],[139.55218,35.99657],[139.55234,35.99598],[139.55253,35.99573],[139.5529,35.99552],[139.55309,35.99529],[139.55308,35.9951],[139.55291,35.99468],[139.55295,35.9945],[139.5531,35.99436],[139.55356,35.99411],[139.55369,35.99398],[139.55373,35.99383],[139.55366,35.99349],[139.55384,35.99315],[139.55432,35.9928],[139.55471,35.99269],[139.55478,35.99263],[139.55473,35.99237],[139.55448,35.99193],[139.55439,35.99164],[139.55446,35.99143],[139.55455,35.99135],[139.55485,35.99124],[139.55542,35.99113],[139.55572,35.991],[139.55594,35.99082],[139.55618,35.99052],[139.55636,35.9904],[139.5567,35.99038],[139.5571,35.9905],[139.55736,35.99045],[139.55771,35.99015],[139.55821,35.98934],[139.55838,35.98917],[139.55853,35.98909],[139.55883,35.98917],[139.55915,35.98948],[139.55948,35.98955],[139.55992,35.98948],[139.56016,35.98925],[139.56034,35.98917],[139.56077,35.98911],[139.56171,35.98914],[139.56214,35.98925],[139.56247,35.9894],[139.5627,35.98942],[139.56294,35.98938],[139.56348,35.98911],[139.56382,35.98902],[139.564,35.98904],[139.56431,35.98923],[139.56462,35.98931],[139.56513,35.98932],[139.56535,35.98923],[139.56539,35.98911],[139.56532,35.98888],[139.56534,35.98874],[139.5655,35.9886],[139.56569,35.98853],[139.56578,35.98842],[139.56593,35.98796],[139.56605,35.98666],[139.56608,35.9848],[139.56616,35.98346],[139.56625,35.98296],[139.56645,35.98268],[139.56654,35.98237],[139.56668,35.98034],[139.56683,35.97979],[139.567,35.97965],[139.56728,35.97963],[139.56743,35.97955],[139.56752,35.97925],[139.56784,35.97903],[139.56794,35.97891],[139.56802,35.97861],[139.56804,35.97822],[139.56816,35.97792],[139.5683,35.97779],[139.56876,35.97758],[139.56894,35.97733],[139.56907,35.97702],[139.56923,35.97689],[139.56945,35.97682],[139.57008,35.97687],[139.57044,35.97683],[139.5706,35.97673],[139.57075,35.9765],[139.57108,35.97638],[139.57252,35.97643],[139.57299,35.97636],[139.57359,35.97614],[139.57431,35.97621],[139.57569,35.97604],[139.57628,35.97586],[139.57674,35.9756],[139.57705,35.97526],[139.57715,35.97505],[139.5773,35.97446],[139.57729,35.97421],[139.57719,35.97407],[139.57691,35.97402],[139.57674,35.97395],[139.57661,35.97383],[139.57644,35.97343],[139.57626,35.97318],[139.57609,35.97308],[139.57573,35.97294],[139.57557,35.97281],[139.57553,35.97266],[139.57562,35.97247],[139.57609,35.97223],[139.5761,35.97124],[139.57622,35.97077],[139.57637,35.97061],[139.57665,35.97049],[139.57685,35.97031],[139.57694,35.96983],[139.57703,35.96967],[139.57719,35.96957],[139.57769,35.96948],[139.57794,35.96924],[139.5783,35.9685],[139.57863,35.96742],[139.5789,35.9669],[139.57906,35.96671],[139.57941,35.96651],[139.57961,35.96648],[139.58031,35.96653],[139.58053,35.96649],[139.58066,35.96641],[139.58075,35.9661],[139.58068,35.96524],[139.58082,35.96498],[139.58114,35.96477],[139.58137,35.96468],[139.58195,35.96456],[139.58265,35.96447],[139.583,35.96452],[139.58313,35.96481],[139.58344,35.96496],[139.58389,35.96498],[139.58438,35.96491],[139.58485,35.96477],[139.58496,35.96467],[139.58507,35.96437],[139.58554,35.96414],[139.58557,35.96372],[139.58572,35.96357],[139.58618,35.96348],[139.58684,35.96346],[139.5873,35.9634],[139.58745,35.96332],[139.5875,35.96316],[139.58759,35.96307],[139.58785,35.96295],[139.58844,35.96279],[139.58867,35.96265],[139.58884,35.96246]],[[139.63417,35.97646],[139.63422,35.97705],[139.6341,35.97823],[139.63415,35.97857],[139.63425,35.97865],[139.63447,35.97871],[139.63464,35.97883],[139.63544,35.97971],[139.63614,35.98006],[139.63622,35.98026],[139.63603,35.9806],[139.63553,35.98098],[139.63517,35.9811],[139.63465,35.98115],[139.63448,35.98124],[139.63439,35.9815],[139.63446,35.982],[139.63441,35.98221],[139.63405,35.98233],[139.63391,35.98267],[139.63355,35.98274],[139.63334,35.98287],[139.63313,35.98309],[139.63306,35.98327],[139.63311,35.98356],[139.63335,35.98389],[139.63377,35.98424],[139.63427,35.98445],[139.63438,35.98463],[139.63435,35.9848],[139.63415,35.98522],[139.63413,35.9854],[139.63418,35.98555],[139.63439,35.98578],[139.63439,35.98595],[139.63423,35.98612],[139.634,35.98622],[139.63372,35.98623],[139.63334,35.98617],[139.63313,35.98626],[139.633,35.98647],[139.63297,35.9867],[139.63306,35.9869],[139.63323,35.98707],[139.63324,35.98719],[139.63315,35.9873],[139.63269,35.98753],[139.63249,35.98768],[139.63237,35.98785],[139.63232,35.98806],[139.63241,35.98852],[139.63269,35.98875],[139.63276,35.98892],[139.63277,35.98938],[139.6327,35.99002],[139.63279,35.9906],[139.63296,35.99094],[139.63345,35.99151],[139.63371,35.99193],[139.63385,35.99236],[139.63382,35.99272],[139.6336,35.99298],[139.63321,35.99315],[139.63272,35.99322],[139.63211,35.99315],[139.63186,35.99322],[139.63172,35.99332],[139.63166,35.99345],[139.6317,35.99358],[139.63221,35.994],[139.63239,35.99435],[139.63238,35.99463],[139.63212,35.99556],[139.6322,35.99616],[139.63214,35.9964],[139.63202,35.99651],[139.63157,35.99672],[139.63144,35.99688],[139.63124,35.99729],[139.63097,35.99752],[139.63055,35.99774],[139.62906,35.99828],[139.62854,35.99854],[139.62841,35.99867],[139.62832,35.99892],[139.62804,35.99909],[139.62794,35.99922],[139.62786,35.99951],[139.62784,35.9999],[139.62772,36.00017],[139.62758,36.00026],[139.62723,36.00032],[139.62714,36.00041],[139.62718,36.00109],[139.62711,36.00116],[139.62683,36.00122],[139.62674,36.00143],[139.62683,36.00158],[139.62712,36.00165],[139.62729,36.00184],[139.62741,36.00222],[139.62747,36.00267],[139.62736,36.00297],[139.62701,36.00315],[139.62689,36.00329],[139.62684,36.00364],[139.62689,36.00412],[139.62672,36.00457],[139.62646,36.00483],[139.6255,36.00544],[139.62537,36.00559],[139.62526,36.00583],[139.62507,36.0059],[139.62477,36.00592],[139.62454,36.00601],[139.62337,36.00692],[139.62314,36.00701],[139.62256,36.0071],[139.62206,36.00736],[139.62147,36.00739],[139.62071,36.00726],[139.6203,36.00705],[139.61988,36.00656],[139.61972,36.00643],[139.61943,36.00634],[139.61918,36.00641],[139.61913,36.00666],[139.61932,36.00726],[139.61932,36.00753],[139.61914,36.00782],[139.61859,36.00814],[139.6186,36.00821],[139.61878,36.00831],[139.6189,36.00853],[139.61895,36.00914],[139.61882,36.00966],[139.61845,36.01049],[139.61834,36.01137],[139.61821,36.01158],[139.61793,36.0118],[139.61785,36.01204],[139.61782,36.01236],[139.61771,36.01264],[139.61729,36.01296],[139.61721,36.01309],[139.61729,36.01331],[139.61764,36.01365],[139.61779,36.0139],[139.61783,36.01416],[139.61775,36.01435],[139.61756,36.01444],[139.61708,36.01451],[139.61683,36.01467],[139.61659,36.01491],[139.6161,36.01513],[139.61535,36.01532],[139.61409,36.0155],[139.6137,36.01547],[139.61352,36.01536],[139.61342,36.01515],[139.61334,36.01456],[139.61321,36.01438],[139.613,36.01431],[139.61272,36.01445],[139.61235,36.01481],[139.61197,36.0153],[139.61171,36.01577],[139.61152,36.01633],[139.61139,36.01652],[139.61109,36.01668],[139.6107,36.01672],[139.61054,36.01684],[139.61044,36.01721],[139.61052,36.01792],[139.61047,36.0183],[139.61011,36.01878],[139.60984,36.01962],[139.60969,36.01984],[139.60946,36.01995],[139.60932,36.01998],[139.60899,36.01994],[139.60872,36.01987],[139.60852,36.0197],[139.60855,36.01934],[139.60847,36.01927],[139.6083,36.01925],[139.60768,36.01942],[139.60739,36.01961],[139.60716,36.01984],[139.60696,36.01994],[139.60655,36.01998],[139.60583,36.01992],[139.60563,36.01999],[139.60563,36.02014],[139.60572,36.02024],[139.60655,36.02052],[139.6067,36.02066],[139.60672,36.02077],[139.60663,36.02103],[139.60634,36.02142],[139.60606,36.02161],[139.60579,36.02166],[139.60569,36.02177],[139.60563,36.02196],[139.60557,36.02268],[139.60547,36.02287],[139.60533,36.02297],[139.60514,36.02299],[139.60485,36.02295],[139.60439,36.02269],[139.60414,36.02262],[139.60364,36.02268],[139.60329,36.02264],[139.60237,36.02219],[139.60202,36.0221],[139.60181,36.02208],[139.60148,36.02219],[139.60124,36.02253],[139.60106,36.02266],[139.6009,36.02267],[139.60046,36.02261],[139.60037,36.02265],[139.60032,36.02283],[139.60023,36.02289],[139.59997,36.0229],[139.5994,36.02283],[139.59928,36.02287],[139.59921,36.02306],[139.59905,36.02316],[139.59846,36.0232],[139.59797,36.0231],[139.59719,36.02279],[139.59619,36.02268],[139.59578,36.02245],[139.59555,36.02239],[139.59411,36.02242],[139.59377,36.02235],[139.59317,36.02206],[139.59279,36.02195],[139.59205,36.02185],[139.59095,36.02181],[139.59063,36.02173],[139.59048,36.02161],[139.59053,36.02131],[139.59047,36.02119],[139.59035,36.0211],[139.59007,36.02099],[139.58988,36.02078],[139.5898,36.0203],[139.58989,36.01981],[139.59017,36.01933],[139.59025,36.01909],[139.59021,36.01774],[139.59029,36.01747],[139.59065,36.01708],[139.59084,36.0167],[139.59091,36.01637],[139.59091,36.01582],[139.59085,36.01557],[139.59073,36.01543],[139.59056,36.0154],[139.59026,36.01545],[139.59,36.01541],[139.58978,36.01527],[139.58963,36.01496],[139.58954,36.01393],[139.58965,36.01328],[139.58991,36.01278],[139.59027,36.01243],[139.59035,36.01218],[139.59028,36.01193],[139.59019,36.01179],[139.58949,36.01111],[139.58934,36.01086],[139.58928,36.01062],[139.58933,36.01032],[139.58945,36.01017],[139.58964,36.01006],[139.59001,36.00995],[139.5902,36.00977],[139.59019,36.0096],[139.59002,36.00927],[139.58993,36.00894],[139.58996,36.0086],[139.59005,36.00838],[139.59031,36.00814],[139.59057,36.00803],[139.5909,36.00797],[139.59131,36.00795],[139.59157,36.00802],[139.59184,36.00828],[139.59225,36.00836],[139.59232,36.00847],[139.59235,36.00862],[139.59246,36.00873],[139.5928,36.00877],[139.59306,36.00869],[139.59324,36.00848],[139.59335,36.00804],[139.5933,36.0077],[139.59311,36.00726],[139.59319,36.00709],[139.59363,36.00691],[139.59414,36.00685],[139.59462,36.00673],[139.59499,36.00652],[139.59526,36.00623],[139.59552,36.00569],[139.59564,36.00553],[139.59597,36.00529],[139.59639,36.00512],[139.59737,36.00496],[139.59779,36.00475],[139.59789,36.00456],[139.59794,36.00419],[139.59802,36.00409],[139.59827,36.00401],[139.59839,36.00378],[139.59873,36.00181],[139.59892,36.0014],[139.59904,36.00126],[139.59934,36.00112],[139.59983,36.00108],[139.60012,36.00098],[139.60037,36.00083],[139.60081,36.00044],[139.60118,36.00027],[139.60158,36.00023],[139.60189,36.00027],[139.60201,36.00033],[139.60208,36.00053],[139.60219,36.0006],[139.60253,36.00055],[139.60262,36.00049],[139.60277,36.00024],[139.60286,35.99983],[139.60297,35.99838],[139.60312,35.998],[139.60336,35.99779],[139.60351,35.99775],[139.60384,35.99777],[139.6042,35.99789],[139.60436,35.99805],[139.60457,35.99851],[139.60481,35.99866],[139.60506,35.99861],[139.60535,35.99835],[139.60561,35.99828],[139.60753,35.99817],[139.60795,35.99807],[139.60822,35.99792],[139.60829,35.99782],[139.60834,35.99761],[139.60825,35.99739],[139.60808,35.99732],[139.60756,35.99729],[139.6072,35.9972],[139.60687,35.99705],[139.60674,35.99688],[139.60675,35.99646],[139.60706,35.99563],[139.60718,35.99501],[139.60715,35.99464],[139.60696,35.994],[139.60702,35.99366],[139.60716,35.99351],[139.6076,35.99332],[139.60848,35.99323],[139.60863,35.99318],[139.60872,35.99311],[139.60882,35.99288],[139.60901,35.99281],[139.6093,35.99279],[139.60949,35.9927],[139.60963,35.99229],[139.60983,35.99216],[139.6102,35.99213],[139.61054,35.99217],[139.61076,35.99228],[139.61102,35.99254],[139.61133,35.99257],[139.61146,35.99244],[139.61157,35.99178],[139.61176,35.99149],[139.61209,35.9913],[139.6127,35.99123],[139.61288,35.99112],[139.61295,35.99085],[139.61294,35.99065],[139.61258,35.98933],[139.61252,35.98895],[139.61255,35.98872],[139.61282,35.98848],[139.61293,35.98792],[139.61304,35.98775],[139.61337,35.98757],[139.61408,35.9874],[139.61424,35.98731],[139.6143,35.98721],[139.61421,35.987],[139.61376,35.98688],[139.61357,35.98663],[139.61354,35.9863],[139.61366,35.98511],[139.61361,35.98484],[139.61344,35.98455],[139.61342,35.9844],[139.61368,35.98423],[139.61451,35.98409],[139.61486,35.98398],[139.6152,35.98374],[139.61535,35.98342],[139.61561,35.98318],[139.61587,35.98307],[139.61651,35.98293],[139.61687,35.98276],[139.61718,35.98244],[139.61736,35.98194],[139.61737,35.98172],[139.61732,35.98163],[139.61708,35.98151],[139.61637,35.98149],[139.61503,35.98163],[139.6146,35.98159],[139.61436,35.98147],[139.61432,35.98127],[139.61437,35.98099],[139.61445,35.98086],[139.61469,35.98069],[139.61476,35.98047],[139.61478,35.97991],[139.61471,35.97913],[139.6148,35.97861],[139.61497,35.97843],[139.61561,35.97833],[139.61569,35.97825],[139.61571,35.97814],[139.61557,35.97802],[139.61524,35.97788],[139.614,35.97756],[139.61338,35.97734],[139.61295,35.97705],[139.61271,35.97668],[139.61267,35.97648],[139.61269,35.97605],[139.61284,35.9756],[139.61303,35.97542],[139.61349,35.97527],[139.6136,35.97514],[139.61341,35.97491],[139.61332,35.97458],[139.6134,35.97372],[139.61335,35.97329],[139.61323,35.97309],[139.61295,35.97287],[139.61283,35.97264],[139.61278,35.9721],[139.61286,35.97139],[139.61285,35.97088],[139.61277,35.97069],[139.61265,35.9706],[139.61254,35.97044],[139.61243,35.96993],[139.61242,35.96883],[139.6125,35.96822],[139.6126,35.96799],[139.61292,35.96775],[139.61297,35.96755],[139.61288,35.96736],[139.61247,35.96707],[139.61237,35.96674],[139.61224,35.96668],[139.61204,35.96666],[139.61192,35.96657],[139.61181,35.96608],[139.61168,35.96593],[139.61137,35.96572],[139.61116,35.96526],[139.61115,35.96432],[139.6114,35.96211],[139.61133,35.96088],[139.61114,35.96021],[139.61055,35.95919],[139.61035,35.95876],[139.61024,35.95837],[139.61017,35.9576],[139.6101,35.95739],[139.60984,35.95702],[139.60989,35.95668],[139.61026,35.95592],[139.61026,35.95568],[139.61013,35.9555],[139.60965,35.95525],[139.60939,35.95504],[139.60928,35.95488],[139.60917,35.95454],[139.60913,35.95412],[139.60918,35.95393],[139.60931,35.95383],[139.60956,35.9538],[139.60972,35.95372],[139.60984,35.95357],[139.60986,35.95343],[139.60975,35.95313],[139.6094,35.95259],[139.60926,35.95225],[139.60915,35.95167],[139.6091,35.95083],[139.60901,35.95051],[139.60886,35.95025],[139.60867,35.95006],[139.6085,35.95001],[139.60844,35.95004],[139.60835,35.95022],[139.60829,35.95098],[139.6082,35.95129],[139.60804,35.95148],[139.60794,35.95154],[139.60768,35.95157],[139.60743,35.95152],[139.60721,35.95143],[139.60676,35.95097],[139.60636,35.95085],[139.60576,35.95081],[139.60403,35.95095],[139.60308,35.95092],[139.60273,35.9508],[139.60264,35.95071],[139.60251,35.95042],[139.60238,35.95029],[139.60222,35.95022],[139.60186,35.95016],[139.60176,35.94999],[139.60183,35.94957],[139.60182,35.94907],[139.60163,35.94816],[139.60135,35.94743],[139.60121,35.94723],[139.60101,35.94708],[139.60092,35.94685],[139.60084,35.94624],[139.60082,35.94538],[139.60074,35.94493],[139.60058,35.94463],[139.60048,35.94453],[139.59998,35.94434],[139.59979,35.94419],[139.59965,35.94392],[139.59946,35.94321],[139.59842,35.94232],[139.59821,35.94205],[139.5981,35.94181],[139.5981,35.94139],[139.59817,35.94127],[139.59826,35.9412],[139.59855,35.94123],[139.59872,35.94163],[139.599,35.94177],[139.5991,35.94174],[139.59916,35.94164],[139.59919,35.94135],[139.59906,35.94073],[139.59863,35.9396],[139.59827,35.93903],[139.59797,35.93886],[139.59797,35.93856],[139.59818,35.93786],[139.59823,35.93743],[139.59818,35.93723],[139.59787,35.93684],[139.59776,35.93631],[139.59764,35.93616],[139.5974,35.93601],[139.59745,35.93593],[139.59763,35.93583],[139.59771,35.93568],[139.59772,35.93533],[139.59762,35.93486],[139.59748,35.93459],[139.5973,35.93438],[139.59681,35.9341],[139.59664,35.93393],[139.59656,35.93373],[139.59661,35.93321],[139.59657,35.933],[139.59635,35.93279],[139.5961,35.93272],[139.59585,35.93258],[139.59563,35.93236],[139.59507,35.93111],[139.5948,35.93091],[139.59449,35.93093],[139.59439,35.9309],[139.59408,35.9306],[139.59369,35.92982],[139.59366,35.9294],[139.59378,35.92926],[139.59425,35.9292],[139.59446,35.92907],[139.5946,35.92862],[139.59489,35.92854],[139.59502,35.92842],[139.5951,35.92794],[139.59533,35.92757],[139.59648,35.92665],[139.59666,35.92643],[139.59676,35.92607],[139.59696,35.92582],[139.598,35.92518],[139.59811,35.92505],[139.59821,35.92474],[139.5986,35.92435],[139.59893,35.92421],[139.59918,35.9242],[139.59992,35.9244],[139.59996,35.92436],[139.59989,35.92409],[139.60004,35.92386],[139.60043,35.92365],[139.60091,35.9236],[139.60108,35.92353],[139.60121,35.9234],[139.60138,35.923],[139.60156,35.92276],[139.60224,35.92244],[139.60299,35.92182],[139.60341,35.92174],[139.60406,35.92188],[139.60446,35.92186],[139.60467,35.92174],[139.60506,35.9213],[139.60533,35.92123],[139.60562,35.92129],[139.60582,35.92128],[139.60597,35.92099],[139.60646,35.9209],[139.60669,35.92071],[139.60689,35.92016],[139.60689,35.91978],[139.60673,35.91959],[139.60635,35.91955],[139.60609,35.91946],[139.60574,35.91917],[139.60554,35.91875],[139.60546,35.91835],[139.6055,35.9181],[139.60562,35.91788],[139.60636,35.91731],[139.60655,35.91691],[139.60709,35.91676],[139.60758,35.9164],[139.60781,35.91612],[139.60793,35.91575],[139.60832,35.91536],[139.60869,35.91513],[139.6092,35.915],[139.60962,35.91461],[139.60987,35.91445],[139.61036,35.91438],[139.61052,35.91431],[139.61065,35.91418],[139.61083,35.91378],[139.61099,35.91359],[139.61135,35.91336],[139.61185,35.91318],[139.61229,35.91294],[139.61265,35.91265],[139.61282,35.9124],[139.61284,35.91203],[139.6127,35.91155],[139.61187,35.91003],[139.61167,35.90955],[139.61159,35.90918],[139.61163,35.90868],[139.61147,35.90855],[139.61118,35.9085],[139.61091,35.90822],[139.6104,35.9068],[139.6102,35.90646],[139.61,35.90633],[139.60993,35.90615],[139.60992,35.90569],[139.60997,35.90527],[139.61013,35.90467],[139.61028,35.90435],[139.61046,35.90408],[139.61076,35.90379],[139.61102,35.90362],[139.61136,35.90352],[139.61146,35.90331],[139.61149,35.90294],[139.61144,35.90263],[139.61131,35.90247],[139.61106,35.90241],[139.61096,35.90224],[139.61094,35.90194],[139.61101,35.90169],[139.61121,35.90156],[139.61149,35.90154],[139.61169,35.90148],[139.61182,35.90117],[139.61215,35.90108],[139.61226,35.901],[139.61258,35.90024],[139.61278,35.90003],[139.6133,35.89992],[139.61357,35.8998],[139.61439,35.89922],[139.61491,35.89892],[139.61616,35.89854],[139.61662,35.89817],[139.61691,35.89802],[139.61757,35.89782],[139.61846,35.89763],[139.61924,35.89734],[139.61986,35.89692],[139.62018,35.89659],[139.62035,35.89631],[139.62039,35.89606],[139.62035,35.89596],[139.6201,35.89569],[139.61998,35.8954],[139.62001,35.8952],[139.62017,35.89487],[139.62015,35.89459],[139.62,35.89445],[139.61951,35.89417],[139.61933,35.89396],[139.61919,35.89369],[139.61903,35.89309],[139.61888,35.89284],[139.6185,35.89273],[139.61828,35.89252],[139.61819,35.89219],[139.61811,35.89137],[139.61798,35.89121],[139.6177,35.89113],[139.61762,35.89097],[139.61756,35.8906],[139.61743,35.89046],[139.61725,35.89035],[139.61717,35.89024],[139.61722,35.88947],[139.61706,35.88918],[139.61672,35.88883],[139.61663,35.88864],[139.61662,35.88843],[139.61669,35.88799],[139.61663,35.88779],[139.61651,35.88761],[139.61609,35.8872],[139.61597,35.887],[139.61601,35.88676],[139.61651,35.88662],[139.61664,35.88649],[139.6167,35.88632],[139.61665,35.88615],[139.61642,35.88592],[139.61629,35.88569],[139.61623,35.88518],[139.61616,35.88497],[139.61606,35.8849],[139.61578,35.88484],[139.6157,35.88474],[139.61574,35.88448],[139.61608,35.88422],[139.61561,35.88399],[139.61549,35.88386],[139.61543,35.88369],[139.61547,35.88322],[139.61555,35.88312],[139.61586,35.88301],[139.61601,35.88271],[139.61613,35.88219],[139.61607,35.88169],[139.61566,35.88068],[139.61437,35.87854],[139.61405,35.87792],[139.6139,35.87751],[139.61393,35.87729],[139.61409,35.87711],[139.61477,35.87671],[139.61619,35.87618],[139.61655,35.87611],[139.6171,35.8761],[139.61705,35.87551],[139.61692,35.87536],[139.61663,35.87519],[139.61655,35.875],[139.61664,35.87479],[139.61692,35.87473],[139.61699,35.87466],[139.61694,35.87414],[139.61703,35.87396],[139.61738,35.87378],[139.61831,35.87361],[139.61896,35.87337],[139.61924,35.87314],[139.61934,35.87287],[139.61945,35.87277],[139.6201,35.8726],[139.62038,35.87248],[139.62058,35.87227],[139.62069,35.87198],[139.6207,35.87144],[139.62063,35.87107],[139.62053,35.87095],[139.62034,35.8709],[139.62025,35.87079],[139.62017,35.87048],[139.62011,35.86978],[139.61998,35.86959],[139.61979,35.86955],[139.6197,35.86948],[139.61961,35.86917],[139.61964,35.86888],[139.6197,35.86875],[139.61979,35.86868],[139.62016,35.8686],[139.62029,35.86847],[139.62035,35.86829],[139.62043,35.867],[139.62046,35.86326],[139.621,35.86199],[139.62129,35.86155],[139.62158,35.86133],[139.62173,35.86127],[139.62236,35.8612],[139.62259,35.86113],[139.62275,35.86101],[139.62299,35.86067],[139.62332,35.86056],[139.62359,35.86058],[139.62371,35.86063],[139.62384,35.86096],[139.62403,35.86111],[139.62423,35.86116],[139.62444,35.86112],[139.62465,35.86099],[139.62475,35.86085],[139.6248,35.8606],[139.62475,35.86018],[139.62489,35.86003],[139.62544,35.8599],[139.62651,35.85987],[139.62693,35.85978],[139.62698,35.85974],[139.62694,35.85953],[139.62699,35.85945],[139.62753,35.85921],[139.62765,35.85907],[139.62766,35.85896],[139.62758,35.85877],[139.62729,35.8586],[139.6272,35.85847],[139.62712,35.85817],[139.6271,35.85778],[139.62698,35.85748],[139.62684,35.85736],[139.62656,35.85724],[139.62644,35.85707],[139.62639,35.85667],[139.62645,35.85597],[139.62629,35.85563],[139.62608,35.85551],[139.62581,35.85543],[139.62558,35.85529],[139.6253,35.85494],[139.62507,35.85448],[139.62474,35.85419],[139.62446,35.85412],[139.62366,35.85415],[139.62327,35.85403],[139.62306,35.85387],[139.6229,35.85369],[139.62282,35.8535],[139.6228,35.85329],[139.62287,35.85296],[139.62283,35.85279],[139.6227,35.85266],[139.62222,35.8525],[139.62199,35.85233],[139.62171,35.85193],[139.62147,35.85139],[139.62122,35.85111],[139.62089,35.85094],[139.62069,35.85089],[139.61952,35.85079],[139.61932,35.85072],[139.61923,35.85061],[139.61913,35.85014],[139.61909,35.84904],[139.61901,35.84866],[139.61875,35.84827],[139.61838,35.84807],[139.61823,35.84792],[139.61821,35.84764],[139.61837,35.84732],[139.61842,35.84708],[139.61837,35.84697],[139.6181,35.84678],[139.61801,35.84651],[139.61806,35.84621],[139.61819,35.84607],[139.61837,35.84596],[139.6184,35.84586],[139.61834,35.8457],[139.61803,35.84528],[139.618,35.84506],[139.61803,35.84495],[139.6182,35.84472],[139.61891,35.84416],[139.61906,35.84393],[139.61912,35.84371],[139.61907,35.84338],[139.61895,35.84318],[139.61839,35.84273],[139.61817,35.84245],[139.61814,35.8422],[139.6183,35.84162],[139.61905,35.84086],[139.61922,35.84077],[139.61944,35.84072],[139.61957,35.84062],[139.61973,35.8402],[139.61993,35.83899],[139.62009,35.83852],[139.62049,35.83816],[139.62107,35.83704],[139.62125,35.8368],[139.62155,35.83652],[139.62205,35.83629],[139.62285,35.83621],[139.62313,35.83614],[139.62346,35.83593],[139.62377,35.83553],[139.62408,35.83537],[139.62494,35.83526],[139.62555,35.83495],[139.62589,35.83502],[139.6261,35.83501],[139.62648,35.8348],[139.62696,35.83466],[139.62877,35.8344],[139.62925,35.83421],[139.62956,35.83391],[139.62984,35.83377],[139.63013,35.8338],[139.63021,35.8339],[139.63024,35.8341],[139.63052,35.83387],[139.63094,35.83383],[139.6318,35.83393],[139.63225,35.83411],[139.6324,35.83428],[139.63252,35.83484],[139.63295,35.83521],[139.63353,35.83628],[139.6338,35.83652],[139.6341,35.83663],[139.63441,35.83681],[139.63492,35.83732],[139.63504,35.83756],[139.63509,35.83782],[139.63502,35.83835],[139.63507,35.83862],[139.63519,35.83871],[139.63548,35.83874],[139.63569,35.83885],[139.6359,35.83904],[139.63645,35.83975],[139.63675,35.83992],[139.6371,35.83998],[139.63768,35.83992],[139.63797,35.83983],[139.63815,35.83971],[139.63831,35.83924],[139.6385,35.83904],[139.63899,35.8387],[139.63917,35.83831],[139.6398,35.83797],[139.64002,35.8378],[139.64006,35.83769],[139.63999,35.83739],[139.64008,35.83716],[139.64029,35.83692],[139.64062,35.83677],[139.64106,35.8367],[139.64151,35.83674],[139.64177,35.83686],[139.64186,35.83716],[139.64199,35.83728],[139.64238,35.83737],[139.64299,35.83736],[139.64349,35.83726],[139.64407,35.83707],[139.64613,35.83616],[139.64649,35.83606],[139.64696,35.836],[139.64708,35.83589],[139.64716,35.83567],[139.64731,35.83556],[139.6477,35.83539],[139.64832,35.83521],[139.64872,35.83514],[139.64892,35.83517],[139.64907,35.8353],[139.64934,35.83571],[139.64949,35.83578],[139.64978,35.83582],[139.65028,35.83568],[139.6511,35.83521],[139.65146,35.83506],[139.65185,35.83496],[139.65277,35.8349],[139.65294,35.83485],[139.65298,35.83477],[139.65281,35.83459],[139.65264,35.83419],[139.65233,35.83274],[139.65209,35.8324],[139.65179,35.83226],[139.65152,35.83195],[139.65114,35.831],[139.65094,35.83069],[139.65082,35.83058],[139.65054,35.83044],[139.64976,35.83037],[139.64944,35.83026],[139.64923,35.83009],[139.64907,35.82982],[139.64905,35.82958],[139.64913,35.82928],[139.6496,35.82849],[139.64972,35.82814],[139.64978,35.82751],[139.64971,35.82679],[139.64972,35.82632],[139.64979,35.82616],[139.65003,35.82606],[139.65015,35.82568],[139.65015,35.82522],[139.65008,35.82487],[139.64998,35.82472],[139.6497,35.82454],[139.64961,35.8243],[139.6497,35.8242],[139.64992,35.82414],[139.65091,35.82409],[139.65132,35.82396],[139.65143,35.82381],[139.65142,35.82339],[139.65156,35.82321],[139.65182,35.82307],[139.6524,35.82289],[139.65282,35.82269],[139.653,35.82254],[139.65328,35.82215],[139.65362,35.82186],[139.65508,35.82085],[139.65581,35.82027],[139.65612,35.81994],[139.65658,35.81926],[139.65671,35.81917],[139.65696,35.81913],[139.65666,35.81894],[139.6565,35.81873],[139.65636,35.81831],[139.65634,35.81791],[139.65642,35.81764],[139.65655,35.81745],[139.65666,35.81738],[139.65691,35.81734],[139.65699,35.81729],[139.65694,35.81674],[139.65703,35.81668],[139.65738,35.81667],[139.65739,35.81639],[139.65745,35.81625],[139.65793,35.81591],[139.65805,35.81576],[139.65811,35.81549],[139.65804,35.81516],[139.65813,35.81492],[139.6583,35.81481],[139.65881,35.81465],[139.65902,35.81449],[139.65961,35.81366],[139.65995,35.81339],[139.6606,35.81305],[139.66069,35.81293],[139.66073,35.81276],[139.66083,35.81265],[139.66175,35.81226],[139.66192,35.81215],[139.66198,35.81203],[139.66193,35.81181],[139.66201,35.8117],[139.6628,35.81124],[139.66309,35.81091],[139.66349,35.81028],[139.66371,35.8101],[139.66422,35.80984],[139.66448,35.80964],[139.66457,35.80948],[139.66466,35.80909],[139.66486,35.80889],[139.66514,35.80871],[139.66526,35.80856],[139.66531,35.80828],[139.66525,35.80787],[139.6653,35.80772],[139.66542,35.80761],[139.66589,35.8074],[139.66605,35.80707],[139.66665,35.80693],[139.6667,35.80684],[139.66664,35.80654],[139.66667,35.80639],[139.6668,35.80625],[139.66727,35.80601],[139.66753,35.80581],[139.66762,35.80566],[139.66768,35.80532],[139.66791,35.80499],[139.66821,35.80474],[139.66852,35.80459],[139.66877,35.80453],[139.6693,35.80452],[139.66913,35.80424],[139.66913,35.80408],[139.66949,35.80384],[139.66958,35.80359],[139.66975,35.80353],[139.67061,35.80341],[139.67217,35.80326],[139.67805,35.80285],[139.67961,35.80266],[139.68047,35.80245],[139.68064,35.80234],[139.68064,35.80223],[139.68058,35.80214],[139.68025,35.80202],[139.67928,35.80199],[139.67785,35.80213],[139.67684,35.80217],[139.67637,35.80208],[139.67631,35.8019],[139.67636,35.80185],[139.67659,35.80182],[139.67672,35.80176],[139.67681,35.80145],[139.67697,35.80124],[139.67724,35.801],[139.67754,35.80086],[139.67821,35.80074],[139.67973,35.80068],[139.68015,35.80064],[139.68042,35.80056],[139.68065,35.80035],[139.68084,35.80026],[139.68162,35.80012],[139.68255,35.8002],[139.68472,35.80068],[139.68664,35.80092],[139.68715,35.80109],[139.68728,35.80124],[139.68737,35.80159],[139.68772,35.80187],[139.68768,35.80254],[139.68777,35.8028],[139.68802,35.80328],[139.68804,35.80342],[139.68797,35.80352],[139.68782,35.8036],[139.68717,35.80364],[139.68567,35.80348],[139.68368,35.80319],[139.68428,35.80348],[139.68485,35.80363],[139.68731,35.80403],[139.6884,35.80424],[139.68928,35.80451],[139.68996,35.80483],[139.69022,35.80501],[139.6906,35.80539],[139.69091,35.80583],[139.69094,35.80603],[139.69072,35.80628],[139.69062,35.80649],[139.69059,35.80673],[139.69063,35.80687],[139.69079,35.807],[139.69129,35.80709],[139.69141,35.80725],[139.69141,35.80749],[139.69129,35.80773],[139.69105,35.80787],[139.69092,35.80802],[139.69086,35.80838],[139.69078,35.80854],[139.69049,35.80862],[139.69037,35.80871],[139.69023,35.8092],[139.69012,35.8093],[139.68976,35.80944],[139.6896,35.80956],[139.68964,35.80993],[139.68948,35.8101],[139.6891,35.81036],[139.68892,35.81058],[139.68833,35.81163],[139.68793,35.81203],[139.68707,35.81268],[139.6867,35.81323],[139.68659,35.8133],[139.68624,35.8134],[139.68616,35.81355],[139.68614,35.81379],[139.68598,35.81402],[139.68522,35.81445],[139.6851,35.8146],[139.68503,35.81491],[139.68492,35.81507],[139.68425,35.8152],[139.68388,35.81553],[139.68319,35.81576],[139.683,35.8159],[139.68288,35.81611],[139.68281,35.81673],[139.6827,35.81705],[139.68237,35.81751],[139.68179,35.81806],[139.68166,35.81832],[139.68165,35.81856],[139.68184,35.81898],[139.68184,35.81914],[139.68157,35.81922],[139.68149,35.81929],[139.68143,35.81964],[139.68135,35.8198],[139.68107,35.81988],[139.68097,35.81995],[139.68089,35.82016],[139.68087,35.82047],[139.68076,35.82068],[139.68018,35.82085],[139.68009,35.82097],[139.68002,35.82137],[139.67995,35.82145],[139.67971,35.82158],[139.67933,35.82165],[139.67819,35.8217],[139.67787,35.82181],[139.67784,35.82191],[139.67792,35.82204],[139.67803,35.82209],[139.6784,35.82213],[139.67854,35.82222],[139.67863,35.82238],[139.6787,35.82286],[139.67877,35.82295],[139.67901,35.82306],[139.67939,35.82307],[139.67991,35.82299],[139.68037,35.82285],[139.68072,35.82269],[139.68094,35.8225],[139.68109,35.82217],[139.68127,35.82197],[139.6817,35.82168],[139.68228,35.82142],[139.68271,35.82107],[139.68289,35.82078],[139.68302,35.82031],[139.68313,35.82012],[139.68328,35.82003],[139.68366,35.82015],[139.68375,35.82015],[139.68389,35.82006],[139.68416,35.81941],[139.68442,35.81922],[139.68461,35.81916],[139.68511,35.81913],[139.68634,35.81929],[139.68691,35.81929],[139.68739,35.81904],[139.68856,35.81895],[139.68894,35.81886],[139.68934,35.8186],[139.68969,35.81811],[139.69011,35.8179],[139.69047,35.81784],[139.69105,35.81787],[139.69152,35.81795],[139.69197,35.81811],[139.69218,35.81799],[139.69249,35.81748],[139.69286,35.81635],[139.69296,35.81567],[139.69288,35.81495],[139.6929,35.81476],[139.69298,35.81464],[139.69322,35.81445],[139.69332,35.81411],[139.69335,35.81358],[139.6933,35.81301],[139.69295,35.81186],[139.69295,35.8116],[139.6933,35.81147],[139.69336,35.81124],[139.69348,35.81113],[139.69392,35.81107],[139.69419,35.81095],[139.69473,35.81035],[139.695,35.81028],[139.69538,35.81032],[139.69553,35.81025],[139.69588,35.80965],[139.69611,35.80953],[139.69641,35.8095],[139.69664,35.80941],[139.69691,35.80901],[139.69701,35.80894],[139.69752,35.80897],[139.69847,35.80856],[139.69869,35.80862],[139.69881,35.80883],[139.69872,35.808],[139.69876,35.80771],[139.69889,35.80751],[139.6991,35.80739],[139.6997,35.80722],[139.70003,35.80701],[139.70022,35.80675],[139.70029,35.80636],[139.70038,35.80627],[139.70064,35.80622],[139.70114,35.80627],[139.70132,35.8062],[139.70146,35.80607],[139.70169,35.80558],[139.70193,35.8054],[139.70236,35.80532],[139.70248,35.80539],[139.7025,35.80554],[139.70258,35.80565],[139.70273,35.80569],[139.7029,35.80566],[139.70295,35.80553],[139.70287,35.80523],[139.70288,35.80501],[139.70301,35.80482],[139.70322,35.80467],[139.70349,35.80457],[139.70376,35.8046],[139.70391,35.80472],[139.70419,35.80516],[139.70442,35.80531],[139.70471,35.80539],[139.70501,35.80535],[139.70527,35.80509],[139.70568,35.80498],[139.7058,35.80472],[139.70576,35.80433],[139.70555,35.80416],[139.70507,35.80411],[139.70481,35.80401],[139.70471,35.80382],[139.70476,35.80355],[139.70489,35.80345],[139.70508,35.80343],[139.70521,35.80337],[139.70531,35.80304],[139.70568,35.80275],[139.70579,35.80246],[139.70584,35.80172],[139.70595,35.80142],[139.70621,35.80123],[139.70649,35.80086],[139.70713,35.79966],[139.70755,35.79901],[139.70841,35.79809],[139.70857,35.79775],[139.70867,35.79725],[139.70878,35.79712],[139.70915,35.79697],[139.70932,35.79684],[139.7095,35.79654],[139.70971,35.79596],[139.70981,35.79584],[139.71008,35.79576],[139.71024,35.79561],[139.71084,35.79457],[139.71126,35.79415],[139.71161,35.79401],[139.71221,35.79397],[139.71272,35.79384],[139.71299,35.79369],[139.71332,35.79338],[139.71357,35.79322],[139.71386,35.79313],[139.71418,35.79308],[139.71484,35.79313],[139.71571,35.79338],[139.71609,35.79342],[139.71632,35.79338],[139.7169,35.79316],[139.71752,35.79323],[139.71895,35.79295],[139.71959,35.79296],[139.71985,35.79303],[139.72015,35.79324],[139.72052,35.79404],[139.72067,35.79416],[139.72085,35.79422],[139.72124,35.79417],[139.72173,35.79391],[139.72202,35.79384],[139.72268,35.79377],[139.72355,35.79376],[139.72417,35.79366],[139.72448,35.79347],[139.72455,35.79325],[139.72449,35.79313],[139.72426,35.79308],[139.72409,35.79295],[139.7239,35.79246],[139.72388,35.79203],[139.72393,35.7915],[139.72397,35.7913],[139.72416,35.79093],[139.72454,35.79059],[139.72542,35.79012],[139.72652,35.78975],[139.72719,35.7896],[139.72781,35.78951],[139.72881,35.78951],[139.72909,35.78956],[139.72918,35.7896],[139.72922,35.78969],[139.72914,35.78979],[139.72888,35.7899],[139.72812,35.78996],[139.72768,35.79008],[139.72732,35.79034],[139.72713,35.79058],[139.72702,35.79107],[139.72709,35.79173],[139.72737,35.79255],[139.72751,35.79278],[139.72765,35.79287],[139.72777,35.79286],[139.7279,35.79277],[139.728,35.79232],[139.72823,35.79198],[139.72862,35.79168],[139.72896,35.79153],[139.7291,35.79152],[139.72928,35.79158],[139.72959,35.79205],[139.72988,35.79226],[139.73032,35.79237],[139.73089,35.79242],[139.73138,35.79242],[139.73174,35.79235],[139.7319,35.79228],[139.73214,35.79204],[139.73294,35.7919],[139.73346,35.79162],[139.73369,35.79162],[139.73404,35.79175],[139.73509,35.79205],[139.73549,35.79224],[139.73586,35.79256],[139.73624,35.79317],[139.73652,35.79339],[139.73695,35.79356],[139.73717,35.7939],[139.73754,35.79398],[139.73872,35.79405],[139.73899,35.79415],[139.73912,35.79447],[139.73976,35.7951],[139.73995,35.79545],[139.7401,35.79616],[139.74017,35.79726],[139.74029,35.79761],[139.74048,35.7978],[139.74097,35.79787],[139.74112,35.79794],[139.74121,35.79806],[139.74125,35.7983],[139.74136,35.79845],[139.74168,35.79865],[139.74228,35.7989],[139.74254,35.79916],[139.74261,35.79936],[139.74256,35.79975],[139.74243,35.79993],[139.7422,35.80007],[139.74215,35.80018],[139.74221,35.80069],[139.74212,35.80079],[139.74177,35.80096],[139.74158,35.8014],[139.74151,35.80188],[139.74148,35.80281],[139.74137,35.80344],[139.74122,35.80366],[139.74087,35.80374],[139.74079,35.80384],[139.74083,35.80451],[139.74049,35.8047],[139.74022,35.80534],[139.73995,35.80656],[139.73995,35.80715],[139.74006,35.80731],[139.74017,35.80737],[139.74052,35.80747],[139.74197,35.80754],[139.74266,35.80767],[139.74292,35.80783],[139.74308,35.80813],[139.74334,35.80831],[139.7436,35.80834],[139.74408,35.8083],[139.7444,35.80837],[139.74451,35.80851],[139.74461,35.80899],[139.74473,35.80912],[139.74509,35.80929],[139.74526,35.80945],[139.74548,35.81002],[139.74555,35.81058],[139.74553,35.81091],[139.74525,35.81169],[139.74536,35.81187],[139.74564,35.81198],[139.74579,35.81212],[139.74579,35.81233],[139.74571,35.81251],[139.74532,35.81289],[139.74438,35.8136],[139.74427,35.81375],[139.74419,35.814],[139.74403,35.81416],[139.743,35.81495],[139.74289,35.8151],[139.7428,35.81535],[139.74265,35.81552],[139.74161,35.8163],[139.74136,35.81677],[139.74066,35.8175],[139.73976,35.8183],[139.73879,35.81898],[139.73812,35.81935],[139.73743,35.81965],[139.73595,35.82005],[139.73381,35.82042],[139.72981,35.82096],[139.7285,35.82125],[139.72786,35.82156],[139.7275,35.82168],[139.72717,35.82171],[139.72702,35.82166],[139.72692,35.82145],[139.72698,35.82096],[139.72692,35.82076],[139.72675,35.82064],[139.72617,35.82054],[139.72597,35.82031],[139.7259,35.8199],[139.72591,35.81962],[139.72605,35.81862],[139.726,35.81811],[139.72591,35.81793],[139.72578,35.81779],[139.72562,35.8177],[139.72478,35.81762],[139.72442,35.8175],[139.72433,35.81736],[139.7243,35.81714],[139.72424,35.81704],[139.72383,35.81691],[139.72372,35.81658],[139.72341,35.81636],[139.72336,35.81623],[139.72338,35.81605],[139.72359,35.81553],[139.72364,35.81527],[139.72359,35.8149],[139.72342,35.81456],[139.72345,35.81429],[139.7236,35.81414],[139.72432,35.81376],[139.72473,35.81336],[139.72496,35.81321],[139.72542,35.81301],[139.72599,35.81284],[139.72621,35.81271],[139.72627,35.81256],[139.72625,35.81248],[139.7259,35.81214],[139.72569,35.81184],[139.72556,35.81152],[139.72556,35.81126],[139.72572,35.81114],[139.726,35.81111],[139.72624,35.81102],[139.72652,35.8106],[139.72665,35.81051],[139.72711,35.81043],[139.72728,35.81034],[139.72746,35.81008],[139.72754,35.80981],[139.72756,35.80952],[139.72752,35.80943],[139.72727,35.80945],[139.72698,35.80935],[139.72634,35.80879],[139.72604,35.80859],[139.72556,35.80843],[139.72505,35.80843],[139.72473,35.8085],[139.72442,35.80863],[139.72348,35.80923],[139.72281,35.80938],[139.72269,35.80954],[139.72265,35.80978],[139.7225,35.80995],[139.72222,35.81012],[139.72136,35.81046],[139.72079,35.81074],[139.71996,35.8114],[139.71975,35.81147],[139.71934,35.81143],[139.71907,35.81147],[139.71862,35.81185],[139.71845,35.81192],[139.71784,35.81187],[139.7176,35.81192],[139.71721,35.81209],[139.71689,35.81235],[139.71683,35.81264],[139.71714,35.8131],[139.7173,35.81353],[139.71731,35.81387],[139.71724,35.8146],[139.71729,35.81487],[139.71741,35.81507],[139.71789,35.81542],[139.71797,35.81565],[139.71786,35.8158],[139.71722,35.81603],[139.71703,35.81623],[139.71688,35.81673],[139.71678,35.81769],[139.7166,35.81812],[139.71631,35.81851],[139.71575,35.81901],[139.71544,35.81939],[139.7154,35.81958],[139.71566,35.81989],[139.71574,35.82012],[139.71573,35.82035],[139.71567,35.82047],[139.71547,35.82057],[139.71505,35.82062],[139.71493,35.82072],[139.71489,35.82089],[139.71476,35.821],[139.71437,35.82117],[139.71349,35.82145],[139.71319,35.82162],[139.71299,35.82181],[139.71273,35.82185],[139.71224,35.82179],[139.71207,35.82182],[139.71198,35.822],[139.71202,35.82233],[139.7119,35.82263],[139.71141,35.82318],[139.71065,35.8238],[139.71022,35.82408],[139.7099,35.82421],[139.70969,35.8242],[139.70939,35.82402],[139.70911,35.82396],[139.7088,35.82397],[139.70855,35.82408],[139.70811,35.82439],[139.70721,35.82517],[139.70667,35.82538],[139.70636,35.82599],[139.70615,35.82616],[139.70586,35.8262],[139.70553,35.82611],[139.70449,35.82544],[139.70414,35.82531],[139.70384,35.82529],[139.70364,35.82523],[139.70349,35.82494],[139.7032,35.82494],[139.70286,35.82508],[139.70275,35.82521],[139.70277,35.82543],[139.70293,35.82555],[139.70329,35.82569],[139.70343,35.8258],[139.70355,35.82604],[139.70356,35.82625],[139.70348,35.8266],[139.70312,35.82688],[139.7031,35.82697],[139.70319,35.8273],[139.70291,35.82767],[139.70282,35.82796],[139.70267,35.83008],[139.70254,35.83051],[139.70228,35.83075],[139.70227,35.83099],[139.70236,35.83139],[139.7023,35.83156],[139.70193,35.83169],[139.70149,35.83222],[139.70124,35.83245],[139.70071,35.83279],[139.69945,35.83346],[139.6986,35.83418],[139.69822,35.83436],[139.69758,35.83456],[139.6973,35.83475],[139.69694,35.83508],[139.69673,35.83512],[139.69647,35.83506],[139.69636,35.8351],[139.6961,35.83551],[139.69597,35.83562],[139.69532,35.83593],[139.69519,35.83621],[139.69499,35.83625],[139.69448,35.8362],[139.69407,35.83637],[139.69379,35.83662],[139.6931,35.83747],[139.69268,35.8378],[139.69241,35.83793],[139.69202,35.83804],[139.69167,35.83805],[139.69136,35.83799],[139.69113,35.83803],[139.69075,35.83851],[139.69031,35.83865],[139.69024,35.83888],[139.69016,35.83896],[139.6899,35.83902],[139.68964,35.83903],[139.68921,35.83895],[139.68882,35.83862],[139.68841,35.83853],[139.68833,35.83843],[139.68831,35.83827],[139.68819,35.8382],[139.6876,35.83827],[139.68747,35.83823],[139.6873,35.83805],[139.6872,35.83801],[139.68688,35.8383],[139.68656,35.83834],[139.68635,35.83824],[139.68608,35.83797],[139.68536,35.83782],[139.68526,35.83759],[139.68515,35.83753],[139.68398,35.83758],[139.68383,35.83752],[139.6837,35.83737],[139.68356,35.83729],[139.68324,35.83736],[139.68299,35.83735],[139.68226,35.83706],[139.68161,35.83699],[139.6814,35.83688],[139.68125,35.83646],[139.68126,35.83545],[139.681,35.83492],[139.68078,35.83466],[139.68014,35.83418],[139.67815,35.83312],[139.67772,35.8328],[139.67754,35.83253],[139.67758,35.8322],[139.67767,35.832],[139.67815,35.8315],[139.67821,35.83138],[139.67818,35.83129],[139.67795,35.83116],[139.67783,35.83098],[139.67787,35.83072],[139.67824,35.83046],[139.67819,35.83038],[139.67787,35.83017],[139.67784,35.82991],[139.67808,35.82958],[139.67876,35.82897],[139.67892,35.82874],[139.67893,35.82862],[139.6788,35.82846],[139.6783,35.8284],[139.67812,35.82827],[139.67814,35.82803],[139.67865,35.82736],[139.67868,35.82712],[139.67856,35.82701],[139.67819,35.8269],[139.67798,35.82675],[139.67776,35.8264],[139.67757,35.82582],[139.67731,35.82561],[139.67693,35.82562],[139.67652,35.82578],[139.6761,35.82608],[139.67568,35.82647],[139.67518,35.82673],[139.67481,35.82682],[139.67405,35.82688],[139.67369,35.82705],[139.67334,35.82769],[139.67298,35.82797],[139.673,35.82806],[139.67326,35.82836],[139.67331,35.82866],[139.6732,35.82919],[139.67294,35.8297],[139.67255,35.83015],[139.67224,35.83036],[139.67199,35.83043],[139.67146,35.83044],[139.67151,35.83162],[139.67164,35.83192],[139.67187,35.83218],[139.67191,35.83234],[139.67185,35.83275],[139.67169,35.83294],[139.67141,35.83309],[139.67101,35.8332],[139.67002,35.83328],[139.66955,35.8332],[139.66926,35.8329],[139.66903,35.83345],[139.66887,35.83364],[139.66851,35.8338],[139.66803,35.83384],[139.66779,35.83396],[139.66771,35.83406],[139.6676,35.83433],[139.66752,35.83502],[139.66731,35.83532],[139.66709,35.83539],[139.66656,35.83545],[139.66632,35.83555],[139.66558,35.836],[139.66493,35.83611],[139.66484,35.83617],[139.6648,35.83632],[139.66471,35.8364],[139.66435,35.83644],[139.6635,35.83637],[139.66301,35.83638],[139.66281,35.83644],[139.66256,35.83663],[139.66231,35.83669],[139.66079,35.8368],[139.66059,35.83688],[139.66043,35.83704],[139.66021,35.83711],[139.65965,35.83718],[139.65865,35.83716],[139.65814,35.83708],[139.65757,35.8368],[139.65683,35.83673],[139.65654,35.83664],[139.65631,35.83645],[139.65623,35.83631],[139.656,35.83552],[139.65576,35.83525],[139.65559,35.83516],[139.65502,35.83512],[139.65346,35.83537],[139.65347,35.83624],[139.65355,35.83663],[139.65374,35.83688],[139.6541,35.83696],[139.65419,35.83709],[139.65401,35.83785],[139.65403,35.83819],[139.65414,35.83828],[139.65438,35.83831],[139.65447,35.83837],[139.65455,35.83852],[139.65459,35.83881],[139.65484,35.83846],[139.65515,35.83834],[139.65577,35.83831],[139.65613,35.83841],[139.65629,35.83853],[139.6564,35.83877],[139.65638,35.83902],[139.65617,35.83945],[139.65631,35.83961],[139.65695,35.83987],[139.65799,35.84014],[139.65827,35.84026],[139.6587,35.84055],[139.65894,35.841],[139.65898,35.84214],[139.65917,35.84186],[139.65929,35.84176],[139.65982,35.84168],[139.66001,35.84158],[139.66019,35.84108],[139.66035,35.84094],[139.66084,35.8407],[139.66108,35.84053],[139.66136,35.8402],[139.66168,35.83969],[139.66187,35.83951],[139.66211,35.83938],[139.6626,35.83924],[139.66276,35.83913],[139.66284,35.839],[139.66294,35.83858],[139.66333,35.83816],[139.66355,35.83803],[139.66379,35.83796],[139.66474,35.838],[139.66487,35.83794],[139.66501,35.83779],[139.66531,35.83768],[139.6658,35.83764],[139.66658,35.83769],[139.66708,35.83779],[139.66749,35.83794],[139.66783,35.83798],[139.66801,35.83794],[139.66823,35.83779],[139.66852,35.83769],[139.66945,35.83758],[139.66958,35.8375],[139.66976,35.8373],[139.66997,35.83722],[139.67025,35.8372],[139.67048,35.83724],[139.67057,35.8373],[139.67063,35.8375],[139.67072,35.83758],[139.67087,35.83763],[139.67124,35.83765],[139.67162,35.83758],[139.6717,35.8375],[139.67176,35.83731],[139.67185,35.83724],[139.67219,35.8372],[139.67238,35.83724],[139.67256,35.83734],[139.67294,35.8378],[139.67322,35.83798],[139.67346,35.83802],[139.67396,35.83796],[139.67415,35.83801],[139.67428,35.8381],[139.67441,35.83833],[139.67463,35.83846],[139.67553,35.83842],[139.67567,35.83848],[139.67579,35.83864],[139.67597,35.83874],[139.67643,35.83879],[139.67662,35.83885],[139.67672,35.83908],[139.6768,35.83914],[139.67706,35.83915],[139.67744,35.83909],[139.6777,35.83914],[139.67779,35.83924],[139.67782,35.83947],[139.67791,35.8396],[139.67806,35.83971],[139.67854,35.83986],[139.67871,35.84003],[139.6788,35.84043],[139.67873,35.84097],[139.67874,35.84134],[139.67882,35.84147],[139.67907,35.84158],[139.67918,35.84177],[139.67949,35.84308],[139.67973,35.84349],[139.68001,35.84376],[139.68017,35.84398],[139.68012,35.84438],[139.68048,35.84449],[139.68054,35.84458],[139.68061,35.84499],[139.68069,35.84507],[139.68098,35.84516],[139.68111,35.84554],[139.6811,35.84601],[139.68098,35.84636],[139.68084,35.8465],[139.68055,35.84662],[139.68036,35.84687],[139.68019,35.8479],[139.6801,35.84801],[139.6799,35.84804],[139.67979,35.84811],[139.67941,35.84883],[139.67918,35.84906],[139.67884,35.84928],[139.67878,35.84937],[139.67881,35.84944],[139.67911,35.84965],[139.67932,35.85011],[139.67937,35.85074],[139.67927,35.85188],[139.67928,35.85228],[139.67944,35.85272],[139.67977,35.85311],[139.67982,35.85349],[139.67968,35.85397],[139.67936,35.85443],[139.67913,35.85454],[139.67861,35.85456],[139.67859,35.85484],[139.6785,35.85494],[139.67835,35.85499],[139.67767,35.85505],[139.67755,35.85512],[139.67748,35.85531],[139.67732,35.85542],[139.67623,35.85553],[139.67592,35.85569],[139.6758,35.85599],[139.67565,35.85608],[139.6752,35.8562],[139.67434,35.85633],[139.67392,35.85645],[139.67361,35.85674],[139.67324,35.85682],[139.67313,35.85689],[139.67283,35.85742],[139.67238,35.85769],[139.67188,35.85784],[139.67092,35.858],[139.67019,35.85808],[139.66988,35.85807],[139.66971,35.85803],[139.66959,35.85807],[139.66949,35.85836],[139.66937,35.85974],[139.66902,35.86079],[139.669,35.86121],[139.66908,35.86181],[139.66899,35.86197],[139.66876,35.86203],[139.66905,35.86236],[139.66915,35.86257],[139.66918,35.86281],[139.66907,35.863],[139.66881,35.8631],[139.66843,35.86313],[139.66822,35.86321],[139.668,35.86348],[139.66784,35.86388],[139.66773,35.864],[139.66738,35.86423],[139.66689,35.86444],[139.66567,35.86479],[139.66515,35.86509],[139.66502,35.8653],[139.66501,35.86552],[139.66489,35.86579],[139.66475,35.86594],[139.66446,35.86612],[139.66431,35.86632],[139.66435,35.86687],[139.66397,35.86702],[139.6637,35.86754],[139.66357,35.86767],[139.66327,35.86775],[139.66288,35.86769],[139.66254,35.86773],[139.66236,35.86783],[139.66214,35.86805],[139.66189,35.86815],[139.6617,35.86812],[139.66139,35.86799],[139.66104,35.86801],[139.66079,35.86813],[139.66038,35.86843],[139.66005,35.86861],[139.65987,35.86864],[139.65964,35.86859],[139.65936,35.8686],[139.65873,35.86881],[139.65842,35.86904],[139.65832,35.86933],[139.65796,35.86946],[139.6579,35.86967],[139.65798,35.87017],[139.65797,35.8704],[139.65788,35.87058],[139.65755,35.87083],[139.65752,35.87091],[139.65772,35.87097],[139.6582,35.871],[139.65864,35.87116],[139.65889,35.87135],[139.65911,35.87162],[139.65924,35.87187],[139.65926,35.87207],[139.65918,35.87224],[139.65891,35.87244],[139.65879,35.87264],[139.65874,35.87307],[139.65879,35.87362],[139.65877,35.87377],[139.65863,35.87399],[139.65836,35.87411],[139.65779,35.87415],[139.65746,35.87422],[139.6572,35.87435],[139.65694,35.87464],[139.65666,35.87551],[139.65629,35.87746],[139.65619,35.87781],[139.65592,35.87834],[139.6556,35.87866],[139.6554,35.87874],[139.65485,35.87885],[139.65458,35.87898],[139.6544,35.87916],[139.6542,35.87955],[139.65404,35.87968],[139.65383,35.87975],[139.65345,35.87978],[139.65326,35.87987],[139.6531,35.88013],[139.65303,35.88061],[139.65291,35.88075],[139.65272,35.8808],[139.65233,35.88075],[139.65199,35.88079],[139.65181,35.88089],[139.65157,35.88112],[139.65112,35.88127],[139.64977,35.88136],[139.64957,35.88144],[139.65005,35.88171],[139.65021,35.88185],[139.65029,35.882],[139.65033,35.88225],[139.65044,35.8824],[139.65063,35.88254],[139.65122,35.8828],[139.6514,35.88306],[139.65143,35.88322],[139.6514,35.88365],[139.65099,35.88505],[139.65085,35.88625],[139.6509,35.8873],[139.65103,35.88775],[139.6512,35.88796],[139.65118,35.88816],[139.65092,35.88839],[139.65052,35.88861],[139.65015,35.88874],[139.64972,35.88879],[139.64937,35.88895],[139.64847,35.88972],[139.64828,35.88984],[139.64798,35.88991],[139.64786,35.88998],[139.64772,35.89019],[139.6476,35.8905],[139.64742,35.89071],[139.64725,35.89078],[139.64695,35.89081],[139.64674,35.89088],[139.64586,35.89157],[139.64542,35.89175],[139.64481,35.8919],[139.6446,35.89207],[139.64463,35.8923],[139.64478,35.89249],[139.64501,35.89258],[139.6453,35.89261],[139.64546,35.89277],[139.64539,35.89359],[139.64544,35.89377],[139.64569,35.89412],[139.64563,35.8942],[139.64529,35.89434],[139.64515,35.89445],[139.64506,35.8946],[139.64502,35.8949],[139.64507,35.8951],[139.64519,35.89525],[139.64538,35.89536],[139.64577,35.89548],[139.64588,35.89557],[139.64614,35.89599],[139.64628,35.89667],[139.64628,35.89712],[139.6462,35.8975],[139.64603,35.89782],[139.64577,35.89806],[139.64528,35.89833],[139.64467,35.89851],[139.64398,35.89862],[139.64365,35.89877],[139.64344,35.89898],[139.64335,35.89927],[139.64332,35.89959],[139.64308,35.89994],[139.6428,35.90008],[139.64222,35.90019],[139.64179,35.90033],[139.64162,35.90047],[139.64143,35.90077],[139.64122,35.90089],[139.64094,35.90092],[139.6407,35.90088],[139.64061,35.90082],[139.64057,35.90067],[139.64048,35.90058],[139.64012,35.90049],[139.63927,35.90048],[139.63873,35.90058],[139.63863,35.90067],[139.63856,35.90091],[139.63827,35.90122],[139.63779,35.90153],[139.63733,35.90164],[139.63717,35.90204],[139.63688,35.90234],[139.63649,35.90261],[139.63605,35.90275],[139.63602,35.90291],[139.63608,35.90319],[139.63642,35.90409],[139.63669,35.90459],[139.63685,35.90479],[139.63705,35.90493],[139.63713,35.90509],[139.63715,35.90533],[139.63705,35.90643],[139.63714,35.90697],[139.63731,35.90746],[139.63729,35.90771],[139.63724,35.90781],[139.63705,35.90796],[139.63658,35.90807],[139.63625,35.90828],[139.63614,35.90849],[139.63611,35.90889],[139.63599,35.90918],[139.63585,35.90931],[139.63556,35.90943],[139.63537,35.90967],[139.63529,35.91007],[139.63534,35.91062],[139.63547,35.91081],[139.6356,35.91083],[139.63571,35.91092],[139.63581,35.91125],[139.63584,35.91185],[139.63571,35.91235],[139.63562,35.91246],[139.63538,35.9126],[139.63477,35.91266],[139.63458,35.91274],[139.63447,35.91285],[139.63437,35.9132],[139.63425,35.91328],[139.63389,35.91335],[139.63395,35.91345],[139.63434,35.9137],[139.63476,35.91391],[139.6352,35.91407],[139.63589,35.9142],[139.63658,35.91423],[139.63691,35.91432],[139.63712,35.91448],[139.63722,35.91471],[139.63724,35.91497],[139.63743,35.9152],[139.63767,35.91525],[139.63814,35.91521],[139.63847,35.91531],[139.63858,35.91549],[139.63862,35.91598],[139.63868,35.91614],[139.63878,35.91623],[139.6391,35.91631],[139.6392,35.91665],[139.63959,35.91695],[139.6396,35.91714],[139.63953,35.91738],[139.63958,35.91753],[139.6397,35.91759],[139.64015,35.91764],[139.64033,35.91775],[139.64059,35.91801],[139.641,35.91809],[139.64114,35.91843],[139.64155,35.91854],[139.64169,35.91888],[139.64205,35.91901],[139.6421,35.91922],[139.64201,35.91971],[139.64202,35.92001],[139.6421,35.92014],[139.64228,35.92025],[139.64238,35.92038],[139.64246,35.9208],[139.64238,35.92136],[139.64228,35.92149],[139.64212,35.92158],[139.64338,35.92134],[139.64362,35.92132],[139.64373,35.92136],[139.64366,35.9216],[139.64368,35.92176],[139.64393,35.92227],[139.64398,35.92248],[139.64393,35.92255],[139.64368,35.92258],[139.64348,35.92271],[139.6434,35.92286],[139.64349,35.92297],[139.64391,35.92301],[139.6443,35.92293],[139.64465,35.92272],[139.64518,35.92225],[139.64549,35.92213],[139.64596,35.92216],[139.64609,35.92222],[139.64626,35.9224],[139.64635,35.92239],[139.64673,35.92181],[139.64702,35.92155],[139.64725,35.92146],[139.64765,35.92143],[139.64799,35.92134],[139.64817,35.92122],[139.64847,35.92092],[139.64873,35.9208],[139.64903,35.92077],[139.64929,35.92081],[139.64965,35.92108],[139.64982,35.92084],[139.65006,35.92068],[139.65084,35.92047],[139.65255,35.92025],[139.65322,35.92023],[139.65364,35.92028],[139.65382,35.92039],[139.65387,35.92055],[139.65413,35.92067],[139.6546,35.92074],[139.65608,35.92079],[139.65676,35.92086],[139.65755,35.92108],[139.65807,35.9214],[139.65829,35.92165],[139.6584,35.9219],[139.65835,35.92258],[139.65841,35.92281],[139.65853,35.92301],[139.65904,35.92356],[139.65939,35.92427],[139.65962,35.92445],[139.66005,35.92464],[139.66017,35.92483],[139.6602,35.92506],[139.66029,35.92516],[139.66044,35.92521],[139.66093,35.92515],[139.66119,35.92519],[139.66127,35.92529],[139.6613,35.92552],[139.66138,35.92568],[139.66179,35.92581],[139.66192,35.92617],[139.66245,35.92659],[139.6625,35.92689],[139.66227,35.92749],[139.66227,35.92761],[139.66258,35.92743],[139.66294,35.92733],[139.66335,35.92734],[139.66366,35.92743],[139.66397,35.92758],[139.66418,35.92777],[139.66423,35.92799],[139.66416,35.92829],[139.66421,35.92839],[139.66433,35.92844],[139.66452,35.92845],[139.66469,35.92841],[139.66481,35.92831],[139.66487,35.92816],[139.6649,35.92785],[139.66502,35.92763],[139.66516,35.92756],[139.66559,35.92751],[139.66571,35.9274],[139.66574,35.92725],[139.66594,35.92714],[139.66633,35.9271],[139.66691,35.92714],[139.66711,35.92721],[139.6673,35.9274],[139.66749,35.92748],[139.66821,35.92733],[139.66858,35.92706],[139.66879,35.92703],[139.66912,35.92718],[139.66968,35.92757],[139.66999,35.9277],[139.67031,35.92777],[139.67099,35.92782],[139.67145,35.92794],[139.67211,35.92832],[139.67231,35.92854],[139.67242,35.92884],[139.67283,35.92896],[139.673,35.92929],[139.67331,35.9295],[139.67385,35.92975],[139.67426,35.92987],[139.67483,35.92996],[139.67551,35.92993],[139.67575,35.93009],[139.67583,35.93023],[139.67594,35.93064],[139.67605,35.9321],[139.67614,35.93233],[139.6764,35.93252],[139.67651,35.93268],[139.67669,35.93331],[139.67672,35.93383],[139.67661,35.93489],[139.67663,35.93532],[139.67672,35.93574],[139.67706,35.93652],[139.67717,35.93699],[139.67714,35.93723],[139.67695,35.93762],[139.677,35.93773],[139.67733,35.9379],[139.67743,35.93817],[139.67744,35.93861],[139.6773,35.93958],[139.67713,35.94017],[139.67682,35.94072],[139.67657,35.94086],[139.67596,35.94093],[139.67531,35.94127],[139.67466,35.94135],[139.67425,35.94164],[139.67384,35.94168],[139.67279,35.94163],[139.67243,35.94175],[139.67234,35.94193],[139.67238,35.94228],[139.67253,35.94271],[139.67286,35.94335],[139.67287,35.9435],[139.67274,35.94376],[139.67243,35.94399],[139.67111,35.94447],[139.67089,35.9446],[139.67061,35.94487],[139.67023,35.94494],[139.67008,35.94507],[139.66996,35.94529],[139.66984,35.94536],[139.66936,35.94548],[139.66855,35.94555],[139.6661,35.94559],[139.66469,35.94568],[139.66411,35.9458],[139.66359,35.9461],[139.66318,35.94627],[139.66268,35.94638],[139.66239,35.94638],[139.66208,35.94625],[139.66187,35.94586],[139.66161,35.94562],[139.66135,35.94551],[139.66087,35.94541],[139.66055,35.94523],[139.66044,35.94505],[139.6604,35.94474],[139.6602,35.94449],[139.65996,35.94438],[139.65949,35.94428],[139.65916,35.94417],[139.65906,35.94407],[139.65901,35.94391],[139.65877,35.94377],[139.6581,35.94364],[139.65772,35.94351],[139.65726,35.94313],[139.65649,35.9418],[139.65599,35.94126],[139.65587,35.94106],[139.65582,35.9407],[139.65588,35.9403],[139.65582,35.94011],[139.65554,35.93995],[139.65483,35.93987],[139.65463,35.93971],[139.65461,35.93955],[139.65469,35.93934],[139.65488,35.93919],[139.65524,35.93905],[139.65532,35.93894],[139.65529,35.93865],[139.65506,35.93842],[139.65444,35.93831],[139.65412,35.93807],[139.65395,35.93808],[139.65352,35.93828],[139.65275,35.93875],[139.65242,35.93888],[139.65215,35.93893],[139.65193,35.9389],[139.65169,35.93877],[139.6516,35.93865],[139.6515,35.93828],[139.65135,35.93818],[139.65111,35.93813],[139.65063,35.93813],[139.65031,35.93819],[139.6502,35.93827],[139.65013,35.93845],[139.65001,35.93849],[139.64942,35.93843],[139.64914,35.93848],[139.64872,35.93872],[139.64808,35.93925],[139.6478,35.9393],[139.64759,35.93918],[139.64749,35.93917],[139.64741,35.93941],[139.64746,35.93973],[139.64766,35.93998],[139.64841,35.9404],[139.64849,35.94051],[139.64859,35.94081],[139.64898,35.9412],[139.64939,35.94147],[139.64996,35.94171],[139.65007,35.94193],[139.65001,35.94234],[139.65007,35.94255],[139.65035,35.94283],[139.65095,35.94321],[139.65115,35.94345],[139.65125,35.94374],[139.65135,35.94451],[139.65155,35.94486],[139.65174,35.94504],[139.65208,35.94525],[139.65283,35.9455],[139.65291,35.94556],[139.65298,35.94571],[139.65292,35.94593],[139.65265,35.94634],[139.65246,35.94683],[139.65229,35.94815],[139.65219,35.94831],[139.652,35.94843],[139.65187,35.94861],[139.6518,35.9491],[139.65169,35.94941],[139.65118,35.94995],[139.65102,35.95024],[139.6509,35.95097],[139.65042,35.95205],[139.65022,35.95264],[139.65007,35.95396],[139.64987,35.95439],[139.64939,35.95504],[139.64926,35.95559],[139.64913,35.95568],[139.64888,35.95567],[139.64878,35.95559],[139.64874,35.95539],[139.64858,35.95532],[139.64813,35.95537],[139.64779,35.95549],[139.64757,35.95568],[139.64747,35.95593],[139.64751,35.95622],[139.64773,35.95646],[139.64778,35.95659],[139.64773,35.95681],[139.64747,35.95711],[139.64726,35.95724],[139.64687,35.95731],[139.6465,35.95763],[139.64626,35.95764],[139.64597,35.95758],[139.64574,35.95762],[139.64549,35.95794],[139.64534,35.95804],[139.64497,35.95808],[139.64449,35.95803],[139.64423,35.95808],[139.64397,35.95831],[139.64384,35.9587],[139.64365,35.95899],[139.64339,35.95916],[139.64307,35.95923],[139.64257,35.95921],[139.64209,35.95909],[139.64193,35.95897],[139.642,35.95871],[139.64198,35.95862],[139.64185,35.95851],[139.64163,35.95847],[139.64137,35.95855],[139.64098,35.95885],[139.64079,35.95907],[139.64071,35.95931],[139.64062,35.95938],[139.64025,35.95938],[139.63962,35.95926],[139.63921,35.95911],[139.63891,35.95892],[139.63871,35.95869],[139.63854,35.9583],[139.63825,35.95813],[139.6375,35.95802],[139.63615,35.95804],[139.63569,35.95792],[139.63539,35.95764],[139.63517,35.9568],[139.63413,35.95649],[139.63377,35.95627],[139.63354,35.95583],[139.63343,35.95514],[139.63325,35.95491],[139.63312,35.95484],[139.63279,35.95477],[139.63258,35.95477],[139.6324,35.95486],[139.63225,35.95505],[139.63213,35.95534],[139.63199,35.95619],[139.63196,35.95743],[139.63202,35.95944],[139.63197,35.96067],[139.63187,35.96105],[139.63161,35.96136],[139.63156,35.96168],[139.63163,35.96183],[139.63181,35.96195],[139.63268,35.96215],[139.63298,35.96227],[139.63328,35.96257],[139.63338,35.96296],[139.63329,35.96326],[139.63312,35.96339],[139.63256,35.96358],[139.6324,35.96377],[139.63243,35.96414],[139.6328,35.96446],[139.63274,35.9646],[139.63252,35.96483],[139.63248,35.96512],[139.63266,35.96546],[139.63277,35.9655],[139.63297,35.96546],[139.63313,35.96547],[139.63344,35.96569],[139.63393,35.96627],[139.63404,35.96665],[139.63393,35.96684],[139.63348,35.96708],[139.63335,35.96719],[139.63331,35.9673],[139.63338,35.96753],[139.63332,35.96764],[139.63293,35.96792],[139.63277,35.96812],[139.63281,35.96852],[139.63272,35.96867],[139.63237,35.96887],[139.63173,35.96909],[139.63168,35.96918],[139.63183,35.96925],[139.63237,35.96936],[139.63264,35.9695],[139.63278,35.96972],[139.63276,35.97032],[139.63288,35.97067],[139.6331,35.97082],[139.63356,35.97093],[139.63373,35.97104],[139.63377,35.97111],[139.63369,35.97133],[139.63319,35.97189],[139.63292,35.97212],[139.63224,35.97254],[139.63219,35.97271],[139.63226,35.97299],[139.63205,35.97327],[139.63169,35.97345],[139.63125,35.97347],[139.63195,35.97388],[139.63226,35.974],[139.63261,35.97399],[139.63292,35.97387],[139.63306,35.97391],[139.63311,35.97398],[139.63317,35.97422],[139.63322,35.97493],[139.63331,35.97523],[139.63346,35.97547],[139.63398,35.97603],[139.63417,35.97646]],[[139.64008,36.10236],[139.64098,36.10207],[139.64135,36.10208],[139.64151,36.10217],[139.64163,36.10241],[139.64166,36.10261],[139.64159,36.10313],[139.64167,36.10332],[139.64187,36.10345],[139.64202,36.10348],[139.64259,36.10351],[139.64302,36.10361],[139.6432,36.10372],[139.64338,36.10403],[139.64351,36.10415],[139.64405,36.10437],[139.6442,36.1045],[139.64424,36.10466],[139.64414,36.10485],[139.64342,36.10537],[139.64332,36.10547],[139.64333,36.10552],[139.64367,36.1056],[139.64389,36.10583],[139.64405,36.10591],[139.64489,36.10602],[139.64511,36.10621],[139.64517,36.10637],[139.64523,36.1068],[139.64519,36.10738],[139.64498,36.10807],[139.64475,36.10834],[139.64461,36.10842],[139.64412,36.10849],[139.64384,36.10863],[139.64372,36.10874],[139.64351,36.10905],[139.64328,36.10968],[139.643,36.1102],[139.64276,36.11045],[139.64228,36.1108],[139.64212,36.11101],[139.64213,36.11113],[139.64228,36.11129],[139.64259,36.11142],[139.64334,36.11159],[139.6436,36.11176],[139.64367,36.11191],[139.64359,36.11223],[139.64312,36.11263],[139.64302,36.11292],[139.643,36.11335],[139.64323,36.11482],[139.64323,36.11537],[139.64314,36.11554],[139.643,36.11562],[139.64289,36.11576],[139.64267,36.11643],[139.64249,36.11669],[139.64218,36.11686],[139.64197,36.1169],[139.64061,36.11689],[139.64019,36.11695],[139.6399,36.11709],[139.63957,36.11745],[139.63937,36.1175],[139.63913,36.11745],[139.6385,36.11714],[139.63814,36.11711],[139.63794,36.11725],[139.63783,36.11743],[139.63756,36.11827],[139.6374,36.11846],[139.63718,36.11857],[139.63692,36.11859],[139.63661,36.11852],[139.63645,36.11836],[139.63642,36.11813],[139.63633,36.11802],[139.63607,36.11792],[139.63568,36.11792],[139.63547,36.11797],[139.63531,36.11807],[139.63503,36.11845],[139.63467,36.11866],[139.63373,36.11892],[139.63313,36.11895],[139.63281,36.11886],[139.63265,36.11869],[139.63252,36.11845],[139.63227,36.11761],[139.63208,36.11741],[139.63196,36.11735],[139.63166,36.11733],[139.63107,36.11746],[139.63081,36.11759],[139.63061,36.1178],[139.63045,36.11786],[139.62998,36.1179],[139.62961,36.11786],[139.62941,36.11779],[139.62887,36.1175],[139.62781,36.11728],[139.62734,36.11713],[139.6267,36.11667],[139.62636,36.11663],[139.62584,36.11667],[139.62562,36.1166],[139.62544,36.11647],[139.62513,36.11607],[139.62493,36.11595],[139.6247,36.11588],[139.62404,36.1158],[139.62369,36.11564],[139.62316,36.11529],[139.62295,36.11522],[139.62238,36.11512],[139.6222,36.11496],[139.62207,36.11473],[139.62189,36.11461],[139.62146,36.11452],[139.62073,36.11447],[139.62041,36.11434],[139.62034,36.11421],[139.62039,36.11389],[139.62071,36.11351],[139.6208,36.11331],[139.62072,36.11291],[139.62073,36.11266],[139.62106,36.11205],[139.62108,36.11174],[139.62099,36.11129],[139.62104,36.11096],[139.62121,36.11062],[139.62142,36.11036],[139.62163,36.11024],[139.62183,36.1102],[139.62195,36.11008],[139.62223,36.10915],[139.62241,36.10883],[139.62284,36.10845],[139.62342,36.10819],[139.62381,36.10793],[139.62394,36.10776],[139.62399,36.10751],[139.62412,36.10736],[139.62451,36.10716],[139.62507,36.10699],[139.62527,36.10686],[139.62529,36.10671],[139.62524,36.10664],[139.6249,36.10639],[139.62471,36.10613],[139.62477,36.10588],[139.62499,36.10566],[139.62525,36.10553],[139.62602,36.10539],[139.62672,36.10513],[139.6278,36.10463],[139.62809,36.10445],[139.62819,36.10432],[139.6281,36.10425],[139.62789,36.10423],[139.62748,36.10444],[139.62736,36.10442],[139.62727,36.10432],[139.6271,36.10384],[139.62694,36.10361],[139.62658,36.10334],[139.62577,36.10299],[139.62564,36.10282],[139.62572,36.10267],[139.62619,36.1025],[139.62692,36.10243],[139.62723,36.10252],[139.62734,36.1028],[139.62765,36.10296],[139.62856,36.10303],[139.62921,36.1029],[139.62949,36.10271],[139.62959,36.10258],[139.62978,36.10199],[139.62991,36.1018],[139.63008,36.1017],[139.63048,36.10164],[139.63022,36.10146],[139.6301,36.10116],[139.63014,36.10078],[139.63035,36.1007],[139.63116,36.10091],[139.63147,36.10093],[139.63228,36.10087],[139.63259,36.101],[139.63271,36.10117],[139.63277,36.10158],[139.63268,36.10181],[139.63246,36.10205],[139.63245,36.10216],[139.63262,36.10238],[139.63296,36.10253],[139.63395,36.10271],[139.6345,36.10267],[139.63471,36.10254],[139.63478,36.10244],[139.63489,36.10186],[139.635,36.10174],[139.63517,36.10168],[139.63546,36.10172],[139.63561,36.10179],[139.63593,36.10226],[139.63609,36.10235],[139.63623,36.10236],[139.63646,36.10222],[139.63675,36.10163],[139.63706,36.10129],[139.63769,36.10087],[139.6381,36.10075],[139.6383,36.1008],[139.63882,36.10125],[139.63953,36.10163],[139.63969,36.10188],[139.63964,36.10229],[139.63973,36.10239],[139.64008,36.10236]],[[139.64579,35.9864],[139.6457,35.98606],[139.64555,35.98581],[139.64518,35.9856],[139.64486,35.98553],[139.64375,35.98556],[139.64306,35.98542],[139.64241,35.98506],[139.64187,35.98458],[139.64156,35.9842],[139.64148,35.98392],[139.64157,35.98369],[139.64194,35.98358],[139.64211,35.98348],[139.6425,35.98312],[139.64266,35.98287],[139.64277,35.98245],[139.64271,35.98182],[139.64277,35.9816],[139.64293,35.98149],[139.64305,35.98147],[139.64352,35.98151],[139.64381,35.98144],[139.64387,35.9813],[139.6438,35.9809],[139.64382,35.98075],[139.64389,35.98064],[139.64417,35.98047],[139.64426,35.98022],[139.64414,35.98012],[139.64387,35.98003],[139.64196,35.97974],[139.64172,35.97965],[139.64143,35.97938],[139.64111,35.97931],[139.641,35.97915],[139.6409,35.97887],[139.64078,35.9782],[139.64078,35.97761],[139.64087,35.97735],[139.64103,35.97721],[139.64142,35.97704],[139.64163,35.97657],[139.64207,35.97618],[139.64242,35.97599],[139.6428,35.97592],[139.64296,35.9756],[139.64316,35.97559],[139.64335,35.97564],[139.64351,35.97559],[139.64361,35.97525],[139.64353,35.97419],[139.64356,35.9739],[139.64363,35.97374],[139.64391,35.97367],[139.64408,35.97357],[139.64457,35.97311],[139.64484,35.97293],[139.645,35.9729],[139.64531,35.97295],[139.64551,35.97291],[139.64613,35.97257],[139.6463,35.97241],[139.64638,35.97224],[139.64633,35.97172],[139.64672,35.97141],[139.647,35.97087],[139.64722,35.97075],[139.64756,35.97071],[139.64855,35.97086],[139.64915,35.97087],[139.64942,35.97079],[139.64967,35.97056],[139.65004,35.97037],[139.65037,35.97028],[139.65096,35.9702],[139.65154,35.97023],[139.65199,35.97044],[139.65213,35.97034],[139.65233,35.97],[139.6525,35.96991],[139.65264,35.96989],[139.65287,35.96997],[139.65322,35.9703],[139.65362,35.97039],[139.6537,35.97049],[139.65372,35.97065],[139.65384,35.97076],[139.65435,35.97082],[139.65446,35.97087],[139.65455,35.97109],[139.65462,35.97114],[139.65529,35.97091],[139.65554,35.97096],[139.65594,35.97118],[139.65641,35.97125],[139.65728,35.97118],[139.65828,35.971],[139.65876,35.97103],[139.65913,35.97124],[139.65928,35.97141],[139.6594,35.97163],[139.65971,35.9727],[139.65988,35.97305],[139.66007,35.97325],[139.66036,35.9733],[139.66055,35.97346],[139.66073,35.97432],[139.66099,35.97469],[139.66146,35.97515],[139.66159,35.97537],[139.66163,35.9756],[139.66156,35.97592],[139.66157,35.97613],[139.66164,35.9762],[139.66184,35.97625],[139.66198,35.97641],[139.66268,35.97827],[139.66347,35.97945],[139.66356,35.9798],[139.66351,35.98017],[139.66367,35.98027],[139.66405,35.98033],[139.66423,35.98045],[139.66453,35.98091],[139.66455,35.98114],[139.66451,35.98123],[139.66429,35.98135],[139.66413,35.98139],[139.66368,35.9814],[139.66316,35.98149],[139.66227,35.98182],[139.66127,35.98241],[139.66019,35.98322],[139.6598,35.98385],[139.6585,35.98522],[139.65832,35.9855],[139.6581,35.98601],[139.65793,35.98619],[139.65762,35.9864],[139.65721,35.98722],[139.65665,35.98789],[139.6564,35.98826],[139.65608,35.98906],[139.6557,35.99078],[139.65553,35.9912],[139.65534,35.99141],[139.6549,35.9914],[139.65463,35.99147],[139.65382,35.99191],[139.6533,35.99208],[139.65295,35.99212],[139.6523,35.99204],[139.65184,35.99205],[139.65153,35.99221],[139.65142,35.9925],[139.65131,35.99258],[139.65099,35.99264],[139.6505,35.99263],[139.65025,35.99252],[139.65006,35.99233],[139.64985,35.99174],[139.64959,35.99142],[139.64933,35.99132],[139.64884,35.99129],[139.64848,35.99119],[139.64833,35.99107],[139.64808,35.9907],[139.64785,35.99055],[139.64742,35.99038],[139.6473,35.99025],[139.64729,35.99014],[139.64716,35.98991],[139.64659,35.9895],[139.64647,35.98927],[139.64651,35.98888],[139.64681,35.98851],[139.6468,35.98843],[139.64666,35.98838],[139.64609,35.98833],[139.64587,35.98815],[139.6458,35.98801],[139.64574,35.98762],[139.64579,35.9864]],[[139.66088,36.04355],[139.66107,36.04309],[139.66122,36.04297],[139.66167,36.04284],[139.66183,36.04255],[139.66187,36.04203],[139.66179,36.04158],[139.6616,36.04136],[139.66123,36.04131],[139.66112,36.04123],[139.66104,36.04096],[139.66117,36.04058],[139.6616,36.04003],[139.66172,36.03973],[139.66177,36.03918],[139.6617,36.03837],[139.66176,36.03809],[139.66188,36.03791],[139.66225,36.03771],[139.6624,36.03751],[139.66256,36.03704],[139.66261,36.03652],[139.66251,36.03618],[139.66201,36.03588],[139.66188,36.03554],[139.66197,36.03508],[139.66239,36.03476],[139.66244,36.03461],[139.66242,36.0345],[139.66231,36.03442],[139.66212,36.03437],[139.66151,36.03433],[139.66114,36.03418],[139.66099,36.03398],[139.6609,36.03372],[139.66085,36.03334],[139.66088,36.03302],[139.66099,36.03277],[139.66115,36.03265],[139.66137,36.03258],[139.662,36.03253],[139.66231,36.03245],[139.6627,36.03218],[139.66302,36.0318],[139.66325,36.03162],[139.66363,36.03152],[139.66403,36.03157],[139.66433,36.03153],[139.66446,36.03143],[139.66473,36.03104],[139.66508,36.03092],[139.66512,36.03061],[139.66499,36.03011],[139.66483,36.0299],[139.66452,36.02979],[139.66442,36.02953],[139.66439,36.02926],[139.66448,36.02855],[139.6646,36.02835],[139.66495,36.02805],[139.6639,36.02816],[139.66347,36.02809],[139.66317,36.02789],[139.6627,36.02721],[139.66257,36.02707],[139.66228,36.02688],[139.66192,36.02679],[139.66118,36.02684],[139.66087,36.0268],[139.66074,36.02655],[139.66062,36.02644],[139.66005,36.02615],[139.65975,36.02591],[139.65935,36.0252],[139.65891,36.02504],[139.65875,36.02465],[139.65812,36.02404],[139.65795,36.02381],[139.65787,36.02359],[139.65792,36.02315],[139.65788,36.02298],[139.65766,36.0228],[139.65719,36.02263],[139.65707,36.02247],[139.65703,36.02226],[139.65709,36.02177],[139.65704,36.02161],[139.65692,36.02152],[139.65645,36.02143],[139.65624,36.02102],[139.65573,36.02068],[139.65558,36.02051],[139.65554,36.02035],[139.65559,36.0202],[139.65591,36.01998],[139.65604,36.0198],[139.65608,36.0193],[139.65584,36.01885],[139.65519,36.0182],[139.65511,36.018],[139.65516,36.01765],[139.65512,36.01746],[139.6549,36.01716],[139.65454,36.01683],[139.65439,36.01652],[139.65445,36.01633],[139.65492,36.01586],[139.65507,36.01549],[139.65572,36.01535],[139.65585,36.01526],[139.65614,36.01485],[139.65637,36.01475],[139.65677,36.01471],[139.65656,36.01458],[139.65644,36.01443],[139.65638,36.01422],[139.65641,36.01405],[139.65671,36.01366],[139.65731,36.01323],[139.65756,36.01299],[139.65757,36.01288],[139.65736,36.01274],[139.65731,36.01263],[139.65738,36.01214],[139.65722,36.01205],[139.65685,36.01202],[139.65664,36.01193],[139.65651,36.01178],[139.65642,36.01156],[139.65639,36.01133],[139.65644,36.01121],[139.65657,36.01114],[139.65676,36.01112],[139.65683,36.01105],[139.65685,36.01093],[139.65678,36.01053],[139.65684,36.01038],[139.65713,36.01025],[139.6576,36.01023],[139.65793,36.01017],[139.65804,36.01009],[139.6581,36.00992],[139.65845,36.00969],[139.65974,36.00919],[139.66057,36.00898],[139.66106,36.00902],[139.66116,36.00873],[139.66158,36.00862],[139.66174,36.00828],[139.66239,36.00815],[139.66258,36.00799],[139.6627,36.00777],[139.66284,36.00767],[139.66302,36.00762],[139.66369,36.00767],[139.66377,36.0076],[139.66371,36.00723],[139.66382,36.00702],[139.66434,36.00665],[139.66471,36.00613],[139.66487,36.00606],[139.66508,36.00605],[139.66547,36.00613],[139.66566,36.00622],[139.66578,36.00634],[139.66583,36.00657],[139.66592,36.00664],[139.6664,36.00674],[139.66783,36.00679],[139.6705,36.00674],[139.67136,36.00681],[139.67183,36.00695],[139.67193,36.00705],[139.67194,36.00726],[139.67202,36.00747],[139.67211,36.00754],[139.67233,36.0076],[139.67255,36.00781],[139.67342,36.00908],[139.67399,36.01011],[139.67422,36.01085],[139.67441,36.011],[139.67476,36.01114],[139.67485,36.01125],[139.67487,36.01138],[139.67479,36.01173],[139.67484,36.01181],[139.67507,36.01188],[139.67516,36.01207],[139.67522,36.01242],[139.67527,36.0135],[139.67531,36.01374],[139.67546,36.01408],[139.6757,36.01428],[139.67619,36.01434],[139.67649,36.01445],[139.67688,36.01476],[139.6771,36.01508],[139.6773,36.01554],[139.67735,36.01595],[139.6773,36.01628],[139.67738,36.01645],[139.67758,36.01658],[139.67828,36.01674],[139.67856,36.01688],[139.67857,36.01695],[139.67848,36.0171],[139.67801,36.01737],[139.67772,36.01744],[139.67709,36.01748],[139.67692,36.01754],[139.67688,36.01758],[139.67692,36.0177],[139.67725,36.01801],[139.67735,36.01829],[139.6773,36.0184],[139.67714,36.01853],[139.67651,36.01864],[139.67672,36.01876],[139.67685,36.01891],[139.6769,36.01912],[139.67686,36.01934],[139.6767,36.01947],[139.67622,36.01953],[139.67591,36.01966],[139.6755,36.01996],[139.67527,36.02025],[139.67523,36.02043],[139.67531,36.0205],[139.67562,36.0205],[139.67634,36.02036],[139.67648,36.0204],[139.67665,36.02061],[139.67669,36.021],[139.67658,36.02157],[139.67649,36.02184],[139.67627,36.02225],[139.67613,36.02239],[139.6758,36.02254],[139.67505,36.0225],[139.67468,36.02254],[139.67439,36.02281],[139.67403,36.02289],[139.67393,36.02298],[139.67399,36.02326],[139.67418,36.02345],[139.67447,36.02354],[139.67505,36.0236],[139.67517,36.02366],[139.67522,36.02375],[139.67514,36.02396],[139.67479,36.02403],[139.67459,36.02415],[139.67446,36.02437],[139.67439,36.0246],[139.6744,36.02477],[139.67447,36.02488],[139.67494,36.02523],[139.67506,36.02544],[139.67512,36.02587],[139.675,36.02642],[139.67478,36.02669],[139.67443,36.02686],[139.67397,36.02693],[139.67302,36.02697],[139.6727,36.02704],[139.67248,36.02713],[139.67225,36.0274],[139.67216,36.02789],[139.67222,36.02807],[139.67234,36.0282],[139.67253,36.02827],[139.67304,36.02833],[139.67326,36.02843],[139.67344,36.02858],[139.67372,36.02895],[139.67386,36.02903],[139.674,36.02903],[139.67434,36.02884],[139.67481,36.02876],[139.67547,36.02874],[139.67607,36.02884],[139.67647,36.02911],[139.67672,36.0295],[139.67704,36.0298],[139.67732,36.02992],[139.67795,36.03008],[139.67818,36.03021],[139.67833,36.03039],[139.6786,36.03091],[139.67872,36.03098],[139.67896,36.03103],[139.67904,36.0311],[139.6791,36.03145],[139.67918,36.03161],[139.67972,36.03178],[139.68001,36.03197],[139.68027,36.03222],[139.68037,36.03248],[139.68031,36.03281],[139.68037,36.03296],[139.68066,36.03316],[139.68145,36.03349],[139.68184,36.03377],[139.68226,36.03428],[139.68231,36.03444],[139.68225,36.03469],[139.68229,36.0348],[139.68251,36.03497],[139.68301,36.03523],[139.68332,36.03553],[139.68356,36.03592],[139.68369,36.03632],[139.68371,36.03657],[139.68362,36.03702],[139.68363,36.03723],[139.68371,36.0373],[139.68399,36.03738],[139.68405,36.03747],[139.68407,36.03769],[139.684,36.03786],[139.68381,36.03803],[139.68282,36.03853],[139.68265,36.03867],[139.68262,36.0388],[139.68272,36.03892],[139.68295,36.03902],[139.68323,36.03903],[139.68353,36.03898],[139.68369,36.03901],[139.68387,36.03919],[139.68397,36.03958],[139.68386,36.03975],[139.68352,36.0398],[139.68336,36.03993],[139.68334,36.04009],[139.68344,36.04068],[139.68331,36.04099],[139.68304,36.04112],[139.6824,36.04114],[139.68239,36.042],[139.68227,36.04247],[139.68213,36.04269],[139.6817,36.04313],[139.68158,36.04338],[139.68154,36.04363],[139.68144,36.04378],[139.68111,36.04398],[139.68064,36.04416],[139.68042,36.04433],[139.68029,36.04466],[139.68033,36.04507],[139.6802,36.04535],[139.68008,36.04549],[139.67972,36.04577],[139.67896,36.04619],[139.67855,36.04647],[139.67827,36.04675],[139.67799,36.04729],[139.67768,36.04745],[139.67718,36.04751],[139.67686,36.0475],[139.67543,36.04734],[139.67502,36.04733],[139.67486,36.04737],[139.67505,36.04759],[139.67515,36.0478],[139.67518,36.04805],[139.67514,36.04819],[139.67498,36.04836],[139.67462,36.04851],[139.67447,36.04862],[139.67438,36.04877],[139.67428,36.04926],[139.67402,36.04942],[139.67341,36.04946],[139.67302,36.04936],[139.6729,36.0491],[139.67278,36.04899],[139.67221,36.0487],[139.67204,36.04857],[139.67196,36.04843],[139.67202,36.04812],[139.67198,36.04806],[139.67175,36.04812],[139.67099,36.0485],[139.67065,36.04856],[139.67034,36.04853],[139.67002,36.0484],[139.6694,36.04799],[139.66909,36.04789],[139.66869,36.04785],[139.66851,36.04778],[139.66795,36.04731],[139.66761,36.04722],[139.6671,36.04717],[139.66691,36.0471],[139.66678,36.04698],[139.66654,36.04663],[139.66631,36.04654],[139.66601,36.04652],[139.66578,36.04646],[139.66565,36.04636],[139.66547,36.04608],[139.66426,36.04578],[139.66386,36.04561],[139.66375,36.04552],[139.66365,36.04533],[139.66372,36.04491],[139.66369,36.04473],[139.6635,36.04447],[139.66291,36.04428],[139.66135,36.04404],[139.66103,36.04389],[139.66094,36.04379],[139.66088,36.04355]],[[139.66615,36.0704],[139.66614,36.07005],[139.66606,36.06991],[139.66583,36.06973],[139.66585,36.06964],[139.66607,36.06938],[139.66616,36.06876],[139.66607,36.06652],[139.66609,36.06602],[139.66617,36.06574],[139.66622,36.06568],[139.6664,36.06566],[139.66616,36.06551],[139.66607,36.06538],[139.66599,36.06509],[139.666,36.0647],[139.66606,36.0645],[139.66618,36.06438],[139.66669,36.06429],[139.66682,36.06413],[139.66673,36.06392],[139.66645,36.06387],[139.66632,36.06377],[139.66626,36.06358],[139.66628,36.06341],[139.66653,36.06302],[139.66712,36.06249],[139.66736,36.06217],[139.66738,36.06205],[139.66733,36.06192],[139.6672,36.06186],[139.667,36.06184],[139.66687,36.06174],[139.66682,36.06155],[139.66686,36.06133],[139.66702,36.06121],[139.66746,36.06115],[139.66758,36.0611],[139.66776,36.06073],[139.66828,36.06035],[139.6684,36.06017],[139.66832,36.05997],[139.6682,36.05987],[139.66728,36.05942],[139.66692,36.05914],[139.6668,36.05898],[139.66668,36.05864],[139.66667,36.05846],[139.66677,36.05809],[139.66694,36.05784],[139.66721,36.0577],[139.66737,36.05767],[139.66777,36.0577],[139.66824,36.0578],[139.66842,36.05789],[139.66855,36.0582],[139.66881,36.05837],[139.66907,36.05837],[139.66941,36.05825],[139.6698,36.058],[139.6701,36.05762],[139.67024,36.05729],[139.67042,36.05658],[139.67055,36.05633],[139.67071,36.05617],[139.67101,36.05605],[139.67122,36.05588],[139.67154,36.05548],[139.67174,36.05511],[139.67201,36.05481],[139.67234,36.05464],[139.67253,36.0546],[139.67296,36.05462],[139.67361,36.05474],[139.67391,36.05473],[139.67411,36.05465],[139.67439,36.05426],[139.67464,36.0542],[139.67505,36.05425],[139.67546,36.05437],[139.67577,36.05455],[139.67634,36.05504],[139.67681,36.05521],[139.6779,36.05539],[139.67975,36.05555],[139.68058,36.05576],[139.68083,36.05595],[139.68096,36.05625],[139.68109,36.05638],[139.68126,36.05645],[139.68155,36.05648],[139.68169,36.05655],[139.68181,36.05676],[139.68184,36.05706],[139.68199,36.05721],[139.68218,36.0572],[139.68275,36.05702],[139.68327,36.05694],[139.68386,36.05692],[139.68436,36.05696],[139.68466,36.05706],[139.68479,36.05722],[139.68497,36.05733],[139.68543,36.05737],[139.68562,36.05744],[139.68573,36.0577],[139.68579,36.05774],[139.68609,36.05768],[139.68633,36.05769],[139.68662,36.05779],[139.68689,36.05797],[139.68705,36.05818],[139.6871,36.05851],[139.68722,36.0588],[139.68776,36.05955],[139.68781,36.05983],[139.68774,36.06008],[139.68776,36.06022],[139.68785,36.06032],[139.6882,36.06047],[139.68834,36.06058],[139.68843,36.06073],[139.68848,36.06114],[139.6886,36.06141],[139.68874,36.06156],[139.68917,36.06185],[139.6893,36.06208],[139.68925,36.06226],[139.68893,36.06235],[139.68886,36.06246],[139.68884,36.06265],[139.68893,36.06349],[139.68883,36.06373],[139.6886,36.06389],[139.68866,36.06398],[139.68883,36.06407],[139.68888,36.06425],[139.68865,36.06478],[139.68858,36.06517],[139.68856,36.06598],[139.68863,36.06701],[139.68854,36.06779],[139.68837,36.06814],[139.68773,36.06864],[139.68762,36.06889],[139.68769,36.06899],[139.68784,36.06908],[139.68885,36.06932],[139.68932,36.06957],[139.68947,36.06983],[139.68938,36.07028],[139.6894,36.07038],[139.68975,36.07051],[139.68983,36.07066],[139.68984,36.07082],[139.68974,36.07103],[139.68958,36.07114],[139.68883,36.07139],[139.68875,36.07149],[139.68866,36.07174],[139.68851,36.07193],[139.68778,36.07254],[139.6873,36.07274],[139.687,36.07275],[139.68659,36.07265],[139.6864,36.07275],[139.68624,36.07321],[139.68616,36.07419],[139.68601,36.07451],[139.68577,36.07468],[139.68528,36.07474],[139.68488,36.07496],[139.68468,36.07523],[139.68442,36.07577],[139.68429,36.0759],[139.68394,36.07608],[139.68372,36.07611],[139.68319,36.0761],[139.68225,36.07598],[139.68163,36.07599],[139.681,36.07607],[139.6801,36.07629],[139.67952,36.07638],[139.67932,36.07635],[139.67926,36.07621],[139.67907,36.0761],[139.67798,36.07599],[139.67783,36.07591],[139.67768,36.07576],[139.67751,36.0757],[139.67708,36.07569],[139.6765,36.07575],[139.67607,36.07571],[139.67589,36.07561],[139.67569,36.07533],[139.67559,36.07539],[139.67541,36.07567],[139.67525,36.07577],[139.67491,36.07583],[139.67453,36.07581],[139.67427,36.07572],[139.67398,36.07547],[139.67383,36.07545],[139.67345,36.07551],[139.67331,36.07544],[139.67319,36.07516],[139.67313,36.07459],[139.67301,36.07445],[139.67292,36.07442],[139.67256,36.0745],[139.67224,36.07469],[139.67209,36.07492],[139.67205,36.07516],[139.67185,36.07531],[139.67146,36.07538],[139.6709,36.07533],[139.6707,36.07523],[139.67066,36.07507],[139.67058,36.07499],[139.66964,36.07484],[139.66922,36.07463],[139.66895,36.07442],[139.66852,36.07389],[139.66813,36.07279],[139.66801,36.07269],[139.66764,36.0726],[139.66748,36.07241],[139.66725,36.07222],[139.66681,36.07205],[139.66671,36.07196],[139.66672,36.07177],[139.6669,36.07147],[139.66685,36.07138],[139.66671,36.07132],[139.66634,36.07129],[139.66617,36.07119],[139.66612,36.0711],[139.66608,36.07087],[139.66615,36.0704]],[[139.67186,36.09692],[139.67185,36.09671],[139.67192,36.0964],[139.67187,36.09619],[139.67175,36.09612],[139.67139,36.09607],[139.67127,36.096],[139.67121,36.09588],[139.67118,36.09566],[139.67106,36.09553],[139.67063,36.09556],[139.67047,36.09547],[139.67028,36.09513],[139.67015,36.0946],[139.66995,36.09434],[139.66964,36.0942],[139.66945,36.09417],[139.66899,36.0942],[139.66858,36.09429],[139.66828,36.09442],[139.66808,36.09459],[139.6678,36.09512],[139.66768,36.09519],[139.66744,36.09522],[139.66732,36.09535],[139.66736,36.0956],[139.66768,36.09583],[139.66781,36.09614],[139.66786,36.09666],[139.66781,36.09758],[139.66777,36.0978],[139.66766,36.09798],[139.66746,36.09811],[139.66721,36.09815],[139.66714,36.09825],[139.66712,36.09857],[139.6672,36.09905],[139.66714,36.09946],[139.66702,36.09968],[139.66659,36.10013],[139.6665,36.10033],[139.66643,36.10076],[139.66628,36.10094],[139.66601,36.10107],[139.66499,36.10126],[139.66467,36.10143],[139.66464,36.10158],[139.66473,36.10189],[139.6647,36.10209],[139.66451,36.10234],[139.66415,36.10242],[139.66407,36.10247],[139.66406,36.10263],[139.66415,36.10294],[139.66412,36.10309],[139.66377,36.10352],[139.66361,36.10406],[139.66335,36.10423],[139.66274,36.10437],[139.66248,36.1045],[139.66229,36.10468],[139.66209,36.10518],[139.66191,36.10542],[139.66174,36.10546],[139.66145,36.10542],[139.6613,36.10546],[139.66134,36.10601],[139.66121,36.1062],[139.66106,36.10631],[139.66066,36.10638],[139.66014,36.10629],[139.65971,36.10608],[139.65932,36.10572],[139.65906,36.10564],[139.65876,36.10568],[139.65853,36.10578],[139.65841,36.10592],[139.65838,36.10608],[139.65823,36.10619],[139.65791,36.10623],[139.65755,36.10621],[139.65734,36.10612],[139.65727,36.10592],[139.65718,36.10585],[139.65692,36.10578],[139.65655,36.10576],[139.65633,36.10567],[139.65629,36.10555],[139.65635,36.10526],[139.65625,36.10513],[139.65562,36.10503],[139.65523,36.10479],[139.655,36.10472],[139.65393,36.10463],[139.65356,36.10456],[139.65322,36.10443],[139.65262,36.10404],[139.65223,36.10388],[139.65149,36.10375],[139.65038,36.10376],[139.64991,36.10384],[139.6498,36.10393],[139.64974,36.10408],[139.64962,36.10414],[139.64904,36.10418],[139.64861,36.10403],[139.6483,36.10373],[139.64801,36.10354],[139.64739,36.10334],[139.64719,36.10321],[139.64707,36.10303],[139.647,36.10252],[139.64689,36.10229],[139.64657,36.10202],[139.64609,36.10182],[139.64585,36.1016],[139.64566,36.10112],[139.64564,36.10069],[139.64574,36.1001],[139.64601,36.09963],[139.64663,36.09914],[139.64692,36.09901],[139.64722,36.09896],[139.6473,36.09885],[139.6473,36.09869],[139.64704,36.09833],[139.64662,36.09804],[139.64626,36.09796],[139.64564,36.09802],[139.64548,36.09798],[139.64555,36.09774],[139.64553,36.09765],[139.64518,36.09739],[139.64509,36.09704],[139.64518,36.09681],[139.64547,36.09671],[139.64556,36.09655],[139.64565,36.09586],[139.64561,36.09517],[139.64546,36.09471],[139.64529,36.09452],[139.6449,36.09424],[139.64482,36.09401],[139.64495,36.09368],[139.64529,36.0933],[139.64555,36.09317],[139.646,36.09311],[139.64609,36.09303],[139.64604,36.09268],[139.64608,36.09253],[139.64621,36.09239],[139.64668,36.09214],[139.64687,36.09198],[139.647,36.09177],[139.64707,36.09126],[139.64715,36.09106],[139.64741,36.09091],[139.64779,36.09088],[139.64797,36.09082],[139.64796,36.09074],[139.64779,36.09057],[139.64766,36.09034],[139.64761,36.08993],[139.64766,36.08974],[139.64787,36.08953],[139.64836,36.08937],[139.64862,36.08919],[139.6487,36.08902],[139.64877,36.08851],[139.6489,36.08828],[139.64903,36.08816],[139.64921,36.08808],[139.64944,36.08804],[139.65021,36.08812],[139.6506,36.08828],[139.65068,36.0885],[139.65084,36.08863],[139.65129,36.08877],[139.65153,36.08876],[139.65179,36.08859],[139.65198,36.08811],[139.65214,36.08794],[139.65251,36.08783],[139.65299,36.08788],[139.65336,36.08784],[139.65351,36.08774],[139.65373,36.0874],[139.65396,36.08729],[139.65419,36.08734],[139.65435,36.08743],[139.65494,36.08799],[139.6552,36.08815],[139.65542,36.0882],[139.65583,36.08814],[139.65613,36.08807],[139.65639,36.08788],[139.65657,36.08753],[139.65675,36.08693],[139.65696,36.08663],[139.65725,36.0865],[139.6577,36.08646],[139.65792,36.08652],[139.65808,36.08663],[139.65818,36.08693],[139.65827,36.08703],[139.65891,36.08724],[139.6591,36.08735],[139.65926,36.08759],[139.65932,36.08797],[139.65945,36.08805],[139.65964,36.08804],[139.66016,36.08788],[139.66053,36.08788],[139.66135,36.08816],[139.66239,36.08825],[139.66258,36.08836],[139.66268,36.08859],[139.66288,36.08865],[139.66307,36.08866],[139.66349,36.08852],[139.66411,36.08797],[139.66432,36.08784],[139.66463,36.08776],[139.66491,36.08779],[139.66506,36.08792],[139.66512,36.08821],[139.66521,36.08831],[139.66536,36.08835],[139.66596,36.08832],[139.66622,36.08849],[139.66633,36.08871],[139.66639,36.08914],[139.6663,36.08925],[139.66606,36.08919],[139.66598,36.08921],[139.66593,36.08931],[139.66597,36.08946],[139.66613,36.08954],[139.6665,36.08958],[139.66666,36.08965],[139.66684,36.08986],[139.6671,36.09042],[139.66724,36.09054],[139.66759,36.09069],[139.66794,36.09039],[139.66804,36.09017],[139.66805,36.08973],[139.66795,36.0886],[139.66808,36.08775],[139.66826,36.08741],[139.66843,36.08726],[139.66872,36.08714],[139.66891,36.08686],[139.66898,36.08658],[139.66902,36.08586],[139.66918,36.08539],[139.66931,36.08526],[139.66957,36.08515],[139.67056,36.0852],[139.67064,36.08514],[139.67068,36.08498],[139.67076,36.08489],[139.67152,36.08461],[139.67171,36.08446],[139.67185,36.08425],[139.67195,36.08385],[139.67189,36.08356],[139.67177,36.08343],[139.6714,36.08324],[139.67125,36.08304],[139.67114,36.08275],[139.67105,36.08206],[139.67115,36.08181],[139.67131,36.08178],[139.67165,36.08192],[139.67176,36.08206],[139.6718,36.08222],[139.67199,36.08235],[139.67256,36.08249],[139.67286,36.08249],[139.67312,36.08243],[139.67332,36.08229],[139.6738,36.08174],[139.67399,36.08163],[139.67429,36.08154],[139.67472,36.08147],[139.67498,36.08149],[139.67508,36.08157],[139.67513,36.08179],[139.67519,36.0818],[139.6755,36.08162],[139.67571,36.08156],[139.67596,36.08154],[139.67663,36.08159],[139.67702,36.08151],[139.67744,36.08131],[139.6779,36.081],[139.67867,36.0803],[139.67888,36.07992],[139.67883,36.07951],[139.67919,36.07938],[139.67927,36.07922],[139.67929,36.07898],[139.67945,36.07879],[139.6799,36.07864],[139.68033,36.07863],[139.68048,36.07872],[139.68067,36.07899],[139.68137,36.07913],[139.68165,36.07914],[139.68194,36.07907],[139.68235,36.07884],[139.68296,36.07877],[139.68335,36.07883],[139.68381,36.07907],[139.68399,36.07925],[139.68409,36.07947],[139.6841,36.07973],[139.68393,36.08036],[139.68401,36.08059],[139.68426,36.08074],[139.68524,36.08083],[139.68603,36.08105],[139.68678,36.08149],[139.68722,36.08187],[139.68747,36.08218],[139.68752,36.0823],[139.68748,36.08251],[139.68713,36.08271],[139.68691,36.083],[139.68687,36.08327],[139.68694,36.08374],[139.68693,36.08409],[139.68685,36.08424],[139.68673,36.08431],[139.68665,36.08442],[139.68667,36.0846],[139.68677,36.08485],[139.68726,36.08557],[139.68747,36.08575],[139.68778,36.08589],[139.68798,36.0859],[139.68824,36.08582],[139.68846,36.08561],[139.68862,36.08531],[139.68872,36.08455],[139.68881,36.08434],[139.68907,36.08413],[139.68933,36.08406],[139.68957,36.08407],[139.68976,36.08416],[139.68989,36.08434],[139.69,36.08484],[139.68995,36.08509],[139.68967,36.08528],[139.68956,36.08541],[139.68956,36.08561],[139.68969,36.08567],[139.68993,36.08569],[139.69066,36.08564],[139.69084,36.08567],[139.69113,36.08581],[139.69136,36.08606],[139.69166,36.08676],[139.69183,36.08701],[139.69202,36.08717],[139.69235,36.08733],[139.69235,36.08755],[139.69203,36.08796],[139.69187,36.08827],[139.69192,36.08889],[139.69161,36.08915],[139.69163,36.08924],[139.69184,36.08947],[139.69189,36.08968],[139.69184,36.09011],[139.69161,36.09093],[139.69156,36.09145],[139.69167,36.0935],[139.69165,36.09398],[139.69159,36.09413],[139.69132,36.09426],[139.69015,36.09435],[139.68966,36.0945],[139.68946,36.0947],[139.68932,36.09508],[139.68914,36.09535],[139.68897,36.09544],[139.68868,36.09547],[139.68844,36.09563],[139.6882,36.09621],[139.68798,36.09647],[139.68777,36.09656],[139.68719,36.09664],[139.68703,36.0968],[139.68695,36.09709],[139.6868,36.09719],[139.68656,36.09724],[139.68579,36.09729],[139.68538,36.09745],[139.68516,36.09772],[139.68504,36.09831],[139.68491,36.0985],[139.68468,36.09867],[139.68395,36.09891],[139.68356,36.09911],[139.68343,36.09927],[139.68332,36.09966],[139.68285,36.09983],[139.68227,36.10047],[139.68206,36.10061],[139.68196,36.10064],[139.68175,36.10061],[139.68118,36.10026],[139.68024,36.1],[139.67998,36.09988],[139.67972,36.09958],[139.67954,36.09911],[139.67933,36.09898],[139.67905,36.09907],[139.67884,36.09926],[139.67879,36.09941],[139.67886,36.09973],[139.67884,36.09988],[139.67859,36.10014],[139.67827,36.10029],[139.6779,36.10037],[139.6775,36.1004],[139.67725,36.10036],[139.67694,36.10024],[139.67642,36.0998],[139.67601,36.09965],[139.67553,36.09955],[139.6752,36.09941],[139.67509,36.09924],[139.67507,36.09881],[139.67438,36.09852],[139.67414,36.09837],[139.67398,36.09815],[139.67393,36.09786],[139.67384,36.09779],[139.67317,36.09782],[139.67279,36.0975],[139.67239,36.09742],[139.67225,36.09708],[139.67212,36.09702],[139.67193,36.09699],[139.67186,36.09692]],[[139.68393,36.14382],[139.68387,36.14364],[139.68396,36.14341],[139.68427,36.14306],[139.68415,36.143],[139.68388,36.14298],[139.68375,36.14291],[139.6837,36.14278],[139.68377,36.14238],[139.68373,36.14223],[139.6836,36.14213],[139.68313,36.14207],[139.68294,36.14196],[139.68282,36.14177],[139.68277,36.1415],[139.68282,36.14104],[139.68294,36.14083],[139.68313,36.14068],[139.68351,36.14056],[139.68368,36.14038],[139.68373,36.14025],[139.68376,36.13972],[139.68363,36.13912],[139.68342,36.13874],[139.6829,36.13843],[139.68281,36.13828],[139.68275,36.13786],[139.68264,36.13764],[139.68245,36.13741],[139.68184,36.13696],[139.6816,36.13671],[139.68145,36.13646],[139.68139,36.13619],[139.68144,36.13579],[139.68156,36.13559],[139.68175,36.13542],[139.68214,36.13522],[139.6824,36.13483],[139.68249,36.13444],[139.68252,36.13374],[139.68268,36.13323],[139.68287,36.13303],[139.68313,36.13295],[139.68338,36.13279],[139.6836,36.13248],[139.68378,36.13204],[139.68407,36.13095],[139.68428,36.13049],[139.68442,36.13037],[139.68463,36.13033],[139.68477,36.13023],[139.68528,36.12961],[139.68555,36.12949],[139.68593,36.12943],[139.68608,36.12926],[139.68612,36.12897],[139.68599,36.12865],[139.68567,36.12836],[139.68487,36.12789],[139.68474,36.1277],[139.68479,36.12751],[139.685,36.12725],[139.6857,36.1266],[139.68612,36.12585],[139.68628,36.12573],[139.68649,36.12566],[139.68675,36.12564],[139.68709,36.12571],[139.68725,36.1258],[139.68753,36.12616],[139.68789,36.12629],[139.68825,36.12632],[139.68898,36.12626],[139.68934,36.1261],[139.68957,36.12587],[139.68982,36.12571],[139.69011,36.12565],[139.6904,36.12567],[139.69066,36.12575],[139.69098,36.12596],[139.69122,36.12605],[139.69243,36.12626],[139.69289,36.12641],[139.69304,36.12655],[139.69316,36.12698],[139.69338,36.12713],[139.69383,36.12721],[139.69436,36.12723],[139.69506,36.12717],[139.69528,36.12707],[139.69541,36.12694],[139.69548,36.1267],[139.69546,36.12658],[139.69515,36.12634],[139.69503,36.12604],[139.69502,36.12582],[139.69517,36.12565],[139.69554,36.12555],[139.6958,36.12552],[139.69648,36.12553],[139.69726,36.1256],[139.69783,36.12575],[139.69819,36.12596],[139.6983,36.1261],[139.6984,36.1267],[139.69852,36.12692],[139.69871,36.12706],[139.6991,36.12719],[139.69944,36.12753],[139.69996,36.1288],[139.70022,36.12911],[139.70038,36.12922],[139.70074,36.12936],[139.70116,36.12941],[139.70178,36.1294],[139.7028,36.12922],[139.70311,36.12928],[139.70323,36.12937],[139.70341,36.12964],[139.70358,36.13043],[139.70374,36.13081],[139.70412,36.13112],[139.70419,36.13138],[139.70428,36.13149],[139.70492,36.13185],[139.70508,36.13205],[139.70517,36.13248],[139.70511,36.13319],[139.70521,36.13353],[139.70537,36.13365],[139.70567,36.13378],[139.70584,36.13393],[139.70608,36.13427],[139.70625,36.13468],[139.7063,36.13506],[139.70623,36.13541],[139.70605,36.13576],[139.70574,36.13597],[139.70561,36.13619],[139.7055,36.13702],[139.70537,36.13729],[139.70518,36.13749],[139.70506,36.13775],[139.70479,36.13915],[139.70463,36.13968],[139.7044,36.14018],[139.70378,36.1411],[139.70354,36.14155],[139.70339,36.142],[139.7033,36.14289],[139.70316,36.14327],[139.70277,36.14373],[139.70219,36.1441],[139.70168,36.14456],[139.7014,36.14494],[139.70097,36.14573],[139.70066,36.14603],[139.70045,36.14607],[139.70011,36.146],[139.6997,36.146],[139.6992,36.14606],[139.69878,36.14617],[139.69859,36.14626],[139.69825,36.14654],[139.69755,36.14663],[139.69713,36.14679],[139.69686,36.14698],[139.69633,36.14746],[139.69611,36.1476],[139.69593,36.14764],[139.69578,36.14761],[139.69562,36.1475],[139.69548,36.14713],[139.69529,36.14706],[139.69503,36.14713],[139.69489,36.1475],[139.69474,36.14761],[139.69458,36.14765],[139.69406,36.14757],[139.69329,36.14728],[139.69278,36.14716],[139.69196,36.14719],[139.69173,36.14699],[139.69164,36.14696],[139.69147,36.14706],[139.69117,36.14735],[139.69097,36.14744],[139.6906,36.1475],[139.6902,36.14747],[139.68984,36.14735],[139.6892,36.14695],[139.68899,36.14691],[139.68858,36.14696],[139.68842,36.14693],[139.68829,36.14683],[139.68807,36.14636],[139.68792,36.14619],[139.68749,36.14608],[139.68728,36.14585],[139.68714,36.14577],[139.68684,36.1457],[139.68645,36.14569],[139.68611,36.14559],[139.68578,36.14532],[139.68562,36.14519],[139.68542,36.14512],[139.68518,36.1451],[139.68466,36.14517],[139.68435,36.14513],[139.68411,36.14499],[139.68403,36.14486],[139.68403,36.1446],[139.68424,36.14419],[139.68429,36.14398],[139.68424,36.14391],[139.68393,36.14382]],[[139.71151,36.03757],[139.71177,36.03764],[139.71187,36.03797],[139.71213,36.03815],[139.71223,36.03834],[139.71228,36.03897],[139.71221,36.04067],[139.71229,36.04114],[139.71246,36.04142],[139.71271,36.04153],[139.71308,36.04155],[139.71336,36.04147],[139.7136,36.04132],[139.71382,36.04125],[139.71521,36.04111],[139.71558,36.04096],[139.71581,36.04072],[139.71614,36.04053],[139.71717,36.04027],[139.71736,36.04018],[139.71768,36.03992],[139.71791,36.03991],[139.71811,36.03995],[139.71828,36.04007],[139.71839,36.04028],[139.71852,36.04143],[139.71871,36.04183],[139.71895,36.04197],[139.71915,36.042],[139.71978,36.04194],[139.72016,36.04195],[139.7205,36.04206],[139.72069,36.04218],[139.72093,36.0425],[139.72099,36.04293],[139.7211,36.04315],[139.72129,36.04338],[139.7219,36.04383],[139.72222,36.04413],[139.72233,36.04432],[139.7224,36.04468],[139.72253,36.04478],[139.72282,36.04485],[139.7229,36.04501],[139.72293,36.04526],[139.72303,36.04547],[139.72384,36.04625],[139.72407,36.04659],[139.72427,36.04717],[139.72428,36.04781],[139.72416,36.04836],[139.72391,36.04858],[139.72402,36.04866],[139.72447,36.04879],[139.72469,36.049],[139.72473,36.04921],[139.72466,36.04962],[139.72468,36.05004],[139.72492,36.05086],[139.72476,36.05115],[139.72421,36.05141],[139.72407,36.05154],[139.7242,36.05162],[139.72466,36.05174],[139.72492,36.05197],[139.72503,36.05214],[139.72518,36.05259],[139.72527,36.05317],[139.72529,36.05367],[139.72523,36.05402],[139.72511,36.05422],[139.72483,36.05428],[139.72471,36.0544],[139.72466,36.05477],[139.72472,36.05547],[139.72463,36.05572],[139.72446,36.05588],[139.72397,36.05604],[139.72378,36.05614],[139.72365,36.05628],[139.72348,36.05656],[139.72338,36.05663],[139.7232,36.05663],[139.72302,36.05654],[139.72291,36.05641],[139.72287,36.0562],[139.72279,36.05613],[139.72253,36.05606],[139.72215,36.05604],[139.72198,36.05597],[139.72189,36.05576],[139.72194,36.05546],[139.72183,36.05534],[139.72142,36.05532],[139.72097,36.05541],[139.72057,36.05559],[139.72042,36.05572],[139.72021,36.05606],[139.72011,36.05649],[139.7202,36.05755],[139.72029,36.05782],[139.72048,36.05812],[139.72057,36.05856],[139.72051,36.05945],[139.72041,36.05983],[139.72028,36.06004],[139.72012,36.06008],[139.72002,36.06004],[139.71963,36.05965],[139.7195,36.05928],[139.71924,36.05921],[139.71904,36.0593],[139.71875,36.05952],[139.71748,36.06076],[139.71702,36.06114],[139.71681,36.06123],[139.71662,36.06121],[139.71646,36.06113],[139.71631,36.06094],[139.71624,36.06094],[139.71607,36.06129],[139.71597,36.06138],[139.7156,36.0615],[139.71532,36.06153],[139.71458,36.06152],[139.71204,36.06131],[139.71113,36.06136],[139.71092,36.06123],[139.71079,36.06095],[139.71069,36.06085],[139.7103,36.06069],[139.70922,36.06056],[139.70727,36.06051],[139.70665,36.06041],[139.70644,36.06034],[139.70623,36.06015],[139.70621,36.05986],[139.70615,36.05973],[139.70605,36.05966],[139.70587,36.05962],[139.70579,36.05952],[139.70584,36.0585],[139.70568,36.05831],[139.70541,36.05828],[139.70531,36.05821],[139.7053,36.05808],[139.70545,36.05767],[139.70531,36.05745],[139.70467,36.05711],[139.70336,36.05666],[139.70296,36.05643],[139.70277,36.05621],[139.70279,36.05598],[139.70294,36.05573],[139.70318,36.0556],[139.70361,36.05554],[139.70374,36.05539],[139.70369,36.05519],[139.70337,36.05496],[139.70324,36.05468],[139.70319,36.05402],[139.70327,36.05358],[139.70346,36.05336],[139.70385,36.05328],[139.70412,36.05307],[139.7044,36.05257],[139.70457,36.05208],[139.70456,36.0519],[139.70448,36.05181],[139.70373,36.05154],[139.70358,36.05141],[139.70349,36.05124],[139.70348,36.05092],[139.70356,36.05071],[139.70366,36.05064],[139.70394,36.05059],[139.70403,36.05043],[139.70398,36.05012],[139.70367,36.04926],[139.70361,36.049],[139.70367,36.0487],[139.70385,36.04846],[139.70381,36.04835],[139.70294,36.04786],[139.70255,36.04748],[139.70238,36.04745],[139.70199,36.04813],[139.70145,36.04852],[139.70133,36.04866],[139.70123,36.04906],[139.70113,36.04919],[139.7008,36.04934],[139.70032,36.04941],[139.70006,36.04938],[139.69987,36.04928],[139.69966,36.0489],[139.6994,36.04872],[139.69914,36.04868],[139.69865,36.04874],[139.69825,36.04873],[139.69802,36.04865],[139.69765,36.04837],[139.69711,36.04879],[139.69684,36.04894],[139.69647,36.04903],[139.69605,36.04904],[139.6955,36.04899],[139.69496,36.04888],[139.69465,36.04872],[139.69458,36.04851],[139.69447,36.04844],[139.69367,36.04834],[139.69345,36.04822],[139.69334,36.04799],[139.69338,36.0473],[139.69329,36.0469],[139.69312,36.04674],[139.69274,36.04661],[139.6924,36.04637],[139.69222,36.04612],[139.69192,36.04552],[139.69175,36.04533],[139.69156,36.04523],[139.69127,36.04519],[139.69113,36.0451],[139.69101,36.04484],[139.69099,36.04445],[139.69091,36.04415],[139.69082,36.04402],[139.6905,36.04381],[139.69038,36.04349],[139.69012,36.04332],[139.6894,36.04302],[139.68919,36.04276],[139.68918,36.04256],[139.6893,36.04225],[139.68945,36.04204],[139.68971,36.04186],[139.68961,36.04173],[139.68915,36.0415],[139.68898,36.04134],[139.6889,36.04113],[139.68891,36.04088],[139.68912,36.04032],[139.68953,36.03997],[139.68962,36.03952],[139.68958,36.03933],[139.68949,36.03921],[139.68935,36.03914],[139.68897,36.03908],[139.68882,36.03898],[139.68871,36.03882],[139.6886,36.03837],[139.68866,36.03794],[139.68883,36.03746],[139.68909,36.03708],[139.6893,36.03693],[139.68983,36.03685],[139.69021,36.03666],[139.69044,36.03643],[139.69107,36.03557],[139.69177,36.03504],[139.69189,36.03472],[139.69204,36.03464],[139.69232,36.03462],[139.69249,36.03452],[139.69264,36.03414],[139.6927,36.03325],[139.69286,36.03275],[139.69305,36.03255],[139.69353,36.03239],[139.69369,36.03228],[139.69378,36.03215],[139.69388,36.03168],[139.69404,36.03149],[139.6942,36.03139],[139.6946,36.03128],[139.69566,36.03123],[139.69604,36.03116],[139.69644,36.03095],[139.69688,36.03043],[139.69716,36.03034],[139.69758,36.03042],[139.69783,36.03056],[139.69793,36.03077],[139.698,36.03126],[139.69815,36.03143],[139.69842,36.03147],[139.6988,36.0314],[139.6991,36.03122],[139.69921,36.03105],[139.69932,36.03067],[139.69939,36.02982],[139.69948,36.02963],[139.69962,36.02954],[139.69991,36.02961],[139.70014,36.02982],[139.70047,36.03062],[139.70054,36.03063],[139.70072,36.03045],[139.70098,36.03037],[139.70149,36.03035],[139.70192,36.0304],[139.70221,36.03051],[139.70234,36.03062],[139.7024,36.03102],[139.70326,36.0309],[139.70357,36.03094],[139.70372,36.03107],[139.7038,36.03156],[139.704,36.03186],[139.70424,36.03198],[139.70487,36.0321],[139.70541,36.03215],[139.70561,36.0321],[139.70576,36.03189],[139.70601,36.0312],[139.70612,36.03108],[139.70631,36.03103],[139.70659,36.03113],[139.70693,36.03148],[139.7071,36.03157],[139.70719,36.03155],[139.70738,36.03136],[139.70754,36.0313],[139.70787,36.03126],[139.70826,36.03128],[139.70858,36.03136],[139.7089,36.03156],[139.70915,36.03164],[139.71037,36.03173],[139.71074,36.03181],[139.71103,36.03197],[139.71124,36.0322],[139.71145,36.03284],[139.71136,36.03341],[139.71146,36.0335],[139.71174,36.03355],[139.71182,36.03377],[139.71148,36.0342],[139.70972,36.03574],[139.70929,36.03627],[139.70908,36.03682],[139.70893,36.03741],[139.70849,36.03982],[139.70884,36.03963],[139.70901,36.03933],[139.70944,36.03746],[139.70976,36.03656],[139.71021,36.03595],[139.71054,36.03572],[139.7108,36.0357],[139.71099,36.0359],[139.71106,36.03607],[139.71122,36.03704],[139.71138,36.03746],[139.71151,36.03757]],[[139.70664,36.06624],[139.70697,36.06612],[139.70705,36.06596],[139.70707,36.06573],[139.70716,36.06563],[139.70742,36.06559],[139.70791,36.06564],[139.70806,36.06557],[139.70815,36.06543],[139.70822,36.06504],[139.70834,36.06491],[139.70853,36.06484],[139.70891,36.06484],[139.70917,36.0649],[139.70926,36.06498],[139.70933,36.06521],[139.70959,36.06528],[139.70982,36.06518],[139.71005,36.06483],[139.71025,36.06471],[139.71074,36.06462],[139.71142,36.06462],[139.7118,36.06469],[139.71209,36.06482],[139.71243,36.0652],[139.71264,36.06528],[139.71278,36.0652],[139.71302,36.06491],[139.7135,36.06473],[139.71397,36.0647],[139.71485,36.06475],[139.71547,36.06468],[139.71571,36.06454],[139.71597,36.06408],[139.71612,36.06398],[139.7163,36.06394],[139.7165,36.06395],[139.71674,36.06408],[139.71686,36.06428],[139.71705,36.06484],[139.71754,36.0648],[139.71792,36.06446],[139.71835,36.06439],[139.71855,36.06443],[139.71872,36.06453],[139.71912,36.06499],[139.71939,36.06511],[139.71999,36.06513],[139.72114,36.06496],[139.72145,36.065],[139.72162,36.06532],[139.72224,36.06576],[139.72282,36.06646],[139.72324,36.06671],[139.72414,36.06704],[139.72434,36.0672],[139.72442,36.06739],[139.72436,36.06771],[139.72442,36.06802],[139.72458,36.06824],[139.72509,36.06868],[139.72578,36.06899],[139.72598,36.06927],[139.72602,36.06964],[139.72574,36.07149],[139.72583,36.07296],[139.72581,36.07329],[139.72573,36.07353],[139.72555,36.07372],[139.7255,36.07385],[139.72555,36.07407],[139.72572,36.07432],[139.72573,36.07449],[139.72563,36.07466],[139.72509,36.07506],[139.72499,36.07523],[139.7252,36.07542],[139.72522,36.07552],[139.725,36.07589],[139.72494,36.07608],[139.72499,36.07618],[139.72518,36.07627],[139.72531,36.07642],[139.72536,36.07663],[139.72533,36.07695],[139.72524,36.07721],[139.72512,36.07736],[139.72496,36.07744],[139.72467,36.07749],[139.72462,36.07753],[139.7247,36.07778],[139.72468,36.07793],[139.7241,36.07876],[139.72398,36.0791],[139.72395,36.07943],[139.72386,36.07962],[139.72355,36.07987],[139.72286,36.08017],[139.72281,36.08154],[139.72272,36.08187],[139.72258,36.08209],[139.72218,36.08231],[139.72166,36.08242],[139.72122,36.08235],[139.72099,36.08212],[139.72081,36.08204],[139.72044,36.08209],[139.72011,36.08224],[139.71992,36.08245],[139.71989,36.08261],[139.7203,36.08316],[139.72035,36.08347],[139.7203,36.08366],[139.72017,36.08376],[139.71993,36.0838],[139.71985,36.08387],[139.71974,36.08438],[139.71948,36.0847],[139.71894,36.08493],[139.7183,36.08503],[139.71802,36.085],[139.71779,36.0849],[139.71739,36.08444],[139.71713,36.08431],[139.71693,36.08432],[139.71659,36.08445],[139.71648,36.08459],[139.71643,36.08479],[139.71619,36.08488],[139.71574,36.08485],[139.71532,36.08453],[139.71509,36.08452],[139.71489,36.08457],[139.71468,36.08454],[139.71437,36.08428],[139.71368,36.08323],[139.71352,36.08311],[139.71314,36.08302],[139.71287,36.08274],[139.71261,36.08266],[139.7119,36.08259],[139.71167,36.08249],[139.7115,36.0823],[139.71137,36.08226],[139.71083,36.08233],[139.71072,36.08232],[139.71065,36.08226],[139.71061,36.08207],[139.71043,36.08226],[139.71017,36.08233],[139.70958,36.08228],[139.70914,36.08215],[139.70881,36.08196],[139.70838,36.08157],[139.70804,36.08149],[139.70792,36.08142],[139.70765,36.08089],[139.70745,36.0807],[139.70695,36.08047],[139.70609,36.08022],[139.70567,36.08001],[139.70533,36.07956],[139.7051,36.07941],[139.7049,36.07935],[139.70473,36.07917],[139.70458,36.07862],[139.70452,36.07742],[139.70437,36.07666],[139.70418,36.07629],[139.7038,36.07592],[139.70361,36.07565],[139.70345,36.07521],[139.70343,36.07473],[139.70335,36.07438],[139.70325,36.07424],[139.70297,36.07406],[139.70289,36.07392],[139.70291,36.07375],[139.70314,36.07358],[139.704,36.0733],[139.70443,36.0731],[139.70467,36.07287],[139.70473,36.07265],[139.70468,36.07252],[139.70445,36.07247],[139.70428,36.07228],[139.70403,36.07145],[139.70393,36.07126],[139.70382,36.07116],[139.70345,36.07106],[139.70332,36.07094],[139.70328,36.07082],[139.70336,36.07071],[139.70357,36.0706],[139.70428,36.07037],[139.70457,36.07022],[139.7048,36.06995],[139.70491,36.06952],[139.70509,36.06935],[139.70538,36.0692],[139.70634,36.06886],[139.70647,36.06874],[139.70652,36.06857],[139.70671,36.06833],[139.70789,36.06753],[139.70788,36.06711],[139.7078,36.06692],[139.70768,36.06687],[139.70733,36.06686],[139.70749,36.06714],[139.70749,36.06726],[139.70724,36.06741],[139.70696,36.06742],[139.70681,36.0673],[139.70666,36.06694],[139.70659,36.0665],[139.70664,36.06624]],[[139.78212,35.942],[139.78191,35.94292],[139.78198,35.94387],[139.78193,35.94429],[139.78183,35.94443],[139.78164,35.94454],[139.78157,35.94464],[139.78144,35.94515],[139.78124,35.9453],[139.78096,35.94539],[139.78085,35.94554],[139.78088,35.94568],[139.78104,35.94593],[139.78107,35.94611],[139.78095,35.94642],[139.78069,35.94677],[139.78059,35.94708],[139.78057,35.94747],[139.78076,35.94841],[139.78077,35.94879],[139.78067,35.94907],[139.78058,35.94918],[139.78013,35.94942],[139.78003,35.94955],[139.78027,35.94974],[139.78035,35.94989],[139.78038,35.9505],[139.7803,35.95071],[139.78014,35.95087],[139.77955,35.95107],[139.7794,35.95118],[139.77931,35.95131],[139.77934,35.95166],[139.77947,35.95176],[139.77966,35.95178],[139.77973,35.95187],[139.77975,35.95214],[139.77964,35.95253],[139.77938,35.95286],[139.77912,35.95302],[139.77864,35.95323],[139.7784,35.95351],[139.7782,35.95415],[139.77816,35.95502],[139.77805,35.95548],[139.77786,35.95581],[139.77773,35.95593],[139.77713,35.9562],[139.77697,35.95634],[139.77691,35.95649],[139.77695,35.95683],[139.7768,35.95713],[139.77645,35.95746],[139.77598,35.95773],[139.77543,35.95791],[139.77486,35.95801],[139.77466,35.9581],[139.77464,35.95822],[139.77469,35.95829],[139.77515,35.95866],[139.77536,35.95904],[139.77541,35.95951],[139.77532,35.95998],[139.77522,35.96008],[139.77496,35.96014],[139.77501,35.96042],[139.7748,35.96069],[139.77382,35.96132],[139.77333,35.96171],[139.77313,35.96196],[139.77288,35.9625],[139.77244,35.96296],[139.77236,35.96312],[139.77223,35.96368],[139.77218,35.96454],[139.77223,35.96642],[139.77239,35.96816],[139.77253,35.96899],[139.77271,35.96958],[139.77297,35.97015],[139.77306,35.97049],[139.77306,35.97096],[139.77284,35.97152],[139.7724,35.97187],[139.77227,35.97222],[139.77165,35.9725],[139.77146,35.9728],[139.77126,35.97271],[139.77067,35.97227],[139.77046,35.97219],[139.77033,35.97242],[139.76963,35.97258],[139.76932,35.97279],[139.7689,35.97317],[139.76869,35.97327],[139.76848,35.97331],[139.76807,35.97325],[139.76786,35.97329],[139.76703,35.97378],[139.76628,35.97391],[139.76596,35.9742],[139.76547,35.97416],[139.76539,35.97437],[139.76526,35.97443],[139.76503,35.97444],[139.76414,35.97438],[139.76391,35.97442],[139.76378,35.97452],[139.76375,35.97467],[139.76383,35.97493],[139.76431,35.97546],[139.76445,35.97575],[139.76454,35.97614],[139.7646,35.97718],[139.76471,35.97786],[139.76485,35.97823],[139.76528,35.97889],[139.76541,35.97922],[139.76533,35.97947],[139.76504,35.97964],[139.76494,35.97975],[139.76477,35.98052],[139.76467,35.98059],[139.76448,35.98061],[139.76435,35.98067],[139.7642,35.98107],[139.76356,35.98166],[139.76334,35.98194],[139.76331,35.98215],[139.76343,35.9823],[139.76359,35.98238],[139.76389,35.98243],[139.764,35.98251],[139.76401,35.98271],[139.76385,35.98288],[139.76354,35.98305],[139.76308,35.9832],[139.76206,35.9833],[139.76094,35.98323],[139.75999,35.983],[139.75915,35.98289],[139.75756,35.98285],[139.75665,35.98291],[139.75571,35.98306],[139.75477,35.98329],[139.75337,35.98376],[139.75222,35.98424],[139.75198,35.9844],[139.75181,35.98458],[139.75151,35.98465],[139.75142,35.98472],[139.75115,35.98505],[139.74975,35.98754],[139.74899,35.98867],[139.74853,35.98916],[139.74754,35.98982],[139.74741,35.98996],[139.7473,35.99025],[139.7468,35.99061],[139.74645,35.99093],[139.74579,35.99185],[139.74529,35.99308],[139.74497,35.99433],[139.74484,35.99507],[139.74481,35.99557],[139.74489,35.99586],[139.74497,35.99591],[139.74507,35.99591],[139.74517,35.99585],[139.74528,35.99572],[139.74549,35.99528],[139.74615,35.99274],[139.74662,35.99173],[139.747,35.99127],[139.74778,35.99056],[139.74791,35.99038],[139.74801,35.9901],[139.74869,35.98978],[139.74887,35.98939],[139.74939,35.989],[139.7497,35.9887],[139.75022,35.98794],[139.75102,35.98642],[139.75144,35.98575],[139.75206,35.98501],[139.75248,35.98469],[139.75353,35.98417],[139.75454,35.98381],[139.75569,35.98351],[139.75683,35.98334],[139.75798,35.9833],[139.75896,35.98334],[139.75972,35.98345],[139.7605,35.98364],[139.76128,35.98368],[139.76281,35.98364],[139.76316,35.98373],[139.76327,35.9838],[139.76335,35.98402],[139.76331,35.98416],[139.76303,35.98461],[139.76247,35.98508],[139.7617,35.98559],[139.76118,35.98609],[139.761,35.98643],[139.76095,35.98692],[139.7608,35.98723],[139.76048,35.98736],[139.76012,35.98734],[139.75991,35.98725],[139.75977,35.98695],[139.75955,35.98691],[139.75945,35.98697],[139.7594,35.98722],[139.75949,35.98795],[139.75944,35.98825],[139.75911,35.98851],[139.7589,35.98924],[139.75866,35.98956],[139.75836,35.98983],[139.7581,35.98991],[139.75752,35.98965],[139.7567,35.98957],[139.75658,35.9895],[139.75644,35.98927],[139.75608,35.98918],[139.75544,35.98916],[139.75482,35.9892],[139.75435,35.98931],[139.75404,35.98949],[139.75392,35.98985],[139.754,35.9904],[139.75435,35.99124],[139.75448,35.99138],[139.75468,35.99143],[139.75481,35.99155],[139.75487,35.99192],[139.75476,35.99215],[139.75434,35.99253],[139.75389,35.99281],[139.75264,35.99337],[139.75158,35.99365],[139.75139,35.99378],[139.75128,35.99395],[139.75126,35.99417],[139.75134,35.99449],[139.75153,35.99477],[139.75181,35.99504],[139.75193,35.99524],[139.75198,35.9956],[139.75191,35.99619],[139.752,35.99635],[139.75224,35.99639],[139.75234,35.99647],[139.75236,35.99662],[139.75223,35.99679],[139.75191,35.99696],[139.75143,35.99713],[139.75111,35.99733],[139.751,35.99748],[139.75093,35.99786],[139.75073,35.99804],[139.75033,35.99811],[139.74911,35.99803],[139.74873,35.99808],[139.74844,35.99822],[139.74824,35.99843],[139.74809,35.9987],[139.74776,35.99893],[139.74748,35.99898],[139.74654,35.9989],[139.74607,35.99897],[139.74574,35.99915],[139.7455,35.99952],[139.74534,35.99966],[139.74512,35.99976],[139.7445,35.99993],[139.74426,36.00014],[139.74411,36.00048],[139.74404,36.00095],[139.74407,36.00151],[139.7442,36.00204],[139.74459,36.00278],[139.74559,36.004],[139.74599,36.00481],[139.74616,36.00499],[139.74645,36.00516],[139.74656,36.00546],[139.74671,36.00559],[139.7483,36.00628],[139.74908,36.00677],[139.7494,36.00705],[139.74962,36.00732],[139.74974,36.00768],[139.7497,36.00791],[139.74957,36.00817],[139.7494,36.00829],[139.74921,36.00833],[139.74914,36.00843],[139.74912,36.00875],[139.74921,36.00935],[139.74916,36.00965],[139.74883,36.00989],[139.74873,36.01019],[139.74864,36.01026],[139.74849,36.01031],[139.748,36.01035],[139.74781,36.01044],[139.74769,36.0106],[139.74761,36.01109],[139.74751,36.01126],[139.74718,36.01137],[139.74669,36.01132],[139.74625,36.01136],[139.746,36.01146],[139.74568,36.01168],[139.74545,36.01178],[139.74534,36.01175],[139.74522,36.01161],[139.74503,36.0115],[139.74477,36.01146],[139.74447,36.01149],[139.74472,36.01171],[139.74476,36.0122],[139.7446,36.01288],[139.74434,36.01313],[139.7441,36.01316],[139.74372,36.01311],[139.74353,36.01313],[139.7434,36.01319],[139.74316,36.01342],[139.74273,36.01349],[139.74227,36.01338],[139.74161,36.01304],[139.7414,36.013],[139.74118,36.01311],[139.741,36.01342],[139.7406,36.01361],[139.74031,36.0137],[139.73952,36.01384],[139.73848,36.01396],[139.73713,36.01398],[139.73649,36.01387],[139.73624,36.01378],[139.73591,36.01352],[139.7357,36.01324],[139.73558,36.01296],[139.73554,36.01268],[139.73558,36.01228],[139.73543,36.01214],[139.73511,36.01211],[139.73488,36.01214],[139.73368,36.01241],[139.73274,36.01249],[139.73181,36.01245],[139.73111,36.01232],[139.73076,36.01213],[139.73063,36.0117],[139.7302,36.01138],[139.72985,36.01081],[139.7297,36.01021],[139.72978,36.00942],[139.72969,36.00913],[139.72952,36.00906],[139.72901,36.00909],[139.7288,36.009],[139.72861,36.00882],[139.72819,36.00817],[139.72805,36.00808],[139.72773,36.00802],[139.72752,36.00781],[139.72746,36.00734],[139.72757,36.00624],[139.72756,36.00567],[139.72749,36.0054],[139.72721,36.00491],[139.72712,36.00428],[139.72725,36.00357],[139.72783,36.00197],[139.72804,36.00089],[139.72822,36.00074],[139.72835,36.00068],[139.72944,36.00057],[139.72974,36.00047],[139.72999,36.00034],[139.7303,36.00003],[139.73051,35.99974],[139.73103,35.99876],[139.73126,35.99852],[139.73138,35.99846],[139.73164,35.99848],[139.73218,35.99884],[139.73254,35.99901],[139.73286,35.99906],[139.73305,35.99901],[139.73303,35.99891],[139.73276,35.99859],[139.73268,35.99821],[139.73276,35.99772],[139.73299,35.99745],[139.73326,35.99736],[139.7337,35.9973],[139.73604,35.99721],[139.7364,35.99715],[139.73656,35.99706],[139.73647,35.99681],[139.73619,35.99664],[139.73612,35.99655],[139.7361,35.99643],[139.73617,35.99611],[139.73608,35.99588],[139.73556,35.99531],[139.73496,35.99488],[139.7346,35.99471],[139.73428,35.99465],[139.7338,35.99468],[139.7337,35.99461],[139.73375,35.99438],[139.734,35.99409],[139.73437,35.99392],[139.735,35.99387],[139.73537,35.99377],[139.73558,35.99358],[139.7356,35.99342],[139.73555,35.99336],[139.73513,35.99323],[139.73406,35.99318],[139.73347,35.99306],[139.73328,35.9929],[139.73315,35.99238],[139.73306,35.99231],[139.73269,35.99223],[139.73242,35.99207],[139.73213,35.99183],[139.73197,35.99154],[139.73196,35.99133],[139.73203,35.99086],[139.73199,35.99076],[139.73182,35.99072],[139.73178,35.99066],[139.7318,35.99016],[139.73206,35.98914],[139.73276,35.98702],[139.73285,35.98686],[139.73303,35.98676],[139.73333,35.98674],[139.73372,35.9868],[139.73402,35.98673],[139.73415,35.98659],[139.73423,35.98638],[139.73429,35.98583],[139.7342,35.9851],[139.73402,35.98466],[139.73372,35.98444],[139.73323,35.98439],[139.73302,35.9843],[139.73284,35.9839],[139.73241,35.98349],[139.73222,35.98324],[139.73205,35.98263],[139.73172,35.9824],[139.73164,35.9823],[139.7315,35.98173],[139.73116,35.9815],[139.73106,35.98133],[139.73103,35.9811],[139.73109,35.98087],[139.7314,35.98047],[139.73145,35.98023],[139.7314,35.97969],[139.73119,35.97879],[139.73119,35.97837],[139.73128,35.97823],[139.73147,35.97811],[139.73163,35.9779],[139.73175,35.97759],[139.73175,35.97736],[139.73166,35.97729],[139.7313,35.97734],[139.73099,35.97726],[139.73043,35.97681],[139.72981,35.97657],[139.72887,35.97642],[139.72789,35.97638],[139.72749,35.97642],[139.7273,35.97652],[139.72734,35.97683],[139.72729,35.97704],[139.72712,35.97722],[139.7268,35.97738],[139.72652,35.97742],[139.72622,35.9774],[139.7255,35.97708],[139.72523,35.97712],[139.72481,35.97731],[139.72444,35.9774],[139.72404,35.97742],[139.72375,35.97736],[139.72328,35.97715],[139.72277,35.97678],[139.72239,35.97636],[139.72223,35.97608],[139.72217,35.9758],[139.7222,35.97538],[139.7223,35.975],[139.72254,35.97447],[139.72244,35.9743],[139.7221,35.97426],[139.72176,35.97433],[139.72173,35.97441],[139.72176,35.97465],[139.72143,35.975],[139.72065,35.97547],[139.72014,35.97561],[139.71994,35.9756],[139.71975,35.97553],[139.71958,35.9754],[139.71926,35.97501],[139.71897,35.97487],[139.71856,35.9748],[139.71772,35.97483],[139.7172,35.97478],[139.71682,35.97459],[139.71658,35.97426],[139.71647,35.97379],[139.71647,35.97335],[139.71655,35.97299],[139.71672,35.97271],[139.7172,35.97237],[139.71741,35.97215],[139.71746,35.97197],[139.71733,35.97181],[139.71701,35.97164],[139.71627,35.97135],[139.71608,35.97124],[139.71581,35.97099],[139.71555,35.97095],[139.71504,35.97101],[139.71479,35.971],[139.71455,35.97093],[139.71412,35.97065],[139.71391,35.97059],[139.7136,35.97065],[139.71328,35.97087],[139.71293,35.971],[139.71263,35.971],[139.71192,35.97087],[139.71208,35.97144],[139.71207,35.97165],[139.71192,35.97183],[139.71144,35.97205],[139.71135,35.9723],[139.71119,35.97241],[139.71074,35.97245],[139.7104,35.9724],[139.71018,35.9723],[139.70999,35.97211],[139.70983,35.97207],[139.70899,35.97216],[139.70863,35.97212],[139.70844,35.97202],[139.70837,35.97191],[139.70824,35.97142],[139.70804,35.97133],[139.70776,35.97131],[139.70761,35.97125],[139.70752,35.97116],[139.70747,35.97086],[139.70738,35.97075],[139.70712,35.97065],[139.70672,35.97063],[139.70645,35.97056],[139.70603,35.97034],[139.70575,35.97013],[139.70537,35.96972],[139.70525,35.96929],[139.70517,35.96921],[139.70501,35.9692],[139.70451,35.96935],[139.70426,35.96936],[139.70402,35.96928],[139.70359,35.96891],[139.70328,35.96876],[139.70307,35.96877],[139.70258,35.96895],[139.70241,35.96893],[139.70226,35.96886],[139.70207,35.96866],[139.702,35.96847],[139.70193,35.96785],[139.70184,35.96768],[139.70158,35.96757],[139.70107,35.96761],[139.70076,35.96748],[139.70053,35.9672],[139.70042,35.96678],[139.70053,35.96651],[139.70074,35.96629],[139.70094,35.96616],[139.70123,35.96612],[139.70078,35.96591],[139.70073,35.9657],[139.70088,35.96539],[139.70129,35.96504],[139.70202,35.96465],[139.70381,35.96384],[139.70507,35.96303],[139.7059,35.96276],[139.70618,35.96263],[139.70729,35.9619],[139.7081,35.96165],[139.70831,35.96154],[139.70885,35.96106],[139.70948,35.96085],[139.71001,35.96034],[139.71062,35.96003],[139.71092,35.95979],[139.71144,35.95911],[139.71223,35.95766],[139.71283,35.95614],[139.71325,35.95443],[139.71357,35.95388],[139.71382,35.95375],[139.71419,35.95379],[139.71438,35.95389],[139.71467,35.95435],[139.71493,35.95449],[139.71562,35.95456],[139.71685,35.95453],[139.71727,35.95462],[139.71754,35.9548],[139.71772,35.95529],[139.71788,35.9555],[139.71831,35.95564],[139.71888,35.95615],[139.71911,35.9563],[139.71923,35.95629],[139.71933,35.95614],[139.71931,35.95591],[139.71909,35.9554],[139.71917,35.95525],[139.71927,35.95519],[139.71961,35.95512],[139.72012,35.95511],[139.7206,35.95518],[139.72097,35.95535],[139.72124,35.95562],[139.72133,35.9558],[139.7215,35.95648],[139.72145,35.95681],[139.72122,35.95706],[139.72111,35.95727],[139.72109,35.95751],[139.72114,35.95767],[139.72135,35.95788],[139.72183,35.95814],[139.72205,35.95834],[139.72227,35.95877],[139.72239,35.95932],[139.72253,35.95969],[139.72265,35.95982],[139.72285,35.95985],[139.72296,35.95992],[139.72327,35.96053],[139.72348,35.9607],[139.72377,35.96074],[139.72405,35.96067],[139.72418,35.96034],[139.72444,35.96017],[139.72511,35.96012],[139.72703,35.96021],[139.72749,35.96017],[139.72778,35.96007],[139.72801,35.95977],[139.72832,35.9596],[139.72896,35.95947],[139.72976,35.9594],[139.73004,35.95942],[139.73015,35.95947],[139.73026,35.9597],[139.73044,35.95978],[139.73096,35.95984],[139.73193,35.95987],[139.73234,35.95995],[139.73245,35.96005],[139.73253,35.96029],[139.73286,35.96045],[139.73356,35.96051],[139.7344,35.96053],[139.73467,35.96057],[139.7349,35.96066],[139.73508,35.9608],[139.73522,35.96098],[139.73531,35.96121],[139.73537,35.96181],[139.73534,35.96217],[139.73523,35.96277],[139.73507,35.96318],[139.73485,35.96341],[139.73448,35.96348],[139.73433,35.96358],[139.7343,35.96367],[139.7343,35.9639],[139.73447,35.96436],[139.73452,35.96468],[139.73447,35.96479],[139.73429,35.96482],[139.73416,35.96498],[139.7341,35.96544],[139.73415,35.96576],[139.73428,35.96592],[139.73448,35.96594],[139.73469,35.96604],[139.73505,35.96639],[139.73525,35.96653],[139.73566,35.96667],[139.73614,35.96678],[139.73647,35.96699],[139.7366,35.96733],[139.73654,35.96779],[139.73641,35.96795],[139.73605,35.96803],[139.73586,35.96829],[139.73584,35.96871],[139.73597,35.96933],[139.73615,35.9696],[139.73641,35.96981],[139.73732,35.97014],[139.73759,35.97028],[139.73777,35.97043],[139.73799,35.97075],[139.73815,35.97074],[139.73836,35.9706],[139.73861,35.97052],[139.73926,35.97057],[139.73939,35.9705],[139.73961,35.97022],[139.73994,35.9701],[139.74082,35.97001],[139.74206,35.96999],[139.74291,35.96993],[139.74319,35.96985],[139.74328,35.96969],[139.74343,35.96962],[139.74409,35.96955],[139.74473,35.96957],[139.745,35.96962],[139.74515,35.9697],[139.74527,35.96996],[139.74568,35.97004],[139.74595,35.9703],[139.7461,35.97038],[139.74647,35.97044],[139.74695,35.97044],[139.74721,35.97039],[139.7474,35.97029],[139.74763,35.97001],[139.74809,35.96994],[139.75012,35.9703],[139.75058,35.97032],[139.75121,35.97016],[139.75146,35.97016],[139.75182,35.97031],[139.75231,35.97076],[139.75263,35.97091],[139.75289,35.97083],[139.75296,35.9706],[139.75308,35.9705],[139.75331,35.97045],[139.75352,35.97047],[139.75393,35.97067],[139.75445,35.97111],[139.75466,35.97117],[139.75487,35.97112],[139.75518,35.97091],[139.75539,35.97083],[139.7556,35.97082],[139.75602,35.97098],[139.75641,35.97102],[139.75705,35.97088],[139.75731,35.97073],[139.75744,35.97051],[139.75745,35.97025],[139.75717,35.96959],[139.75681,35.96913],[139.75618,35.96856],[139.75596,35.96829],[139.75583,35.96793],[139.75589,35.9676],[139.75584,35.96742],[139.75572,35.96739],[139.75532,35.96743],[139.75511,35.96736],[139.75491,35.96723],[139.75461,35.96691],[139.75444,35.96646],[139.75451,35.96601],[139.75446,35.9657],[139.75434,35.96552],[139.75391,35.96511],[139.75378,35.96479],[139.75391,35.96457],[139.75434,35.96428],[139.75446,35.96411],[139.75451,35.96378],[139.75445,35.96339],[139.75458,35.96309],[139.7548,35.96296],[139.75527,35.96285],[139.75551,35.96275],[139.7557,35.9625],[139.75574,35.96219],[139.75583,35.96201],[139.75599,35.96188],[139.75647,35.96173],[139.75664,35.9616],[139.75673,35.9613],[139.75665,35.96081],[139.7567,35.9606],[139.75698,35.96051],[139.75706,35.96044],[139.75713,35.96008],[139.75729,35.95986],[139.75786,35.95954],[139.75808,35.95932],[139.7583,35.95883],[139.75849,35.95802],[139.75865,35.95771],[139.75886,35.95749],[139.75926,35.95729],[139.75959,35.957],[139.75978,35.95673],[139.76013,35.956],[139.76027,35.95582],[139.76054,35.95562],[139.76063,35.95537],[139.76071,35.9547],[139.76072,35.95407],[139.76068,35.95352],[139.76059,35.95314],[139.76045,35.95293],[139.75997,35.95284],[139.75965,35.95269],[139.75942,35.95246],[139.75934,35.95223],[139.75943,35.95202],[139.75979,35.95195],[139.76,35.95182],[139.76021,35.9516],[139.76025,35.95146],[139.7601,35.95134],[139.75967,35.95131],[139.75941,35.95124],[139.75928,35.95109],[139.75926,35.95099],[139.75948,35.95005],[139.75943,35.9499],[139.75912,35.94968],[139.75906,35.94947],[139.75919,35.94914],[139.75961,35.94852],[139.75965,35.94826],[139.75952,35.94817],[139.75881,35.94808],[139.75848,35.9479],[139.75826,35.94756],[139.75823,35.94732],[139.75829,35.94715],[139.75849,35.9469],[139.75928,35.94631],[139.75966,35.94578],[139.7598,35.9457],[139.76018,35.94566],[139.76032,35.94559],[139.76041,35.94546],[139.76047,35.94507],[139.76056,35.94493],[139.76082,35.94486],[139.76129,35.9449],[139.76142,35.94484],[139.76145,35.9447],[139.7614,35.94428],[139.76149,35.94408],[139.76165,35.94389],[139.76204,35.94362],[139.76242,35.94327],[139.76296,35.94252],[139.76324,35.94223],[139.76347,35.94217],[139.76365,35.94226],[139.76376,35.94239],[139.76381,35.94263],[139.76387,35.94267],[139.76402,35.94265],[139.76415,35.94257],[139.76428,35.94233],[139.76434,35.94176],[139.76426,35.94138],[139.76414,35.94123],[139.76377,35.94115],[139.76354,35.94096],[139.76338,35.94058],[139.76324,35.93977],[139.76323,35.93956],[139.76331,35.93939],[139.76378,35.93906],[139.76385,35.93892],[139.76378,35.93885],[139.76343,35.93871],[139.76331,35.9386],[139.76314,35.93804],[139.76286,35.93784],[139.76276,35.93772],[139.76259,35.9367],[139.7625,35.93653],[139.76221,35.93624],[139.76213,35.93607],[139.76218,35.93583],[139.76249,35.93573],[139.76254,35.93561],[139.76249,35.93524],[139.76228,35.93454],[139.76226,35.93429],[139.76232,35.93413],[139.7625,35.93401],[139.76259,35.93389],[139.76268,35.93332],[139.76259,35.9329],[139.7625,35.93277],[139.76221,35.9326],[139.76213,35.93235],[139.76226,35.9322],[139.76292,35.93208],[139.76317,35.93185],[139.76332,35.93177],[139.76416,35.93168],[139.76438,35.93158],[139.76449,35.93139],[139.76447,35.93078],[139.7646,35.93048],[139.76488,35.9302],[139.76508,35.93008],[139.76583,35.92973],[139.76619,35.92951],[139.76639,35.92928],[139.76644,35.92917],[139.76638,35.92865],[139.76647,35.92842],[139.76669,35.92817],[139.7667,35.92804],[139.76665,35.92789],[139.7663,35.92751],[139.76559,35.92719],[139.76546,35.927],[139.7655,35.92683],[139.76559,35.92672],[139.76602,35.92643],[139.76621,35.92623],[139.76629,35.926],[139.76627,35.92584],[139.76607,35.92561],[139.76537,35.9253],[139.76512,35.92507],[139.76511,35.92488],[139.76529,35.92444],[139.76528,35.92421],[139.76518,35.92399],[139.76485,35.92356],[139.7648,35.9233],[139.76494,35.92311],[139.76528,35.92301],[139.76561,35.92299],[139.76648,35.92305],[139.76677,35.923],[139.76685,35.92295],[139.76691,35.92277],[139.76677,35.92238],[139.76679,35.92205],[139.76694,35.92189],[139.76753,35.92155],[139.76775,35.92128],[139.76796,35.92081],[139.76807,35.92071],[139.76827,35.92067],[139.76839,35.92058],[139.76855,35.92024],[139.76877,35.91926],[139.76903,35.91884],[139.76927,35.91867],[139.76964,35.91849],[139.76979,35.91835],[139.76988,35.9182],[139.76994,35.9179],[139.77009,35.91777],[139.77036,35.91774],[139.77062,35.91778],[139.77107,35.91811],[139.77125,35.91809],[139.77137,35.91802],[139.77142,35.91789],[139.7714,35.91771],[139.7711,35.91687],[139.77113,35.91664],[139.77122,35.91653],[139.77166,35.91641],[139.7724,35.91637],[139.77269,35.91626],[139.77287,35.91607],[139.77292,35.91594],[139.77298,35.91548],[139.77318,35.91525],[139.77334,35.91516],[139.77376,35.91506],[139.77492,35.91498],[139.77542,35.91486],[139.77586,35.91467],[139.77654,35.91417],[139.77696,35.91396],[139.77729,35.91391],[139.77762,35.91398],[139.77775,35.91408],[139.77793,35.91436],[139.77795,35.91407],[139.77811,35.91388],[139.77869,35.91361],[139.77912,35.91359],[139.77935,35.91371],[139.77951,35.91397],[139.77959,35.91435],[139.77962,35.91494],[139.77972,35.91515],[139.77984,35.91516],[139.78006,35.91501],[139.78016,35.91458],[139.78028,35.91443],[139.78062,35.91436],[139.78116,35.91443],[139.7821,35.91468],[139.78253,35.91488],[139.78271,35.91503],[139.78295,35.91541],[139.78319,35.91555],[139.78362,35.91572],[139.78371,35.91581],[139.78375,35.91597],[139.78385,35.91606],[139.78427,35.91615],[139.78524,35.91619],[139.78562,35.91629],[139.78576,35.91638],[139.78593,35.91661],[139.78605,35.91746],[139.78615,35.91765],[139.78643,35.91796],[139.78656,35.91849],[139.78671,35.91861],[139.78715,35.9187],[139.78727,35.91882],[139.7874,35.9196],[139.78753,35.91976],[139.78772,35.91979],[139.78782,35.91986],[139.78797,35.92046],[139.78823,35.92063],[139.78896,35.92073],[139.78922,35.92094],[139.78929,35.92131],[139.78921,35.92179],[139.78872,35.92307],[139.78849,35.92403],[139.78825,35.92618],[139.78811,35.92686],[139.78803,35.92711],[139.78782,35.92745],[139.7873,35.92767],[139.7877,35.92787],[139.78786,35.92809],[139.7879,35.92839],[139.78781,35.92888],[139.78758,35.92942],[139.78735,35.92972],[139.78708,35.92982],[139.78679,35.9298],[139.78667,35.92993],[139.78661,35.93023],[139.78668,35.9312],[139.78663,35.93173],[139.78651,35.93191],[139.78614,35.93197],[139.78599,35.93205],[139.78588,35.93216],[139.78578,35.9324],[139.78582,35.93269],[139.78618,35.93313],[139.78628,35.93364],[139.78636,35.93371],[139.7866,35.93375],[139.78665,35.93381],[139.78657,35.934],[139.78623,35.93442],[139.78657,35.93444],[139.78667,35.93455],[139.78669,35.93486],[139.78659,35.93534],[139.78633,35.93587],[139.78595,35.93624],[139.78575,35.93652],[139.78559,35.93733],[139.78547,35.9375],[139.78512,35.9378],[139.78528,35.93893],[139.78525,35.93932],[139.7852,35.93943],[139.78503,35.93957],[139.78477,35.9396],[139.78431,35.93953],[139.78398,35.93935],[139.78377,35.9394],[139.78331,35.93991],[139.78289,35.94053],[139.78243,35.9413],[139.78212,35.942]],[[139.7159,35.86104],[139.71609,35.86136],[139.71652,35.86152],[139.71667,35.86164],[139.71661,35.86201],[139.71689,35.86242],[139.71678,35.86263],[139.71602,35.86321],[139.71565,35.86374],[139.71541,35.86383],[139.71496,35.86388],[139.71477,35.86399],[139.7147,35.86409],[139.71465,35.86448],[139.71473,35.8648],[139.71484,35.865],[139.7151,35.86526],[139.71578,35.86562],[139.71594,35.86578],[139.71596,35.8659],[139.71578,35.86612],[139.7152,35.86642],[139.71486,35.86671],[139.71468,35.86698],[139.71438,35.8676],[139.71412,35.86794],[139.71382,35.86815],[139.71359,35.86822],[139.71332,35.86823],[139.71302,35.86819],[139.71253,35.86803],[139.71216,35.86783],[139.71201,35.86768],[139.71184,35.86739],[139.71174,35.86732],[139.71156,35.86732],[139.71143,35.86739],[139.7113,35.8676],[139.71123,35.86821],[139.71112,35.86853],[139.71097,35.8687],[139.71067,35.86891],[139.71047,35.86916],[139.71015,35.86975],[139.70966,35.87094],[139.70949,35.87122],[139.70921,35.87144],[139.70911,35.87159],[139.70903,35.87194],[139.70901,35.8724],[139.70889,35.87272],[139.70875,35.87283],[139.70835,35.87288],[139.70814,35.87295],[139.70744,35.8734],[139.70719,35.87344],[139.70691,35.87338],[139.70677,35.87342],[139.70641,35.87375],[139.70609,35.87391],[139.70491,35.87404],[139.70442,35.8743],[139.70421,35.87435],[139.704,35.87429],[139.70388,35.8742],[139.70372,35.87399],[139.7035,35.87351],[139.70324,35.87339],[139.70259,35.87344],[139.70231,35.87342],[139.70162,35.87322],[139.70125,35.87318],[139.70052,35.8734],[139.70045,35.87336],[139.70042,35.87321],[139.70031,35.87313],[139.69999,35.87307],[139.69966,35.87306],[139.69914,35.87313],[139.69899,35.87321],[139.69881,35.87341],[139.6986,35.87349],[139.69831,35.87351],[139.69808,35.87345],[139.69796,35.87329],[139.69794,35.87306],[139.69786,35.8729],[139.6975,35.87279],[139.69736,35.87269],[139.69704,35.87222],[139.69703,35.87191],[139.69713,35.87173],[139.69739,35.87147],[139.69743,35.87125],[139.6973,35.87112],[139.69674,35.87081],[139.69659,35.87059],[139.69649,35.87021],[139.69638,35.87011],[139.69601,35.86995],[139.69578,35.86961],[139.69543,35.86811],[139.6952,35.86761],[139.69477,35.86699],[139.69465,35.86654],[139.69462,35.86607],[139.69454,35.86585],[139.69438,35.86574],[139.69428,35.86572],[139.69389,35.86573],[139.69368,35.86554],[139.69359,35.86537],[139.69346,35.86488],[139.69334,35.86388],[139.6932,35.86319],[139.69308,35.86296],[139.69274,35.86283],[139.69247,35.86252],[139.69224,35.86205],[139.69216,35.86166],[139.69217,35.86125],[139.69223,35.86104],[139.69243,35.86083],[139.69272,35.86072],[139.69291,35.86058],[139.69298,35.86044],[139.69298,35.8602],[139.69279,35.85996],[139.69224,35.85971],[139.69216,35.85956],[139.69219,35.85945],[139.69268,35.85917],[139.69365,35.85884],[139.69417,35.85852],[139.69434,35.85828],[139.69446,35.85754],[139.69462,35.85731],[139.69477,35.85721],[139.69517,35.85713],[139.69568,35.85722],[139.69605,35.85738],[139.69629,35.85762],[139.69637,35.85736],[139.6965,35.85729],[139.69673,35.85727],[139.69677,35.85722],[139.69668,35.8569],[139.69674,35.85665],[139.69697,35.85623],[139.69718,35.85605],[139.69732,35.85602],[139.69769,35.85608],[139.69853,35.85578],[139.69959,35.85567],[139.69985,35.8555],[139.69992,35.85521],[139.70007,35.85498],[139.70044,35.85476],[139.70101,35.85453],[139.70179,35.85431],[139.70302,35.85407],[139.70337,35.85408],[139.70348,35.85411],[139.70361,35.85423],[139.70377,35.8545],[139.7038,35.85482],[139.70388,35.85501],[139.70426,35.85529],[139.7044,35.85578],[139.70452,35.85588],[139.70471,35.85593],[139.7051,35.85593],[139.70536,35.85588],[139.70571,35.85572],[139.70613,35.85544],[139.70634,35.85537],[139.70708,35.8554],[139.70745,35.85509],[139.70801,35.85492],[139.70852,35.85488],[139.7092,35.85497],[139.70932,35.8549],[139.70936,35.85475],[139.70949,35.85473],[139.71026,35.85498],[139.71073,35.85523],[139.71091,35.8554],[139.71104,35.85587],[139.71139,35.85616],[139.71175,35.85679],[139.71247,35.85846],[139.71317,35.86002],[139.71326,35.8599],[139.71352,35.85986],[139.71398,35.85991],[139.71426,35.86002],[139.71452,35.86032],[139.7146,35.86091],[139.71471,35.86111],[139.7148,35.86116],[139.71503,35.86119],[139.71564,35.86104],[139.7159,35.86104]],[[139.71885,36.01718],[139.719,36.01704],[139.71911,36.01701],[139.71939,36.01704],[139.71983,36.01723],[139.72004,36.01749],[139.72,36.01799],[139.72005,36.01811],[139.72026,36.0182],[139.72052,36.01817],[139.72062,36.01804],[139.72056,36.01775],[139.72062,36.01765],[139.72091,36.01761],[139.72148,36.01768],[139.72164,36.01763],[139.72133,36.0172],[139.72129,36.01669],[139.72137,36.01645],[139.72146,36.01634],[139.72175,36.01616],[139.72185,36.01587],[139.72194,36.01579],[139.7228,36.01566],[139.72302,36.0155],[139.72323,36.01515],[139.72334,36.01508],[139.72354,36.01505],[139.72377,36.01512],[139.72398,36.01535],[139.72409,36.01541],[139.72432,36.01542],[139.72481,36.01533],[139.72513,36.01537],[139.72539,36.01555],[139.72549,36.01588],[139.72575,36.01595],[139.72585,36.01589],[139.7259,36.01574],[139.72584,36.01504],[139.72592,36.01479],[139.72601,36.01469],[139.72627,36.01455],[139.72684,36.01447],[139.72715,36.01451],[139.72737,36.01465],[139.72762,36.01513],[139.7279,36.0153],[139.72836,36.0154],[139.72972,36.01537],[139.73047,36.01548],[139.73075,36.01565],[139.731,36.01623],[139.73117,36.01639],[139.7313,36.01641],[139.73148,36.01636],[139.73175,36.01612],[139.73188,36.01611],[139.73218,36.01626],[139.73281,36.01672],[139.73309,36.01684],[139.73324,36.01686],[139.73345,36.01679],[139.734,36.01629],[139.73428,36.01618],[139.73459,36.01625],[139.7348,36.01648],[139.73493,36.01654],[139.73523,36.01655],[139.73575,36.01648],[139.73614,36.01656],[139.73629,36.01666],[139.73642,36.01685],[139.73643,36.01708],[139.73637,36.01731],[139.73643,36.01743],[139.73672,36.01753],[139.7375,36.0176],[139.73789,36.01776],[139.73834,36.01815],[139.73853,36.01859],[139.73866,36.01866],[139.73885,36.01868],[139.73898,36.01877],[139.73903,36.01905],[139.73895,36.01926],[139.73875,36.0194],[139.73833,36.01957],[139.73823,36.01966],[139.7382,36.01982],[139.73833,36.02001],[139.7389,36.02027],[139.73899,36.02039],[139.73903,36.02062],[139.73892,36.0208],[139.73868,36.021],[139.73752,36.02155],[139.73705,36.02187],[139.73665,36.02225],[139.73584,36.02347],[139.73516,36.02423],[139.73399,36.02521],[139.73299,36.02588],[139.73241,36.02612],[139.73187,36.02622],[139.73057,36.0263],[139.72749,36.02637],[139.72656,36.02649],[139.72589,36.02669],[139.72565,36.02681],[139.72491,36.02734],[139.72446,36.02747],[139.72402,36.02776],[139.72334,36.02833],[139.72244,36.02919],[139.72213,36.02958],[139.72202,36.02987],[139.72134,36.03017],[139.72071,36.03071],[139.72054,36.03079],[139.71987,36.0309],[139.71891,36.03142],[139.71835,36.03163],[139.71776,36.03172],[139.71718,36.03169],[139.71677,36.03161],[139.71658,36.03152],[139.71646,36.0314],[139.7164,36.03127],[139.71642,36.03113],[139.71662,36.0308],[139.71655,36.03058],[139.71636,36.03045],[139.71563,36.03014],[139.71531,36.02984],[139.71522,36.02953],[139.71517,36.02907],[139.71519,36.02806],[139.71529,36.02764],[139.71553,36.02733],[139.7156,36.02715],[139.71556,36.02594],[139.71572,36.02543],[139.71612,36.02463],[139.71617,36.02436],[139.71612,36.0237],[139.71628,36.02347],[139.71661,36.02323],[139.71667,36.02309],[139.71664,36.02294],[139.71648,36.02269],[139.71647,36.02254],[139.71657,36.0224],[139.71702,36.02215],[139.71719,36.02197],[139.71728,36.02159],[139.71724,36.02098],[139.71736,36.02077],[139.71757,36.02062],[139.71805,36.02051],[139.71846,36.02033],[139.71869,36.02012],[139.71906,36.01955],[139.71975,36.01953],[139.71997,36.01944],[139.72005,36.01929],[139.72005,36.01906],[139.71996,36.0188],[139.71983,36.01864],[139.71953,36.01859],[139.71895,36.01885],[139.7188,36.01904],[139.71878,36.01932],[139.71796,36.01928],[139.71782,36.01918],[139.71778,36.01903],[139.71783,36.01882],[139.71798,36.01854],[139.71822,36.01836],[139.71851,36.01825],[139.71865,36.01811],[139.71877,36.01776],[139.7188,36.0173],[139.71885,36.01718]],[[139.72251,36.11605],[139.72222,36.11638],[139.7221,36.11664],[139.72214,36.11689],[139.7221,36.11699],[139.72198,36.11703],[139.72162,36.11699],[139.72146,36.11702],[139.72127,36.1171],[139.72081,36.11744],[139.72024,36.118],[139.71897,36.11948],[139.71849,36.11995],[139.71813,36.12022],[139.71751,36.12038],[139.71713,36.12072],[139.71692,36.12082],[139.71652,36.12086],[139.71603,36.12081],[139.71566,36.12088],[139.71551,36.12102],[139.71537,36.12132],[139.71511,36.1215],[139.71485,36.12153],[139.71437,36.12149],[139.71413,36.12158],[139.71404,36.12166],[139.71393,36.12191],[139.71383,36.12272],[139.71363,36.12295],[139.71344,36.12297],[139.71315,36.12293],[139.71255,36.12263],[139.71242,36.12264],[139.71195,36.12286],[139.71097,36.12296],[139.70991,36.12296],[139.7092,36.12289],[139.70896,36.12282],[139.70883,36.12263],[139.70864,36.12267],[139.70815,36.12289],[139.70783,36.12296],[139.70761,36.12292],[139.7075,36.12267],[139.70739,36.12263],[139.7072,36.12264],[139.70674,36.12277],[139.70642,36.12278],[139.70627,36.12274],[139.706,36.12257],[139.70553,36.1219],[139.7052,36.12161],[139.70499,36.1215],[139.70449,36.12133],[139.7039,36.12126],[139.70339,36.12114],[139.70319,36.12104],[139.70292,36.1208],[139.7028,36.12047],[139.70272,36.11969],[139.70262,36.11953],[139.70243,36.11941],[139.70234,36.11928],[139.70225,36.11886],[139.70234,36.1183],[139.70243,36.11817],[139.70276,36.11795],[139.7028,36.1177],[139.70268,36.11757],[139.70242,36.11754],[139.70217,36.11741],[139.70189,36.11716],[139.70162,36.11681],[139.7015,36.11656],[139.70142,36.11615],[139.70149,36.11531],[139.70158,36.11489],[139.70174,36.11457],[139.70188,36.11445],[139.70226,36.11434],[139.70238,36.11408],[139.70243,36.11329],[139.70237,36.1118],[139.70247,36.11112],[139.70263,36.11092],[139.70293,36.11079],[139.70319,36.11054],[139.70341,36.11016],[139.70363,36.10961],[139.70365,36.10941],[139.7036,36.10928],[139.70328,36.10919],[139.70315,36.109],[139.7031,36.10862],[139.70315,36.1082],[139.70321,36.10812],[139.70336,36.10803],[139.70383,36.10815],[139.70391,36.10815],[139.70398,36.1081],[139.70366,36.10753],[139.7035,36.10701],[139.7035,36.1064],[139.70365,36.10581],[139.70391,36.10547],[139.70415,36.10538],[139.70454,36.10533],[139.70475,36.10521],[139.70494,36.10502],[139.70525,36.10452],[139.70556,36.10431],[139.70595,36.10426],[139.70629,36.10434],[139.70651,36.10456],[139.70678,36.10508],[139.70722,36.10523],[139.70728,36.10547],[139.7074,36.10564],[139.70774,36.10587],[139.70808,36.10593],[139.70845,36.10584],[139.70887,36.10561],[139.70933,36.10545],[139.71029,36.10537],[139.7106,36.10529],[139.71087,36.10504],[139.71103,36.10495],[139.71163,36.10478],[139.71189,36.10467],[139.71197,36.10457],[139.71203,36.10437],[139.71212,36.10431],[139.71255,36.10426],[139.71275,36.1042],[139.71283,36.10401],[139.71293,36.10392],[139.71335,36.10384],[139.71433,36.10381],[139.71475,36.10375],[139.71507,36.10366],[139.71545,36.10337],[139.71581,36.10324],[139.71633,36.10324],[139.71701,36.1034],[139.71719,36.10352],[139.7173,36.10382],[139.71743,36.1039],[139.71782,36.10389],[139.71839,36.10376],[139.71882,36.10381],[139.719,36.10397],[139.71914,36.10435],[139.71927,36.10453],[139.71946,36.10462],[139.72009,36.10458],[139.7204,36.10467],[139.72091,36.10511],[139.72137,36.10524],[139.72174,36.10577],[139.72198,36.10592],[139.72226,36.10602],[139.72242,36.1062],[139.72238,36.10697],[139.72263,36.1073],[139.72268,36.10744],[139.72263,36.10772],[139.72246,36.10804],[139.72244,36.10832],[139.72254,36.10847],[139.72296,36.10878],[139.72305,36.10892],[139.72309,36.10916],[139.72303,36.10932],[139.72288,36.10947],[139.72218,36.10976],[139.72205,36.10987],[139.72264,36.10993],[139.72296,36.11009],[139.72307,36.11028],[139.72318,36.11097],[139.72327,36.11109],[139.72356,36.11127],[139.72364,36.11146],[139.72363,36.11157],[139.72347,36.11174],[139.72279,36.11208],[139.72255,36.1123],[139.72255,36.11246],[139.72264,36.11252],[139.72302,36.11252],[139.72327,36.11248],[139.72337,36.1125],[139.7235,36.11262],[139.72353,36.11284],[139.72347,36.11331],[139.72349,36.11361],[139.72357,36.11389],[139.72383,36.11425],[139.7239,36.11452],[139.72386,36.11467],[139.72364,36.11502],[139.72251,36.11605]],[[139.75647,35.87704],[139.75638,35.87723],[139.75628,35.8777],[139.75609,35.87783],[139.7558,35.87785],[139.75561,35.87791],[139.7555,35.87815],[139.75523,35.87832],[139.75422,35.87861],[139.75384,35.87878],[139.75344,35.87911],[139.7532,35.87951],[139.75287,35.87984],[139.75259,35.88],[139.75174,35.88035],[139.75131,35.8807],[139.75074,35.88091],[139.7492,35.88134],[139.74869,35.88156],[139.74829,35.8818],[139.74798,35.88208],[139.74764,35.88252],[139.74742,35.883],[139.74723,35.88365],[139.74707,35.88394],[139.74673,35.88432],[139.74634,35.88461],[139.74603,35.88478],[139.74562,35.88486],[139.74534,35.88513],[139.74511,35.8852],[139.7431,35.88534],[139.74227,35.88557],[139.74182,35.88565],[139.7405,35.88572],[139.73913,35.88568],[139.73859,35.88557],[139.73834,35.88538],[139.73798,35.88534],[139.73707,35.88547],[139.73671,35.88564],[139.73657,35.88579],[139.73651,35.88601],[139.73653,35.8861],[139.7368,35.8862],[139.73694,35.88634],[139.73721,35.88696],[139.73734,35.88758],[139.7373,35.88791],[139.73715,35.88816],[139.73667,35.88852],[139.73652,35.88869],[139.73634,35.88922],[139.73614,35.88931],[139.73571,35.88936],[139.7356,35.88947],[139.73558,35.88958],[139.73569,35.88977],[139.73584,35.88991],[139.73644,35.89027],[139.7367,35.89031],[139.73693,35.89011],[139.73708,35.89007],[139.73728,35.89013],[139.73738,35.89025],[139.73743,35.89058],[139.73734,35.89129],[139.73735,35.89169],[139.73743,35.89185],[139.73761,35.89199],[139.73771,35.89218],[139.73779,35.89291],[139.73771,35.89394],[139.73761,35.89417],[139.73743,35.89436],[139.73738,35.8945],[139.73774,35.89478],[139.73784,35.89511],[139.73797,35.89518],[139.73823,35.89521],[139.73843,35.8954],[139.73856,35.89586],[139.73861,35.89662],[139.7386,35.89813],[139.73844,35.89896],[139.73825,35.89926],[139.73787,35.89942],[139.73757,35.89972],[139.73743,35.90005],[139.7373,35.90067],[139.73708,35.90106],[139.73687,35.90116],[139.73601,35.9011],[139.73519,35.9012],[139.73474,35.90141],[139.73451,35.90172],[139.7341,35.90188],[139.73337,35.90194],[139.73198,35.9019],[139.73119,35.90181],[139.73082,35.90168],[139.73069,35.90149],[139.73079,35.9011],[139.73074,35.90084],[139.73052,35.90063],[139.73027,35.90058],[139.72986,35.90076],[139.72892,35.90145],[139.7286,35.9016],[139.7283,35.90169],[139.72802,35.90171],[139.72766,35.90165],[139.72746,35.90155],[139.72707,35.90122],[139.72681,35.90122],[139.72651,35.90141],[139.72631,35.90166],[139.72625,35.90192],[139.72631,35.90217],[139.72618,35.90239],[139.72582,35.90258],[139.72523,35.90272],[139.72504,35.90271],[139.7248,35.90253],[139.72447,35.90245],[139.72393,35.9024],[139.72233,35.90236],[139.72162,35.90227],[139.72107,35.90211],[139.72086,35.90201],[139.72039,35.90162],[139.72002,35.90143],[139.71935,35.90127],[139.71857,35.90122],[139.71821,35.9011],[139.71801,35.90088],[139.71797,35.90073],[139.71801,35.90018],[139.71792,35.89975],[139.71775,35.89955],[139.71708,35.89916],[139.71689,35.89892],[139.71684,35.89875],[139.71688,35.89831],[139.71711,35.89776],[139.71718,35.89745],[139.7172,35.8971],[139.71712,35.89635],[139.71713,35.89595],[139.71721,35.89579],[139.71739,35.89566],[139.71749,35.8955],[139.71761,35.89456],[139.71778,35.89428],[139.7181,35.89411],[139.7183,35.89406],[139.71908,35.89402],[139.71976,35.89383],[139.72028,35.89345],[139.72052,35.89313],[139.7206,35.8929],[139.72052,35.89275],[139.72043,35.89271],[139.71997,35.89267],[139.7196,35.89251],[139.71945,35.89232],[139.7193,35.89192],[139.71896,35.89156],[139.71861,35.89136],[139.71736,35.89084],[139.71694,35.89059],[139.71675,35.8904],[139.7166,35.89016],[139.71651,35.88987],[139.71648,35.88932],[139.71661,35.88877],[139.71693,35.88828],[139.71726,35.888],[139.71762,35.88776],[139.71819,35.8875],[139.71859,35.88741],[139.71915,35.88735],[139.71941,35.88737],[139.71959,35.88743],[139.71986,35.88769],[139.72004,35.88773],[139.72022,35.88771],[139.72033,35.88763],[139.72037,35.88742],[139.72048,35.88725],[139.72093,35.88698],[139.72134,35.8869],[139.72175,35.88697],[139.72191,35.88696],[139.72204,35.88689],[139.72223,35.8866],[139.72238,35.88649],[139.72261,35.88641],[139.72324,35.88636],[139.72354,35.88628],[139.72393,35.88601],[139.72456,35.88533],[139.72521,35.885],[139.7253,35.88488],[139.72538,35.88458],[139.72569,35.88442],[139.72739,35.88429],[139.72761,35.88421],[139.72776,35.88406],[139.72787,35.88402],[139.72802,35.88403],[139.72847,35.88421],[139.72932,35.88428],[139.73337,35.88414],[139.73337,35.88146],[139.73329,35.88022],[139.7332,35.87985],[139.73314,35.87976],[139.73296,35.87964],[139.73288,35.87951],[139.73277,35.87881],[139.73241,35.87809],[139.73246,35.87784],[139.73278,35.87733],[139.73282,35.87692],[139.7327,35.87673],[139.73233,35.87663],[139.73228,35.87645],[139.73234,35.87633],[139.73249,35.87622],[139.73321,35.87593],[139.73357,35.87567],[139.73378,35.87531],[139.73384,35.87481],[139.73375,35.87454],[139.73355,35.87438],[139.73339,35.87434],[139.73322,35.87435],[139.73281,35.8745],[139.73258,35.87443],[139.73233,35.87423],[139.73207,35.87388],[139.73184,35.87345],[139.7318,35.87325],[139.73186,35.8729],[139.73196,35.87274],[139.7323,35.87248],[139.73276,35.87227],[139.73325,35.87216],[139.73345,35.87221],[139.7337,35.87258],[139.73393,35.87278],[139.73413,35.8729],[139.7343,35.87287],[139.73446,35.87249],[139.73454,35.87119],[139.73469,35.87068],[139.73486,35.87052],[139.73515,35.87049],[139.73535,35.87062],[139.73553,35.871],[139.73571,35.87118],[139.73597,35.8712],[139.7362,35.87109],[139.7362,35.87092],[139.73564,35.87032],[139.73561,35.8702],[139.73564,35.87006],[139.73633,35.86936],[139.73737,35.86855],[139.73804,35.86817],[139.73875,35.86798],[139.73903,35.86783],[139.7391,35.8677],[139.73902,35.86734],[139.73907,35.86696],[139.73931,35.86634],[139.73952,35.86609],[139.73966,35.86606],[139.74001,35.86627],[139.74028,35.86634],[139.74051,35.8663],[139.74062,35.86605],[139.74072,35.866],[139.74105,35.86605],[139.74153,35.86618],[139.74193,35.86616],[139.74214,35.86604],[139.74237,35.86574],[139.74255,35.86558],[139.74289,35.86546],[139.74328,35.86544],[139.74354,35.86537],[139.74362,35.86529],[139.74365,35.86514],[139.74377,35.865],[139.74428,35.8648],[139.74443,35.86467],[139.74447,35.86451],[139.74439,35.86436],[139.74407,35.86429],[139.74385,35.86417],[139.74247,35.86298],[139.74221,35.86281],[139.7419,35.86271],[139.74184,35.86249],[139.74206,35.86167],[139.74204,35.86124],[139.74189,35.86104],[139.74141,35.86078],[139.74126,35.86065],[139.74115,35.86041],[139.74118,35.86025],[139.74128,35.86012],[139.74148,35.86001],[139.74207,35.85987],[139.74228,35.85976],[139.74225,35.85966],[139.74192,35.85941],[139.74181,35.85911],[139.74187,35.85872],[139.74209,35.8583],[139.74226,35.85817],[139.74255,35.85807],[139.74283,35.85789],[139.74321,35.8574],[139.74349,35.85715],[139.74373,35.85705],[139.74422,35.85691],[139.74446,35.85674],[139.74445,35.85658],[139.7443,35.8565],[139.74384,35.85644],[139.74302,35.85641],[139.74276,35.85632],[139.74279,35.85623],[139.74305,35.85591],[139.74312,35.85544],[139.74323,35.85523],[139.74341,35.85505],[139.74377,35.85494],[139.74414,35.85493],[139.74535,35.85499],[139.74566,35.85495],[139.74583,35.85485],[139.74587,35.8547],[139.74579,35.85447],[139.74559,35.85427],[139.74523,35.85403],[139.74505,35.85374],[139.74504,35.85357],[139.74512,35.85342],[139.74543,35.85325],[139.74597,35.85315],[139.74646,35.85317],[139.74676,35.85335],[139.74694,35.85373],[139.74703,35.85383],[139.74722,35.85385],[139.74735,35.85377],[139.74752,35.85347],[139.74773,35.85251],[139.74791,35.85206],[139.74808,35.85188],[139.74865,35.85162],[139.74888,35.8514],[139.74901,35.85121],[139.74917,35.85058],[139.74919,35.84988],[139.74915,35.84966],[139.74896,35.84929],[139.74861,35.84904],[139.7481,35.8489],[139.74727,35.84877],[139.74689,35.84861],[139.74665,35.8484],[139.74645,35.84792],[139.74625,35.84775],[139.74606,35.84774],[139.7457,35.8479],[139.74552,35.84809],[139.74539,35.84832],[139.74513,35.84848],[139.74407,35.84858],[139.74335,35.84883],[139.74305,35.84882],[139.74269,35.84871],[139.74162,35.84816],[139.74126,35.84808],[139.74117,35.84816],[139.74104,35.84869],[139.7407,35.8493],[139.74033,35.8498],[139.73984,35.85017],[139.73952,35.85079],[139.73926,35.85087],[139.73864,35.85071],[139.73846,35.85075],[139.73832,35.85087],[139.73822,35.85117],[139.73823,35.85138],[139.73831,35.85145],[139.73859,35.85153],[139.73865,35.85163],[139.73867,35.85185],[139.73854,35.85227],[139.73836,35.85252],[139.7382,35.85265],[139.73788,35.85273],[139.73737,35.85265],[139.73703,35.85247],[139.7365,35.85191],[139.73621,35.85181],[139.73583,35.85178],[139.73515,35.85186],[139.73466,35.85203],[139.73446,35.85221],[139.73432,35.85252],[139.73414,35.8527],[139.73388,35.85272],[139.73368,35.85264],[139.73345,35.85236],[139.73319,35.85152],[139.73295,35.8512],[139.73278,35.85105],[139.73233,35.85081],[139.73122,35.85043],[139.7307,35.85005],[139.73053,35.84974],[139.73046,35.84928],[139.73052,35.84894],[139.73072,35.84868],[139.73069,35.8486],[139.73051,35.84855],[139.72947,35.84851],[139.72902,35.84843],[139.7288,35.8483],[139.72869,35.848],[139.72858,35.8479],[139.72826,35.84779],[139.72779,35.84769],[139.72755,35.84754],[139.72757,35.84733],[139.72782,35.84709],[139.72818,35.84688],[139.72894,35.84658],[139.72914,35.84644],[139.72927,35.84621],[139.72918,35.84594],[139.72882,35.84565],[139.72797,35.84521],[139.72752,35.8449],[139.72736,35.84472],[139.7273,35.8444],[139.72714,35.84423],[139.72687,35.84412],[139.72658,35.8441],[139.72634,35.84417],[139.72612,35.84431],[139.72599,35.84434],[139.72578,35.84424],[139.72553,35.8439],[139.7254,35.8433],[139.72548,35.84282],[139.72567,35.84261],[139.7261,35.84244],[139.72623,35.84225],[139.72614,35.84204],[139.72586,35.84195],[139.72577,35.84161],[139.72584,35.8406],[139.72602,35.83971],[139.72613,35.83948],[139.72638,35.83931],[139.72646,35.8392],[139.72659,35.83872],[139.72678,35.83862],[139.72707,35.83861],[139.72726,35.83854],[139.72742,35.83821],[139.7279,35.838],[139.72804,35.83789],[139.72813,35.83774],[139.72817,35.83743],[139.72812,35.83723],[139.728,35.83705],[139.72781,35.8369],[139.72731,35.83665],[139.72713,35.83649],[139.72691,35.83608],[139.72675,35.83588],[139.72629,35.83567],[139.7253,35.83552],[139.72474,35.83537],[139.72452,35.83524],[139.72442,35.83498],[139.72459,35.83467],[139.72544,35.83398],[139.72603,35.83334],[139.72639,35.83279],[139.72675,35.83214],[139.72701,35.83135],[139.72722,35.82992],[139.72717,35.82715],[139.72723,35.82617],[139.72732,35.8259],[139.72758,35.82572],[139.72768,35.82544],[139.72783,35.82539],[139.72819,35.82545],[139.72829,35.82538],[139.72827,35.8251],[139.72811,35.82462],[139.72814,35.82418],[139.72829,35.82392],[139.72892,35.82331],[139.72902,35.8231],[139.72901,35.82299],[139.72889,35.82288],[139.72847,35.82283],[139.72827,35.82274],[139.72814,35.82225],[139.72806,35.82214],[139.72785,35.822],[139.72788,35.82191],[139.72858,35.82156],[139.72926,35.82138],[139.73098,35.82109],[139.73581,35.82043],[139.73694,35.8202],[139.73802,35.81986],[139.73878,35.81937],[139.73982,35.81853],[139.74113,35.81734],[139.74465,35.81398],[139.74545,35.8133],[139.74588,35.81304],[139.74601,35.81313],[139.74614,35.8135],[139.74627,35.81531],[139.74637,35.81561],[139.74661,35.816],[139.74673,35.81653],[139.74672,35.81702],[139.74661,35.81746],[139.74646,35.81772],[139.74613,35.81815],[139.74607,35.8183],[139.7461,35.81841],[139.74628,35.81855],[139.74641,35.81901],[139.74646,35.81986],[139.7464,35.82105],[139.74627,35.82146],[139.74599,35.82157],[139.74588,35.82196],[139.74575,35.82209],[139.74536,35.82224],[139.74479,35.82234],[139.7444,35.82245],[139.74427,35.82255],[139.74425,35.82272],[139.7444,35.82323],[139.74453,35.82337],[139.74489,35.8235],[139.74565,35.82355],[139.746,35.82364],[139.74642,35.8239],[139.74675,35.82429],[139.74706,35.82455],[139.74727,35.82464],[139.74756,35.82468],[139.74762,35.82473],[139.74767,35.82503],[139.74748,35.82573],[139.74751,35.82623],[139.74765,35.82651],[139.74821,35.82708],[139.74837,35.82742],[139.74839,35.82765],[139.74828,35.828],[139.74813,35.82826],[139.74765,35.82883],[139.74753,35.82918],[139.74757,35.82981],[139.74789,35.83073],[139.74794,35.83115],[139.74786,35.83129],[139.74774,35.83135],[139.74765,35.83147],[139.74774,35.83176],[139.74772,35.83183],[139.74733,35.83194],[139.74722,35.83227],[139.74691,35.8325],[139.74686,35.83266],[139.74691,35.83306],[139.74712,35.83375],[139.74712,35.83405],[139.74703,35.83412],[139.74685,35.83418],[139.74677,35.8343],[139.74667,35.83525],[139.74652,35.8357],[139.74632,35.83589],[139.74597,35.83597],[139.74589,35.83618],[139.74597,35.83633],[139.74639,35.83645],[139.74646,35.83669],[139.74661,35.83686],[139.7474,35.83729],[139.74756,35.83747],[139.74775,35.83788],[139.74788,35.83804],[139.74818,35.83817],[139.74887,35.83825],[139.749,35.83833],[139.74921,35.83856],[139.74967,35.8387],[139.74984,35.83927],[139.75035,35.83987],[139.75035,35.84016],[139.74998,35.84068],[139.74992,35.84084],[139.74995,35.84095],[139.75007,35.84101],[139.75021,35.84122],[139.75048,35.84222],[139.75066,35.84341],[139.75063,35.84446],[139.75049,35.84503],[139.75002,35.84591],[139.7499,35.84627],[139.74986,35.84656],[139.74991,35.84707],[139.74975,35.84725],[139.74927,35.84747],[139.7492,35.84762],[139.74922,35.84778],[139.74932,35.8479],[139.74957,35.84804],[139.74966,35.84815],[139.74975,35.8486],[139.74984,35.8488],[139.7502,35.84901],[139.75084,35.84912],[139.75143,35.84915],[139.75184,35.84907],[139.75217,35.84888],[139.75254,35.84879],[139.75319,35.84878],[139.75367,35.84885],[139.75411,35.84897],[139.75448,35.84916],[139.75474,35.84942],[139.75494,35.84982],[139.7552,35.84997],[139.75545,35.84997],[139.75578,35.84987],[139.75617,35.84962],[139.75637,35.84924],[139.75643,35.84865],[139.75652,35.84849],[139.75666,35.84842],[139.75694,35.8485],[139.75706,35.84864],[139.75712,35.84899],[139.75704,35.84969],[139.75709,35.84984],[139.75718,35.8499],[139.75732,35.84989],[139.75744,35.84982],[139.7577,35.8493],[139.75792,35.84912],[139.75813,35.84909],[139.75853,35.84915],[139.75895,35.84914],[139.75977,35.84893],[139.76001,35.84896],[139.76024,35.84908],[139.76054,35.84942],[139.7607,35.84995],[139.76071,35.85041],[139.76064,35.85119],[139.76069,35.85169],[139.76082,35.85182],[139.76133,35.8518],[139.76145,35.85186],[139.76165,35.85209],[139.76202,35.85217],[139.76211,35.85224],[139.76219,35.85246],[139.76225,35.85298],[139.76257,35.85354],[139.76264,35.85376],[139.76265,35.85417],[139.76258,35.85465],[139.76263,35.85496],[139.76275,35.85507],[139.76317,35.85515],[139.76326,35.85525],[139.76338,35.85566],[139.7635,35.85573],[139.76387,35.85579],[139.76414,35.85605],[139.7646,35.85717],[139.76476,35.85747],[139.76495,35.85769],[139.76536,35.85801],[139.76541,35.85824],[139.76534,35.85848],[139.76535,35.8587],[139.76574,35.85921],[139.76584,35.85974],[139.76592,35.85984],[139.7661,35.85995],[139.76618,35.86007],[139.76606,35.86056],[139.76567,35.86126],[139.76536,35.86155],[139.76488,35.86168],[139.76472,35.86189],[139.76468,35.86226],[139.76476,35.86268],[139.76533,35.86377],[139.76532,35.86408],[139.7651,35.86434],[139.76446,35.86463],[139.76346,35.86487],[139.76291,35.86507],[139.76269,35.86522],[139.76243,35.8656],[139.7622,35.86574],[139.76176,35.86591],[139.76167,35.866],[139.76163,35.86616],[139.76148,35.86627],[139.76085,35.86644],[139.75909,35.86673],[139.75862,35.86687],[139.75836,35.86702],[139.75823,35.86735],[139.75805,35.86752],[139.75738,35.86786],[139.757,35.86798],[139.75667,35.86802],[139.7564,35.868],[139.756,35.86784],[139.75585,35.86785],[139.75574,35.86793],[139.75561,35.86816],[139.75535,35.86832],[139.75424,35.86845],[139.75409,35.86853],[139.75384,35.86876],[139.75332,35.86884],[139.75313,35.86893],[139.75305,35.86912],[139.75313,35.86946],[139.75375,35.87014],[139.75386,35.87039],[139.75392,35.87072],[139.75401,35.87086],[139.75443,35.87117],[139.75463,35.87137],[139.75478,35.8719],[139.75498,35.87205],[139.75527,35.87215],[139.7555,35.87237],[139.75563,35.87263],[139.75581,35.87334],[139.75644,35.87391],[139.7566,35.8743],[139.75672,35.87518],[139.75691,35.87542],[139.7572,35.87553],[139.75734,35.87564],[139.75747,35.87599],[139.75742,35.8763],[139.7573,35.87648],[139.75711,35.87663],[139.75662,35.87688],[139.75647,35.87704]],[[139.72848,36.03385],[139.72756,36.03388],[139.72561,36.03343],[139.72513,36.03338],[139.72413,36.03342],[139.72387,36.03333],[139.72377,36.03325],[139.72344,36.03255],[139.7233,36.0324],[139.72311,36.0323],[139.7228,36.03226],[139.72259,36.0323],[139.72218,36.03255],[139.72189,36.03266],[139.72127,36.03266],[139.72041,36.03246],[139.71993,36.03228],[139.71964,36.03209],[139.71954,36.03188],[139.71963,36.03166],[139.71997,36.03134],[139.7205,36.03106],[139.72145,36.03067],[139.72194,36.03037],[139.72242,36.03001],[139.72346,36.02903],[139.72367,36.02877],[139.72388,36.02837],[139.72435,36.02799],[139.72573,36.02711],[139.72674,36.02657],[139.72738,36.02642],[139.72818,36.02636],[139.73065,36.02632],[139.73191,36.02625],[139.73291,36.02608],[139.73365,36.0258],[139.73392,36.02563],[139.73488,36.02482],[139.73576,36.02431],[139.73618,36.02384],[139.73707,36.02246],[139.73725,36.0223],[139.73747,36.02228],[139.73781,36.02243],[139.7382,36.02273],[139.73839,36.02299],[139.73847,36.02324],[139.73838,36.0237],[139.73802,36.02445],[139.73801,36.02473],[139.73809,36.02511],[139.73805,36.02522],[139.73782,36.02537],[139.73772,36.02552],[139.73764,36.02586],[139.73761,36.02637],[139.7375,36.02678],[139.73702,36.02776],[139.73641,36.02866],[139.73608,36.02892],[139.7358,36.02889],[139.7357,36.02893],[139.73535,36.02941],[139.73494,36.02954],[139.73486,36.0297],[139.7348,36.03009],[139.73454,36.03041],[139.73409,36.0312],[139.73336,36.03288],[139.73296,36.03368],[139.73257,36.03417],[139.73238,36.03431],[139.7322,36.03437],[139.73202,36.03436],[139.73146,36.03415],[139.73103,36.03408],[139.72914,36.03411],[139.72888,36.03405],[139.72848,36.03385]],[[139.81811,35.88419],[139.81791,35.88402],[139.81763,35.88389],[139.81701,35.88376],[139.81585,35.8837],[139.81527,35.88354],[139.81499,35.88341],[139.81446,35.88306],[139.81376,35.88235],[139.81321,35.88164],[139.81304,35.88115],[139.81285,35.88111],[139.81255,35.88117],[139.81224,35.88116],[139.81193,35.88105],[139.81173,35.88093],[139.8115,35.88061],[139.81147,35.88017],[139.81165,35.87962],[139.81199,35.87899],[139.81201,35.87878],[139.81186,35.87866],[139.81173,35.87864],[139.81101,35.87866],[139.81074,35.87857],[139.81064,35.87849],[139.81029,35.87775],[139.81018,35.87766],[139.80989,35.87761],[139.80963,35.87748],[139.80918,35.87709],[139.80907,35.87684],[139.80912,35.87637],[139.80897,35.87623],[139.80854,35.87604],[139.80842,35.87577],[139.80849,35.87548],[139.80867,35.87524],[139.80955,35.87448],[139.81028,35.87404],[139.81118,35.87381],[139.8112,35.87339],[139.81131,35.87316],[139.81189,35.8729],[139.812,35.87277],[139.81203,35.87261],[139.81212,35.87253],[139.81238,35.87247],[139.81284,35.87244],[139.81293,35.87239],[139.81292,35.87231],[139.8127,35.87208],[139.8126,35.87187],[139.81257,35.87163],[139.81267,35.87142],[139.81283,35.87131],[139.81332,35.87117],[139.81362,35.87102],[139.81399,35.87056],[139.81414,35.87052],[139.81463,35.87056],[139.81468,35.87049],[139.81461,35.87019],[139.81463,35.87002],[139.81472,35.86985],[139.81497,35.8696],[139.81539,35.8694],[139.8156,35.86939],[139.8159,35.86944],[139.81607,35.86939],[139.81619,35.86926],[139.81638,35.86877],[139.81653,35.86858],[139.8169,35.86842],[139.81738,35.86839],[139.81764,35.86832],[139.8179,35.86811],[139.81805,35.8678],[139.81827,35.86766],[139.81883,35.86759],[139.8198,35.86763],[139.82011,35.86757],[139.82029,35.86743],[139.82035,35.86711],[139.82058,35.86681],[139.82087,35.86662],[139.82187,35.86614],[139.82219,35.86587],[139.82235,35.8659],[139.82257,35.86604],[139.82321,35.86661],[139.82369,35.86696],[139.82399,35.86711],[139.82427,35.86718],[139.8245,35.86732],[139.82476,35.86774],[139.82504,35.86883],[139.82514,35.86899],[139.8254,35.86921],[139.82557,35.86927],[139.82596,35.86931],[139.82631,35.86926],[139.82658,35.86917],[139.82675,35.86901],[139.82703,35.86849],[139.82714,35.86842],[139.82746,35.86836],[139.82774,35.86812],[139.82793,35.86815],[139.82824,35.86829],[139.82929,35.86903],[139.82971,35.86945],[139.83007,35.87012],[139.83019,35.87019],[139.8304,35.87023],[139.83056,35.87033],[139.83134,35.87137],[139.83155,35.87155],[139.83195,35.87173],[139.8321,35.87183],[139.83221,35.87208],[139.83226,35.87248],[139.83236,35.8726],[139.8325,35.87267],[139.83287,35.87273],[139.83302,35.87283],[139.83344,35.87357],[139.83389,35.8739],[139.83409,35.8741],[139.83418,35.8745],[139.83427,35.87465],[139.83497,35.87512],[139.83502,35.87546],[139.83491,35.87576],[139.8347,35.87608],[139.83435,35.87643],[139.83409,35.87657],[139.83361,35.87673],[139.83345,35.87694],[139.83349,35.87725],[139.83364,35.87755],[139.83436,35.87816],[139.83444,35.87839],[139.8344,35.87861],[139.83425,35.87874],[139.83387,35.87878],[139.83366,35.87886],[139.83335,35.87907],[139.83306,35.87939],[139.83294,35.87959],[139.83288,35.87988],[139.83295,35.8802],[139.8329,35.88032],[139.83278,35.88041],[139.83233,35.8806],[139.83189,35.88114],[139.83159,35.88124],[139.8311,35.88127],[139.83089,35.88135],[139.83071,35.88176],[139.83018,35.88221],[139.83,35.88228],[139.82977,35.88228],[139.82951,35.8821],[139.82945,35.88185],[139.82937,35.88174],[139.82915,35.8817],[139.82898,35.88178],[139.82867,35.88212],[139.82816,35.88292],[139.82785,35.88358],[139.82774,35.88403],[139.82754,35.8842],[139.82705,35.88434],[139.82683,35.88445],[139.82661,35.8847],[139.82648,35.885],[139.8263,35.88512],[139.82587,35.88514],[139.82529,35.88501],[139.82491,35.88497],[139.82478,35.88501],[139.82471,35.88521],[139.82455,35.88534],[139.82419,35.88545],[139.824,35.88544],[139.82393,35.88538],[139.82387,35.88516],[139.82375,35.88505],[139.82317,35.88477],[139.82292,35.88457],[139.82283,35.88441],[139.82277,35.88409],[139.82268,35.88395],[139.82206,35.88347],[139.82199,35.88334],[139.82198,35.88305],[139.82093,35.8839],[139.82035,35.88428],[139.82007,35.88438],[139.81962,35.88445],[139.8195,35.88455],[139.81944,35.88475],[139.81932,35.88481],[139.819,35.88485],[139.81864,35.88483],[139.81843,35.88475],[139.81834,35.88448],[139.81811,35.88419]],[[139.87756,35.86356],[139.87727,35.86365],[139.87664,35.86371],[139.87635,35.86381],[139.87605,35.86409],[139.87596,35.86437],[139.87589,35.86446],[139.87558,35.86455],[139.87471,35.86459],[139.87445,35.86467],[139.87443,35.86476],[139.87449,35.86495],[139.87444,35.86521],[139.87427,35.86553],[139.87409,35.86571],[139.87373,35.86588],[139.87309,35.86593],[139.87273,35.86606],[139.87257,35.86622],[139.87244,35.86653],[139.87226,35.86674],[139.8721,35.86681],[139.87164,35.86689],[139.87151,35.86698],[139.87133,35.86728],[139.87117,35.86743],[139.87095,35.86757],[139.87024,35.86787],[139.87014,35.86801],[139.87014,35.86809],[139.87058,35.86858],[139.87069,35.86884],[139.87071,35.86901],[139.87058,35.86927],[139.87015,35.86948],[139.87001,35.86966],[139.86989,35.87011],[139.86984,35.87091],[139.86975,35.87116],[139.86961,35.8713],[139.8691,35.87139],[139.86868,35.87163],[139.86829,35.87201],[139.86817,35.87239],[139.86775,35.8725],[139.86756,35.87286],[139.8667,35.87316],[139.86648,35.87335],[139.86633,35.87359],[139.86609,35.87375],[139.86547,35.87395],[139.86436,35.87419],[139.86398,35.87432],[139.86374,35.87447],[139.86348,35.87483],[139.86333,35.8749],[139.86294,35.87495],[139.86267,35.87504],[139.86216,35.87549],[139.86195,35.87553],[139.86161,35.87546],[139.861,35.87577],[139.86019,35.87588],[139.86003,35.87605],[139.86009,35.87655],[139.86003,35.87673],[139.85991,35.87687],[139.85972,35.87699],[139.85941,35.8771],[139.8591,35.87711],[139.8588,35.87705],[139.85856,35.87709],[139.85815,35.87761],[139.85755,35.8779],[139.85743,35.87809],[139.8574,35.87832],[139.85721,35.87848],[139.85623,35.87861],[139.85597,35.87877],[139.85576,35.87905],[139.85557,35.87912],[139.85483,35.87909],[139.85459,35.87918],[139.85444,35.87937],[139.8544,35.87952],[139.85435,35.88007],[139.85425,35.88041],[139.85405,35.88071],[139.85377,35.88097],[139.85299,35.88139],[139.85224,35.88154],[139.85211,35.88185],[139.85167,35.88199],[139.85139,35.88239],[139.85105,35.88268],[139.84957,35.88349],[139.84797,35.88476],[139.84767,35.88491],[139.8471,35.88509],[139.84702,35.88517],[139.84707,35.88539],[139.84702,35.88552],[139.8463,35.88588],[139.84576,35.88637],[139.84547,35.88658],[139.84467,35.88695],[139.84421,35.8871],[139.84386,35.88714],[139.8436,35.88709],[139.84352,35.88703],[139.84333,35.88664],[139.8432,35.88652],[139.84303,35.88645],[139.84274,35.88644],[139.84251,35.88654],[139.84238,35.88684],[139.84193,35.88695],[139.84161,35.88726],[139.84137,35.88733],[139.84107,35.88733],[139.84072,35.88723],[139.84044,35.88702],[139.84035,35.8868],[139.84042,35.88651],[139.84026,35.88629],[139.84005,35.88614],[139.83949,35.88588],[139.83908,35.88584],[139.8388,35.88588],[139.83869,35.88585],[139.83859,35.88577],[139.83846,35.88543],[139.83843,35.88487],[139.83847,35.88408],[139.83861,35.88328],[139.83897,35.88218],[139.83989,35.8806],[139.84031,35.87971],[139.84057,35.87885],[139.84072,35.87761],[139.84081,35.87501],[139.84074,35.87263],[139.84048,35.87048],[139.83983,35.86753],[139.83981,35.86681],[139.83988,35.86656],[139.83999,35.86638],[139.84015,35.86628],[139.84093,35.86623],[139.84142,35.8663],[139.84186,35.86645],[139.84239,35.86656],[139.84304,35.8666],[139.84388,35.86658],[139.84428,35.86653],[139.8445,35.86644],[139.84463,35.86633],[139.8447,35.86607],[139.84481,35.86597],[139.84505,35.86593],[139.84525,35.86594],[139.84544,35.86601],[139.8456,35.86614],[139.84591,35.86654],[139.84623,35.86681],[139.84726,35.86725],[139.84769,35.86756],[139.84785,35.86739],[139.84804,35.86697],[139.84811,35.86668],[139.8481,35.86647],[139.848,35.86632],[139.84772,35.86621],[139.84749,35.86603],[139.8472,35.86545],[139.84707,35.8653],[139.84642,35.86498],[139.84634,35.86483],[139.8464,35.86466],[139.8466,35.86449],[139.8471,35.86426],[139.84743,35.86402],[139.84808,35.86327],[139.84864,35.86301],[139.8488,35.8628],[139.84884,35.86249],[139.84899,35.86231],[139.84961,35.86214],[139.85148,35.86203],[139.85252,35.86178],[139.85434,35.86087],[139.8547,35.86076],[139.85512,35.86073],[139.85531,35.86066],[139.85546,35.86045],[139.85552,35.86005],[139.85567,35.85988],[139.85627,35.85977],[139.85662,35.85948],[139.85738,35.85952],[139.85749,35.85946],[139.8577,35.85923],[139.85816,35.85909],[139.85841,35.85879],[139.85871,35.85828],[139.85882,35.85781],[139.85871,35.85761],[139.85798,35.85732],[139.85756,35.8569],[139.85733,35.85647],[139.85715,35.856],[139.85709,35.85563],[139.85716,35.85538],[139.85735,35.85523],[139.85771,35.85513],[139.85786,35.85502],[139.85795,35.85489],[139.85802,35.85452],[139.85821,35.85433],[139.8586,35.85426],[139.85908,35.85435],[139.8592,35.85433],[139.85925,35.85421],[139.85917,35.85382],[139.85932,35.85356],[139.85965,35.85338],[139.86037,35.85329],[139.86063,35.8532],[139.86072,35.85308],[139.86082,35.85262],[139.86105,35.85238],[139.86128,35.85229],[139.86163,35.85259],[139.86195,35.85262],[139.8622,35.85252],[139.8627,35.85217],[139.86298,35.85204],[139.8633,35.85193],[139.86421,35.85175],[139.86447,35.85158],[139.86449,35.85143],[139.86444,35.85128],[139.86448,35.85118],[139.86461,35.85113],[139.86508,35.85119],[139.86534,35.85115],[139.86542,35.85105],[139.86553,35.85063],[139.86568,35.8505],[139.86583,35.85045],[139.86611,35.85043],[139.86701,35.85052],[139.86736,35.85045],[139.86776,35.85027],[139.86794,35.85026],[139.86834,35.85044],[139.86861,35.85046],[139.8692,35.85037],[139.87019,35.8501],[139.87066,35.85006],[139.87082,35.85012],[139.87088,35.85029],[139.87083,35.85046],[139.87063,35.85068],[139.87069,35.85077],[139.87127,35.85092],[139.87192,35.85096],[139.87233,35.85088],[139.87265,35.85052],[139.87287,35.8504],[139.87357,35.85024],[139.87392,35.8501],[139.87418,35.84985],[139.87436,35.84948],[139.87445,35.84901],[139.87444,35.84855],[139.87423,35.848],[139.87411,35.84785],[139.87354,35.84742],[139.8734,35.84727],[139.87339,35.84716],[139.8736,35.84702],[139.87365,35.84694],[139.87356,35.84659],[139.87393,35.84627],[139.87404,35.84571],[139.87415,35.84553],[139.87447,35.84535],[139.87506,35.84521],[139.87527,35.84504],[139.87521,35.84459],[139.87524,35.84429],[139.87549,35.8433],[139.87554,35.84288],[139.87549,35.84274],[139.87517,35.84264],[139.87512,35.84246],[139.8752,35.84224],[139.87567,35.84164],[139.87577,35.84139],[139.87578,35.84114],[139.8756,35.8406],[139.87559,35.84039],[139.87577,35.84017],[139.87614,35.84007],[139.87636,35.83992],[139.8764,35.83979],[139.8763,35.83932],[139.87643,35.83903],[139.87661,35.83892],[139.87706,35.83887],[139.87721,35.83877],[139.87718,35.83827],[139.87733,35.83806],[139.87762,35.83789],[139.87781,35.83769],[139.87793,35.83719],[139.87816,35.83679],[139.87846,35.83648],[139.87869,35.83636],[139.87894,35.83632],[139.87947,35.83647],[139.87981,35.83648],[139.87999,35.83639],[139.88034,35.83605],[139.88062,35.83595],[139.8809,35.83601],[139.88131,35.83639],[139.88148,35.83642],[139.88157,35.83632],[139.88177,35.83586],[139.882,35.83572],[139.88221,35.83575],[139.88235,35.83583],[139.8827,35.83616],[139.88289,35.83619],[139.88299,35.83616],[139.88322,35.83602],[139.88362,35.83564],[139.884,35.83538],[139.88423,35.83529],[139.88453,35.83526],[139.88473,35.8352],[139.88493,35.83476],[139.88527,35.83444],[139.8855,35.8343],[139.88608,35.83415],[139.88641,35.83414],[139.88676,35.8342],[139.88728,35.83441],[139.88836,35.83516],[139.88856,35.83525],[139.88881,35.83529],[139.88886,35.83534],[139.8888,35.83552],[139.88859,35.83567],[139.88778,35.83587],[139.88769,35.83593],[139.88795,35.83601],[139.88839,35.83607],[139.88859,35.83619],[139.88877,35.83641],[139.8889,35.83673],[139.88901,35.83713],[139.88911,35.83824],[139.88908,35.84175],[139.88917,35.84282],[139.88932,35.84366],[139.8898,35.845],[139.88996,35.84529],[139.89023,35.84563],[139.89018,35.84632],[139.89059,35.8469],[139.89115,35.84863],[139.89167,35.84965],[139.89286,35.85151],[139.89314,35.85215],[139.89327,35.85271],[139.89328,35.85295],[139.89312,35.85359],[139.89281,35.8541],[139.89234,35.85448],[139.89174,35.85475],[139.89149,35.85478],[139.89108,35.85473],[139.8909,35.85477],[139.89039,35.85517],[139.89018,35.85516],[139.88986,35.85497],[139.88935,35.85481],[139.88817,35.85465],[139.88791,35.85472],[139.88784,35.85495],[139.88769,35.85506],[139.88738,35.8551],[139.88699,35.85508],[139.88668,35.85499],[139.88616,35.8547],[139.88526,35.85448],[139.88498,35.85437],[139.88466,35.85413],[139.88442,35.85382],[139.88406,35.85361],[139.88373,35.85354],[139.88297,35.8535],[139.88255,35.85342],[139.88188,35.85308],[139.88075,35.8528],[139.8804,35.85251],[139.88034,35.85252],[139.88011,35.85274],[139.87992,35.85281],[139.87933,35.85285],[139.87906,35.85278],[139.8789,35.85264],[139.87885,35.85234],[139.879,35.8515],[139.87866,35.85182],[139.87856,35.85215],[139.87856,35.85304],[139.87873,35.85488],[139.8789,35.85446],[139.87902,35.85437],[139.87932,35.85475],[139.87955,35.85479],[139.87997,35.85475],[139.88021,35.85481],[139.88115,35.85543],[139.88157,35.85561],[139.88207,35.85574],[139.88231,35.85592],[139.88233,35.85603],[139.88225,35.85618],[139.88176,35.85641],[139.88155,35.85661],[139.88124,35.85711],[139.88093,35.8578],[139.88072,35.85806],[139.88062,35.85811],[139.8805,35.8581],[139.88037,35.85803],[139.87984,35.85735],[139.88045,35.86009],[139.88055,35.86073],[139.88055,35.86126],[139.88033,35.86157],[139.87989,35.86171],[139.87982,35.86195],[139.87967,35.86219],[139.87908,35.86269],[139.87858,35.86295],[139.8779,35.86299],[139.87771,35.86341],[139.87756,35.86356]],[[139.08589,36.02102],[139.08555,36.02101],[139.0853,36.0209],[139.08517,36.02077],[139.08504,36.02041],[139.08498,36.01943],[139.08487,36.01898],[139.08473,36.0188],[139.08444,36.01867],[139.08428,36.01855],[139.0841,36.01825],[139.08402,36.01786],[139.08413,36.01769],[139.08437,36.0176],[139.08476,36.01759],[139.08522,36.01768],[139.08543,36.01776],[139.08579,36.01802],[139.08608,36.01839],[139.08667,36.0196],[139.08683,36.0198],[139.08706,36.01998],[139.08705,36.02019],[139.08682,36.02059],[139.08653,36.02083],[139.08616,36.02098],[139.08589,36.02102]],[[139.09283,36.2102],[139.09294,36.20974],[139.09303,36.20962],[139.09329,36.20953],[139.09367,36.20951],[139.09397,36.20945],[139.09424,36.20923],[139.09438,36.20917],[139.09456,36.20915],[139.09507,36.20921],[139.09531,36.20917],[139.09551,36.20903],[139.09582,36.20856],[139.09607,36.20833],[139.09626,36.20828],[139.09666,36.20832],[139.09684,36.20825],[139.09738,36.20766],[139.09766,36.20753],[139.09812,36.20746],[139.09825,36.20736],[139.09854,36.20695],[139.09869,36.20688],[139.09898,36.20685],[139.09917,36.20689],[139.09935,36.20699],[139.09973,36.20746],[139.09993,36.20762],[139.10034,36.20775],[139.10083,36.20777],[139.10119,36.20784],[139.10135,36.20791],[139.10149,36.20807],[139.10164,36.20813],[139.10201,36.20814],[139.10273,36.20808],[139.10292,36.20815],[139.10294,36.20825],[139.10303,36.20834],[139.10325,36.20838],[139.10425,36.20832],[139.10471,36.20833],[139.10486,36.20839],[139.10497,36.20865],[139.1052,36.20869],[139.10556,36.20859],[139.10659,36.20809],[139.10693,36.20803],[139.10722,36.20804],[139.10756,36.2081],[139.10777,36.20819],[139.1079,36.20831],[139.10798,36.20856],[139.10815,36.20862],[139.10996,36.20859],[139.11013,36.20865],[139.11022,36.2088],[139.11051,36.2089],[139.11259,36.20914],[139.11293,36.20922],[139.11344,36.20945],[139.11372,36.20978],[139.11377,36.21021],[139.11368,36.21086],[139.11358,36.21104],[139.1134,36.21115],[139.11337,36.21123],[139.11342,36.21131],[139.1139,36.21167],[139.11403,36.21197],[139.11398,36.21224],[139.1139,36.21232],[139.11365,36.21237],[139.11352,36.21259],[139.11346,36.21323],[139.11353,36.21355],[139.11359,36.21368],[139.11378,36.21385],[139.11407,36.21393],[139.11453,36.21397],[139.11476,36.21407],[139.11491,36.21423],[139.115,36.21444],[139.11502,36.21474],[139.11497,36.2149],[139.11476,36.21515],[139.11477,36.21532],[139.11502,36.21565],[139.11559,36.21616],[139.11572,36.21634],[139.11573,36.21647],[139.11556,36.2166],[139.11544,36.21684],[139.1151,36.21855],[139.11483,36.21905],[139.11472,36.21915],[139.11421,36.21932],[139.11402,36.21945],[139.11362,36.22013],[139.11332,36.22037],[139.11271,36.22067],[139.11249,36.22089],[139.11234,36.22114],[139.11216,36.22129],[139.1119,36.22142],[139.11084,36.22179],[139.11062,36.22193],[139.1104,36.22225],[139.11017,36.2224],[139.10957,36.22249],[139.10935,36.22261],[139.10913,36.22298],[139.10886,36.22392],[139.10874,36.22408],[139.10844,36.22426],[139.10831,36.22456],[139.10807,36.22466],[139.10764,36.22474],[139.10572,36.2249],[139.10505,36.22501],[139.10491,36.22508],[139.10474,36.22526],[139.1045,36.22574],[139.10408,36.22595],[139.10335,36.22603],[139.10234,36.22598],[139.10198,36.22587],[139.10186,36.22561],[139.10143,36.2255],[139.101,36.22512],[139.10077,36.22503],[139.1003,36.22504],[139.09951,36.22519],[139.09915,36.22518],[139.09883,36.2251],[139.09808,36.22475],[139.09772,36.22467],[139.09679,36.22458],[139.09666,36.22453],[139.09648,36.22437],[139.09635,36.22387],[139.09609,36.22366],[139.09562,36.2235],[139.09417,36.22333],[139.09339,36.22314],[139.09313,36.22297],[139.09303,36.22256],[139.09291,36.22241],[139.09272,36.2223],[139.09234,36.22219],[139.0922,36.22208],[139.09215,36.22193],[139.09233,36.22152],[139.09234,36.22135],[139.09216,36.22117],[139.0917,36.22099],[139.09157,36.22081],[139.09154,36.22056],[139.0916,36.22009],[139.09151,36.21974],[139.09135,36.21959],[139.09087,36.21943],[139.09071,36.2193],[139.09063,36.21912],[139.09066,36.21861],[139.09108,36.21804],[139.09101,36.21775],[139.09105,36.21758],[139.09127,36.21726],[139.09164,36.21686],[139.09179,36.21657],[139.09173,36.21644],[139.09156,36.21637],[139.09139,36.21621],[139.09127,36.21594],[139.09121,36.21553],[139.09119,36.21475],[139.09108,36.21419],[139.09094,36.21397],[139.09058,36.2138],[139.0904,36.21356],[139.09044,36.21321],[139.09063,36.21311],[139.09077,36.21309],[139.09098,36.2129],[139.09134,36.2122],[139.09153,36.21197],[139.09187,36.21178],[139.09235,36.21171],[139.09248,36.21159],[139.09252,36.2114],[139.09245,36.211],[139.09247,36.21068],[139.09254,36.21051],[139.09283,36.2102]],[[139.11599,36.10574],[139.11506,36.10585],[139.11479,36.10608],[139.11453,36.10618],[139.11394,36.10622],[139.11378,36.10618],[139.11364,36.10608],[139.11342,36.10576],[139.11322,36.10494],[139.1132,36.10381],[139.11328,36.10359],[139.11335,36.10356],[139.11344,36.10359],[139.11378,36.10391],[139.1139,36.10422],[139.11402,36.10432],[139.11449,36.1044],[139.11583,36.10447],[139.11635,36.10465],[139.11652,36.10483],[139.11657,36.10505],[139.11656,36.10532],[139.11643,36.10553],[139.11628,36.10564],[139.11599,36.10574]],[[139.12626,36.18812],[139.12686,36.18808],[139.12718,36.18799],[139.12729,36.18787],[139.12737,36.18752],[139.1275,36.18743],[139.12769,36.18741],[139.12782,36.18735],[139.1279,36.18711],[139.12801,36.187],[139.12906,36.18656],[139.12925,36.18639],[139.12929,36.18622],[139.12941,36.18609],[139.13004,36.18581],[139.13017,36.18548],[139.13049,36.18539],[139.13067,36.18523],[139.13102,36.18439],[139.13114,36.1843],[139.13147,36.18422],[139.13156,36.18395],[139.13191,36.18357],[139.13294,36.18271],[139.1335,36.18231],[139.13398,36.18205],[139.13418,36.18197],[139.13453,36.18193],[139.13505,36.18211],[139.13513,36.1822],[139.13523,36.1825],[139.13546,36.18264],[139.13564,36.18264],[139.136,36.18252],[139.1368,36.18207],[139.13716,36.18199],[139.13734,36.18204],[139.13754,36.18227],[139.13755,36.18244],[139.13748,36.1826],[139.13752,36.18268],[139.13836,36.18284],[139.13864,36.18305],[139.13888,36.18336],[139.13912,36.18352],[139.13966,36.18365],[139.14053,36.18372],[139.14083,36.18384],[139.14103,36.18404],[139.14117,36.18443],[139.14135,36.18469],[139.14151,36.18478],[139.14197,36.18486],[139.14215,36.18502],[139.14228,36.18526],[139.14246,36.18537],[139.14272,36.18545],[139.14347,36.1855],[139.1439,36.18559],[139.14408,36.18571],[139.1443,36.18603],[139.14457,36.18582],[139.14488,36.18574],[139.14535,36.18572],[139.14551,36.18575],[139.14576,36.18589],[139.14602,36.18632],[139.14618,36.18711],[139.14628,36.18736],[139.1464,36.1875],[139.1466,36.18756],[139.14671,36.18768],[139.14681,36.1879],[139.14705,36.18886],[139.14716,36.18904],[139.14741,36.18914],[139.14751,36.1893],[139.14758,36.18978],[139.1476,36.19049],[139.14775,36.19106],[139.14794,36.19133],[139.14844,36.19171],[139.14862,36.1919],[139.14884,36.19233],[139.14872,36.19256],[139.14836,36.19278],[139.14776,36.193],[139.14592,36.19351],[139.14548,36.19374],[139.14545,36.1938],[139.14562,36.19399],[139.14598,36.19407],[139.14611,36.19417],[139.14616,36.19436],[139.14613,36.19459],[139.14603,36.19476],[139.14565,36.19501],[139.14552,36.19534],[139.1454,36.19539],[139.14503,36.19543],[139.14489,36.19551],[139.14477,36.19578],[139.14477,36.19616],[139.14486,36.19636],[139.14501,36.19648],[139.14577,36.1966],[139.14622,36.19684],[139.14661,36.19723],[139.14668,36.19736],[139.14668,36.19753],[139.14644,36.19796],[139.14615,36.1982],[139.14563,36.19836],[139.14463,36.19851],[139.14442,36.19858],[139.14411,36.19878],[139.14393,36.19907],[139.14383,36.19993],[139.14364,36.20033],[139.14349,36.20043],[139.14328,36.20047],[139.14303,36.20045],[139.14225,36.20027],[139.14194,36.20035],[139.14164,36.20086],[139.14142,36.20111],[139.14053,36.20178],[139.14013,36.20214],[139.14,36.20234],[139.13996,36.2026],[139.13984,36.20282],[139.1396,36.20301],[139.13929,36.20316],[139.13887,36.20325],[139.13849,36.20323],[139.13834,36.20315],[139.13825,36.20285],[139.13806,36.2027],[139.13773,36.20261],[139.13712,36.20257],[139.13665,36.20267],[139.13647,36.20279],[139.13611,36.20314],[139.13597,36.20321],[139.13576,36.20324],[139.13541,36.20313],[139.1351,36.20285],[139.13499,36.20259],[139.13489,36.20198],[139.13478,36.20182],[139.13427,36.20141],[139.13416,36.20114],[139.13413,36.20082],[139.13398,36.20061],[139.13379,36.20054],[139.13353,36.20052],[139.1333,36.20056],[139.13314,36.20066],[139.13305,36.20082],[139.13302,36.20114],[139.1329,36.20144],[139.13266,36.20172],[139.13243,36.20186],[139.13192,36.20192],[139.13122,36.20179],[139.1307,36.2016],[139.13048,36.20148],[139.13014,36.20119],[139.12992,36.20082],[139.12972,36.20002],[139.12946,36.19968],[139.12923,36.1996],[139.1288,36.19955],[139.12833,36.19938],[139.12782,36.19908],[139.12735,36.1987],[139.12724,36.19855],[139.12723,36.19838],[139.12731,36.19824],[139.12759,36.19807],[139.12767,36.19798],[139.12769,36.19786],[139.12763,36.19763],[139.12751,36.19749],[139.12732,36.1974],[139.12643,36.19728],[139.12621,36.19718],[139.12605,36.19703],[139.12595,36.19671],[139.12596,36.19644],[139.12604,36.19629],[139.12632,36.19598],[139.12641,36.19559],[139.12623,36.19532],[139.12596,36.19512],[139.12512,36.19466],[139.12494,36.19452],[139.1247,36.19419],[139.1246,36.19381],[139.12467,36.1928],[139.12463,36.19251],[139.12453,36.19229],[139.12438,36.19213],[139.1241,36.192],[139.12336,36.19202],[139.12317,36.19193],[139.12304,36.19175],[139.12295,36.19136],[139.12304,36.19113],[139.12324,36.19095],[139.12357,36.1908],[139.12396,36.19069],[139.12431,36.19049],[139.1244,36.19034],[139.12435,36.19009],[139.12444,36.18984],[139.12525,36.1892],[139.12544,36.18883],[139.12604,36.1887],[139.12609,36.18854],[139.12603,36.18831],[139.1261,36.18819],[139.12626,36.18812]],[[139.12769,35.97358],[139.12782,35.97343],[139.1281,35.97329],[139.12907,35.97305],[139.12949,35.97287],[139.12982,35.97263],[139.1302,35.97202],[139.13061,35.97167],[139.13098,35.97153],[139.13184,35.97137],[139.13221,35.97116],[139.1323,35.97097],[139.13238,35.97054],[139.1327,35.96982],[139.13326,35.96882],[139.13378,35.96802],[139.13415,35.96766],[139.1345,35.96768],[139.13459,35.96741],[139.13482,35.96718],[139.13514,35.96702],[139.13544,35.96695],[139.13623,35.96688],[139.13688,35.96695],[139.13705,35.96701],[139.1373,35.9672],[139.13754,35.96779],[139.13778,35.96801],[139.13796,35.96808],[139.13841,35.96815],[139.13972,35.96812],[139.14003,35.9682],[139.14014,35.96825],[139.14024,35.96841],[139.14032,35.96877],[139.14035,35.96949],[139.14035,35.96972],[139.14024,35.97018],[139.13982,35.9709],[139.13861,35.97214],[139.13823,35.97262],[139.13796,35.97308],[139.13779,35.97354],[139.13778,35.97374],[139.13783,35.97391],[139.13811,35.97419],[139.13834,35.9743],[139.13899,35.97443],[139.13978,35.97448],[139.14064,35.97447],[139.14099,35.97442],[139.14139,35.9742],[139.14214,35.97398],[139.14335,35.97375],[139.14395,35.97368],[139.14414,35.97376],[139.14425,35.97398],[139.14451,35.97405],[139.14528,35.97406],[139.14678,35.974],[139.14734,35.97402],[139.14774,35.97408],[139.14799,35.97419],[139.14815,35.97432],[139.14833,35.97467],[139.14829,35.97515],[139.14816,35.97527],[139.14787,35.97535],[139.14779,35.9755],[139.14779,35.97574],[139.14787,35.97597],[139.14823,35.97639],[139.14843,35.97681],[139.14863,35.97743],[139.14868,35.97804],[139.14858,35.9784],[139.14838,35.97871],[139.14768,35.9793],[139.14726,35.97953],[139.14677,35.97967],[139.14604,35.97971],[139.14476,35.97964],[139.144,35.9797],[139.14364,35.97984],[139.14324,35.98014],[139.1428,35.98025],[139.14177,35.98027],[139.14005,35.98011],[139.13927,35.98015],[139.13903,35.98026],[139.13894,35.98043],[139.13868,35.98068],[139.13793,35.9811],[139.13769,35.98129],[139.1375,35.98159],[139.13744,35.98192],[139.13726,35.98209],[139.13695,35.98222],[139.13598,35.98236],[139.1355,35.98251],[139.13537,35.98264],[139.13541,35.98289],[139.13532,35.98314],[139.13489,35.98348],[139.13456,35.98359],[139.13416,35.98363],[139.13344,35.98357],[139.13292,35.98344],[139.13254,35.98325],[139.1324,35.98314],[139.13223,35.98287],[139.13216,35.98223],[139.13201,35.9818],[139.13174,35.98144],[139.13148,35.98125],[139.13135,35.98125],[139.13116,35.9815],[139.13086,35.98166],[139.13037,35.98172],[139.12978,35.98168],[139.12932,35.98155],[139.12897,35.98133],[139.12864,35.98095],[139.12841,35.98043],[139.12825,35.98031],[139.12789,35.98029],[139.12738,35.98042],[139.12682,35.98046],[139.12622,35.98037],[139.12583,35.98024],[139.1254,35.97991],[139.12517,35.97942],[139.12515,35.97876],[139.12523,35.97855],[139.12539,35.97843],[139.12558,35.97835],[139.12574,35.97801],[139.12576,35.97765],[139.12569,35.97669],[139.12575,35.97606],[139.12592,35.97552],[139.12624,35.97506],[139.12671,35.97466],[139.12729,35.97432],[139.12755,35.97412],[139.1277,35.97392],[139.12769,35.97358]],[[139.13706,36.24973],[139.13712,36.24937],[139.13721,36.24919],[139.1374,36.24908],[139.1377,36.24907],[139.13808,36.24913],[139.1383,36.24906],[139.13834,36.24892],[139.13828,36.24861],[139.13832,36.24842],[139.13855,36.24819],[139.13892,36.248],[139.13915,36.2477],[139.13919,36.24744],[139.13914,36.24696],[139.13927,36.24665],[139.13949,36.24654],[139.1402,36.2465],[139.14088,36.24637],[139.14192,36.24606],[139.14233,36.24584],[139.14261,36.24558],[139.14278,36.24527],[139.14287,36.24496],[139.14305,36.24475],[139.14317,36.24468],[139.14348,36.24461],[139.14406,36.24466],[139.14445,36.24462],[139.14458,36.24452],[139.14466,36.24421],[139.14487,36.244],[139.14538,36.24378],[139.1458,36.24374],[139.14621,36.24383],[139.14658,36.24402],[139.14678,36.24428],[139.14685,36.24468],[139.14694,36.24476],[139.1472,36.24468],[139.14777,36.2443],[139.14811,36.24418],[139.14848,36.24411],[139.14946,36.24414],[139.14996,36.24425],[139.15039,36.24441],[139.15084,36.24448],[139.15193,36.24442],[139.15219,36.24449],[139.15232,36.24465],[139.15254,36.24479],[139.15333,36.24503],[139.15345,36.24512],[139.15352,36.24533],[139.15363,36.24544],[139.15423,36.24554],[139.15436,36.24564],[139.15453,36.24593],[139.15462,36.24599],[139.15479,36.24593],[139.1551,36.24565],[139.15533,36.24559],[139.15562,36.24557],[139.15637,36.24573],[139.15663,36.24586],[139.15682,36.24607],[139.15698,36.24613],[139.15758,36.24619],[139.15784,36.24628],[139.15794,36.24647],[139.1579,36.24672],[139.15774,36.24693],[139.15738,36.24717],[139.15722,36.24743],[139.15722,36.24779],[139.15738,36.24819],[139.15743,36.24822],[139.15755,36.24819],[139.15783,36.24791],[139.15804,36.24779],[139.15824,36.24776],[139.1585,36.24782],[139.15982,36.24836],[139.16053,36.24872],[139.16081,36.24892],[139.1612,36.24939],[139.16139,36.24992],[139.16141,36.25021],[139.16133,36.25079],[139.16112,36.25154],[139.16099,36.2517],[139.16081,36.2518],[139.1607,36.25192],[139.16072,36.25241],[139.16083,36.25291],[139.16101,36.25325],[139.1613,36.25346],[139.16169,36.25357],[139.16188,36.25368],[139.162,36.25384],[139.16205,36.25414],[139.16201,36.25433],[139.16185,36.25449],[139.1612,36.2546],[139.16097,36.25473],[139.16083,36.25486],[139.16061,36.25538],[139.16033,36.25656],[139.16009,36.25697],[139.15967,36.25739],[139.15962,36.25753],[139.15965,36.25782],[139.15939,36.25799],[139.15867,36.25822],[139.15838,36.25836],[139.15814,36.25863],[139.1581,36.25895],[139.15794,36.2592],[139.15775,36.2593],[139.15717,36.2595],[139.15701,36.25968],[139.15698,36.25992],[139.15686,36.26011],[139.15635,36.26033],[139.15619,36.26046],[139.1561,36.26076],[139.15577,36.26099],[139.15568,36.26115],[139.15556,36.26209],[139.1555,36.26224],[139.15532,36.26246],[139.15503,36.26258],[139.15445,36.26262],[139.15398,36.26274],[139.15375,36.2629],[139.15351,36.26321],[139.15333,36.26336],[139.15311,36.26346],[139.15286,36.2635],[139.15259,36.26349],[139.15229,36.26339],[139.15192,36.26295],[139.15145,36.26274],[139.15047,36.26252],[139.14995,36.2625],[139.14977,36.26258],[139.14972,36.26281],[139.14956,36.26297],[139.14898,36.26304],[139.14868,36.26316],[139.14854,36.26332],[139.1483,36.26378],[139.14815,36.26388],[139.14797,36.26392],[139.14777,36.26391],[139.14753,36.26378],[139.1473,36.26331],[139.14712,36.2631],[139.14696,36.26303],[139.14667,36.26302],[139.14651,36.26308],[139.14655,36.26346],[139.1463,36.26376],[139.14582,36.26407],[139.14544,36.26413],[139.14501,36.26406],[139.14462,36.26392],[139.14441,36.26375],[139.14419,36.26339],[139.14406,36.26332],[139.14332,36.26335],[139.14278,36.26306],[139.14214,36.26297],[139.14198,36.26288],[139.14194,36.26279],[139.14198,36.26261],[139.14248,36.26208],[139.1425,36.26195],[139.14223,36.2618],[139.14151,36.26164],[139.1412,36.26143],[139.14112,36.26123],[139.14118,36.26083],[139.14152,36.26035],[139.14147,36.2603],[139.14113,36.26026],[139.14098,36.26019],[139.14089,36.26006],[139.14086,36.25988],[139.14099,36.25918],[139.14141,36.25817],[139.14143,36.25802],[139.14137,36.25781],[139.14128,36.25776],[139.14098,36.25777],[139.14059,36.25788],[139.14024,36.25808],[139.14015,36.25823],[139.14021,36.25848],[139.14015,36.2587],[139.1396,36.25913],[139.13948,36.25936],[139.13944,36.25966],[139.13928,36.2598],[139.13908,36.2598],[139.13895,36.25973],[139.13853,36.25921],[139.13828,36.25906],[139.13809,36.25907],[139.13768,36.25924],[139.13737,36.25928],[139.13696,36.25919],[139.13677,36.25904],[139.13669,36.25883],[139.13677,36.25853],[139.13697,36.25839],[139.13745,36.25818],[139.13752,36.25808],[139.13752,36.25792],[139.13741,36.25778],[139.13698,36.25761],[139.13684,36.25748],[139.13675,36.25729],[139.1367,36.25679],[139.13658,36.25649],[139.13644,36.25636],[139.13596,36.25616],[139.13571,36.25597],[139.13546,36.25565],[139.13533,36.25531],[139.13541,36.25509],[139.13581,36.25481],[139.13594,36.25463],[139.13594,36.25421],[139.13565,36.2534],[139.13561,36.25307],[139.13572,36.25284],[139.13596,36.25271],[139.13645,36.25262],[139.13681,36.2525],[139.13706,36.25234],[139.13716,36.25219],[139.13722,36.2519],[139.13713,36.25115],[139.13718,36.25096],[139.13744,36.25066],[139.13746,36.25057],[139.13718,36.25035],[139.13707,36.25014],[139.13706,36.24973]],[[139.14965,36.126],[139.14946,36.12545],[139.14938,36.12482],[139.14947,36.12449],[139.14967,36.12426],[139.15,36.12414],[139.15039,36.12406],[139.15054,36.12399],[139.15074,36.12379],[139.15083,36.1235],[139.15076,36.1228],[139.15082,36.12246],[139.15118,36.12213],[139.15125,36.12175],[139.15137,36.12153],[139.15188,36.12118],[139.15206,36.12095],[139.15207,36.12079],[139.15199,36.12068],[139.15158,36.1206],[139.15137,36.12038],[139.15133,36.12005],[139.15148,36.11973],[139.1517,36.1196],[139.15226,36.11945],[139.15341,36.11937],[139.15365,36.11941],[139.15381,36.1196],[139.15407,36.11968],[139.15485,36.11975],[139.15598,36.11978],[139.15669,36.11991],[139.1568,36.11998],[139.15684,36.12016],[139.1567,36.12041],[139.15653,36.12093],[139.15617,36.12281],[139.15605,36.1231],[139.15585,36.1234],[139.15571,36.12384],[139.15566,36.12448],[139.15567,36.12541],[139.15574,36.12596],[139.15588,36.1265],[139.15603,36.1268],[139.15629,36.12708],[139.15638,36.12732],[139.15645,36.12786],[139.15647,36.12857],[139.15658,36.12914],[139.15672,36.12942],[139.15702,36.12973],[139.15722,36.13006],[139.15743,36.13051],[139.15773,36.13143],[139.15777,36.13198],[139.1577,36.13219],[139.15758,36.13236],[139.1574,36.13249],[139.15687,36.13261],[139.15622,36.13259],[139.15572,36.13252],[139.15553,36.13246],[139.15526,36.13231],[139.155,36.13184],[139.15486,36.13174],[139.15467,36.1317],[139.15445,36.13171],[139.15398,36.13183],[139.15289,36.13227],[139.15271,36.13231],[139.15244,36.13229],[139.15229,36.13213],[139.15218,36.13132],[139.15208,36.13118],[139.15189,36.13106],[139.15177,36.13091],[139.15156,36.13024],[139.1514,36.12998],[139.15128,36.12988],[139.15094,36.12976],[139.14972,36.12977],[139.1492,36.12964],[139.14898,36.12947],[139.14883,36.12916],[139.14881,36.12901],[139.14892,36.12886],[139.14905,36.1288],[139.14918,36.12865],[139.14931,36.12817],[139.14943,36.12809],[139.14971,36.12806],[139.14988,36.12798],[139.15,36.12778],[139.15006,36.12747],[139.15007,36.12685],[139.15,36.1264],[139.1499,36.12622],[139.14965,36.126]],[[139.15828,36.13139],[139.15815,36.13106],[139.15803,36.12985],[139.15784,36.12942],[139.15756,36.12906],[139.15737,36.12869],[139.15722,36.12771],[139.15658,36.12632],[139.15633,36.12516],[139.15631,36.12468],[139.15642,36.12405],[139.15695,36.12296],[139.15734,36.12149],[139.1576,36.12094],[139.15832,36.12009],[139.1588,36.11925],[139.15927,36.11883],[139.16064,36.11791],[139.16089,36.11767],[139.16102,36.11731],[139.16115,36.11721],[139.16154,36.11717],[139.16227,36.11729],[139.16258,36.11742],[139.16268,36.11762],[139.16283,36.11773],[139.1637,36.11782],[139.16439,36.11804],[139.16486,36.11833],[139.16546,36.11906],[139.1656,36.11913],[139.1658,36.11916],[139.16592,36.11925],[139.16613,36.11978],[139.1661,36.12005],[139.16596,36.1203],[139.16569,36.12055],[139.165,36.12095],[139.16485,36.12112],[139.16514,36.12119],[139.16537,36.12138],[139.16561,36.12208],[139.16586,36.12243],[139.16612,36.12258],[139.16673,36.12274],[139.16693,36.12287],[139.16705,36.12315],[139.16703,36.12346],[139.16692,36.12372],[139.16668,36.12397],[139.1666,36.12412],[139.16658,36.12429],[139.16667,36.12493],[139.16662,36.12512],[139.16645,36.12538],[139.16608,36.12561],[139.16543,36.12569],[139.16513,36.12578],[139.16448,36.12616],[139.16386,36.12674],[139.16353,36.12722],[139.16329,36.1277],[139.16296,36.12801],[139.16252,36.12814],[139.16204,36.1281],[139.16167,36.12797],[139.16128,36.12761],[139.16111,36.12752],[139.16072,36.12745],[139.16053,36.12753],[139.16055,36.12774],[139.16071,36.12811],[139.16076,36.12883],[139.16046,36.13118],[139.16041,36.13242],[139.16059,36.13335],[139.16075,36.13373],[139.161,36.1341],[139.1611,36.13439],[139.16111,36.13482],[139.16099,36.13518],[139.16088,36.13531],[139.16063,36.13547],[139.15928,36.13583],[139.15897,36.13598],[139.15837,36.13638],[139.15794,36.13653],[139.15707,36.13665],[139.15633,36.13666],[139.1557,36.13662],[139.15508,36.13645],[139.15488,36.13626],[139.1548,36.13605],[139.15458,36.1358],[139.15437,36.13569],[139.15398,36.13558],[139.15368,36.13537],[139.15355,36.13516],[139.15345,36.13476],[139.15346,36.13443],[139.15359,36.1342],[139.15377,36.13409],[139.15411,36.13402],[139.15599,36.13394],[139.15694,36.13375],[139.15747,36.13352],[139.15791,36.13321],[139.15838,36.13275],[139.15862,36.13235],[139.15865,36.13211],[139.1586,36.13182],[139.15847,36.13158],[139.15828,36.13139]],[[139.17906,35.9332],[139.17978,35.93347],[139.18049,35.93385],[139.18106,35.93399],[139.18136,35.93392],[139.18182,35.93354],[139.18209,35.93339],[139.18323,35.93309],[139.18368,35.9329],[139.18423,35.93261],[139.18471,35.93246],[139.18503,35.93247],[139.18526,35.93254],[139.18563,35.93275],[139.18602,35.93305],[139.18628,35.93314],[139.18637,35.93305],[139.18647,35.93254],[139.18676,35.93217],[139.18701,35.93201],[139.18771,35.93185],[139.18925,35.9318],[139.18998,35.93182],[139.19066,35.93191],[139.19083,35.932],[139.19091,35.93225],[139.19114,35.93239],[139.19122,35.93261],[139.19121,35.93337],[139.19097,35.93507],[139.19081,35.93576],[139.19053,35.9364],[139.18999,35.93686],[139.18974,35.93739],[139.18944,35.93779],[139.18873,35.93842],[139.18807,35.93888],[139.18745,35.93908],[139.18661,35.9398],[139.18567,35.94023],[139.18543,35.94046],[139.18523,35.941],[139.18518,35.94174],[139.18498,35.94253],[139.18474,35.94307],[139.18393,35.94451],[139.18369,35.94529],[139.1833,35.94578],[139.18301,35.94605],[139.18248,35.94634],[139.18205,35.94646],[139.18137,35.94657],[139.18104,35.94668],[139.18076,35.94692],[139.18071,35.94723],[139.18062,35.94738],[139.18047,35.94748],[139.18024,35.94752],[139.17963,35.94745],[139.17938,35.94732],[139.17925,35.94716],[139.17912,35.94655],[139.17905,35.94464],[139.17888,35.944],[139.17858,35.94357],[139.17837,35.94344],[139.17813,35.94336],[139.17735,35.94331],[139.17672,35.94339],[139.17594,35.94372],[139.17537,35.94375],[139.17492,35.94369],[139.17447,35.94356],[139.1743,35.94348],[139.17406,35.94326],[139.17396,35.943],[139.17403,35.94252],[139.17424,35.94209],[139.17449,35.94191],[139.17459,35.94177],[139.17467,35.94142],[139.1747,35.94094],[139.17486,35.94053],[139.17517,35.94021],[139.17558,35.94],[139.17594,35.93987],[139.17636,35.93983],[139.1765,35.93976],[139.17662,35.93955],[139.1766,35.93923],[139.17625,35.93892],[139.17582,35.93873],[139.17496,35.93845],[139.1747,35.93832],[139.17426,35.938],[139.17392,35.9376],[139.17341,35.93652],[139.1731,35.93612],[139.17295,35.93607],[139.17271,35.93608],[139.17222,35.93628],[139.17199,35.93632],[139.17187,35.93628],[139.17162,35.93603],[139.17093,35.93581],[139.17072,35.93568],[139.17056,35.9355],[139.17042,35.93512],[139.17037,35.93474],[139.17043,35.93433],[139.17052,35.93415],[139.17086,35.93377],[139.17212,35.93274],[139.17278,35.93234],[139.17329,35.93223],[139.17418,35.93225],[139.17534,35.93238],[139.17607,35.93255],[139.17721,35.93298],[139.17786,35.93308],[139.17858,35.93311],[139.17906,35.9332]],[[139.17115,36.16946],[139.17124,36.1693],[139.17139,36.16921],[139.17195,36.16913],[139.17235,36.1689],[139.17257,36.16884],[139.17287,36.16883],[139.17363,36.16889],[139.17379,36.16887],[139.17406,36.16875],[139.17424,36.16854],[139.17452,36.16776],[139.17464,36.16766],[139.17483,36.16762],[139.1749,36.16753],[139.17486,36.16674],[139.17502,36.1664],[139.17524,36.16622],[139.17577,36.16594],[139.17612,36.16585],[139.17657,36.1658],[139.17666,36.16574],[139.17672,36.16554],[139.1768,36.16544],[139.17764,36.16514],[139.1778,36.16496],[139.17791,36.16453],[139.17826,36.16427],[139.17828,36.16413],[139.17819,36.16391],[139.17825,36.16374],[139.17849,36.16352],[139.17883,36.1634],[139.17913,36.16338],[139.17939,36.16342],[139.17957,36.16353],[139.17975,36.16372],[139.17979,36.16353],[139.17995,36.16339],[139.18026,36.16329],[139.18067,36.16325],[139.18103,36.16333],[139.18153,36.16366],[139.18174,36.16371],[139.18206,36.16344],[139.18249,36.16333],[139.18285,36.16285],[139.18307,36.16268],[139.18357,36.16243],[139.18418,36.16225],[139.18457,36.16226],[139.18494,36.16236],[139.18543,36.16268],[139.18572,36.16305],[139.18578,36.16332],[139.1857,36.16396],[139.18575,36.16414],[139.18591,36.16434],[139.18639,36.16463],[139.18706,36.16488],[139.18747,36.16493],[139.18789,36.16488],[139.18814,36.16491],[139.18845,36.16516],[139.18877,36.16584],[139.18902,36.16611],[139.18917,36.16621],[139.18955,36.16634],[139.19023,36.1664],[139.19056,36.16658],[139.19068,36.16672],[139.19083,36.16711],[139.19093,36.1681],[139.19101,36.16827],[139.19124,36.16852],[139.19158,36.16863],[139.1924,36.1687],[139.19258,36.16878],[139.19276,36.16897],[139.19289,36.16901],[139.19336,36.16894],[139.19363,36.16896],[139.19386,36.16906],[139.19402,36.16925],[139.19404,36.16942],[139.19393,36.16971],[139.19363,36.17003],[139.19305,36.17028],[139.19192,36.17053],[139.19121,36.17079],[139.19074,36.17114],[139.19055,36.17142],[139.19045,36.17168],[139.19043,36.17193],[139.1905,36.17217],[139.19081,36.17254],[139.19108,36.17267],[139.19152,36.17273],[139.19163,36.17283],[139.1917,36.17303],[139.19182,36.17309],[139.19238,36.17315],[139.19256,36.17325],[139.19255,36.17336],[139.19233,36.17368],[139.1922,36.17395],[139.19222,36.17416],[139.19232,36.17424],[139.19255,36.17429],[139.1926,36.17455],[139.19242,36.17528],[139.19216,36.17583],[139.19182,36.17618],[139.19143,36.17638],[139.19116,36.17658],[139.19108,36.17673],[139.191,36.17712],[139.19081,36.17738],[139.1905,36.17756],[139.18993,36.17766],[139.18976,36.17778],[139.18958,36.17815],[139.18945,36.17869],[139.18922,36.17902],[139.18901,36.17911],[139.18863,36.17907],[139.18846,36.17914],[139.18838,36.1793],[139.18839,36.1799],[139.18817,36.18022],[139.18798,36.18037],[139.18743,36.18067],[139.18563,36.18133],[139.18482,36.18173],[139.18462,36.1819],[139.18446,36.18219],[139.18445,36.18239],[139.18451,36.18272],[139.18446,36.183],[139.18425,36.18321],[139.18369,36.18344],[139.18346,36.18346],[139.18326,36.18337],[139.18284,36.18285],[139.18264,36.1827],[139.1825,36.18271],[139.18204,36.18295],[139.18155,36.18298],[139.18131,36.18289],[139.18109,36.18255],[139.181,36.18251],[139.18089,36.18256],[139.18062,36.18292],[139.18037,36.18313],[139.18008,36.18321],[139.17977,36.18316],[139.17946,36.18294],[139.17904,36.18245],[139.17873,36.18218],[139.17852,36.18209],[139.17794,36.18204],[139.17764,36.18194],[139.17745,36.1818],[139.17738,36.18154],[139.17727,36.18142],[139.17637,36.18099],[139.17621,36.18069],[139.17637,36.18018],[139.17637,36.18008],[139.17627,36.17992],[139.17602,36.17983],[139.1751,36.17974],[139.17467,36.17958],[139.17428,36.17926],[139.17412,36.17905],[139.17405,36.17878],[139.17389,36.17869],[139.17362,36.17867],[139.17333,36.17873],[139.17308,36.17889],[139.17286,36.17911],[139.17268,36.17919],[139.17234,36.17918],[139.17194,36.17902],[139.17151,36.17864],[139.17122,36.17809],[139.17107,36.17733],[139.17102,36.17639],[139.1709,36.17604],[139.17079,36.17592],[139.17051,36.17576],[139.16975,36.17568],[139.16946,36.17558],[139.16924,36.17542],[139.16908,36.17521],[139.16903,36.17491],[139.16913,36.17475],[139.16933,36.17462],[139.16958,36.17448],[139.16967,36.17437],[139.16977,36.17406],[139.16976,36.17364],[139.16958,36.17261],[139.16964,36.17206],[139.16979,36.17182],[139.17018,36.1714],[139.17034,36.17083],[139.17097,36.17028],[139.17109,36.16996],[139.17115,36.16946]],[[139.19842,35.91937],[139.19859,35.91924],[139.19878,35.91922],[139.19891,35.91916],[139.19901,35.91886],[139.19924,35.91857],[139.19965,35.91827],[139.20006,35.91812],[139.20038,35.91813],[139.20077,35.91826],[139.20172,35.91881],[139.20217,35.91901],[139.20232,35.91902],[139.20248,35.91898],[139.2026,35.91872],[139.20275,35.91865],[139.20321,35.91859],[139.20389,35.91859],[139.2045,35.91866],[139.20499,35.91879],[139.20537,35.91898],[139.20563,35.91923],[139.20577,35.91955],[139.20576,35.91985],[139.20568,35.92001],[139.20533,35.92026],[139.2052,35.92043],[139.20515,35.92063],[139.20521,35.92116],[139.20517,35.92143],[139.20504,35.92168],[139.20456,35.92215],[139.20426,35.92258],[139.20408,35.9231],[139.20406,35.92368],[139.20431,35.92424],[139.20519,35.92511],[139.20555,35.92566],[139.20571,35.92624],[139.20573,35.92679],[139.20568,35.92712],[139.20546,35.92768],[139.2054,35.92795],[139.20546,35.92804],[139.20573,35.92811],[139.20599,35.92832],[139.20646,35.92899],[139.20672,35.92961],[139.20682,35.93024],[139.20676,35.93058],[139.20655,35.93085],[139.20654,35.93096],[139.20664,35.93107],[139.20709,35.93131],[139.20728,35.93146],[139.2074,35.93163],[139.20745,35.93184],[139.20737,35.93227],[139.20708,35.93264],[139.20656,35.93295],[139.20604,35.93303],[139.20586,35.9331],[139.20561,35.93331],[139.20542,35.93363],[139.20538,35.93386],[139.20544,35.93408],[139.20591,35.93478],[139.20604,35.93531],[139.20595,35.93591],[139.20579,35.93614],[139.20557,35.93629],[139.20521,35.93638],[139.20481,35.93637],[139.20456,35.93628],[139.20427,35.93609],[139.20406,35.93605],[139.20362,35.93628],[139.2033,35.93636],[139.20278,35.93637],[139.20235,35.93632],[139.20212,35.93625],[139.20194,35.9361],[139.2016,35.93539],[139.20136,35.93524],[139.20123,35.93526],[139.20102,35.93538],[139.20064,35.93584],[139.20052,35.93591],[139.2002,35.93598],[139.19977,35.93597],[139.19925,35.93588],[139.199,35.93578],[139.1986,35.93545],[139.19832,35.93496],[139.19823,35.93465],[139.19814,35.9339],[139.19814,35.93271],[139.19821,35.93235],[139.19839,35.93207],[139.19839,35.93195],[139.1983,35.93188],[139.19783,35.93183],[139.1976,35.93174],[139.1974,35.93158],[139.19724,35.93135],[139.19702,35.93074],[139.19692,35.92965],[139.19677,35.92928],[139.19658,35.92916],[139.19596,35.92909],[139.19567,35.92898],[139.19547,35.92879],[139.19537,35.92854],[139.1953,35.92741],[139.19543,35.92665],[139.19576,35.92602],[139.19632,35.92538],[139.19638,35.92527],[139.19638,35.92509],[139.19632,35.92502],[139.19595,35.92491],[139.19572,35.92478],[139.19543,35.92448],[139.19501,35.92382],[139.19488,35.92373],[139.19463,35.92368],[139.19455,35.92361],[139.19442,35.92308],[139.19387,35.92248],[139.19369,35.92207],[139.19369,35.92175],[139.19376,35.92158],[139.19388,35.92145],[139.19405,35.92136],[139.19425,35.9213],[139.19453,35.92112],[139.19492,35.92062],[139.19528,35.92032],[139.19562,35.92013],[139.19621,35.91989],[139.19672,35.91973],[139.19721,35.91967],[139.19758,35.91975],[139.19795,35.91997],[139.19812,35.91995],[139.19842,35.91937]],[[139.22419,36.20527],[139.22424,36.20521],[139.2245,36.20506],[139.22497,36.20489],[139.22672,36.20437],[139.22713,36.20417],[139.2273,36.20398],[139.22722,36.20381],[139.22696,36.2036],[139.22663,36.20345],[139.22624,36.20335],[139.22598,36.2032],[139.22587,36.20299],[139.22595,36.20269],[139.22615,36.20254],[139.22661,36.20236],[139.22705,36.20182],[139.22736,36.20172],[139.22774,36.2017],[139.228,36.20157],[139.22809,36.20142],[139.22813,36.2011],[139.22822,36.20091],[139.22848,36.20068],[139.22896,36.20043],[139.22908,36.20027],[139.22912,36.20008],[139.22908,36.19975],[139.22918,36.19952],[139.22943,36.1993],[139.23027,36.19886],[139.23069,36.19855],[139.23079,36.19837],[139.23075,36.19811],[139.23081,36.19796],[139.23098,36.19782],[139.23157,36.19759],[139.2319,36.19739],[139.23201,36.19724],[139.23211,36.19684],[139.23231,36.19664],[139.23274,36.19636],[139.23286,36.19619],[139.2329,36.19599],[139.23301,36.1959],[139.23319,36.19588],[139.23337,36.19595],[139.23367,36.19639],[139.23377,36.19646],[139.23389,36.19648],[139.23418,36.19633],[139.23431,36.19599],[139.23446,36.19591],[139.23492,36.19591],[139.23513,36.196],[139.2353,36.19617],[139.23541,36.19615],[139.23611,36.1953],[139.23664,36.19501],[139.23707,36.1949],[139.23755,36.19486],[139.23797,36.19486],[139.2385,36.19493],[139.2391,36.19521],[139.23922,36.19532],[139.23932,36.19555],[139.23953,36.19568],[139.24018,36.19591],[139.24114,36.19616],[139.24179,36.19642],[139.242,36.19659],[139.24206,36.19683],[139.24215,36.19693],[139.2423,36.19697],[139.24291,36.19691],[139.24317,36.19695],[139.24347,36.19721],[139.244,36.1973],[139.24419,36.19737],[139.24435,36.1975],[139.24467,36.1979],[139.24511,36.19815],[139.24553,36.19826],[139.24671,36.19843],[139.247,36.19852],[139.24728,36.19874],[139.24761,36.19888],[139.24973,36.19938],[139.25033,36.19966],[139.25068,36.20002],[139.25079,36.20046],[139.25066,36.20119],[139.25044,36.20182],[139.25006,36.20257],[139.24994,36.2031],[139.24988,36.20419],[139.24993,36.20588],[139.24988,36.20642],[139.24975,36.20672],[139.24967,36.20678],[139.24923,36.20685],[139.24883,36.2072],[139.24798,36.20756],[139.24774,36.20783],[139.24754,36.20848],[139.2475,36.20934],[139.24738,36.20995],[139.24723,36.21018],[139.24686,36.21035],[139.24675,36.21045],[139.24659,36.21098],[139.24639,36.21118],[139.2461,36.21137],[139.24596,36.21155],[139.24586,36.21179],[139.24578,36.2124],[139.24571,36.21252],[139.24561,36.21261],[139.2453,36.21273],[139.24411,36.21269],[139.2437,36.21278],[139.24359,36.2129],[139.24358,36.21307],[139.24346,36.21329],[139.24303,36.2136],[139.24291,36.21374],[139.24285,36.21392],[139.2429,36.21434],[139.2428,36.21451],[139.24238,36.21469],[139.2415,36.21486],[139.24117,36.21504],[139.24092,36.21529],[139.24059,36.21588],[139.24039,36.21607],[139.24015,36.21617],[139.23988,36.21619],[139.23952,36.21615],[139.23932,36.21609],[139.23899,36.21589],[139.23875,36.21585],[139.23841,36.21586],[139.23727,36.21603],[139.2366,36.21595],[139.23534,36.21541],[139.23471,36.21528],[139.2338,36.21522],[139.23358,36.21516],[139.23335,36.21495],[139.23301,36.21482],[139.23148,36.21453],[139.23128,36.21443],[139.23103,36.21419],[139.23024,36.21403],[139.22894,36.21335],[139.22842,36.21322],[139.22765,36.21316],[139.22746,36.2131],[139.22725,36.2129],[139.22695,36.21276],[139.22607,36.21259],[139.22568,36.21247],[139.22555,36.21237],[139.22542,36.21209],[139.22459,36.21164],[139.22442,36.21141],[139.22452,36.21117],[139.22524,36.21065],[139.22529,36.21052],[139.22497,36.21047],[139.22474,36.21034],[139.22447,36.2098],[139.22437,36.2097],[139.22425,36.20967],[139.22395,36.2097],[139.22352,36.20943],[139.22297,36.20881],[139.22289,36.20862],[139.22289,36.20848],[139.22297,36.20837],[139.22316,36.20827],[139.22372,36.2082],[139.22398,36.20807],[139.2242,36.20785],[139.22439,36.20749],[139.22458,36.20677],[139.22464,36.20601],[139.22455,36.20571],[139.22432,36.20556],[139.22421,36.20543],[139.22419,36.20527]],[[139.24963,36.0592],[139.24951,36.05905],[139.24946,36.0589],[139.24947,36.05873],[139.24959,36.05854],[139.25002,36.05835],[139.25014,36.0582],[139.2502,36.05785],[139.25012,36.05711],[139.25022,36.05682],[139.25034,36.05669],[139.25058,36.05656],[139.25106,36.0565],[139.25124,36.05642],[139.25145,36.05613],[139.25163,36.05544],[139.25186,36.05503],[139.25207,36.05487],[139.25276,36.05465],[139.25298,36.05445],[139.253,36.05434],[139.25295,36.05422],[139.25255,36.05393],[139.25239,36.0537],[139.2524,36.0534],[139.25262,36.05295],[139.25308,36.0526],[139.25351,36.05192],[139.25372,36.05173],[139.25398,36.05161],[139.25461,36.05153],[139.25485,36.05143],[139.255,36.05124],[139.25509,36.05064],[139.25529,36.05026],[139.25553,36.05008],[139.25625,36.04977],[139.25644,36.04955],[139.25651,36.04927],[139.2566,36.04922],[139.25722,36.04943],[139.25729,36.04939],[139.25735,36.04919],[139.25748,36.0491],[139.25793,36.04897],[139.25818,36.04897],[139.25849,36.04915],[139.25881,36.04963],[139.25921,36.04993],[139.25981,36.0501],[139.2606,36.05016],[139.26087,36.05008],[139.26092,36.04993],[139.26101,36.04988],[139.26116,36.04986],[139.26165,36.04992],[139.26184,36.04987],[139.262,36.04964],[139.26205,36.04926],[139.26211,36.04915],[139.26232,36.04899],[139.26287,36.04889],[139.26333,36.0489],[139.26378,36.049],[139.26393,36.04912],[139.26404,36.04951],[139.26462,36.04968],[139.26482,36.04983],[139.26498,36.05002],[139.26511,36.05062],[139.26524,36.05077],[139.26543,36.05088],[139.2655,36.051],[139.26546,36.05169],[139.26561,36.05188],[139.26593,36.05201],[139.26701,36.05208],[139.26763,36.05221],[139.26787,36.05237],[139.26807,36.05276],[139.2682,36.05289],[139.26836,36.05296],[139.26878,36.05302],[139.26902,36.05312],[139.27006,36.0538],[139.27073,36.05393],[139.27085,36.05403],[139.27087,36.05419],[139.27095,36.0543],[139.2713,36.05436],[139.27145,36.05445],[139.27157,36.05459],[139.27159,36.05478],[139.27137,36.05517],[139.27101,36.0554],[139.27038,36.05547],[139.27008,36.05557],[139.26994,36.05568],[139.26986,36.05584],[139.26983,36.056],[139.26988,36.05621],[139.27005,36.05639],[139.27041,36.05652],[139.27101,36.05658],[139.272,36.05662],[139.27256,36.05675],[139.27266,36.05685],[139.27269,36.05702],[139.2726,36.05719],[139.27243,36.05735],[139.27242,36.05745],[139.2726,36.05757],[139.27307,36.05771],[139.27323,36.05781],[139.27331,36.05795],[139.27333,36.05811],[139.27325,36.05836],[139.27277,36.05888],[139.27265,36.05914],[139.27259,36.05966],[139.27266,36.0605],[139.27255,36.06101],[139.27228,36.06139],[139.27187,36.06169],[139.27155,36.06178],[139.27125,36.06173],[139.271,36.06156],[139.27061,36.06107],[139.2703,36.06086],[139.26978,36.06072],[139.26926,36.06072],[139.26905,36.06081],[139.26893,36.06093],[139.26858,36.06185],[139.26834,36.06218],[139.26804,36.06237],[139.26756,36.06243],[139.26727,36.06236],[139.26718,36.06213],[139.26707,36.06203],[139.26598,36.06172],[139.26575,36.0616],[139.2655,36.06137],[139.26536,36.0613],[139.26516,36.06147],[139.26485,36.06214],[139.26444,36.0626],[139.26407,36.06284],[139.263,36.06325],[139.26243,36.06356],[139.26224,36.06382],[139.26213,36.06435],[139.262,36.0645],[139.26181,36.06461],[139.26164,36.06485],[139.26145,36.06557],[139.26146,36.06584],[139.26155,36.06605],[139.26213,36.06655],[139.26217,36.06672],[139.26212,36.06694],[139.26193,36.06726],[139.26177,36.06734],[139.26139,36.06742],[139.26112,36.06781],[139.2609,36.06794],[139.26056,36.06793],[139.26013,36.06779],[139.26014,36.06774],[139.26034,36.0676],[139.26036,36.0675],[139.26026,36.06729],[139.26002,36.06707],[139.25971,36.06699],[139.25919,36.06704],[139.25881,36.067],[139.25858,36.0669],[139.25809,36.06655],[139.25777,36.06644],[139.25751,36.06648],[139.25725,36.06674],[139.25703,36.06681],[139.25598,36.06674],[139.25419,36.06693],[139.25391,36.06693],[139.25346,36.06684],[139.25315,36.06665],[139.25277,36.06591],[139.2525,36.06554],[139.25211,36.06533],[139.25163,36.06528],[139.25149,36.06522],[139.2514,36.06513],[139.25133,36.06477],[139.25123,36.06464],[139.25105,36.06461],[139.25087,36.06465],[139.25054,36.06495],[139.25028,36.06503],[139.2499,36.06505],[139.24959,36.06495],[139.24943,36.06468],[139.24941,36.06429],[139.24929,36.06399],[139.24915,36.06387],[139.24879,36.06372],[139.24863,36.06355],[139.24859,36.0634],[139.24862,36.06318],[139.24868,36.06308],[139.24884,36.06302],[139.24897,36.063],[139.24915,36.06281],[139.24947,36.06188],[139.24962,36.06173],[139.25,36.06164],[139.25009,36.06158],[139.25024,36.06136],[139.25036,36.06101],[139.25045,36.06031],[139.25036,36.05977],[139.2502,36.05953],[139.24963,36.0592]],[[139.26755,36.13071],[139.26762,36.13087],[139.26804,36.131],[139.26814,36.13134],[139.2685,36.13159],[139.26855,36.13176],[139.26847,36.13207],[139.26848,36.1322],[139.26857,36.13231],[139.26892,36.13245],[139.26911,36.1326],[139.26919,36.13281],[139.26915,36.13302],[139.26899,36.13311],[139.26848,36.13306],[139.26853,36.13327],[139.26847,36.13341],[139.26826,36.13351],[139.26805,36.13356],[139.26735,36.13356],[139.26701,36.13351],[139.26672,36.13341],[139.26641,36.13315],[139.26619,36.13264],[139.26597,36.13241],[139.26541,36.13214],[139.26443,36.13188],[139.26409,36.13172],[139.26387,36.13153],[139.26377,36.13131],[139.26382,36.13103],[139.26399,36.1309],[139.26426,36.13082],[139.26459,36.13075],[139.26495,36.13057],[139.26511,36.1304],[139.26532,36.13],[139.26564,36.12979],[139.26626,36.12965],[139.26665,36.12969],[139.26675,36.12993],[139.26684,36.13002],[139.26741,36.13028],[139.2675,36.1304],[139.26755,36.13071]],[[139.27169,35.88251],[139.27268,35.88233],[139.27302,35.88234],[139.27324,35.88243],[139.27345,35.88274],[139.27349,35.88255],[139.27362,35.88235],[139.27459,35.88134],[139.27488,35.88095],[139.27506,35.88056],[139.2752,35.87979],[139.27531,35.87965],[139.27571,35.87943],[139.27599,35.87935],[139.27672,35.87928],[139.27759,35.87931],[139.27836,35.87944],[139.27903,35.87966],[139.27959,35.87999],[139.28007,35.88035],[139.28031,35.88049],[139.2808,35.88066],[139.28128,35.88071],[139.28176,35.88063],[139.28226,35.88062],[139.28278,35.88073],[139.28331,35.88097],[139.28453,35.88178],[139.28506,35.88203],[139.28518,35.88202],[139.28523,35.88192],[139.28496,35.88146],[139.28492,35.88112],[139.28498,35.88072],[139.28517,35.88034],[139.28547,35.88002],[139.28612,35.87955],[139.28624,35.87924],[139.2864,35.87907],[139.28671,35.87891],[139.28721,35.87873],[139.28758,35.87866],[139.2878,35.87871],[139.28805,35.87892],[139.28856,35.87951],[139.28887,35.87968],[139.28907,35.87969],[139.28935,35.8796],[139.2895,35.87947],[139.28954,35.87931],[139.28964,35.87923],[139.28985,35.8792],[139.29039,35.87922],[139.29085,35.87928],[139.2913,35.8794],[139.29145,35.8795],[139.2915,35.87965],[139.29158,35.87973],[139.29222,35.87983],[139.29231,35.87987],[139.29244,35.88002],[139.29246,35.8804],[139.29224,35.88101],[139.29205,35.88125],[139.29154,35.88163],[139.2912,35.88198],[139.29058,35.88305],[139.29018,35.88345],[139.28942,35.88402],[139.28916,35.88435],[139.28897,35.88478],[139.2888,35.88496],[139.28819,35.8853],[139.28794,35.8855],[139.2877,35.88577],[139.28726,35.88649],[139.2869,35.88695],[139.28665,35.88719],[139.28601,35.88764],[139.28557,35.88817],[139.28547,35.88856],[139.28542,35.88918],[139.28548,35.89243],[139.28543,35.89302],[139.28533,35.89336],[139.28518,35.89352],[139.28494,35.89368],[139.28434,35.89377],[139.28413,35.89384],[139.28349,35.89426],[139.283,35.89447],[139.28272,35.89454],[139.28245,35.89454],[139.28217,35.89447],[139.28189,35.89433],[139.28126,35.89376],[139.28057,35.89275],[139.28024,35.89254],[139.27984,35.89246],[139.27963,35.89253],[139.27947,35.89269],[139.27923,35.89342],[139.2791,35.89366],[139.27893,35.89384],[139.2784,35.89423],[139.27811,35.89468],[139.27798,35.89477],[139.27772,35.89484],[139.27738,35.89475],[139.27712,35.89455],[139.27682,35.89424],[139.27648,35.89382],[139.27618,35.8933],[139.27582,35.89237],[139.27548,35.89089],[139.27515,35.8903],[139.27492,35.89006],[139.27436,35.88969],[139.2733,35.88938],[139.27301,35.88927],[139.27255,35.889],[139.27227,35.88867],[139.27203,35.88785],[139.27192,35.88767],[139.2718,35.8876],[139.27167,35.88762],[139.27155,35.8877],[139.27127,35.88835],[139.27119,35.88845],[139.27097,35.88858],[139.27048,35.88862],[139.27027,35.88859],[139.26992,35.88845],[139.26966,35.88819],[139.26943,35.8876],[139.2694,35.88676],[139.26949,35.8865],[139.26965,35.88636],[139.26985,35.88629],[139.27012,35.88601],[139.27071,35.88481],[139.27085,35.88469],[139.27104,35.88465],[139.27109,35.8846],[139.27087,35.88419],[139.27078,35.88384],[139.27084,35.88323],[139.27101,35.88293],[139.27129,35.88269],[139.27169,35.88251]],[[139.27057,36.18711],[139.27058,36.18671],[139.27066,36.18655],[139.27084,36.18644],[139.27092,36.18633],[139.27093,36.18608],[139.27085,36.18562],[139.27087,36.18535],[139.27101,36.18488],[139.27124,36.18445],[139.27156,36.18424],[139.27181,36.18423],[139.27219,36.18427],[139.27237,36.18423],[139.27251,36.18413],[139.27264,36.18391],[139.27286,36.18378],[139.27362,36.18383],[139.27418,36.18369],[139.27458,36.18345],[139.27477,36.18326],[139.27489,36.18306],[139.27496,36.18264],[139.27505,36.1825],[139.27531,36.18243],[139.27571,36.18248],[139.27609,36.18244],[139.27632,36.18235],[139.27682,36.182],[139.27707,36.18191],[139.27721,36.1819],[139.27745,36.18196],[139.27821,36.18247],[139.27853,36.18258],[139.27878,36.18254],[139.27905,36.18229],[139.27918,36.18225],[139.27948,36.18229],[139.28,36.18246],[139.28021,36.18248],[139.28039,36.18244],[139.28067,36.18229],[139.28143,36.18219],[139.28329,36.18215],[139.28454,36.18222],[139.28516,36.18238],[139.28523,36.18246],[139.28532,36.18281],[139.28547,36.18294],[139.28562,36.18298],[139.28586,36.18294],[139.28637,36.18261],[139.28676,36.18246],[139.28723,36.1824],[139.28773,36.18245],[139.28814,36.18266],[139.28859,36.18316],[139.28884,36.18333],[139.28928,36.18344],[139.28978,36.18339],[139.29014,36.18344],[139.2903,36.18354],[139.29043,36.18377],[139.29056,36.18388],[139.29075,36.18396],[139.29147,36.18406],[139.29163,36.18415],[139.29182,36.18445],[139.29195,36.18457],[139.29214,36.18464],[139.29251,36.18467],[139.29273,36.18474],[139.29288,36.18499],[139.29282,36.18559],[139.29287,36.18597],[139.29299,36.18615],[139.29327,36.18635],[139.29346,36.18658],[139.29362,36.18724],[139.29381,36.18737],[139.2941,36.18739],[139.29429,36.18746],[139.29439,36.18769],[139.29447,36.18777],[139.29463,36.18782],[139.29522,36.18787],[139.29537,36.18795],[139.29546,36.18806],[139.29542,36.18843],[139.2951,36.18871],[139.29503,36.18894],[139.29501,36.18955],[139.29509,36.19065],[139.29504,36.19116],[139.29493,36.19132],[139.2948,36.19139],[139.29471,36.19151],[139.29456,36.19241],[139.29448,36.19257],[139.29423,36.19275],[139.29409,36.19297],[139.29365,36.1943],[139.29344,36.19467],[139.29332,36.1948],[139.29304,36.19493],[139.29223,36.1949],[139.29212,36.19496],[139.29202,36.19519],[139.2919,36.19524],[139.29162,36.19526],[139.2914,36.19537],[139.29103,36.19584],[139.29048,36.19692],[139.2902,36.19734],[139.28978,36.19769],[139.28929,36.19776],[139.28916,36.19783],[139.28913,36.19795],[139.28917,36.19829],[139.28909,36.19848],[139.2888,36.1988],[139.28852,36.199],[139.28822,36.19912],[139.2879,36.19915],[139.28695,36.19894],[139.28672,36.19892],[139.28647,36.19897],[139.28624,36.19922],[139.28594,36.20001],[139.28583,36.20014],[139.2857,36.20019],[139.28545,36.20015],[139.28518,36.19988],[139.28488,36.19978],[139.284,36.19975],[139.28364,36.19987],[139.28356,36.20002],[139.28363,36.20043],[139.28357,36.20064],[139.28322,36.20092],[139.283,36.20149],[139.28284,36.20172],[139.28271,36.2018],[139.28236,36.20192],[139.2819,36.20197],[139.28138,36.20196],[139.28086,36.20183],[139.28069,36.20167],[139.28061,36.20127],[139.28052,36.20112],[139.28038,36.20101],[139.28007,36.20091],[139.27938,36.20084],[139.27874,36.20087],[139.27843,36.20099],[139.27823,36.20127],[139.27805,36.20134],[139.27727,36.20089],[139.27675,36.20081],[139.27644,36.20068],[139.27556,36.19993],[139.27472,36.19949],[139.2746,36.19938],[139.27447,36.19908],[139.27371,36.19894],[139.27335,36.19869],[139.27319,36.19842],[139.27318,36.19809],[139.27326,36.19787],[139.27353,36.19758],[139.27351,36.19752],[139.27327,36.19751],[139.2728,36.19757],[139.27247,36.19752],[139.27236,36.19742],[139.27233,36.1972],[139.27226,36.19707],[139.27188,36.19712],[139.27152,36.19704],[139.27109,36.19677],[139.27097,36.1966],[139.27094,36.19644],[139.27085,36.19636],[139.26992,36.1962],[139.2695,36.19599],[139.26876,36.19546],[139.26824,36.19531],[139.26811,36.19497],[139.26763,36.19475],[139.26749,36.19461],[139.2674,36.19439],[139.26736,36.19411],[139.2674,36.19363],[139.2675,36.19337],[139.26773,36.19305],[139.26807,36.19269],[139.26819,36.19239],[139.26828,36.19189],[139.26843,36.19154],[139.26942,36.18992],[139.26962,36.18948],[139.26994,36.18842],[139.27009,36.18825],[139.27046,36.18815],[139.27058,36.18803],[139.27064,36.18766],[139.27057,36.18711]],[[139.2876,36.13361],[139.28773,36.13365],[139.28779,36.13376],[139.28771,36.13385],[139.28753,36.13391],[139.28641,36.13398],[139.28678,36.13418],[139.28679,36.13427],[139.28664,36.13443],[139.28614,36.1345],[139.28515,36.13451],[139.28275,36.13441],[139.28002,36.13423],[139.27885,36.13411],[139.27846,36.13405],[139.27807,36.13394],[139.2781,36.13383],[139.27823,36.13373],[139.2788,36.13359],[139.2792,36.13355],[139.27963,36.13356],[139.2798,36.13362],[139.27994,36.13377],[139.28016,36.13391],[139.2808,36.13406],[139.28166,36.13398],[139.28324,36.13364],[139.28449,36.13352],[139.28597,36.1335],[139.28714,36.13354],[139.2876,36.13361]],[[139.2948,35.87991],[139.29528,35.87995],[139.29534,35.87989],[139.29539,35.87969],[139.29555,35.87956],[139.29593,35.87945],[139.29634,35.87944],[139.29665,35.8795],[139.29691,35.87963],[139.29704,35.87975],[139.29735,35.88022],[139.29778,35.88032],[139.29803,35.88057],[139.29808,35.88056],[139.29811,35.88045],[139.29812,35.8801],[139.29807,35.87979],[139.29795,35.87943],[139.29765,35.87882],[139.29705,35.87797],[139.29686,35.87783],[139.29666,35.87778],[139.29656,35.87769],[139.2964,35.87677],[139.2963,35.87669],[139.29594,35.8766],[139.29578,35.87641],[139.29577,35.87631],[139.29593,35.87618],[139.2967,35.87595],[139.29708,35.87562],[139.29761,35.87553],[139.29777,35.87546],[139.2979,35.87534],[139.29819,35.87479],[139.29843,35.87466],[139.29872,35.87463],[139.29889,35.8745],[139.29902,35.87428],[139.29921,35.87361],[139.29939,35.87341],[139.29951,35.87337],[139.29981,35.8734],[139.30056,35.87374],[139.30092,35.87378],[139.30105,35.87369],[139.30114,35.87353],[139.30136,35.8733],[139.30215,35.87287],[139.30231,35.87265],[139.30241,35.87222],[139.30257,35.87209],[139.30279,35.87204],[139.30305,35.87208],[139.30344,35.87228],[139.30374,35.87256],[139.30402,35.87301],[139.30416,35.87312],[139.30445,35.87323],[139.30491,35.87324],[139.30558,35.87303],[139.30608,35.87296],[139.30719,35.87304],[139.30743,35.87302],[139.30756,35.87296],[139.30761,35.87281],[139.3078,35.87267],[139.30836,35.87254],[139.30881,35.87252],[139.30913,35.8726],[139.30934,35.87276],[139.30947,35.87296],[139.30955,35.87335],[139.3097,35.87345],[139.30997,35.87349],[139.31105,35.87343],[139.31162,35.87347],[139.31208,35.87361],[139.31239,35.87385],[139.31251,35.87405],[139.31256,35.8743],[139.31246,35.8748],[139.3121,35.87552],[139.31125,35.87677],[139.31109,35.87708],[139.31091,35.87763],[139.3109,35.87811],[139.31116,35.8789],[139.31116,35.87907],[139.31105,35.8794],[139.31081,35.8797],[139.31029,35.88007],[139.30977,35.88028],[139.3091,35.88034],[139.30886,35.88041],[139.3087,35.88054],[139.30864,35.88072],[139.30866,35.88093],[139.30885,35.88115],[139.30909,35.88122],[139.30972,35.88127],[139.30998,35.88134],[139.31018,35.88146],[139.31061,35.88183],[139.31087,35.88194],[139.3115,35.88209],[139.31174,35.88224],[139.31189,35.88245],[139.31195,35.88291],[139.31186,35.88337],[139.31176,35.88348],[139.31158,35.88351],[139.31148,35.8836],[139.31151,35.88379],[139.31162,35.88401],[139.31178,35.88414],[139.31203,35.88417],[139.31216,35.8841],[139.31226,35.88382],[139.31241,35.88369],[139.31269,35.8836],[139.31295,35.88367],[139.31327,35.88391],[139.31389,35.88459],[139.31433,35.88518],[139.31471,35.88583],[139.31476,35.8861],[139.31451,35.88647],[139.31458,35.88674],[139.31454,35.88684],[139.31432,35.88695],[139.31394,35.88705],[139.31375,35.88716],[139.3136,35.8874],[139.31355,35.88772],[139.31339,35.88789],[139.31294,35.88807],[139.31228,35.88818],[139.31196,35.88834],[139.31186,35.88845],[139.31175,35.88874],[139.31179,35.88912],[139.31175,35.88944],[139.31168,35.88956],[139.31144,35.88973],[139.31105,35.8898],[139.31027,35.88984],[139.30999,35.88995],[139.30995,35.8901],[139.30983,35.89021],[139.3096,35.89025],[139.30926,35.8902],[139.30917,35.89014],[139.30905,35.88986],[139.30886,35.8898],[139.30857,35.88978],[139.30838,35.88969],[139.30825,35.88922],[139.30818,35.88915],[139.30794,35.8891],[139.30787,35.88905],[139.30792,35.88857],[139.30784,35.88843],[139.30767,35.8883],[139.30725,35.88814],[139.30687,35.88807],[139.30613,35.88806],[139.30502,35.88813],[139.30455,35.88808],[139.30444,35.888],[139.30442,35.88789],[139.30431,35.88772],[139.30374,35.8873],[139.30363,35.88708],[139.30359,35.8868],[139.30353,35.88675],[139.30315,35.88695],[139.30298,35.88699],[139.30233,35.88693],[139.30215,35.88706],[139.30191,35.8874],[139.30177,35.88748],[139.30148,35.88751],[139.3013,35.88746],[139.30115,35.88737],[139.30089,35.8869],[139.30077,35.88681],[139.3004,35.88669],[139.29985,35.88661],[139.29817,35.88653],[139.29749,35.88637],[139.29703,35.88613],[139.29669,35.88601],[139.2963,35.88594],[139.29539,35.88586],[139.29519,35.88578],[139.29486,35.88548],[139.29461,35.88501],[139.29446,35.88438],[139.29443,35.88406],[139.29446,35.88351],[139.29464,35.88306],[139.29495,35.8827],[139.29561,35.88219],[139.29575,35.88197],[139.29577,35.88178],[139.29556,35.88148],[139.29537,35.88138],[139.29488,35.88122],[139.29462,35.88098],[139.29454,35.88073],[139.29452,35.88041],[139.29456,35.88014],[139.29465,35.87998],[139.2948,35.87991]],[[139.31782,36.16926],[139.31814,36.16923],[139.31853,36.1691],[139.31934,36.16865],[139.31965,36.16853],[139.32004,36.16851],[139.32054,36.16869],[139.32071,36.16867],[139.32086,36.1686],[139.32112,36.16829],[139.32139,36.16745],[139.32155,36.16723],[139.32166,36.16716],[139.32192,36.1671],[139.3224,36.16712],[139.32254,36.16708],[139.32277,36.16689],[139.32293,36.16656],[139.32314,36.16568],[139.32323,36.16552],[139.32346,36.1653],[139.32375,36.16521],[139.32422,36.16523],[139.32453,36.16532],[139.32469,36.16547],[139.32487,36.16556],[139.32545,36.16564],[139.32637,36.16567],[139.3271,36.16557],[139.32724,36.1655],[139.32736,36.1653],[139.32721,36.16478],[139.32722,36.16455],[139.32732,36.16434],[139.32751,36.16417],[139.32773,36.16405],[139.3281,36.16401],[139.32836,36.16407],[139.32873,36.16424],[139.32893,36.16441],[139.32898,36.16458],[139.32913,36.16465],[139.3297,36.16466],[139.33135,36.16448],[139.33203,36.16452],[139.33228,36.16464],[139.33243,36.1648],[139.33272,36.16496],[139.33353,36.16509],[139.33365,36.16518],[139.33373,36.16548],[139.33386,36.1656],[139.33409,36.16567],[139.33464,36.1657],[139.33496,36.16578],[139.33517,36.16595],[139.33525,36.16622],[139.33517,36.16694],[139.33522,36.16732],[139.33532,36.16748],[139.33567,36.16769],[139.33588,36.16774],[139.33607,36.1677],[139.33623,36.16753],[139.33651,36.16698],[139.33665,36.16688],[139.33684,36.16684],[139.33705,36.16685],[139.33736,36.16695],[139.33788,36.1673],[139.33814,36.16742],[139.33858,36.16751],[139.33921,36.16756],[139.33952,36.16769],[139.33968,36.16791],[139.33969,36.16818],[139.33929,36.16851],[139.33918,36.16904],[139.33887,36.16941],[139.33886,36.16955],[139.33938,36.16979],[139.33947,36.16987],[139.33952,36.17008],[139.33959,36.17014],[139.33978,36.17015],[139.34009,36.1701],[139.34044,36.17017],[139.34083,36.17041],[139.34128,36.17082],[139.34143,36.17105],[139.34144,36.17122],[139.34132,36.17134],[139.34107,36.17137],[139.34098,36.17143],[139.3409,36.17158],[139.34091,36.17182],[139.34115,36.17205],[139.342,36.17236],[139.34235,36.17263],[139.34243,36.17286],[139.34239,36.17347],[139.34254,36.17368],[139.34282,36.17379],[139.34297,36.17392],[139.34306,36.1741],[139.34309,36.17448],[139.34296,36.17494],[139.34282,36.17511],[139.34246,36.17535],[139.34238,36.17549],[139.34236,36.17564],[139.34242,36.17589],[139.34238,36.17604],[139.34216,36.17624],[139.34169,36.17649],[139.34156,36.17665],[139.34152,36.17684],[139.34158,36.17726],[139.34153,36.17744],[139.34141,36.17758],[139.34103,36.17785],[139.34088,36.17803],[139.3405,36.17892],[139.34039,36.179],[139.34019,36.17905],[139.34009,36.17919],[139.34001,36.17961],[139.33997,36.18043],[139.33981,36.18102],[139.33945,36.18141],[139.33887,36.18167],[139.33871,36.18181],[139.33852,36.18216],[139.33839,36.18263],[139.33817,36.18298],[139.33783,36.18317],[139.33741,36.18322],[139.33699,36.18317],[139.33645,36.183],[139.33624,36.18299],[139.33602,36.18314],[139.33575,36.18365],[139.33563,36.18372],[139.33531,36.1838],[139.33497,36.18422],[139.33466,36.18422],[139.33403,36.18396],[139.33363,36.18393],[139.33342,36.18403],[139.33303,36.18448],[139.33286,36.18458],[139.33256,36.18462],[139.33239,36.18459],[139.33227,36.18452],[139.33217,36.18417],[139.33204,36.18405],[139.3318,36.18397],[139.33079,36.18388],[139.33055,36.18372],[139.33049,36.18349],[139.33027,36.18339],[139.32988,36.18334],[139.32866,36.18337],[139.32819,36.18321],[139.32801,36.18307],[139.3278,36.18266],[139.32773,36.18182],[139.32767,36.18162],[139.32758,36.18147],[139.32746,36.18137],[139.32731,36.18132],[139.32713,36.18133],[139.32667,36.1815],[139.32609,36.1819],[139.32575,36.18239],[139.3256,36.18295],[139.32544,36.18324],[139.32521,36.18344],[139.32492,36.18356],[139.32431,36.18359],[139.32342,36.18346],[139.32226,36.18317],[139.3216,36.18291],[139.32116,36.18261],[139.32095,36.18227],[139.321,36.18125],[139.32086,36.18031],[139.32056,36.17946],[139.32038,36.17921],[139.32019,36.17906],[139.31997,36.17903],[139.31958,36.17913],[139.31857,36.17979],[139.318,36.18],[139.31739,36.18005],[139.31721,36.18003],[139.31694,36.1799],[139.31686,36.1798],[139.31678,36.17953],[139.31692,36.17882],[139.31713,36.17844],[139.31757,36.17808],[139.31768,36.17778],[139.31763,36.17739],[139.3175,36.17707],[139.31739,36.17695],[139.31714,36.17689],[139.31705,36.17679],[139.31714,36.17644],[139.31712,36.17628],[139.31681,36.17618],[139.31669,36.17592],[139.31669,36.17561],[139.31677,36.1754],[139.31687,36.17533],[139.3171,36.1753],[139.31687,36.17514],[139.31678,36.17498],[139.3167,36.17458],[139.31671,36.17403],[139.31687,36.17366],[139.31696,36.17359],[139.31718,36.17352],[139.31752,36.17351],[139.31763,36.17347],[139.31744,36.17333],[139.31737,36.17312],[139.31735,36.17277],[139.31745,36.17133],[139.31736,36.17085],[139.31719,36.17057],[139.31714,36.17036],[139.31724,36.16987],[139.31755,36.16941],[139.31782,36.16926]],[[139.37901,35.83985],[139.37908,35.83886],[139.37914,35.83854],[139.37932,35.83806],[139.37944,35.83789],[139.37975,35.8377],[139.38032,35.83771],[139.38047,35.83768],[139.38067,35.83754],[139.38076,35.83729],[139.38072,35.83657],[139.38088,35.83615],[139.38109,35.83594],[139.38148,35.83573],[139.38179,35.83564],[139.38209,35.83569],[139.38221,35.83565],[139.38235,35.83541],[139.38256,35.83484],[139.38267,35.83471],[139.38293,35.83464],[139.38307,35.83454],[139.38328,35.83422],[139.38363,35.8335],[139.38384,35.83326],[139.38413,35.83306],[139.38426,35.83264],[139.38446,35.83254],[139.38504,35.8325],[139.38651,35.83257],[139.38731,35.8325],[139.38802,35.83236],[139.38856,35.83235],[139.38889,35.8325],[139.38906,35.83276],[139.38911,35.83301],[139.38904,35.83339],[139.38957,35.83306],[139.38978,35.83302],[139.39013,35.83329],[139.39078,35.83338],[139.39129,35.83363],[139.39145,35.83351],[139.39161,35.83304],[139.3918,35.83277],[139.39206,35.83267],[139.39229,35.83269],[139.39279,35.83288],[139.39401,35.83358],[139.39461,35.83383],[139.39488,35.83386],[139.39521,35.8337],[139.39552,35.83366],[139.39591,35.83371],[139.39622,35.83382],[139.39637,35.83395],[139.39641,35.83411],[139.39652,35.83415],[139.39732,35.83398],[139.39756,35.83399],[139.39764,35.83403],[139.39775,35.83419],[139.3978,35.83467],[139.3979,35.83484],[139.39829,35.8348],[139.39889,35.8351],[139.39983,35.83524],[139.40005,35.8354],[139.40019,35.83563],[139.40053,35.83579],[139.40089,35.83584],[139.40199,35.8359],[139.40267,35.83606],[139.40328,35.83638],[139.40369,35.83676],[139.40392,35.83682],[139.40421,35.8368],[139.40478,35.83662],[139.4054,35.83631],[139.40573,35.83602],[139.40611,35.83588],[139.40728,35.83574],[139.40768,35.83575],[139.40796,35.83582],[139.40812,35.83595],[139.40817,35.83612],[139.40816,35.83629],[139.40807,35.83646],[139.40772,35.8368],[139.40752,35.83708],[139.40744,35.8374],[139.40749,35.83785],[139.40768,35.8383],[139.40792,35.83864],[139.40828,35.83898],[139.40892,35.83944],[139.40928,35.83988],[139.40948,35.84041],[139.40954,35.84117],[139.40945,35.84171],[139.40925,35.8422],[139.40904,35.84255],[139.4087,35.84283],[139.4086,35.84302],[139.40842,35.84495],[139.40812,35.84596],[139.40784,35.84645],[139.40757,35.84664],[139.40748,35.84676],[139.4074,35.84706],[139.40737,35.84745],[139.40726,35.84775],[139.40711,35.84788],[139.40668,35.84805],[139.40657,35.84819],[139.4066,35.84851],[139.40693,35.84911],[139.40727,35.84951],[139.40766,35.84985],[139.40794,35.85001],[139.4083,35.85009],[139.40839,35.85016],[139.40851,35.85068],[139.40868,35.85084],[139.40899,35.85094],[139.40998,35.851],[139.41061,35.85113],[139.41093,35.85128],[139.41125,35.85158],[139.41148,35.8517],[139.41159,35.85166],[139.41172,35.85143],[139.41194,35.85124],[139.41257,35.85105],[139.41306,35.85081],[139.41363,35.85041],[139.41403,35.85006],[139.41436,35.84969],[139.41462,35.84929],[139.41517,35.84802],[139.41531,35.84788],[139.4156,35.84779],[139.41568,35.84763],[139.41573,35.84732],[139.41596,35.84711],[139.41625,35.84704],[139.41642,35.84705],[139.41655,35.84712],[139.41672,35.84741],[139.41686,35.84752],[139.41728,35.84763],[139.41784,35.84756],[139.41819,35.84729],[139.41856,35.8472],[139.41931,35.8472],[139.41977,35.84736],[139.42,35.84756],[139.42043,35.84825],[139.42077,35.84849],[139.42091,35.84866],[139.42134,35.84961],[139.42156,35.84992],[139.42185,35.85016],[139.42261,35.85046],[139.42277,35.85057],[139.42291,35.8507],[139.42313,35.85103],[139.42352,35.85263],[139.42404,35.85369],[139.42422,35.85424],[139.42418,35.85477],[139.42381,35.85529],[139.42383,35.8554],[139.42404,35.85567],[139.42411,35.85599],[139.42413,35.85648],[139.42406,35.85788],[139.42414,35.85843],[139.42422,35.85862],[139.42448,35.85887],[139.42466,35.85892],[139.42523,35.85897],[139.42552,35.85907],[139.42575,35.85922],[139.42594,35.85954],[139.42593,35.85973],[139.42579,35.85989],[139.42522,35.86015],[139.42497,35.86041],[139.42496,35.86064],[139.42519,35.86127],[139.42518,35.8616],[139.42494,35.8618],[139.42425,35.86198],[139.42364,35.86198],[139.42318,35.86182],[139.42308,35.86183],[139.42294,35.86207],[139.42285,35.86259],[139.42276,35.86435],[139.42268,35.86474],[139.4224,35.86533],[139.42221,35.86554],[139.42197,35.86568],[139.4217,35.86577],[139.42087,35.86588],[139.42049,35.86601],[139.42025,35.86618],[139.41999,35.86658],[139.41958,35.86675],[139.41917,35.86679],[139.41838,35.86675],[139.41811,35.86664],[139.41802,35.86646],[139.41787,35.86645],[139.4171,35.86664],[139.41635,35.86674],[139.41536,35.86678],[139.41436,35.86675],[139.41379,35.86667],[139.41365,35.86657],[139.41364,35.86647],[139.41357,35.8664],[139.41313,35.86647],[139.4127,35.86625],[139.41248,35.8662],[139.41218,35.86622],[139.41109,35.86641],[139.41005,35.86641],[139.4087,35.86627],[139.40827,35.86619],[139.40754,35.86595],[139.40725,35.8658],[139.4068,35.86541],[139.40614,35.86409],[139.40557,35.86326],[139.40547,35.86276],[139.40553,35.86171],[139.40538,35.86121],[139.40457,35.86034],[139.40392,35.85934],[139.4033,35.85888],[139.40319,35.85871],[139.40312,35.85847],[139.40286,35.8584],[139.4028,35.85834],[139.40271,35.85804],[139.40265,35.8575],[139.40263,35.85582],[139.40255,35.85492],[139.40246,35.85462],[139.4024,35.85456],[139.40214,35.85449],[139.40206,35.85426],[139.40191,35.85418],[139.40164,35.85413],[139.40038,35.85408],[139.39969,35.85398],[139.39952,35.85391],[139.39937,35.85378],[139.39924,35.85343],[139.39909,35.85333],[139.39892,35.85328],[139.39844,35.85329],[139.3971,35.85347],[139.39665,35.85344],[139.39647,35.85339],[139.39623,35.85319],[139.396,35.8525],[139.3959,35.85235],[139.39577,35.85229],[139.39565,35.8523],[139.39555,35.85239],[139.39563,35.85275],[139.39558,35.85297],[139.39537,35.85316],[139.39502,35.85329],[139.39437,35.85333],[139.3936,35.85319],[139.39319,35.85298],[139.39285,35.85257],[139.39262,35.85242],[139.39233,35.85232],[139.39176,35.85227],[139.39142,35.85232],[139.39119,35.85244],[139.39105,35.85264],[139.391,35.85303],[139.39095,35.85313],[139.39077,35.85329],[139.3903,35.85339],[139.38973,35.85336],[139.38931,35.85323],[139.38869,35.85274],[139.38807,35.85255],[139.38777,35.8524],[139.38764,35.85226],[139.38743,35.85191],[139.38726,35.85181],[139.38697,35.85176],[139.38678,35.85138],[139.3864,35.85115],[139.38577,35.85097],[139.38447,35.85087],[139.38409,35.85076],[139.38394,35.85068],[139.38369,35.85045],[139.38339,35.84984],[139.38322,35.84963],[139.38303,35.84948],[139.38265,35.84932],[139.3825,35.84919],[139.38222,35.8486],[139.38193,35.84827],[139.38173,35.84815],[139.38137,35.84802],[139.38043,35.84793],[139.38012,35.84786],[139.37986,35.84773],[139.37952,35.84744],[139.37935,35.84716],[139.37924,35.84681],[139.37915,35.84567],[139.37907,35.84529],[139.37881,35.8449],[139.37844,35.84469],[139.37826,35.84446],[139.37827,35.84427],[139.37849,35.84374],[139.37843,35.84367],[139.37819,35.84359],[139.37799,35.84321],[139.3779,35.84254],[139.37794,35.84242],[139.37804,35.8424],[139.37817,35.84245],[139.3783,35.84244],[139.37841,35.84215],[139.37877,35.84204],[139.37882,35.84187],[139.37874,35.84148],[139.37876,35.84132],[139.37885,35.84122],[139.37919,35.84117],[139.37931,35.84108],[139.37906,35.84053],[139.37901,35.83985]],[[139.38483,36.13288],[139.38501,36.13294],[139.38509,36.13303],[139.38506,36.13315],[139.38482,36.13339],[139.38444,36.13354],[139.38384,36.13368],[139.38196,36.13392],[139.37928,36.13411],[139.37847,36.13407],[139.37756,36.13385],[139.37725,36.13362],[139.37722,36.13341],[139.37733,36.13316],[139.37767,36.1328],[139.37794,36.13267],[139.37824,36.13262],[139.37892,36.13275],[139.37944,36.13296],[139.38015,36.13336],[139.38056,36.1335],[139.38102,36.13357],[139.38154,36.13357],[139.3826,36.13342],[139.38444,36.13288],[139.38483,36.13288]],[[139.49743,36.05759],[139.49731,36.05717],[139.49728,36.05683],[139.49739,36.05662],[139.49765,36.05648],[139.49822,36.05631],[139.49838,36.05617],[139.49834,36.05591],[139.49803,36.0557],[139.49795,36.05559],[139.49794,36.05535],[139.49805,36.05503],[139.49818,36.05488],[139.49837,36.05478],[139.49901,36.05471],[139.49926,36.05463],[139.49999,36.05417],[139.50054,36.054],[139.50061,36.05385],[139.50068,36.05346],[139.501,36.05307],[139.50107,36.05291],[139.50108,36.05258],[139.50101,36.05219],[139.50107,36.05192],[139.50119,36.05183],[139.50147,36.05181],[139.50171,36.05171],[139.50208,36.05121],[139.50253,36.05107],[139.50267,36.05074],[139.50307,36.05065],[139.50329,36.05044],[139.50345,36.05036],[139.50392,36.05032],[139.50491,36.05039],[139.50531,36.05038],[139.50559,36.05031],[139.50575,36.05018],[139.50584,36.05003],[139.5061,36.04994],[139.50686,36.05009],[139.50719,36.05008],[139.50764,36.04988],[139.50826,36.0494],[139.50865,36.04924],[139.50912,36.04915],[139.50966,36.04914],[139.51034,36.04918],[139.51078,36.04929],[139.5112,36.04952],[139.51181,36.04959],[139.51254,36.04945],[139.51382,36.04899],[139.51457,36.04878],[139.51525,36.0487],[139.51565,36.04873],[139.51603,36.04889],[139.51636,36.04918],[139.51695,36.05006],[139.51711,36.05024],[139.51744,36.05047],[139.51781,36.05056],[139.51856,36.05043],[139.51887,36.05052],[139.51895,36.05068],[139.51896,36.05091],[139.51908,36.05132],[139.51965,36.05237],[139.51977,36.05274],[139.51964,36.05306],[139.51923,36.05344],[139.51915,36.05357],[139.51951,36.05355],[139.51969,36.05365],[139.51994,36.05404],[139.52016,36.05466],[139.52049,36.05508],[139.52077,36.05522],[139.52136,36.05529],[139.52149,36.05539],[139.5215,36.05555],[139.52134,36.05586],[139.52129,36.05614],[139.52134,36.05629],[139.52152,36.05648],[139.52159,36.05668],[139.52154,36.058],[139.52169,36.05838],[139.52212,36.05879],[139.52225,36.05911],[139.52218,36.05921],[139.52203,36.0593],[139.52132,36.05947],[139.5211,36.05958],[139.52097,36.05982],[139.52104,36.06022],[139.52102,36.06035],[139.52095,36.06042],[139.52058,36.0605],[139.52042,36.06068],[139.52032,36.06158],[139.52024,36.06406],[139.52015,36.0645],[139.52002,36.06487],[139.51985,36.06517],[139.51963,36.06539],[139.51937,36.06554],[139.51906,36.06561],[139.51841,36.0656],[139.51772,36.0655],[139.51746,36.06538],[139.51733,36.06514],[139.51737,36.0648],[139.51759,36.06447],[139.51756,36.06428],[139.5173,36.06415],[139.51691,36.0641],[139.51669,36.06412],[139.51643,36.06422],[139.51623,36.06447],[139.51621,36.06461],[139.5163,36.06511],[139.51621,36.06536],[139.51602,36.06564],[139.51589,36.06612],[139.51578,36.06773],[139.51565,36.06804],[139.51542,36.0681],[139.51537,36.06815],[139.51545,36.06839],[139.51539,36.06859],[139.51508,36.06891],[139.51474,36.06908],[139.51449,36.06912],[139.51396,36.06907],[139.5137,36.06916],[139.51335,36.0695],[139.51284,36.0703],[139.51267,36.07048],[139.51252,36.07055],[139.51238,36.07054],[139.51218,36.07044],[139.51183,36.0701],[139.51167,36.07001],[139.51157,36.07003],[139.51144,36.07017],[139.5111,36.07024],[139.51029,36.07019],[139.5099,36.07008],[139.50977,36.07],[139.50959,36.06978],[139.50957,36.06895],[139.50945,36.0688],[139.50923,36.06874],[139.50896,36.06875],[139.50858,36.06884],[139.50801,36.06919],[139.5077,36.06928],[139.50706,36.06932],[139.50628,36.06926],[139.50576,36.06927],[139.50559,36.06933],[139.50552,36.06948],[139.50545,36.06952],[139.50482,36.06962],[139.50404,36.06961],[139.50337,36.06952],[139.503,36.0694],[139.50242,36.06911],[139.50211,36.06904],[139.50179,36.06903],[139.50129,36.06908],[139.50097,36.06904],[139.50086,36.06894],[139.50083,36.06871],[139.50071,36.06852],[139.50028,36.06832],[139.50016,36.06821],[139.50011,36.06797],[139.50018,36.06758],[139.50013,36.06748],[139.50001,36.06745],[139.49965,36.0675],[139.49953,36.06746],[139.49938,36.06699],[139.49919,36.06684],[139.49883,36.0667],[139.49875,36.0666],[139.49873,36.06646],[139.4988,36.06623],[139.49875,36.06607],[139.49863,36.06602],[139.49835,36.06599],[139.49823,36.0659],[139.49818,36.06574],[139.49829,36.06501],[139.49824,36.06468],[139.49802,36.06447],[139.4977,36.06441],[139.49759,36.06434],[139.49744,36.06413],[139.49734,36.06381],[139.49725,36.06333],[139.49732,36.06318],[139.49758,36.06309],[139.49836,36.06304],[139.49877,36.06292],[139.49919,36.06262],[139.49923,36.06239],[139.49899,36.0622],[139.49856,36.06207],[139.4981,36.06202],[139.49727,36.06209],[139.49698,36.06204],[139.49673,36.06194],[139.49635,36.06163],[139.49615,36.06129],[139.49617,36.06119],[139.49626,36.06109],[139.49664,36.06094],[139.49716,36.06077],[139.49725,36.06067],[139.49732,36.06044],[139.49773,36.06033],[139.49793,36.05995],[139.49866,36.05953],[139.49882,36.05928],[139.49878,36.05896],[139.4986,36.05865],[139.4983,36.05836],[139.49761,36.05785],[139.49743,36.05759]],[[139.50981,35.89813],[139.51007,35.89801],[139.51019,35.8976],[139.51032,35.8975],[139.51051,35.89747],[139.51058,35.89738],[139.51053,35.89647],[139.51061,35.89638],[139.5108,35.89635],[139.51092,35.89626],[139.5112,35.89561],[139.51145,35.89542],[139.51207,35.89526],[139.51318,35.89528],[139.5137,35.8954],[139.51387,35.89554],[139.51396,35.8957],[139.51411,35.8958],[139.51447,35.89584],[139.51496,35.89576],[139.51537,35.89558],[139.51557,35.89541],[139.51593,35.89494],[139.51621,35.8948],[139.51651,35.89487],[139.51672,35.89511],[139.51686,35.89518],[139.51728,35.89525],[139.51755,35.89525],[139.51784,35.89515],[139.51798,35.89504],[139.51812,35.89481],[139.5183,35.89473],[139.51856,35.89472],[139.51929,35.89488],[139.51965,35.89489],[139.51973,35.89481],[139.51966,35.89447],[139.51971,35.89413],[139.51988,35.89373],[139.52007,35.89347],[139.52034,35.89323],[139.52086,35.89294],[139.52141,35.89274],[139.52178,35.8927],[139.52215,35.89297],[139.523,35.89319],[139.52326,35.89333],[139.52345,35.89355],[139.52365,35.89415],[139.52387,35.89443],[139.52408,35.8945],[139.52471,35.89445],[139.52507,35.89457],[139.5253,35.89482],[139.52538,35.89521],[139.52547,35.89533],[139.52584,35.89542],[139.52668,35.89537],[139.52702,35.89542],[139.52723,35.89556],[139.52732,35.89577],[139.52735,35.89604],[139.52741,35.89614],[139.52762,35.8963],[139.52795,35.89639],[139.52879,35.89645],[139.52903,35.89655],[139.52913,35.89671],[139.5291,35.89692],[139.52914,35.89716],[139.52935,35.89741],[139.5297,35.89767],[139.53047,35.89811],[139.53089,35.8985],[139.53106,35.89873],[139.53133,35.89924],[139.53155,35.90013],[139.53164,35.90113],[139.53154,35.90209],[139.53163,35.90233],[139.53181,35.90244],[139.53186,35.90255],[139.53181,35.9028],[139.5316,35.90321],[139.53158,35.90339],[139.53163,35.90354],[139.5318,35.90372],[139.5318,35.90389],[139.53162,35.90422],[139.53124,35.90461],[139.53086,35.90491],[139.53042,35.9051],[139.53026,35.90526],[139.53015,35.90572],[139.53023,35.90695],[139.53018,35.90746],[139.53008,35.90765],[139.52977,35.90781],[139.5296,35.90783],[139.5291,35.90777],[139.5294,35.90812],[139.52949,35.90843],[139.52943,35.90874],[139.52917,35.90906],[139.52881,35.90918],[139.52818,35.90912],[139.52799,35.90917],[139.52787,35.9093],[139.52781,35.90978],[139.52769,35.91001],[139.52754,35.91006],[139.52718,35.91],[139.52703,35.91004],[139.52691,35.91033],[139.52643,35.91054],[139.52623,35.91069],[139.52613,35.91105],[139.52598,35.91121],[139.52528,35.91131],[139.52506,35.91138],[139.52488,35.9115],[139.52466,35.91172],[139.52441,35.91185],[139.52369,35.91181],[139.52345,35.91202],[139.52332,35.91208],[139.52302,35.91209],[139.52239,35.912],[139.52203,35.91204],[139.52177,35.91222],[139.5217,35.91247],[139.52158,35.91261],[139.52096,35.91289],[139.52082,35.91319],[139.52056,35.91327],[139.51994,35.9133],[139.51954,35.91339],[139.51933,35.91351],[139.51897,35.91386],[139.51883,35.91393],[139.51863,35.91396],[139.51813,35.91368],[139.51685,35.91258],[139.51628,35.91224],[139.51597,35.91215],[139.51541,35.91208],[139.51514,35.91185],[139.51501,35.91179],[139.51471,35.91178],[139.51413,35.91184],[139.51401,35.9118],[139.51394,35.91162],[139.51381,35.91154],[139.51342,35.91148],[139.51285,35.91145],[139.51256,35.91138],[139.51233,35.91117],[139.51222,35.91061],[139.51199,35.91044],[139.5115,35.91043],[139.51023,35.91067],[139.50971,35.91071],[139.50934,35.91066],[139.50906,35.91047],[139.50898,35.91026],[139.50901,35.91003],[139.50911,35.90986],[139.50934,35.90971],[139.50937,35.90958],[139.50932,35.9094],[139.50899,35.90888],[139.50887,35.90858],[139.50882,35.9081],[139.50888,35.90761],[139.50882,35.90734],[139.50854,35.90705],[139.50794,35.90675],[139.50774,35.90652],[139.50763,35.90621],[139.50756,35.9055],[139.50744,35.90526],[139.50725,35.90509],[139.50668,35.90491],[139.50651,35.90472],[139.50653,35.9046],[139.50669,35.9044],[139.50725,35.90401],[139.50739,35.90385],[139.50733,35.9038],[139.50696,35.90375],[139.5067,35.90358],[139.50648,35.90328],[139.50629,35.90287],[139.50624,35.90259],[139.50628,35.90237],[139.50644,35.90224],[139.5068,35.9022],[139.50695,35.90213],[139.50704,35.902],[139.50708,35.90171],[139.50695,35.90129],[139.50638,35.90065],[139.50629,35.90045],[139.50625,35.90013],[139.50628,35.90003],[139.50644,35.89987],[139.50671,35.89978],[139.5071,35.89973],[139.50773,35.8997],[139.50804,35.89958],[139.50807,35.89952],[139.50804,35.89917],[139.50813,35.89909],[139.50848,35.89905],[139.50862,35.89898],[139.50874,35.89877],[139.50877,35.89846],[139.50897,35.89825],[139.50921,35.89818],[139.50981,35.89813]],[[139.52291,36.02657],[139.52297,36.02618],[139.52306,36.02608],[139.5232,36.02605],[139.52362,36.02613],[139.52398,36.02613],[139.52461,36.026],[139.52482,36.02587],[139.52495,36.02559],[139.52555,36.02545],[139.5256,36.0253],[139.52555,36.02506],[139.52572,36.02487],[139.52598,36.02478],[139.52655,36.02468],[139.5269,36.02454],[139.52698,36.0244],[139.52693,36.02417],[139.52698,36.02401],[139.5271,36.02396],[139.52766,36.02388],[139.5279,36.02375],[139.52803,36.02362],[139.5282,36.02329],[139.52843,36.02244],[139.52852,36.0223],[139.52877,36.0221],[139.52913,36.02202],[139.53001,36.02208],[139.53034,36.02206],[139.53059,36.022],[139.53096,36.02181],[139.5311,36.02183],[139.53136,36.02199],[139.53146,36.022],[139.53154,36.02185],[139.53157,36.02145],[139.53168,36.02124],[139.53194,36.0211],[139.53237,36.02103],[139.53267,36.02104],[139.53286,36.02109],[139.53303,36.02119],[139.53348,36.0216],[139.53385,36.02171],[139.53429,36.02164],[139.53448,36.02146],[139.53469,36.02137],[139.53509,36.0213],[139.53606,36.02126],[139.53684,36.02127],[139.53762,36.02134],[139.53788,36.02142],[139.53798,36.0216],[139.5381,36.02164],[139.53868,36.02158],[139.53902,36.02162],[139.53928,36.02179],[139.53945,36.02206],[139.5395,36.02235],[139.53942,36.02277],[139.53948,36.02289],[139.53977,36.02291],[139.5404,36.02277],[139.54065,36.02281],[139.54086,36.02293],[139.54109,36.02323],[139.54129,36.02339],[139.54155,36.02349],[139.54218,36.02357],[139.54244,36.02376],[139.5427,36.02435],[139.54283,36.02521],[139.54305,36.02585],[139.54326,36.02612],[139.54374,36.02644],[139.54386,36.0267],[139.5439,36.02705],[139.5438,36.02807],[139.54385,36.02866],[139.54406,36.02912],[139.54437,36.02934],[139.54444,36.02947],[139.54439,36.03049],[139.54446,36.03065],[139.54474,36.03097],[139.54483,36.03127],[139.54482,36.03143],[139.54474,36.03159],[139.54445,36.03166],[139.54432,36.03175],[139.54428,36.03214],[139.54496,36.03448],[139.54509,36.0351],[139.54507,36.03526],[139.54492,36.03542],[139.54472,36.03547],[139.54428,36.0355],[139.54421,36.03555],[139.54453,36.03582],[139.54469,36.03624],[139.54468,36.03692],[139.54457,36.03744],[139.54431,36.03783],[139.54389,36.03808],[139.54331,36.03818],[139.54266,36.03819],[139.54197,36.03825],[139.5417,36.03832],[139.54141,36.03858],[139.54111,36.03864],[139.54105,36.03871],[139.54107,36.03884],[139.54132,36.03935],[139.54138,36.03964],[139.54131,36.03991],[139.54108,36.04014],[139.54082,36.0402],[139.54046,36.04016],[139.54028,36.04005],[139.54007,36.03982],[139.53977,36.03975],[139.53958,36.03982],[139.53951,36.04005],[139.53942,36.04013],[139.53916,36.04019],[139.53853,36.04024],[139.53817,36.04039],[139.53804,36.04053],[139.53791,36.04089],[139.53785,36.04166],[139.53777,36.04203],[139.53759,36.04228],[139.5373,36.04242],[139.53673,36.04244],[139.5363,36.04237],[139.53612,36.0423],[139.53585,36.04204],[139.53544,36.04195],[139.53536,36.04174],[139.53529,36.0417],[139.53497,36.04167],[139.53399,36.04177],[139.53215,36.04203],[139.53154,36.04207],[139.53117,36.04205],[139.53093,36.04186],[139.53077,36.0418],[139.53017,36.04176],[139.52991,36.04182],[139.52973,36.04211],[139.52941,36.04223],[139.52849,36.04237],[139.52767,36.04242],[139.5275,36.04239],[139.52738,36.04232],[139.52729,36.04196],[139.52714,36.04177],[139.52682,36.04165],[139.52656,36.04161],[139.52632,36.04164],[139.52612,36.04174],[139.52573,36.04221],[139.52556,36.04233],[139.52528,36.04242],[139.52509,36.0424],[139.52497,36.04229],[139.52491,36.0421],[139.525,36.04137],[139.52498,36.04116],[139.52491,36.04101],[139.52472,36.04087],[139.52455,36.04044],[139.52421,36.03835],[139.52409,36.0381],[139.52385,36.03793],[139.52373,36.03769],[139.52377,36.03732],[139.52385,36.03721],[139.52408,36.03706],[139.52334,36.03698],[139.52293,36.03676],[139.52273,36.03648],[139.5223,36.03554],[139.52184,36.03511],[139.52177,36.03474],[139.52168,36.03461],[139.52142,36.03446],[139.52085,36.03429],[139.5207,36.03415],[139.52073,36.03389],[139.5211,36.03361],[139.52108,36.03352],[139.52087,36.03328],[139.52077,36.033],[139.52069,36.03208],[139.52077,36.03105],[139.52089,36.03075],[139.52106,36.03059],[139.52126,36.03052],[139.52154,36.03035],[139.52177,36.03007],[139.5219,36.02982],[139.522,36.02897],[139.52193,36.02749],[139.52196,36.02728],[139.52209,36.02699],[139.52219,36.0269],[139.52267,36.02682],[139.52282,36.02672],[139.52291,36.02657]],[[139.58563,36.12162],[139.58591,36.1215],[139.58638,36.12156],[139.58645,36.12134],[139.58654,36.12125],[139.58719,36.12101],[139.58745,36.1208],[139.5878,36.12024],[139.58839,36.1189],[139.58856,36.11868],[139.58877,36.11852],[139.58872,36.11835],[139.58839,36.11803],[139.58827,36.11784],[139.58822,36.11764],[139.58823,36.11743],[139.58831,36.11721],[139.5885,36.11693],[139.5891,36.11648],[139.58919,36.11633],[139.58923,36.11609],[139.5891,36.11582],[139.58867,36.11563],[139.58847,36.11548],[139.58841,36.11535],[139.58841,36.11511],[139.58848,36.11496],[139.58877,36.11487],[139.58887,36.11477],[139.589,36.11399],[139.58909,36.11386],[139.58939,36.11367],[139.58961,36.11361],[139.59017,36.11354],[139.59133,36.11361],[139.59178,36.11377],[139.59202,36.11406],[139.59224,36.11413],[139.59255,36.11414],[139.59344,36.11399],[139.59374,36.11386],[139.59397,36.11366],[139.59419,36.11359],[139.59508,36.11356],[139.59578,36.11363],[139.59609,36.11379],[139.5962,36.11408],[139.59631,36.11416],[139.59711,36.11426],[139.59737,36.11438],[139.59763,36.11475],[139.59785,36.11557],[139.59795,36.11574],[139.59808,36.11581],[139.59821,36.1158],[139.59833,36.11573],[139.59861,36.11521],[139.59891,36.115],[139.5994,36.11491],[139.6,36.11496],[139.60052,36.11513],[139.60124,36.11561],[139.60152,36.11574],[139.60245,36.11589],[139.60254,36.11597],[139.60258,36.11612],[139.60277,36.11623],[139.60383,36.11634],[139.60414,36.11643],[139.60469,36.11672],[139.60499,36.11682],[139.60513,36.1168],[139.60529,36.11661],[139.60545,36.11652],[139.60565,36.1165],[139.60577,36.11654],[139.60593,36.11666],[139.6062,36.11708],[139.60643,36.11717],[139.60692,36.11725],[139.60717,36.1174],[139.60752,36.11775],[139.60772,36.11785],[139.60792,36.11787],[139.60799,36.11794],[139.60801,36.11807],[139.60795,36.11837],[139.60777,36.11866],[139.60758,36.11882],[139.6071,36.11907],[139.60699,36.11916],[139.60703,36.11924],[139.60754,36.11945],[139.60764,36.11974],[139.60736,36.1208],[139.60745,36.12155],[139.60735,36.12168],[139.60717,36.1217],[139.60704,36.12176],[139.60698,36.12194],[139.60704,36.12203],[139.60716,36.1221],[139.60785,36.12216],[139.60811,36.12225],[139.60825,36.1224],[139.60826,36.12262],[139.6079,36.12304],[139.60776,36.12361],[139.60763,36.12371],[139.60743,36.12374],[139.60726,36.12393],[139.60705,36.12463],[139.60687,36.12501],[139.6063,36.12551],[139.60624,36.12566],[139.60631,36.12599],[139.60627,36.12619],[139.60614,36.12643],[139.60567,36.12696],[139.60545,36.12728],[139.60541,36.12745],[139.60548,36.12763],[139.60547,36.1278],[139.60511,36.12821],[139.60499,36.12869],[139.60467,36.12897],[139.60351,36.12954],[139.60304,36.12991],[139.60246,36.13067],[139.60199,36.1316],[139.60178,36.13183],[139.60154,36.13201],[139.60126,36.13213],[139.60095,36.13221],[139.6006,36.13223],[139.59911,36.13201],[139.59861,36.13202],[139.59831,36.13212],[139.59809,36.13251],[139.59788,36.13272],[139.5976,36.13284],[139.59735,36.13285],[139.59688,36.13277],[139.59609,36.13248],[139.59555,36.13236],[139.59452,36.13239],[139.59438,36.13233],[139.59414,36.1321],[139.59348,36.13196],[139.59338,36.13187],[139.59332,36.13158],[139.59319,36.13152],[139.5928,36.13158],[139.59206,36.13185],[139.59179,36.13189],[139.59161,36.13187],[139.5914,36.13167],[139.59121,36.13158],[139.59047,36.13141],[139.59014,36.1313],[139.59004,36.1312],[139.58998,36.131],[139.58988,36.13094],[139.58929,36.13083],[139.5891,36.13067],[139.58897,36.13044],[139.58879,36.13032],[139.58836,36.13023],[139.58778,36.13021],[139.58735,36.13014],[139.58717,36.13006],[139.5869,36.1298],[139.58649,36.12972],[139.58633,36.12936],[139.58585,36.12915],[139.58565,36.129],[139.58556,36.12862],[139.58545,36.12843],[139.58502,36.12824],[139.58482,36.1281],[139.58468,36.12766],[139.58442,36.12753],[139.58382,36.12747],[139.58369,36.12742],[139.58349,36.12722],[139.58336,36.12671],[139.58339,36.12594],[139.58349,36.1255],[139.5837,36.12529],[139.58406,36.12521],[139.5838,36.12482],[139.5838,36.1244],[139.58404,36.12358],[139.58433,36.12309],[139.58456,36.12288],[139.58495,36.12268],[139.58522,36.12248],[139.5853,36.12233],[139.58537,36.12193],[139.58563,36.12162]],[[139.66236,35.98215],[139.66279,35.98195],[139.66321,35.98182],[139.66355,35.98186],[139.66378,35.98209],[139.66391,35.98252],[139.66396,35.98371],[139.66407,35.98426],[139.66418,35.98443],[139.66446,35.98463],[139.66466,35.98493],[139.66484,35.98533],[139.66483,35.98557],[139.66458,35.98589],[139.66408,35.98614],[139.66352,35.9863],[139.66272,35.98636],[139.66253,35.98642],[139.66237,35.98654],[139.66222,35.98672],[139.662,35.98726],[139.66175,35.98893],[139.66163,35.98928],[139.66146,35.98957],[139.66126,35.98979],[139.661,35.98995],[139.66071,35.99005],[139.66037,35.99009],[139.65929,35.99005],[139.65841,35.99018],[139.65793,35.99035],[139.65706,35.99077],[139.65668,35.99086],[139.6564,35.99075],[139.65626,35.99052],[139.65627,35.99013],[139.6564,35.98952],[139.65655,35.98903],[139.6568,35.98846],[139.65698,35.98819],[139.65752,35.98763],[139.65787,35.9869],[139.6581,35.98667],[139.65842,35.98646],[139.65869,35.98617],[139.66003,35.98421],[139.66071,35.98341],[139.66143,35.98277],[139.66236,35.98215]],[[139.6838,35.94648],[139.68386,35.9463],[139.68381,35.94612],[139.68366,35.94589],[139.68306,35.94542],[139.68294,35.94521],[139.68288,35.94494],[139.68289,35.94445],[139.68299,35.94413],[139.68319,35.94382],[139.68347,35.94353],[139.68381,35.94327],[139.68425,35.94304],[139.6845,35.94299],[139.68483,35.94304],[139.68518,35.943],[139.68586,35.94267],[139.68639,35.94251],[139.68751,35.94244],[139.68793,35.94237],[139.68847,35.94216],[139.68907,35.94177],[139.68944,35.94167],[139.68986,35.94164],[139.69055,35.9417],[139.69109,35.94169],[139.69133,35.94163],[139.69157,35.94149],[139.69175,35.94146],[139.69209,35.94156],[139.69272,35.94188],[139.69301,35.94192],[139.69331,35.94178],[139.69342,35.94148],[139.69357,35.94134],[139.69388,35.94123],[139.69429,35.94119],[139.69465,35.94128],[139.69509,35.94156],[139.69548,35.94172],[139.69661,35.94183],[139.69766,35.94211],[139.69823,35.94211],[139.69916,35.94195],[139.69981,35.94201],[139.7002,35.94217],[139.70104,35.94274],[139.7015,35.9429],[139.70209,35.94296],[139.70221,35.94303],[139.70229,35.94323],[139.70239,35.94332],[139.70319,35.94355],[139.70343,35.94371],[139.70363,35.94411],[139.70373,35.9451],[139.70383,35.9453],[139.70404,35.94554],[139.70406,35.94565],[139.70383,35.94595],[139.7037,35.94624],[139.70363,35.94698],[139.70356,35.9473],[139.70346,35.94741],[139.70317,35.94747],[139.7031,35.94757],[139.70314,35.94781],[139.70351,35.94791],[139.70359,35.94798],[139.70364,35.94817],[139.70355,35.94856],[139.70322,35.94896],[139.70347,35.94902],[139.70367,35.94915],[139.70388,35.9494],[139.7041,35.94979],[139.70455,35.95079],[139.70481,35.9515],[139.70492,35.95205],[139.70486,35.95274],[139.70502,35.95297],[139.70549,35.95332],[139.70557,35.95354],[139.70549,35.95364],[139.70531,35.95373],[139.70406,35.95401],[139.70357,35.95425],[139.70289,35.95472],[139.70266,35.95482],[139.70225,35.95487],[139.70215,35.95493],[139.70216,35.95508],[139.70243,35.95554],[139.70251,35.9559],[139.70249,35.9563],[139.70236,35.95653],[139.70197,35.95679],[139.7014,35.95698],[139.70111,35.95713],[139.70088,35.9574],[139.70084,35.95772],[139.70068,35.95797],[139.70049,35.95807],[139.7001,35.95818],[139.69989,35.95829],[139.69973,35.95844],[139.69954,35.95885],[139.69938,35.95902],[139.69902,35.9592],[139.6983,35.95939],[139.6981,35.95958],[139.698,35.95993],[139.69788,35.96001],[139.69761,35.96004],[139.69711,35.95986],[139.69647,35.9594],[139.69599,35.95895],[139.69589,35.95878],[139.69584,35.95857],[139.69555,35.95884],[139.69512,35.95891],[139.69444,35.9588],[139.69255,35.95836],[139.69194,35.95831],[139.69127,35.95838],[139.69107,35.95834],[139.69071,35.95815],[139.69027,35.95809],[139.68915,35.95808],[139.68673,35.95817],[139.68556,35.95812],[139.68523,35.95806],[139.68491,35.95788],[139.6848,35.9577],[139.68473,35.95721],[139.68454,35.957],[139.68413,35.9569],[139.68314,35.95687],[139.68292,35.9568],[139.68274,35.95666],[139.68247,35.95616],[139.68238,35.95581],[139.68229,35.95489],[139.68231,35.9538],[139.68242,35.95283],[139.68262,35.95199],[139.6829,35.95128],[139.68347,35.95019],[139.68369,35.94949],[139.68368,35.94928],[139.6836,35.94907],[139.68324,35.94891],[139.68303,35.94861],[139.68282,35.94809],[139.68278,35.94773],[139.68293,35.94727],[139.68319,35.94701],[139.68363,35.94668],[139.6838,35.94648]],[[139.68543,36.20061],[139.68481,36.2006],[139.68429,36.20048],[139.6841,36.2004],[139.68392,36.20025],[139.6839,36.20011],[139.68405,36.19988],[139.68486,36.19911],[139.68546,36.19864],[139.68617,36.1982],[139.68651,36.19808],[139.68664,36.19807],[139.68682,36.19816],[139.68694,36.19853],[139.68679,36.19947],[139.6865,36.20012],[139.68638,36.20027],[139.6861,36.20049],[139.68594,36.20055],[139.68543,36.20061]],[[139.70408,35.95732],[139.70448,35.95731],[139.70534,35.95758],[139.70567,35.95776],[139.70614,35.95817],[139.70637,35.95829],[139.70675,35.95831],[139.70714,35.95818],[139.7074,35.95817],[139.7075,35.95832],[139.70748,35.95854],[139.70737,35.95867],[139.70711,35.95873],[139.70711,35.95886],[139.70735,35.95915],[139.70757,35.95925],[139.70787,35.95929],[139.70862,35.95922],[139.70909,35.95906],[139.70922,35.95878],[139.70934,35.95867],[139.70992,35.95838],[139.71026,35.95812],[139.71066,35.9575],[139.71091,35.9573],[139.7111,35.95729],[139.7113,35.95738],[139.71148,35.95763],[139.71147,35.95801],[139.71119,35.95864],[139.71087,35.95902],[139.7101,35.95961],[139.70994,35.95998],[139.70948,35.96012],[139.70892,35.96062],[139.70824,35.96085],[139.70664,35.96185],[139.70635,35.96196],[139.70608,35.96195],[139.70599,35.96188],[139.70597,35.9618],[139.70616,35.96154],[139.70602,35.96143],[139.70565,35.96132],[139.70435,35.96111],[139.70387,35.9611],[139.70362,35.96118],[139.70359,35.96134],[139.70379,35.96164],[139.704,35.96181],[139.70426,35.96187],[139.70429,35.96196],[139.70417,35.96222],[139.70387,35.9626],[139.70362,35.96278],[139.70333,35.96287],[139.70301,35.96288],[139.70242,35.96274],[139.70216,35.9626],[139.70202,35.96245],[139.70187,35.96239],[139.7015,35.96238],[139.70089,35.96245],[139.7007,35.96243],[139.70059,35.96237],[139.70057,35.96227],[139.70065,35.9621],[139.70124,35.96166],[139.70098,35.96159],[139.7009,35.96151],[139.70084,35.96117],[139.70076,35.96101],[139.70041,35.96091],[139.70021,35.96072],[139.70011,35.96035],[139.70026,35.96017],[139.70052,35.95999],[139.70061,35.95974],[139.70078,35.95968],[139.70252,35.95972],[139.70288,35.95965],[139.70315,35.95952],[139.70335,35.95933],[139.70355,35.95889],[139.70363,35.958],[139.70372,35.95761],[139.70381,35.95748],[139.70408,35.95732]],[[139.72656,35.82754],[139.72669,35.82759],[139.72684,35.82805],[139.72696,35.82899],[139.72698,35.82999],[139.72689,35.83082],[139.72669,35.83151],[139.7264,35.83212],[139.7259,35.83284],[139.72547,35.83323],[139.7254,35.83326],[139.72529,35.83323],[139.72523,35.83305],[139.72528,35.83284],[139.72549,35.83252],[139.72542,35.83233],[139.72523,35.83224],[139.72476,35.83214],[139.72444,35.83203],[139.72433,35.83193],[139.72429,35.83176],[139.72414,35.83156],[139.72356,35.83115],[139.72326,35.83084],[139.72313,35.83059],[139.72303,35.83019],[139.72304,35.82993],[139.72317,35.82982],[139.72333,35.8298],[139.72373,35.82961],[139.72499,35.82879],[139.72557,35.82849],[139.72573,35.82847],[139.72594,35.82854],[139.72634,35.82891],[139.72641,35.82892],[139.72634,35.82809],[139.72636,35.82785],[139.72649,35.8276],[139.72656,35.82754]],[[139.76847,35.97781],[139.76868,35.97779],[139.76897,35.9777],[139.76907,35.97753],[139.76888,35.977],[139.76883,35.97662],[139.7689,35.97627],[139.76908,35.97607],[139.76966,35.97586],[139.77115,35.97568],[139.77173,35.97555],[139.77222,35.97521],[139.77282,35.97503],[139.77306,35.97492],[139.77334,35.97468],[139.7737,35.97421],[139.77384,35.97411],[139.77404,35.97407],[139.77412,35.97428],[139.77407,35.97513],[139.77361,35.9776],[139.77319,35.97903],[139.77298,35.97947],[139.77266,35.97987],[139.77188,35.9805],[139.77075,35.98117],[139.76993,35.98154],[139.76873,35.98192],[139.76758,35.98208],[139.76696,35.98211],[139.76638,35.98206],[139.76624,35.98198],[139.76625,35.98187],[139.76637,35.98167],[139.76661,35.98143],[139.76679,35.98126],[139.76691,35.98101],[139.76688,35.98084],[139.76668,35.9805],[139.76666,35.98034],[139.76689,35.97989],[139.76696,35.97962],[139.76693,35.97834],[139.76708,35.97801],[139.76722,35.9779],[139.76762,35.97778],[139.76847,35.97781]],[[139.77474,35.97495],[139.77499,35.97444],[139.77509,35.97397],[139.77512,35.97341],[139.77504,35.97284],[139.77485,35.9723],[139.77458,35.97182],[139.77455,35.9717],[139.77458,35.97153],[139.77476,35.97146],[139.77523,35.97151],[139.77563,35.97147],[139.77584,35.97137],[139.77615,35.97109],[139.77635,35.97102],[139.77719,35.97105],[139.77741,35.97092],[139.77753,35.97069],[139.77768,35.97057],[139.77816,35.9706],[139.77844,35.97047],[139.77895,35.97012],[139.77937,35.97002],[139.77956,35.97004],[139.7797,35.97012],[139.77982,35.97039],[139.77986,35.97077],[139.77991,35.97086],[139.78009,35.97097],[139.78038,35.97098],[139.78112,35.97082],[139.78148,35.97082],[139.78175,35.97103],[139.78188,35.97107],[139.7825,35.97102],[139.78268,35.97115],[139.78289,35.97147],[139.783,35.97151],[139.78326,35.97148],[139.78332,35.97152],[139.78348,35.97186],[139.78364,35.97273],[139.78377,35.97306],[139.78386,35.97318],[139.78407,35.9733],[139.78446,35.97326],[139.78476,35.97334],[139.78494,35.97357],[139.78501,35.97387],[139.78496,35.97403],[139.78455,35.97415],[139.78434,35.97438],[139.78421,35.97446],[139.78326,35.9746],[139.78316,35.97472],[139.78319,35.97483],[139.78334,35.97491],[139.78361,35.97496],[139.78446,35.975],[139.78464,35.97504],[139.78492,35.97519],[139.78507,35.97542],[139.78518,35.9762],[139.78528,35.97631],[139.78552,35.97637],[139.7856,35.97647],[139.78566,35.97694],[139.78574,35.97715],[139.78583,35.97722],[139.78603,35.97724],[139.7862,35.97734],[139.78654,35.97785],[139.78711,35.97801],[139.7876,35.97839],[139.78783,35.9788],[139.78808,35.97979],[139.78826,35.98008],[139.78838,35.98018],[139.78869,35.98029],[139.78928,35.98025],[139.78978,35.98032],[139.79017,35.98056],[139.79035,35.98078],[139.79043,35.98099],[139.79035,35.98127],[139.79008,35.98154],[139.78996,35.98174],[139.78991,35.98197],[139.78996,35.98251],[139.78986,35.98275],[139.78962,35.98297],[139.78878,35.98333],[139.78837,35.98362],[139.78826,35.98383],[139.78831,35.98439],[139.78823,35.9845],[139.78795,35.9847],[139.78783,35.98514],[139.78766,35.98537],[139.78689,35.98594],[139.78607,35.98638],[139.78529,35.98663],[139.78434,35.98672],[139.78401,35.98684],[139.78389,35.98694],[139.78373,35.98721],[139.78369,35.98775],[139.78353,35.98809],[139.78334,35.98817],[139.78284,35.98815],[139.78266,35.98824],[139.78252,35.98842],[139.7824,35.98881],[139.78221,35.9891],[139.78205,35.98923],[139.78156,35.98945],[139.78143,35.98974],[139.78112,35.98984],[139.78073,35.98983],[139.78047,35.98972],[139.78012,35.9894],[139.7798,35.98894],[139.77949,35.98859],[139.77928,35.98844],[139.77898,35.98836],[139.77882,35.98839],[139.77869,35.98849],[139.77851,35.98888],[139.77829,35.98916],[139.77808,35.98931],[139.77768,35.98947],[139.77725,35.9896],[139.77695,35.98961],[139.77682,35.98955],[139.77675,35.98932],[139.77667,35.98924],[139.77641,35.98918],[139.77601,35.98918],[139.77576,35.98925],[139.77552,35.98938],[139.775,35.98986],[139.77474,35.99003],[139.77452,35.99007],[139.77438,35.99002],[139.77417,35.98981],[139.77389,35.98931],[139.77369,35.98905],[139.77355,35.98896],[139.77323,35.98888],[139.77286,35.98835],[139.77219,35.98799],[139.7721,35.98784],[139.77204,35.98744],[139.77196,35.98728],[139.7718,35.98718],[139.77131,35.98713],[139.77101,35.987],[139.77088,35.98684],[139.7707,35.98645],[139.77057,35.98632],[139.77041,35.98625],[139.77004,35.98621],[139.76992,35.98613],[139.76986,35.98602],[139.76983,35.98578],[139.76971,35.98563],[139.76909,35.98549],[139.76893,35.98516],[139.76839,35.9849],[139.76828,35.98468],[139.76835,35.98428],[139.76826,35.98407],[139.76809,35.984],[139.76757,35.98395],[139.76721,35.98382],[139.76679,35.98352],[139.76656,35.98323],[139.76652,35.98305],[139.76667,35.98295],[139.76704,35.98286],[139.76797,35.98276],[139.76839,35.98273],[139.76922,35.98258],[139.77005,35.9823],[139.77089,35.9819],[139.77172,35.98137],[139.77245,35.9808],[139.77304,35.98024],[139.77366,35.9794],[139.77392,35.97882],[139.77422,35.97788],[139.77462,35.97533],[139.77474,35.97495]],[[139.77671,35.96191],[139.77688,35.96314],[139.77697,35.96331],[139.77716,35.96342],[139.77725,35.96353],[139.77716,35.96386],[139.77721,35.96391],[139.7775,35.96398],[139.77761,35.96407],[139.77791,35.96472],[139.77801,35.96485],[139.77832,35.96506],[139.77844,35.96543],[139.77843,35.96583],[139.77823,35.96615],[139.778,35.96632],[139.77751,35.9665],[139.77711,35.96674],[139.77666,35.96726],[139.77622,35.96759],[139.77501,35.96816],[139.77459,35.9684],[139.77414,35.96879],[139.77384,35.96928],[139.77363,35.96941],[139.77349,35.96937],[139.77336,35.96924],[139.77314,35.96887],[139.77299,35.96829],[139.77289,35.96742],[139.77275,35.96558],[139.77274,35.96465],[139.77279,35.9639],[139.773,35.96311],[139.7734,35.96259],[139.77408,35.962],[139.77532,35.96116],[139.77578,35.96092],[139.77604,35.96085],[139.7761,35.96088],[139.77612,35.96095],[139.77606,35.96116],[139.77612,35.96141],[139.77624,35.96151],[139.77652,35.96163],[139.77671,35.96191]],[[139.7974,35.977],[139.79755,35.97687],[139.79755,35.97666],[139.79744,35.97653],[139.79721,35.97639],[139.79716,35.97614],[139.79733,35.97557],[139.79762,35.97519],[139.79802,35.975],[139.79867,35.97496],[139.79909,35.97488],[139.79971,35.97462],[139.79988,35.97461],[139.80016,35.97468],[139.80029,35.97467],[139.80042,35.97436],[139.8011,35.97403],[139.80123,35.97368],[139.8016,35.9734],[139.80171,35.9731],[139.80178,35.9725],[139.80202,35.97229],[139.80221,35.97222],[139.80273,35.97215],[139.80436,35.97222],[139.80502,35.97218],[139.80528,35.97201],[139.80554,35.97145],[139.8057,35.97132],[139.80606,35.97124],[139.80654,35.9713],[139.80687,35.97129],[139.80698,35.97123],[139.80702,35.97108],[139.8071,35.971],[139.80748,35.97093],[139.80799,35.97095],[139.80842,35.97106],[139.80861,35.9712],[139.80871,35.97149],[139.80918,35.97126],[139.80965,35.97118],[139.81052,35.97116],[139.81098,35.97123],[139.81113,35.9713],[139.81125,35.97152],[139.81146,35.97163],[139.81292,35.97209],[139.81307,35.9722],[139.81318,35.97247],[139.8136,35.97258],[139.81373,35.97289],[139.81385,35.97294],[139.81435,35.973],[139.81447,35.97311],[139.81451,35.97327],[139.81464,35.97336],[139.81577,35.97366],[139.81591,35.97375],[139.81613,35.97399],[139.81641,35.97485],[139.81667,35.97519],[139.81729,35.97543],[139.81747,35.97556],[139.81761,35.97573],[139.81774,35.97604],[139.81796,35.97625],[139.81817,35.97633],[139.8188,35.97638],[139.819,35.97644],[139.81923,35.97659],[139.81939,35.97683],[139.81949,35.97754],[139.81965,35.97778],[139.81984,35.97783],[139.82022,35.97778],[139.82048,35.97789],[139.82056,35.97806],[139.8206,35.97846],[139.82068,35.97871],[139.82094,35.97902],[139.82152,35.97947],[139.82164,35.97967],[139.82169,35.97989],[139.82168,35.9801],[139.82156,35.98035],[139.82142,35.98046],[139.82099,35.98065],[139.82086,35.98092],[139.82087,35.98108],[139.82094,35.98123],[139.82133,35.98134],[139.82141,35.98149],[139.82133,35.98174],[139.82104,35.98191],[139.82087,35.98209],[139.82068,35.98261],[139.82069,35.98307],[139.82094,35.98409],[139.82095,35.98454],[139.82085,35.98472],[139.82057,35.98485],[139.82029,35.98509],[139.81991,35.98581],[139.8197,35.98602],[139.81945,35.98614],[139.81897,35.98613],[139.81841,35.98598],[139.81786,35.98569],[139.81774,35.98598],[139.81759,35.98616],[139.81703,35.98666],[139.81669,35.98688],[139.81623,35.98705],[139.81568,35.98702],[139.81548,35.98707],[139.81533,35.9873],[139.81522,35.98809],[139.81493,35.98867],[139.81459,35.98897],[139.81392,35.98927],[139.81347,35.9897],[139.81327,35.98983],[139.81313,35.98986],[139.81292,35.98984],[139.8125,35.9896],[139.81236,35.98934],[139.81241,35.98886],[139.8123,35.98869],[139.81193,35.98844],[139.81157,35.98828],[139.81114,35.98818],[139.81063,35.98814],[139.81006,35.98815],[139.80926,35.98827],[139.80907,35.98833],[139.80884,35.98848],[139.80878,35.98867],[139.80884,35.98913],[139.80869,35.98958],[139.80839,35.98994],[139.80821,35.99004],[139.80802,35.99008],[139.80782,35.99008],[139.80763,35.99001],[139.80746,35.98967],[139.80705,35.98959],[139.80684,35.98938],[139.80659,35.98923],[139.80575,35.98894],[139.80391,35.98839],[139.80349,35.98821],[139.80282,35.98781],[139.80235,35.98733],[139.80175,35.98609],[139.80138,35.98561],[139.8011,35.98542],[139.80071,35.98523],[139.80047,35.98516],[139.79978,35.98505],[139.79942,35.98481],[139.79932,35.98448],[139.79941,35.98397],[139.7993,35.98376],[139.79876,35.9835],[139.79828,35.98294],[139.79805,35.98279],[139.79776,35.98269],[139.79701,35.98263],[139.79662,35.98254],[139.79649,35.98242],[139.79644,35.98219],[139.79629,35.982],[139.7956,35.98176],[139.79534,35.98159],[139.7952,35.98136],[139.79518,35.98118],[139.79523,35.98099],[139.79544,35.98067],[139.79592,35.98025],[139.79637,35.9801],[139.79654,35.97953],[139.79706,35.97894],[139.79706,35.97869],[139.79666,35.97825],[139.79654,35.97806],[139.79646,35.97763],[139.79651,35.97744],[139.79664,35.97729],[139.79683,35.97718],[139.7974,35.977]],[[139.83851,35.88097],[139.8383,35.88116],[139.83799,35.88125],[139.83778,35.88116],[139.83737,35.88081],[139.83716,35.88073],[139.83695,35.88074],[139.83652,35.88092],[139.83616,35.881],[139.83576,35.88102],[139.83531,35.88094],[139.83483,35.88073],[139.83435,35.88041],[139.8341,35.88014],[139.83413,35.87993],[139.83429,35.87982],[139.83465,35.87971],[139.83557,35.87968],[139.83603,35.87974],[139.83651,35.87997],[139.83678,35.88003],[139.83852,35.88],[139.83877,35.88007],[139.83884,35.88012],[139.83887,35.88028],[139.83879,35.88055],[139.83851,35.88097]],[[139.83699,35.86968],[139.83806,35.86991],[139.83833,35.87005],[139.83858,35.87024],[139.83878,35.87048],[139.8391,35.87113],[139.83927,35.87198],[139.83932,35.87293],[139.83933,35.87363],[139.83924,35.8742],[139.83918,35.87426],[139.83904,35.87428],[139.83879,35.8744],[139.83812,35.875],[139.83795,35.87507],[139.83773,35.87504],[139.83754,35.87486],[139.83747,35.87449],[139.83738,35.87437],[139.83712,35.87427],[139.83674,35.87426],[139.83648,35.87419],[139.83625,35.87384],[139.83529,35.87343],[139.83493,35.87317],[139.83468,35.87286],[139.83461,35.87263],[139.83462,35.8724],[139.8348,35.87207],[139.83528,35.87164],[139.83544,35.87157],[139.83564,35.87155],[139.83577,35.87145],[139.83588,35.87097],[139.83627,35.87063],[139.83629,35.87051],[139.8362,35.87005],[139.83624,35.86991],[139.83641,35.86973],[139.83664,35.86967],[139.83699,35.86968]],[[139.87772,35.8178],[139.87824,35.81789],[139.87853,35.818],[139.87917,35.81805],[139.88434,35.81801],[139.8847,35.81807],[139.88471,35.81812],[139.8845,35.81826],[139.88453,35.81833],[139.88518,35.81838],[139.88558,35.81851],[139.88578,35.81866],[139.88603,35.81898],[139.88627,35.81917],[139.88661,35.81933],[139.88748,35.81959],[139.88781,35.81973],[139.88802,35.81991],[139.88811,35.82011],[139.88803,35.82057],[139.88774,35.82079],[139.88761,35.821],[139.88748,35.82194],[139.88712,35.82242],[139.88711,35.82264],[139.88719,35.82299],[139.88714,35.82307],[139.88692,35.82313],[139.88682,35.82329],[139.88676,35.82358],[139.88665,35.82511],[139.88621,35.82641],[139.88618,35.82676],[139.88623,35.82706],[139.88636,35.82729],[139.88655,35.82749],[139.88668,35.82785],[139.88674,35.82862],[139.88665,35.82931],[139.88656,35.82953],[139.88637,35.82975],[139.8863,35.83],[139.88635,35.83159],[139.88619,35.83201],[139.88598,35.83211],[139.88562,35.83216],[139.88546,35.83226],[139.88537,35.83241],[139.88528,35.8329],[139.88508,35.83308],[139.88466,35.83327],[139.88457,35.83339],[139.88451,35.83369],[139.88445,35.83379],[139.88433,35.83383],[139.88383,35.83379],[139.88371,35.83392],[139.88366,35.83419],[139.88357,35.83424],[139.88306,35.83405],[139.88291,35.83405],[139.88283,35.8343],[139.88267,35.83451],[139.8824,35.83475],[139.88219,35.83486],[139.88188,35.83486],[139.88146,35.8346],[139.88111,35.8345],[139.88086,35.83453],[139.88035,35.83468],[139.88016,35.83467],[139.88003,35.83459],[139.87981,35.83425],[139.87958,35.83415],[139.87946,35.83415],[139.87936,35.83422],[139.87944,35.83452],[139.87927,35.83481],[139.87897,35.83504],[139.87862,35.83514],[139.87837,35.83511],[139.87797,35.83496],[139.87771,35.83479],[139.87761,35.83457],[139.87744,35.83451],[139.87677,35.83455],[139.87559,35.83475],[139.87484,35.83483],[139.87455,35.83482],[139.87412,35.8347],[139.87389,35.83446],[139.87377,35.83401],[139.87362,35.83376],[139.87323,35.83363],[139.87313,35.83334],[139.87281,35.83337],[139.87271,35.83327],[139.87264,35.83288],[139.87259,35.83209],[139.87243,35.83175],[139.87226,35.83167],[139.87179,35.8316],[139.87149,35.83142],[139.87125,35.83108],[139.87093,35.83023],[139.87078,35.83004],[139.87041,35.82978],[139.87021,35.82958],[139.87012,35.82918],[139.87001,35.82896],[139.86943,35.82854],[139.86923,35.82816],[139.86874,35.82819],[139.86851,35.82802],[139.8684,35.82777],[139.86816,35.8269],[139.86793,35.82652],[139.86764,35.82622],[139.8675,35.82591],[139.86738,35.82523],[139.86733,35.82413],[139.86724,35.82376],[139.86709,35.82352],[139.86667,35.82333],[139.86654,35.82314],[139.86657,35.82301],[139.86672,35.82281],[139.86738,35.82219],[139.86827,35.82136],[139.86896,35.82042],[139.86947,35.81929],[139.86966,35.81826],[139.86976,35.81817],[139.87007,35.81811],[139.87029,35.8179],[139.87043,35.81785],[139.87106,35.81777],[139.87214,35.81772],[139.87544,35.8177],[139.87772,35.8178]],[[139.87648,35.81516],[139.87674,35.81508],[139.87698,35.81509],[139.87739,35.81521],[139.87781,35.81542],[139.87849,35.81589],[139.87873,35.81596],[139.87896,35.81596],[139.87941,35.8157],[139.87952,35.81553],[139.87959,35.81529],[139.88003,35.81515],[139.88037,35.81465],[139.88048,35.81457],[139.88068,35.81454],[139.88097,35.81469],[139.88147,35.81503],[139.8831,35.81631],[139.88334,35.81666],[139.88335,35.81694],[139.88312,35.81718],[139.88266,35.81736],[139.88195,35.81749],[139.88101,35.81757],[139.87983,35.8176],[139.87308,35.8174],[139.87218,35.81728],[139.87195,35.8172],[139.87182,35.8171],[139.87182,35.81694],[139.87197,35.81687],[139.87264,35.8168],[139.87309,35.81678],[139.87359,35.81662],[139.87379,35.81643],[139.87406,35.81578],[139.87418,35.81569],[139.87455,35.8156],[139.87479,35.81535],[139.87495,35.81535],[139.87546,35.81563],[139.87595,35.81566],[139.87624,35.81551],[139.87648,35.81516]]],[[[139.4257,35.76919],[139.4262,35.76934],[139.42639,35.76943],[139.42665,35.76969],[139.42685,35.77029],[139.42698,35.77051],[139.42714,35.77065],[139.42751,35.77081],[139.42763,35.77095],[139.42773,35.77152],[139.42779,35.77164],[139.42788,35.77171],[139.42819,35.77169],[139.42859,35.77135],[139.42927,35.77126],[139.42944,35.77118],[139.42953,35.77091],[139.42949,35.77042],[139.42961,35.77026],[139.4297,35.77021],[139.42997,35.77016],[139.43044,35.77018],[139.43075,35.77027],[139.43105,35.7705],[139.43165,35.77053],[139.43211,35.77049],[139.43249,35.77037],[139.43274,35.77017],[139.43281,35.77003],[139.43284,35.7697],[139.43276,35.76933],[139.43263,35.76906],[139.43244,35.76889],[139.43221,35.76881],[139.43184,35.76879],[139.43169,35.76874],[139.4316,35.76866],[139.43153,35.76847],[139.4312,35.76865],[139.43095,35.7687],[139.4302,35.76843],[139.42904,35.76829],[139.42885,35.76813],[139.42875,35.76776],[139.42846,35.76758],[139.42793,35.76753],[139.42721,35.76757],[139.42489,35.76782],[139.42333,35.76806],[139.42272,35.76823],[139.42246,35.7684],[139.4225,35.76865],[139.42259,35.76882],[139.42293,35.76916],[139.42312,35.76928],[139.4233,35.76933],[139.42346,35.7693],[139.42384,35.76913],[139.42474,35.76909],[139.4257,35.76919]]],[[[139.44375,35.77184],[139.44418,35.77166],[139.44441,35.77139],[139.44444,35.77117],[139.44439,35.77108],[139.44416,35.77093],[139.44397,35.77087],[139.44317,35.77075],[139.44223,35.77074],[139.44184,35.77084],[139.44166,35.77106],[139.44158,35.77127],[139.44151,35.77201],[139.44144,35.77236],[139.44134,35.7725],[139.44121,35.77257],[139.44102,35.77283],[139.44097,35.77343],[139.44109,35.7738],[139.4412,35.7739],[139.44135,35.77394],[139.44151,35.77391],[139.44168,35.77381],[139.44208,35.77341],[139.44237,35.77291],[139.44256,35.77237],[139.44274,35.77216],[139.44301,35.772],[139.44375,35.77184]]],[[[139.41886,35.82668],[139.41963,35.82665],[139.4202,35.82658],[139.42151,35.82631],[139.42204,35.82609],[139.42224,35.82595],[139.42246,35.82562],[139.4225,35.82543],[139.42241,35.825],[139.42217,35.82466],[139.42179,35.82445],[139.42155,35.8244],[139.42096,35.82441],[139.42062,35.82446],[139.41986,35.82467],[139.4196,35.82484],[139.41953,35.82505],[139.41956,35.82535],[139.41948,35.82551],[139.41931,35.82561],[139.4188,35.82577],[139.41849,35.82598],[139.41826,35.82628],[139.41823,35.82647],[139.41828,35.82654],[139.41849,35.82664],[139.41886,35.82668]]],[[[139.45421,35.78156],[139.45437,35.7815],[139.45479,35.78112],[139.45519,35.78101],[139.45515,35.78067],[139.4553,35.78042],[139.4558,35.78],[139.45625,35.77983],[139.45675,35.77981],[139.45733,35.77996],[139.4576,35.78019],[139.4578,35.78061],[139.45817,35.78034],[139.45839,35.78026],[139.4588,35.78025],[139.45954,35.78032],[139.4598,35.78024],[139.45994,35.78009],[139.46016,35.77999],[139.4605,35.77995],[139.46076,35.77997],[139.46101,35.78016],[139.4611,35.78039],[139.46115,35.78085],[139.46132,35.78105],[139.46146,35.7811],[139.46184,35.78113],[139.4626,35.78102],[139.46316,35.78104],[139.46338,35.78116],[139.46366,35.78167],[139.4638,35.78174],[139.46415,35.78176],[139.46399,35.78146],[139.46397,35.78129],[139.46406,35.78102],[139.46428,35.7807],[139.46468,35.78046],[139.46506,35.78035],[139.46573,35.78024],[139.46604,35.7801],[139.46622,35.77988],[139.46625,35.7796],[139.46621,35.77928],[139.46634,35.77896],[139.46656,35.77886],[139.46704,35.77881],[139.46735,35.77869],[139.46774,35.77832],[139.46808,35.77779],[139.46837,35.77753],[139.46854,35.77745],[139.46894,35.77737],[139.47007,35.7774],[139.47023,35.77735],[139.47031,35.7771],[139.47057,35.77692],[139.47089,35.77688],[139.47136,35.77696],[139.47148,35.77695],[139.47154,35.77682],[139.47148,35.77651],[139.47156,35.77637],[139.47199,35.77612],[139.47234,35.77608],[139.47307,35.77621],[139.47433,35.7767],[139.4751,35.77711],[139.47532,35.77743],[139.47575,35.77737],[139.47633,35.77765],[139.47667,35.77764],[139.47641,35.77727],[139.47604,35.77705],[139.47535,35.77685],[139.47564,35.77617],[139.47631,35.77635],[139.47694,35.77574],[139.47704,35.77557],[139.47671,35.77533],[139.47588,35.77522],[139.47451,35.77534],[139.47397,35.77568],[139.47421,35.77495],[139.47407,35.77466],[139.47327,35.77444],[139.4728,35.77447],[139.47226,35.77433],[139.47116,35.7734],[139.47086,35.77341],[139.47063,35.77352],[139.47023,35.7738],[139.47001,35.77413],[139.46985,35.77421],[139.46812,35.77415],[139.46636,35.77374],[139.46467,35.77372],[139.46427,35.77353],[139.4639,35.77308],[139.46332,35.77288],[139.46274,35.77305],[139.4625,35.77346],[139.46207,35.7735],[139.46134,35.77343],[139.46079,35.77257],[139.46056,35.77251],[139.45964,35.7725],[139.45948,35.77245],[139.4592,35.77216],[139.45892,35.77166],[139.45891,35.7716],[139.45867,35.7716],[139.45819,35.77332],[139.45798,35.77375],[139.45775,35.77404],[139.45733,35.77431],[139.4568,35.7745],[139.45629,35.7746],[139.45506,35.77475],[139.45504,35.77531],[139.45498,35.77551],[139.45474,35.77563],[139.45423,35.77564],[139.45385,35.77635],[139.45346,35.77673],[139.45313,35.7769],[139.45273,35.77702],[139.4524,35.77708],[139.45216,35.77707],[139.45203,35.77699],[139.45197,35.77669],[139.45188,35.77657],[139.45146,35.77636],[139.45134,35.77618],[139.45129,35.7759],[139.45133,35.77493],[139.45129,35.77479],[139.45113,35.77459],[139.45086,35.77451],[139.45039,35.77448],[139.45008,35.7744],[139.44982,35.77415],[139.44966,35.77406],[139.44907,35.77389],[139.44881,35.77378],[139.44872,35.77368],[139.44869,35.77352],[139.44853,35.77342],[139.44796,35.77338],[139.44777,35.77343],[139.44765,35.77353],[139.4476,35.77367],[139.44765,35.77396],[139.44801,35.77427],[139.44806,35.77453],[139.44799,35.77491],[139.44783,35.77524],[139.4476,35.77545],[139.44732,35.77557],[139.44722,35.77571],[139.44723,35.77606],[139.44734,35.77638],[139.44745,35.77653],[139.44781,35.77677],[139.44833,35.77691],[139.45014,35.77702],[139.45063,35.77709],[139.45094,35.77721],[139.45123,35.7776],[139.45153,35.7778],[139.45191,35.77798],[139.45213,35.77822],[139.45216,35.77845],[139.452,35.77902],[139.45249,35.77906],[139.4527,35.77927],[139.45271,35.77964],[139.45247,35.78038],[139.45247,35.78052],[139.45258,35.78073],[139.45282,35.78088],[139.45355,35.78103],[139.45381,35.78114],[139.45399,35.78127],[139.45412,35.7815],[139.45421,35.78156]]],[[[139.63574,35.94072],[139.63532,35.9406],[139.6341,35.94057],[139.63383,35.9408],[139.63377,35.94141],[139.63344,35.94186],[139.63345,35.94202],[139.63363,35.94232],[139.63385,35.94253],[139.63424,35.94274],[139.6346,35.94281],[139.63548,35.94283],[139.63604,35.94215],[139.63601,35.94117],[139.63586,35.94082],[139.63574,35.94072]]],[[[139.62883,35.94755],[139.62882,35.9477],[139.62891,35.94784],[139.62912,35.94794],[139.62967,35.948],[139.63013,35.94798],[139.63048,35.9479],[139.63073,35.94774],[139.63088,35.94751],[139.63105,35.94708],[139.63127,35.94677],[139.63234,35.94578],[139.63264,35.94544],[139.63302,35.94477],[139.63312,35.94437],[139.63311,35.94419],[139.63302,35.94408],[139.6328,35.94394],[139.63271,35.9437],[139.63262,35.94363],[139.63226,35.94363],[139.63102,35.94383],[139.63073,35.94382],[139.63053,35.94375],[139.63035,35.94355],[139.63027,35.94336],[139.63017,35.94264],[139.63005,35.94251],[139.62986,35.94246],[139.62948,35.94254],[139.62931,35.94266],[139.62922,35.94296],[139.62929,35.94354],[139.6292,35.9437],[139.62907,35.94372],[139.62894,35.94387],[139.62892,35.94409],[139.62908,35.94494],[139.62929,35.94528],[139.62975,35.94552],[139.6299,35.94568],[139.63005,35.94602],[139.63011,35.94654],[139.63002,35.94685],[139.62982,35.9471],[139.62948,35.94729],[139.62895,35.94739],[139.62883,35.94755]]],[[[139.62424,35.97843],[139.62432,35.97819],[139.62434,35.97758],[139.62418,35.97691],[139.62389,35.97647],[139.6237,35.97635],[139.62347,35.97628],[139.62322,35.97627],[139.62294,35.97632],[139.62206,35.97667],[139.62133,35.97705],[139.62076,35.97746],[139.6205,35.97772],[139.62036,35.97795],[139.62039,35.97825],[139.62082,35.97864],[139.62119,35.97883],[139.62149,35.97893],[139.62241,35.97901],[139.62337,35.97896],[139.62366,35.97889],[139.62391,35.97878],[139.6241,35.97862],[139.62424,35.97843]]],[[[139.6456,35.86192],[139.64586,35.86179],[139.64593,35.86157],[139.64585,35.86136],[139.64573,35.86125],[139.64537,35.8611],[139.6452,35.86098],[139.64502,35.86068],[139.64485,35.86018],[139.64464,35.85997],[139.64436,35.85992],[139.64416,35.85996],[139.64398,35.86006],[139.64359,35.86054],[139.64323,35.86088],[139.64189,35.86174],[139.64146,35.86229],[139.64131,35.86236],[139.64103,35.86239],[139.64087,35.86246],[139.64077,35.86271],[139.64086,35.8633],[139.64104,35.86362],[139.6413,35.86375],[139.6415,35.86374],[139.64169,35.86368],[139.64182,35.86334],[139.64208,35.86317],[139.64236,35.86313],[139.64272,35.8632],[139.64295,35.86314],[139.64342,35.86285],[139.64402,35.86239],[139.6446,35.86207],[139.64497,35.86197],[139.6456,35.86192]]],[[[139.65092,36.21204],[139.65096,36.21217],[139.65101,36.21219],[139.65121,36.21224],[139.6514,36.2122],[139.65148,36.21227],[139.65149,36.2123],[139.65151,36.21231],[139.65174,36.21247],[139.65192,36.21242],[139.65202,36.21246],[139.65205,36.2126],[139.65201,36.21265],[139.65225,36.21281],[139.65232,36.21283],[139.65235,36.21264],[139.65244,36.21257],[139.65256,36.21261],[139.6526,36.21277],[139.65258,36.2129],[139.65317,36.21305],[139.65379,36.213],[139.6547,36.21323],[139.65484,36.21327],[139.65472,36.21308],[139.65446,36.21296],[139.65408,36.21286],[139.65382,36.21271],[139.65373,36.21258],[139.65368,36.21228],[139.65358,36.21219],[139.65306,36.21209],[139.65292,36.21202],[139.65254,36.21149],[139.65198,36.21106],[139.65168,36.21094],[139.65134,36.21087],[139.65036,36.21089],[139.65003,36.21079],[139.64977,36.21056],[139.64967,36.2104],[139.64951,36.20998],[139.64927,36.20957],[139.64912,36.20943],[139.649,36.20964],[139.64893,36.21023],[139.64914,36.2108],[139.6494,36.21119],[139.65041,36.21129],[139.65064,36.21192],[139.65076,36.21194],[139.65092,36.21204]]],[[[139.70667,36.04484],[139.70691,36.04467],[139.70697,36.04441],[139.70693,36.04395],[139.70701,36.04374],[139.70718,36.04359],[139.70744,36.04352],[139.7078,36.0435],[139.708,36.04354],[139.7083,36.04372],[139.70842,36.04374],[139.70852,36.04369],[139.70869,36.04342],[139.70884,36.04328],[139.70921,36.04314],[139.71006,36.04293],[139.71042,36.04264],[139.71073,36.0426],[139.71135,36.04266],[139.71164,36.04259],[139.71169,36.04236],[139.71159,36.04215],[139.71139,36.04199],[139.7109,36.04186],[139.70987,36.04189],[139.70953,36.042],[139.70936,36.04215],[139.70886,36.04226],[139.7076,36.0423],[139.70698,36.04227],[139.7064,36.04219],[139.70626,36.0421],[139.70618,36.04189],[139.70586,36.04181],[139.70585,36.04174],[139.70595,36.04155],[139.70636,36.04121],[139.70776,36.04062],[139.70807,36.04045],[139.70828,36.04025],[139.70849,36.03982],[139.70721,36.0406],[139.70675,36.04078],[139.70633,36.04089],[139.70587,36.0411],[139.70464,36.04196],[139.70444,36.04205],[139.70413,36.0421],[139.70387,36.04223],[139.70348,36.04253],[139.70329,36.04275],[139.70322,36.0429],[139.70321,36.04319],[139.70373,36.04293],[139.70391,36.04294],[139.70403,36.04319],[139.70405,36.04365],[139.70413,36.044],[139.70422,36.04415],[139.70454,36.04437],[139.70463,36.04463],[139.70483,36.04472],[139.70518,36.0448],[139.70627,36.0449],[139.70667,36.04484]]],[[[139.80001,35.85558],[139.8003,35.85549],[139.80047,35.85535],[139.80076,35.85497],[139.80107,35.85438],[139.80138,35.85358],[139.80198,35.85169],[139.80215,35.85131],[139.80243,35.85094],[139.80252,35.85073],[139.8026,35.85016],[139.80261,35.84902],[139.80139,35.85154],[139.80065,35.85388],[139.80032,35.85439],[139.79991,35.85469],[139.79954,35.85513],[139.79886,35.85648],[139.79845,35.85702],[139.79795,35.85741],[139.79744,35.85767],[139.79709,35.85777],[139.7964,35.85782],[139.79592,35.85791],[139.79518,35.85827],[139.79457,35.85846],[139.79256,35.85876],[139.7923,35.85887],[139.79209,35.85916],[139.7935,35.85915],[139.7944,35.85902],[139.7949,35.85886],[139.79607,35.8584],[139.79667,35.85827],[139.7972,35.85824],[139.79776,35.85808],[139.79835,35.85777],[139.79892,35.85732],[139.79934,35.85682],[139.79988,35.8557],[139.80001,35.85558]]],[[[139.82979,35.87205],[139.82991,35.87176],[139.83024,35.87151],[139.83029,35.87136],[139.83027,35.87126],[139.83016,35.87118],[139.82996,35.87113],[139.82951,35.87111],[139.8292,35.87125],[139.82907,35.87138],[139.82884,35.8718],[139.82848,35.87308],[139.82812,35.87358],[139.82788,35.87376],[139.8276,35.8739],[139.82727,35.87399],[139.8269,35.87404],[139.82581,35.87406],[139.82518,35.87414],[139.82503,35.87424],[139.82498,35.8744],[139.82485,35.87452],[139.8244,35.87474],[139.82437,35.87479],[139.82444,35.87483],[139.82489,35.8749],[139.82703,35.87494],[139.82764,35.87489],[139.82817,35.87479],[139.82862,35.87464],[139.82898,35.87445],[139.82926,35.8742],[139.82946,35.8739],[139.82958,35.87356],[139.82979,35.87205]]],[[[139.82263,35.87975],[139.82165,35.87946],[139.82022,35.87926],[139.81971,35.87902],[139.81954,35.87885],[139.81942,35.87861],[139.81936,35.87829],[139.81949,35.87674],[139.81914,35.87734],[139.81902,35.87771],[139.81885,35.87979],[139.81875,35.88008],[139.81851,35.88048],[139.81841,35.88086],[139.81838,35.88133],[139.81846,35.88176],[139.81865,35.88205],[139.81913,35.8824],[139.81923,35.88267],[139.81934,35.88273],[139.81967,35.88274],[139.82034,35.88267],[139.82068,35.88269],[139.82109,35.88277],[139.82198,35.88305],[139.82387,35.88331],[139.82447,35.88326],[139.82461,35.88318],[139.82469,35.88306],[139.82471,35.8829],[139.82435,35.8819],[139.8243,35.88157],[139.82435,35.88107],[139.8243,35.88095],[139.8241,35.88067],[139.82374,35.88037],[139.82323,35.88004],[139.82263,35.87975]]]]}}]}