{"type":"FeatureCollection","features":[{"type":"Feature","properties":{},"geometry":{"type":"MultiPolygon","coordinates":[[[[139.25887,35.63053],[139.25876,35.63093],[139.25877,35.63111],[139.25895,35.63145],[139.25977,35.6321],[139.26003,35.63243],[139.25995,35.63266],[139.25947,35.63301],[139.25927,35.6333],[139.25919,35.63373],[139.25925,35.63421],[139.25951,35.63464],[139.25979,35.63488],[139.26013,35.6351],[139.26061,35.63531],[139.26129,35.63541],[139.26144,35.6355],[139.26148,35.63566],[139.26131,35.63626],[139.26142,35.63642],[139.26152,35.63647],[139.26183,35.63653],[139.26237,35.63649],[139.26261,35.63639],[139.26274,35.63623],[139.26279,35.63591],[139.26292,35.63571],[139.26331,35.63542],[139.2637,35.63525],[139.26457,35.63503],[139.26574,35.63495],[139.26631,35.63476],[139.26661,35.63453],[139.26721,35.63375],[139.26737,35.63364],[139.2677,35.63355],[139.26781,35.63322],[139.26825,35.6329],[139.26851,35.63235],[139.26865,35.63219],[139.26895,35.63207],[139.26952,35.63199],[139.26968,35.63183],[139.26973,35.6316],[139.27,35.63145],[139.27079,35.63139],[139.27119,35.63149],[139.27135,35.6316],[139.2716,35.63192],[139.27169,35.63213],[139.27191,35.63312],[139.27213,35.63343],[139.27227,35.63354],[139.27262,35.63365],[139.27282,35.63365],[139.27329,35.63361],[139.27347,35.63355],[139.27364,35.63321],[139.27392,35.63303],[139.27402,35.63291],[139.27414,35.6322],[139.27429,35.63192],[139.27475,35.6315],[139.27541,35.63109],[139.27583,35.63077],[139.27593,35.6306],[139.27588,35.63036],[139.27593,35.63022],[139.27636,35.62973],[139.27631,35.62943],[139.27613,35.62921],[139.27583,35.62899],[139.27523,35.62872],[139.27384,35.62835],[139.27337,35.62806],[139.27302,35.62763],[139.2729,35.62736],[139.27266,35.62642],[139.27238,35.62579],[139.27215,35.62558],[139.27164,35.6255],[139.27146,35.62542],[139.27132,35.62531],[139.27109,35.62496],[139.27076,35.62485],[139.27048,35.62488],[139.27033,35.62495],[139.26991,35.62549],[139.26929,35.62579],[139.26916,35.62595],[139.26897,35.62634],[139.26882,35.62642],[139.2686,35.62639],[139.26795,35.62604],[139.2674,35.62586],[139.26701,35.62582],[139.26641,35.62587],[139.26608,35.62581],[139.26572,35.62558],[139.26549,35.62519],[139.26516,35.62489],[139.26473,35.62472],[139.26382,35.6246],[139.26348,35.62459],[139.26315,35.6247],[139.26277,35.62496],[139.26213,35.62554],[139.26185,35.62569],[139.26164,35.62572],[139.26157,35.62579],[139.26156,35.626],[139.26161,35.62622],[139.26184,35.6266],[139.26245,35.62721],[139.26312,35.62766],[139.26394,35.62796],[139.26552,35.62819],[139.266,35.62829],[139.26636,35.62843],[139.2669,35.62878],[139.26721,35.62888],[139.26742,35.62889],[139.26759,35.62899],[139.26774,35.62937],[139.26778,35.62978],[139.26775,35.63045],[139.26764,35.63083],[139.26753,35.63092],[139.26723,35.631],[139.26664,35.63152],[139.26625,35.6317],[139.26594,35.63173],[139.26544,35.63167],[139.265,35.63168],[139.26439,35.63189],[139.26397,35.63198],[139.2626,35.63212],[139.26176,35.63214],[139.26112,35.632],[139.26088,35.63187],[139.26069,35.6317],[139.26055,35.6315],[139.26047,35.63125],[139.26042,35.63047],[139.26053,35.62988],[139.26104,35.6291],[139.26106,35.62895],[139.26098,35.62864],[139.2612,35.62826],[139.26117,35.62812],[139.2607,35.62799],[139.25856,35.62788],[139.25818,35.6278],[139.25783,35.62765],[139.25761,35.62761],[139.25723,35.62765],[139.25696,35.62774],[139.25667,35.62795],[139.25659,35.62813],[139.25663,35.62845],[139.25682,35.62865],[139.25744,35.62891],[139.25876,35.62918],[139.25917,35.6294],[139.25927,35.62954],[139.25931,35.6297],[139.25927,35.62989],[139.25887,35.63053]]],[[[139.271,35.64205],[139.27144,35.64204],[139.27221,35.64189],[139.27259,35.64175],[139.27291,35.64147],[139.27298,35.64105],[139.27307,35.64087],[139.2737,35.64038],[139.27383,35.64006],[139.27404,35.63993],[139.27452,35.6398],[139.27474,35.63959],[139.27477,35.63925],[139.27465,35.63887],[139.2745,35.63861],[139.27415,35.63834],[139.27405,35.63778],[139.27394,35.6376],[139.27362,35.63742],[139.2733,35.63735],[139.27302,35.63738],[139.27291,35.63744],[139.27276,35.63763],[139.27265,35.63846],[139.27249,35.63876],[139.27232,35.63883],[139.27189,35.6389],[139.27163,35.63913],[139.27141,35.63921],[139.27009,35.63929],[139.26957,35.63944],[139.2694,35.63964],[139.26927,35.64032],[139.26918,35.64045],[139.26905,35.64052],[139.26889,35.64064],[139.26881,35.64083],[139.26882,35.64107],[139.26891,35.64119],[139.26906,35.64126],[139.26956,35.64131],[139.26981,35.64138],[139.27005,35.64151],[139.27037,35.64181],[139.27064,35.64197],[139.271,35.64205]]],[[[139.28584,35.63781],[139.28577,35.63807],[139.28578,35.63817],[139.28587,35.63825],[139.28622,35.6384],[139.28636,35.63862],[139.28647,35.63918],[139.28655,35.64043],[139.28674,35.64096],[139.28702,35.64132],[139.28714,35.64157],[139.28719,35.64182],[139.28714,35.64238],[139.28726,35.64266],[139.28754,35.64294],[139.28849,35.64352],[139.28889,35.64383],[139.28917,35.64418],[139.28933,35.64455],[139.28942,35.64493],[139.28971,35.64533],[139.29002,35.64549],[139.29058,35.64562],[139.29082,35.64579],[139.29089,35.6459],[139.29092,35.64619],[139.29073,35.64691],[139.29071,35.64721],[139.29076,35.64745],[139.291,35.64791],[139.29102,35.64821],[139.29095,35.64854],[139.29101,35.64871],[139.29117,35.64884],[139.29144,35.64893],[139.2919,35.64897],[139.29213,35.64893],[139.29228,35.64884],[139.29251,35.64852],[139.29273,35.64838],[139.29361,35.64808],[139.294,35.64788],[139.29413,35.64773],[139.29417,35.6475],[139.29426,35.64741],[139.29452,35.64743],[139.2949,35.64756],[139.2952,35.64754],[139.29533,35.64742],[139.29542,35.64722],[139.29538,35.64699],[139.29532,35.64688],[139.2949,35.64654],[139.29425,35.6462],[139.2938,35.64589],[139.29365,35.6457],[139.29355,35.6454],[139.29329,35.64532],[139.29268,35.64537],[139.29224,35.64533],[139.29199,35.64523],[139.29169,35.64498],[139.29157,35.6448],[139.29152,35.6446],[139.29157,35.64399],[139.29142,35.64381],[139.29114,35.6437],[139.29099,35.64346],[139.29101,35.6427],[139.29083,35.64227],[139.29016,35.6415],[139.28887,35.64035],[139.28841,35.63971],[139.28838,35.63941],[139.28845,35.6393],[139.28873,35.63899],[139.28887,35.63892],[139.28907,35.63889],[139.28919,35.6388],[139.28946,35.63815],[139.28961,35.63796],[139.28998,35.6378],[139.29057,35.63774],[139.29074,35.63765],[139.2908,35.63749],[139.29071,35.63718],[139.29055,35.63703],[139.29033,35.63693],[139.28971,35.63685],[139.28948,35.63667],[139.28929,35.63614],[139.28927,35.63561],[139.28918,35.63512],[139.28897,35.63473],[139.28864,35.63444],[139.28819,35.63424],[139.28773,35.63414],[139.28731,35.63414],[139.28692,35.63425],[139.28641,35.63455],[139.28609,35.63482],[139.28587,35.63519],[139.2855,35.63532],[139.28487,35.63541],[139.28449,35.63548],[139.28425,35.63559],[139.28414,35.63572],[139.28414,35.6358],[139.28428,35.63604],[139.28444,35.63619],[139.28503,35.6365],[139.28529,35.63673],[139.28538,35.63692],[139.28548,35.63749],[139.28584,35.63781]]],[[[139.30076,35.64037],[139.30113,35.64019],[139.30178,35.63962],[139.30199,35.6395],[139.3022,35.63943],[139.30261,35.63937],[139.30282,35.63928],[139.30345,35.63873],[139.30365,35.6386],[139.30386,35.63854],[139.30444,35.63845],[139.30467,35.63833],[139.30486,35.63814],[139.30499,35.63768],[139.30497,35.63746],[139.30489,35.63727],[139.30463,35.63704],[139.30399,35.63669],[139.30391,35.63658],[139.30387,35.63642],[139.30372,35.63631],[139.30341,35.63627],[139.30302,35.63629],[139.30271,35.63637],[139.30248,35.63652],[139.30228,35.63685],[139.30222,35.63747],[139.3021,35.63773],[139.30195,35.63782],[139.30153,35.6379],[139.30144,35.63799],[139.30138,35.63829],[139.30129,35.63843],[139.30103,35.63857],[139.30065,35.63868],[139.30046,35.6388],[139.30034,35.63898],[139.30026,35.6395],[139.30013,35.63977],[139.29989,35.64001],[139.29918,35.6405],[139.29895,35.64084],[139.29889,35.64129],[139.29891,35.64155],[139.29915,35.64242],[139.29922,35.64304],[139.29914,35.64327],[139.29868,35.64351],[139.2986,35.64371],[139.29873,35.64399],[139.29898,35.64421],[139.29922,35.64432],[139.29978,35.6444],[139.29993,35.64457],[139.29997,35.64487],[139.29989,35.64521],[139.29969,35.64554],[139.29941,35.6459],[139.29921,35.64636],[139.29913,35.64718],[139.29922,35.64754],[139.29943,35.6478],[139.29976,35.64794],[139.29997,35.64797],[139.3006,35.64795],[139.30087,35.6479],[139.30103,35.64783],[139.30114,35.64757],[139.30137,35.64752],[139.30149,35.64744],[139.3017,35.64693],[139.30183,35.6459],[139.30178,35.64523],[139.30159,35.64475],[139.30136,35.64454],[139.30091,35.64434],[139.30073,35.64415],[139.30065,35.64399],[139.3006,35.64361],[139.30074,35.64289],[139.30069,35.64259],[139.30048,35.64238],[139.30023,35.64234],[139.30007,35.64227],[139.30001,35.64218],[139.30002,35.64182],[139.30012,35.64169],[139.30046,35.64162],[139.30055,35.64141],[139.30046,35.64115],[139.3002,35.64075],[139.30022,35.64056],[139.30037,35.64047],[139.30076,35.64037]]],[[[139.35889,35.63973],[139.359,35.6399],[139.35906,35.64017],[139.35906,35.64072],[139.35894,35.64112],[139.3588,35.64128],[139.35851,35.64139],[139.35837,35.6415],[139.35824,35.64185],[139.35832,35.64234],[139.3587,35.6428],[139.35883,35.64338],[139.35896,35.64347],[139.35915,35.6435],[139.35925,35.64361],[139.35933,35.64408],[139.35929,35.64457],[139.3592,35.64489],[139.35869,35.64574],[139.3585,35.64624],[139.35854,35.64676],[139.35867,35.647],[139.35884,35.64718],[139.35885,35.64738],[139.35847,35.6478],[139.35831,35.64807],[139.35812,35.64864],[139.35804,35.64913],[139.35798,35.64993],[139.35803,35.65031],[139.35825,35.65063],[139.3585,35.65069],[139.35877,35.65059],[139.3592,35.65018],[139.35946,35.65005],[139.35966,35.65002],[139.35994,35.65004],[139.36015,35.65013],[139.36028,35.65028],[139.36044,35.65031],[139.3609,35.65014],[139.36137,35.64989],[139.36209,35.64942],[139.36251,35.64909],[139.36275,35.64865],[139.36353,35.64792],[139.36371,35.64767],[139.36374,35.64745],[139.36371,35.64735],[139.3633,35.64687],[139.36334,35.64648],[139.36325,35.6464],[139.3629,35.64625],[139.36271,35.64598],[139.36262,35.64515],[139.36253,35.64489],[139.36238,35.64475],[139.36228,35.64472],[139.36189,35.64475],[139.36166,35.64468],[139.36146,35.64452],[139.3613,35.64425],[139.36114,35.64375],[139.36113,35.64341],[139.36138,35.64239],[139.36133,35.64189],[139.36119,35.64155],[139.36088,35.64108],[139.36057,35.64074],[139.36027,35.64053],[139.36018,35.6404],[139.36033,35.64014],[139.36103,35.63971],[139.36154,35.63928],[139.36245,35.63798],[139.36266,35.63781],[139.36305,35.63765],[139.3632,35.63752],[139.36339,35.63713],[139.36339,35.63678],[139.36324,35.63638],[139.36294,35.63598],[139.36251,35.63575],[139.36216,35.6357],[139.36176,35.63573],[139.36127,35.63584],[139.36105,35.63592],[139.36078,35.63613],[139.36041,35.63621],[139.3594,35.63627],[139.35797,35.63628],[139.35724,35.63635],[139.35674,35.63647],[139.35659,35.63656],[139.35646,35.63677],[139.35634,35.63737],[139.35638,35.63773],[139.35646,35.63781],[139.35672,35.63786],[139.35704,35.63802],[139.3578,35.63861],[139.35819,35.63908],[139.35833,35.63954],[139.35845,35.63962],[139.35872,35.63965],[139.35889,35.63973]]],[[[139.30254,35.65118],[139.30277,35.6512],[139.30434,35.65104],[139.30494,35.65103],[139.30549,35.65108],[139.30621,35.65122],[139.30678,35.65123],[139.30707,35.65115],[139.30741,35.65093],[139.30766,35.65083],[139.3081,35.65079],[139.30882,35.65084],[139.30926,35.65078],[139.31104,35.65019],[139.31186,35.65005],[139.31268,35.65012],[139.31372,35.65042],[139.31407,35.65043],[139.31486,35.65037],[139.31528,35.65038],[139.31546,35.65044],[139.31564,35.65064],[139.31577,35.6507],[139.31633,35.65076],[139.31666,35.65089],[139.31701,35.65121],[139.31743,35.65181],[139.31776,35.65209],[139.31893,35.65262],[139.31943,35.65308],[139.3196,35.65317],[139.32022,35.65328],[139.32031,35.65335],[139.32036,35.65355],[139.32045,35.65364],[139.32071,35.65376],[139.3213,35.65393],[139.32146,35.65402],[139.32165,35.65421],[139.32187,35.65415],[139.32221,35.65388],[139.32266,35.65338],[139.32283,35.65305],[139.32278,35.65291],[139.32266,35.65284],[139.32188,35.65275],[139.32166,35.65265],[139.32158,35.65254],[139.32153,35.6521],[139.32162,35.65095],[139.32154,35.65067],[139.32138,35.65049],[139.32112,35.65041],[139.32074,35.65041],[139.32039,35.65054],[139.31996,35.65079],[139.31965,35.65079],[139.31898,35.65037],[139.31852,35.65026],[139.31835,35.64989],[139.31794,35.64981],[139.31755,35.64945],[139.31688,35.64923],[139.31673,35.6491],[139.31671,35.6488],[139.3169,35.64824],[139.31685,35.64778],[139.31671,35.64745],[139.31641,35.647],[139.31616,35.64675],[139.31588,35.64665],[139.31578,35.64647],[139.31571,35.64595],[139.31566,35.64472],[139.31558,35.64438],[139.31535,35.64396],[139.3153,35.64377],[139.31532,35.64357],[139.31553,35.64312],[139.31563,35.64269],[139.31554,35.64164],[139.31557,35.64139],[139.31564,35.64123],[139.31583,35.64109],[139.31592,35.6409],[139.316,35.64039],[139.31607,35.63928],[139.31615,35.63896],[139.31642,35.6385],[139.31644,35.63838],[139.31639,35.63829],[139.3162,35.63818],[139.31604,35.638],[139.31572,35.63736],[139.31549,35.63723],[139.31519,35.6372],[139.31501,35.63713],[139.31484,35.63701],[139.31453,35.63662],[139.31413,35.63647],[139.31376,35.63647],[139.31329,35.63656],[139.3129,35.63678],[139.31263,35.63714],[139.31253,35.63737],[139.31244,35.63794],[139.31246,35.63883],[139.31256,35.63933],[139.31267,35.63946],[139.3129,35.6395],[139.3131,35.6396],[139.3136,35.63997],[139.3138,35.64026],[139.31385,35.64044],[139.31388,35.64109],[139.31371,35.64188],[139.31365,35.64244],[139.3137,35.64266],[139.31397,35.6429],[139.31388,35.64333],[139.31416,35.64423],[139.31411,35.64474],[139.31375,35.64549],[139.31344,35.64589],[139.31323,35.64605],[139.31302,35.64612],[139.31289,35.64628],[139.31289,35.64674],[139.31316,35.64774],[139.31314,35.64796],[139.31306,35.64815],[139.31292,35.6483],[139.31247,35.64851],[139.31112,35.64866],[139.31045,35.64879],[139.30984,35.64905],[139.30869,35.64901],[139.30843,35.64913],[139.30819,35.64948],[139.30786,35.64958],[139.30739,35.64952],[139.30644,35.64912],[139.30605,35.64902],[139.3054,35.64898],[139.30471,35.64904],[139.30414,35.64902],[139.30384,35.64896],[139.30328,35.64873],[139.30264,35.64866],[139.3024,35.6487],[139.30221,35.6488],[139.30208,35.64895],[139.30189,35.64934],[139.30173,35.64947],[139.30151,35.64954],[139.30125,35.64955],[139.30097,35.64961],[139.30088,35.64971],[139.30089,35.64985],[139.30101,35.65007],[139.30122,35.6502],[139.3016,35.65025],[139.30176,35.65034],[139.30194,35.6506],[139.30202,35.65086],[139.3022,35.65107],[139.30254,35.65118]]],[[[139.34026,35.6501],[139.34111,35.64997],[139.34201,35.64989],[139.34238,35.6499],[139.34292,35.64998],[139.34322,35.65018],[139.34328,35.65032],[139.34336,35.65099],[139.34346,35.65114],[139.34365,35.65125],[139.34374,35.65138],[139.34382,35.6518],[139.34373,35.6524],[139.34345,35.65276],[139.34338,35.65294],[139.34336,35.65332],[139.34343,35.6538],[139.34339,35.65407],[139.34316,35.65436],[139.34279,35.65455],[139.34253,35.65478],[139.34244,35.65497],[139.34238,35.65537],[139.34223,35.65554],[139.34175,35.65561],[139.34154,35.65569],[139.34101,35.65603],[139.34066,35.65619],[139.33985,35.65629],[139.33977,35.65636],[139.33982,35.65655],[139.33978,35.65663],[139.33966,35.65668],[139.33919,35.65671],[139.339,35.65676],[139.33884,35.65692],[139.33876,35.65723],[139.3386,35.65734],[139.3376,35.65762],[139.33737,35.65774],[139.33712,35.65797],[139.33697,35.65805],[139.3364,35.65818],[139.33548,35.65828],[139.33278,35.65841],[139.3312,35.65855],[139.33032,35.65876],[139.32996,35.659],[139.32975,35.65921],[139.3297,35.65934],[139.32975,35.65952],[139.32987,35.65958],[139.33006,35.6596],[139.33015,35.65973],[139.33006,35.66028],[139.33011,35.66045],[139.33036,35.66051],[139.33068,35.66071],[139.33185,35.66172],[139.33205,35.66183],[139.33227,35.66187],[139.33241,35.66196],[139.33261,35.66222],[139.33282,35.66261],[139.33306,35.66288],[139.33325,35.66297],[139.33354,35.66299],[139.33374,35.66306],[139.33383,35.6633],[139.33398,35.66347],[139.33481,35.66392],[139.335,35.6643],[139.33543,35.66441],[139.33586,35.6648],[139.33611,35.66494],[139.33664,35.66509],[139.3378,35.66531],[139.338,35.6654],[139.33822,35.66564],[139.33846,35.66571],[139.33871,35.66567],[139.33898,35.66542],[139.33916,35.66537],[139.33942,35.66539],[139.34049,35.66561],[139.34075,35.66559],[139.34101,35.66547],[139.34107,35.66529],[139.34097,35.66487],[139.34033,35.6637],[139.34016,35.66327],[139.34022,35.66306],[139.34053,35.66284],[139.34058,35.66272],[139.34053,35.66242],[139.34037,35.66203],[139.34035,35.66173],[139.34045,35.66161],[139.34072,35.66149],[139.34084,35.66125],[139.34049,35.65978],[139.34047,35.65902],[139.3406,35.65853],[139.34097,35.65823],[139.3411,35.6579],[139.3413,35.65784],[139.34159,35.65782],[139.34178,35.65773],[139.34202,35.65747],[139.34224,35.65708],[139.34245,35.65682],[139.34258,35.65673],[139.34296,35.65664],[139.3433,35.65631],[139.34425,35.65602],[139.34494,35.65559],[139.34523,35.65548],[139.3458,35.65538],[139.34648,35.65537],[139.34698,35.65531],[139.34719,35.65521],[139.34739,35.65493],[139.3481,35.65494],[139.3484,35.655],[139.34875,35.65516],[139.34927,35.65551],[139.34958,35.6556],[139.34979,35.65562],[139.34996,35.65554],[139.35007,35.65537],[139.35014,35.6551],[139.35018,35.65441],[139.35024,35.65419],[139.35034,35.65406],[139.35047,35.65404],[139.35065,35.6541],[139.35092,35.6545],[139.35122,35.65466],[139.35171,35.65472],[139.35282,35.65467],[139.35339,35.65456],[139.35369,35.65438],[139.35387,35.65411],[139.354,35.65358],[139.35403,35.65322],[139.3539,35.65305],[139.35358,35.65301],[139.35296,35.65305],[139.35274,35.65299],[139.35258,35.65285],[139.35238,35.65244],[139.35219,35.65226],[139.35104,35.65173],[139.35046,35.65122],[139.34973,35.65102],[139.34955,35.65081],[139.34937,35.65042],[139.34921,35.65029],[139.349,35.65022],[139.3486,35.65018],[139.34837,35.65005],[139.34809,35.64968],[139.34766,35.64876],[139.34727,35.64827],[139.34679,35.64783],[139.34651,35.64731],[139.34646,35.6467],[139.34655,35.64626],[139.34671,35.64588],[139.34707,35.64542],[139.34782,35.64483],[139.34808,35.64444],[139.34821,35.64403],[139.34839,35.6437],[139.34894,35.64325],[139.34893,35.64308],[139.3487,35.64284],[139.3486,35.64263],[139.34857,35.64239],[139.34863,35.64224],[139.34883,35.64207],[139.34932,35.64193],[139.34958,35.64175],[139.34967,35.64158],[139.34976,35.64107],[139.34988,35.6409],[139.35024,35.64063],[139.35039,35.64038],[139.35051,35.63979],[139.35051,35.63899],[139.35036,35.63834],[139.35017,35.638],[139.34991,35.63776],[139.34955,35.6375],[139.34935,35.6374],[139.34897,35.6373],[139.34889,35.63714],[139.34886,35.63685],[139.3488,35.63678],[139.34864,35.63678],[139.34851,35.63686],[139.34829,35.63732],[139.34804,35.63845],[139.34787,35.63875],[139.34768,35.6389],[139.3476,35.63913],[139.34764,35.64088],[139.34755,35.64135],[139.34738,35.64174],[139.34681,35.64242],[139.34666,35.64274],[139.34661,35.64299],[139.34648,35.64314],[139.34609,35.64334],[139.3457,35.64346],[139.34496,35.64354],[139.3445,35.64345],[139.34411,35.64327],[139.3438,35.64306],[139.34347,35.64274],[139.34321,35.6426],[139.34284,35.6425],[139.34184,35.64235],[139.34133,35.64224],[139.34116,35.64214],[139.3411,35.64197],[139.34091,35.64181],[139.33994,35.64139],[139.33968,35.64116],[139.33955,35.64092],[139.33941,35.64078],[139.33923,35.64068],[139.33874,35.64053],[139.3386,35.64038],[139.33857,35.64003],[139.33873,35.63955],[139.33877,35.63927],[139.33871,35.63903],[139.33857,35.63882],[139.33825,35.63861],[139.33801,35.63854],[139.33776,35.63852],[139.33725,35.63858],[139.33706,35.63854],[139.33693,35.63844],[139.3368,35.6382],[139.33664,35.63805],[139.33642,35.63791],[139.33569,35.6376],[139.33553,35.63747],[139.33547,35.63731],[139.33551,35.63715],[139.33567,35.63696],[139.33581,35.63689],[139.3362,35.63684],[139.33638,35.63677],[139.33663,35.63656],[139.33698,35.6361],[139.33719,35.63597],[139.33733,35.63596],[139.33746,35.63583],[139.33761,35.63533],[139.33785,35.63389],[139.33811,35.63339],[139.33835,35.63326],[139.33861,35.63324],[139.33885,35.63316],[139.33913,35.63289],[139.33937,35.63252],[139.33962,35.63238],[139.33995,35.63235],[139.34083,35.63258],[139.34136,35.63262],[139.34161,35.63252],[139.34192,35.63213],[139.34209,35.63201],[139.34228,35.63194],[139.34258,35.6319],[139.34285,35.63171],[139.34316,35.63117],[139.34326,35.63079],[139.34324,35.63064],[139.34281,35.63047],[139.3424,35.63005],[139.34213,35.62991],[139.34199,35.62989],[139.34176,35.62996],[139.34118,35.63034],[139.34091,35.63047],[139.34045,35.63044],[139.34039,35.63051],[139.34033,35.63079],[139.34016,35.63091],[139.33964,35.631],[139.33866,35.63105],[139.33819,35.63122],[139.33803,35.6314],[139.33786,35.63173],[139.33764,35.63193],[139.33661,35.63244],[139.33641,35.63258],[139.33633,35.63271],[139.33638,35.63289],[139.33636,35.63302],[139.33621,35.63324],[139.33602,35.63341],[139.33556,35.63367],[139.33484,35.63391],[139.33479,35.63412],[139.33515,35.63461],[139.3352,35.63478],[139.33474,35.63493],[139.33435,35.6352],[139.33402,35.63554],[139.33378,35.63595],[139.33362,35.63606],[139.33339,35.63614],[139.33276,35.63618],[139.33246,35.63625],[139.33219,35.63637],[139.33175,35.63676],[139.33152,35.63688],[139.33127,35.63691],[139.33076,35.63677],[139.33059,35.63678],[139.3305,35.63689],[139.33051,35.6371],[139.33059,35.63737],[139.33072,35.63758],[139.33102,35.63779],[139.3314,35.6379],[139.3317,35.63805],[139.33188,35.63826],[139.33189,35.63848],[139.33163,35.63861],[139.33074,35.63866],[139.33022,35.63878],[139.33007,35.63889],[139.32991,35.6391],[139.32979,35.63969],[139.32966,35.63982],[139.32927,35.63989],[139.32855,35.63983],[139.32824,35.63987],[139.32807,35.64016],[139.32768,35.64025],[139.32725,35.64057],[139.32687,35.64096],[139.32669,35.64129],[139.32669,35.64145],[139.32699,35.64184],[139.32709,35.64235],[139.32717,35.64242],[139.32741,35.64248],[139.32748,35.6426],[139.32749,35.64297],[139.32742,35.64352],[139.32751,35.64395],[139.32767,35.64416],[139.32812,35.64443],[139.32822,35.64462],[139.32821,35.64485],[139.32799,35.6455],[139.32804,35.64581],[139.32836,35.64618],[139.32857,35.64628],[139.32876,35.6463],[139.32885,35.6464],[139.32879,35.64667],[139.32858,35.64684],[139.32822,35.64688],[139.32774,35.64683],[139.3275,35.64692],[139.32735,35.64711],[139.32729,35.64742],[139.32733,35.64797],[139.32745,35.64827],[139.32764,35.64851],[139.32828,35.649],[139.3284,35.64929],[139.32848,35.64933],[139.329,35.64919],[139.32929,35.649],[139.32937,35.64886],[139.32932,35.64855],[139.32938,35.64845],[139.32967,35.64841],[139.32999,35.64845],[139.33026,35.64839],[139.33042,35.64818],[139.33047,35.64801],[139.33042,35.64654],[139.33047,35.64614],[139.33069,35.64554],[139.3307,35.64533],[139.3306,35.64517],[139.33015,35.64499],[139.32996,35.64479],[139.32984,35.64448],[139.32979,35.64405],[139.32988,35.64303],[139.32998,35.6428],[139.33016,35.6426],[139.33022,35.64245],[139.33017,35.64218],[139.32992,35.6416],[139.32993,35.64107],[139.33005,35.64081],[139.33038,35.64066],[139.33092,35.6406],[139.33126,35.64061],[139.33319,35.64081],[139.33389,35.64082],[139.33425,35.64077],[139.3346,35.64084],[139.33556,35.64147],[139.33604,35.64165],[139.33654,35.64176],[139.33682,35.64191],[139.33714,35.64226],[139.33745,35.64283],[139.33765,35.64297],[139.33788,35.643],[139.33856,35.64284],[139.33884,35.64285],[139.33912,35.64292],[139.33972,35.64324],[139.34027,35.64375],[139.34101,35.64395],[139.34119,35.64416],[139.3413,35.64447],[139.34144,35.64468],[139.34156,35.64475],[139.34192,35.64484],[139.34222,35.64511],[139.34258,35.6452],[139.34349,35.64527],[139.34375,35.64537],[139.34393,35.64552],[139.34403,35.64586],[139.34392,35.64651],[139.34356,35.64733],[139.34337,35.64762],[139.3432,35.64779],[139.34305,35.64783],[139.34283,35.64777],[139.34267,35.64779],[139.34214,35.648],[139.34176,35.64808],[139.33955,35.64817],[139.33882,35.64829],[139.33795,35.64874],[139.33704,35.64887],[139.33696,35.64895],[139.33686,35.64918],[139.33614,35.64932],[139.33602,35.64942],[139.33583,35.6497],[139.33635,35.64972],[139.33655,35.64981],[139.33668,35.64997],[139.33686,35.65046],[139.33699,35.65068],[139.33728,35.65089],[139.33769,35.65097],[139.33799,35.65094],[139.3383,35.65084],[139.33927,35.65035],[139.34026,35.6501]]],[[[139.33369,35.64906],[139.33343,35.6493],[139.33334,35.64931],[139.33288,35.64878],[139.33257,35.64865],[139.33232,35.64866],[139.3318,35.64883],[139.33171,35.64893],[139.33164,35.64918],[139.33138,35.64936],[139.33106,35.6494],[139.33034,35.6493],[139.32996,35.64938],[139.32957,35.64956],[139.32938,35.64979],[139.32925,35.65013],[139.3292,35.65056],[139.32923,35.65103],[139.3294,35.65136],[139.32954,35.65148],[139.32992,35.6516],[139.33016,35.65161],[139.33094,35.65149],[139.33137,35.65136],[139.33173,35.65119],[139.33228,35.65082],[139.33249,35.65074],[139.33267,35.65075],[139.33282,35.65084],[139.33297,35.65105],[139.33313,35.6518],[139.33333,35.65193],[139.33362,35.65193],[139.33404,35.65173],[139.33481,35.65106],[139.33556,35.65066],[139.33577,35.65041],[139.33583,35.65009],[139.33578,35.64986],[139.3357,35.64979],[139.33535,35.64985],[139.33516,35.64983],[139.33479,35.64972],[139.33443,35.64955],[139.33423,35.64938],[139.33415,35.64912],[139.33405,35.64904],[139.33387,35.64902],[139.33369,35.64906]]],[[[139.35096,35.71697],[139.35109,35.71753],[139.35139,35.718],[139.35169,35.71824],[139.35265,35.71873],[139.35278,35.71886],[139.35283,35.71904],[139.35302,35.71927],[139.35405,35.72007],[139.35416,35.72021],[139.35422,35.72044],[139.35431,35.72052],[139.35454,35.72063],[139.35484,35.72068],[139.3551,35.72064],[139.35525,35.72056],[139.35548,35.7203],[139.35556,35.71992],[139.35552,35.71951],[139.35533,35.71921],[139.35506,35.71906],[139.35477,35.719],[139.35374,35.71894],[139.35344,35.71888],[139.35348,35.7188],[139.35383,35.71863],[139.35402,35.71849],[139.35418,35.71821],[139.35419,35.718],[139.35407,35.71758],[139.35345,35.71688],[139.35334,35.71646],[139.35319,35.71633],[139.35292,35.71622],[139.35192,35.71605],[139.35166,35.71592],[139.35169,35.71582],[139.35194,35.71553],[139.35208,35.7152],[139.35228,35.71419],[139.3522,35.71403],[139.35191,35.71398],[139.35178,35.71388],[139.35171,35.71347],[139.35165,35.71337],[139.35124,35.71324],[139.3509,35.71274],[139.35073,35.71264],[139.3506,35.71263],[139.35037,35.71273],[139.35014,35.71308],[139.34997,35.71318],[139.34954,35.71322],[139.34896,35.71316],[139.34865,35.71317],[139.34836,35.7133],[139.34826,35.71345],[139.34822,35.71393],[139.34839,35.71445],[139.34859,35.71466],[139.34898,35.71482],[139.34916,35.71495],[139.34933,35.71513],[139.3498,35.71587],[139.35014,35.71614],[139.35053,35.71634],[139.35074,35.71654],[139.35096,35.71697]]],[[[139.33611,35.73185],[139.33625,35.73178],[139.33664,35.73143],[139.337,35.73131],[139.33764,35.73128],[139.33825,35.73136],[139.33846,35.73146],[139.33855,35.73162],[139.33865,35.73257],[139.33884,35.73294],[139.33908,35.73306],[139.33956,35.7331],[139.33997,35.73323],[139.34017,35.73339],[139.34041,35.7337],[139.34081,35.73395],[139.34221,35.73428],[139.34255,35.73452],[139.34282,35.73505],[139.343,35.73513],[139.34325,35.73507],[139.34363,35.73456],[139.34378,35.73449],[139.34415,35.73443],[139.34429,35.73427],[139.34439,35.73399],[139.34443,35.73358],[139.34437,35.73291],[139.34422,35.73262],[139.34398,35.73246],[139.34305,35.73236],[139.34259,35.73217],[139.34238,35.73192],[139.34233,35.73154],[139.34252,35.73081],[139.34269,35.73057],[139.34294,35.7304],[139.34302,35.73025],[139.34315,35.72943],[139.34327,35.72927],[139.34363,35.72911],[139.34383,35.7289],[139.34389,35.72869],[139.3439,35.72829],[139.34383,35.72808],[139.34372,35.72792],[139.34335,35.72775],[139.34319,35.72758],[139.34301,35.72718],[139.34288,35.72663],[139.34263,35.72619],[139.3423,35.72597],[139.34144,35.72566],[139.3409,35.72486],[139.34019,35.72429],[139.34008,35.72402],[139.34003,35.72361],[139.33994,35.72349],[139.3398,35.72342],[139.33937,35.72336],[139.33928,35.72329],[139.33922,35.72309],[139.33914,35.723],[139.33834,35.72269],[139.33825,35.7225],[139.33832,35.72219],[139.33821,35.72202],[139.33758,35.72173],[139.33708,35.72126],[139.33687,35.72122],[139.33667,35.72127],[139.33658,35.72122],[139.33642,35.72041],[139.33622,35.72025],[139.33594,35.72021],[139.3358,35.72012],[139.33571,35.71997],[139.33566,35.71947],[139.33554,35.71914],[139.3354,35.71897],[139.335,35.71866],[139.33495,35.71843],[139.33503,35.71808],[139.33494,35.71798],[139.33464,35.71801],[139.33437,35.71827],[139.33415,35.71838],[139.33355,35.71843],[139.3333,35.71849],[139.33321,35.71857],[139.33318,35.71872],[139.33306,35.71886],[139.33263,35.71903],[139.33244,35.71917],[139.33228,35.71966],[139.33208,35.71975],[139.33172,35.71979],[139.3316,35.71987],[139.33154,35.71998],[139.33154,35.72022],[139.33163,35.72035],[139.33188,35.7205],[139.33226,35.7206],[139.33252,35.72072],[139.33275,35.72115],[139.33318,35.72144],[139.33332,35.72159],[139.33343,35.7219],[139.33344,35.72247],[139.33449,35.72278],[139.33492,35.72299],[139.33534,35.72337],[139.33568,35.72384],[139.3361,35.72416],[139.33645,35.72427],[139.33719,35.72431],[139.33742,35.72436],[139.33755,35.72444],[139.33766,35.7247],[139.33801,35.72479],[139.33803,35.72489],[139.33796,35.72505],[139.33799,35.72515],[139.33812,35.72523],[139.33859,35.72536],[139.33885,35.72548],[139.33893,35.72557],[139.33903,35.72583],[139.3395,35.72605],[139.33965,35.72618],[139.33976,35.72647],[139.3398,35.72697],[139.3399,35.72718],[139.34027,35.7273],[139.34034,35.72754],[139.34045,35.72764],[139.34141,35.72794],[139.34183,35.72828],[139.34225,35.72899],[139.34241,35.72958],[139.3424,35.72979],[139.34225,35.73002],[139.34209,35.73014],[139.34175,35.73027],[139.34147,35.73031],[139.34098,35.7303],[139.34001,35.73011],[139.33984,35.73011],[139.33954,35.73019],[139.33932,35.73039],[139.33898,35.73096],[139.33875,35.73112],[139.33847,35.73119],[139.33814,35.73116],[139.33775,35.73098],[139.33756,35.73069],[139.33746,35.7302],[139.33739,35.73012],[139.33715,35.73003],[139.33591,35.73005],[139.33564,35.72999],[139.33522,35.72981],[139.33489,35.72977],[139.33459,35.72992],[139.33449,35.73022],[139.33437,35.73032],[139.33367,35.73036],[139.33347,35.73007],[139.33328,35.72994],[139.33267,35.72971],[139.33213,35.72959],[139.3319,35.7296],[139.33177,35.72968],[139.33171,35.72998],[139.33156,35.73019],[139.33143,35.73025],[139.33122,35.73021],[139.33076,35.72992],[139.32948,35.72882],[139.32916,35.72862],[139.3289,35.72854],[139.32869,35.72855],[139.32851,35.72862],[139.32834,35.72875],[139.32803,35.72915],[139.3278,35.72936],[139.32734,35.72964],[139.32661,35.72997],[139.32635,35.73018],[139.32633,35.7303],[139.32652,35.73049],[139.32728,35.73063],[139.32772,35.73101],[139.32933,35.7317],[139.32949,35.73183],[139.32954,35.732],[139.32964,35.73208],[139.33003,35.73214],[139.3309,35.73215],[139.33126,35.73243],[139.33149,35.73247],[139.33174,35.73243],[139.33241,35.73216],[139.33282,35.73206],[139.33353,35.73202],[139.33475,35.73209],[139.33519,35.73202],[139.33563,35.7318],[139.33598,35.73186],[139.33611,35.73185]]],[[[139.27525,35.72446],[139.27528,35.72527],[139.27521,35.72536],[139.27485,35.72544],[139.27466,35.72569],[139.27464,35.72601],[139.27471,35.72633],[139.27486,35.72651],[139.27511,35.72664],[139.27546,35.72671],[139.27613,35.72675],[139.27646,35.72686],[139.27667,35.72705],[139.27676,35.72732],[139.27678,35.72765],[139.27702,35.72803],[139.2773,35.72821],[139.27787,35.72843],[139.27818,35.7287],[139.27839,35.7291],[139.27847,35.72935],[139.27858,35.73022],[139.27853,35.73112],[139.27832,35.73163],[139.27833,35.73178],[139.27838,35.73184],[139.27872,35.73192],[139.27918,35.7319],[139.27949,35.73182],[139.2797,35.73163],[139.27986,35.73157],[139.28084,35.73159],[139.28107,35.73148],[139.28122,35.73126],[139.28131,35.73095],[139.28133,35.73064],[139.28123,35.73026],[139.28089,35.72988],[139.28074,35.72957],[139.28072,35.72932],[139.28079,35.7288],[139.28074,35.72859],[139.28062,35.72842],[139.28015,35.72807],[139.28001,35.72774],[139.27975,35.72762],[139.2793,35.72752],[139.27901,35.72741],[139.2787,35.72711],[139.27837,35.72619],[139.27825,35.72608],[139.27802,35.72603],[139.27797,35.7259],[139.27803,35.72568],[139.27819,35.72549],[139.27842,35.7254],[139.27879,35.72536],[139.27891,35.72528],[139.27899,35.72509],[139.27895,35.72484],[139.27872,35.7245],[139.27842,35.72426],[139.27795,35.72407],[139.27754,35.72403],[139.27732,35.72399],[139.27717,35.72389],[139.27708,35.72373],[139.27701,35.72327],[139.27694,35.72317],[139.27682,35.72313],[139.27658,35.72318],[139.27635,35.7233],[139.27573,35.72376],[139.27537,35.72418],[139.27525,35.72446]]],[[[139.26174,35.72958],[139.26195,35.72995],[139.262,35.73019],[139.2619,35.73108],[139.26192,35.73127],[139.262,35.73137],[139.2623,35.73144],[139.26244,35.73155],[139.26257,35.73179],[139.26263,35.73214],[139.26262,35.73245],[139.26254,35.73267],[139.26245,35.73274],[139.26208,35.73282],[139.26192,35.733],[139.26191,35.73311],[139.26207,35.73328],[139.26254,35.73355],[139.26272,35.73386],[139.26287,35.73461],[139.26293,35.7359],[139.26305,35.73631],[139.26324,35.73654],[139.26371,35.73663],[139.26384,35.73673],[139.26387,35.73688],[139.26381,35.73729],[139.26391,35.7375],[139.26417,35.73762],[139.2644,35.73762],[139.26497,35.73742],[139.26546,35.7371],[139.26579,35.73673],[139.2659,35.73647],[139.26592,35.73619],[139.26585,35.73587],[139.26565,35.73571],[139.26537,35.73567],[139.26523,35.73559],[139.26514,35.73543],[139.2651,35.7352],[139.26519,35.73464],[139.26528,35.73451],[139.26548,35.73438],[139.26561,35.73401],[139.26567,35.73307],[139.26562,35.7326],[139.26541,35.73209],[139.26519,35.73189],[139.26463,35.73157],[139.26442,35.73125],[139.26437,35.73077],[139.26448,35.72989],[139.26447,35.72946],[139.2644,35.72926],[139.26415,35.72891],[139.26414,35.72864],[139.26422,35.72815],[139.26418,35.72801],[139.26395,35.72786],[139.26387,35.72771],[139.26396,35.72719],[139.26387,35.72699],[139.26364,35.72673],[139.2636,35.72657],[139.26368,35.72604],[139.26367,35.72564],[139.26355,35.72518],[139.2633,35.72471],[139.26294,35.72437],[139.26264,35.72422],[139.26219,35.7241],[139.26193,35.72414],[139.26177,35.72464],[139.26144,35.72505],[139.26146,35.72517],[139.26166,35.72539],[139.26169,35.72549],[139.26157,35.7256],[139.26138,35.72566],[139.2611,35.72584],[139.26102,35.72605],[139.2611,35.72641],[139.26143,35.72667],[139.26117,35.72709],[139.2612,35.72769],[139.26152,35.72865],[139.26172,35.72896],[139.26196,35.72913],[139.26169,35.72939],[139.26174,35.72958]]],[[[139.32329,35.7359],[139.32341,35.73601],[139.32374,35.73615],[139.3238,35.73623],[139.3235,35.73666],[139.32352,35.73683],[139.32364,35.73697],[139.32386,35.73707],[139.3241,35.73705],[139.32421,35.73692],[139.32427,35.73657],[139.32436,35.73647],[139.32451,35.73642],[139.32504,35.73645],[139.32568,35.73667],[139.32606,35.73689],[139.3262,35.73718],[139.3264,35.73731],[139.32698,35.73753],[139.32784,35.73779],[139.3285,35.73808],[139.32879,35.73829],[139.32921,35.73881],[139.32968,35.73911],[139.3302,35.73927],[139.33055,35.73928],[139.33086,35.73923],[139.33105,35.73928],[139.33122,35.73941],[139.33152,35.7399],[139.33172,35.74011],[139.33197,35.74027],[139.33273,35.74051],[139.33292,35.74069],[139.33303,35.74094],[139.33304,35.74141],[139.33292,35.74179],[139.33261,35.74189],[139.3325,35.74199],[139.33229,35.74245],[139.33211,35.74266],[139.33194,35.74273],[139.33154,35.74279],[139.33133,35.74289],[139.33102,35.74314],[139.33074,35.7435],[139.33058,35.74392],[139.33046,35.74481],[139.33027,35.74505],[139.32989,35.74523],[139.32968,35.74552],[139.32932,35.74658],[139.32874,35.74739],[139.32869,35.74767],[139.32876,35.74803],[139.32858,35.74843],[139.32818,35.74884],[139.32787,35.74905],[139.32747,35.74922],[139.32735,35.7494],[139.3273,35.74968],[139.32731,35.75005],[139.3275,35.75079],[139.32773,35.75104],[139.32802,35.75109],[139.32821,35.75125],[139.32832,35.75194],[139.32848,35.7522],[139.32864,35.7523],[139.32893,35.75234],[139.32914,35.75226],[139.32931,35.75198],[139.32949,35.75185],[139.33006,35.75189],[139.33037,35.75181],[139.33069,35.7516],[139.33087,35.75133],[139.33108,35.75065],[139.33138,35.74882],[139.33186,35.7473],[139.33287,35.7449],[139.33334,35.74399],[139.33374,35.7434],[139.33407,35.74311],[139.33445,35.74299],[139.33464,35.74287],[139.33477,35.74269],[139.33495,35.7423],[139.33508,35.74217],[139.33525,35.7421],[139.33554,35.74206],[139.33573,35.74192],[139.33598,35.7415],[139.33628,35.74073],[139.33645,35.74053],[139.33663,35.74047],[139.3372,35.74067],[139.33798,35.74075],[139.33827,35.74068],[139.3385,35.74054],[139.33865,35.7403],[139.33884,35.73968],[139.33897,35.73942],[139.33966,35.73865],[139.33982,35.73833],[139.33985,35.73812],[139.3397,35.73794],[139.33957,35.73787],[139.33916,35.73776],[139.33805,35.73765],[139.33735,35.73767],[139.33703,35.73782],[139.33685,35.73822],[139.33656,35.73827],[139.33639,35.73837],[139.33618,35.73871],[139.33604,35.73883],[139.33562,35.73893],[139.33509,35.73887],[139.33475,35.73871],[139.3342,35.73836],[139.33382,35.73826],[139.33328,35.7382],[139.333,35.73811],[139.33194,35.73742],[139.33122,35.73727],[139.33106,35.73696],[139.33087,35.73689],[139.33058,35.73687],[139.33035,35.73674],[139.33005,35.73618],[139.3298,35.73597],[139.329,35.7357],[139.32872,35.73544],[139.32853,35.73533],[139.32737,35.73498],[139.32704,35.73483],[139.32676,35.73455],[139.32665,35.73402],[139.32656,35.73395],[139.32619,35.73387],[139.32595,35.73364],[139.32567,35.7336],[139.32521,35.73361],[139.3242,35.73373],[139.32358,35.73387],[139.32315,35.73406],[139.32291,35.73428],[139.32287,35.73442],[139.32289,35.73478],[139.32295,35.73494],[139.32304,35.73503],[139.32327,35.73509],[139.32332,35.73519],[139.32324,35.73566],[139.32329,35.7359]]],[[[139.32012,35.75072],[139.32033,35.75073],[139.32053,35.75082],[139.32097,35.75122],[139.32109,35.75148],[139.32112,35.75172],[139.32123,35.75186],[139.32155,35.75201],[139.32202,35.7521],[139.32235,35.75222],[139.32245,35.75232],[139.32253,35.75253],[139.32265,35.75262],[139.32309,35.75275],[139.32343,35.75275],[139.32365,35.75263],[139.32386,35.75234],[139.32405,35.75224],[139.32489,35.75216],[139.32503,35.75211],[139.32504,35.75204],[139.32487,35.75187],[139.32474,35.75163],[139.32469,35.75113],[139.32461,35.75095],[139.32451,35.75092],[139.32432,35.75097],[139.32418,35.75093],[139.32355,35.75027],[139.3233,35.75014],[139.32267,35.74998],[139.32234,35.74983],[139.32224,35.7497],[139.3222,35.74945],[139.32209,35.7492],[139.32186,35.74895],[139.32151,35.74871],[139.32104,35.74854],[139.32,35.74832],[139.31976,35.74819],[139.31966,35.74799],[139.3192,35.74788],[139.31861,35.74789],[139.31824,35.74796],[139.31774,35.74817],[139.31746,35.74838],[139.31717,35.74869],[139.31709,35.74889],[139.31712,35.74915],[139.31728,35.74933],[139.31775,35.74963],[139.3191,35.75028],[139.31941,35.75056],[139.31946,35.7508],[139.31952,35.75089],[139.31972,35.75088],[139.32012,35.75072]]],[[[139.29247,35.78106],[139.2932,35.78216],[139.29358,35.78264],[139.29401,35.783],[139.29425,35.78315],[139.29476,35.78335],[139.29528,35.78343],[139.2955,35.78342],[139.29584,35.78332],[139.29606,35.78308],[139.29617,35.78272],[139.29613,35.78229],[139.29596,35.78182],[139.29566,35.78131],[139.295,35.78049],[139.29451,35.77977],[139.29431,35.77936],[139.29407,35.77862],[139.29392,35.77848],[139.29355,35.77839],[139.29335,35.77823],[139.29329,35.77804],[139.29325,35.77754],[139.2931,35.77723],[139.29297,35.77715],[139.29274,35.77715],[139.29192,35.7776],[139.29155,35.77764],[139.29091,35.77758],[139.29063,35.77765],[139.29048,35.77775],[139.29026,35.77803],[139.29023,35.7782],[139.29028,35.77832],[139.29049,35.77853],[139.29109,35.77896],[139.29127,35.77915],[139.29166,35.77993],[139.29204,35.78021],[139.29199,35.78065],[139.29227,35.78085],[139.29247,35.78106]]],[[[139.22955,35.7823],[139.22981,35.78255],[139.23,35.78262],[139.23039,35.78258],[139.23067,35.78245],[139.23103,35.78217],[139.23159,35.78127],[139.23173,35.78029],[139.23162,35.77998],[139.23134,35.77987],[139.23114,35.77986],[139.23063,35.77994],[139.22969,35.78023],[139.22917,35.78053],[139.22877,35.78091],[139.22874,35.78109],[139.22906,35.78135],[139.22955,35.7823]]],[[[139.23316,35.78543],[139.23303,35.78569],[139.23284,35.78588],[139.23275,35.78618],[139.23281,35.78677],[139.23291,35.7869],[139.23308,35.78674],[139.23318,35.78656],[139.2337,35.78523],[139.23417,35.7843],[139.23449,35.78382],[139.23511,35.78316],[139.23527,35.78292],[139.23533,35.78274],[139.23528,35.78256],[139.23533,35.78239],[139.23588,35.782],[139.23599,35.78183],[139.23601,35.78172],[139.23589,35.78158],[139.23562,35.78142],[139.23492,35.78112],[139.23404,35.78083],[139.23332,35.7807],[139.23292,35.7807],[139.23231,35.78083],[139.23196,35.78099],[139.23159,35.78127],[139.2313,35.7824],[139.23165,35.78325],[139.23184,35.78356],[139.23211,35.78381],[139.23254,35.78399],[139.23266,35.78413],[139.23272,35.78436],[139.23304,35.78445],[139.23317,35.78461],[139.23322,35.78507],[139.23316,35.78543]]],[[[139.27667,35.78263],[139.27629,35.78263],[139.27614,35.78272],[139.27605,35.78297],[139.27592,35.78298],[139.27563,35.78291],[139.27557,35.78295],[139.27551,35.78313],[139.27536,35.78319],[139.27491,35.7832],[139.27406,35.78313],[139.27379,35.78314],[139.27364,35.7832],[139.27361,35.78331],[139.27371,35.7835],[139.27446,35.78409],[139.27464,35.78433],[139.27478,35.78462],[139.27488,35.78533],[139.27479,35.78551],[139.27455,35.78557],[139.27444,35.78569],[139.27442,35.78591],[139.27449,35.7861],[139.27469,35.7862],[139.27521,35.78628],[139.27545,35.78651],[139.27558,35.78657],[139.27639,35.78654],[139.2767,35.78667],[139.27687,35.78684],[139.27706,35.78725],[139.27707,35.78748],[139.277,35.78766],[139.27704,35.78779],[139.27726,35.78802],[139.27765,35.78829],[139.2779,35.78856],[139.27813,35.78892],[139.27876,35.79019],[139.27907,35.79048],[139.27956,35.79058],[139.27981,35.79074],[139.27995,35.7909],[139.28003,35.79112],[139.28005,35.79141],[139.27982,35.79241],[139.27979,35.79278],[139.2799,35.79319],[139.28024,35.79355],[139.28033,35.79372],[139.28028,35.79429],[139.28035,35.79434],[139.28068,35.79441],[139.28111,35.7948],[139.28134,35.7949],[139.2818,35.79495],[139.28254,35.79484],[139.28285,35.79472],[139.28306,35.79433],[139.2835,35.79404],[139.28366,35.79388],[139.28385,35.79355],[139.28398,35.79316],[139.28413,35.79297],[139.2845,35.79281],[139.28497,35.79278],[139.28519,35.79271],[139.28532,35.7925],[139.28528,35.79229],[139.28502,35.79193],[139.28472,35.79167],[139.28341,35.79079],[139.28326,35.79063],[139.28317,35.7904],[139.28291,35.79027],[139.2823,35.79012],[139.28199,35.78992],[139.28161,35.78941],[139.2812,35.78852],[139.28095,35.78814],[139.2805,35.78794],[139.28018,35.78747],[139.28003,35.78739],[139.27965,35.78733],[139.27946,35.78715],[139.27922,35.78662],[139.27908,35.78609],[139.2789,35.78559],[139.27864,35.78517],[139.27831,35.78484],[139.27774,35.78448],[139.27739,35.78414],[139.27731,35.78391],[139.27739,35.78347],[139.27734,35.78318],[139.27717,35.78291],[139.27694,35.78272],[139.27667,35.78263]]],[[[139.26389,35.789],[139.26416,35.78943],[139.26428,35.78978],[139.26433,35.79042],[139.26425,35.79115],[139.26426,35.79178],[139.26452,35.79277],[139.26441,35.79298],[139.26413,35.79309],[139.26393,35.7933],[139.26387,35.79351],[139.26386,35.79391],[139.26393,35.79412],[139.26404,35.79427],[139.2644,35.79445],[139.26452,35.79459],[139.26457,35.79494],[139.26449,35.79562],[139.26458,35.79576],[139.26486,35.79562],[139.26496,35.79533],[139.26505,35.79527],[139.26604,35.79532],[139.2663,35.79521],[139.26643,35.79508],[139.26659,35.79461],[139.26663,35.7939],[139.26671,35.7935],[139.2668,35.79334],[139.26706,35.79317],[139.26722,35.79296],[139.26737,35.79255],[139.26746,35.79206],[139.26738,35.79184],[139.26691,35.79149],[139.26676,35.79126],[139.26682,35.79053],[139.26673,35.79025],[139.26655,35.78997],[139.26647,35.78949],[139.2665,35.78879],[139.26667,35.78788],[139.26684,35.78756],[139.2671,35.78749],[139.26726,35.78732],[139.26737,35.78702],[139.26747,35.78647],[139.2675,35.78574],[139.26743,35.78523],[139.26724,35.78485],[139.2669,35.78449],[139.26685,35.78429],[139.26688,35.78409],[139.26704,35.78376],[139.26705,35.78359],[139.26696,35.78346],[139.26676,35.78337],[139.26626,35.7833],[139.2659,35.78334],[139.26577,35.7834],[139.26564,35.78355],[139.26556,35.78392],[139.26548,35.78403],[139.26532,35.78411],[139.2651,35.78414],[139.26496,35.78414],[139.26484,35.78419],[139.26473,35.78431],[139.26457,35.7847],[139.26448,35.78532],[139.26442,35.78694],[139.26432,35.78754],[139.26417,35.78798],[139.2639,35.78836],[139.26382,35.7886],[139.26389,35.789]]],[[[139.24802,35.79224],[139.2482,35.79232],[139.24866,35.79224],[139.24889,35.79208],[139.24893,35.79192],[139.24888,35.79177],[139.24847,35.79149],[139.24838,35.79124],[139.24847,35.79105],[139.24876,35.79088],[139.24889,35.79074],[139.24894,35.79053],[139.24892,35.79028],[139.24881,35.79007],[139.24851,35.7897],[139.24855,35.78914],[139.2484,35.7891],[139.24805,35.78914],[139.24795,35.78902],[139.248,35.78873],[139.24816,35.78846],[139.2484,35.78828],[139.24868,35.78817],[139.2488,35.78793],[139.24877,35.78768],[139.24858,35.78721],[139.24834,35.78689],[139.24815,35.78678],[139.24786,35.78677],[139.24771,35.7869],[139.24774,35.78754],[139.24765,35.78767],[139.2473,35.78782],[139.24714,35.78797],[139.24718,35.7885],[139.24709,35.78863],[139.24674,35.78888],[139.24659,35.78904],[139.2465,35.78925],[139.24644,35.78978],[139.24635,35.79008],[139.24609,35.79056],[139.24583,35.79089],[139.24554,35.79135],[139.24544,35.79175],[139.24554,35.79209],[139.2458,35.7923],[139.24621,35.79239],[139.2468,35.79235],[139.24706,35.79224],[139.24728,35.79201],[139.24751,35.79194],[139.24776,35.79198],[139.24802,35.79224]]],[[[139.21943,35.79323],[139.21979,35.79325],[139.21995,35.79331],[139.22009,35.79346],[139.22043,35.79357],[139.22195,35.79369],[139.22215,35.79377],[139.22242,35.79403],[139.2228,35.79411],[139.22277,35.79442],[139.22297,35.7945],[139.22358,35.79452],[139.22402,35.79446],[139.22431,35.79436],[139.22485,35.79408],[139.22415,35.79404],[139.22404,35.79393],[139.22402,35.79382],[139.2241,35.79372],[139.22423,35.79371],[139.22485,35.79386],[139.2245,35.79301],[139.22429,35.79271],[139.22396,35.79252],[139.22356,35.79249],[139.22327,35.79239],[139.22313,35.79227],[139.22287,35.79188],[139.22243,35.79175],[139.22238,35.79156],[139.22231,35.79148],[139.22199,35.79144],[139.22127,35.7915],[139.22088,35.79149],[139.22075,35.79143],[139.2207,35.79123],[139.2206,35.7911],[139.22029,35.79098],[139.22018,35.79099],[139.22008,35.79108],[139.21989,35.79135],[139.21869,35.79138],[139.21847,35.79144],[139.21831,35.79153],[139.21822,35.79166],[139.21817,35.79201],[139.21826,35.79248],[139.21844,35.79289],[139.21854,35.79304],[139.2188,35.79323],[139.2191,35.79328],[139.21943,35.79323]]],[[[139.23165,35.79476],[139.23226,35.79427],[139.23258,35.79409],[139.23293,35.794],[139.23353,35.79403],[139.23385,35.79398],[139.23406,35.79379],[139.23412,35.79364],[139.23414,35.79324],[139.23407,35.79275],[139.23389,35.79218],[139.23373,35.79191],[139.23353,35.79172],[139.23322,35.79153],[139.23291,35.79143],[139.23244,35.79137],[139.23231,35.79131],[139.23213,35.79111],[139.23193,35.79105],[139.23144,35.79104],[139.23098,35.79108],[139.23043,35.79123],[139.23016,35.79147],[139.23005,35.79187],[139.22986,35.79199],[139.22958,35.79206],[139.22859,35.79203],[139.22769,35.79181],[139.22738,35.79181],[139.22712,35.79194],[139.22702,35.79206],[139.22676,35.79263],[139.22679,35.79308],[139.22689,35.7933],[139.22725,35.79376],[139.22752,35.79398],[139.22858,35.79463],[139.22925,35.79493],[139.22986,35.7951],[139.23039,35.79514],[139.23086,35.79507],[139.23128,35.79494],[139.23165,35.79476]]],[[[139.20896,35.7993],[139.2088,35.79973],[139.20882,35.80013],[139.20891,35.80032],[139.20922,35.80065],[139.20997,35.80109],[139.21052,35.80155],[139.21074,35.80187],[139.21089,35.80236],[139.21107,35.80261],[139.2115,35.80285],[139.21189,35.80293],[139.21223,35.8029],[139.21246,35.80276],[139.21254,35.80265],[139.21262,35.80215],[139.21262,35.80115],[139.21254,35.80101],[139.21226,35.80083],[139.21216,35.80071],[139.21204,35.8],[139.21183,35.79972],[139.21118,35.79929],[139.21022,35.79891],[139.20968,35.79886],[139.20926,35.79898],[139.20896,35.7993]]],[[[139.21956,35.80061],[139.21972,35.8007],[139.21985,35.80085],[139.22002,35.80135],[139.22015,35.80156],[139.22045,35.80178],[139.22083,35.80188],[139.221,35.80198],[139.22109,35.80217],[139.22102,35.80241],[139.22106,35.80258],[139.22128,35.80284],[139.22165,35.80309],[139.22191,35.80335],[139.222,35.80352],[139.22209,35.80396],[139.22247,35.80449],[139.22291,35.80477],[139.22355,35.80495],[139.22431,35.80503],[139.22475,35.80496],[139.22483,35.80482],[139.22458,35.80419],[139.22449,35.803],[139.22434,35.80248],[139.22415,35.80222],[139.22367,35.80186],[139.22351,35.80169],[139.22343,35.80152],[139.22339,35.80126],[139.22316,35.80095],[139.22215,35.80016],[139.22192,35.79993],[139.22179,35.79972],[139.22172,35.79931],[139.22153,35.79905],[139.22118,35.79884],[139.22029,35.79863],[139.22003,35.79851],[139.21977,35.79827],[139.21965,35.79795],[139.21947,35.79771],[139.2193,35.7976],[139.21901,35.79752],[139.21882,35.79756],[139.21861,35.79808],[139.21828,35.79839],[139.21795,35.79861],[139.21771,35.79884],[139.21761,35.79909],[139.21764,35.79936],[139.21781,35.79964],[139.21818,35.79999],[139.21834,35.80004],[139.21854,35.79999],[139.21871,35.80004],[139.21892,35.80036],[139.2191,35.80052],[139.21956,35.80061]]],[[[139.20138,35.80697],[139.20156,35.80697],[139.20237,35.80675],[139.20285,35.80649],[139.20314,35.80617],[139.20322,35.80598],[139.20322,35.80557],[139.20305,35.80515],[139.2029,35.80497],[139.2025,35.80469],[139.20193,35.80451],[139.20121,35.80442],[139.20041,35.8044],[139.20011,35.80447],[139.20038,35.80483],[139.2005,35.80536],[139.20062,35.80547],[139.20097,35.80563],[139.20109,35.80579],[139.20114,35.80604],[139.2011,35.80672],[139.20115,35.80684],[139.20138,35.80697]]],[[[139.18338,35.80605],[139.18322,35.80618],[139.18303,35.80646],[139.18294,35.80713],[139.18285,35.80747],[139.18242,35.80831],[139.18232,35.80863],[139.18231,35.80893],[139.18238,35.80922],[139.1826,35.8096],[139.18276,35.80975],[139.18295,35.80984],[139.18325,35.80986],[139.18352,35.80979],[139.1839,35.80957],[139.18409,35.80951],[139.18442,35.8095],[139.18481,35.80955],[139.185,35.80951],[139.18516,35.80927],[139.18526,35.80863],[139.18546,35.80832],[139.18594,35.80795],[139.18649,35.80779],[139.18657,35.80763],[139.18659,35.8074],[139.18671,35.80724],[139.18721,35.80715],[139.18733,35.80707],[139.18745,35.80664],[139.18754,35.8065],[139.18798,35.80619],[139.18821,35.80592],[139.18833,35.8057],[139.18843,35.8053],[139.18841,35.80511],[139.18832,35.80499],[139.18769,35.80486],[139.18739,35.80467],[139.18689,35.80441],[139.1866,35.80433],[139.1864,35.80434],[139.18634,35.8044],[139.18627,35.80463],[139.18583,35.80476],[139.18554,35.80516],[139.1853,35.80532],[139.18467,35.80557],[139.18381,35.80583],[139.18338,35.80605]]],[[[139.21257,35.81086],[139.21263,35.81114],[139.21282,35.81142],[139.21301,35.8115],[139.2131,35.81148],[139.21322,35.81129],[139.21328,35.8109],[139.21319,35.80959],[139.21294,35.80828],[139.21267,35.8074],[139.21254,35.80715],[139.2122,35.80674],[139.212,35.80659],[139.21151,35.80637],[139.21122,35.80631],[139.21039,35.80626],[139.21001,35.8063],[139.20977,35.8064],[139.20966,35.80655],[139.20965,35.80682],[139.20991,35.80702],[139.21004,35.80723],[139.21012,35.80786],[139.21027,35.80817],[139.21071,35.80871],[139.21138,35.80927],[139.21191,35.80964],[139.21243,35.80987],[139.21253,35.81016],[139.21257,35.81086]]],[[[139.15815,35.81179],[139.1586,35.81142],[139.1587,35.81121],[139.15872,35.8109],[139.15865,35.81052],[139.15844,35.80992],[139.15824,35.80958],[139.1581,35.8095],[139.15785,35.80956],[139.15742,35.81015],[139.15673,35.81067],[139.15633,35.81099],[139.15618,35.81118],[139.15611,35.81136],[139.15614,35.81154],[139.15637,35.81185],[139.15683,35.81224],[139.15739,35.81256],[139.15765,35.81259],[139.15783,35.81249],[139.15802,35.81199],[139.15815,35.81179]]],[[[139.122,35.81079],[139.12228,35.81062],[139.12252,35.81054],[139.12293,35.8105],[139.12343,35.81055],[139.1239,35.8107],[139.12403,35.81085],[139.12398,35.81099],[139.12385,35.81103],[139.12302,35.81095],[139.12256,35.81107],[139.12212,35.81138],[139.12177,35.81191],[139.12154,35.81206],[139.12134,35.81212],[139.12119,35.81224],[139.12114,35.81257],[139.12128,35.8131],[139.12156,35.81351],[139.12181,35.81362],[139.12212,35.8136],[139.12229,35.81355],[139.12279,35.81323],[139.12325,35.8127],[139.12379,35.81181],[139.1241,35.81148],[139.12427,35.81143],[139.1245,35.81146],[139.1247,35.8114],[139.12557,35.8108],[139.12585,35.81068],[139.12605,35.81066],[139.12611,35.8106],[139.12606,35.81044],[139.12585,35.8102],[139.12533,35.80986],[139.12438,35.80946],[139.12371,35.80931],[139.12329,35.80931],[139.12308,35.80936],[139.12286,35.80952],[139.12271,35.80975],[139.12249,35.80986],[139.12193,35.80996],[139.12141,35.80996],[139.12098,35.81003],[139.12084,35.81011],[139.12067,35.81033],[139.12065,35.81048],[139.12088,35.81117],[139.12108,35.81146],[139.12122,35.81154],[139.12142,35.81151],[139.12153,35.81144],[139.12179,35.811],[139.122,35.81079]]],[[[139.37101,35.61053],[139.37135,35.61034],[139.37182,35.60992],[139.37209,35.60975],[139.37312,35.60929],[139.37331,35.60907],[139.37336,35.60877],[139.37347,35.60864],[139.37383,35.60857],[139.3741,35.60831],[139.37428,35.60823],[139.37527,35.60815],[139.37554,35.60806],[139.37562,35.60799],[139.37571,35.6078],[139.37566,35.6074],[139.37572,35.60716],[139.37601,35.60684],[139.3768,35.60635],[139.37719,35.60594],[139.37747,35.60546],[139.37746,35.60519],[139.37739,35.60508],[139.37713,35.60489],[139.37669,35.60476],[139.37609,35.60472],[139.3758,35.6048],[139.3756,35.60496],[139.37543,35.60531],[139.37537,35.60569],[139.37545,35.60622],[139.37531,35.60648],[139.3751,35.60657],[139.37462,35.6066],[139.37426,35.60669],[139.37411,35.60681],[139.3739,35.60712],[139.37371,35.60727],[139.37345,35.6074],[139.37295,35.60756],[139.37232,35.60763],[139.37176,35.60756],[139.37148,35.60758],[139.37106,35.6077],[139.37037,35.60802],[139.36996,35.60806],[139.36956,35.60801],[139.36935,35.60806],[139.36913,35.60829],[139.36899,35.60868],[139.36883,35.60889],[139.36847,35.6091],[139.36814,35.60917],[139.36775,35.60936],[139.36756,35.6097],[139.36757,35.6103],[139.36766,35.61049],[139.3678,35.6106],[139.36825,35.61066],[139.36858,35.61092],[139.36899,35.61096],[139.37003,35.61082],[139.37057,35.61069],[139.37101,35.61053]]],[[[139.42739,35.61678],[139.42709,35.61684],[139.42686,35.61682],[139.42649,35.61653],[139.42607,35.61646],[139.42551,35.61653],[139.42525,35.61675],[139.42533,35.61628],[139.42546,35.61594],[139.42563,35.61573],[139.42587,35.61557],[139.42582,35.61549],[139.42554,35.61533],[139.42543,35.61506],[139.42507,35.61527],[139.42417,35.61605],[139.42391,35.6162],[139.42373,35.61621],[139.42349,35.61586],[139.42325,35.61571],[139.42288,35.61556],[139.42262,35.61526],[139.42252,35.61494],[139.42253,35.61466],[139.42261,35.61451],[139.42289,35.6142],[139.42298,35.61382],[139.4229,35.61363],[139.42279,35.61355],[139.42262,35.61352],[139.42235,35.61354],[139.42219,35.61363],[139.42214,35.61383],[139.42202,35.614],[139.42157,35.61427],[139.42097,35.6144],[139.42021,35.61443],[139.41992,35.61452],[139.41974,35.61468],[139.41964,35.61517],[139.41944,35.61547],[139.41921,35.61559],[139.41873,35.6157],[139.41852,35.61583],[139.41839,35.61613],[139.41846,35.61664],[139.41844,35.61685],[139.41836,35.61702],[139.41804,35.6174],[139.41794,35.61786],[139.41773,35.61803],[139.41717,35.61822],[139.41707,35.61835],[139.41708,35.61853],[139.41724,35.61884],[139.41727,35.61902],[139.41721,35.61915],[139.41688,35.6193],[139.41672,35.61948],[139.41677,35.62006],[139.41672,35.62021],[139.4166,35.62032],[139.41612,35.62053],[139.41565,35.62109],[139.41542,35.62124],[139.41495,35.62137],[139.41438,35.6214],[139.41414,35.62153],[139.41407,35.62163],[139.41404,35.6219],[139.41424,35.62271],[139.41419,35.62293],[139.41383,35.62303],[139.41355,35.62329],[139.4131,35.62332],[139.41262,35.62324],[139.41225,35.62306],[139.4121,35.62288],[139.41192,35.62248],[139.41179,35.62236],[139.41163,35.62229],[139.41134,35.62228],[139.4111,35.62234],[139.41095,35.62247],[139.41089,35.6226],[139.41093,35.62312],[139.4112,35.62426],[139.41114,35.62457],[139.41091,35.62477],[139.4108,35.62511],[139.41077,35.62563],[139.41088,35.62596],[139.41112,35.62618],[139.41129,35.62625],[139.41174,35.62633],[139.41225,35.62635],[139.41263,35.62646],[139.41287,35.62665],[139.41298,35.62692],[139.41295,35.62737],[139.41289,35.62756],[139.41279,35.62766],[139.41261,35.62771],[139.41253,35.62783],[139.41252,35.6282],[139.41258,35.62874],[139.41254,35.62899],[139.41242,35.62913],[139.41232,35.62916],[139.41183,35.62912],[139.41164,35.62916],[139.41151,35.62926],[139.41141,35.62949],[139.41145,35.62973],[139.41168,35.62988],[139.41185,35.63009],[139.41201,35.63057],[139.41217,35.63082],[139.41263,35.63112],[139.41363,35.63139],[139.4143,35.63172],[139.41466,35.63203],[139.41541,35.63295],[139.41559,35.63308],[139.41593,35.63317],[139.41606,35.63348],[139.41673,35.63363],[139.41686,35.63394],[139.41698,35.634],[139.41724,35.63404],[139.41735,35.63411],[139.41755,35.63447],[139.41773,35.63466],[139.41843,35.63498],[139.41935,35.63576],[139.41976,35.63589],[139.42043,35.63573],[139.42064,35.63575],[139.42082,35.63583],[139.42124,35.63621],[139.42159,35.63631],[139.42179,35.63656],[139.42218,35.6375],[139.42253,35.63789],[139.42277,35.63806],[139.42338,35.63835],[139.42484,35.63881],[139.4253,35.63901],[139.42556,35.6392],[139.42571,35.63952],[139.42595,35.63964],[139.42657,35.63977],[139.42709,35.63981],[139.42747,35.63974],[139.42761,35.63967],[139.42778,35.63946],[139.42786,35.63886],[139.42795,35.63864],[139.42809,35.6385],[139.42852,35.63832],[139.42864,35.63818],[139.4286,35.63793],[139.42819,35.6376],[139.4281,35.63726],[139.42814,35.63696],[139.42824,35.63683],[139.42838,35.63676],[139.42865,35.63673],[139.42875,35.63665],[139.42874,35.63638],[139.42853,35.636],[139.42827,35.63582],[139.4279,35.63573],[139.42637,35.63577],[139.42546,35.63564],[139.42487,35.63544],[139.42455,35.63525],[139.42428,35.63502],[139.42395,35.63463],[139.42352,35.6344],[139.42317,35.63435],[139.42257,35.63439],[139.42199,35.63435],[139.42162,35.63425],[139.42075,35.6339],[139.42024,35.6338],[139.41955,35.63375],[139.41886,35.63349],[139.41836,35.63316],[139.4181,35.6329],[139.41785,35.63245],[139.41766,35.63184],[139.4174,35.63154],[139.41679,35.63132],[139.4166,35.63122],[139.41634,35.63085],[139.41621,35.63075],[139.41602,35.63071],[139.41542,35.63077],[139.41522,35.63073],[139.41511,35.63045],[139.41481,35.63023],[139.4148,35.63012],[139.41492,35.62996],[139.41572,35.62927],[139.41468,35.62925],[139.41425,35.62918],[139.41395,35.62905],[139.41371,35.62887],[139.41354,35.62866],[139.41353,35.6285],[139.41358,35.62845],[139.4138,35.62838],[139.41479,35.6283],[139.41497,35.62822],[139.41521,35.62799],[139.41545,35.62793],[139.41574,35.62793],[139.41597,35.62799],[139.41629,35.6283],[139.41652,35.62837],[139.41678,35.6283],[139.41688,35.62807],[139.41731,35.62797],[139.41854,35.62793],[139.41958,35.62806],[139.42045,35.62838],[139.4214,35.62897],[139.42196,35.62923],[139.42293,35.62937],[139.42347,35.62959],[139.42367,35.62964],[139.42388,35.62962],[139.42429,35.62946],[139.42452,35.62941],[139.42463,35.62946],[139.42482,35.62965],[139.42498,35.62971],[139.42558,35.62977],[139.42596,35.62986],[139.42678,35.63035],[139.42729,35.6305],[139.42791,35.63062],[139.42864,35.63089],[139.43036,35.63189],[139.43105,35.63224],[139.43199,35.63248],[139.43202,35.63214],[139.43227,35.63248],[139.43382,35.63205],[139.43437,35.63186],[139.43472,35.6316],[139.43478,35.63136],[139.43486,35.63122],[139.43512,35.63108],[139.43563,35.63099],[139.43603,35.63107],[139.43617,35.63117],[139.43635,35.6314],[139.43662,35.63213],[139.4368,35.63234],[139.43722,35.63256],[139.4378,35.63266],[139.43818,35.63281],[139.43831,35.63295],[139.43837,35.63319],[139.43852,35.63336],[139.43879,35.63353],[139.43996,35.63404],[139.44023,35.6343],[139.44028,35.63454],[139.44039,35.63473],[139.44089,35.63496],[139.44105,35.63509],[139.44109,35.63524],[139.44098,35.63539],[139.44072,35.63551],[139.44023,35.63564],[139.43991,35.63588],[139.43982,35.63604],[139.4398,35.63627],[139.43994,35.63654],[139.44024,35.63672],[139.44084,35.63682],[139.44113,35.63698],[139.4417,35.63746],[139.44259,35.63835],[139.44311,35.63873],[139.44336,35.63883],[139.4437,35.6388],[139.44412,35.63867],[139.44476,35.6384],[139.44502,35.63837],[139.44513,35.6384],[139.44528,35.63854],[139.44552,35.63911],[139.44567,35.63923],[139.44585,35.63929],[139.44605,35.63927],[139.44637,35.63915],[139.44703,35.63861],[139.44733,35.63851],[139.44768,35.63848],[139.44857,35.63863],[139.44886,35.63877],[139.44911,35.63898],[139.44958,35.63911],[139.45056,35.63922],[139.45118,35.63919],[139.45125,35.63915],[139.4513,35.639],[139.45139,35.63892],[139.45165,35.63886],[139.45204,35.63884],[139.45241,35.63868],[139.45264,35.63849],[139.45306,35.638],[139.45327,35.63784],[139.45348,35.63775],[139.45386,35.63771],[139.45401,35.63763],[139.45405,35.63754],[139.45403,35.63739],[139.45392,35.63731],[139.45368,35.63726],[139.45359,35.63714],[139.45353,35.63691],[139.45353,35.63623],[139.45358,35.6361],[139.45376,35.63593],[139.45389,35.63589],[139.45423,35.63591],[139.45493,35.63613],[139.45524,35.63632],[139.45543,35.63661],[139.45545,35.63605],[139.45552,35.63585],[139.45563,35.63575],[139.4559,35.63571],[139.45607,35.63562],[139.45623,35.63524],[139.45627,35.63483],[139.45624,35.63415],[139.45615,35.63384],[139.45601,35.63364],[139.45572,35.63352],[139.45553,35.63334],[139.45545,35.63306],[139.45548,35.63283],[139.45561,35.63255],[139.45584,35.63223],[139.45657,35.63149],[139.45692,35.63106],[139.457,35.63086],[139.45696,35.6306],[139.45716,35.63054],[139.45767,35.63054],[139.45752,35.62937],[139.45755,35.6288],[139.45777,35.62802],[139.45834,35.62679],[139.45852,35.62629],[139.45847,35.62608],[139.45815,35.62586],[139.45808,35.62571],[139.45807,35.62537],[139.45813,35.62504],[139.45808,35.62478],[139.45788,35.62461],[139.45772,35.62457],[139.45657,35.62458],[139.45629,35.62451],[139.45621,35.62445],[139.45617,35.62428],[139.45621,35.62394],[139.45613,35.62371],[139.45596,35.62349],[139.45534,35.62288],[139.45506,35.62244],[139.45484,35.62196],[139.45456,35.62171],[139.45432,35.62168],[139.45419,35.62171],[139.45383,35.62188],[139.45362,35.62204],[139.45353,35.62231],[139.45338,35.62239],[139.4531,35.62241],[139.45282,35.62237],[139.45243,35.62215],[139.45222,35.62182],[139.45221,35.6215],[139.45232,35.62131],[139.4528,35.62105],[139.45286,35.62075],[139.45279,35.62046],[139.45262,35.62015],[139.45236,35.61991],[139.45218,35.61983],[139.45151,35.6197],[139.45076,35.61974],[139.45024,35.61991],[139.44987,35.6203],[139.44951,35.62048],[139.44918,35.62051],[139.44843,35.62045],[139.44817,35.62049],[139.44799,35.62059],[139.44785,35.62083],[139.44755,35.62108],[139.44641,35.62165],[139.44624,35.62185],[139.44628,35.62197],[139.44624,35.62208],[139.44607,35.62219],[139.44576,35.6223],[139.44509,35.62245],[139.4446,35.62249],[139.4444,35.62245],[139.44421,35.62226],[139.44408,35.6222],[139.44363,35.62216],[139.44333,35.62226],[139.44302,35.62256],[139.44262,35.62264],[139.44244,35.62301],[139.44213,35.62307],[139.44193,35.62316],[139.4412,35.62368],[139.44078,35.6241],[139.44052,35.62452],[139.44039,35.62507],[139.44043,35.62559],[139.44059,35.62587],[139.44076,35.62596],[139.44095,35.62599],[139.44104,35.62612],[139.44098,35.62648],[139.44077,35.62674],[139.44054,35.62683],[139.44025,35.62688],[139.43969,35.62681],[139.4395,35.62665],[139.43946,35.62641],[139.43937,35.62628],[139.43911,35.62613],[139.43886,35.62607],[139.43847,35.62602],[139.43812,35.62604],[139.43791,35.62609],[139.43772,35.62622],[139.43758,35.62645],[139.43746,35.62678],[139.43736,35.62771],[139.43744,35.62796],[139.43763,35.62801],[139.4378,35.62817],[139.43793,35.62849],[139.43798,35.62887],[139.43793,35.62905],[139.43781,35.62918],[139.43743,35.62926],[139.43723,35.62917],[139.43692,35.62873],[139.43654,35.6286],[139.43659,35.62802],[139.43621,35.62771],[139.43611,35.62738],[139.43575,35.62726],[139.4357,35.62705],[139.43577,35.62642],[139.43569,35.62618],[139.43552,35.62598],[139.43527,35.6258],[139.43486,35.62563],[139.43444,35.62559],[139.43393,35.62564],[139.43374,35.6256],[139.43361,35.6255],[139.4334,35.62516],[139.43323,35.62506],[139.43304,35.62503],[139.43291,35.62487],[139.43286,35.62441],[139.43294,35.62406],[139.43314,35.62379],[139.43349,35.62353],[139.43357,35.62334],[139.43359,35.62311],[139.43353,35.62271],[139.43357,35.6225],[139.43379,35.62229],[139.43427,35.62212],[139.43448,35.62187],[139.43453,35.62163],[139.43451,35.62136],[139.43436,35.62103],[139.43417,35.62087],[139.43369,35.62061],[139.43354,35.62044],[139.43345,35.62025],[139.4334,35.61985],[139.43331,35.61973],[139.43316,35.61965],[139.4328,35.6196],[139.43269,35.6195],[139.43256,35.6189],[139.43236,35.61851],[139.43186,35.61798],[139.43149,35.61771],[139.43126,35.61762],[139.43095,35.61761],[139.43068,35.61767],[139.43044,35.6178],[139.43018,35.61812],[139.43013,35.61873],[139.42942,35.61872],[139.42909,35.61866],[139.42868,35.6185],[139.42829,35.61826],[139.42812,35.61809],[139.42804,35.61792],[139.42811,35.6175],[139.42806,35.61724],[139.4279,35.61699],[139.42766,35.61682],[139.42739,35.61678]]],[[[139.40658,35.63278],[139.40674,35.63268],[139.40764,35.63255],[139.40804,35.63222],[139.40883,35.63197],[139.40903,35.6318],[139.4091,35.6315],[139.40922,35.63134],[139.40979,35.63124],[139.4099,35.63113],[139.40997,35.6309],[139.41032,35.63079],[139.41032,35.63062],[139.41011,35.63021],[139.41006,35.63001],[139.41011,35.62972],[139.41028,35.62947],[139.41026,35.62934],[139.41002,35.62919],[139.40954,35.62911],[139.4091,35.62915],[139.40885,35.62925],[139.4084,35.62963],[139.40825,35.63],[139.40814,35.6301],[139.4071,35.63037],[139.40691,35.63051],[139.40681,35.63075],[139.40669,35.6308],[139.40633,35.63083],[139.40618,35.63092],[139.40607,35.63118],[139.40603,35.63157],[139.40592,35.63174],[139.4056,35.63185],[139.40527,35.63181],[139.40501,35.63183],[139.40484,35.63194],[139.40478,35.63216],[139.40487,35.63262],[139.40503,35.63287],[139.40525,35.63305],[139.40554,35.63316],[139.40587,35.63321],[139.40613,35.6332],[139.40632,35.63313],[139.40658,35.63278]]],[[[139.41835,35.64331],[139.41846,35.64336],[139.41874,35.64338],[139.41935,35.64321],[139.41958,35.64306],[139.41976,35.64286],[139.41989,35.64263],[139.41998,35.64223],[139.41998,35.64193],[139.41988,35.64144],[139.41963,35.64088],[139.41943,35.64071],[139.41922,35.64066],[139.41871,35.64093],[139.41823,35.641],[139.41791,35.64093],[139.41766,35.6407],[139.41748,35.64064],[139.41722,35.64062],[139.41648,35.64067],[139.41615,35.64062],[139.41579,35.64039],[139.41556,35.64001],[139.41532,35.63974],[139.41513,35.63965],[139.41471,35.63958],[139.41447,35.63946],[139.41381,35.63887],[139.4134,35.63857],[139.41285,35.63837],[139.41261,35.63837],[139.41242,35.63844],[139.41229,35.63857],[139.41202,35.63907],[139.41172,35.63931],[139.41128,35.63953],[139.41121,35.63961],[139.41127,35.63969],[139.41155,35.63981],[139.41178,35.64002],[139.41273,35.64158],[139.41291,35.64175],[139.4133,35.642],[139.41374,35.64211],[139.41419,35.64212],[139.41465,35.64218],[139.4148,35.64226],[139.41484,35.64242],[139.41493,35.64249],[139.41581,35.64263],[139.41617,35.64286],[139.41651,35.64318],[139.41665,35.64324],[139.41685,35.64324],[139.41707,35.64309],[139.41741,35.64257],[139.41778,35.64232],[139.41795,35.64229],[139.4181,35.64246],[139.41816,35.64303],[139.4182,35.64315],[139.41835,35.64331]]],[[[139.37404,35.64361],[139.37412,35.64369],[139.37407,35.64385],[139.37412,35.64399],[139.37432,35.64409],[139.37452,35.6441],[139.37466,35.64391],[139.37475,35.64352],[139.37482,35.64224],[139.37498,35.64146],[139.37517,35.64112],[139.37581,35.64058],[139.3759,35.64041],[139.37597,35.64001],[139.37623,35.63969],[139.37623,35.63954],[139.37587,35.6392],[139.3748,35.63859],[139.37414,35.63837],[139.37385,35.63838],[139.37347,35.6387],[139.37334,35.63877],[139.37307,35.63882],[139.373,35.63891],[139.37298,35.63917],[139.37309,35.63984],[139.37306,35.64021],[139.37287,35.64071],[139.3727,35.64089],[139.37256,35.64096],[139.37237,35.64118],[139.37232,35.64156],[139.37245,35.64198],[139.37286,35.64243],[139.37296,35.64261],[139.37295,35.64292],[139.37279,35.64324],[139.37283,35.6434],[139.37314,35.64352],[139.37369,35.64355],[139.37404,35.64361]]],[[[139.40083,35.64273],[139.40099,35.64284],[139.40111,35.64286],[139.40116,35.64276],[139.40114,35.64253],[139.40094,35.64174],[139.40089,35.64123],[139.40095,35.64097],[139.40115,35.64062],[139.40117,35.64048],[139.40112,35.64035],[139.40085,35.64014],[139.4004,35.64003],[139.39979,35.6401],[139.39916,35.64028],[139.39879,35.64053],[139.39868,35.64077],[139.3987,35.64124],[139.39888,35.6417],[139.399,35.64181],[139.39936,35.6419],[139.39957,35.64214],[139.39971,35.64221],[139.40064,35.64236],[139.40073,35.64244],[139.40083,35.64273]]],[[[139.40376,35.64499],[139.40467,35.64507],[139.40503,35.64523],[139.40527,35.64546],[139.40549,35.64558],[139.40596,35.64568],[139.40655,35.64571],[139.40687,35.6458],[139.40713,35.64596],[139.4075,35.64646],[139.40765,35.6466],[139.40809,35.64686],[139.4087,35.6471],[139.40949,35.64733],[139.41013,35.64744],[139.41054,35.6474],[139.41065,35.64732],[139.4107,35.64704],[139.41054,35.64651],[139.41053,35.64627],[139.41058,35.6461],[139.41081,35.64596],[139.41092,35.64583],[139.41095,35.64568],[139.41089,35.64562],[139.41061,35.64551],[139.41011,35.64539],[139.4082,35.6451],[139.40753,35.64493],[139.40736,35.64482],[139.40732,35.64464],[139.40717,35.64443],[139.40667,35.64403],[139.40625,35.64386],[139.4053,35.64363],[139.4048,35.64336],[139.40444,35.643],[139.40418,35.64247],[139.40404,35.64234],[139.40379,35.64233],[139.40362,35.64238],[139.40235,35.64302],[139.40188,35.64318],[139.40166,35.64319],[139.40152,35.64323],[139.40146,35.64333],[139.40154,35.64359],[139.40169,35.6438],[139.40189,35.64398],[139.40214,35.64411],[139.40301,35.64435],[139.40316,35.64447],[139.40325,35.64478],[139.40337,35.6449],[139.40376,35.64499]]],[[[139.37285,35.64599],[139.37294,35.64542],[139.37303,35.64515],[139.37326,35.64478],[139.37331,35.64459],[139.37325,35.64416],[139.37318,35.64407],[139.37294,35.64395],[139.37256,35.64391],[139.37174,35.64401],[139.37124,35.64415],[139.37092,35.64434],[139.37077,35.64457],[139.37085,35.6452],[139.3708,35.64553],[139.37063,35.64571],[139.37027,35.64582],[139.37017,35.64601],[139.37009,35.64659],[139.37006,35.64772],[139.36998,35.64852],[139.36983,35.64896],[139.36967,35.64917],[139.36943,35.64933],[139.36937,35.64957],[139.36954,35.65014],[139.36989,35.65073],[139.37016,35.65089],[139.37069,35.65096],[139.37089,35.65096],[139.37108,35.6509],[139.37127,35.65052],[139.3719,35.65004],[139.37213,35.6497],[139.37217,35.64941],[139.37211,35.64876],[139.37216,35.64844],[139.37271,35.64735],[139.37283,35.64672],[139.37285,35.64599]]],[[[139.38783,35.65173],[139.38798,35.65142],[139.38808,35.65092],[139.3882,35.6508],[139.38856,35.65064],[139.38876,35.6505],[139.38891,35.65001],[139.38911,35.64992],[139.38967,35.64984],[139.39003,35.6496],[139.39012,35.6494],[139.39006,35.649],[139.39012,35.64887],[139.3904,35.64872],[139.39111,35.64856],[139.39131,35.64842],[139.39141,35.64818],[139.3916,35.64812],[139.3918,35.64811],[139.39193,35.64805],[139.39193,35.6478],[139.39161,35.6472],[139.39146,35.64678],[139.3915,35.64621],[139.39134,35.64617],[139.39087,35.64623],[139.3907,35.64619],[139.39039,35.64603],[139.39017,35.64605],[139.38987,35.64619],[139.3891,35.64676],[139.38868,35.64699],[139.38826,35.64714],[139.38747,35.64721],[139.38712,35.64734],[139.38703,35.64749],[139.3871,35.64795],[139.38705,35.64837],[139.38687,35.64886],[139.38653,35.6496],[139.38608,35.65025],[139.38537,35.65079],[139.38528,35.65093],[139.38516,35.65139],[139.38497,35.65153],[139.38477,35.6516],[139.38456,35.65172],[139.38451,35.65191],[139.38462,35.65216],[139.38482,35.65235],[139.38531,35.65266],[139.38598,35.65297],[139.38647,35.65305],[139.38667,35.65297],[139.38688,35.65256],[139.38704,35.65236],[139.38783,35.65173]]],[[[139.43763,35.65373],[139.43775,35.65406],[139.438,35.65427],[139.43846,35.65452],[139.43875,35.65479],[139.43906,35.65547],[139.43927,35.65677],[139.43951,35.6572],[139.43969,35.65733],[139.43989,35.6574],[139.44013,35.65741],[139.44072,35.65724],[139.44142,35.65691],[139.44177,35.65657],[139.44181,35.65634],[139.44176,35.65616],[139.44156,35.65599],[139.44094,35.65591],[139.44055,35.65572],[139.4404,35.65556],[139.44027,35.65531],[139.44026,35.65506],[139.44033,35.65481],[139.44029,35.65468],[139.44007,35.65453],[139.43982,35.65446],[139.43958,35.65426],[139.43933,35.65358],[139.43915,35.65207],[139.43893,35.65112],[139.43872,35.65066],[139.43813,35.64989],[139.43809,35.64972],[139.43815,35.64948],[139.4381,35.64934],[139.43756,35.64879],[139.43738,35.64838],[139.43707,35.64828],[139.4365,35.64831],[139.43635,35.64842],[139.43632,35.64858],[139.4362,35.64871],[139.43586,35.64885],[139.43569,35.64896],[139.43554,35.6493],[139.43541,35.65027],[139.43522,35.65049],[139.43503,35.65052],[139.43479,35.65058],[139.4347,35.65068],[139.43466,35.6509],[139.43475,35.65113],[139.43517,35.65126],[139.43546,35.65141],[139.4363,35.65196],[139.43669,35.65228],[139.43705,35.6527],[139.43722,35.65341],[139.43763,35.65373]]],[[[139.37412,35.65358],[139.37454,35.65365],[139.37577,35.6537],[139.37654,35.6538],[139.37689,35.65391],[139.37741,35.65422],[139.37766,35.65421],[139.37795,35.65403],[139.37831,35.65393],[139.37931,35.65396],[139.38142,35.65413],[139.3821,35.65426],[139.38249,35.65451],[139.38274,35.65457],[139.38376,35.65461],[139.3843,35.65452],[139.38443,35.65432],[139.38474,35.65418],[139.38626,35.65395],[139.3865,35.65386],[139.38661,35.65376],[139.38655,35.65363],[139.38645,35.65356],[139.38583,35.65326],[139.38475,35.65286],[139.38398,35.65266],[139.383,35.65257],[139.38245,35.65266],[139.38182,35.65286],[139.38146,35.6529],[139.38137,35.65284],[139.38133,35.65267],[139.38124,35.65255],[139.38079,35.65228],[139.38019,35.65215],[139.37901,35.65206],[139.37846,35.6519],[139.37794,35.65167],[139.37759,35.65159],[139.37708,35.6516],[139.37656,35.65174],[139.37604,35.65181],[139.37535,35.65176],[139.37475,35.65154],[139.37418,35.65106],[139.37397,35.65098],[139.37366,35.65106],[139.37326,35.65143],[139.373,35.65155],[139.37285,35.65155],[139.37267,35.65145],[139.37248,35.6511],[139.37222,35.6511],[139.37176,35.65122],[139.37148,35.65136],[139.37129,35.65152],[139.37116,35.65181],[139.37124,35.65231],[139.37139,35.65252],[139.37155,35.65263],[139.37195,35.65277],[139.37336,35.65303],[139.37369,35.65322],[139.37386,35.65346],[139.37412,35.65358]]],[[[139.39988,35.65362],[139.39996,35.65379],[139.40059,35.65439],[139.40077,35.65463],[139.40076,35.65474],[139.40059,35.65485],[139.40052,35.655],[139.4005,35.65535],[139.40068,35.65609],[139.40085,35.65639],[139.40104,35.65658],[139.40111,35.65677],[139.40112,35.65715],[139.40103,35.65777],[139.40112,35.65819],[139.40125,35.65832],[139.40153,35.65847],[139.40255,35.65873],[139.40274,35.65887],[139.40287,35.65914],[139.40285,35.65935],[139.40269,35.65953],[139.4025,35.65956],[139.40183,35.6595],[139.40141,35.65957],[139.40102,35.65975],[139.40076,35.66014],[139.40067,35.66052],[139.40065,35.66101],[139.40067,35.66145],[139.40077,35.66196],[139.40088,35.66219],[139.4011,35.66241],[139.40127,35.66251],[139.40155,35.66257],[139.40175,35.66256],[139.40194,35.6624],[139.40204,35.66181],[139.4022,35.66152],[139.40239,35.66139],[139.40277,35.66127],[139.40296,35.66109],[139.40312,35.66064],[139.40322,35.6597],[139.40334,35.65951],[139.4035,35.65942],[139.40393,35.6595],[139.40418,35.65974],[139.40452,35.65991],[139.4059,35.66033],[139.40623,35.66055],[139.40637,35.66079],[139.40659,35.66098],[139.40693,35.66111],[139.40733,35.66116],[139.40769,35.66107],[139.40843,35.66063],[139.40918,35.6605],[139.40945,35.66023],[139.40967,35.66013],[139.40995,35.66017],[139.41006,35.66043],[139.4103,35.66053],[139.41097,35.66058],[139.41154,35.66051],[139.41167,35.66043],[139.41171,35.66027],[139.41183,35.66014],[139.4124,35.65988],[139.41252,35.65969],[139.41257,35.6594],[139.41266,35.65933],[139.41337,35.65937],[139.41393,35.65908],[139.41484,35.65895],[139.415,35.65879],[139.41503,35.65856],[139.41511,35.6584],[139.41539,35.65833],[139.41552,35.6582],[139.41558,35.65773],[139.41566,35.65752],[139.41576,35.65745],[139.41595,35.65742],[139.41612,35.65723],[139.41633,35.65653],[139.41647,35.65622],[139.41659,35.65611],[139.41696,35.65602],[139.41712,35.65584],[139.41716,35.65538],[139.41697,35.65451],[139.41693,35.65508],[139.41671,35.65527],[139.41606,35.6554],[139.41484,35.65545],[139.41427,35.65562],[139.41408,35.6558],[139.41395,35.65609],[139.41382,35.65622],[139.41366,35.65629],[139.41328,35.65635],[139.41313,35.65644],[139.41284,35.65701],[139.41264,35.65727],[139.41235,35.65746],[139.41201,35.65758],[139.41137,35.65765],[139.411,35.65756],[139.41072,35.65735],[139.41037,35.65689],[139.41016,35.65676],[139.41002,35.65674],[139.4099,35.65681],[139.40979,35.65695],[139.40957,35.65766],[139.40931,35.65807],[139.40889,35.65839],[139.40851,35.65854],[139.40764,35.65866],[139.40642,35.65866],[139.40453,35.65848],[139.40413,35.65838],[139.40394,35.65827],[139.40371,35.65789],[139.40354,35.65746],[139.40319,35.65626],[139.40322,35.65581],[139.40331,35.65566],[139.40344,35.65555],[139.40385,35.65547],[139.40466,35.65552],[139.40515,35.65551],[139.40582,35.6554],[139.4066,35.65513],[139.40673,35.65501],[139.40681,35.65475],[139.407,35.65461],[139.40733,35.65452],[139.40806,35.65447],[139.40827,35.6544],[139.40849,35.65419],[139.40862,35.65387],[139.40884,35.6536],[139.40953,35.65322],[139.40965,35.65311],[139.40969,35.653],[139.40963,35.65283],[139.40964,35.65269],[139.40999,35.65243],[139.41014,35.65194],[139.41034,35.65182],[139.41071,35.65179],[139.41107,35.65185],[139.41135,35.65201],[139.41173,35.65236],[139.412,35.65246],[139.41246,35.65251],[139.41264,35.65262],[139.41287,35.65285],[139.4132,35.65292],[139.41347,35.6529],[139.41359,35.65285],[139.41369,35.65262],[139.4138,35.6525],[139.41412,35.65234],[139.41473,35.65211],[139.41499,35.65194],[139.41505,35.65178],[139.41493,35.65165],[139.41381,35.65151],[139.41331,35.65128],[139.41293,35.65085],[139.41278,35.65024],[139.41239,35.64971],[139.41189,35.64936],[139.41143,35.64921],[139.4111,35.64917],[139.41084,35.6492],[139.41065,35.64931],[139.41031,35.64989],[139.41001,35.65012],[139.40962,35.65029],[139.40932,35.65049],[139.40905,35.65089],[139.40879,35.65111],[139.40769,35.65158],[139.40729,35.65193],[139.40662,35.65204],[139.40653,35.6521],[139.40649,35.65225],[139.40639,35.65236],[139.40597,35.65253],[139.40525,35.6527],[139.40479,35.65272],[139.4046,35.6527],[139.40432,35.65255],[139.40423,35.65244],[139.40408,35.65198],[139.40386,35.65167],[139.40353,35.65154],[139.40318,35.65159],[139.40302,35.6518],[139.40307,35.65229],[139.40303,35.65249],[139.40281,35.65264],[139.40256,35.65266],[139.40236,35.65272],[139.40226,35.65287],[139.40227,35.6531],[139.40248,35.65385],[139.40243,35.65392],[139.40225,35.65387],[139.40212,35.65391],[139.40206,35.65446],[139.40188,35.65404],[139.40167,35.65382],[139.40155,35.65378],[139.40136,35.6538],[139.4012,35.65389],[139.40104,35.65407],[139.40095,35.65408],[139.40038,35.65341],[139.40021,35.65334],[139.39986,35.65333],[139.39988,35.65362]]],[[[139.39105,35.66385],[139.39162,35.66389],[139.39228,35.66386],[139.39254,35.6638],[139.39296,35.66358],[139.39323,35.66323],[139.39334,35.66275],[139.39331,35.66229],[139.39314,35.66188],[139.393,35.6617],[139.39262,35.66137],[139.39217,35.66108],[139.39187,35.66074],[139.39176,35.66056],[139.39166,35.66016],[139.3917,35.65909],[139.39162,35.6587],[139.39146,35.65834],[139.39125,35.65802],[139.391,35.65777],[139.39072,35.65759],[139.3904,35.65748],[139.38993,35.65745],[139.38971,35.65754],[139.38955,35.65772],[139.38946,35.65798],[139.38945,35.65847],[139.3898,35.65921],[139.38989,35.65994],[139.38979,35.6611],[139.38949,35.66251],[139.38954,35.66294],[139.38968,35.66308],[139.39004,35.66323],[139.39037,35.66366],[139.39063,35.66378],[139.39105,35.66385]]],[[[139.41963,35.66698],[139.42053,35.6669],[139.42111,35.66675],[139.42148,35.66655],[139.42205,35.66615],[139.42295,35.66577],[139.42378,35.66553],[139.42594,35.66501],[139.42639,35.66485],[139.42658,35.66472],[139.42655,35.66457],[139.42646,35.6645],[139.42593,35.66443],[139.42567,35.6643],[139.42545,35.66408],[139.42534,35.66389],[139.42522,35.66342],[139.42525,35.66289],[139.42541,35.66255],[139.42583,35.66214],[139.42588,35.66201],[139.42568,35.66196],[139.42558,35.66185],[139.4255,35.66154],[139.42548,35.66106],[139.42528,35.66065],[139.42505,35.66043],[139.42446,35.66006],[139.42425,35.65977],[139.42428,35.6591],[139.42413,35.65876],[139.42386,35.65842],[139.42379,35.65816],[139.42387,35.65771],[139.42417,35.65706],[139.42412,35.65659],[139.42394,35.6563],[139.42366,35.65603],[139.4232,35.6557],[139.42288,35.65553],[139.42226,35.65535],[139.422,35.65539],[139.42185,35.65585],[139.42157,35.65605],[139.42149,35.6562],[139.42148,35.65655],[139.42155,35.65702],[139.4215,35.65733],[139.42138,35.65744],[139.42095,35.65752],[139.42086,35.65762],[139.42082,35.65775],[139.42085,35.65797],[139.42091,35.65807],[139.42119,35.65816],[139.42128,35.65828],[139.42134,35.6585],[139.42139,35.6592],[139.42158,35.65964],[139.42182,35.65984],[139.42244,35.6601],[139.4227,35.66027],[139.42298,35.66056],[139.42311,35.66082],[139.42319,35.66148],[139.42316,35.66245],[139.42303,35.6635],[139.42282,35.66413],[139.42263,35.66432],[139.42236,35.66437],[139.42221,35.66433],[139.42213,35.6641],[139.42198,35.66402],[139.4216,35.664],[139.42112,35.66405],[139.42038,35.66422],[139.42016,35.66436],[139.42003,35.66452],[139.41981,35.66462],[139.41891,35.66473],[139.41878,35.66481],[139.41857,35.66504],[139.41818,35.66516],[139.41818,35.66537],[139.41835,35.66586],[139.41825,35.66604],[139.41796,35.66613],[139.41775,35.66614],[139.4169,35.66609],[139.41636,35.66613],[139.41621,35.66623],[139.41625,35.66652],[139.4162,35.66662],[139.41608,35.66667],[139.41589,35.66668],[139.41574,35.66676],[139.41581,35.66697],[139.41613,35.66729],[139.41648,35.66744],[139.41696,35.66754],[139.41756,35.66759],[139.41871,35.66753],[139.41916,35.66737],[139.41933,35.66714],[139.41963,35.66698]]],[[[139.40768,35.67122],[139.40845,35.67132],[139.40912,35.67147],[139.40963,35.67168],[139.41001,35.67195],[139.41027,35.67225],[139.41059,35.67289],[139.41103,35.67304],[139.41109,35.67328],[139.4112,35.67345],[139.4118,35.67389],[139.41223,35.67466],[139.41253,35.67484],[139.41316,35.67506],[139.41344,35.6753],[139.41386,35.67583],[139.41429,35.67598],[139.41437,35.67613],[139.41442,35.67648],[139.41455,35.67658],[139.4148,35.67663],[139.41487,35.67673],[139.41496,35.67722],[139.41513,35.67748],[139.41564,35.67792],[139.41678,35.6787],[139.41702,35.67895],[139.41716,35.67929],[139.41735,35.67932],[139.41751,35.67929],[139.41794,35.67915],[139.41852,35.6789],[139.41897,35.67863],[139.41921,35.67837],[139.41921,35.67813],[139.41877,35.67767],[139.41861,35.67745],[139.41843,35.67669],[139.41833,35.67662],[139.41814,35.67659],[139.41801,35.67653],[139.41794,35.67628],[139.41775,35.67605],[139.41672,35.67526],[139.41661,35.67511],[139.41654,35.67486],[139.4162,35.67476],[139.416,35.6746],[139.4151,35.67342],[139.41462,35.67291],[139.41433,35.67272],[139.41354,35.67244],[139.41279,35.67196],[139.41209,35.67177],[139.41189,35.67148],[139.41158,35.67038],[139.41147,35.67022],[139.41128,35.67011],[139.41119,35.66999],[139.41125,35.66979],[139.41143,35.66968],[139.41173,35.66967],[139.41233,35.66974],[139.41255,35.66967],[139.41268,35.66952],[139.41281,35.66946],[139.41366,35.66948],[139.41413,35.66927],[139.41511,35.66844],[139.41583,35.66803],[139.41578,35.66778],[139.41531,35.66727],[139.41502,35.66708],[139.4147,35.66695],[139.4142,35.6669],[139.41389,35.66694],[139.41364,35.66704],[139.41343,35.66719],[139.41319,35.66749],[139.41292,35.66761],[139.41275,35.66764],[139.41232,35.66763],[139.41107,35.66743],[139.41035,35.66743],[139.40987,35.66759],[139.40965,35.66778],[139.40941,35.66813],[139.40908,35.66823],[139.40881,35.66821],[139.4087,35.66816],[139.40857,35.66785],[139.40831,35.66778],[139.40799,35.66795],[139.40722,35.6688],[139.40706,35.66888],[139.40692,35.6689],[139.40686,35.66892],[139.4069,35.66897],[139.40752,35.66929],[139.40768,35.66945],[139.40776,35.66964],[139.40774,35.67009],[139.40758,35.67042],[139.40725,35.67086],[139.40728,35.67104],[139.4075,35.67117],[139.40768,35.67122]]],[[[139.36291,35.67716],[139.36275,35.67729],[139.36274,35.67755],[139.36294,35.67786],[139.36317,35.67811],[139.36349,35.67839],[139.36385,35.67861],[139.36423,35.67874],[139.36462,35.67879],[139.36542,35.67868],[139.36594,35.67852],[139.36638,35.67829],[139.36669,35.67801],[139.36681,35.67781],[139.36686,35.6776],[139.36684,35.67729],[139.36674,35.67708],[139.36643,35.67686],[139.36642,35.67672],[139.36647,35.67661],[139.36644,35.67652],[139.36637,35.67648],[139.36596,35.67642],[139.3653,35.67641],[139.36484,35.67648],[139.36469,35.67655],[139.36463,35.67671],[139.36448,35.67681],[139.36402,35.67692],[139.36336,35.67701],[139.36291,35.67716]]],[[[139.40957,35.68346],[139.40996,35.68334],[139.41027,35.68313],[139.41057,35.68272],[139.41074,35.6823],[139.41074,35.68213],[139.41062,35.68203],[139.41029,35.68198],[139.41,35.68202],[139.40933,35.68238],[139.4082,35.68266],[139.40801,35.68279],[139.40795,35.68296],[139.40779,35.68292],[139.40719,35.68253],[139.40681,35.68243],[139.40654,35.68242],[139.40594,35.68252],[139.40491,35.68294],[139.40406,35.68315],[139.40338,35.68321],[139.40307,35.68313],[139.40296,35.68304],[139.40286,35.68279],[139.40292,35.68208],[139.40287,35.68181],[139.40275,35.68161],[139.40239,35.68133],[139.40221,35.68092],[139.40225,35.68028],[139.40233,35.6801],[139.40257,35.6798],[139.40267,35.67946],[139.40277,35.6778],[139.40272,35.67683],[139.40264,35.67643],[139.40253,35.67622],[139.40228,35.67605],[139.40222,35.67584],[139.40236,35.67565],[139.40279,35.67547],[139.40295,35.67533],[139.40314,35.67498],[139.40335,35.67428],[139.40352,35.67409],[139.4037,35.67405],[139.40373,35.67392],[139.40353,35.67338],[139.40321,35.67286],[139.40285,35.67257],[139.40259,35.67249],[139.40215,35.67253],[139.40181,35.67263],[139.40103,35.67299],[139.40056,35.67339],[139.40038,35.67371],[139.4003,35.67407],[139.40032,35.67462],[139.40043,35.67505],[139.40066,35.67544],[139.40071,35.67579],[139.40034,35.67711],[139.40029,35.67807],[139.40036,35.67863],[139.40063,35.67948],[139.40068,35.67983],[139.40063,35.67997],[139.40045,35.68008],[139.40032,35.68026],[139.40019,35.68093],[139.39999,35.6811],[139.3998,35.68117],[139.39956,35.6814],[139.39944,35.68186],[139.39945,35.68271],[139.3996,35.68349],[139.39973,35.68383],[139.39993,35.68397],[139.40027,35.68407],[139.40074,35.68413],[139.40208,35.68416],[139.40396,35.68404],[139.40957,35.68346]]],[[[139.41473,35.68455],[139.41495,35.68439],[139.41542,35.68427],[139.416,35.68423],[139.41631,35.68411],[139.41643,35.68401],[139.41667,35.68357],[139.41672,35.68303],[139.41667,35.68276],[139.41655,35.68256],[139.41636,35.68243],[139.41615,35.68238],[139.41595,35.68241],[139.41574,35.68253],[139.41528,35.68293],[139.41499,35.68308],[139.41464,35.68318],[139.41374,35.68335],[139.41344,35.68349],[139.4132,35.68372],[139.41243,35.68386],[139.41178,35.68417],[139.41149,35.6844],[139.41141,35.68454],[139.41145,35.68472],[139.4116,35.68482],[139.41236,35.68479],[139.41268,35.68504],[139.41305,35.68513],[139.4136,35.68515],[139.41412,35.68507],[139.41448,35.68486],[139.41473,35.68455]]],[[[139.43371,35.69247],[139.43326,35.69227],[139.43299,35.69196],[139.43293,35.69176],[139.43299,35.69086],[139.43294,35.69044],[139.43284,35.6903],[139.43262,35.69016],[139.43253,35.68992],[139.43243,35.68983],[139.43202,35.68974],[139.43105,35.6897],[139.43064,35.68961],[139.43036,35.68945],[139.43027,35.68934],[139.43017,35.68908],[139.43001,35.68886],[139.42973,35.68872],[139.42933,35.68867],[139.42828,35.68872],[139.42756,35.68863],[139.42712,35.6885],[139.42645,35.68819],[139.42627,35.68805],[139.42617,35.68782],[139.42606,35.68776],[139.42494,35.6878],[139.42483,35.68774],[139.42479,35.68759],[139.42471,35.68751],[139.42401,35.6874],[139.42394,35.6873],[139.42395,35.68723],[139.42432,35.68674],[139.42437,35.68653],[139.42404,35.68626],[139.42394,35.68593],[139.42362,35.68584],[139.4235,35.68573],[139.42322,35.68493],[139.42301,35.68461],[139.42245,35.68415],[139.42168,35.68375],[139.42113,35.68358],[139.42091,35.68361],[139.42084,35.68367],[139.4208,35.68391],[139.42088,35.68405],[139.42141,35.68437],[139.42151,35.68451],[139.42148,35.68469],[139.42105,35.68513],[139.4209,35.68541],[139.42088,35.6859],[139.42106,35.68646],[139.42124,35.68673],[139.42146,35.6869],[139.42208,35.68702],[139.42227,35.68712],[139.4224,35.68728],[139.42266,35.6878],[139.42278,35.68787],[139.42304,35.68792],[139.42314,35.68799],[139.42341,35.68844],[139.42378,35.68878],[139.42419,35.68902],[139.42451,35.68914],[139.42505,35.68923],[139.42565,35.68926],[139.42598,35.68935],[139.42634,35.68962],[139.42649,35.68988],[139.42669,35.6901],[139.42698,35.69024],[139.42736,35.69029],[139.42821,35.69023],[139.42848,35.69025],[139.42863,35.69031],[139.4287,35.6905],[139.42879,35.69057],[139.42931,35.69066],[139.42952,35.69088],[139.42982,35.69163],[139.42994,35.69172],[139.43015,35.69175],[139.43039,35.69188],[139.43087,35.69236],[139.43106,35.6927],[139.43116,35.69325],[139.43126,35.69341],[139.43159,35.69353],[139.43247,35.69362],[139.43267,35.6937],[139.43288,35.69386],[139.43297,35.69403],[139.43289,35.6944],[139.43299,35.6947],[139.43325,35.69509],[139.43359,35.69534],[139.43383,35.69537],[139.43396,35.69534],[139.43446,35.69504],[139.43467,35.69478],[139.43481,35.69426],[139.43496,35.69414],[139.43503,35.69411],[139.43508,35.69414],[139.43505,35.69456],[139.4349,35.69512],[139.43451,35.69628],[139.43417,35.69707],[139.43391,35.69739],[139.43358,35.69747],[139.43312,35.69778],[139.43286,35.698],[139.43272,35.69823],[139.43267,35.69845],[139.43273,35.69868],[139.43292,35.69895],[139.43303,35.69903],[139.43312,35.69902],[139.43338,35.69878],[139.43371,35.69871],[139.43389,35.69857],[139.43423,35.69815],[139.43486,35.6972],[139.43506,35.69697],[139.4354,35.69672],[139.43545,35.69646],[139.43537,35.69582],[139.43548,35.69548],[139.43597,35.69496],[139.43609,35.6947],[139.43612,35.69446],[139.43621,35.69432],[139.43636,35.69422],[139.43685,35.69408],[139.43704,35.69397],[139.43719,35.69372],[139.43721,35.69351],[139.43713,35.69324],[139.43703,35.6932],[139.43684,35.69326],[139.43671,35.69325],[139.43664,35.69304],[139.43656,35.69298],[139.43566,35.69302],[139.43557,35.69296],[139.43551,35.6928],[139.4353,35.69271],[139.43371,35.69247]]],[[[139.40279,35.7032],[139.40276,35.70331],[139.40263,35.70339],[139.40208,35.70356],[139.40255,35.70359],[139.40284,35.70366],[139.40324,35.70396],[139.40356,35.7039],[139.40372,35.70392],[139.40399,35.70404],[139.4042,35.7042],[139.40436,35.7044],[139.40448,35.70464],[139.40457,35.70541],[139.40472,35.70579],[139.40491,35.70598],[139.40548,35.7063],[139.40563,35.70652],[139.40568,35.70675],[139.40595,35.70688],[139.4065,35.70688],[139.40714,35.70679],[139.40756,35.70667],[139.40783,35.70646],[139.40818,35.70638],[139.40913,35.70632],[139.41047,35.70631],[139.41141,35.70622],[139.41176,35.7061],[139.41207,35.70571],[139.41232,35.70565],[139.41365,35.70578],[139.41409,35.70587],[139.41466,35.70608],[139.41527,35.70649],[139.41584,35.70667],[139.4163,35.7067],[139.41749,35.70665],[139.41777,35.70669],[139.41805,35.70687],[139.41838,35.70695],[139.41926,35.70702],[139.4201,35.70703],[139.42084,35.70697],[139.42138,35.70682],[139.42171,35.70659],[139.42189,35.70613],[139.42209,35.7059],[139.42223,35.70581],[139.42259,35.70571],[139.42326,35.70566],[139.42359,35.7055],[139.4238,35.70521],[139.42386,35.70502],[139.42395,35.70394],[139.42403,35.70365],[139.42414,35.70347],[139.42438,35.70333],[139.42458,35.70329],[139.4252,35.70335],[139.42541,35.70332],[139.42563,35.70314],[139.42587,35.70268],[139.42602,35.70258],[139.42631,35.70254],[139.42647,35.70246],[139.42663,35.70212],[139.42667,35.70153],[139.4266,35.70113],[139.42642,35.7008],[139.42613,35.70055],[139.42556,35.70026],[139.42523,35.7],[139.42487,35.69948],[139.42462,35.69884],[139.42431,35.69852],[139.42386,35.69829],[139.42358,35.69821],[139.42241,35.69806],[139.42204,35.69793],[139.42208,35.69783],[139.42236,35.69765],[139.42251,35.69744],[139.42255,35.69719],[139.4225,35.69702],[139.42237,35.69698],[139.42218,35.69703],[139.42201,35.69692],[139.42172,35.69617],[139.42155,35.69601],[139.42126,35.69593],[139.42119,35.69577],[139.42116,35.69554],[139.42108,35.69542],[139.42082,35.69532],[139.42022,35.69527],[139.42,35.69516],[139.41992,35.69506],[139.41979,35.69448],[139.41962,35.69304],[139.41948,35.69241],[139.41936,35.6922],[139.41917,35.69214],[139.41904,35.69198],[139.41897,35.69129],[139.41891,35.69113],[139.41881,35.69104],[139.41863,35.69101],[139.41858,35.69094],[139.41863,35.69073],[139.41885,35.69029],[139.4189,35.69007],[139.41882,35.6894],[139.41884,35.6892],[139.41914,35.68867],[139.41919,35.68851],[139.4191,35.68798],[139.41919,35.68788],[139.41932,35.68787],[139.41943,35.68769],[139.41954,35.68698],[139.41957,35.68572],[139.41951,35.68493],[139.41936,35.68437],[139.41913,35.68403],[139.41898,35.68394],[139.41865,35.6839],[139.41827,35.68393],[139.41815,35.68419],[139.41781,35.6843],[139.41757,35.68465],[139.41717,35.68565],[139.41694,35.68662],[139.41681,35.68766],[139.41677,35.68925],[139.41667,35.68986],[139.41651,35.69001],[139.41632,35.69007],[139.41535,35.69015],[139.41533,35.69019],[139.41555,35.69031],[139.41566,35.69043],[139.41568,35.69059],[139.4156,35.69072],[139.41541,35.69078],[139.41495,35.69083],[139.41454,35.69114],[139.41382,35.6911],[139.41367,35.69139],[139.41347,35.69145],[139.41302,35.6915],[139.41284,35.6916],[139.4127,35.69175],[139.41252,35.69181],[139.41113,35.69177],[139.41064,35.6919],[139.4102,35.69213],[139.40986,35.69224],[139.40947,35.69231],[139.40835,35.6924],[139.40783,35.69266],[139.40733,35.69324],[139.40695,35.69341],[139.40643,35.69346],[139.40612,35.69344],[139.40475,35.69318],[139.40408,35.69314],[139.40382,35.6932],[139.40343,35.69341],[139.40281,35.69349],[139.40269,35.6936],[139.40266,35.69375],[139.40255,35.69381],[139.40175,35.69378],[139.40149,35.69394],[139.4013,35.69426],[139.40123,35.69448],[139.40105,35.69555],[139.40095,35.69588],[139.40083,35.69603],[139.40064,35.69602],[139.40047,35.69619],[139.40017,35.69729],[139.3998,35.69791],[139.39984,35.69815],[139.40004,35.69853],[139.40072,35.69952],[139.40106,35.69983],[139.40118,35.70001],[139.40128,35.70074],[139.40139,35.70095],[139.40171,35.70116],[139.40219,35.70128],[139.40232,35.70135],[139.40251,35.70156],[139.40262,35.70192],[139.40263,35.70291],[139.40279,35.7032]]],[[[139.38616,35.70311],[139.38632,35.70329],[139.38659,35.70382],[139.38707,35.705],[139.38732,35.70537],[139.38752,35.70553],[139.38764,35.70576],[139.38781,35.70665],[139.38787,35.70782],[139.38782,35.70835],[139.38759,35.70925],[139.38754,35.70971],[139.38759,35.70989],[139.38783,35.71006],[139.38794,35.71019],[139.38814,35.71068],[139.38832,35.71096],[139.38858,35.71117],[139.38891,35.71132],[139.38927,35.71141],[139.38979,35.71144],[139.39005,35.7115],[139.39013,35.71158],[139.39016,35.71174],[139.39028,35.71187],[139.39051,35.71198],[139.39072,35.71202],[139.39093,35.71199],[139.39113,35.71189],[139.39156,35.71151],[139.39181,35.71135],[139.39225,35.71123],[139.393,35.71115],[139.39326,35.71099],[139.39348,35.71067],[139.39359,35.71063],[139.39384,35.71066],[139.39391,35.71056],[139.39394,35.71033],[139.39383,35.70921],[139.39396,35.70942],[139.39418,35.70954],[139.39451,35.70954],[139.39488,35.70944],[139.39509,35.70927],[139.39523,35.70874],[139.39556,35.70834],[139.39531,35.70827],[139.39513,35.70815],[139.39428,35.70709],[139.39397,35.70684],[139.3938,35.70681],[139.3936,35.70694],[139.39359,35.70708],[139.39366,35.70724],[139.39361,35.70734],[139.39302,35.70743],[139.39255,35.70767],[139.39237,35.70768],[139.39203,35.70753],[139.39164,35.70722],[139.39139,35.70694],[139.39128,35.70667],[139.39117,35.70655],[139.3907,35.70634],[139.38963,35.70601],[139.38921,35.70575],[139.38921,35.70558],[139.38965,35.70524],[139.38986,35.70499],[139.38991,35.70482],[139.38988,35.70457],[139.38972,35.70432],[139.38936,35.70397],[139.38917,35.70369],[139.38904,35.70298],[139.38897,35.70285],[139.38872,35.70269],[139.3886,35.70254],[139.38827,35.70147],[139.3881,35.70123],[139.38788,35.70107],[139.38768,35.70073],[139.38679,35.69847],[139.38645,35.6978],[139.3861,35.69734],[139.38576,35.69712],[139.38542,35.69708],[139.38494,35.69719],[139.38464,35.69736],[139.38399,35.69794],[139.3838,35.69806],[139.38356,35.69811],[139.38346,35.6982],[139.38342,35.69877],[139.3836,35.69982],[139.38376,35.70011],[139.38408,35.70018],[139.38426,35.70034],[139.38434,35.70062],[139.38423,35.70097],[139.38437,35.70104],[139.38451,35.70105],[139.38468,35.70115],[139.38489,35.7015],[139.3851,35.70169],[139.38569,35.70189],[139.38586,35.70202],[139.38595,35.70232],[139.38588,35.70271],[139.38589,35.70297],[139.38596,35.70306],[139.38616,35.70311]]],[[[139.37804,35.70369],[139.37824,35.70422],[139.37833,35.70551],[139.37846,35.70613],[139.37884,35.70713],[139.3794,35.7082],[139.37969,35.70885],[139.37991,35.70968],[139.37995,35.71036],[139.38004,35.7107],[139.38029,35.71106],[139.38089,35.71141],[139.38115,35.71179],[139.38128,35.71257],[139.38135,35.71428],[139.38153,35.71495],[139.38188,35.71537],[139.38201,35.71544],[139.38221,35.71547],[139.38231,35.71554],[139.38238,35.71575],[139.38241,35.71607],[139.38256,35.71631],[139.38287,35.71646],[139.38332,35.71649],[139.38348,35.71636],[139.38352,35.71612],[139.38371,35.71583],[139.38442,35.7153],[139.38471,35.71499],[139.38477,35.71481],[139.38471,35.71456],[139.38477,35.7144],[139.38517,35.71432],[139.38541,35.71413],[139.38556,35.71375],[139.3856,35.71343],[139.38547,35.7132],[139.38535,35.71312],[139.38499,35.71301],[139.38423,35.71294],[139.38381,35.71271],[139.38364,35.71252],[139.38337,35.71202],[139.38306,35.71073],[139.3829,35.71029],[139.38271,35.71002],[139.38243,35.70987],[139.38237,35.70979],[139.38232,35.70941],[139.38251,35.70861],[139.38253,35.70815],[139.38243,35.70797],[139.38215,35.70785],[139.38192,35.70764],[139.3816,35.7068],[139.38121,35.70622],[139.38116,35.70576],[139.38125,35.70485],[139.38124,35.70434],[139.38117,35.70414],[139.38098,35.70402],[139.38089,35.70389],[139.38081,35.70359],[139.38075,35.70297],[139.38068,35.70278],[139.38037,35.70237],[139.38036,35.70209],[139.38044,35.70162],[139.3804,35.70152],[139.38017,35.70146],[139.38007,35.70135],[139.38,35.70103],[139.37997,35.70056],[139.37989,35.70027],[139.37963,35.69992],[139.37922,35.69968],[139.37865,35.69961],[139.37818,35.69967],[139.37741,35.69991],[139.37693,35.70023],[139.3768,35.70047],[139.37682,35.70096],[139.37671,35.7011],[139.37649,35.70115],[139.37617,35.70111],[139.37578,35.70109],[139.37559,35.70116],[139.37558,35.70132],[139.37582,35.7016],[139.37646,35.70198],[139.37687,35.70211],[139.3775,35.70219],[139.37765,35.70236],[139.3776,35.70276],[139.37765,35.7031],[139.37804,35.70369]]],[[[139.36651,35.70927],[139.36676,35.7098],[139.36714,35.71017],[139.3674,35.7106],[139.36748,35.71095],[139.36753,35.71165],[139.36762,35.71187],[139.36777,35.712],[139.36815,35.71204],[139.36841,35.71213],[139.36863,35.71228],[139.36873,35.71242],[139.36878,35.71272],[139.36869,35.71324],[139.3687,35.71353],[139.36877,35.71366],[139.36896,35.71377],[139.36909,35.71395],[139.36915,35.71443],[139.36922,35.71465],[139.36932,35.71472],[139.36951,35.71476],[139.3696,35.71488],[139.36968,35.71525],[139.36969,35.7158],[139.36981,35.7162],[139.37004,35.71641],[139.37034,35.71646],[139.3706,35.71642],[139.37097,35.71622],[139.37103,35.71627],[139.37111,35.71661],[139.37123,35.7167],[139.37142,35.71676],[139.37181,35.71676],[139.37219,35.71666],[139.37253,35.71648],[139.37287,35.71614],[139.37298,35.71589],[139.37297,35.71557],[139.37287,35.7154],[139.37256,35.71519],[139.37261,35.71475],[139.37223,35.71447],[139.37214,35.71416],[139.37198,35.71403],[139.37163,35.71389],[139.37151,35.71377],[139.37146,35.71347],[139.37153,35.71296],[139.37148,35.71278],[139.37136,35.71265],[139.37106,35.71254],[139.37086,35.71239],[139.37045,35.71189],[139.37006,35.71108],[139.3699,35.71007],[139.36981,35.70994],[139.3695,35.70972],[139.36936,35.70948],[139.36924,35.70897],[139.36934,35.70855],[139.3693,35.70839],[139.36908,35.70806],[139.36872,35.70765],[139.36854,35.70726],[139.36855,35.70701],[139.36875,35.70653],[139.36877,35.70623],[139.36847,35.70502],[139.36846,35.70469],[139.36852,35.70456],[139.36849,35.70443],[139.36818,35.70417],[139.36756,35.70385],[139.36732,35.70379],[139.36709,35.70379],[139.36663,35.70396],[139.36641,35.70413],[139.36598,35.70463],[139.36577,35.70497],[139.36546,35.70556],[139.36528,35.70604],[139.36525,35.70641],[139.36528,35.70655],[139.36558,35.70694],[139.36576,35.70707],[139.36614,35.70724],[139.36628,35.70746],[139.36637,35.7078],[139.36642,35.70881],[139.36651,35.70927]]],[[[139.41552,35.71851],[139.41599,35.71847],[139.41644,35.71837],[139.41688,35.71821],[139.41795,35.71773],[139.4184,35.7176],[139.41911,35.71749],[139.41953,35.71734],[139.41971,35.71722],[139.42,35.71688],[139.42038,35.71589],[139.42051,35.71568],[139.42086,35.71539],[139.42133,35.71525],[139.42192,35.71527],[139.42265,35.71542],[139.42296,35.71558],[139.42313,35.71577],[139.42322,35.71598],[139.42342,35.7161],[139.42372,35.71613],[139.4246,35.71599],[139.42521,35.71598],[139.42555,35.71606],[139.42635,35.71645],[139.42668,35.71652],[139.42696,35.71646],[139.42711,35.71625],[139.42723,35.71557],[139.42743,35.71541],[139.42786,35.71533],[139.42795,35.71524],[139.42799,35.71501],[139.42786,35.71471],[139.42744,35.71439],[139.42734,35.71419],[139.42733,35.71392],[139.42753,35.7132],[139.42754,35.71277],[139.42744,35.71256],[139.42717,35.71237],[139.42702,35.71214],[139.42706,35.71131],[139.42671,35.71068],[139.42661,35.71005],[139.42653,35.70992],[139.42627,35.70984],[139.42588,35.7099],[139.42559,35.70989],[139.42545,35.70983],[139.42522,35.7096],[139.4245,35.70948],[139.42385,35.70916],[139.42364,35.70914],[139.42312,35.7092],[139.42289,35.70915],[139.42269,35.70902],[139.42246,35.70866],[139.42228,35.70851],[139.42217,35.70851],[139.42192,35.70864],[139.42126,35.70935],[139.42109,35.70949],[139.42074,35.70962],[139.4204,35.70956],[139.41972,35.70909],[139.41926,35.70888],[139.41897,35.70883],[139.41852,35.70887],[139.4184,35.70893],[139.41833,35.70913],[139.41817,35.70927],[139.41759,35.70944],[139.41726,35.70962],[139.41707,35.70979],[139.41679,35.71019],[139.41658,35.71035],[139.41605,35.7105],[139.41556,35.71085],[139.41525,35.71101],[139.41462,35.7111],[139.41431,35.71122],[139.41377,35.71168],[139.41365,35.71188],[139.41362,35.71205],[139.41353,35.71214],[139.41265,35.71244],[139.41189,35.71302],[139.41134,35.71315],[139.41118,35.7134],[139.41112,35.71401],[139.41096,35.71452],[139.41077,35.71486],[139.4102,35.71564],[139.41007,35.71588],[139.40999,35.71624],[139.40986,35.71637],[139.40963,35.71648],[139.40929,35.71655],[139.40859,35.7166],[139.4083,35.71653],[139.40803,35.71627],[139.40771,35.71624],[139.40736,35.71645],[139.40722,35.7166],[139.40717,35.71678],[139.40733,35.71708],[139.4079,35.71753],[139.40822,35.71793],[139.40833,35.71823],[139.40837,35.71872],[139.40848,35.71897],[139.40867,35.71915],[139.40925,35.71933],[139.40938,35.71943],[139.40938,35.71951],[139.40925,35.71968],[139.40847,35.72027],[139.40826,35.72068],[139.40787,35.72086],[139.40774,35.72098],[139.40774,35.72132],[139.40797,35.72185],[139.40821,35.72217],[139.40851,35.72239],[139.40905,35.72254],[139.40961,35.72252],[139.40997,35.72244],[139.41027,35.72222],[139.41046,35.72221],[139.41139,35.72243],[139.41208,35.72247],[139.41284,35.72232],[139.41303,35.72223],[139.41318,35.72207],[139.41342,35.72198],[139.41457,35.72189],[139.41596,35.72189],[139.41737,35.72196],[139.41875,35.72209],[139.41959,35.72222],[139.42023,35.72239],[139.42047,35.72249],[139.4208,35.72272],[139.42101,35.72323],[139.42114,35.72341],[139.4213,35.72354],[139.42167,35.72369],[139.42179,35.72379],[139.42195,35.72436],[139.42223,35.72455],[139.42236,35.72473],[139.42242,35.72522],[139.42249,35.72543],[139.42259,35.7255],[139.42282,35.72555],[139.42286,35.72562],[139.42284,35.72581],[139.42274,35.72597],[139.42236,35.72613],[139.42091,35.72622],[139.42042,35.72629],[139.41915,35.72669],[139.41879,35.72676],[139.41847,35.72677],[139.41788,35.7267],[139.41772,35.72678],[139.41767,35.72692],[139.41749,35.72698],[139.41565,35.72694],[139.41543,35.72699],[139.41523,35.72718],[139.41497,35.72722],[139.41459,35.72716],[139.41426,35.72706],[139.41373,35.72665],[139.41314,35.72657],[139.41304,35.7265],[139.41296,35.72627],[139.4126,35.72646],[139.41236,35.72654],[139.41183,35.7266],[139.41115,35.72659],[139.41079,35.72654],[139.41055,35.72644],[139.41026,35.72608],[139.4101,35.72599],[139.40976,35.72592],[139.40937,35.72594],[139.40906,35.72602],[139.40877,35.72624],[139.40864,35.72647],[139.40858,35.72688],[139.40866,35.72721],[139.40885,35.72755],[139.40915,35.72788],[139.40946,35.72809],[139.40966,35.72816],[139.40997,35.72817],[139.41024,35.72811],[139.41064,35.72788],[139.41088,35.7278],[139.41141,35.72774],[139.41227,35.72775],[139.41254,35.7278],[139.41269,35.72788],[139.4128,35.72818],[139.41319,35.72857],[139.41388,35.72876],[139.41467,35.72884],[139.41572,35.72887],[139.4169,35.72887],[139.41814,35.72881],[139.41862,35.72873],[139.41898,35.72855],[139.41915,35.72851],[139.41968,35.72858],[139.42026,35.72857],[139.42182,35.72835],[139.42297,35.72809],[139.4251,35.72748],[139.42581,35.72732],[139.42657,35.72727],[139.42713,35.72739],[139.42731,35.72731],[139.42746,35.72705],[139.42765,35.72621],[139.42848,35.72636],[139.42865,35.72635],[139.42874,35.72629],[139.42875,35.72614],[139.42868,35.72606],[139.42849,35.72599],[139.42813,35.72596],[139.42795,35.72584],[139.42795,35.72568],[139.42801,35.72558],[139.4283,35.72544],[139.4286,35.72538],[139.42877,35.7254],[139.42922,35.72565],[139.42948,35.72569],[139.42987,35.7256],[139.42999,35.72551],[139.43004,35.72539],[139.42999,35.72516],[139.42984,35.72499],[139.4296,35.72495],[139.42922,35.725],[139.42908,35.72496],[139.42871,35.72447],[139.42835,35.72439],[139.42823,35.72426],[139.42823,35.72411],[139.4283,35.72403],[139.42894,35.7239],[139.42913,35.72374],[139.42936,35.72337],[139.42995,35.72306],[139.43005,35.72281],[139.42998,35.7222],[139.43,35.72204],[139.43007,35.72195],[139.43025,35.72193],[139.43034,35.72187],[139.43028,35.72168],[139.43013,35.72156],[139.42954,35.72146],[139.42946,35.72141],[139.42949,35.72104],[139.42934,35.72082],[139.42915,35.72065],[139.42897,35.72056],[139.42882,35.72056],[139.42871,35.72066],[139.42852,35.72106],[139.42826,35.72132],[139.42788,35.72151],[139.42746,35.72159],[139.42733,35.72155],[139.42718,35.7214],[139.42696,35.72132],[139.42641,35.72125],[139.42521,35.7212],[139.42477,35.72109],[139.42449,35.72094],[139.42411,35.72088],[139.42319,35.72087],[139.42193,35.72092],[139.42089,35.72084],[139.42038,35.7207],[139.41964,35.72031],[139.41927,35.72018],[139.41887,35.72011],[139.4181,35.72006],[139.41781,35.71999],[139.41758,35.71987],[139.41714,35.7195],[139.41674,35.71935],[139.41641,35.71928],[139.41499,35.7192],[139.41239,35.71917],[139.41118,35.71911],[139.41039,35.71899],[139.41014,35.7189],[139.41001,35.71879],[139.40997,35.71867],[139.41004,35.71853],[139.41025,35.71821],[139.41039,35.71809],[139.41078,35.718],[139.41115,35.71768],[139.41139,35.71767],[139.41168,35.71773],[139.41196,35.71769],[139.41258,35.71717],[139.41333,35.71692],[139.41416,35.71711],[139.41442,35.71729],[139.41444,35.7174],[139.41436,35.71755],[139.41389,35.71776],[139.41381,35.71785],[139.41384,35.71797],[139.41407,35.7182],[139.41433,35.71834],[139.41465,35.71844],[139.41552,35.71851]],[[139.41222,35.71542],[139.41227,35.71524],[139.41247,35.71508],[139.41434,35.71413],[139.41469,35.71387],[139.41476,35.71368],[139.41489,35.71355],[139.41567,35.71317],[139.41598,35.71297],[139.41608,35.71285],[139.41619,35.71259],[139.41615,35.71228],[139.41601,35.71181],[139.41603,35.71154],[139.41621,35.71123],[139.41652,35.711],[139.41704,35.71075],[139.41724,35.71071],[139.41743,35.71072],[139.4175,35.71078],[139.41761,35.71109],[139.41799,35.71147],[139.41839,35.71177],[139.41886,35.71197],[139.41907,35.71198],[139.41939,35.71192],[139.42001,35.71154],[139.42036,35.71141],[139.42062,35.7114],[139.42089,35.71144],[139.42113,35.71153],[139.42131,35.71166],[139.42149,35.71194],[139.42155,35.71234],[139.42146,35.71258],[139.42114,35.71296],[139.42101,35.71348],[139.42081,35.71363],[139.42039,35.7138],[139.42029,35.71389],[139.42018,35.71419],[139.41948,35.71453],[139.41884,35.71522],[139.41859,35.71541],[139.41815,35.71557],[139.41764,35.71558],[139.41701,35.71548],[139.41646,35.71529],[139.41625,35.7153],[139.41603,35.7155],[139.41586,35.71599],[139.41565,35.71624],[139.41539,35.71623],[139.41523,35.71615],[139.41506,35.71597],[139.41488,35.71598],[139.41462,35.71608],[139.41385,35.71656],[139.41341,35.71677],[139.41296,35.71692],[139.41249,35.71702],[139.41181,35.71706],[139.41145,35.71701],[139.41116,35.71691],[139.41093,35.71676],[139.41079,35.71659],[139.41074,35.71642],[139.41082,35.71617],[139.41096,35.716],[139.41125,35.71581],[139.41213,35.71552],[139.41222,35.71542]]],[[[139.36669,35.72059],[139.36758,35.72056],[139.3681,35.72048],[139.36846,35.72033],[139.36865,35.72012],[139.36866,35.71995],[139.36859,35.71974],[139.36824,35.71932],[139.36771,35.71915],[139.36696,35.71863],[139.36664,35.71853],[139.3661,35.71856],[139.36549,35.71877],[139.36491,35.7189],[139.36367,35.71886],[139.36352,35.71892],[139.36343,35.71902],[139.36346,35.71922],[139.36363,35.71953],[139.36415,35.7202],[139.36498,35.72112],[139.36527,35.72137],[139.36547,35.72148],[139.3656,35.72146],[139.36572,35.72139],[139.366,35.72087],[139.3662,35.72072],[139.36669,35.72059]]],[[[139.38155,35.72702],[139.38181,35.72695],[139.3819,35.72686],[139.3819,35.72652],[139.38182,35.72616],[139.38162,35.72559],[139.38147,35.72533],[139.38139,35.72534],[139.38122,35.72551],[139.381,35.72562],[139.38012,35.72591],[139.37983,35.72607],[139.37959,35.7264],[139.37949,35.72701],[139.37929,35.72722],[139.3791,35.72729],[139.37886,35.72744],[139.37875,35.72768],[139.37875,35.728],[139.37886,35.72819],[139.37918,35.72842],[139.3795,35.72854],[139.37994,35.72859],[139.38017,35.72851],[139.38074,35.72786],[139.38142,35.72737],[139.38155,35.72702]]],[[[139.42697,35.72914],[139.42684,35.72946],[139.42663,35.72956],[139.42603,35.72965],[139.42583,35.72979],[139.4257,35.73017],[139.4257,35.73034],[139.4258,35.73061],[139.42604,35.73077],[139.42621,35.73082],[139.42666,35.73084],[139.42719,35.73076],[139.42761,35.73058],[139.42779,35.73046],[139.42806,35.73013],[139.4283,35.72951],[139.42849,35.7292],[139.4287,35.729],[139.42895,35.72892],[139.42932,35.72889],[139.42952,35.72876],[139.42958,35.72854],[139.42945,35.7284],[139.42915,35.72831],[139.42837,35.72824],[139.42773,35.72826],[139.42727,35.72836],[139.42712,35.72845],[139.42695,35.72868],[139.42697,35.72914]]],[[[139.40915,35.74335],[139.40964,35.74342],[139.40987,35.74357],[139.41032,35.74361],[139.41159,35.74358],[139.41485,35.74337],[139.4155,35.74337],[139.41629,35.74344],[139.41645,35.74341],[139.41658,35.74323],[139.4169,35.74319],[139.42027,35.74342],[139.42059,35.74338],[139.42072,35.74323],[139.42105,35.74316],[139.42163,35.74311],[139.42386,35.74306],[139.4245,35.74299],[139.42492,35.74288],[139.42512,35.74272],[139.42522,35.74249],[139.42517,35.74229],[139.42505,35.74217],[139.42465,35.74201],[139.42364,35.74193],[139.42349,35.74186],[139.42343,35.74177],[139.42345,35.74166],[139.42353,35.74157],[139.42417,35.74134],[139.42431,35.74114],[139.42434,35.74063],[139.42417,35.73971],[139.42422,35.73935],[139.42437,35.73908],[139.42448,35.73897],[139.4249,35.73878],[139.42531,35.73878],[139.42595,35.73909],[139.42615,35.73914],[139.42625,35.73893],[139.42634,35.73887],[139.42705,35.73876],[139.42728,35.73863],[139.42741,35.7385],[139.42768,35.73787],[139.42778,35.737],[139.42769,35.73668],[139.42744,35.7364],[139.42729,35.7361],[139.42715,35.73559],[139.42717,35.73529],[139.42724,35.73516],[139.42743,35.73506],[139.42756,35.73491],[139.42762,35.73454],[139.42774,35.73431],[139.42818,35.734],[139.42841,35.73374],[139.42876,35.73292],[139.42899,35.73277],[139.42937,35.73269],[139.42952,35.73254],[139.42971,35.73199],[139.42971,35.73167],[139.4296,35.73138],[139.42938,35.73112],[139.4289,35.73081],[139.42862,35.73076],[139.42839,35.73085],[139.42822,35.73108],[139.42787,35.73179],[139.42766,35.73204],[139.42736,35.73222],[139.42679,35.73231],[139.42662,35.73244],[139.42644,35.73281],[139.42617,35.73375],[139.42606,35.73391],[139.42573,35.73414],[139.42563,35.73451],[139.42536,35.73479],[139.42515,35.73488],[139.42483,35.73495],[139.42326,35.73502],[139.42294,35.73513],[139.42291,35.73523],[139.42277,35.73533],[139.42191,35.73542],[139.42087,35.73542],[139.42015,35.73535],[139.41992,35.73527],[139.41983,35.73508],[139.41974,35.73501],[139.41912,35.73493],[139.41866,35.73467],[139.41841,35.73459],[139.41771,35.73466],[139.41751,35.73462],[139.41705,35.73443],[139.4166,35.73435],[139.41558,35.73429],[139.41387,35.73425],[139.41315,35.73417],[139.41297,35.73407],[139.41293,35.7339],[139.41277,35.73373],[139.41236,35.73351],[139.41174,35.73334],[139.40953,35.73291],[139.40897,35.73269],[139.4087,35.73245],[139.40846,35.73233],[139.40793,35.73224],[139.40747,35.73222],[139.40706,35.73226],[139.40676,35.73236],[139.4065,35.73261],[139.40645,35.73284],[139.40651,35.73304],[139.40679,35.73333],[139.4075,35.73374],[139.40772,35.734],[139.40766,35.7342],[139.40729,35.73447],[139.40718,35.73468],[139.40716,35.73498],[139.40731,35.73534],[139.40754,35.7356],[139.40788,35.73587],[139.4086,35.73629],[139.40896,35.73634],[139.40923,35.7362],[139.40931,35.73621],[139.40938,35.73651],[139.40953,35.73664],[139.40998,35.73661],[139.41036,35.73647],[139.41045,35.73637],[139.41055,35.73611],[139.41117,35.73583],[139.41129,35.7357],[139.41133,35.73553],[139.41156,35.73536],[139.41224,35.73514],[139.4126,35.73511],[139.41289,35.7352],[139.41301,35.73528],[139.41347,35.73597],[139.41376,35.73614],[139.41394,35.73619],[139.4153,35.73617],[139.4155,35.73623],[139.4157,35.73644],[139.41586,35.73653],[139.41648,35.73668],[139.41698,35.73671],[139.41794,35.73662],[139.41837,35.73663],[139.41854,35.73669],[139.41883,35.73691],[139.41945,35.73708],[139.42137,35.73736],[139.42193,35.73738],[139.42226,35.73731],[139.42234,35.73738],[139.42235,35.73749],[139.42224,35.73764],[139.422,35.73785],[139.42083,35.73862],[139.42034,35.73903],[139.4199,35.73949],[139.41934,35.74029],[139.41911,35.74054],[139.41881,35.74076],[139.41846,35.74094],[139.41804,35.7411],[139.41703,35.74131],[139.41393,35.74153],[139.41347,35.74163],[139.41314,35.74189],[139.41289,35.74193],[139.4127,35.74186],[139.41257,35.74155],[139.41238,35.74149],[139.4119,35.74152],[139.41144,35.74177],[139.41133,35.74179],[139.41123,35.74175],[139.41102,35.74147],[139.41041,35.74131],[139.40973,35.74126],[139.40768,35.74122],[139.40688,35.74114],[139.40671,35.74104],[139.40667,35.74096],[139.40676,35.74063],[139.40667,35.74056],[139.40654,35.74056],[139.40641,35.74061],[139.40631,35.74073],[139.40601,35.74155],[139.4057,35.74193],[139.40549,35.74222],[139.40549,35.74248],[139.40559,35.74256],[139.40583,35.74259],[139.40592,35.74265],[139.406,35.74281],[139.40606,35.74318],[139.40619,35.74332],[139.40632,35.74339],[139.40698,35.74343],[139.40915,35.74335]]],[[[139.47322,35.51985],[139.47334,35.51964],[139.47336,35.51933],[139.47344,35.51912],[139.47353,35.51905],[139.47392,35.51896],[139.47439,35.51865],[139.47491,35.51816],[139.47509,35.51774],[139.47556,35.51753],[139.47568,35.51742],[139.47574,35.51718],[139.47567,35.51684],[139.47569,35.51656],[139.47593,35.51588],[139.47627,35.51531],[139.47654,35.51496],[139.47733,35.51422],[139.47757,35.51392],[139.47777,35.51344],[139.47781,35.51294],[139.47792,35.51262],[139.47795,35.51258],[139.47751,35.51216],[139.47706,35.51168],[139.47697,35.5114],[139.47699,35.51121],[139.47772,35.51032],[139.47807,35.50971],[139.47966,35.50761],[139.47962,35.50762],[139.47941,35.50774],[139.47866,35.50855],[139.47841,35.50874],[139.47779,35.50908],[139.47758,35.50938],[139.47751,35.50989],[139.4774,35.51012],[139.47725,35.51017],[139.47697,35.51012],[139.47673,35.51016],[139.47662,35.51026],[139.47641,35.5106],[139.47624,35.5107],[139.47605,35.51072],[139.47592,35.51085],[139.47587,35.5111],[139.47589,35.51142],[139.47599,35.51167],[139.47621,35.51193],[139.4762,35.5121],[139.47606,35.5123],[139.47549,35.51283],[139.4752,35.51318],[139.47514,35.51339],[139.47521,35.51384],[139.47512,35.51415],[139.47478,35.51462],[139.47465,35.51472],[139.47437,35.51479],[139.47426,35.51495],[139.47416,35.51523],[139.47399,35.51612],[139.47383,35.51647],[139.4736,35.51669],[139.47347,35.51675],[139.47282,35.51683],[139.47253,35.51692],[139.47228,35.51708],[139.47183,35.5176],[139.47162,35.51833],[139.47139,35.51848],[139.47129,35.51862],[139.47124,35.51888],[139.4713,35.51972],[139.47148,35.52042],[139.47159,35.52058],[139.47173,35.52061],[139.472,35.52051],[139.47251,35.52004],[139.47278,35.51995],[139.47308,35.51992],[139.47322,35.51985]]],[[[139.46419,35.51938],[139.4646,35.51931],[139.46499,35.51914],[139.46521,35.51884],[139.46525,35.51858],[139.46519,35.5181],[139.4652,35.51772],[139.46527,35.51753],[139.46546,35.51734],[139.46556,35.51716],[139.46565,35.51645],[139.46552,35.51588],[139.46538,35.51566],[139.4651,35.51536],[139.4649,35.51482],[139.46483,35.514],[139.46486,35.5131],[139.46497,35.51255],[139.46508,35.51238],[139.46527,35.51225],[139.46538,35.5121],[139.46551,35.51176],[139.46555,35.51149],[139.46545,35.51128],[139.46534,35.5112],[139.46503,35.51107],[139.4648,35.51102],[139.46445,35.5119],[139.46456,35.512],[139.4645,35.51215],[139.46435,35.51221],[139.46434,35.51221],[139.46419,35.51274],[139.46428,35.5129],[139.46428,35.51295],[139.46421,35.513],[139.46411,35.51302],[139.4641,35.51306],[139.46397,35.51437],[139.464,35.51533],[139.46405,35.51534],[139.46427,35.51548],[139.46423,35.51563],[139.46415,35.5157],[139.46402,35.51575],[139.46403,35.51613],[139.4639,35.51664],[139.4639,35.51665],[139.46399,35.51673],[139.46394,35.51683],[139.46381,35.51685],[139.46344,35.51762],[139.463,35.51806],[139.46312,35.5183],[139.46321,35.51893],[139.46341,35.51922],[139.46377,35.51936],[139.46419,35.51938]]],[[[139.47612,35.52513],[139.47665,35.52499],[139.47827,35.5244],[139.47871,35.52432],[139.479,35.52439],[139.47911,35.52437],[139.47943,35.52411],[139.48012,35.52414],[139.48025,35.52407],[139.48043,35.52379],[139.48061,35.52367],[139.48104,35.52358],[139.48161,35.52356],[139.482,35.5235],[139.48213,35.52342],[139.48218,35.52326],[139.48231,35.52315],[139.48309,35.52287],[139.48413,35.52275],[139.48616,35.5228],[139.48569,35.52221],[139.48567,35.52172],[139.48584,35.5213],[139.48601,35.52107],[139.48582,35.52104],[139.48558,35.52088],[139.48535,35.52065],[139.48513,35.52053],[139.48466,35.52043],[139.48408,35.52043],[139.48356,35.52053],[139.48332,35.52073],[139.48295,35.52086],[139.48178,35.52103],[139.48118,35.52117],[139.48091,35.52131],[139.48061,35.52159],[139.48047,35.52166],[139.48033,35.52168],[139.48013,35.52162],[139.47999,35.52166],[139.47978,35.52184],[139.47957,35.52214],[139.47928,35.52232],[139.47892,35.52234],[139.47856,35.52224],[139.47835,35.52211],[139.47827,35.52192],[139.47815,35.52189],[139.47715,35.5222],[139.47667,35.52228],[139.47586,35.52227],[139.47458,35.5221],[139.47435,35.52215],[139.47429,35.5222],[139.47432,35.5225],[139.47424,35.52262],[139.47407,35.52271],[139.47382,35.52277],[139.47362,35.52291],[139.47356,35.52302],[139.47353,35.52353],[139.47373,35.52423],[139.47397,35.52456],[139.4743,35.52475],[139.4745,35.52479],[139.47563,35.52477],[139.47578,35.52483],[139.47589,35.52509],[139.47612,35.52513]]],[[[139.48202,35.53605],[139.482,35.53622],[139.4821,35.53633],[139.48238,35.53649],[139.48289,35.53664],[139.48301,35.53663],[139.48309,35.53658],[139.48311,35.53649],[139.48303,35.53613],[139.48308,35.53603],[139.4832,35.53598],[139.48348,35.53598],[139.48367,35.53604],[139.48374,35.53612],[139.48378,35.53631],[139.48393,35.53641],[139.48434,35.53639],[139.48455,35.5363],[139.48453,35.5361],[139.48482,35.53597],[139.48487,35.53559],[139.48496,35.53544],[139.48522,35.53531],[139.4857,35.53526],[139.48591,35.53509],[139.48605,35.53445],[139.48638,35.53417],[139.48633,35.53403],[139.48621,35.53392],[139.48632,35.53382],[139.4865,35.53379],[139.48603,35.53232],[139.48587,35.5317],[139.48559,35.53177],[139.4846,35.53228],[139.48435,35.53235],[139.48404,35.53235],[139.4838,35.53226],[139.48355,35.53191],[139.48331,35.53177],[139.48269,35.53162],[139.48157,35.53147],[139.481,35.53125],[139.48078,35.53106],[139.48039,35.53057],[139.47964,35.5301],[139.47895,35.52967],[139.47883,35.5295],[139.4788,35.52934],[139.47865,35.52917],[139.47807,35.52887],[139.47784,35.52871],[139.47756,35.52838],[139.47733,35.52798],[139.47701,35.52765],[139.47673,35.52748],[139.47612,35.52723],[139.47593,35.52709],[139.47582,35.52694],[139.47577,35.52664],[139.47567,35.52651],[139.47531,35.52644],[139.47499,35.52613],[139.47462,35.52603],[139.47399,35.52607],[139.47379,35.52613],[139.47356,35.52628],[139.47345,35.52643],[139.47334,35.52677],[139.47334,35.52752],[139.47344,35.52782],[139.47381,35.5281],[139.47391,35.52841],[139.47412,35.52854],[139.47461,35.52868],[139.47487,35.52882],[139.47521,35.52917],[139.47566,35.52978],[139.47592,35.53],[139.47622,35.53014],[139.47689,35.53032],[139.4772,35.53047],[139.47828,35.53134],[139.47851,35.53143],[139.47881,35.53146],[139.47901,35.53152],[139.47917,35.53189],[139.47963,35.53213],[139.48,35.53283],[139.48022,35.53308],[139.48048,35.5332],[139.48111,35.5333],[139.48137,35.53349],[139.48162,35.53407],[139.48179,35.53516],[139.48189,35.53551],[139.482,35.5357],[139.48224,35.53578],[139.48202,35.53605]]],[[[139.48987,35.58373],[139.48989,35.58412],[139.48976,35.58432],[139.48946,35.58438],[139.48909,35.58424],[139.48908,35.58428],[139.48896,35.58553],[139.48877,35.58591],[139.48866,35.58598],[139.48841,35.58603],[139.48831,35.58616],[139.48813,35.58744],[139.48804,35.58756],[139.48767,35.58765],[139.4874,35.58781],[139.48711,35.58805],[139.48696,35.5883],[139.48696,35.58855],[139.48708,35.58878],[139.48729,35.5889],[139.48766,35.58896],[139.48781,35.58909],[139.48792,35.58946],[139.48797,35.59014],[139.48806,35.59033],[139.4882,35.59042],[139.48829,35.59041],[139.48815,35.59028],[139.48823,35.58995],[139.48861,35.58998],[139.48893,35.59017],[139.48918,35.59014],[139.48916,35.58991],[139.48954,35.58973],[139.48956,35.58973],[139.48954,35.58916],[139.48946,35.58887],[139.48924,35.58849],[139.48923,35.58837],[139.48941,35.58828],[139.48979,35.58826],[139.49009,35.5882],[139.49022,35.58812],[139.49043,35.58789],[139.49082,35.58778],[139.49082,35.58761],[139.49062,35.58721],[139.49057,35.58693],[139.49062,35.58678],[139.4908,35.5866],[139.49093,35.58637],[139.49099,35.58586],[139.49107,35.58565],[139.49117,35.58558],[139.49145,35.5855],[139.49153,35.58535],[139.49156,35.5851],[139.49171,35.58482],[139.49202,35.5845],[139.49232,35.58429],[139.49268,35.58411],[139.49311,35.58398],[139.49374,35.58388],[139.49374,35.58385],[139.4936,35.58353],[139.49385,35.58327],[139.49394,35.58273],[139.49406,35.5827],[139.49421,35.58281],[139.49423,35.58274],[139.49446,35.5825],[139.49456,35.58228],[139.49459,35.58204],[139.49443,35.58185],[139.49404,35.58175],[139.49347,35.58174],[139.49305,35.58167],[139.49287,35.58159],[139.49268,35.58141],[139.49248,35.58136],[139.4921,35.58145],[139.49191,35.58156],[139.49184,35.58168],[139.49183,35.58196],[139.4921,35.58196],[139.49183,35.58219],[139.49154,35.58257],[139.49117,35.58265],[139.49101,35.58274],[139.49079,35.58309],[139.49063,35.58321],[139.49041,35.58328],[139.48981,35.58332],[139.4898,35.58332],[139.48987,35.58358],[139.48987,35.58364],[139.48993,35.58369],[139.48987,35.58373]]],[[[139.49861,35.60781],[139.49902,35.60773],[139.49936,35.60752],[139.49957,35.60724],[139.49962,35.60704],[139.49954,35.60651],[139.49956,35.60634],[139.49964,35.60619],[139.49983,35.60598],[139.49981,35.60588],[139.49963,35.60583],[139.49951,35.60548],[139.4995,35.60545],[139.49881,35.60547],[139.49796,35.60499],[139.49757,35.60487],[139.49747,35.60493],[139.49744,35.60548],[139.49734,35.60587],[139.49721,35.60599],[139.49705,35.60614],[139.49699,35.60629],[139.49699,35.60678],[139.49709,35.60695],[139.49734,35.607],[139.49746,35.6071],[139.49754,35.60745],[139.49764,35.60758],[139.49784,35.60769],[139.49812,35.60777],[139.49861,35.60781]]],[[[139.47661,35.61374],[139.47653,35.61379],[139.47666,35.61393],[139.47674,35.61505],[139.47628,35.61661],[139.47633,35.61661],[139.47668,35.61657],[139.47716,35.6164],[139.4773,35.61626],[139.47745,35.61594],[139.47765,35.61569],[139.47791,35.61551],[139.47839,35.61537],[139.47868,35.61536],[139.47891,35.6154],[139.47906,35.6155],[139.47927,35.61581],[139.47971,35.61602],[139.48033,35.61611],[139.48064,35.61607],[139.4808,35.61593],[139.48083,35.61576],[139.48048,35.61531],[139.48049,35.61508],[139.48071,35.61487],[139.4812,35.61483],[139.48038,35.61415],[139.4809,35.614],[139.48122,35.61381],[139.48152,35.61343],[139.48155,35.61315],[139.48141,35.61302],[139.48084,35.61286],[139.48051,35.61265],[139.48041,35.61244],[139.48033,35.6119],[139.48008,35.6122],[139.47993,35.61303],[139.47966,35.61326],[139.47877,35.61354],[139.47848,35.61374],[139.47815,35.61376],[139.47779,35.61363],[139.47756,35.61342],[139.47753,35.61344],[139.47661,35.61374]]],[[[139.46263,35.62537],[139.46298,35.62548],[139.46389,35.62612],[139.46423,35.62628],[139.46475,35.62634],[139.46525,35.62623],[139.46553,35.62631],[139.46576,35.62655],[139.46585,35.62673],[139.46608,35.62742],[139.46636,35.62793],[139.46672,35.62818],[139.46711,35.62824],[139.46742,35.6282],[139.46758,35.62812],[139.46785,35.6278],[139.4679,35.62748],[139.46785,35.62727],[139.46772,35.62712],[139.46749,35.62699],[139.46745,35.62682],[139.46763,35.62658],[139.468,35.62649],[139.46812,35.62639],[139.4683,35.62592],[139.46836,35.62548],[139.46825,35.62522],[139.46767,35.62509],[139.46748,35.6249],[139.46747,35.62468],[139.46786,35.62419],[139.4679,35.62379],[139.46772,35.6234],[139.46722,35.62276],[139.46711,35.62247],[139.46709,35.6223],[139.46706,35.6222],[139.46696,35.62221],[139.46649,35.6226],[139.46613,35.62272],[139.46602,35.62273],[139.46602,35.62282],[139.46583,35.62343],[139.46546,35.62398],[139.46278,35.62505],[139.4626,35.62506],[139.46257,35.62523],[139.46263,35.62537]]],[[[139.48933,35.65234],[139.49011,35.6524],[139.49241,35.6524],[139.49479,35.65225],[139.49567,35.65206],[139.49579,35.65199],[139.49589,35.65184],[139.49609,35.65178],[139.49658,35.65184],[139.49749,35.6521],[139.49791,35.65212],[139.4983,35.65206],[139.499,35.65177],[139.49935,35.65168],[139.50004,35.65162],[139.50033,35.65154],[139.50056,35.65137],[139.50071,35.6511],[139.50081,35.65056],[139.50073,35.65029],[139.50052,35.65012],[139.5002,35.65004],[139.49981,35.65002],[139.49938,35.64983],[139.49921,35.64959],[139.49894,35.64881],[139.49882,35.64871],[139.49862,35.64867],[139.49846,35.64858],[139.49814,35.64807],[139.49762,35.64769],[139.49742,35.64749],[139.49726,35.64687],[139.49691,35.64645],[139.4969,35.64629],[139.49697,35.6461],[139.49688,35.64574],[139.49618,35.64435],[139.49609,35.64383],[139.49616,35.64341],[139.49615,35.64311],[139.49608,35.64299],[139.49576,35.64277],[139.49571,35.64256],[139.4958,35.64245],[139.49601,35.64234],[139.49703,35.64207],[139.49788,35.642],[139.49858,35.64206],[139.49884,35.64205],[139.4991,35.64193],[139.49928,35.64169],[139.49993,35.64147],[139.50066,35.64134],[139.50381,35.64094],[139.50429,35.64073],[139.50477,35.6403],[139.50513,35.64017],[139.50544,35.64014],[139.50589,35.64016],[139.50608,35.64021],[139.50619,35.64029],[139.50622,35.64045],[139.50634,35.64059],[139.50678,35.64074],[139.50713,35.64073],[139.50797,35.64048],[139.50876,35.64038],[139.50961,35.64042],[139.50985,35.64052],[139.50992,35.64059],[139.50995,35.64077],[139.50989,35.64108],[139.50991,35.64123],[139.50998,35.64134],[139.51026,35.64151],[139.51035,35.6417],[139.51029,35.64201],[139.50998,35.64288],[139.50997,35.64332],[139.51007,35.64358],[139.51048,35.64411],[139.51061,35.64441],[139.51052,35.64465],[139.51011,35.64493],[139.51006,35.64514],[139.51014,35.64533],[139.51042,35.64554],[139.51049,35.64584],[139.51045,35.64784],[139.5106,35.64846],[139.51091,35.64889],[139.51114,35.64904],[139.5114,35.64914],[139.51224,35.64926],[139.51281,35.64922],[139.51304,35.6491],[139.51311,35.64902],[139.51327,35.64853],[139.51335,35.6477],[139.51335,35.6466],[139.51329,35.64602],[139.51317,35.64561],[139.51301,35.64537],[139.51276,35.64519],[139.51271,35.64505],[139.51274,35.6449],[139.51291,35.64464],[139.51298,35.64442],[139.513,35.64401],[139.51294,35.64368],[139.51276,35.64315],[139.51242,35.6427],[139.51237,35.64245],[139.51243,35.64213],[139.51256,35.64188],[139.51267,35.64178],[139.51292,35.64171],[139.513,35.64157],[139.51296,35.64053],[139.51306,35.64024],[139.5133,35.64007],[139.51348,35.64004],[139.51436,35.64007],[139.51487,35.63994],[139.5157,35.63932],[139.51656,35.63904],[139.51678,35.6389],[139.51692,35.63874],[139.51712,35.63866],[139.51832,35.63858],[139.51882,35.63849],[139.51961,35.63823],[139.52069,35.63775],[139.52098,35.63767],[139.52095,35.63743],[139.52118,35.63677],[139.52181,35.63644],[139.52178,35.63615],[139.52185,35.63595],[139.52149,35.63582],[139.5208,35.63569],[139.52032,35.63567],[139.51963,35.63573],[139.51897,35.63589],[139.51805,35.63628],[139.51757,35.63664],[139.51722,35.63672],[139.51628,35.63678],[139.51408,35.63683],[139.51301,35.63693],[139.51199,35.63709],[139.51157,35.63705],[139.51147,35.63693],[139.51141,35.6367],[139.51126,35.63658],[139.51042,35.63634],[139.51022,35.63624],[139.51011,35.6361],[139.51007,35.6358],[139.51001,35.63571],[139.50967,35.63557],[139.50957,35.63527],[139.50954,35.63458],[139.50946,35.63421],[139.50937,35.63409],[139.50918,35.63406],[139.50909,35.63396],[139.50915,35.63369],[139.50931,35.6335],[139.50954,35.6334],[139.50994,35.63336],[139.50973,35.63322],[139.5096,35.63301],[139.50957,35.63239],[139.50975,35.63183],[139.51026,35.63105],[139.51039,35.63072],[139.51029,35.63047],[139.51003,35.63025],[139.50964,35.63003],[139.50941,35.63002],[139.50921,35.63013],[139.50912,35.63024],[139.50889,35.63083],[139.50889,35.63113],[139.50912,35.63133],[139.5086,35.63139],[139.50824,35.63152],[139.50783,35.63174],[139.50762,35.63197],[139.50746,35.63248],[139.50751,35.63391],[139.50743,35.6341],[139.50719,35.63426],[139.50707,35.6345],[139.50711,35.63488],[139.50724,35.63503],[139.50743,35.63514],[139.50756,35.63538],[139.50762,35.6361],[139.50774,35.63645],[139.50788,35.63659],[139.50823,35.63675],[139.50831,35.63685],[139.50828,35.63715],[139.50809,35.63734],[139.50798,35.63736],[139.50768,35.63729],[139.50748,35.63731],[139.50654,35.63759],[139.50543,35.6377],[139.50512,35.63787],[139.5049,35.63827],[139.50452,35.63855],[139.50412,35.63869],[139.50295,35.63898],[139.50267,35.63909],[139.50231,35.63934],[139.50185,35.63938],[139.50086,35.63931],[139.50046,35.63932],[139.50018,35.63939],[139.50009,35.63945],[139.49992,35.63967],[139.49967,35.63977],[139.49905,35.63981],[139.49794,35.63976],[139.49753,35.63983],[139.49724,35.63997],[139.49692,35.64035],[139.49675,35.64045],[139.49656,35.64048],[139.49626,35.64042],[139.49607,35.64044],[139.49583,35.64056],[139.49568,35.64072],[139.49544,35.64081],[139.49506,35.64081],[139.49455,35.6407],[139.49306,35.64025],[139.49244,35.6401],[139.49214,35.64017],[139.49194,35.6404],[139.49184,35.64044],[139.49157,35.64017],[139.49121,35.64009],[139.49109,35.64002],[139.49083,35.6395],[139.49061,35.63932],[139.4904,35.63928],[139.49014,35.63932],[139.48991,35.63945],[139.48982,35.63955],[139.48967,35.64001],[139.48965,35.64043],[139.48975,35.64098],[139.4899,35.64124],[139.49013,35.64142],[139.49064,35.6417],[139.49085,35.64208],[139.49165,35.64238],[139.49174,35.64257],[139.49169,35.64281],[139.49179,35.64293],[139.49221,35.64302],[139.4932,35.64308],[139.49347,35.64318],[139.4935,35.64329],[139.49342,35.64348],[139.49289,35.644],[139.49284,35.64413],[139.49317,35.64423],[139.4933,35.64461],[139.49368,35.64499],[139.49405,35.64523],[139.49435,35.64529],[139.49447,35.6454],[139.49457,35.64582],[139.4946,35.64681],[139.49467,35.64741],[139.49477,35.64766],[139.49508,35.64806],[139.49519,35.64857],[139.49531,35.64866],[139.4955,35.64868],[139.49563,35.64875],[139.49577,35.64912],[139.49606,35.64929],[139.49623,35.64947],[139.49643,35.64997],[139.49661,35.65024],[139.49726,35.65074],[139.49733,35.65091],[139.49728,35.65102],[139.497,35.65113],[139.49649,35.65124],[139.49395,35.65163],[139.49294,35.65196],[139.49269,35.65197],[139.49188,35.6519],[139.49146,35.65197],[139.49095,35.65214],[139.49076,35.65216],[139.49063,35.65211],[139.49044,35.65196],[139.49,35.65184],[139.48611,35.65136],[139.48537,35.65121],[139.48448,35.65089],[139.48396,35.65078],[139.48293,35.65068],[139.48206,35.65067],[139.48133,35.65069],[139.48083,35.65077],[139.48055,35.65088],[139.48049,35.65104],[139.4807,35.65127],[139.48101,35.65141],[139.48205,35.65165],[139.48382,35.65183],[139.4873,35.65204],[139.48849,35.65218],[139.48933,35.65234]]],[[[139.49511,35.65609],[139.49528,35.65598],[139.49541,35.65579],[139.49558,35.6552],[139.49576,35.65485],[139.49593,35.65471],[139.49636,35.65453],[139.49656,35.65422],[139.49688,35.65405],[139.49746,35.65385],[139.49954,35.65323],[139.49982,35.65307],[139.4998,35.65302],[139.49908,35.65297],[139.49831,35.65303],[139.49792,35.65319],[139.49782,35.65348],[139.49762,35.65361],[139.49689,35.65368],[139.49617,35.65399],[139.49592,35.65401],[139.49511,35.65394],[139.49464,35.65403],[139.49421,35.65424],[139.4939,35.65449],[139.49374,35.65474],[139.49372,35.65498],[139.49364,35.65514],[139.49323,35.65525],[139.49302,35.65546],[139.49292,35.65579],[139.49289,35.65615],[139.49291,35.65641],[139.49299,35.6566],[139.49315,35.65673],[139.49337,35.65678],[139.49387,35.65672],[139.49416,35.65656],[139.49454,35.65621],[139.49481,35.65612],[139.49511,35.65609]]],[[[139.47831,35.66009],[139.47873,35.65996],[139.47939,35.65963],[139.47961,35.65958],[139.47979,35.65961],[139.47994,35.6597],[139.48006,35.65989],[139.48008,35.66004],[139.48001,35.66036],[139.48014,35.66062],[139.48067,35.66096],[139.48129,35.66109],[139.48207,35.66102],[139.48267,35.66088],[139.48353,35.66058],[139.48376,35.66039],[139.48369,35.66019],[139.48351,35.66],[139.48227,35.65904],[139.48214,35.65887],[139.48206,35.65866],[139.48186,35.65857],[139.48128,35.65852],[139.48116,35.65844],[139.48112,35.65833],[139.48119,35.65809],[139.48118,35.6579],[139.48079,35.65756],[139.48069,35.65703],[139.4805,35.65677],[139.48011,35.65656],[139.4794,35.65645],[139.47913,35.65617],[139.47897,35.65609],[139.47878,35.65606],[139.47862,35.65615],[139.47851,35.65668],[139.47827,35.65695],[139.47799,35.6571],[139.47711,35.6574],[139.47681,35.65762],[139.47672,35.65779],[139.47661,35.65816],[139.47661,35.6584],[139.47672,35.65856],[139.47714,35.65885],[139.47724,35.659],[139.47722,35.65928],[139.477,35.65977],[139.47705,35.65995],[139.47717,35.66002],[139.47765,35.66011],[139.47831,35.66009]]],[[[139.50818,35.65733],[139.50686,35.65793],[139.50635,35.65832],[139.50606,35.65839],[139.50567,35.6584],[139.50541,35.6585],[139.50533,35.65861],[139.50523,35.65898],[139.50503,35.65913],[139.50461,35.6593],[139.50449,35.65944],[139.50445,35.6596],[139.50435,35.65956],[139.50407,35.65929],[139.50359,35.65916],[139.50284,35.65916],[139.50159,35.65933],[139.5012,35.65948],[139.50103,35.65965],[139.50098,35.65982],[139.50106,35.66008],[139.501,35.66014],[139.50043,35.66025],[139.5003,35.66034],[139.49999,35.66077],[139.49969,35.66092],[139.49928,35.66101],[139.49802,35.66108],[139.4975,35.66099],[139.49714,35.66078],[139.49671,35.66026],[139.49657,35.66019],[139.49637,35.66015],[139.49625,35.66006],[139.49604,35.65954],[139.49604,35.65918],[139.49619,35.65891],[139.49657,35.65866],[139.49683,35.65831],[139.4969,35.65799],[139.49675,35.65781],[139.49621,35.65763],[139.49535,35.65755],[139.49465,35.65759],[139.49418,35.65776],[139.49388,35.65804],[139.4937,35.65828],[139.4934,35.65889],[139.49321,35.65961],[139.4931,35.66071],[139.49298,35.66098],[139.49279,35.66119],[139.49215,35.66154],[139.49195,35.66187],[139.49141,35.66203],[139.49074,35.6621],[139.49024,35.66209],[139.49005,35.66203],[139.48977,35.66177],[139.48959,35.66173],[139.48941,35.66175],[139.48931,35.66183],[139.4892,35.66213],[139.48901,35.66224],[139.48864,35.66237],[139.48846,35.66255],[139.4885,35.6628],[139.48881,35.66302],[139.48889,35.66315],[139.4889,35.66345],[139.48881,35.66405],[139.4889,35.66426],[139.48913,35.66441],[139.48882,35.66446],[139.48861,35.66459],[139.4884,35.66481],[139.48836,35.665],[139.48851,35.66534],[139.48909,35.6659],[139.48932,35.66629],[139.48951,35.66703],[139.48951,35.66791],[139.48942,35.66841],[139.48927,35.66881],[139.48856,35.6696],[139.4884,35.66989],[139.48819,35.67052],[139.48795,35.67075],[139.48777,35.67084],[139.48732,35.67094],[139.48646,35.67095],[139.48584,35.67085],[139.4856,35.67073],[139.48542,35.67045],[139.48532,35.67038],[139.4852,35.67036],[139.48475,35.67045],[139.48436,35.67038],[139.48407,35.67023],[139.48397,35.66992],[139.48382,35.66976],[139.48346,35.66963],[139.48289,35.66959],[139.4827,35.66949],[139.48254,35.66898],[139.48235,35.66878],[139.48206,35.66859],[139.4819,35.66839],[139.48172,35.66796],[139.48164,35.66758],[139.48163,35.66726],[139.48168,35.66704],[139.4818,35.66691],[139.4822,35.66681],[139.48241,35.66661],[139.48282,35.66588],[139.48293,35.66547],[139.4829,35.66512],[139.48273,35.66482],[139.48242,35.66458],[139.48207,35.66445],[139.48173,35.66445],[139.48155,35.66449],[139.48121,35.66468],[139.48051,35.66534],[139.48023,35.66591],[139.48004,35.66612],[139.47988,35.66619],[139.47937,35.66627],[139.47885,35.66658],[139.47839,35.66717],[139.47769,35.66838],[139.47724,35.66873],[139.47665,35.66892],[139.47592,35.66893],[139.47515,35.66878],[139.47461,35.66853],[139.47428,35.66816],[139.47421,35.66794],[139.47425,35.66675],[139.47416,35.66638],[139.47385,35.66614],[139.47375,35.66581],[139.47331,35.66567],[139.47309,35.66536],[139.47305,35.66442],[139.47316,35.66155],[139.47311,35.66077],[139.47291,35.65996],[139.47252,35.65941],[139.47236,35.65926],[139.47221,35.6592],[139.47196,35.65924],[139.47169,35.6595],[139.47153,35.65956],[139.47117,35.65957],[139.47045,35.6595],[139.47026,35.65957],[139.47018,35.65978],[139.47005,35.65979],[139.46993,35.65974],[139.4698,35.65977],[139.46964,35.66002],[139.46942,35.66084],[139.46926,35.66104],[139.46904,35.66112],[139.46867,35.66104],[139.46852,35.66088],[139.4685,35.66048],[139.46865,35.65993],[139.46861,35.65966],[139.46855,35.65956],[139.4683,35.65944],[139.46793,35.65941],[139.46741,35.65945],[139.46704,35.65956],[139.46689,35.65966],[139.46673,35.65985],[139.46659,35.66043],[139.46651,35.6605],[139.46627,35.66055],[139.46618,35.66062],[139.4661,35.66083],[139.46609,35.66104],[139.466,35.66121],[139.46563,35.66134],[139.46479,35.66129],[139.46438,35.66133],[139.46427,35.66143],[139.46431,35.66158],[139.46426,35.66178],[139.46406,35.66203],[139.46346,35.66247],[139.46271,35.66291],[139.46219,35.66316],[139.46175,35.66329],[139.46167,35.66345],[139.46161,35.66381],[139.46148,35.66396],[139.46135,35.66402],[139.46055,35.66417],[139.4585,35.66442],[139.45751,35.66459],[139.45711,35.6647],[139.45652,35.665],[139.4559,35.66513],[139.45487,35.66521],[139.45227,35.66526],[139.45177,35.66537],[139.45162,35.66566],[139.45132,35.66581],[139.45092,35.66578],[139.4502,35.66555],[139.44998,35.66559],[139.4499,35.66576],[139.45014,35.66599],[139.45074,35.66629],[139.45154,35.66656],[139.45203,35.66664],[139.45249,35.66664],[139.45347,35.66645],[139.45515,35.66629],[139.45681,35.66623],[139.45802,35.6663],[139.45853,35.66644],[139.45902,35.66683],[139.45925,35.66696],[139.45951,35.66703],[139.45991,35.66706],[139.46024,35.66719],[139.46042,35.66735],[139.4608,35.66783],[139.46146,35.6682],[139.46166,35.66854],[139.46176,35.66887],[139.46179,35.66958],[139.46163,35.66996],[139.46115,35.67047],[139.46107,35.67073],[139.46109,35.6709],[139.46127,35.67124],[139.46169,35.67168],[139.46178,35.6719],[139.46179,35.67215],[139.46171,35.67274],[139.4618,35.6729],[139.46199,35.67296],[139.46208,35.67319],[139.46218,35.67488],[139.46231,35.67539],[139.46254,35.67571],[139.4627,35.6758],[139.46325,35.67587],[139.46345,35.67597],[139.46348,35.67606],[139.46342,35.67629],[139.46303,35.67688],[139.46302,35.67707],[139.46308,35.67714],[139.4633,35.6772],[139.46392,35.67716],[139.46415,35.6771],[139.46446,35.67691],[139.46457,35.67689],[139.46467,35.67693],[139.46487,35.67721],[139.46536,35.67737],[139.46752,35.67748],[139.46808,35.67759],[139.46834,35.67774],[139.46866,35.67785],[139.46942,35.67789],[139.46981,35.67779],[139.46991,35.67759],[139.47014,35.67745],[139.471,35.67728],[139.47133,35.67713],[139.4717,35.67678],[139.47195,35.67632],[139.47224,35.67611],[139.47243,35.67604],[139.4729,35.67597],[139.47318,35.67598],[139.47472,35.67618],[139.47489,35.67623],[139.47507,35.67638],[139.47533,35.67694],[139.47547,35.6771],[139.47576,35.67722],[139.47625,35.67726],[139.47646,35.67734],[139.47656,35.67764],[139.47688,35.67787],[139.477,35.67805],[139.4773,35.67933],[139.47751,35.67979],[139.47769,35.68002],[139.47798,35.68024],[139.47824,35.68037],[139.47853,35.68042],[139.47864,35.68051],[139.47891,35.68116],[139.47909,35.68135],[139.47952,35.68151],[139.48052,35.6816],[139.4807,35.68168],[139.48093,35.68189],[139.48135,35.68202],[139.48199,35.68211],[139.48256,35.68212],[139.4829,35.68199],[139.48318,35.6816],[139.48358,35.6815],[139.48367,35.68129],[139.48354,35.68113],[139.48312,35.68108],[139.48297,35.68102],[139.483,35.68067],[139.48285,35.6805],[139.48256,35.68031],[139.48233,35.68002],[139.48196,35.67896],[139.48185,35.67885],[139.48164,35.67881],[139.48135,35.67865],[139.48071,35.67807],[139.48042,35.67788],[139.47994,35.67772],[139.47929,35.67766],[139.47893,35.67749],[139.47845,35.67694],[139.47818,35.67681],[139.47787,35.67677],[139.47757,35.67655],[139.47695,35.67558],[139.47674,35.67536],[139.47654,35.67524],[139.47624,35.6752],[139.47604,35.6751],[139.47598,35.67499],[139.47592,35.6746],[139.47566,35.67428],[139.47517,35.67405],[139.47413,35.67376],[139.47387,35.67361],[139.47377,35.67344],[139.47379,35.67334],[139.47419,35.67276],[139.47428,35.6725],[139.47436,35.67197],[139.47456,35.67175],[139.47491,35.6716],[139.47603,35.67142],[139.47692,35.67112],[139.4775,35.6708],[139.47833,35.67018],[139.47912,35.66979],[139.47963,35.66969],[139.47987,35.66969],[139.48066,35.66984],[139.48093,35.67003],[139.48098,35.67027],[139.48113,35.67043],[139.48132,35.67048],[139.4818,35.67052],[139.48201,35.6706],[139.48216,35.67092],[139.48294,35.67136],[139.4833,35.6717],[139.48352,35.67199],[139.48374,35.67239],[139.48398,35.67305],[139.48475,35.6758],[139.48497,35.67639],[139.48524,35.6769],[139.48557,35.67732],[139.48595,35.67766],[139.48638,35.67792],[139.48686,35.67809],[139.4874,35.67817],[139.48892,35.67813],[139.48956,35.67804],[139.48975,35.67797],[139.48988,35.67788],[139.48992,35.67779],[139.48986,35.67749],[139.48991,35.67732],[139.49023,35.67724],[139.49049,35.67707],[139.49079,35.67677],[139.49096,35.67651],[139.49111,35.676],[139.49124,35.67464],[139.49134,35.67438],[139.49158,35.674],[139.49166,35.67376],[139.49172,35.67314],[139.49164,35.67272],[139.49145,35.67242],[139.49107,35.67217],[139.49082,35.67188],[139.49072,35.67161],[139.49074,35.67132],[139.4913,35.66942],[139.49136,35.66884],[139.49128,35.6683],[139.49133,35.66804],[139.49157,35.66786],[139.49171,35.66766],[139.49213,35.66646],[139.49238,35.66598],[139.49256,35.66583],[139.49305,35.66572],[139.49318,35.66541],[139.49355,35.6653],[139.49366,35.66513],[139.49368,35.66484],[139.49358,35.66456],[139.49332,35.66438],[139.49295,35.66427],[139.49277,35.66406],[139.49278,35.66385],[139.4929,35.66358],[139.49306,35.66338],[139.49326,35.66327],[139.49349,35.66326],[139.49376,35.66335],[139.49412,35.66362],[139.4944,35.66406],[139.49463,35.6646],[139.49495,35.66494],[139.49523,35.66503],[139.49601,35.665],[139.49623,35.66507],[139.49641,35.6652],[139.49667,35.66566],[139.49673,35.6662],[139.49682,35.66645],[139.49708,35.66684],[139.49745,35.66726],[139.49764,35.66758],[139.4978,35.66811],[139.49782,35.66867],[139.4979,35.66908],[139.49799,35.66924],[139.49817,35.66936],[139.49826,35.6696],[139.49817,35.6707],[139.49857,35.67262],[139.49868,35.67503],[139.49881,35.67535],[139.49906,35.67549],[139.49926,35.67549],[139.49938,35.67544],[139.49969,35.675],[139.49982,35.67493],[139.49999,35.67491],[139.50028,35.67499],[139.50044,35.6751],[139.50062,35.67535],[139.50075,35.67565],[139.50088,35.67577],[139.50118,35.6758],[139.50156,35.67565],[139.50173,35.67552],[139.50181,35.67537],[139.50176,35.67505],[139.50182,35.67492],[139.50199,35.67481],[139.50259,35.67464],[139.5029,35.67441],[139.50303,35.67424],[139.50329,35.6738],[139.50358,35.67294],[139.50361,35.67248],[139.50351,35.67214],[139.50327,35.67194],[139.5028,35.67171],[139.50258,35.67148],[139.50243,35.67117],[139.50221,35.67041],[139.50199,35.67004],[139.50169,35.66968],[139.5008,35.66885],[139.50059,35.66854],[139.50037,35.66799],[139.50024,35.66779],[139.50005,35.66767],[139.49956,35.66757],[139.49937,35.66734],[139.49922,35.66665],[139.49926,35.66514],[139.49939,35.66473],[139.49963,35.66465],[139.49971,35.66458],[139.49975,35.66423],[139.49963,35.66404],[139.49926,35.66394],[139.49911,35.66357],[139.49849,35.66309],[139.49841,35.66292],[139.49849,35.66275],[139.49858,35.66267],[139.49926,35.66237],[139.49988,35.66224],[139.501,35.66217],[139.50133,35.66207],[139.50158,35.66192],[139.50206,35.66136],[139.50225,35.66125],[139.50256,35.66116],[139.50343,35.66109],[139.50372,35.66122],[139.50381,35.66154],[139.50374,35.66201],[139.50375,35.66239],[139.50382,35.66257],[139.50401,35.66276],[139.50413,35.66299],[139.50423,35.66362],[139.50444,35.66391],[139.50503,35.66439],[139.50518,35.66466],[139.50526,35.66498],[139.50528,35.66536],[139.50523,35.66581],[139.5051,35.66603],[139.50491,35.66607],[139.50478,35.66619],[139.50464,35.6669],[139.50422,35.66723],[139.50412,35.66756],[139.50399,35.66762],[139.5038,35.66764],[139.50375,35.66769],[139.50399,35.66813],[139.50413,35.66852],[139.50467,35.67122],[139.50487,35.67186],[139.5051,35.67228],[139.5051,35.6727],[139.50485,35.67359],[139.50485,35.67397],[139.50493,35.67414],[139.50515,35.67429],[139.50581,35.67444],[139.50571,35.6746],[139.50502,35.67511],[139.50482,35.67541],[139.50481,35.67559],[139.50489,35.67575],[139.50521,35.67599],[139.50558,35.6761],[139.50586,35.67612],[139.50627,35.67608],[139.50655,35.676],[139.50724,35.67569],[139.50792,35.67529],[139.50818,35.67507],[139.5083,35.67477],[139.50838,35.6747],[139.50926,35.67456],[139.50946,35.67447],[139.5099,35.6741],[139.51011,35.67411],[139.51041,35.6743],[139.51072,35.67439],[139.51123,35.6744],[139.51149,35.67434],[139.51158,35.67426],[139.51161,35.6741],[139.5117,35.67401],[139.51234,35.67379],[139.51253,35.67369],[139.51269,35.67344],[139.51273,35.67312],[139.51297,35.67285],[139.51325,35.6727],[139.51404,35.67243],[139.51443,35.67222],[139.51564,35.67125],[139.51609,35.67106],[139.51668,35.671],[139.5168,35.67094],[139.51688,35.67074],[139.51701,35.67064],[139.5174,35.67053],[139.51828,35.67036],[139.5185,35.67028],[139.51873,35.67007],[139.51891,35.66999],[139.52022,35.66988],[139.52044,35.66982],[139.52071,35.66962],[139.52097,35.66971],[139.52148,35.67007],[139.52174,35.67018],[139.52208,35.67014],[139.52258,35.66981],[139.5229,35.66971],[139.52315,35.66977],[139.52341,35.67016],[139.52363,35.67029],[139.52411,35.67026],[139.52433,35.67014],[139.52454,35.6698],[139.52459,35.66927],[139.52449,35.66883],[139.52434,35.66866],[139.52424,35.66861],[139.52398,35.66858],[139.52361,35.66862],[139.52333,35.66873],[139.52311,35.66887],[139.52297,35.6689],[139.52277,35.6688],[139.5224,35.66846],[139.52213,35.66836],[139.52192,35.66835],[139.52147,35.66846],[139.52071,35.66882],[139.52056,35.66882],[139.52051,35.66878],[139.52046,35.66852],[139.52053,35.66822],[139.52065,35.66806],[139.52109,35.66772],[139.52125,35.66738],[139.52129,35.66691],[139.52119,35.66651],[139.52103,35.66633],[139.52055,35.66615],[139.52025,35.6659],[139.52012,35.66565],[139.51999,35.66517],[139.51981,35.66476],[139.51925,35.66411],[139.5192,35.66385],[139.51926,35.66357],[139.5192,35.66328],[139.51892,35.66266],[139.51833,35.66162],[139.51817,35.6612],[139.51811,35.66087],[139.51817,35.66043],[139.51812,35.66028],[139.51792,35.66013],[139.51763,35.66008],[139.51743,35.66012],[139.51721,35.66035],[139.51706,35.66043],[139.51686,35.66045],[139.51676,35.66032],[139.51681,35.66001],[139.51702,35.6594],[139.51704,35.65916],[139.51699,35.65897],[139.51677,35.65869],[139.51708,35.6586],[139.51735,35.65828],[139.51754,35.65788],[139.51751,35.65752],[139.51726,35.65723],[139.51698,35.65708],[139.5167,35.65699],[139.51643,35.65698],[139.51589,35.65714],[139.51563,35.65715],[139.51555,35.65706],[139.51545,35.65661],[139.51529,35.65642],[139.51514,35.65632],[139.51482,35.65628],[139.51405,35.65645],[139.51373,35.65646],[139.51362,35.65638],[139.51352,35.656],[139.51336,35.65594],[139.51323,35.65596],[139.51314,35.6561],[139.51307,35.65636],[139.51307,35.65733],[139.51317,35.65771],[139.51341,35.65791],[139.51348,35.65803],[139.5135,35.65822],[139.51341,35.659],[139.5135,35.65937],[139.51362,35.6596],[139.51398,35.65994],[139.51472,35.6602],[139.5149,35.66031],[139.51527,35.66081],[139.51579,35.66108],[139.51594,35.66128],[139.51605,35.66179],[139.51606,35.66227],[139.51594,35.6627],[139.51583,35.66288],[139.51548,35.66316],[139.51524,35.66327],[139.51438,35.66347],[139.51376,35.66373],[139.51352,35.66396],[139.51341,35.66423],[139.51324,35.66446],[139.51293,35.66462],[139.51272,35.66467],[139.5122,35.66472],[139.51117,35.66468],[139.51075,35.66457],[139.5106,35.66442],[139.51042,35.66436],[139.51016,35.66434],[139.50943,35.6644],[139.50921,35.66435],[139.50916,35.66429],[139.50917,35.66411],[139.50955,35.66347],[139.5096,35.66326],[139.50959,35.66307],[139.5094,35.66277],[139.50888,35.6625],[139.50874,35.6623],[139.50862,35.6618],[139.50853,35.66048],[139.50826,35.65974],[139.50833,35.65961],[139.50841,35.65957],[139.509,35.65951],[139.50926,35.6594],[139.50945,35.65921],[139.50965,35.65862],[139.50987,35.65831],[139.51009,35.6582],[139.51057,35.65813],[139.51073,35.65801],[139.51082,35.65781],[139.51092,35.65713],[139.51102,35.657],[139.51125,35.65685],[139.5113,35.65675],[139.51121,35.65631],[139.51123,35.65622],[139.51158,35.65609],[139.51167,35.65586],[139.51161,35.65563],[139.51146,35.65551],[139.5109,35.65535],[139.51042,35.65534],[139.51031,35.6554],[139.51028,35.65555],[139.5102,35.65562],[139.50977,35.65555],[139.5095,35.65567],[139.50919,35.65606],[139.50896,35.65669],[139.50858,35.65708],[139.50818,35.65733]],[[139.4661,35.66314],[139.46633,35.66303],[139.4668,35.66297],[139.46699,35.66287],[139.46708,35.66271],[139.46703,35.66257],[139.46649,35.66233],[139.46636,35.66214],[139.46639,35.66198],[139.46649,35.66185],[139.46685,35.66171],[139.46769,35.66166],[139.46802,35.66175],[139.46849,35.66209],[139.46905,35.66288],[139.4695,35.66327],[139.46983,35.66337],[139.47069,35.66334],[139.47084,35.6634],[139.47093,35.6635],[139.47102,35.6638],[139.4711,35.66448],[139.47122,35.66466],[139.47141,35.66478],[139.47148,35.66494],[139.47149,35.66534],[139.47138,35.66622],[139.47143,35.6667],[139.47169,35.66709],[139.47228,35.66753],[139.47237,35.66767],[139.47249,35.66815],[139.4726,35.66829],[139.47296,35.66854],[139.4731,35.66874],[139.47322,35.66918],[139.47321,35.66974],[139.47305,35.67027],[139.47274,35.67074],[139.47224,35.67119],[139.47195,35.67135],[139.47175,35.67138],[139.47165,35.67147],[139.47157,35.67174],[139.47154,35.67213],[139.47146,35.67238],[139.4712,35.6727],[139.47082,35.67295],[139.4706,35.67317],[139.47056,35.6733],[139.47063,35.67357],[139.47058,35.67365],[139.47028,35.67385],[139.4703,35.67422],[139.47004,35.67443],[139.46905,35.67492],[139.46886,35.67509],[139.46877,35.67541],[139.46868,35.67549],[139.46842,35.67548],[139.46801,35.67533],[139.46748,35.67523],[139.46602,35.67514],[139.46577,35.67507],[139.46559,35.67492],[139.46554,35.67466],[139.46565,35.67427],[139.46564,35.67408],[139.46529,35.67375],[139.4651,35.67277],[139.46495,35.67249],[139.46447,35.67188],[139.46421,35.67111],[139.46413,35.6704],[139.46408,35.6682],[139.464,35.66767],[139.46382,35.66737],[139.46367,35.66726],[139.4633,35.66711],[139.46318,35.66697],[139.46313,35.66675],[139.4632,35.66614],[139.46318,35.66585],[139.46303,35.66551],[139.46269,35.66516],[139.46271,35.66511],[139.46284,35.66513],[139.46304,35.66517],[139.46323,35.66516],[139.4633,35.6651],[139.46334,35.66495],[139.46347,35.66483],[139.46444,35.66449],[139.46481,35.6643],[139.46531,35.66392],[139.46573,35.66345],[139.4661,35.66314]],[[139.51043,35.66656],[139.51069,35.66673],[139.51115,35.66723],[139.51135,35.66762],[139.51129,35.66782],[139.51097,35.66806],[139.51088,35.66825],[139.5108,35.66876],[139.5108,35.66946],[139.51091,35.67003],[139.51103,35.67013],[139.51115,35.67013],[139.51124,35.6702],[139.51116,35.67043],[139.51117,35.67057],[139.51143,35.67074],[139.51156,35.67089],[139.51161,35.6711],[139.51157,35.67127],[139.51126,35.67159],[139.51064,35.67197],[139.50969,35.67242],[139.50915,35.6726],[139.50901,35.67257],[139.50882,35.67241],[139.50836,35.67171],[139.50789,35.67074],[139.50763,35.66988],[139.50755,35.66917],[139.50781,35.6694],[139.50812,35.66943],[139.50834,35.66928],[139.50849,35.66893],[139.50844,35.6688],[139.50821,35.66875],[139.50811,35.66866],[139.50795,35.66771],[139.50752,35.6673],[139.50717,35.66652],[139.50715,35.66634],[139.50723,35.66604],[139.50748,35.6658],[139.5079,35.66564],[139.50863,35.66552],[139.50904,35.66557],[139.50911,35.66562],[139.50918,35.66591],[139.50927,35.666],[139.50984,35.66611],[139.50996,35.66621],[139.50998,35.66637],[139.51006,35.66648],[139.51043,35.66656]]],[[[139.45756,35.68047],[139.45722,35.68005],[139.45711,35.67952],[139.45699,35.67937],[139.4568,35.67927],[139.45675,35.67916],[139.45681,35.67892],[139.45698,35.6786],[139.45699,35.67832],[139.45689,35.67817],[139.45662,35.67799],[139.45642,35.67779],[139.45626,35.67724],[139.45586,35.67711],[139.4556,35.67672],[139.45546,35.67663],[139.45516,35.67658],[139.45477,35.67663],[139.45454,35.67656],[139.45426,35.67627],[139.45392,35.67568],[139.45366,35.67549],[139.45334,35.67539],[139.45256,35.67533],[139.4521,35.6752],[139.45121,35.67468],[139.45028,35.67437],[139.44989,35.6742],[139.44976,35.67409],[139.44971,35.67391],[139.44952,35.67368],[139.44913,35.67338],[139.44864,35.67309],[139.44836,35.67299],[139.44811,35.67296],[139.4478,35.67305],[139.44763,35.67323],[139.44745,35.67368],[139.44735,35.6743],[139.44737,35.67461],[139.44752,35.67487],[139.44787,35.67493],[139.44795,35.675],[139.44791,35.67551],[139.44829,35.67565],[139.44843,35.67602],[139.44859,35.67613],[139.44887,35.67622],[139.45081,35.6767],[139.45125,35.67693],[139.45167,35.67728],[139.45189,35.67736],[139.45239,35.6774],[139.45256,35.67745],[139.45264,35.67755],[139.45259,35.67785],[139.45265,35.67796],[139.45294,35.67806],[139.45353,35.6781],[139.45379,35.67823],[139.45398,35.67879],[139.4546,35.6794],[139.45492,35.67982],[139.45507,35.68003],[139.45544,35.68021],[139.45576,35.68024],[139.45635,35.68019],[139.45665,35.68021],[139.45695,35.68033],[139.45712,35.68062],[139.45722,35.68069],[139.4574,35.68069],[139.45756,35.68059],[139.45756,35.68047]]],[[[139.43788,35.6828],[139.43803,35.68319],[139.4381,35.68412],[139.43826,35.68459],[139.43845,35.68475],[139.43902,35.68483],[139.43917,35.68493],[139.43913,35.68519],[139.43881,35.6854],[139.43868,35.68561],[139.43863,35.68609],[139.43871,35.68641],[139.43882,35.68653],[139.43919,35.68662],[139.43935,35.68676],[139.43953,35.68718],[139.43971,35.68798],[139.43997,35.68836],[139.44021,35.68849],[139.44077,35.68867],[139.44108,35.68897],[139.4412,35.68903],[139.44157,35.68907],[139.4418,35.68903],[139.44192,35.68893],[139.44198,35.68869],[139.44237,35.68857],[139.44252,35.68836],[139.44269,35.68772],[139.44267,35.68722],[139.44246,35.6867],[139.44223,35.68646],[139.44193,35.68627],[139.44177,35.68607],[139.44159,35.68563],[139.44134,35.68468],[139.44122,35.68452],[139.44093,35.6843],[139.44073,35.68404],[139.44012,35.68292],[139.43995,35.68233],[139.43987,35.68166],[139.43992,35.67956],[139.43984,35.67909],[139.43968,35.67876],[139.43922,35.67837],[139.43878,35.67819],[139.43811,35.67809],[139.4375,35.67817],[139.4371,35.67833],[139.43693,35.67846],[139.43685,35.6786],[139.4369,35.67894],[139.43683,35.67912],[139.43655,35.67943],[139.43623,35.67965],[139.43579,35.68003],[139.43574,35.68024],[139.4359,35.68042],[139.43627,35.68051],[139.43639,35.68062],[139.43653,35.68094],[139.43665,35.68142],[139.4368,35.68172],[139.43716,35.68212],[139.43764,35.68249],[139.43788,35.6828]]],[[[139.4698,35.69149],[139.47027,35.69121],[139.47036,35.69101],[139.47035,35.69091],[139.46995,35.69035],[139.46984,35.69001],[139.4698,35.68968],[139.4697,35.68953],[139.46937,35.6894],[139.46853,35.68931],[139.46818,35.68907],[139.46792,35.68911],[139.46755,35.68931],[139.46732,35.68951],[139.46717,35.68975],[139.46706,35.6902],[139.46714,35.69066],[139.46744,35.691],[139.46845,35.69138],[139.46863,35.6915],[139.46871,35.69167],[139.4688,35.69173],[139.46916,35.69168],[139.4698,35.69149]]],[[[139.44799,35.69138],[139.44803,35.69123],[139.44813,35.69117],[139.44856,35.69111],[139.44879,35.69102],[139.44914,35.69053],[139.44937,35.69039],[139.4498,35.69022],[139.44992,35.69008],[139.44999,35.68985],[139.4504,35.68974],[139.45049,35.68952],[139.45036,35.6893],[139.45018,35.6892],[139.45002,35.6892],[139.44971,35.68932],[139.44908,35.68976],[139.44889,35.68981],[139.44876,35.68976],[139.4486,35.68954],[139.44811,35.68938],[139.44723,35.68932],[139.44651,35.68933],[139.44594,35.6894],[139.44553,35.68952],[139.44528,35.68971],[139.44521,35.68982],[139.44497,35.69042],[139.44497,35.69067],[139.44509,35.69086],[139.44566,35.69112],[139.44575,35.69121],[139.44582,35.69142],[139.44599,35.6915],[139.44651,35.69156],[139.44727,35.69156],[139.44789,35.69147],[139.44799,35.69138]]],[[[139.47293,35.69795],[139.47305,35.6981],[139.4731,35.69826],[139.47306,35.69849],[139.47297,35.69861],[139.47255,35.69881],[139.47242,35.69895],[139.47237,35.6993],[139.47242,35.69992],[139.47234,35.70016],[139.47217,35.70034],[139.47154,35.70069],[139.47145,35.7008],[139.47144,35.70097],[139.47156,35.70114],[139.4719,35.70134],[139.472,35.70164],[139.47208,35.70174],[139.47234,35.70186],[139.47272,35.70192],[139.47291,35.70188],[139.47303,35.70174],[139.4731,35.70126],[139.47322,35.701],[139.47336,35.70091],[139.47365,35.70088],[139.47381,35.70081],[139.474,35.7006],[139.47423,35.70013],[139.47447,35.70001],[139.47466,35.69999],[139.47479,35.69989],[139.4748,35.69947],[139.47457,35.69873],[139.47444,35.69811],[139.47442,35.69742],[139.4745,35.69667],[139.47482,35.69512],[139.47482,35.69436],[139.47469,35.69406],[139.47449,35.69391],[139.47422,35.69375],[139.47385,35.69367],[139.47364,35.69354],[139.47315,35.69293],[139.47304,35.69319],[139.47275,35.69324],[139.47262,35.69333],[139.47256,35.69368],[139.47244,35.69387],[139.472,35.69407],[139.47173,35.69432],[139.47142,35.69489],[139.47119,35.69575],[139.47119,35.69609],[139.47125,35.69626],[139.47145,35.69644],[139.47173,35.69654],[139.47187,35.69665],[139.47196,35.69681],[139.47202,35.69722],[139.4721,35.69741],[139.47236,35.69764],[139.47293,35.69795]]],[[[139.46135,35.70581],[139.46177,35.7062],[139.46216,35.7063],[139.46226,35.70642],[139.4623,35.70671],[139.46239,35.70679],[139.46255,35.7068],[139.46304,35.70665],[139.4633,35.70663],[139.46365,35.70672],[139.46431,35.70714],[139.46484,35.7073],[139.46552,35.70735],[139.46664,35.70727],[139.46703,35.7073],[139.4675,35.70748],[139.46795,35.70786],[139.46837,35.70799],[139.46886,35.70796],[139.46925,35.70784],[139.46945,35.70765],[139.46949,35.70735],[139.46955,35.70725],[139.46971,35.70719],[139.4699,35.70721],[139.47006,35.7073],[139.47023,35.7075],[139.47041,35.70761],[139.47141,35.70797],[139.47169,35.70813],[139.47192,35.70846],[139.47198,35.70886],[139.47205,35.70898],[139.47229,35.70919],[139.47267,35.70936],[139.47395,35.70971],[139.47412,35.70982],[139.4742,35.71008],[139.47439,35.71023],[139.47472,35.71028],[139.47519,35.71016],[139.47555,35.70997],[139.47576,35.70972],[139.47581,35.70952],[139.47579,35.70922],[139.47569,35.70905],[139.47544,35.70899],[139.47535,35.7089],[139.47527,35.70864],[139.47525,35.70825],[139.47516,35.70806],[139.4749,35.7079],[139.47422,35.70781],[139.47409,35.70773],[139.47388,35.7075],[139.47352,35.70738],[139.47343,35.707],[139.4735,35.7059],[139.47348,35.70533],[139.47342,35.7051],[139.47322,35.70474],[139.4729,35.70452],[139.47204,35.7042],[139.47181,35.70405],[139.47152,35.70375],[139.47132,35.70362],[139.47111,35.70359],[139.471,35.70367],[139.47106,35.70388],[139.47126,35.7043],[139.47128,35.70448],[139.47122,35.70462],[139.47104,35.70481],[139.47091,35.70504],[139.47081,35.7057],[139.47073,35.7058],[139.47055,35.70584],[139.47031,35.70573],[139.47015,35.70546],[139.47004,35.70539],[139.46958,35.70529],[139.46881,35.70524],[139.46555,35.70532],[139.46454,35.70527],[139.46432,35.70514],[139.46421,35.70484],[139.4641,35.70476],[139.46298,35.70462],[139.46287,35.70454],[139.46277,35.70432],[139.46259,35.70421],[139.46135,35.70376],[139.46122,35.70364],[139.46115,35.70343],[139.46103,35.70334],[139.46045,35.70317],[139.46016,35.70302],[139.45984,35.7026],[139.45973,35.70266],[139.45958,35.70292],[139.45948,35.70297],[139.45937,35.70294],[139.45897,35.70272],[139.45825,35.70264],[139.45799,35.70254],[139.4579,35.70242],[139.45787,35.70218],[139.45779,35.70201],[139.45763,35.70184],[139.45707,35.70142],[139.45697,35.70116],[139.45721,35.70069],[139.45729,35.7004],[139.45744,35.69891],[139.45774,35.69839],[139.45769,35.69828],[139.45735,35.69804],[139.45721,35.69786],[139.45709,35.69747],[139.4571,35.697],[139.45716,35.69673],[139.45728,35.69652],[139.45772,35.69617],[139.45784,35.69601],[139.45791,35.69582],[139.45791,35.69551],[139.45784,35.69535],[139.45773,35.69525],[139.45729,35.69519],[139.45711,35.69506],[139.45715,35.69481],[139.45754,35.69453],[139.45755,35.69439],[139.45745,35.69423],[139.45719,35.69416],[139.45681,35.69422],[139.45658,35.69421],[139.45647,35.69415],[139.45626,35.69392],[139.45596,35.69385],[139.45582,35.69391],[139.45568,35.69406],[139.45512,35.69507],[139.45475,35.69527],[139.4547,35.69557],[139.45478,35.69627],[139.45476,35.6967],[139.45469,35.6969],[139.45446,35.6972],[139.45448,35.69731],[139.45469,35.69759],[139.45476,35.69795],[139.45478,35.6985],[139.45467,35.70076],[139.45476,35.70138],[139.45494,35.70161],[139.45499,35.70181],[139.45494,35.70225],[139.45477,35.70279],[139.45476,35.70307],[139.45479,35.70316],[139.45494,35.70329],[139.45543,35.70335],[139.45569,35.70347],[139.45579,35.70361],[139.45588,35.70395],[139.45582,35.70429],[139.45567,35.7045],[139.45536,35.70458],[139.45474,35.70455],[139.45461,35.70461],[139.45441,35.70485],[139.4543,35.70525],[139.45428,35.70583],[139.45432,35.70634],[139.45447,35.7068],[139.45464,35.70692],[139.45492,35.70689],[139.45513,35.70676],[139.4553,35.70647],[139.45549,35.70631],[139.45613,35.7062],[139.45645,35.70605],[139.45668,35.70578],[139.45678,35.7052],[139.4569,35.70502],[139.45704,35.70498],[139.45733,35.70506],[139.45752,35.70517],[139.4576,35.70532],[139.45761,35.70542],[139.45768,35.7055],[139.45814,35.70543],[139.45872,35.70565],[139.45895,35.70567],[139.4592,35.70563],[139.45982,35.70531],[139.46003,35.70527],[139.46019,35.70551],[139.46107,35.70565],[139.46135,35.70581]]],[[[139.46874,35.71833],[139.4692,35.71831],[139.46968,35.71836],[139.46987,35.71841],[139.47,35.7185],[139.47012,35.71875],[139.47011,35.71892],[139.46991,35.71934],[139.46942,35.72002],[139.469,35.72044],[139.46857,35.72065],[139.46838,35.72083],[139.46825,35.72149],[139.46812,35.72167],[139.46793,35.72177],[139.46786,35.7219],[139.46784,35.7222],[139.46791,35.72259],[139.46786,35.72289],[139.46774,35.72301],[139.46745,35.72312],[139.46722,35.72327],[139.46685,35.72377],[139.46666,35.72388],[139.46616,35.72403],[139.46597,35.72421],[139.46581,35.72467],[139.46576,35.72531],[139.46549,35.72596],[139.46515,35.72637],[139.4643,35.72712],[139.46403,35.72741],[139.46388,35.72765],[139.46382,35.72792],[139.46369,35.72811],[139.46312,35.72852],[139.46231,35.72888],[139.46176,35.72901],[139.46085,35.72909],[139.46023,35.72938],[139.45929,35.72934],[139.45913,35.72941],[139.45894,35.72969],[139.45872,35.72985],[139.45851,35.7299],[139.45799,35.72993],[139.45768,35.73002],[139.45745,35.73016],[139.45725,35.73042],[139.4572,35.73074],[139.45728,35.73095],[139.45747,35.7311],[139.458,35.73134],[139.45901,35.73222],[139.45937,35.7324],[139.4595,35.73239],[139.45963,35.73229],[139.45973,35.73194],[139.46012,35.73179],[139.46089,35.73172],[139.46155,35.73175],[139.46183,35.73179],[139.46227,35.73194],[139.46258,35.73217],[139.46288,35.73267],[139.46327,35.73304],[139.46425,35.73366],[139.4656,35.73432],[139.4663,35.73472],[139.46697,35.73524],[139.46726,35.73566],[139.46739,35.73576],[139.46774,35.73592],[139.46849,35.73603],[139.46935,35.73601],[139.46997,35.73593],[139.47067,35.73568],[139.47136,35.73571],[139.47151,35.73554],[139.47155,35.73518],[139.47151,35.73506],[139.47127,35.73486],[139.47084,35.73474],[139.46951,35.73467],[139.46876,35.73454],[139.46847,35.73438],[139.46824,35.73398],[139.46805,35.73382],[139.46779,35.73371],[139.46713,35.73356],[139.46652,35.73325],[139.46593,35.73274],[139.46566,35.73222],[139.46502,35.73187],[139.46476,35.73167],[139.46468,35.73152],[139.46464,35.73127],[139.46453,35.73112],[139.46434,35.73099],[139.46375,35.73073],[139.46364,35.73065],[139.46354,35.73044],[139.46365,35.73001],[139.46413,35.72938],[139.46429,35.72928],[139.46451,35.72924],[139.46471,35.72913],[139.46589,35.72812],[139.46612,35.72797],[139.46648,35.72786],[139.46659,35.72765],[139.46663,35.72715],[139.46679,35.72689],[139.46698,35.7268],[139.46766,35.72672],[139.4678,35.72664],[139.46801,35.72641],[139.46838,35.72632],[139.46859,35.72616],[139.4688,35.72585],[139.46897,35.7254],[139.46902,35.7249],[139.46896,35.72416],[139.46909,35.7239],[139.46937,35.72376],[139.46981,35.72374],[139.47033,35.7238],[139.47084,35.72392],[139.47102,35.72401],[139.47109,35.72422],[139.47118,35.72431],[139.47161,35.72449],[139.47175,35.72464],[139.47184,35.72485],[139.47189,35.72546],[139.472,35.72581],[139.47214,35.72595],[139.47243,35.72607],[139.47266,35.72625],[139.47282,35.72652],[139.47287,35.72676],[139.47281,35.72726],[139.47241,35.72845],[139.47221,35.72946],[139.47213,35.73073],[139.47215,35.73203],[139.47225,35.73292],[139.47254,35.73367],[139.47261,35.73402],[139.47273,35.73552],[139.47293,35.73586],[139.47321,35.73598],[139.4734,35.73616],[139.47348,35.73655],[139.47335,35.7369],[139.47267,35.73728],[139.47216,35.73786],[139.47194,35.73823],[139.4719,35.73837],[139.47199,35.7386],[139.47228,35.73872],[139.47278,35.73875],[139.47306,35.73872],[139.47361,35.73858],[139.47444,35.73816],[139.47549,35.73737],[139.47589,35.73712],[139.4762,35.73698],[139.4768,35.73689],[139.47711,35.7367],[139.47738,35.73661],[139.47782,35.73655],[139.4788,35.73651],[139.47988,35.73658],[139.48031,35.73673],[139.48052,35.73696],[139.4805,35.73761],[139.48058,35.73795],[139.48075,35.73829],[139.48111,35.73879],[139.48123,35.73907],[139.48119,35.73942],[139.48087,35.73974],[139.48082,35.73986],[139.48114,35.73996],[139.48141,35.74035],[139.48154,35.74045],[139.48184,35.74049],[139.48223,35.74043],[139.48261,35.74044],[139.48288,35.74053],[139.48341,35.74081],[139.48376,35.74078],[139.48396,35.74053],[139.48415,35.73959],[139.48411,35.73904],[139.48376,35.73871],[139.4835,35.73802],[139.48336,35.73783],[139.48318,35.7377],[139.48251,35.7376],[139.48205,35.73738],[139.48142,35.73688],[139.48131,35.73665],[139.48133,35.73655],[139.48151,35.73639],[139.48206,35.7362],[139.48245,35.73594],[139.48258,35.73571],[139.48265,35.73517],[139.48274,35.73491],[139.48308,35.73444],[139.48349,35.73409],[139.48414,35.73382],[139.48423,35.73373],[139.48435,35.73344],[139.48455,35.73338],[139.48474,35.73337],[139.48495,35.73328],[139.48526,35.7329],[139.48569,35.73201],[139.48594,35.73164],[139.48623,35.73139],[139.48655,35.73125],[139.48672,35.73122],[139.487,35.73105],[139.4872,35.73073],[139.48726,35.7305],[139.48733,35.72961],[139.48725,35.72864],[139.48715,35.72839],[139.48699,35.72825],[139.487,35.72818],[139.48726,35.72784],[139.4881,35.72714],[139.48883,35.72665],[139.48943,35.72637],[139.48954,35.72618],[139.48954,35.72596],[139.48945,35.72589],[139.4893,35.72591],[139.4888,35.72617],[139.48842,35.7263],[139.4882,35.72631],[139.48787,35.72627],[139.48762,35.72633],[139.48718,35.72662],[139.48623,35.72743],[139.48587,35.72762],[139.48567,35.72765],[139.48544,35.72758],[139.48533,35.72744],[139.4852,35.72714],[139.48494,35.72696],[139.48468,35.72693],[139.48415,35.72698],[139.48332,35.72697],[139.48132,35.72673],[139.48062,35.72657],[139.48007,35.72636],[139.47985,35.72624],[139.47936,35.72584],[139.47887,35.72562],[139.47856,35.72554],[139.47781,35.72541],[139.47608,35.72526],[139.47531,35.72509],[139.47507,35.72494],[139.4749,35.72468],[139.47468,35.72451],[139.47342,35.72387],[139.47329,35.72374],[139.47325,35.72356],[139.47309,35.72336],[139.47227,35.72274],[139.47211,35.72236],[139.47167,35.72223],[139.47146,35.72191],[139.47141,35.72155],[139.47144,35.72104],[139.47154,35.7204],[139.47166,35.72005],[139.47189,35.7197],[139.47228,35.71943],[139.47254,35.71918],[139.47281,35.71874],[139.47285,35.71848],[139.47279,35.71819],[139.47247,35.71755],[139.47242,35.71726],[139.47256,35.71691],[139.473,35.71659],[139.47305,35.71642],[139.47293,35.71634],[139.47273,35.7163],[139.47241,35.71641],[139.47221,35.71658],[139.47179,35.71707],[139.47158,35.71723],[139.47137,35.71732],[139.471,35.71737],[139.47088,35.71744],[139.47082,35.71755],[139.47078,35.71784],[139.47072,35.71791],[139.47059,35.71791],[139.47025,35.71778],[139.47023,35.71749],[139.47008,35.71727],[139.46963,35.71695],[139.46929,35.71681],[139.46862,35.71668],[139.46747,35.71665],[139.46658,35.71675],[139.46596,35.71696],[139.46585,35.71686],[139.46582,35.71663],[139.46571,35.71644],[139.46547,35.71632],[139.46519,35.71626],[139.46498,35.7163],[139.4648,35.71649],[139.46467,35.71655],[139.46437,35.71656],[139.46397,35.7165],[139.4636,35.71654],[139.46337,35.71663],[139.46291,35.71694],[139.46226,35.71714],[139.46186,35.71721],[139.46134,35.71715],[139.46031,35.71676],[139.45777,35.71539],[139.4572,35.71514],[139.45679,35.71504],[139.45642,35.71507],[139.45616,35.71519],[139.45583,35.71567],[139.45504,35.71626],[139.4548,35.71659],[139.4548,35.71685],[139.45499,35.7171],[139.45538,35.71736],[139.4558,35.71752],[139.45654,35.71763],[139.45758,35.71771],[139.46104,35.71777],[139.46228,35.71786],[139.46263,35.71796],[139.46277,35.7181],[139.46293,35.71817],[139.46353,35.71822],[139.46379,35.71828],[139.46387,35.71838],[139.46389,35.71866],[139.46508,35.71863],[139.46534,35.71852],[139.46561,35.71829],[139.46617,35.71822],[139.46659,35.71833],[139.46673,35.71844],[139.46686,35.71867],[139.46704,35.71873],[139.46747,35.71867],[139.46829,35.7184],[139.46874,35.71833]],[[139.47857,35.72777],[139.47888,35.72825],[139.47917,35.72852],[139.4794,35.72861],[139.47998,35.72867],[139.4801,35.72873],[139.48021,35.72893],[139.48075,35.729],[139.48275,35.72897],[139.48312,35.72901],[139.4837,35.7292],[139.4839,35.72935],[139.48404,35.72953],[139.48413,35.72975],[139.4842,35.73043],[139.48414,35.73085],[139.48404,35.73099],[139.48386,35.73111],[139.48378,35.73124],[139.48368,35.73184],[139.48355,35.73186],[139.48321,35.73168],[139.48307,35.73169],[139.48286,35.73182],[139.48267,35.73211],[139.4826,35.73263],[139.48244,35.7329],[139.48225,35.73305],[139.4816,35.7334],[139.48092,35.73412],[139.48065,35.73429],[139.48015,35.73439],[139.47955,35.73434],[139.47904,35.73438],[139.47877,35.73448],[139.47833,35.73475],[139.47809,35.7348],[139.47784,35.73477],[139.4771,35.73457],[139.47656,35.73456],[139.47596,35.73461],[139.47566,35.73458],[139.47536,35.7344],[139.47509,35.73388],[139.47497,35.73381],[139.47479,35.73378],[139.47474,35.73371],[139.47496,35.73313],[139.47502,35.7327],[139.475,35.73209],[139.47478,35.73008],[139.4748,35.72945],[139.47498,35.7288],[139.47538,35.72816],[139.47548,35.72771],[139.47561,35.72757],[139.47584,35.72747],[139.47639,35.72736],[139.47688,35.72734],[139.47718,35.72742],[139.47732,35.72757],[139.47745,35.72763],[139.47826,35.7276],[139.47857,35.72777]]],[[[139.47427,35.75521],[139.47417,35.75497],[139.47406,35.75492],[139.47339,35.75483],[139.4718,35.75488],[139.47084,35.7548],[139.47042,35.75466],[139.46992,35.75426],[139.46963,35.75411],[139.46854,35.75385],[139.46831,35.75375],[139.46818,35.75361],[139.46814,35.75337],[139.46805,35.75322],[139.4679,35.75308],[139.46742,35.75282],[139.4672,35.75243],[139.46718,35.75181],[139.4674,35.75083],[139.46751,35.75063],[139.4678,35.7504],[139.46788,35.75016],[139.46791,35.74984],[139.46802,35.74963],[139.46817,35.74956],[139.46845,35.74954],[139.46865,35.74948],[139.46876,35.74921],[139.46885,35.74914],[139.46929,35.74909],[139.46956,35.749],[139.47008,35.74853],[139.47063,35.74834],[139.47107,35.74782],[139.47131,35.74767],[139.47185,35.74755],[139.47253,35.74751],[139.47306,35.74732],[139.47331,35.74709],[139.47367,35.7465],[139.47396,35.74631],[139.47434,35.74621],[139.4748,35.74619],[139.47537,35.74623],[139.47571,35.74634],[139.47595,35.74653],[139.4762,35.74657],[139.47723,35.74651],[139.47758,35.74654],[139.47792,35.74672],[139.47819,35.74724],[139.47831,35.74731],[139.47862,35.74737],[139.47884,35.74758],[139.47901,35.74767],[139.47953,35.74776],[139.48063,35.74779],[139.48108,35.74785],[139.4815,35.74801],[139.48165,35.74824],[139.48187,35.7484],[139.4822,35.74846],[139.48246,35.74844],[139.48263,35.74832],[139.48271,35.7481],[139.48266,35.7474],[139.48275,35.74697],[139.48292,35.74677],[139.48349,35.74645],[139.48365,35.74622],[139.48367,35.74606],[139.48354,35.74579],[139.48312,35.7456],[139.48302,35.74551],[139.48303,35.74532],[139.48324,35.745],[139.48324,35.74479],[139.4829,35.74435],[139.48283,35.74394],[139.48274,35.74375],[139.48223,35.74322],[139.48193,35.74306],[139.48159,35.74298],[139.48122,35.74299],[139.48062,35.74315],[139.48029,35.74333],[139.48003,35.74357],[139.47964,35.74418],[139.47922,35.74439],[139.47893,35.74446],[139.47817,35.74453],[139.47771,35.74452],[139.47592,35.74438],[139.47508,35.74424],[139.47476,35.74413],[139.47442,35.74394],[139.4742,35.74372],[139.47399,35.74336],[139.47389,35.74329],[139.47358,35.7432],[139.47348,35.74299],[139.47344,35.74249],[139.47333,35.74216],[139.47318,35.742],[139.47265,35.7416],[139.47171,35.74048],[139.47137,35.74028],[139.47119,35.74022],[139.4701,35.7402],[139.46988,35.74009],[139.46965,35.73971],[139.46943,35.73955],[139.46909,35.73945],[139.46863,35.73941],[139.46742,35.73944],[139.46663,35.73957],[139.46614,35.73983],[139.46555,35.74036],[139.46503,35.74069],[139.46436,35.74103],[139.46381,35.7412],[139.46282,35.74132],[139.46097,35.74127],[139.46035,35.74136],[139.46019,35.74148],[139.46013,35.7417],[139.45997,35.7418],[139.459,35.74192],[139.45874,35.74208],[139.45859,35.74231],[139.45825,35.74247],[139.45682,35.7426],[139.45671,35.74268],[139.45676,35.74287],[139.45671,35.74294],[139.45631,35.74299],[139.45607,35.74312],[139.45588,35.74348],[139.45589,35.74368],[139.456,35.74383],[139.45622,35.74394],[139.45695,35.74413],[139.45721,35.74432],[139.45729,35.74449],[139.45754,35.74461],[139.45803,35.74469],[139.45877,35.7447],[139.4602,35.74463],[139.46121,35.74452],[139.46159,35.74443],[139.46177,35.74427],[139.46195,35.74419],[139.46238,35.74413],[139.46296,35.74411],[139.46338,35.74402],[139.46356,35.7439],[139.46375,35.7436],[139.46388,35.74348],[139.46453,35.74318],[139.46463,35.74292],[139.46476,35.74281],[139.46601,35.74236],[139.46619,35.74225],[139.46627,35.74208],[139.4664,35.74198],[139.46692,35.74185],[139.46813,35.74173],[139.46878,35.74161],[139.46899,35.74152],[139.46917,35.74115],[139.46951,35.74083],[139.46962,35.74081],[139.46974,35.74086],[139.47001,35.74113],[139.47031,35.74166],[139.47078,35.74284],[139.471,35.74356],[139.47111,35.74419],[139.47111,35.74471],[139.47101,35.74515],[139.47079,35.74553],[139.47045,35.74585],[139.47023,35.74599],[139.4689,35.74663],[139.46839,35.74695],[139.4674,35.74767],[139.46692,35.74793],[139.46643,35.74806],[139.46619,35.74809],[139.46524,35.74804],[139.46456,35.74808],[139.46393,35.74821],[139.46341,35.74842],[139.46304,35.74869],[139.46289,35.74891],[139.46274,35.74933],[139.46282,35.74988],[139.46273,35.74997],[139.46245,35.75005],[139.46227,35.75052],[139.46191,35.75073],[139.46105,35.75097],[139.46052,35.7512],[139.46018,35.7515],[139.46004,35.7518],[139.46005,35.75195],[139.46015,35.75206],[139.46042,35.75217],[139.46056,35.7523],[139.46068,35.7526],[139.46074,35.7531],[139.46086,35.75329],[139.46105,35.75341],[139.46144,35.75352],[139.46178,35.7537],[139.46217,35.75418],[139.46238,35.75433],[139.46252,35.75433],[139.46287,35.75414],[139.46339,35.75406],[139.46414,35.75404],[139.46487,35.75413],[139.46544,35.75434],[139.46587,35.75465],[139.46632,35.75487],[139.46746,35.75502],[139.46757,35.7551],[139.46772,35.75547],[139.46816,35.75586],[139.46857,35.75605],[139.46899,35.7561],[139.46919,35.75617],[139.4694,35.7563],[139.46986,35.7567],[139.47028,35.75689],[139.47124,35.75713],[139.47289,35.75733],[139.47382,35.75738],[139.47461,35.75731],[139.47491,35.75733],[139.4753,35.75746],[139.47551,35.75761],[139.4758,35.75772],[139.47596,35.75767],[139.47651,35.75706],[139.47713,35.75676],[139.47725,35.75657],[139.47726,35.75641],[139.47712,35.75624],[139.47655,35.75598],[139.4747,35.75547],[139.47437,35.7553],[139.47427,35.75521]]],[[[139.44225,35.75954],[139.44207,35.75946],[139.44194,35.7593],[139.44172,35.75916],[139.44112,35.75899],[139.44086,35.75888],[139.44078,35.75878],[139.44073,35.75858],[139.44058,35.75848],[139.44027,35.75852],[139.43993,35.75882],[139.43948,35.75892],[139.43874,35.75888],[139.43848,35.75877],[139.43834,35.75863],[139.43821,35.7586],[139.43802,35.75865],[139.43721,35.75903],[139.43689,35.75911],[139.43623,35.75917],[139.43594,35.7593],[139.43562,35.75973],[139.43546,35.76015],[139.4354,35.76051],[139.43544,35.76077],[139.43559,35.76091],[139.43584,35.76094],[139.43618,35.7609],[139.43634,35.76083],[139.43652,35.76065],[139.43661,35.76062],[139.43672,35.76067],[139.43699,35.76095],[139.43717,35.76106],[139.43739,35.76114],[139.43777,35.76117],[139.438,35.76114],[139.43816,35.76107],[139.43824,35.76095],[139.43828,35.76072],[139.43843,35.76056],[139.43862,35.76051],[139.439,35.76051],[139.43926,35.7606],[139.43942,35.76095],[139.4397,35.76107],[139.44021,35.76115],[139.44212,35.76121],[139.44279,35.76129],[139.44296,35.76138],[139.44301,35.7615],[139.44327,35.76163],[139.44575,35.76226],[139.44611,35.7624],[139.44627,35.76252],[139.44622,35.7627],[139.4459,35.76281],[139.44583,35.76298],[139.44581,35.76351],[139.44588,35.76429],[139.44583,35.76482],[139.4457,35.76499],[139.44523,35.7651],[139.44506,35.76547],[139.44466,35.76573],[139.44447,35.76599],[139.44442,35.76615],[139.44443,35.76631],[139.4445,35.76636],[139.44474,35.76641],[139.44482,35.76648],[139.44486,35.76666],[139.44497,35.76666],[139.44533,35.76698],[139.44581,35.76766],[139.44625,35.76793],[139.44635,35.76756],[139.44661,35.76723],[139.44708,35.76679],[139.44721,35.76659],[139.44725,35.7664],[139.44719,35.76615],[139.44723,35.76602],[139.44745,35.76587],[139.44783,35.76577],[139.44813,35.76563],[139.4485,35.76512],[139.44865,35.76501],[139.44894,35.76491],[139.44912,35.76475],[139.44933,35.76424],[139.44953,35.76315],[139.44975,35.76272],[139.44991,35.76257],[139.45031,35.76238],[139.45156,35.76228],[139.45213,35.76212],[139.45274,35.76173],[139.45289,35.76153],[139.45295,35.76132],[139.45311,35.76124],[139.45338,35.76122],[139.45366,35.76131],[139.45391,35.76152],[139.45428,35.762],[139.45446,35.76214],[139.45492,35.76235],[139.45508,35.76261],[139.45515,35.76324],[139.45531,35.76353],[139.4559,35.764],[139.45627,35.76455],[139.45657,35.76475],[139.45696,35.76493],[139.45726,35.76516],[139.45762,35.76582],[139.45786,35.76595],[139.45815,35.76599],[139.45829,35.76609],[139.45838,35.76628],[139.45845,35.76687],[139.45865,35.76709],[139.459,35.76721],[139.45981,35.7672],[139.46051,35.76707],[139.46086,35.76688],[139.4609,35.76672],[139.4608,35.76647],[139.46054,35.76621],[139.46006,35.76586],[139.45991,35.76567],[139.45973,35.76499],[139.45953,35.76486],[139.45917,35.76482],[139.45902,35.76474],[139.45887,35.7644],[139.45824,35.76392],[139.45798,35.76364],[139.45789,35.76343],[139.45784,35.76301],[139.45775,35.76286],[139.45761,35.76275],[139.45718,35.76256],[139.45709,35.76244],[139.45705,35.76213],[139.45697,35.76201],[139.45655,35.76204],[139.45645,35.76173],[139.45613,35.76148],[139.45601,35.76121],[139.45591,35.76073],[139.45569,35.75852],[139.4562,35.75837],[139.45634,35.75825],[139.45636,35.75818],[139.4563,35.75797],[139.45597,35.7574],[139.45568,35.75778],[139.45523,35.75791],[139.45515,35.75807],[139.4551,35.75837],[139.45501,35.75849],[139.45446,35.75877],[139.45441,35.75896],[139.45448,35.75925],[139.45442,35.75932],[139.45383,35.75929],[139.45364,35.75959],[139.45313,35.75977],[139.45041,35.76002],[139.44981,35.76011],[139.44928,35.7603],[139.4491,35.76053],[139.44885,35.76063],[139.44823,35.76067],[139.44714,35.76056],[139.44667,35.76043],[139.44656,35.76033],[139.44647,35.76011],[139.44607,35.76003],[139.44574,35.75975],[139.44548,35.75974],[139.44499,35.75991],[139.44473,35.75995],[139.44464,35.75991],[139.44461,35.75976],[139.4445,35.75966],[139.4438,35.75961],[139.44368,35.75961],[139.44377,35.75958],[139.44379,35.75946],[139.44373,35.7594],[139.44361,35.75939],[139.44353,35.75944],[139.44352,35.75954],[139.44358,35.7596],[139.44367,35.75961],[139.44275,35.7596],[139.44225,35.75954]]],[[[139.50537,35.77537],[139.50531,35.7752],[139.50519,35.7751],[139.50472,35.77488],[139.50506,35.77458],[139.50511,35.77437],[139.50508,35.77419],[139.50481,35.77381],[139.50403,35.7731],[139.50357,35.77281],[139.50315,35.77266],[139.50276,35.77265],[139.50226,35.77284],[139.50213,35.77287],[139.50197,35.77284],[139.50191,35.7727],[139.50197,35.77231],[139.50192,35.77188],[139.50172,35.77146],[139.50138,35.7711],[139.50097,35.77093],[139.5003,35.77094],[139.49993,35.7708],[139.49935,35.7703],[139.49873,35.76953],[139.4985,35.76932],[139.49803,35.769],[139.49752,35.76882],[139.49725,35.76879],[139.49673,35.7688],[139.4963,35.76887],[139.49598,35.76899],[139.49576,35.76918],[139.49554,35.76947],[139.49528,35.76964],[139.4946,35.76977],[139.49306,35.77044],[139.49265,35.77053],[139.49185,35.77059],[139.49161,35.77066],[139.49154,35.77071],[139.49151,35.77087],[139.49166,35.77126],[139.49158,35.77139],[139.49139,35.77146],[139.49107,35.77147],[139.49066,35.77141],[139.49047,35.77131],[139.49026,35.77102],[139.49,35.77086],[139.48885,35.77072],[139.48824,35.77043],[139.48778,35.77044],[139.48741,35.77055],[139.4872,35.77076],[139.48714,35.77117],[139.48702,35.77141],[139.48688,35.77152],[139.48658,35.77164],[139.48631,35.77198],[139.48592,35.77305],[139.48559,35.77352],[139.48531,35.77368],[139.4847,35.77374],[139.4845,35.77381],[139.48439,35.77393],[139.48436,35.77416],[139.48424,35.77432],[139.4841,35.77437],[139.48374,35.7744],[139.48355,35.77453],[139.48355,35.77469],[139.48362,35.7748],[139.4841,35.77516],[139.48429,35.77545],[139.48436,35.77588],[139.48434,35.77632],[139.48423,35.77657],[139.48394,35.77667],[139.48386,35.77674],[139.48373,35.77727],[139.48353,35.77752],[139.4831,35.77792],[139.48297,35.77824],[139.48314,35.77857],[139.48371,35.77921],[139.4839,35.77949],[139.48402,35.77978],[139.48409,35.78032],[139.48417,35.78052],[139.48433,35.78064],[139.48483,35.78075],[139.48487,35.78078],[139.48549,35.78071],[139.48588,35.78056],[139.48657,35.7801],[139.48807,35.77951],[139.48858,35.77939],[139.48868,35.77938],[139.48906,35.77991],[139.4897,35.78008],[139.48975,35.77984],[139.48961,35.77961],[139.48951,35.77955],[139.48915,35.77968],[139.48896,35.77947],[139.48899,35.77926],[139.48958,35.77915],[139.48975,35.77937],[139.49008,35.77936],[139.49008,35.77991],[139.48993,35.78025],[139.48974,35.78046],[139.49007,35.78083],[139.49038,35.7809],[139.49081,35.78061],[139.4909,35.78049],[139.49082,35.78016],[139.49106,35.78001],[139.49117,35.78002],[139.49147,35.7803],[139.49375,35.77958],[139.4938,35.77962],[139.49342,35.78046],[139.49349,35.7817],[139.49576,35.78167],[139.49598,35.7816],[139.49605,35.78144],[139.49612,35.78015],[139.49635,35.77922],[139.49665,35.77877],[139.49679,35.7787],[139.49692,35.77873],[139.4974,35.77954],[139.49803,35.78121],[139.49824,35.78134],[139.49855,35.78133],[139.49874,35.78147],[139.49891,35.78179],[139.49938,35.78217],[139.50039,35.78216],[139.50131,35.78242],[139.50374,35.78286],[139.50429,35.78307],[139.50439,35.78299],[139.50451,35.78271],[139.50456,35.78231],[139.50465,35.78219],[139.5048,35.78212],[139.50517,35.78207],[139.50532,35.782],[139.50574,35.78146],[139.50639,35.78116],[139.50654,35.78085],[139.50703,35.78089],[139.50726,35.78075],[139.50764,35.77976],[139.50775,35.77965],[139.50804,35.77959],[139.50813,35.77944],[139.50805,35.77923],[139.50758,35.77901],[139.50743,35.77873],[139.50741,35.77844],[139.5075,35.77789],[139.50759,35.7776],[139.50776,35.77733],[139.5079,35.77725],[139.50805,35.77724],[139.5084,35.77738],[139.50884,35.77777],[139.509,35.77814],[139.50924,35.77798],[139.50952,35.77765],[139.50962,35.77738],[139.50963,35.77706],[139.50949,35.7765],[139.50932,35.77615],[139.50909,35.77588],[139.50874,35.77566],[139.50787,35.77535],[139.50786,35.77578],[139.50778,35.776],[139.50763,35.77613],[139.50732,35.77622],[139.50685,35.77625],[139.50661,35.77621],[139.5065,35.7761],[139.50643,35.7759],[139.50631,35.77584],[139.50538,35.7758],[139.50537,35.77537]]],[[[139.57028,35.6364],[139.57044,35.63646],[139.57066,35.63646],[139.57094,35.63636],[139.57144,35.63609],[139.57175,35.63582],[139.57191,35.63551],[139.57195,35.63519],[139.57214,35.63494],[139.57238,35.63484],[139.57287,35.63473],[139.57315,35.63462],[139.57338,35.63447],[139.57355,35.63428],[139.57367,35.63405],[139.57373,35.63372],[139.57347,35.63301],[139.57347,35.63254],[139.57371,35.63182],[139.57399,35.63151],[139.57423,35.63147],[139.57472,35.63161],[139.57487,35.6316],[139.57496,35.63152],[139.57499,35.63129],[139.57511,35.63113],[139.57573,35.63101],[139.5759,35.63091],[139.57621,35.63062],[139.57648,35.6305],[139.57708,35.63041],[139.57808,35.63039],[139.57871,35.63033],[139.57899,35.63021],[139.5791,35.63008],[139.57916,35.62987],[139.57938,35.6298],[139.58003,35.62974],[139.58098,35.62972],[139.58162,35.62963],[139.58184,35.62951],[139.58191,35.62923],[139.58197,35.62916],[139.58207,35.62914],[139.58225,35.6292],[139.58238,35.62916],[139.58245,35.62883],[139.58254,35.62873],[139.5828,35.62869],[139.58316,35.62879],[139.58326,35.62897],[139.58323,35.62925],[139.58269,35.63029],[139.58253,35.63071],[139.58245,35.63112],[139.58241,35.6317],[139.58232,35.63201],[139.58206,35.63234],[139.58168,35.63253],[139.58138,35.63279],[139.58125,35.63302],[139.58103,35.63363],[139.58086,35.63384],[139.58054,35.63406],[139.58041,35.63441],[139.57993,35.63463],[139.57981,35.63474],[139.57976,35.63498],[139.57983,35.6353],[139.57982,35.63554],[139.57975,35.63565],[139.57956,35.63575],[139.57943,35.6359],[139.57933,35.63638],[139.57925,35.63646],[139.57891,35.63655],[139.57879,35.63695],[139.57862,35.6371],[139.5781,35.6373],[139.57733,35.63749],[139.57712,35.63758],[139.57678,35.63781],[139.57656,35.63812],[139.5763,35.63892],[139.57606,35.63909],[139.57578,35.63904],[139.57558,35.63909],[139.57552,35.63918],[139.57542,35.63959],[139.57495,35.6401],[139.57485,35.64029],[139.57487,35.64059],[139.57503,35.64092],[139.57506,35.64109],[139.575,35.64122],[139.57469,35.64137],[139.57465,35.64146],[139.57486,35.64165],[139.57533,35.64189],[139.57573,35.64205],[139.57608,35.64211],[139.57631,35.64204],[139.57653,35.64182],[139.57666,35.6418],[139.57696,35.64189],[139.57736,35.64211],[139.57777,35.64221],[139.57805,35.64219],[139.57846,35.64206],[139.57874,35.64205],[139.57915,35.6422],[139.57989,35.64271],[139.58007,35.64278],[139.58028,35.64279],[139.58041,35.64269],[139.58048,35.64234],[139.58057,35.64221],[139.58083,35.64206],[139.58131,35.64191],[139.58147,35.64178],[139.58155,35.64161],[139.58162,35.64114],[139.5817,35.64104],[139.58188,35.641],[139.58197,35.64091],[139.58197,35.64052],[139.58175,35.63963],[139.58147,35.63901],[139.58111,35.63867],[139.58103,35.63811],[139.58109,35.63783],[139.58125,35.63755],[139.58148,35.63727],[139.58196,35.63683],[139.58233,35.63628],[139.58248,35.63585],[139.58263,35.63512],[139.58281,35.63472],[139.58324,35.63428],[139.58399,35.63389],[139.58441,35.63351],[139.5846,35.6332],[139.5848,35.63261],[139.58481,35.63232],[139.58473,35.63206],[139.58482,35.632],[139.58515,35.63193],[139.5855,35.63161],[139.58565,35.63128],[139.58558,35.63086],[139.58567,35.63075],[139.58602,35.63065],[139.58677,35.6306],[139.5871,35.6305],[139.58737,35.63035],[139.58781,35.62996],[139.58805,35.62983],[139.5883,35.62976],[139.58881,35.62973],[139.58907,35.62964],[139.58921,35.62949],[139.58924,35.62935],[139.58884,35.62899],[139.58873,35.6285],[139.58861,35.62841],[139.58842,35.62839],[139.58829,35.62832],[139.58815,35.62799],[139.58774,35.6279],[139.58737,35.62758],[139.58723,35.62756],[139.58686,35.62762],[139.58674,35.62755],[139.58669,35.62739],[139.58676,35.62681],[139.58671,35.62649],[139.58658,35.62638],[139.5863,35.62635],[139.58611,35.62626],[139.58596,35.62584],[139.58565,35.62572],[139.58493,35.62567],[139.58458,35.62558],[139.5845,35.62546],[139.58454,35.62522],[139.58446,35.62509],[139.58411,35.62494],[139.58355,35.62483],[139.58316,35.62459],[139.58303,35.62434],[139.58294,35.62374],[139.58279,35.62355],[139.5824,35.62342],[139.58182,35.62347],[139.58156,35.62357],[139.58131,35.6238],[139.5808,35.62389],[139.58068,35.62396],[139.58062,35.62417],[139.58069,35.62455],[139.58064,35.62465],[139.58052,35.62468],[139.58004,35.62462],[139.57988,35.62466],[139.57966,35.6248],[139.57946,35.6252],[139.57938,35.62622],[139.57923,35.6267],[139.57895,35.62692],[139.57869,35.627],[139.57829,35.62705],[139.57813,35.62717],[139.57795,35.62754],[139.57781,35.62808],[139.57773,35.62822],[139.57751,35.62841],[139.57721,35.6285],[139.57645,35.62844],[139.57616,35.62846],[139.57593,35.62852],[139.57546,35.62878],[139.57479,35.62884],[139.5744,35.62894],[139.57421,35.62916],[139.57412,35.62965],[139.57395,35.6298],[139.57343,35.62993],[139.57245,35.62997],[139.57198,35.6301],[139.57182,35.63023],[139.57169,35.63045],[139.57156,35.63055],[139.5711,35.63063],[139.57083,35.63075],[139.57039,35.63129],[139.57025,35.63139],[139.57011,35.63142],[139.5699,35.63137],[139.56971,35.6314],[139.56938,35.63158],[139.56897,35.63188],[139.56867,35.63202],[139.56819,35.63209],[139.56757,35.63203],[139.56731,35.63207],[139.56722,35.63226],[139.56703,35.6324],[139.56631,35.63257],[139.56595,35.63271],[139.56579,35.63285],[139.56553,35.63326],[139.56486,35.63377],[139.56473,35.63393],[139.56477,35.63419],[139.56494,35.63436],[139.56523,35.63453],[139.5654,35.63457],[139.56562,35.63453],[139.56581,35.63438],[139.5659,35.6341],[139.56613,35.63406],[139.56656,35.63421],[139.56667,35.63435],[139.5667,35.63451],[139.56679,35.63459],[139.56705,35.63465],[139.56743,35.63467],[139.56764,35.63474],[139.5678,35.63487],[139.56791,35.63505],[139.56799,35.63527],[139.56821,35.63548],[139.56842,35.63555],[139.56889,35.6356],[139.56902,35.63567],[139.56906,35.63579],[139.569,35.63601],[139.56909,35.63614],[139.56993,35.63611],[139.57007,35.63617],[139.57028,35.6364]]],[[[139.59195,35.64253],[139.59212,35.64221],[139.59272,35.64133],[139.593,35.64074],[139.59323,35.64004],[139.59367,35.638],[139.59394,35.63739],[139.59409,35.63715],[139.59445,35.6368],[139.595,35.63646],[139.59523,35.63624],[139.59536,35.63601],[139.59541,35.63569],[139.59549,35.63553],[139.59565,35.63544],[139.59615,35.63537],[139.5964,35.63527],[139.59675,35.63495],[139.59708,35.63448],[139.59735,35.63419],[139.59786,35.63385],[139.59843,35.63357],[139.59867,35.63335],[139.59878,35.63309],[139.59878,35.63294],[139.59868,35.63261],[139.59842,35.63221],[139.59808,35.63197],[139.59769,35.63187],[139.59739,35.63188],[139.59726,35.63194],[139.59708,35.63213],[139.59698,35.63184],[139.59636,35.63156],[139.59627,35.63147],[139.59618,35.63123],[139.59566,35.63147],[139.59545,35.63149],[139.59494,35.63144],[139.59477,35.63154],[139.59468,35.63193],[139.59478,35.63296],[139.59469,35.63377],[139.59446,35.63427],[139.5942,35.63456],[139.59373,35.63488],[139.59342,35.63494],[139.59331,35.63507],[139.59321,35.63557],[139.59316,35.63676],[139.59296,35.63746],[139.59272,35.63775],[139.59188,35.63815],[139.59146,35.6387],[139.59102,35.63884],[139.59081,35.63931],[139.58985,35.64045],[139.58946,35.64113],[139.5893,35.6418],[139.58932,35.6424],[139.58942,35.64273],[139.58954,35.64282],[139.5897,35.64285],[139.58975,35.64292],[139.58964,35.64339],[139.58966,35.64348],[139.58972,35.64349],[139.58986,35.64342],[139.59004,35.6432],[139.59016,35.64316],[139.59039,35.6432],[139.59081,35.64338],[139.59117,35.64342],[139.59169,35.64334],[139.59191,35.64319],[139.59195,35.64306],[139.59189,35.64279],[139.59195,35.64253]]],[[[139.60239,35.64961],[139.60256,35.64973],[139.60274,35.64972],[139.6031,35.64956],[139.60358,35.6492],[139.60386,35.64889],[139.60406,35.64853],[139.60417,35.64813],[139.60427,35.64712],[139.60446,35.64671],[139.60481,35.6463],[139.6049,35.64601],[139.60492,35.64565],[139.60484,35.64475],[139.60486,35.64428],[139.60494,35.64379],[139.60514,35.64305],[139.60554,35.64223],[139.60624,35.64134],[139.6064,35.64092],[139.6065,35.64024],[139.60669,35.63987],[139.60698,35.63951],[139.60717,35.63901],[139.60725,35.63836],[139.6072,35.63754],[139.60707,35.63725],[139.60683,35.63719],[139.60675,35.63711],[139.6067,35.63684],[139.60676,35.63665],[139.60683,35.63657],[139.6072,35.6365],[139.60738,35.63635],[139.60751,35.63606],[139.60753,35.63579],[139.60741,35.63561],[139.60717,35.63547],[139.6071,35.6353],[139.60708,35.6349],[139.60716,35.63434],[139.60707,35.63385],[139.60678,35.63344],[139.6065,35.63324],[139.60621,35.6331],[139.60589,35.63303],[139.60556,35.63303],[139.60513,35.63315],[139.605,35.63328],[139.60498,35.63345],[139.60514,35.63377],[139.60519,35.63401],[139.60514,35.63412],[139.60491,35.6343],[139.60483,35.63448],[139.60478,35.6352],[139.6049,35.63573],[139.60514,35.63612],[139.60527,35.6365],[139.60532,35.637],[139.60528,35.63755],[139.60513,35.63798],[139.60457,35.63857],[139.60444,35.63892],[139.60423,35.63905],[139.60376,35.63919],[139.60361,35.63933],[139.60358,35.63968],[139.60374,35.64015],[139.60379,35.6405],[139.60374,35.64065],[139.60352,35.64079],[139.60347,35.64087],[139.60356,35.64122],[139.60319,35.64154],[139.60302,35.6423],[139.60283,35.64253],[139.60246,35.64279],[139.60228,35.64321],[139.60232,35.64382],[139.60245,35.64403],[139.60265,35.64418],[139.60214,35.64443],[139.60209,35.64452],[139.60216,35.64472],[139.60212,35.64478],[139.60131,35.64472],[139.60109,35.6448],[139.601,35.6449],[139.60099,35.64516],[139.60125,35.64558],[139.60138,35.64602],[139.60145,35.64715],[139.60153,35.64757],[139.60179,35.64806],[139.60216,35.64842],[139.60238,35.64876],[139.60242,35.64898],[139.60234,35.6494],[139.60239,35.64961]]],[[[139.61546,35.65161],[139.61556,35.65157],[139.61608,35.65181],[139.61629,35.65178],[139.61641,35.6517],[139.61646,35.65133],[139.61625,35.65014],[139.61628,35.64955],[139.61643,35.64929],[139.61693,35.64902],[139.61724,35.64877],[139.61747,35.64845],[139.61761,35.64816],[139.61824,35.64611],[139.61845,35.64569],[139.61865,35.64546],[139.61877,35.64517],[139.61907,35.64328],[139.61923,35.64278],[139.61935,35.64265],[139.61955,35.64261],[139.61965,35.64251],[139.62,35.64185],[139.6203,35.64162],[139.62056,35.6415],[139.62074,35.6413],[139.62077,35.64099],[139.62074,35.64079],[139.62057,35.64031],[139.62004,35.6394],[139.61969,35.63908],[139.61948,35.63904],[139.61925,35.63909],[139.61916,35.63915],[139.6191,35.63935],[139.61902,35.63944],[139.6185,35.63962],[139.61826,35.63981],[139.618,35.64045],[139.61781,35.64185],[139.61758,35.64268],[139.61737,35.64304],[139.61673,35.64359],[139.61664,35.64376],[139.61657,35.64416],[139.61621,35.64465],[139.61616,35.64507],[139.61623,35.64589],[139.61614,35.64638],[139.61597,35.64659],[139.61559,35.6468],[139.61525,35.64709],[139.61476,35.64798],[139.61456,35.64822],[139.61374,35.64874],[139.61359,35.64901],[139.61349,35.64955],[139.6133,35.64983],[139.6131,35.65],[139.61293,35.6502],[139.61282,35.65045],[139.61274,35.65106],[139.61287,35.6516],[139.61301,35.65178],[139.6132,35.65191],[139.61374,35.65206],[139.61468,35.6521],[139.61499,35.65204],[139.61521,35.65195],[139.61546,35.65161]]],[[[139.52789,35.64754],[139.52844,35.64749],[139.52871,35.6475],[139.52888,35.64756],[139.52907,35.64776],[139.5292,35.64782],[139.52946,35.64786],[139.52966,35.64785],[139.52989,35.64769],[139.53,35.6475],[139.53008,35.64723],[139.5301,35.64693],[139.53,35.64642],[139.52951,35.64522],[139.5294,35.64452],[139.52937,35.6438],[139.52928,35.64347],[139.52913,35.64328],[139.52903,35.64324],[139.52877,35.64326],[139.52817,35.64347],[139.52751,35.64386],[139.52717,35.6442],[139.52709,35.64442],[139.52731,35.64504],[139.52726,35.64521],[139.52708,35.64534],[139.52699,35.64571],[139.52705,35.64665],[139.52718,35.64709],[139.5274,35.64739],[139.52754,35.64748],[139.52789,35.64754]]],[[[139.56022,35.65911],[139.56044,35.65897],[139.56052,35.65884],[139.56051,35.65864],[139.5604,35.65855],[139.56016,35.65851],[139.56003,35.65832],[139.55998,35.65777],[139.56005,35.65747],[139.56031,35.65714],[139.56092,35.65685],[139.56128,35.65649],[139.56144,35.65615],[139.56171,35.65506],[139.56182,35.65488],[139.56207,35.65472],[139.56215,35.65462],[139.56222,35.65424],[139.56233,35.65399],[139.56288,35.65342],[139.56293,35.65328],[139.56287,35.65304],[139.56291,35.65289],[139.56318,35.65257],[139.56387,35.652],[139.5642,35.65199],[139.56428,35.65194],[139.56423,35.65178],[139.56402,35.65147],[139.56401,35.65136],[139.56436,35.65101],[139.56463,35.65019],[139.56476,35.64996],[139.56506,35.64977],[139.56545,35.64974],[139.56566,35.64967],[139.56582,35.64954],[139.56596,35.64925],[139.56607,35.64915],[139.56651,35.64899],[139.56724,35.6489],[139.57028,35.6488],[139.57082,35.6487],[139.57106,35.64857],[139.57103,35.6484],[139.5708,35.64811],[139.56995,35.64757],[139.5696,35.64726],[139.56952,35.64708],[139.56955,35.64672],[139.56944,35.64653],[139.56923,35.64632],[139.56875,35.646],[139.56835,35.64579],[139.56806,35.6457],[139.56776,35.64577],[139.56755,35.646],[139.56741,35.64608],[139.56685,35.64615],[139.5663,35.64604],[139.56545,35.64565],[139.56493,35.64561],[139.56414,35.64578],[139.56336,35.64613],[139.56305,35.64638],[139.56281,35.64667],[139.56266,35.64699],[139.56261,35.6473],[139.56271,35.64756],[139.56316,35.64792],[139.56342,35.64835],[139.56367,35.64916],[139.56368,35.64934],[139.56361,35.64961],[139.56341,35.64979],[139.56279,35.64996],[139.56254,35.65009],[139.56233,35.65026],[139.56218,35.65048],[139.56202,35.65084],[139.56191,35.65163],[139.56181,35.65184],[139.56148,35.65205],[139.56084,35.65223],[139.56042,35.65253],[139.56019,35.65281],[139.55988,35.6534],[139.55982,35.65361],[139.55989,35.65387],[139.55985,35.65395],[139.55972,35.654],[139.55922,35.65405],[139.55888,35.65417],[139.55849,35.65439],[139.55758,35.65504],[139.55737,35.65512],[139.55718,35.65514],[139.55701,35.65509],[139.55685,35.65499],[139.55659,35.65461],[139.55634,35.6538],[139.55624,35.65313],[139.55634,35.65215],[139.55632,35.65186],[139.55613,35.6516],[139.55577,35.65152],[139.55567,35.65145],[139.55561,35.65132],[139.55559,35.65103],[139.55567,35.65079],[139.55577,35.65079],[139.55597,35.65091],[139.55611,35.65084],[139.55631,35.65049],[139.55658,35.64946],[139.55661,35.6491],[139.55653,35.64852],[139.55655,35.64829],[139.5567,35.64803],[139.55697,35.64783],[139.55705,35.64763],[139.55697,35.6472],[139.55647,35.64604],[139.55646,35.64559],[139.55656,35.64538],[139.55688,35.64501],[139.55689,35.64479],[139.55682,35.64455],[139.55686,35.64443],[139.55708,35.64434],[139.55745,35.6443],[139.55755,35.64425],[139.55767,35.64408],[139.55771,35.64381],[139.55765,35.64326],[139.55766,35.64286],[139.55773,35.6427],[139.55792,35.64257],[139.55782,35.64248],[139.55736,35.64237],[139.5571,35.64225],[139.55687,35.64182],[139.55633,35.6415],[139.55602,35.64141],[139.55561,35.6414],[139.55525,35.6415],[139.55496,35.64168],[139.5548,35.64169],[139.55453,35.64154],[139.55404,35.64108],[139.55372,35.64094],[139.55349,35.64101],[139.55318,35.64131],[139.55279,35.64182],[139.55258,35.64224],[139.55242,35.64291],[139.55247,35.64387],[139.55238,35.64435],[139.55221,35.64451],[139.55174,35.64461],[139.55158,35.64491],[139.55162,35.64543],[139.5518,35.64597],[139.55192,35.64609],[139.55224,35.64619],[139.55232,35.64644],[139.55244,35.64665],[139.5534,35.64765],[139.55368,35.64801],[139.55386,35.64834],[139.55394,35.64864],[139.55393,35.64891],[139.55385,35.64917],[139.55376,35.64926],[139.55357,35.6493],[139.5535,35.64942],[139.55354,35.6507],[139.55347,35.65083],[139.55329,35.65086],[139.55324,35.65092],[139.55357,35.65151],[139.55365,35.65192],[139.55356,35.65238],[139.55328,35.65261],[139.55318,35.65279],[139.5531,35.65324],[139.55314,35.65422],[139.55322,35.65448],[139.55348,35.65486],[139.55336,35.65498],[139.55298,35.65514],[139.5528,35.65532],[139.55229,35.65629],[139.55215,35.65647],[139.55194,35.65661],[139.55182,35.65658],[139.55171,35.65644],[139.55151,35.65564],[139.55133,35.65517],[139.55088,35.65463],[139.55074,35.65432],[139.55062,35.65365],[139.55056,35.65247],[139.55044,35.65192],[139.55025,35.65142],[139.54988,35.65074],[139.54962,35.65016],[139.54948,35.64926],[139.54939,35.649],[139.54889,35.64831],[139.54873,35.64797],[139.5487,35.64763],[139.54875,35.64736],[139.54883,35.64723],[139.54917,35.64696],[139.54933,35.64617],[139.54953,35.64583],[139.5498,35.6455],[139.54992,35.64522],[139.54989,35.64508],[139.54968,35.64481],[139.54963,35.64463],[139.54972,35.64389],[139.5497,35.6437],[139.54963,35.64358],[139.54945,35.64347],[139.5494,35.64336],[139.54945,35.64311],[139.54962,35.6428],[139.54963,35.64263],[139.54945,35.64245],[139.54882,35.64223],[139.54873,35.64213],[139.5487,35.64198],[139.54854,35.64187],[139.54776,35.64178],[139.54754,35.64168],[139.54742,35.64153],[139.5473,35.64151],[139.54716,35.64155],[139.54656,35.64192],[139.54635,35.64196],[139.54594,35.64191],[139.54573,35.64192],[139.54553,35.64199],[139.5449,35.64237],[139.5447,35.64241],[139.54438,35.64237],[139.54419,35.64242],[139.54393,35.64275],[139.54357,35.64382],[139.54343,35.6441],[139.54329,35.64426],[139.54303,35.64432],[139.54292,35.6444],[139.54271,35.64475],[139.54257,35.64486],[139.54227,35.64496],[139.54189,35.64497],[139.54159,35.64504],[139.54145,35.64511],[139.54124,35.64534],[139.54085,35.64546],[139.54085,35.64563],[139.54108,35.64612],[139.54107,35.64627],[139.54097,35.64638],[139.5406,35.64654],[139.54045,35.64669],[139.54013,35.64749],[139.53996,35.64765],[139.53967,35.64773],[139.53959,35.64789],[139.53957,35.64812],[139.53948,35.64823],[139.53922,35.64833],[139.53865,35.64838],[139.53853,35.64844],[139.53845,35.64864],[139.53832,35.64874],[139.537,35.64906],[139.5367,35.64921],[139.53635,35.64952],[139.53598,35.6497],[139.53538,35.64982],[139.53406,35.6499],[139.53301,35.64989],[139.5319,35.64976],[139.53146,35.6496],[139.53109,35.64922],[139.53086,35.64911],[139.53058,35.64908],[139.52997,35.64913],[139.52977,35.64909],[139.52966,35.64899],[139.52963,35.64877],[139.52957,35.64867],[139.52945,35.64863],[139.52908,35.64868],[139.52885,35.64864],[139.52855,35.64825],[139.52839,35.64815],[139.52818,35.6481],[139.5278,35.6481],[139.52758,35.64815],[139.52736,35.64831],[139.52715,35.64863],[139.52698,35.64868],[139.52674,35.64862],[139.52663,35.6487],[139.52661,35.64891],[139.52666,35.64909],[139.52678,35.64929],[139.52709,35.64961],[139.52737,35.64982],[139.52786,35.65006],[139.52882,35.65028],[139.52921,35.65043],[139.52933,35.65056],[139.52945,35.65103],[139.5296,35.65122],[139.52976,35.65132],[139.53034,35.65145],[139.53183,35.65155],[139.5329,35.65184],[139.53338,35.65185],[139.53416,35.65178],[139.53439,35.65182],[139.53457,35.65191],[139.53482,35.65222],[139.53489,35.65261],[139.53495,35.65273],[139.53515,35.65283],[139.53545,35.65287],[139.53568,35.65301],[139.53605,35.65343],[139.53643,35.65406],[139.53655,35.65442],[139.53655,35.65472],[139.53644,35.65494],[139.53605,35.65536],[139.53597,35.6557],[139.53606,35.65589],[139.53627,35.65611],[139.53725,35.65678],[139.53754,35.6571],[139.53763,35.65726],[139.53768,35.65762],[139.53755,35.65819],[139.53756,35.65835],[139.53769,35.65862],[139.53798,35.65883],[139.53909,35.65918],[139.53924,35.6593],[139.53928,35.65946],[139.53937,35.65954],[139.53963,35.6596],[139.54001,35.65959],[139.54022,35.6595],[139.54038,35.65935],[139.54071,35.65859],[139.54083,35.6585],[139.54102,35.65847],[139.54112,35.65838],[139.5412,35.65812],[139.54126,35.65751],[139.54139,35.6573],[139.54158,35.6572],[139.54171,35.65705],[139.54176,35.65684],[139.54174,35.65668],[139.54163,35.65658],[139.54144,35.65654],[139.54069,35.65661],[139.54038,35.65656],[139.54005,35.65627],[139.53962,35.65616],[139.53925,35.65566],[139.5391,35.65558],[139.53872,35.65552],[139.53863,35.65546],[139.53843,35.65513],[139.53812,35.65386],[139.53783,35.65318],[139.53737,35.65235],[139.53728,35.65207],[139.53728,35.65189],[139.53759,35.65163],[139.53765,35.65126],[139.53777,35.6511],[139.53844,35.65097],[139.53878,35.65068],[139.53901,35.65067],[139.53931,35.65073],[139.53954,35.65069],[139.53994,35.65021],[139.54016,35.65007],[139.5409,35.64976],[139.54111,35.64951],[139.54107,35.64901],[139.54112,35.64888],[139.54124,35.64881],[139.54153,35.64877],[139.5418,35.64859],[139.54226,35.64775],[139.54243,35.64754],[139.54261,35.64739],[139.54307,35.64718],[139.5434,35.64693],[139.54502,35.64539],[139.54536,35.6452],[139.54554,35.64522],[139.54564,35.64531],[139.54572,35.6456],[139.54603,35.64582],[139.54608,35.64595],[139.54603,35.64624],[139.54585,35.64667],[139.5458,35.64725],[139.5459,35.64799],[139.5461,35.64874],[139.54631,35.64921],[139.54665,35.64951],[139.54666,35.6497],[139.54658,35.64995],[139.54663,35.65017],[139.54703,35.65049],[139.54723,35.65078],[139.5474,35.65192],[139.54766,35.65254],[139.54804,35.65322],[139.54823,35.65372],[139.54838,35.65456],[139.5484,35.65544],[139.54848,35.65605],[139.54857,35.65628],[139.54876,35.65642],[139.54885,35.65663],[139.54875,35.65734],[139.54877,35.6575],[139.54885,35.65758],[139.54916,35.65767],[139.54926,35.658],[139.54963,35.65829],[139.54974,35.65859],[139.54978,35.6592],[139.54993,35.65958],[139.55012,35.65976],[139.55038,35.65989],[139.55052,35.65991],[139.55079,35.65987],[139.55107,35.65969],[139.5518,35.6589],[139.55198,35.6588],[139.55237,35.65869],[139.55282,35.65871],[139.55385,35.65889],[139.55449,35.65883],[139.55476,35.65884],[139.55526,35.65897],[139.55585,35.65918],[139.55627,35.65922],[139.55647,35.65907],[139.55667,35.65852],[139.55669,35.65908],[139.55682,35.65926],[139.55705,35.65933],[139.55739,35.65933],[139.55809,35.65919],[139.55839,35.65906],[139.55863,35.65882],[139.55887,35.65876],[139.55935,35.6588],[139.56001,35.65913],[139.56022,35.65911]]],[[[139.56709,35.66366],[139.5674,35.66351],[139.56778,35.66317],[139.56793,35.66287],[139.56806,35.6622],[139.56816,35.66209],[139.56844,35.66192],[139.56859,35.66157],[139.56885,35.66145],[139.56946,35.66131],[139.56978,35.6611],[139.56989,35.66089],[139.56993,35.66047],[139.57013,35.65992],[139.57084,35.65874],[139.57106,35.65827],[139.57119,35.65762],[139.57115,35.65673],[139.57131,35.6564],[139.57168,35.65614],[139.57183,35.65598],[139.5722,35.65526],[139.57264,35.65511],[139.57278,35.65477],[139.57324,35.65466],[139.57371,35.65435],[139.574,35.65405],[139.57409,35.65374],[139.57425,35.65357],[139.57501,35.65318],[139.57513,35.65307],[139.5752,35.65286],[139.57526,35.6528],[139.57546,35.65279],[139.57574,35.65285],[139.57593,35.6528],[139.576,35.65271],[139.57605,35.6524],[139.57614,35.65228],[139.57664,35.65206],[139.57672,35.65198],[139.57674,35.65189],[139.57668,35.65172],[139.57677,35.65152],[139.57742,35.65104],[139.57766,35.65077],[139.57768,35.65065],[139.5776,35.6505],[139.57693,35.65018],[139.57631,35.64949],[139.57604,35.64941],[139.57564,35.64944],[139.57546,35.64935],[139.5753,35.64918],[139.57501,35.64869],[139.57475,35.64847],[139.57456,35.64842],[139.57436,35.64845],[139.57408,35.6487],[139.57355,35.64996],[139.57327,35.65027],[139.5729,35.65046],[139.57278,35.65064],[139.57267,35.65137],[139.57252,35.65167],[139.57207,35.65207],[139.57139,35.65244],[139.57119,35.65261],[139.57086,35.65303],[139.57061,35.65357],[139.57017,35.65514],[139.57003,35.65535],[139.5698,35.65543],[139.56975,35.6555],[139.56983,35.65585],[139.56982,35.65601],[139.56974,35.65606],[139.5695,35.6561],[139.56943,35.65618],[139.56936,35.65653],[139.56924,35.65675],[139.56867,35.65717],[139.56858,35.65728],[139.56851,35.65751],[139.56836,35.65762],[139.56791,35.65779],[139.56724,35.65796],[139.56679,35.65816],[139.56664,35.65831],[139.56653,35.65866],[139.56641,35.65874],[139.56605,35.65878],[139.56593,35.65885],[139.56588,35.65906],[139.56593,35.65938],[139.56577,35.65965],[139.5655,35.6598],[139.56494,35.65998],[139.56459,35.66022],[139.56451,35.66041],[139.56457,35.66085],[139.56455,35.66107],[139.56425,35.66178],[139.56426,35.66188],[139.56435,35.66192],[139.56448,35.66193],[139.56465,35.66203],[139.56486,35.66237],[139.56504,35.66253],[139.5655,35.66262],[139.56577,35.66277],[139.56615,35.66336],[139.56639,35.66362],[139.56658,35.66371],[139.56688,35.66372],[139.56709,35.66366]]],[[[139.52933,35.66035],[139.52856,35.65924],[139.52804,35.65869],[139.52749,35.65835],[139.52732,35.65817],[139.52723,35.65779],[139.5273,35.6573],[139.52728,35.65696],[139.52713,35.65645],[139.5267,35.65577],[139.52623,35.65526],[139.52546,35.65455],[139.52514,35.65404],[139.52478,35.653],[139.52444,35.65138],[139.52418,35.65082],[139.52386,35.65046],[139.52346,35.6503],[139.52289,35.65019],[139.52255,35.65017],[139.52198,35.65027],[139.5216,35.65048],[139.52127,35.65082],[139.52093,35.65134],[139.52081,35.65165],[139.52078,35.6519],[139.52069,35.652],[139.52043,35.65204],[139.52005,35.65198],[139.51975,35.65199],[139.51962,35.65205],[139.51938,35.65228],[139.51895,35.65234],[139.51879,35.65245],[139.51869,35.65287],[139.51875,35.65387],[139.51871,35.65433],[139.51858,35.6547],[139.51814,35.6552],[139.51813,35.65536],[139.51832,35.65546],[139.51849,35.65548],[139.51924,35.65551],[139.51983,35.65561],[139.5201,35.65572],[139.52034,35.65596],[139.52062,35.65612],[139.52125,35.6562],[139.52159,35.65632],[139.52177,35.65648],[139.52201,35.65679],[139.52225,35.65694],[139.52258,35.65704],[139.52362,35.65711],[139.52393,35.6572],[139.52396,35.65749],[139.52408,35.65757],[139.52457,35.65774],[139.52498,35.65817],[139.52526,35.65865],[139.52604,35.66033],[139.52626,35.66066],[139.52662,35.66104],[139.52667,35.66133],[139.52644,35.66185],[139.52642,35.662],[139.52647,35.66211],[139.52674,35.66229],[139.52683,35.66253],[139.52695,35.66261],[139.52741,35.66266],[139.52823,35.66261],[139.52893,35.66246],[139.5292,35.66231],[139.52932,35.66212],[139.52934,35.66182],[139.5294,35.66169],[139.5295,35.66162],[139.52974,35.66159],[139.52985,35.66151],[139.52987,35.66136],[139.52979,35.66115],[139.52933,35.66035]]],[[[139.57537,35.66746],[139.57543,35.66727],[139.57559,35.66717],[139.57617,35.66711],[139.57659,35.66695],[139.57761,35.66611],[139.57779,35.66602],[139.57809,35.66596],[139.57828,35.6656],[139.57918,35.66528],[139.57927,35.66519],[139.57937,35.66489],[139.57975,35.66463],[139.57989,35.66404],[139.58026,35.66358],[139.58021,35.66346],[139.58003,35.66337],[139.5799,35.66322],[139.57986,35.66284],[139.58002,35.66255],[139.58059,35.662],[139.58078,35.66172],[139.58094,35.66123],[139.58097,35.66067],[139.58104,35.6603],[139.58114,35.66018],[139.58134,35.66013],[139.58155,35.65994],[139.58206,35.65895],[139.58243,35.65851],[139.58285,35.65823],[139.58305,35.65816],[139.58345,35.6581],[139.5836,35.65796],[139.58372,35.65754],[139.58374,35.65692],[139.58382,35.65646],[139.58391,35.65628],[139.58414,35.65611],[139.58419,35.65598],[139.5841,35.65541],[139.58412,35.65529],[139.5842,35.65522],[139.58439,35.65519],[139.5846,35.65506],[139.58493,35.65457],[139.58498,35.65414],[139.58488,35.65361],[139.58465,35.65309],[139.58434,35.6528],[139.58395,35.65272],[139.58364,35.65281],[139.58352,35.65293],[139.58344,35.65334],[139.58325,35.65364],[139.58237,35.65421],[139.58195,35.65463],[139.58161,35.65518],[139.5814,35.65569],[139.58135,35.65607],[139.58142,35.65633],[139.58141,35.65652],[139.58106,35.6568],[139.58089,35.65743],[139.58024,35.65838],[139.58006,35.65892],[139.57993,35.65955],[139.57979,35.65985],[139.57961,35.66001],[139.5795,35.66005],[139.5791,35.66001],[139.57887,35.66006],[139.57859,35.6603],[139.57844,35.66056],[139.57831,35.66096],[139.57829,35.66133],[139.57836,35.66166],[139.57827,35.66194],[139.5781,35.66208],[139.57772,35.66226],[139.57738,35.6625],[139.57676,35.66324],[139.57576,35.66403],[139.57555,35.66437],[139.57559,35.66481],[139.57555,35.66498],[139.57533,35.66516],[139.57507,35.66522],[139.57485,35.66531],[139.57469,35.66544],[139.57461,35.66561],[139.57459,35.66583],[139.57467,35.66624],[139.575,35.66684],[139.57498,35.66697],[139.57475,35.6673],[139.57486,35.66742],[139.57522,35.6675],[139.57537,35.66746]]],[[[139.61915,35.66458],[139.61929,35.6646],[139.61966,35.66491],[139.62022,35.66509],[139.62049,35.66507],[139.62073,35.66495],[139.62096,35.66474],[139.62127,35.66427],[139.62146,35.66386],[139.62154,35.66354],[139.6215,35.6633],[139.62141,35.66315],[139.62099,35.66284],[139.62087,35.66267],[139.62082,35.66235],[139.62089,35.66185],[139.62079,35.66163],[139.62035,35.66155],[139.6202,35.66147],[139.61993,35.66106],[139.61977,35.66093],[139.61958,35.6609],[139.61943,35.66093],[139.61907,35.66112],[139.61878,35.66137],[139.61866,35.66156],[139.61861,35.66176],[139.61867,35.66219],[139.61863,35.66236],[139.61841,35.66254],[139.61816,35.6626],[139.61778,35.66279],[139.61769,35.66292],[139.61769,35.66316],[139.61787,35.6634],[139.61823,35.66355],[139.61837,35.66368],[139.61849,35.66397],[139.61854,35.66446],[139.61863,35.66459],[139.61877,35.66464],[139.61915,35.66458]]],[[[139.59436,35.66205],[139.59436,35.66228],[139.59421,35.66249],[139.59389,35.66257],[139.59327,35.66252],[139.59299,35.66257],[139.59266,35.6628],[139.59251,35.66306],[139.5923,35.6633],[139.59198,35.66348],[139.59155,35.66361],[139.5906,35.66375],[139.59029,35.66387],[139.5903,35.66397],[139.59048,35.66418],[139.59056,35.66436],[139.59069,35.66532],[139.591,35.66571],[139.59102,35.6658],[139.59069,35.6661],[139.59061,35.6664],[139.59059,35.66679],[139.59047,35.66712],[139.59033,35.66729],[139.58998,35.66753],[139.58989,35.66767],[139.58987,35.66782],[139.58995,35.6682],[139.58986,35.66835],[139.58964,35.66849],[139.58959,35.66859],[139.58967,35.66916],[139.58952,35.66958],[139.58913,35.67003],[139.58866,35.67025],[139.5885,35.67039],[139.5885,35.6706],[139.58867,35.67082],[139.58889,35.67089],[139.5892,35.6709],[139.58993,35.67079],[139.59024,35.67067],[139.59039,35.6704],[139.59059,35.67039],[139.59098,35.67046],[139.59115,35.67045],[139.59139,35.67034],[139.59163,35.67007],[139.59248,35.66857],[139.59282,35.6676],[139.59289,35.66699],[139.59272,35.66566],[139.59276,35.66535],[139.59291,35.66517],[139.59354,35.66506],[139.59363,35.66499],[139.59366,35.66483],[139.59375,35.66473],[139.59401,35.66462],[139.59439,35.66452],[139.59465,35.66438],[139.59474,35.66424],[139.59483,35.66385],[139.59495,35.66371],[139.59531,35.66346],[139.59543,35.66326],[139.59548,35.66283],[139.59543,35.66212],[139.59551,35.66187],[139.59568,35.66171],[139.59616,35.66157],[139.5964,35.66139],[139.59642,35.66128],[139.59634,35.66113],[139.59588,35.66093],[139.5958,35.66085],[139.59582,35.66076],[139.59623,35.66049],[139.59641,35.66027],[139.59637,35.66001],[139.59611,35.65983],[139.59566,35.65982],[139.59515,35.65993],[139.5946,35.66011],[139.59429,35.66032],[139.59412,35.66083],[139.59374,35.66109],[139.59366,35.66128],[139.5937,35.66145],[139.59379,35.66156],[139.59421,35.66184],[139.59436,35.66205]]],[[[139.60087,35.68434],[139.60132,35.68494],[139.60147,35.68523],[139.60158,35.68578],[139.60163,35.68662],[139.60178,35.68708],[139.60195,35.68731],[139.60225,35.68753],[139.60251,35.68766],[139.6028,35.68771],[139.60293,35.68784],[139.60314,35.68821],[139.60348,35.68904],[139.60369,35.68932],[139.60393,35.68948],[139.60398,35.68969],[139.60389,35.6901],[139.6039,35.69034],[139.60398,35.69045],[139.60417,35.69057],[139.60442,35.69081],[139.6049,35.69155],[139.60513,35.69223],[139.60522,35.69304],[139.60542,35.69342],[139.60578,35.69371],[139.6062,35.6939],[139.60661,35.69399],[139.60703,35.69398],[139.60748,35.69372],[139.60798,35.69322],[139.60838,35.69255],[139.60846,35.69213],[139.60837,35.69172],[139.60788,35.69087],[139.60763,35.69035],[139.60695,35.68853],[139.60665,35.6881],[139.60649,35.68794],[139.60611,35.68772],[139.60533,35.68744],[139.60521,35.68733],[139.60509,35.68706],[139.60481,35.687],[139.60469,35.68693],[139.60455,35.68672],[139.60435,35.68623],[139.60424,35.6861],[139.60395,35.6859],[139.60389,35.68569],[139.60398,35.68518],[139.60393,35.685],[139.60381,35.68485],[139.60338,35.68456],[139.60326,35.68434],[139.60334,35.68409],[139.60362,35.68393],[139.60367,35.68384],[139.60337,35.68364],[139.60327,35.68351],[139.60308,35.68299],[139.60306,35.6823],[139.60317,35.68117],[139.60312,35.68075],[139.60268,35.68029],[139.60217,35.67933],[139.6019,35.67914],[139.60151,35.6791],[139.60125,35.67902],[139.60075,35.67871],[139.60042,35.67868],[139.60035,35.67873],[139.60032,35.67883],[139.60041,35.67914],[139.6004,35.67942],[139.6002,35.67985],[139.60005,35.68037],[139.60005,35.68068],[139.60015,35.68116],[139.60033,35.68151],[139.60049,35.68165],[139.60077,35.68177],[139.60089,35.68202],[139.60086,35.68227],[139.60061,35.68307],[139.60062,35.68367],[139.60087,35.68434]]],[[[139.5812,35.7005],[139.58133,35.70056],[139.58146,35.70085],[139.58177,35.70097],[139.5825,35.70111],[139.58293,35.70129],[139.5831,35.70146],[139.5833,35.7019],[139.58346,35.70213],[139.5838,35.70247],[139.5841,35.70268],[139.58453,35.70283],[139.58508,35.70293],[139.58726,35.70305],[139.58759,35.70313],[139.588,35.70336],[139.58857,35.70345],[139.58873,35.70354],[139.58886,35.7037],[139.58895,35.70393],[139.58902,35.70431],[139.58899,35.70449],[139.58892,35.70462],[139.58874,35.70472],[139.58861,35.70487],[139.5885,35.7054],[139.58819,35.7058],[139.58814,35.70605],[139.58819,35.70664],[139.58839,35.70764],[139.58839,35.70806],[139.5883,35.70817],[139.58805,35.70821],[139.58791,35.70831],[139.58778,35.70853],[139.58771,35.70881],[139.58775,35.70898],[139.58784,35.70909],[139.58827,35.70939],[139.58841,35.70957],[139.5885,35.70981],[139.58856,35.7104],[139.58869,35.71049],[139.58893,35.71038],[139.58926,35.71008],[139.58991,35.70929],[139.59008,35.70888],[139.59003,35.70859],[139.59007,35.70835],[139.59029,35.70789],[139.59055,35.70751],[139.59077,35.7069],[139.59099,35.70547],[139.59104,35.7034],[139.59114,35.70214],[139.59135,35.70124],[139.59151,35.70091],[139.59169,35.70068],[139.5919,35.70054],[139.59281,35.70026],[139.59296,35.70015],[139.59308,35.69988],[139.59345,35.69981],[139.59381,35.69962],[139.59429,35.69916],[139.59445,35.69874],[139.59513,35.69825],[139.59568,35.69756],[139.59599,35.69735],[139.59672,35.69711],[139.59688,35.69699],[139.59711,35.69669],[139.59744,35.69661],[139.59797,35.6966],[139.59958,35.69678],[139.60065,35.69699],[139.60122,35.69714],[139.602,35.69742],[139.60231,35.69746],[139.60252,35.69716],[139.60286,35.69703],[139.60344,35.69695],[139.60452,35.69692],[139.60497,35.69683],[139.60512,35.69671],[139.60523,35.6963],[139.60562,35.69588],[139.60565,35.69571],[139.60543,35.69554],[139.60498,35.69537],[139.60281,35.69491],[139.60246,35.69494],[139.60218,35.6952],[139.60201,35.69528],[139.60119,35.69535],[139.60049,35.69527],[139.59966,35.69496],[139.59901,35.69489],[139.59874,35.69477],[139.59832,35.69431],[139.59765,35.69298],[139.5974,35.69261],[139.59718,35.69237],[139.59681,35.69221],[139.59672,35.69213],[139.59679,35.69168],[139.59657,35.69097],[139.59625,35.6904],[139.59578,35.68991],[139.59558,35.68962],[139.59546,35.68892],[139.59533,35.68874],[139.59509,35.68857],[139.59501,35.68842],[139.59494,35.6878],[139.59479,35.68741],[139.59448,35.68705],[139.59409,35.68676],[139.59378,35.68659],[139.59339,35.68648],[139.59331,35.68632],[139.59325,35.68597],[139.59318,35.6859],[139.593,35.68587],[139.5929,35.6858],[139.59285,35.68555],[139.59292,35.68496],[139.59279,35.68464],[139.59258,35.68453],[139.59174,35.68444],[139.59159,35.68436],[139.5914,35.68418],[139.59128,35.68414],[139.5906,35.68421],[139.59029,35.68413],[139.58996,35.68398],[139.58945,35.68387],[139.58876,35.68383],[139.58822,35.68386],[139.58778,35.68402],[139.58759,35.68414],[139.58727,35.68449],[139.58697,35.68519],[139.58689,35.68554],[139.58691,35.68576],[139.58704,35.68585],[139.58731,35.68588],[139.58743,35.68593],[139.58754,35.68616],[139.58771,35.68628],[139.58823,35.68645],[139.58922,35.68669],[139.58959,35.68682],[139.58986,35.68698],[139.59009,35.68721],[139.5903,35.68734],[139.5907,35.68732],[139.59086,35.68749],[139.59109,35.68809],[139.59128,35.68827],[139.59154,35.6884],[139.59215,35.68855],[139.59241,35.68872],[139.59255,35.68918],[139.59274,35.68938],[139.59317,35.68969],[139.59328,35.68991],[139.59337,35.69031],[139.59357,35.69051],[139.59385,35.6907],[139.59404,35.69099],[139.5942,35.69203],[139.59439,35.69238],[139.59478,35.69281],[139.59511,35.69366],[139.59525,35.69425],[139.59531,35.69476],[139.5952,35.69527],[139.595,35.69543],[139.59464,35.69554],[139.59449,35.69564],[139.5944,35.69578],[139.59436,35.69602],[139.59428,35.69619],[139.59402,35.69644],[139.59338,35.69692],[139.59329,35.69705],[139.59323,35.69728],[139.593,35.69757],[139.59252,35.69793],[139.59213,35.69803],[139.59198,35.69794],[139.59181,35.69772],[139.59131,35.69666],[139.59084,35.69612],[139.59045,35.69588],[139.58932,35.69552],[139.58917,35.69541],[139.58912,35.69524],[139.58901,35.69514],[139.58841,35.69503],[139.58823,35.69487],[139.58806,35.69458],[139.58793,35.69448],[139.58726,35.69435],[139.58684,35.69412],[139.58646,35.69373],[139.58628,35.6933],[139.58564,35.69282],[139.58545,35.69261],[139.58533,35.69238],[139.58525,35.69175],[139.58515,35.69154],[139.58479,35.69144],[139.58453,35.69118],[139.58439,35.69112],[139.58409,35.69111],[139.58371,35.69117],[139.58349,35.69113],[139.58346,35.69103],[139.58353,35.69062],[139.58344,35.69037],[139.58332,35.6902],[139.583,35.69],[139.58228,35.69003],[139.58217,35.68997],[139.58196,35.68974],[139.58153,35.68961],[139.58138,35.68936],[139.58117,35.68864],[139.58096,35.68838],[139.58068,35.68832],[139.58042,35.68838],[139.58024,35.68854],[139.58003,35.68889],[139.5798,35.68899],[139.57954,35.68892],[139.57945,35.68864],[139.57929,35.68851],[139.57902,35.68841],[139.57876,35.68841],[139.57863,35.68848],[139.57854,35.68861],[139.57849,35.68878],[139.5785,35.68893],[139.57859,35.68906],[139.57894,35.68931],[139.57917,35.68958],[139.57933,35.68994],[139.57937,35.6903],[139.57921,35.69046],[139.57874,35.69043],[139.57848,35.69054],[139.57839,35.69072],[139.57829,35.6915],[139.57806,35.69198],[139.57808,35.69213],[139.5783,35.69218],[139.57849,35.69217],[139.57999,35.69187],[139.58071,35.69178],[139.5812,35.69183],[139.58151,35.69195],[139.58167,35.69215],[139.58177,35.69261],[139.582,35.69286],[139.5824,35.69305],[139.58316,35.69323],[139.5834,35.69337],[139.58355,35.69359],[139.58364,35.6942],[139.58377,35.69447],[139.58416,35.69476],[139.58473,35.69495],[139.58511,35.69515],[139.58524,35.6953],[139.58528,35.69555],[139.5854,35.69574],[139.58589,35.69596],[139.58597,35.69604],[139.58591,35.69641],[139.58606,35.69664],[139.58641,35.69682],[139.5873,35.69692],[139.58758,35.69704],[139.58791,35.69741],[139.58806,35.69778],[139.58808,35.69797],[139.58798,35.69831],[139.58786,35.69847],[139.58747,35.69874],[139.5869,35.69898],[139.58604,35.69921],[139.5853,35.69928],[139.58436,35.69922],[139.584,35.69929],[139.58364,35.69947],[139.58317,35.69946],[139.58251,35.69934],[139.58194,35.69917],[139.58169,35.69905],[139.58145,35.69883],[139.58128,35.69876],[139.58046,35.69868],[139.58004,35.69875],[139.57963,35.69889],[139.57921,35.69913],[139.57814,35.69991],[139.57792,35.70001],[139.57776,35.70003],[139.57768,35.70005],[139.57798,35.70016],[139.5784,35.70014],[139.57876,35.70004],[139.57966,35.69967],[139.58003,35.69961],[139.58019,35.69962],[139.58043,35.69974],[139.58087,35.70038],[139.581,35.70047],[139.5812,35.7005]]],[[[139.57054,35.69974],[139.57108,35.70001],[139.57129,35.70005],[139.57151,35.69994],[139.57164,35.69964],[139.57182,35.69946],[139.57199,35.69943],[139.57228,35.69949],[139.57251,35.69948],[139.57281,35.69926],[139.57307,35.6993],[139.57372,35.69962],[139.57413,35.69966],[139.57506,35.69943],[139.57599,35.6995],[139.57742,35.69933],[139.57837,35.6991],[139.57863,35.69893],[139.5785,35.69862],[139.57807,35.6982],[139.5779,35.69796],[139.57772,35.6975],[139.57754,35.69675],[139.57738,35.69643],[139.57717,35.69615],[139.57655,35.69566],[139.57626,35.69554],[139.57596,35.69548],[139.57582,35.69516],[139.57533,35.6952],[139.57499,35.69489],[139.57443,35.69471],[139.57387,35.69471],[139.57332,35.69487],[139.57294,35.69509],[139.57275,35.69547],[139.57242,35.69553],[139.57265,35.69569],[139.57275,35.69583],[139.57283,35.6965],[139.5727,35.6969],[139.57238,35.69714],[139.5719,35.69723],[139.57154,35.69719],[139.57138,35.69709],[139.57117,35.69678],[139.57099,35.69666],[139.57057,35.69654],[139.57023,35.6965],[139.56991,35.69655],[139.5696,35.69668],[139.56917,35.69704],[139.56895,35.69734],[139.56879,35.69767],[139.5687,35.69803],[139.56869,35.6986],[139.56881,35.69909],[139.56915,35.69936],[139.56925,35.69978],[139.5694,35.69988],[139.56999,35.69972],[139.57027,35.6997],[139.57054,35.69974]]],[[[139.51291,35.70382],[139.51286,35.70448],[139.51294,35.70526],[139.5131,35.70586],[139.51331,35.70607],[139.51369,35.70605],[139.51392,35.70616],[139.51403,35.70634],[139.51419,35.70683],[139.5144,35.70707],[139.5146,35.70708],[139.51477,35.70699],[139.51509,35.70648],[139.51553,35.70616],[139.51567,35.70593],[139.51572,35.70525],[139.5155,35.70354],[139.51549,35.70307],[139.51554,35.70279],[139.51579,35.7026],[139.51594,35.70239],[139.51609,35.70187],[139.51604,35.70157],[139.51581,35.70121],[139.51568,35.70086],[139.51563,35.70042],[139.51566,35.69995],[139.51577,35.69962],[139.51606,35.69927],[139.51614,35.69911],[139.51622,35.69851],[139.51633,35.6983],[139.51651,35.69818],[139.51704,35.69811],[139.51799,35.69809],[139.51867,35.69813],[139.51911,35.69824],[139.51948,35.69843],[139.51968,35.69839],[139.52004,35.6982],[139.52056,35.69811],[139.52131,35.6981],[139.52206,35.69818],[139.52269,35.69839],[139.52323,35.69871],[139.52378,35.69895],[139.52477,35.69917],[139.5252,35.69932],[139.52537,35.69945],[139.52551,35.69969],[139.52573,35.69992],[139.52606,35.70011],[139.52636,35.70022],[139.52748,35.70043],[139.52878,35.70052],[139.52913,35.70044],[139.52921,35.70025],[139.5293,35.70019],[139.52964,35.70014],[139.52982,35.70019],[139.52997,35.70029],[139.53022,35.70075],[139.53044,35.70089],[139.531,35.70096],[139.53176,35.70093],[139.53211,35.70103],[139.53231,35.70126],[139.53236,35.70142],[139.53233,35.70184],[139.53222,35.70223],[139.53196,35.70265],[139.53172,35.70283],[139.53138,35.70298],[139.53128,35.70311],[139.53146,35.70325],[139.53155,35.70349],[139.53149,35.70447],[139.53164,35.70471],[139.53204,35.70491],[139.53209,35.70503],[139.53204,35.70543],[139.53225,35.70569],[139.53286,35.706],[139.53334,35.70603],[139.53364,35.70593],[139.53392,35.70573],[139.53413,35.7055],[139.53426,35.70525],[139.5343,35.70498],[139.53423,35.70458],[139.53424,35.70428],[139.53432,35.70416],[139.53454,35.704],[139.53459,35.70387],[139.5345,35.70321],[139.5346,35.70303],[139.53485,35.70285],[139.53487,35.70277],[139.53478,35.70242],[139.53511,35.70182],[139.53509,35.70171],[139.53487,35.70156],[139.53474,35.70132],[139.5347,35.70075],[139.53475,35.70037],[139.53488,35.70018],[139.53513,35.70013],[139.53524,35.70005],[139.53559,35.69955],[139.53591,35.69946],[139.53605,35.69936],[139.53633,35.69889],[139.53651,35.69836],[139.53659,35.69794],[139.53667,35.69638],[139.53677,35.69591],[139.53698,35.6957],[139.53724,35.69566],[139.53751,35.69573],[139.53786,35.69595],[139.53802,35.69598],[139.5382,35.69593],[139.53866,35.69557],[139.53882,35.69536],[139.53886,35.69518],[139.53877,35.69496],[139.53862,35.69479],[139.53846,35.69468],[139.53821,35.69462],[139.53768,35.69461],[139.53722,35.69466],[139.53668,35.6948],[139.5364,35.69505],[139.53629,35.69557],[139.53619,35.69564],[139.53595,35.69569],[139.53587,35.69576],[139.53579,35.69617],[139.53573,35.69627],[139.53535,35.69637],[139.53519,35.69669],[139.53471,35.69665],[139.53456,35.69671],[139.53447,35.69688],[139.5344,35.69746],[139.53422,35.69769],[139.53391,35.69784],[139.5337,35.69788],[139.53272,35.69792],[139.53226,35.698],[139.53188,35.69831],[139.53148,35.69839],[139.53134,35.69873],[139.53115,35.6988],[139.5309,35.69873],[139.5306,35.69835],[139.53027,35.69827],[139.52939,35.69827],[139.5275,35.69845],[139.52693,35.69841],[139.52646,35.69805],[139.52558,35.69764],[139.52519,35.69742],[139.52507,35.69729],[139.52499,35.69707],[139.52463,35.6971],[139.52437,35.69702],[139.524,35.69682],[139.52297,35.69614],[139.52214,35.69577],[139.52159,35.69564],[139.5208,35.6956],[139.52045,35.69553],[139.52024,35.6954],[139.5202,35.69532],[139.52023,35.69511],[139.52019,35.69501],[139.5199,35.69485],[139.51964,35.6948],[139.51842,35.69471],[139.51697,35.69472],[139.51635,35.69477],[139.516,35.69485],[139.51593,35.6949],[139.51591,35.695],[139.5158,35.69506],[139.51548,35.69507],[139.515,35.69501],[139.51464,35.69505],[139.51447,35.69518],[139.51427,35.6956],[139.51359,35.69619],[139.51341,35.69653],[139.5134,35.69669],[139.51349,35.69716],[139.51399,35.6983],[139.51364,35.69847],[139.51352,35.69864],[139.51337,35.69988],[139.5133,35.70008],[139.51311,35.70023],[139.51303,35.7004],[139.51303,35.70095],[139.51323,35.70215],[139.51328,35.70288],[139.51322,35.70321],[139.51291,35.70382]]],[[[139.55178,35.70898],[139.55208,35.70897],[139.55227,35.70888],[139.55259,35.7085],[139.55271,35.70822],[139.55274,35.70795],[139.55262,35.70758],[139.55235,35.70724],[139.55216,35.7069],[139.55209,35.70668],[139.55209,35.70635],[139.55221,35.70605],[139.55252,35.70583],[139.55254,35.70569],[139.55246,35.70552],[139.55252,35.70535],[139.55303,35.70494],[139.55309,35.7048],[139.55302,35.70447],[139.55307,35.70418],[139.55355,35.70351],[139.55371,35.70308],[139.55375,35.7026],[139.55367,35.70217],[139.55356,35.70196],[139.55329,35.70175],[139.55315,35.70156],[139.5531,35.7011],[139.55317,35.70067],[139.55338,35.69999],[139.55359,35.69957],[139.55391,35.69928],[139.55401,35.69894],[139.55404,35.69861],[139.55399,35.69807],[139.55379,35.69769],[139.55356,35.69753],[139.55306,35.69728],[139.55263,35.69689],[139.55245,35.6968],[139.55209,35.69684],[139.55161,35.6971],[139.55132,35.69748],[139.55109,35.69808],[139.55088,35.69937],[139.55081,35.70079],[139.55086,35.70168],[139.55096,35.70197],[139.55107,35.7021],[139.55108,35.70239],[139.55071,35.70316],[139.55059,35.70351],[139.55053,35.70407],[139.55059,35.70465],[139.55053,35.70501],[139.55024,35.7055],[139.54977,35.70592],[139.54945,35.70631],[139.54934,35.7066],[139.54931,35.70718],[139.54883,35.70773],[139.54882,35.70787],[139.54933,35.70781],[139.55069,35.70741],[139.55103,35.7077],[139.55113,35.70785],[139.55115,35.70807],[139.55106,35.70847],[139.55121,35.70873],[139.55151,35.70892],[139.55178,35.70898]]],[[[139.6095,35.70895],[139.60957,35.70859],[139.60963,35.7085],[139.60992,35.70841],[139.61013,35.70822],[139.61046,35.70752],[139.61051,35.70714],[139.61046,35.70695],[139.61029,35.70675],[139.61028,35.70643],[139.61078,35.70522],[139.61083,35.70478],[139.61076,35.70444],[139.61077,35.70417],[139.61103,35.70382],[139.61113,35.70358],[139.6113,35.70172],[139.6114,35.70141],[139.61169,35.70085],[139.61177,35.70048],[139.61175,35.7003],[139.61164,35.70008],[139.61117,35.69951],[139.61044,35.69887],[139.61024,35.69876],[139.60993,35.6987],[139.60981,35.6984],[139.60957,35.6983],[139.60929,35.6983],[139.60909,35.6984],[139.60903,35.69851],[139.60896,35.6989],[139.60865,35.69928],[139.60856,35.69951],[139.60858,35.69981],[139.6087,35.70011],[139.60885,35.70028],[139.6092,35.70038],[139.60928,35.70054],[139.60929,35.7007],[139.6092,35.70097],[139.60892,35.70116],[139.60884,35.70129],[139.60883,35.70159],[139.60891,35.7022],[139.60882,35.70314],[139.60848,35.70446],[139.60834,35.70476],[139.60808,35.705],[139.608,35.70516],[139.60799,35.70556],[139.60807,35.70638],[139.60798,35.7066],[139.60785,35.70663],[139.60775,35.70682],[139.6078,35.70729],[139.60799,35.70799],[139.60819,35.70846],[139.60833,35.70862],[139.60866,35.70873],[139.60872,35.70896],[139.60884,35.70906],[139.60907,35.70911],[139.60934,35.70908],[139.6095,35.70895]]],[[[139.56981,35.7087],[139.56998,35.70868],[139.57013,35.70859],[139.57037,35.70825],[139.57052,35.70769],[139.57061,35.70597],[139.57081,35.70479],[139.57105,35.70414],[139.57185,35.70277],[139.57196,35.70246],[139.57198,35.70211],[139.57186,35.70181],[139.5716,35.70168],[139.57131,35.70169],[139.57055,35.7019],[139.57019,35.70181],[139.56997,35.70165],[139.5697,35.70132],[139.56954,35.70102],[139.56947,35.70069],[139.56931,35.70081],[139.56904,35.70122],[139.56884,35.70172],[139.56887,35.70187],[139.56911,35.70204],[139.56926,35.70229],[139.56938,35.70267],[139.56938,35.70306],[139.56922,35.70337],[139.56882,35.7038],[139.56877,35.70405],[139.56884,35.70431],[139.56882,35.70448],[139.56873,35.70465],[139.56838,35.70499],[139.56824,35.70521],[139.56812,35.70563],[139.56805,35.70638],[139.56792,35.70667],[139.56779,35.7068],[139.56769,35.70703],[139.56774,35.70736],[139.56793,35.70775],[139.56818,35.70802],[139.56836,35.70811],[139.56882,35.70819],[139.569,35.70835],[139.56913,35.70858],[139.56929,35.70867],[139.56951,35.70872],[139.56981,35.7087]]],[[[139.60959,35.71775],[139.60898,35.71775],[139.60877,35.7178],[139.60858,35.71793],[139.6084,35.71815],[139.60824,35.71848],[139.60796,35.71948],[139.60795,35.71989],[139.60803,35.72029],[139.60794,35.72044],[139.60776,35.72054],[139.60767,35.72075],[139.60775,35.7218],[139.60744,35.72379],[139.60742,35.72417],[139.60748,35.72439],[139.60766,35.72446],[139.60779,35.72471],[139.60788,35.72608],[139.60801,35.72665],[139.60824,35.7273],[139.60829,35.72768],[139.60822,35.72796],[139.60809,35.72815],[139.60793,35.72825],[139.60774,35.72827],[139.60766,35.72834],[139.60765,35.72855],[139.60776,35.72912],[139.6077,35.72965],[139.60748,35.73022],[139.60717,35.73045],[139.60708,35.73058],[139.60699,35.73114],[139.60705,35.73136],[139.6072,35.7315],[139.60744,35.73155],[139.60809,35.73152],[139.60837,35.73161],[139.60862,35.73179],[139.60912,35.73235],[139.60937,35.73245],[139.60951,35.73242],[139.60966,35.73231],[139.60978,35.73201],[139.60991,35.7319],[139.61115,35.73145],[139.61139,35.73128],[139.61142,35.73112],[139.61149,35.73106],[139.61203,35.73109],[139.61214,35.73092],[139.61209,35.73056],[139.61196,35.73022],[139.61179,35.73001],[139.6116,35.72989],[139.61147,35.72955],[139.61134,35.728],[139.61115,35.7274],[139.61087,35.72685],[139.61073,35.72633],[139.61061,35.7253],[139.6106,35.72443],[139.61052,35.72305],[139.61042,35.72262],[139.61025,35.7222],[139.61022,35.72178],[139.61034,35.72086],[139.61067,35.71933],[139.61073,35.71879],[139.6107,35.71841],[139.61051,35.71812],[139.61011,35.71788],[139.60959,35.71775]]],[[[139.59519,35.72118],[139.59551,35.72127],[139.59564,35.72143],[139.59574,35.72224],[139.59581,35.72243],[139.59605,35.72272],[139.59615,35.72301],[139.59631,35.72511],[139.59642,35.72541],[139.59659,35.72553],[139.59669,35.72553],[139.59678,35.72565],[139.59684,35.72587],[139.59688,35.72722],[139.59673,35.72959],[139.59671,35.73111],[139.59684,35.73224],[139.59696,35.73267],[139.59713,35.733],[139.59733,35.73324],[139.59803,35.73361],[139.59845,35.73377],[139.59884,35.73386],[139.5995,35.73384],[139.59986,35.73372],[139.60043,35.73323],[139.60099,35.733],[139.60114,35.73283],[139.60118,35.73268],[139.6011,35.73241],[139.60091,35.73231],[139.60063,35.73229],[139.60043,35.73223],[139.6003,35.73192],[139.60018,35.73179],[139.59961,35.73138],[139.5994,35.73117],[139.59918,35.73081],[139.59904,35.73018],[139.59898,35.72886],[139.59904,35.72774],[139.59917,35.72731],[139.59945,35.72711],[139.59954,35.72686],[139.59941,35.7266],[139.59891,35.72609],[139.59873,35.72563],[139.59877,35.72497],[139.5989,35.72466],[139.59908,35.7244],[139.59913,35.72418],[139.59908,35.72405],[139.59885,35.72377],[139.59877,35.72353],[139.59873,35.72267],[139.59885,35.72223],[139.59897,35.72216],[139.59909,35.72214],[139.59917,35.72205],[139.59918,35.72179],[139.5991,35.72121],[139.59919,35.72105],[139.59944,35.72097],[139.5996,35.72072],[139.59974,35.72012],[139.59973,35.71977],[139.59965,35.71963],[139.59934,35.7194],[139.59921,35.71905],[139.59873,35.71884],[139.59849,35.71866],[139.5982,35.71811],[139.59794,35.71802],[139.59744,35.71817],[139.59718,35.71818],[139.5971,35.71809],[139.59699,35.71768],[139.59677,35.71752],[139.59646,35.7175],[139.59617,35.71754],[139.59526,35.71779],[139.59495,35.71801],[139.59479,35.71844],[139.5946,35.71853],[139.5944,35.71854],[139.59417,35.71861],[139.59408,35.7187],[139.59404,35.71892],[139.59408,35.71909],[139.59423,35.71935],[139.59471,35.71985],[139.59476,35.72011],[139.59468,35.72042],[139.59473,35.72059],[139.59508,35.72085],[139.59519,35.72118]]],[[[139.58325,35.72611],[139.58375,35.72693],[139.58396,35.72714],[139.5841,35.72721],[139.58418,35.7274],[139.58418,35.72799],[139.58397,35.72929],[139.58392,35.73007],[139.58397,35.73042],[139.58415,35.73073],[139.58428,35.73121],[139.58437,35.73265],[139.58449,35.73299],[139.58468,35.73321],[139.58507,35.73332],[139.58541,35.73331],[139.58567,35.7332],[139.58585,35.73302],[139.58595,35.73281],[139.58603,35.7324],[139.58616,35.73236],[139.58643,35.7324],[139.58657,35.73234],[139.58678,35.7321],[139.5869,35.73186],[139.58695,35.73153],[139.58694,35.73111],[139.58673,35.73007],[139.58668,35.72938],[139.58674,35.72901],[139.5869,35.72858],[139.58694,35.72837],[139.58682,35.72816],[139.58635,35.72794],[139.58626,35.72768],[139.58617,35.72759],[139.58565,35.72741],[139.58553,35.72732],[139.58534,35.72695],[139.58527,35.72667],[139.58517,35.72544],[139.58526,35.72366],[139.58545,35.72295],[139.58555,35.72283],[139.58582,35.72266],[139.58597,35.72244],[139.58601,35.72229],[139.58599,35.72206],[139.58588,35.72194],[139.58564,35.72189],[139.58551,35.7218],[139.58541,35.72131],[139.58528,35.72117],[139.58496,35.72095],[139.58484,35.7206],[139.58421,35.72032],[139.5841,35.72018],[139.58407,35.72003],[139.58398,35.71999],[139.58346,35.72013],[139.58325,35.72037],[139.58318,35.72055],[139.58308,35.72135],[139.58315,35.72245],[139.58313,35.72301],[139.58297,35.7235],[139.58278,35.7236],[139.5826,35.72375],[139.58258,35.7239],[139.58283,35.72452],[139.58278,35.72459],[139.58254,35.72466],[139.58246,35.72478],[139.58241,35.7251],[139.58245,35.72548],[139.5826,35.72573],[139.58298,35.7259],[139.58325,35.72611]]],[[[139.54559,35.73489],[139.54577,35.73487],[139.54587,35.73478],[139.54592,35.73457],[139.54607,35.73434],[139.54675,35.73367],[139.54696,35.73321],[139.54701,35.73265],[139.54696,35.73221],[139.54683,35.73198],[139.54659,35.73193],[139.54651,35.73185],[139.54648,35.7315],[139.54657,35.73139],[139.54672,35.73132],[139.54731,35.73123],[139.54747,35.73111],[139.54755,35.73092],[139.54757,35.73065],[139.5475,35.73025],[139.5473,35.72988],[139.54688,35.72931],[139.54676,35.72897],[139.54675,35.72875],[139.54692,35.7283],[139.54766,35.72751],[139.54775,35.72717],[139.54769,35.72685],[139.5477,35.72664],[139.54777,35.72657],[139.54796,35.72652],[139.54809,35.72624],[139.54814,35.72541],[139.54809,35.72482],[139.54797,35.72448],[139.54768,35.72429],[139.5476,35.72405],[139.54773,35.72382],[139.54806,35.7236],[139.54825,35.72339],[139.54839,35.72306],[139.54851,35.72259],[139.54861,35.72173],[139.5486,35.72108],[139.54847,35.72072],[139.54828,35.7206],[139.54812,35.7206],[139.54796,35.72077],[139.54774,35.72084],[139.547,35.72078],[139.54664,35.72086],[139.54631,35.72107],[139.54603,35.72144],[139.54587,35.72221],[139.54515,35.72326],[139.54493,35.72394],[139.54494,35.72436],[139.5452,35.72509],[139.54528,35.72574],[139.54526,35.7266],[139.54511,35.72753],[139.54485,35.72821],[139.54409,35.72908],[139.544,35.72931],[139.54393,35.72981],[139.5438,35.72998],[139.54367,35.73005],[139.54358,35.73016],[139.54357,35.73034],[139.54389,35.73148],[139.544,35.73309],[139.54415,35.73372],[139.54449,35.7341],[139.54469,35.7342],[139.54496,35.73424],[139.54506,35.73431],[139.54541,35.73482],[139.54559,35.73489]]],[[[139.5685,35.72721],[139.56876,35.72736],[139.56885,35.7275],[139.56891,35.72785],[139.56904,35.72794],[139.56923,35.72798],[139.56879,35.72821],[139.56868,35.72833],[139.56853,35.72876],[139.5685,35.72907],[139.5685,35.72988],[139.56875,35.7327],[139.56869,35.73367],[139.56842,35.73431],[139.56765,35.73525],[139.56757,35.73544],[139.56758,35.73558],[139.5677,35.73571],[139.56783,35.73573],[139.56859,35.73546],[139.56949,35.73539],[139.57011,35.73546],[139.57028,35.73554],[139.57043,35.73569],[139.57068,35.73577],[139.5711,35.73575],[139.57159,35.73565],[139.57213,35.73548],[139.57243,35.73531],[139.57267,35.73504],[139.57271,35.73479],[139.57262,35.73456],[139.57222,35.73445],[139.572,35.73424],[139.57195,35.73395],[139.57206,35.73343],[139.57204,35.7332],[139.57189,35.73286],[139.57161,35.73252],[139.57146,35.73226],[139.57135,35.73181],[139.57129,35.73108],[139.57121,35.7309],[139.57097,35.73069],[139.5709,35.73042],[139.57089,35.7297],[139.571,35.72806],[139.57095,35.72714],[139.57074,35.72647],[139.57034,35.72608],[139.57025,35.72566],[139.57034,35.72485],[139.57061,35.72381],[139.57059,35.72329],[139.57044,35.72303],[139.56977,35.72251],[139.5694,35.72196],[139.56907,35.72177],[139.56879,35.72174],[139.56858,35.72187],[139.56841,35.72225],[139.56822,35.72246],[139.56806,35.72253],[139.56777,35.72256],[139.56758,35.72268],[139.56751,35.72284],[139.56744,35.72337],[139.56718,35.72382],[139.56703,35.72423],[139.56706,35.72461],[139.56719,35.725],[139.56732,35.72521],[139.56776,35.72557],[139.56788,35.72575],[139.56794,35.72599],[139.56787,35.72661],[139.56791,35.72686],[139.56813,35.7271],[139.5685,35.72721]]],[[[139.55691,35.72646],[139.55697,35.72657],[139.55693,35.72692],[139.55685,35.72699],[139.55661,35.72706],[139.55651,35.72722],[139.55644,35.72769],[139.55643,35.72839],[139.55655,35.72901],[139.55686,35.72933],[139.55688,35.72948],[139.55679,35.73008],[139.55688,35.73031],[139.5571,35.73058],[139.55715,35.73087],[139.55705,35.73139],[139.55691,35.73165],[139.55679,35.73174],[139.55646,35.73183],[139.55636,35.73216],[139.55604,35.73237],[139.55595,35.73248],[139.55604,35.73285],[139.55576,35.73323],[139.55563,35.73371],[139.55557,35.73452],[139.55559,35.73517],[139.55578,35.73596],[139.55602,35.73636],[139.55634,35.73667],[139.55678,35.73699],[139.55711,35.73715],[139.55726,35.73717],[139.55766,35.73699],[139.55875,35.73624],[139.55914,35.73614],[139.55957,35.73617],[139.55993,35.736],[139.56034,35.73564],[139.56056,35.73534],[139.56072,35.73501],[139.56081,35.73465],[139.5608,35.73409],[139.56061,35.73372],[139.56037,35.73359],[139.5599,35.73354],[139.55969,35.7334],[139.55962,35.73329],[139.55956,35.73298],[139.55962,35.73236],[139.55957,35.73193],[139.55945,35.73179],[139.55918,35.73173],[139.55908,35.73157],[139.5591,35.7311],[139.55927,35.7304],[139.55932,35.72989],[139.55927,35.72969],[139.55915,35.72961],[139.55905,35.72945],[139.559,35.72914],[139.55909,35.72784],[139.55908,35.72719],[139.55901,35.72692],[139.55883,35.72671],[139.55874,35.72648],[139.55876,35.72619],[139.55893,35.72582],[139.5591,35.72569],[139.55934,35.72564],[139.55942,35.72554],[139.55949,35.72507],[139.55958,35.7249],[139.55984,35.72472],[139.56021,35.7246],[139.56036,35.72444],[139.56039,35.72404],[139.56013,35.72298],[139.56014,35.72271],[139.56025,35.72217],[139.56019,35.72188],[139.56005,35.72173],[139.55989,35.72167],[139.55928,35.72161],[139.55887,35.72145],[139.55804,35.72076],[139.55763,35.72055],[139.55721,35.72049],[139.55674,35.72056],[139.55649,35.72069],[139.55629,35.72089],[139.55583,35.72196],[139.55572,35.72205],[139.55553,35.72208],[139.55545,35.72217],[139.55543,35.72233],[139.55552,35.72304],[139.55543,35.72325],[139.5553,35.72332],[139.5552,35.72341],[139.55515,35.72354],[139.55521,35.72392],[139.55544,35.7243],[139.55589,35.72465],[139.55603,35.72485],[139.55612,35.72512],[139.55623,35.7261],[139.55643,35.72632],[139.55679,35.72638],[139.55691,35.72646]]],[[[139.59415,35.74324],[139.59443,35.74353],[139.59451,35.7437],[139.59446,35.74396],[139.59416,35.74416],[139.59415,35.74424],[139.59425,35.74433],[139.59469,35.74455],[139.59488,35.74482],[139.59487,35.74505],[139.5947,35.74544],[139.59465,35.74574],[139.5947,35.74587],[139.59488,35.74597],[139.59497,35.74612],[139.59489,35.7465],[139.59494,35.74675],[139.59534,35.74719],[139.59553,35.74757],[139.59562,35.74846],[139.59571,35.74878],[139.59597,35.74916],[139.59661,35.74965],[139.59676,35.75003],[139.59717,35.75016],[139.59725,35.75032],[139.59731,35.75071],[139.5975,35.75097],[139.59798,35.75126],[139.59828,35.75135],[139.59847,35.75135],[139.59865,35.75125],[139.59881,35.75108],[139.599,35.75069],[139.59903,35.75048],[139.59891,35.75027],[139.59864,35.75016],[139.59844,35.75001],[139.59829,35.74953],[139.59817,35.74945],[139.59782,35.74939],[139.59775,35.74925],[139.59783,35.74883],[139.59815,35.74803],[139.59821,35.74765],[139.59813,35.74752],[139.59794,35.7474],[139.59783,35.74727],[139.59767,35.74689],[139.59757,35.74629],[139.5975,35.74495],[139.59737,35.74464],[139.59711,35.74443],[139.59709,35.74431],[139.59717,35.74399],[139.59711,35.74379],[139.59682,35.74343],[139.59603,35.74269],[139.59584,35.74231],[139.59558,35.74223],[139.59486,35.74217],[139.59469,35.7421],[139.59463,35.74198],[139.59469,35.74175],[139.59464,35.74156],[139.59405,35.74125],[139.59389,35.74088],[139.59351,35.7406],[139.59327,35.74053],[139.59318,35.74058],[139.59314,35.74069],[139.59317,35.74093],[139.59327,35.7411],[139.59358,35.74131],[139.59359,35.74145],[139.59351,35.7417],[139.59388,35.74205],[139.59405,35.74307],[139.59415,35.74324]]],[[[139.57642,35.74803],[139.57617,35.7482],[139.57609,35.74838],[139.57608,35.74884],[139.57615,35.74946],[139.57611,35.74977],[139.57605,35.74988],[139.57589,35.75002],[139.57542,35.75007],[139.57529,35.75012],[139.57525,35.7502],[139.57543,35.75043],[139.57589,35.75057],[139.57597,35.75073],[139.57602,35.75112],[139.57633,35.7515],[139.57636,35.75167],[139.5763,35.75187],[139.57591,35.7525],[139.57586,35.75276],[139.57619,35.75303],[139.57629,35.75336],[139.57661,35.75346],[139.57671,35.75356],[139.57677,35.75375],[139.57683,35.75446],[139.57692,35.75462],[139.57706,35.75469],[139.57735,35.75462],[139.57754,35.75441],[139.5777,35.75355],[139.5779,35.75323],[139.57826,35.75287],[139.57844,35.7524],[139.57845,35.75201],[139.57837,35.75174],[139.57828,35.75165],[139.57802,35.7516],[139.57787,35.75148],[139.57775,35.75125],[139.57775,35.75104],[139.57791,35.75089],[139.57829,35.75075],[139.57863,35.75052],[139.57883,35.75025],[139.57888,35.74995],[139.57883,35.74933],[139.57856,35.74807],[139.57847,35.7473],[139.57856,35.74695],[139.57885,35.74673],[139.57898,35.74649],[139.57903,35.74609],[139.579,35.74563],[139.57885,35.74527],[139.57872,35.7452],[139.57857,35.7452],[139.57831,35.74532],[139.57784,35.74575],[139.57773,35.74578],[139.57766,35.74569],[139.57765,35.74538],[139.57777,35.7448],[139.57783,35.74465],[139.57782,35.74449],[139.57769,35.74442],[139.57747,35.74446],[139.57701,35.74482],[139.57675,35.74519],[139.57665,35.74565],[139.57675,35.74676],[139.57672,35.74724],[139.57653,35.74787],[139.57642,35.74803]]],[[[139.53617,35.75088],[139.53581,35.75073],[139.53514,35.75057],[139.53479,35.75054],[139.53454,35.75059],[139.53439,35.7507],[139.53422,35.75098],[139.53405,35.75107],[139.53387,35.7511],[139.53382,35.75119],[139.53392,35.75158],[139.5343,35.75221],[139.53459,35.75251],[139.53489,35.75273],[139.53514,35.75286],[139.53555,35.75295],[139.53582,35.75335],[139.53602,35.75348],[139.53651,35.75363],[139.53697,35.7537],[139.53735,35.75367],[139.53749,35.75361],[139.53766,35.75342],[139.5377,35.75327],[139.53759,35.75257],[139.53739,35.75196],[139.53721,35.75181],[139.53689,35.75175],[139.53678,35.75168],[139.5365,35.75115],[139.53617,35.75088]]],[[[139.5397,35.75774],[139.53981,35.75785],[139.54007,35.75832],[139.54032,35.75856],[139.54064,35.75872],[139.54113,35.75878],[139.54131,35.75885],[139.54156,35.75906],[139.54179,35.75937],[139.54219,35.75958],[139.54257,35.75965],[139.54324,35.75965],[139.54357,35.75958],[139.54379,35.75946],[139.54388,35.75928],[139.54384,35.75898],[139.54368,35.75881],[139.54332,35.75875],[139.54318,35.75866],[139.54306,35.7584],[139.54301,35.7579],[139.54292,35.75774],[139.54278,35.75766],[139.54239,35.75758],[139.54222,35.75746],[139.54184,35.75688],[139.54155,35.75658],[139.54132,35.75645],[139.54083,35.7563],[139.54067,35.7562],[139.54059,35.75606],[139.54052,35.75571],[139.54044,35.75564],[139.5402,35.75559],[139.54008,35.75552],[139.53981,35.75499],[139.53956,35.75472],[139.53897,35.75445],[139.5387,35.75441],[139.53854,35.75447],[139.53848,35.75462],[139.53854,35.75522],[139.53845,35.75543],[139.53833,35.7555],[139.53814,35.75565],[139.53809,35.7559],[139.53821,35.75603],[139.53857,35.75611],[139.53872,35.75627],[139.53887,35.75671],[139.53892,35.75733],[139.53898,35.75749],[139.53918,35.75762],[139.53947,35.75764],[139.5397,35.75774]]],[[[139.5236,35.76447],[139.52373,35.76424],[139.52393,35.7642],[139.5243,35.76425],[139.52456,35.7644],[139.5246,35.76455],[139.52442,35.76497],[139.52441,35.76524],[139.5245,35.76539],[139.52492,35.7657],[139.52504,35.76592],[139.5251,35.7663],[139.52546,35.76663],[139.52551,35.76697],[139.52544,35.76767],[139.52552,35.76792],[139.52572,35.76806],[139.52643,35.76807],[139.52672,35.76819],[139.52674,35.76822],[139.52705,35.76826],[139.52727,35.76781],[139.52806,35.76796],[139.52862,35.76822],[139.5303,35.76835],[139.53073,35.76854],[139.53073,35.76826],[139.53061,35.76804],[139.53031,35.76785],[139.52981,35.76768],[139.52871,35.76749],[139.52801,35.76731],[139.52748,35.76705],[139.52729,35.76689],[139.52702,35.7665],[139.5268,35.7659],[139.52663,35.76562],[139.52645,35.76544],[139.52605,35.76525],[139.52588,35.76507],[139.52532,35.76405],[139.52498,35.7637],[139.52448,35.76333],[139.52429,35.76311],[139.52399,35.76236],[139.52378,35.76215],[139.52349,35.7621],[139.52323,35.76216],[139.5231,35.76225],[139.52279,35.76269],[139.52249,35.76283],[139.52223,35.7629],[139.52202,35.76302],[139.52194,35.76311],[139.52185,35.76351],[139.52195,35.76405],[139.52213,35.76433],[139.52225,35.76443],[139.52256,35.76455],[139.52274,35.76457],[139.52329,35.76455],[139.5236,35.76447]]],[[[139.71648,35.54143],[139.71638,35.54176],[139.71594,35.54189],[139.71572,35.54221],[139.71556,35.54236],[139.7151,35.54252],[139.7139,35.5427],[139.71343,35.54282],[139.71306,35.54313],[139.71265,35.54324],[139.71258,35.5434],[139.71252,35.54372],[139.71223,35.54344],[139.71191,35.54341],[139.71157,35.54356],[139.71094,35.54399],[139.71005,35.54429],[139.7098,35.5445],[139.70961,35.54491],[139.70943,35.54515],[139.70886,35.54543],[139.70881,35.54557],[139.70886,35.54573],[139.7087,35.54587],[139.70758,35.54611],[139.70735,35.54624],[139.70729,35.5464],[139.70712,35.54648],[139.70681,35.54653],[139.70562,35.54658],[139.70516,35.54671],[139.70476,35.54716],[139.70393,35.54755],[139.70375,35.54777],[139.70372,35.54808],[139.70375,35.54826],[139.70406,35.5489],[139.70442,35.54926],[139.70464,35.54941],[139.70518,35.54967],[139.70584,35.54986],[139.7064,35.54997],[139.70678,35.54999],[139.707,35.54992],[139.70715,35.5495],[139.70767,35.54897],[139.70835,35.54856],[139.70945,35.54811],[139.70983,35.54791],[139.71012,35.54767],[139.71049,35.54712],[139.71097,35.54664],[139.71172,35.54609],[139.71234,35.54571],[139.71299,35.54539],[139.71365,35.54512],[139.71525,35.54466],[139.7157,35.54449],[139.71601,35.54432],[139.71647,35.54392],[139.71703,35.54366],[139.71776,35.54345],[139.71812,35.54341],[139.71835,35.54348],[139.71855,35.5437],[139.71862,35.5437],[139.71894,35.54312],[139.71918,35.54305],[139.71947,35.54309],[139.71961,35.54302],[139.7197,35.54286],[139.71974,35.54259],[139.71972,35.54227],[139.71964,35.542],[139.71933,35.54168],[139.71864,35.54138],[139.71946,35.54138],[139.71941,35.541],[139.71892,35.54086],[139.71871,35.54062],[139.71855,35.54053],[139.71786,35.54035],[139.71757,35.54035],[139.71735,35.54041],[139.71719,35.54055],[139.71692,35.5411],[139.71648,35.54143]]],[[[139.68032,35.56978],[139.68017,35.56953],[139.67998,35.56883],[139.67954,35.56898],[139.6794,35.56896],[139.67919,35.56886],[139.67897,35.56859],[139.67886,35.56798],[139.67862,35.56764],[139.67795,35.56719],[139.67774,35.56715],[139.67753,35.56719],[139.67731,35.5673],[139.67708,35.56748],[139.67685,35.56774],[139.67638,35.56847],[139.6758,35.56975],[139.67565,35.57034],[139.67568,35.57071],[139.67577,35.57082],[139.67633,35.57099],[139.6766,35.571],[139.67716,35.57094],[139.67761,35.57105],[139.67793,35.57123],[139.67883,35.57188],[139.67937,35.57205],[139.67962,35.57244],[139.6798,35.5726],[139.68026,35.57267],[139.68049,35.57277],[139.68086,35.57327],[139.68137,35.57344],[139.68236,35.57431],[139.68309,35.57471],[139.68321,35.57492],[139.68328,35.57538],[139.68327,35.57576],[139.68315,35.57616],[139.68301,35.57632],[139.68258,35.57652],[139.68249,35.57664],[139.68241,35.57696],[139.68222,35.57713],[139.68164,35.57738],[139.68078,35.57763],[139.6802,35.57785],[139.68001,35.57798],[139.67984,35.57829],[139.67919,35.57867],[139.67901,35.57872],[139.67865,35.57871],[139.67846,35.57866],[139.67807,35.57844],[139.677,35.57754],[139.67678,35.57741],[139.67639,35.57732],[139.67592,35.57701],[139.67563,35.57663],[139.67554,35.5761],[139.67543,35.57582],[139.67529,35.57567],[139.67486,35.57539],[139.67463,35.57496],[139.67411,35.57478],[139.67384,35.57486],[139.67342,35.57532],[139.67301,35.5762],[139.67287,35.57678],[139.67287,35.57702],[139.67302,35.57741],[139.67336,35.57768],[139.67381,35.57785],[139.67423,35.5781],[139.67433,35.57827],[139.67428,35.57859],[139.67438,35.57876],[139.67505,35.57908],[139.67583,35.57978],[139.67632,35.57993],[139.67669,35.58044],[139.67683,35.58051],[139.67721,35.58057],[139.6774,35.58086],[139.67748,35.58143],[139.67742,35.5823],[139.67729,35.58269],[139.6771,35.58289],[139.67697,35.58316],[139.67683,35.58411],[139.67648,35.58459],[139.67653,35.58525],[139.67612,35.58559],[139.67557,35.58664],[139.67543,35.58679],[139.67529,35.58685],[139.67515,35.58683],[139.67497,35.58674],[139.6742,35.58609],[139.6738,35.5859],[139.673,35.58574],[139.67181,35.58568],[139.67151,35.58558],[139.67144,35.58542],[139.67166,35.58511],[139.67168,35.58501],[139.67162,35.58483],[139.67123,35.58462],[139.67083,35.58453],[139.67048,35.58456],[139.67018,35.5847],[139.66994,35.58496],[139.66946,35.58562],[139.6691,35.58587],[139.66901,35.58599],[139.66904,35.58614],[139.66918,35.58629],[139.66944,35.58637],[139.66993,35.5864],[139.67019,35.58646],[139.67028,35.58654],[139.67032,35.58671],[139.67048,35.58684],[139.67197,35.58748],[139.67237,35.58773],[139.67279,35.58811],[139.67301,35.58822],[139.6734,35.58833],[139.67352,35.58843],[139.67362,35.58859],[139.67377,35.58914],[139.67386,35.58998],[139.67387,35.59109],[139.67378,35.59203],[139.67369,35.59238],[139.67357,35.59264],[139.67342,35.59283],[139.67324,35.59294],[139.67302,35.59296],[139.67229,35.59283],[139.67151,35.59283],[139.67025,35.59303],[139.66994,35.59304],[139.66976,35.593],[139.6697,35.59285],[139.66952,35.59277],[139.6676,35.59263],[139.66667,35.59234],[139.66617,35.59233],[139.66557,35.59239],[139.66507,35.59234],[139.6648,35.59224],[139.66421,35.59186],[139.66375,35.59175],[139.66366,35.59154],[139.6635,35.59147],[139.66282,35.59147],[139.66125,35.59163],[139.66041,35.59167],[139.66013,35.59163],[139.66001,35.59143],[139.65986,35.59134],[139.65947,35.59124],[139.65913,35.5912],[139.65861,35.59127],[139.65809,35.5915],[139.65764,35.59183],[139.65734,35.59222],[139.65732,35.59239],[139.65739,35.59262],[139.65751,35.59276],[139.65786,35.59301],[139.65796,35.59317],[139.65795,35.5935],[139.65778,35.5939],[139.65773,35.59423],[139.65783,35.59446],[139.65804,35.59456],[139.65852,35.59462],[139.65928,35.59464],[139.66148,35.59457],[139.66273,35.59459],[139.66321,35.59465],[139.66357,35.59481],[139.66365,35.59472],[139.66367,35.5945],[139.66383,35.59441],[139.66492,35.59468],[139.66588,35.59472],[139.6664,35.59462],[139.6667,35.59435],[139.667,35.59428],[139.66754,35.59442],[139.66877,35.59489],[139.66936,35.59506],[139.67032,35.59524],[139.67131,35.59534],[139.67199,35.59546],[139.67226,35.59555],[139.67244,35.59574],[139.67254,35.59578],[139.67292,35.59573],[139.67307,35.59586],[139.67319,35.59614],[139.67321,35.59634],[139.6731,35.59655],[139.67256,35.59681],[139.67242,35.59717],[139.67226,35.59738],[139.6717,35.59797],[139.67137,35.59825],[139.6709,35.5985],[139.67036,35.59858],[139.6701,35.5987],[139.67001,35.59886],[139.66999,35.59917],[139.66991,35.59938],[139.66981,35.59945],[139.66962,35.59947],[139.66949,35.59953],[139.66939,35.59981],[139.66918,35.59989],[139.66867,35.59993],[139.66835,35.60004],[139.66781,35.60035],[139.667,35.60094],[139.66662,35.60113],[139.66625,35.60124],[139.6659,35.60126],[139.66541,35.6012],[139.66496,35.60104],[139.66427,35.60069],[139.66385,35.60059],[139.66331,35.60055],[139.66284,35.60036],[139.6624,35.59995],[139.66228,35.59969],[139.66225,35.59944],[139.66216,35.59931],[139.66191,35.59916],[139.66153,35.59907],[139.66127,35.59895],[139.66106,35.59858],[139.66028,35.59813],[139.65992,35.59775],[139.6596,35.59721],[139.6593,35.59689],[139.65889,35.59667],[139.65835,35.59654],[139.65769,35.59652],[139.65738,35.59654],[139.65688,35.59668],[139.65669,35.5968],[139.65643,35.59711],[139.65621,35.5979],[139.65605,35.59818],[139.65584,35.59836],[139.65558,35.59844],[139.65519,35.59846],[139.65495,35.59842],[139.65441,35.59823],[139.65405,35.59827],[139.65365,35.59847],[139.65334,35.59872],[139.65318,35.59897],[139.65311,35.59931],[139.65303,35.59935],[139.65285,35.59931],[139.65277,35.59938],[139.65277,35.5998],[139.65292,35.60061],[139.65315,35.60141],[139.65342,35.60202],[139.65362,35.60233],[139.65393,35.60264],[139.65424,35.6028],[139.65462,35.60286],[139.65473,35.60296],[139.65489,35.60362],[139.655,35.60379],[139.65537,35.60405],[139.65553,35.60423],[139.65571,35.60461],[139.65594,35.60538],[139.65617,35.60573],[139.65653,35.60608],[139.65661,35.60625],[139.65658,35.60676],[139.65668,35.60739],[139.65802,35.6124],[139.65816,35.61311],[139.65813,35.61342],[139.65799,35.61341],[139.65779,35.61331],[139.65744,35.61297],[139.65728,35.61287],[139.6571,35.61282],[139.6567,35.61288],[139.6565,35.61287],[139.65608,35.61267],[139.65588,35.61249],[139.65565,35.61217],[139.65533,35.61134],[139.65526,35.61133],[139.65503,35.61152],[139.6548,35.61153],[139.6545,35.61143],[139.65432,35.61125],[139.65407,35.6108],[139.65367,35.60978],[139.65334,35.60931],[139.65294,35.60894],[139.65261,35.60841],[139.65201,35.60663],[139.65187,35.60646],[139.65163,35.60639],[139.65159,35.60632],[139.65167,35.60585],[139.65158,35.60576],[139.65141,35.60572],[139.65136,35.60562],[139.65156,35.60481],[139.65153,35.60442],[139.65122,35.60375],[139.65067,35.60301],[139.65032,35.60238],[139.65024,35.60203],[139.65031,35.60147],[139.65029,35.60124],[139.64994,35.60056],[139.64979,35.59968],[139.64953,35.59938],[139.6488,35.59906],[139.6486,35.59892],[139.6485,35.59877],[139.64844,35.59846],[139.64835,35.59837],[139.64811,35.5983],[139.64792,35.59833],[139.64772,35.59852],[139.64766,35.59875],[139.64759,35.59951],[139.64746,35.59986],[139.64728,35.60012],[139.64723,35.60037],[139.64728,35.60054],[139.64746,35.60083],[139.64763,35.60137],[139.64792,35.60331],[139.64809,35.60374],[139.64833,35.60393],[139.64841,35.60406],[139.64854,35.6048],[139.64913,35.60583],[139.64918,35.6061],[139.64911,35.60628],[139.64912,35.60648],[139.64952,35.6072],[139.64995,35.60863],[139.65015,35.60912],[139.6504,35.60956],[139.65102,35.61027],[139.65127,35.61065],[139.65128,35.61083],[139.65106,35.61108],[139.65095,35.61129],[139.65094,35.61164],[139.65111,35.61241],[139.65137,35.61321],[139.65158,35.61355],[139.65184,35.61365],[139.65189,35.61376],[139.65184,35.61408],[139.65156,35.61482],[139.65147,35.61524],[139.65156,35.61539],[139.65184,35.61545],[139.65191,35.6155],[139.65192,35.61566],[139.65185,35.6159],[139.65194,35.61619],[139.65211,35.6164],[139.65249,35.61671],[139.65273,35.61683],[139.65293,35.61687],[139.65332,35.61668],[139.65352,35.61664],[139.65415,35.61671],[139.65449,35.61667],[139.65467,35.61657],[139.65489,35.61635],[139.65513,35.61625],[139.65532,35.61628],[139.65572,35.61644],[139.65597,35.61644],[139.65619,35.61632],[139.65635,35.61613],[139.65645,35.61567],[139.65652,35.61557],[139.65663,35.61553],[139.65701,35.61557],[139.65724,35.61549],[139.65762,35.61515],[139.65814,35.61448],[139.65845,35.61427],[139.65861,35.61429],[139.65876,35.61439],[139.659,35.61447],[139.65948,35.61441],[139.65965,35.61444],[139.65983,35.61462],[139.66,35.615],[139.66013,35.6151],[139.66029,35.61514],[139.66049,35.6151],[139.66073,35.61497],[139.66084,35.61478],[139.66088,35.61454],[139.66107,35.61439],[139.66146,35.61432],[139.66196,35.61435],[139.66258,35.61447],[139.66314,35.61475],[139.66322,35.61486],[139.66317,35.61509],[139.66323,35.61524],[139.66352,35.61552],[139.66431,35.61612],[139.66452,35.61653],[139.66516,35.61684],[139.66558,35.61738],[139.66572,35.61745],[139.66601,35.61748],[139.66632,35.61738],[139.66673,35.61699],[139.66707,35.61647],[139.66724,35.61583],[139.66739,35.61566],[139.66767,35.61556],[139.66791,35.61553],[139.66838,35.61558],[139.66915,35.61575],[139.66962,35.61569],[139.66984,35.61554],[139.67008,35.61515],[139.6704,35.61482],[139.67068,35.61466],[139.6713,35.61441],[139.67149,35.61427],[139.6716,35.61412],[139.67166,35.61382],[139.67175,35.61373],[139.67245,35.61358],[139.67341,35.61306],[139.67404,35.61285],[139.67453,35.61278],[139.67534,35.61277],[139.67632,35.61287],[139.67756,35.61313],[139.67812,35.61314],[139.67881,35.61307],[139.67933,35.61311],[139.67985,35.61325],[139.68024,35.61342],[139.68039,35.61353],[139.68047,35.61375],[139.68058,35.61383],[139.6817,35.61397],[139.68181,35.61405],[139.68192,35.61431],[139.68229,35.61442],[139.68235,35.61451],[139.68243,35.61492],[139.68255,35.61514],[139.68286,35.61552],[139.68329,35.6159],[139.68375,35.61616],[139.68456,35.61636],[139.68482,35.61647],[139.68526,35.61684],[139.68548,35.61698],[139.68577,35.61708],[139.68653,35.61723],[139.68683,35.61738],[139.68705,35.61759],[139.68719,35.61788],[139.68723,35.6182],[139.68717,35.61843],[139.6871,35.61851],[139.68688,35.61862],[139.68628,35.61862],[139.68603,35.61853],[139.68588,35.61823],[139.68565,35.61819],[139.68553,35.61824],[139.68542,35.61836],[139.68519,35.61894],[139.68499,35.61912],[139.6845,35.61922],[139.68365,35.61918],[139.68329,35.61931],[139.6832,35.61948],[139.68311,35.61994],[139.68268,35.6203],[139.68206,35.62144],[139.68192,35.62154],[139.68163,35.62163],[139.68151,35.62201],[139.68138,35.62211],[139.681,35.62215],[139.68027,35.6221],[139.67996,35.62218],[139.6798,35.62262],[139.67961,35.62282],[139.67913,35.62316],[139.67903,35.62347],[139.67892,35.62351],[139.67868,35.62345],[139.67859,35.6235],[139.67853,35.62364],[139.67849,35.62412],[139.67841,35.62438],[139.67832,35.62447],[139.67812,35.6245],[139.67801,35.62459],[139.67773,35.62525],[139.67744,35.62554],[139.67694,35.62571],[139.67636,35.62576],[139.6759,35.62572],[139.67545,35.62554],[139.67522,35.6255],[139.67511,35.62554],[139.67488,35.62575],[139.67463,35.62586],[139.67341,35.6262],[139.67291,35.62642],[139.67282,35.62654],[139.67279,35.62668],[139.67284,35.62677],[139.67316,35.62699],[139.67327,35.62742],[139.67338,35.62757],[139.67357,35.62771],[139.67402,35.62789],[139.67467,35.62791],[139.67551,35.62771],[139.6765,35.62732],[139.67752,35.62675],[139.67845,35.62599],[139.67893,35.62578],[139.67963,35.62561],[139.67976,35.62547],[139.67972,35.62536],[139.67977,35.62519],[139.68013,35.62476],[139.68084,35.62415],[139.6817,35.62363],[139.68259,35.62332],[139.68349,35.6232],[139.68411,35.62306],[139.68435,35.62292],[139.68453,35.62263],[139.68475,35.62248],[139.68504,35.62251],[139.68512,35.62262],[139.68514,35.62277],[139.68525,35.62288],[139.68559,35.62292],[139.68582,35.62286],[139.68591,35.62276],[139.68603,35.62235],[139.68615,35.62228],[139.68651,35.62223],[139.68668,35.62216],[139.68681,35.62203],[139.68712,35.62144],[139.68731,35.62128],[139.68789,35.62094],[139.68805,35.6206],[139.68801,35.62],[139.68803,35.61989],[139.68818,35.61977],[139.68861,35.61984],[139.68901,35.62001],[139.68931,35.62022],[139.68953,35.62045],[139.68983,35.62115],[139.69019,35.62161],[139.69092,35.62223],[139.69106,35.62231],[139.69123,35.62233],[139.69127,35.62227],[139.69123,35.62201],[139.69108,35.62162],[139.69085,35.62124],[139.69039,35.6207],[139.68953,35.61992],[139.68935,35.61967],[139.68925,35.61931],[139.68917,35.61918],[139.68891,35.61903],[139.68844,35.61889],[139.68831,35.61878],[139.68829,35.61857],[139.68838,35.61843],[139.68847,35.6184],[139.68872,35.61843],[139.68978,35.61895],[139.69058,35.61918],[139.69146,35.61922],[139.69177,35.61919],[139.69228,35.61906],[139.69263,35.61884],[139.69282,35.61851],[139.69295,35.61732],[139.69304,35.61703],[139.69325,35.61669],[139.69358,35.61638],[139.69417,35.61612],[139.69435,35.61573],[139.69518,35.61511],[139.6953,35.61497],[139.69537,35.61473],[139.69545,35.61462],[139.69628,35.61417],[139.6964,35.61406],[139.69653,35.61376],[139.69726,35.61361],[139.69807,35.61308],[139.69872,35.61281],[139.70089,35.61232],[139.70111,35.6122],[139.70115,35.61209],[139.70127,35.61201],[139.70197,35.61198],[139.70306,35.6121],[139.70344,35.61221],[139.70369,35.61234],[139.70394,35.61274],[139.70446,35.61312],[139.70458,35.61329],[139.70463,35.61349],[139.70458,35.61388],[139.70432,35.61429],[139.70383,35.61465],[139.70315,35.615],[139.70262,35.61533],[139.70189,35.61613],[139.70132,35.61638],[139.70118,35.61649],[139.70092,35.61688],[139.70055,35.61723],[139.69886,35.61837],[139.69869,35.61855],[139.69858,35.61881],[139.69786,35.61895],[139.69763,35.61918],[139.69745,35.61929],[139.69685,35.61937],[139.69674,35.61947],[139.6967,35.61963],[139.69651,35.61977],[139.69612,35.61988],[139.69547,35.61994],[139.69257,35.61987],[139.69221,35.6199],[139.69172,35.62004],[139.69159,35.62015],[139.69154,35.62029],[139.69156,35.62046],[139.69187,35.62098],[139.69208,35.6212],[139.69229,35.62132],[139.69267,35.62137],[139.69288,35.62146],[139.69301,35.6216],[139.69304,35.62173],[139.69294,35.62202],[139.69268,35.62232],[139.69247,35.62244],[139.69221,35.62248],[139.69208,35.62255],[139.69203,35.62267],[139.69208,35.62286],[139.69295,35.62377],[139.69311,35.62411],[139.6932,35.62463],[139.6934,35.62486],[139.69375,35.62511],[139.69383,35.62525],[139.69385,35.6254],[139.69378,35.62565],[139.69383,35.6259],[139.69437,35.62647],[139.69452,35.62683],[139.69467,35.62687],[139.69525,35.6267],[139.69549,35.62671],[139.69577,35.62691],[139.69599,35.62729],[139.69628,35.62756],[139.69664,35.62766],[139.6972,35.62759],[139.69742,35.62741],[139.69742,35.62722],[139.69684,35.62656],[139.69672,35.62625],[139.69672,35.62593],[139.69684,35.62572],[139.69728,35.62558],[139.69746,35.62532],[139.69771,35.62453],[139.69792,35.62337],[139.69813,35.62257],[139.69827,35.62231],[139.69834,35.62226],[139.69852,35.62223],[139.6986,35.62215],[139.69866,35.6218],[139.69874,35.62165],[139.69914,35.6215],[139.69929,35.62129],[139.6994,35.62098],[139.69958,35.62077],[139.69975,35.6207],[139.7002,35.62062],[139.70039,35.62046],[139.70065,35.62007],[139.70109,35.61994],[139.70124,35.61956],[139.7021,35.61892],[139.70226,35.61876],[139.70246,35.61842],[139.70266,35.61825],[139.70432,35.61749],[139.70451,35.61732],[139.70476,35.61697],[139.70536,35.61657],[139.70621,35.61619],[139.70648,35.61611],[139.70663,35.61612],[139.70671,35.61632],[139.70684,35.61644],[139.7074,35.61672],[139.70766,35.61692],[139.70775,35.61707],[139.70785,35.61754],[139.7082,35.61796],[139.70822,35.61813],[139.70815,35.6183],[139.70824,35.61854],[139.70852,35.61883],[139.70891,35.61913],[139.70922,35.6193],[139.70961,35.6194],[139.70969,35.61964],[139.70964,35.61991],[139.70943,35.62025],[139.70895,35.62079],[139.70879,35.62105],[139.70869,35.62142],[139.70874,35.62177],[139.70861,35.62203],[139.70813,35.62247],[139.70717,35.6231],[139.70676,35.62344],[139.70648,35.62394],[139.70591,35.62446],[139.70565,35.62477],[139.70547,35.62534],[139.70535,35.62544],[139.70482,35.62569],[139.70469,35.62585],[139.7045,35.62624],[139.70433,35.62634],[139.70406,35.62634],[139.70285,35.62593],[139.7024,35.62588],[139.7022,35.62597],[139.70192,35.62625],[139.70185,35.62642],[139.7019,35.62667],[139.7024,35.62724],[139.70258,35.62765],[139.70271,35.62813],[139.70293,35.62845],[139.70314,35.62855],[139.70352,35.62858],[139.70378,35.62868],[139.70387,35.6288],[139.7039,35.62904],[139.70401,35.62929],[139.70445,35.6297],[139.7048,35.62984],[139.70508,35.62979],[139.70521,35.62983],[139.70526,35.63],[139.70521,35.63031],[139.7049,35.63068],[139.70487,35.63078],[139.70499,35.6309],[139.70527,35.631],[139.7055,35.63128],[139.70582,35.63241],[139.70593,35.63261],[139.70617,35.63279],[139.70622,35.63289],[139.70621,35.63301],[139.70598,35.63343],[139.70603,35.63377],[139.70637,35.63429],[139.70672,35.63456],[139.70688,35.63456],[139.70708,35.63444],[139.70729,35.63418],[139.70759,35.63366],[139.70783,35.63338],[139.70837,35.63296],[139.70937,35.63232],[139.70964,35.63205],[139.70969,35.63189],[139.70975,35.63183],[139.71047,35.63187],[139.71093,35.63148],[139.71154,35.63121],[139.712,35.6311],[139.71282,35.63105],[139.71318,35.63099],[139.71335,35.63089],[139.71354,35.63061],[139.71359,35.63099],[139.71378,35.63106],[139.71398,35.63101],[139.71408,35.63089],[139.71419,35.63064],[139.71437,35.62994],[139.7153,35.62951],[139.71546,35.62935],[139.7155,35.62919],[139.7156,35.62913],[139.7158,35.62911],[139.71672,35.62919],[139.71711,35.62911],[139.71742,35.62897],[139.71765,35.629],[139.71776,35.62912],[139.71802,35.62966],[139.71869,35.63035],[139.71886,35.63062],[139.71895,35.63112],[139.71891,35.63185],[139.71902,35.63212],[139.71924,35.63232],[139.71983,35.6326],[139.72003,35.63294],[139.72004,35.63324],[139.71985,35.63389],[139.71921,35.63505],[139.71916,35.63548],[139.71924,35.636],[139.71919,35.63625],[139.71886,35.63648],[139.71876,35.63678],[139.71867,35.63688],[139.71804,35.63709],[139.71782,35.63731],[139.71778,35.63752],[139.71785,35.63792],[139.71783,35.63828],[139.71748,35.63895],[139.71737,35.63971],[139.71726,35.63992],[139.71707,35.64008],[139.71679,35.64018],[139.71646,35.64022],[139.71605,35.64018],[139.71585,35.64008],[139.71563,35.63985],[139.71538,35.63969],[139.71471,35.63958],[139.71413,35.63928],[139.71372,35.6392],[139.71261,35.63911],[139.71231,35.63902],[139.71184,35.63872],[139.71157,35.6386],[139.71125,35.63853],[139.71047,35.63848],[139.7101,35.63841],[139.70976,35.63828],[139.70918,35.63789],[139.70877,35.63771],[139.70849,35.63768],[139.70791,35.63772],[139.70775,35.63759],[139.70773,35.63736],[139.70765,35.6372],[139.70753,35.63715],[139.70718,35.63714],[139.70734,35.63684],[139.70734,35.63663],[139.7071,35.6361],[139.70676,35.63566],[139.70649,35.6355],[139.70613,35.63544],[139.70525,35.63556],[139.70542,35.63585],[139.70543,35.63598],[139.70506,35.6365],[139.70498,35.63682],[139.70499,35.63723],[139.70518,35.63776],[139.7058,35.63849],[139.70547,35.63905],[139.70543,35.63924],[139.706,35.63903],[139.70632,35.63904],[139.70657,35.63922],[139.70664,35.63947],[139.70673,35.63955],[139.70758,35.63968],[139.7078,35.63984],[139.70794,35.64007],[139.70824,35.64023],[139.70955,35.64037],[139.70973,35.64045],[139.70987,35.64061],[139.71013,35.64078],[139.7109,35.64105],[139.71177,35.64113],[139.71281,35.64106],[139.7134,35.64107],[139.71367,35.64113],[139.714,35.64132],[139.7142,35.64139],[139.71506,35.64145],[139.71549,35.64156],[139.71568,35.64178],[139.71575,35.64226],[139.71584,35.64242],[139.71609,35.64254],[139.71647,35.64256],[139.71673,35.64263],[139.71682,35.64271],[139.71689,35.64296],[139.71715,35.64314],[139.71727,35.6433],[139.71742,35.64381],[139.71754,35.64463],[139.71754,35.64535],[139.71745,35.64565],[139.7173,35.64581],[139.717,35.64596],[139.71682,35.64616],[139.71637,35.64718],[139.71611,35.6476],[139.71591,35.64781],[139.71562,35.64803],[139.71536,35.64816],[139.71508,35.6482],[139.71498,35.64827],[139.71479,35.64901],[139.71453,35.6493],[139.71396,35.64972],[139.71381,35.64998],[139.71384,35.65038],[139.71423,35.65091],[139.71424,35.65118],[139.71417,35.65152],[139.71422,35.65189],[139.7146,35.65256],[139.71468,35.65292],[139.7146,35.65313],[139.71419,35.65358],[139.7141,35.65378],[139.71401,35.65429],[139.7138,35.65446],[139.71357,35.6545],[139.71321,35.65448],[139.713,35.65439],[139.71293,35.65419],[139.71282,35.65412],[139.7125,35.65405],[139.71202,35.65403],[139.71176,35.65396],[139.7115,35.65375],[139.71137,35.65344],[139.71121,35.65326],[139.71099,35.65313],[139.71025,35.65291],[139.71009,35.65273],[139.71005,35.65261],[139.71007,35.65199],[139.70992,35.65167],[139.7096,35.65136],[139.70938,35.65122],[139.70832,35.65065],[139.70803,35.65037],[139.70796,35.65022],[139.70796,35.64994],[139.70811,35.64956],[139.70811,35.64931],[139.70783,35.64907],[139.70772,35.64889],[139.70752,35.64818],[139.70738,35.64786],[139.70726,35.64775],[139.70703,35.64771],[139.70698,35.64766],[139.70707,35.64742],[139.70705,35.64729],[139.70679,35.6471],[139.70665,35.64692],[139.70607,35.64551],[139.7058,35.64521],[139.70552,35.64509],[139.70544,35.645],[139.70552,35.64481],[139.70579,35.64456],[139.70599,35.64431],[139.70607,35.64397],[139.70594,35.6436],[139.70532,35.64275],[139.70524,35.64248],[139.70527,35.6423],[139.70542,35.6421],[139.7057,35.64186],[139.70672,35.64121],[139.70709,35.64092],[139.70718,35.64072],[139.70694,35.64055],[139.70578,35.64027],[139.70493,35.64018],[139.70473,35.64022],[139.70461,35.64048],[139.70423,35.64056],[139.70401,35.64098],[139.70322,35.64159],[139.703,35.64185],[139.70287,35.6423],[139.70291,35.64263],[139.70288,35.64298],[139.7027,35.64334],[139.70239,35.64372],[139.70172,35.6443],[139.70119,35.64489],[139.70094,35.64529],[139.70058,35.64617],[139.7003,35.64657],[139.7,35.64673],[139.69914,35.64669],[139.69844,35.64689],[139.69762,35.64728],[139.69728,35.64758],[139.69706,35.64771],[139.69534,35.64833],[139.69496,35.64853],[139.69471,35.64875],[139.69447,35.64876],[139.69427,35.64872],[139.69402,35.64855],[139.69389,35.64836],[139.69372,35.64786],[139.69358,35.6476],[139.69346,35.64751],[139.69326,35.64748],[139.69309,35.64738],[139.69272,35.64684],[139.69189,35.64619],[139.69167,35.64595],[139.69156,35.64569],[139.69155,35.64542],[139.69174,35.64492],[139.69198,35.64465],[139.69246,35.64431],[139.69256,35.64402],[139.69267,35.64389],[139.69347,35.64341],[139.69373,35.64319],[139.69399,35.64278],[139.69416,35.64217],[139.69432,35.64192],[139.69469,35.6418],[139.69498,35.64138],[139.69539,35.64097],[139.69643,35.64017],[139.69702,35.6398],[139.69785,35.63947],[139.69836,35.63938],[139.69901,35.63934],[139.69942,35.63917],[139.69984,35.6385],[139.70027,35.63806],[139.70113,35.6373],[139.70136,35.63701],[139.70144,35.63678],[139.70164,35.63665],[139.70213,35.63652],[139.70239,35.63634],[139.70249,35.63606],[139.70244,35.63568],[139.70231,35.6355],[139.70203,35.63532],[139.70194,35.63508],[139.70181,35.63499],[139.70104,35.63489],[139.70008,35.63489],[139.69935,35.63502],[139.69904,35.63517],[139.69859,35.63569],[139.69826,35.6358],[139.69816,35.63588],[139.69808,35.63615],[139.69806,35.63654],[139.69794,35.6368],[139.6978,35.63689],[139.6974,35.63697],[139.69719,35.63712],[139.69667,35.63782],[139.69632,35.63816],[139.69607,35.63831],[139.69548,35.63849],[139.69533,35.63862],[139.69524,35.63885],[139.69509,35.63896],[139.69438,35.63924],[139.69401,35.63944],[139.69386,35.63959],[139.69364,35.63995],[139.69347,35.64004],[139.69316,35.64012],[139.69282,35.64061],[139.69263,35.64081],[139.69222,35.64112],[139.69172,35.64141],[139.69131,35.64153],[139.69065,35.64149],[139.69038,35.64171],[139.68993,35.64181],[139.68848,35.64186],[139.68788,35.64192],[139.68771,35.642],[139.68774,35.64215],[139.6877,35.64223],[139.68748,35.64229],[139.68684,35.64226],[139.68617,35.642],[139.68578,35.64193],[139.68541,35.64194],[139.68454,35.64207],[139.68418,35.64152],[139.684,35.64135],[139.68372,35.64133],[139.68342,35.64147],[139.68311,35.64154],[139.6828,35.64152],[139.68254,35.6414],[139.68243,35.64119],[139.6825,35.64078],[139.68241,35.64047],[139.68163,35.63977],[139.68143,35.63948],[139.68112,35.63876],[139.68096,35.6385],[139.68079,35.63836],[139.68059,35.63833],[139.6804,35.63837],[139.68025,35.63826],[139.68028,35.63783],[139.68047,35.63744],[139.68058,35.63735],[139.68095,35.63726],[139.68117,35.63703],[139.68132,35.63696],[139.68243,35.63684],[139.68268,35.63674],[139.68293,35.63651],[139.68364,35.63639],[139.68432,35.63606],[139.68521,35.63598],[139.68561,35.63588],[139.68581,35.63577],[139.68605,35.63553],[139.68637,35.63531],[139.68737,35.63487],[139.68757,35.63465],[139.68761,35.6344],[139.68769,35.63425],[139.68795,35.63405],[139.68836,35.63389],[139.68868,35.63381],[139.68981,35.63373],[139.69019,35.63364],[139.69032,35.63352],[139.69044,35.63309],[139.69066,35.63294],[139.69146,35.63286],[139.69351,35.63284],[139.69449,35.63277],[139.69489,35.6327],[139.69539,35.63244],[139.69625,35.63227],[139.69659,35.63213],[139.69682,35.63188],[139.69695,35.63151],[139.69698,35.63103],[139.6969,35.63044],[139.69671,35.6301],[139.69636,35.62995],[139.69627,35.62987],[139.69632,35.62947],[139.69596,35.62923],[139.69588,35.62899],[139.69579,35.6289],[139.69543,35.62881],[139.69479,35.62879],[139.69414,35.62894],[139.69361,35.6293],[139.69301,35.62999],[139.69264,35.63022],[139.69222,35.63034],[139.69137,35.63038],[139.69113,35.63043],[139.69103,35.63051],[139.69109,35.63073],[139.69107,35.63084],[139.69094,35.63101],[139.69079,35.63111],[139.69047,35.63119],[139.68963,35.63115],[139.68905,35.63132],[139.68782,35.63192],[139.68576,35.6331],[139.6849,35.63348],[139.68417,35.63369],[139.68286,35.63377],[139.68229,35.63388],[139.68164,35.63417],[139.681,35.63471],[139.68086,35.63472],[139.68049,35.63452],[139.68018,35.63448],[139.67979,35.63453],[139.67943,35.63474],[139.67923,35.63499],[139.67906,35.63532],[139.67884,35.63617],[139.67875,35.63719],[139.6788,35.63813],[139.67893,35.6385],[139.67918,35.63867],[139.67929,35.6388],[139.67958,35.63945],[139.67975,35.63957],[139.68004,35.63963],[139.68018,35.63997],[139.68052,35.64009],[139.68052,35.6403],[139.68032,35.6408],[139.68029,35.64101],[139.6804,35.64122],[139.68068,35.64133],[139.68087,35.64151],[139.68095,35.64179],[139.68091,35.64208],[139.68075,35.64225],[139.68038,35.64231],[139.68007,35.6425],[139.67924,35.64359],[139.67854,35.64412],[139.67844,35.6444],[139.67836,35.64449],[139.67772,35.64471],[139.67755,35.64482],[139.67746,35.64506],[139.67753,35.64539],[139.67747,35.64572],[139.67688,35.64659],[139.67675,35.64714],[139.67667,35.64721],[139.67643,35.64726],[139.67636,35.64731],[139.67634,35.64747],[139.67641,35.6477],[139.67637,35.64781],[139.67615,35.64791],[139.67578,35.64793],[139.67552,35.64799],[139.67543,35.64807],[139.67536,35.64832],[139.67523,35.64844],[139.67495,35.64854],[139.6746,35.64859],[139.6743,35.64858],[139.67407,35.64849],[139.67375,35.64802],[139.67358,35.64793],[139.67332,35.64788],[139.67322,35.64781],[139.67285,35.64726],[139.6718,35.64641],[139.67167,35.64613],[139.67171,35.64575],[139.67156,35.6456],[139.67128,35.64549],[139.67112,35.64528],[139.67115,35.64464],[139.67098,35.64427],[139.67037,35.64359],[139.66917,35.64253],[139.66866,35.64189],[139.66853,35.64156],[139.66849,35.64111],[139.6684,35.64078],[139.66786,35.63949],[139.66781,35.63916],[139.66783,35.63885],[139.66802,35.63837],[139.66825,35.63816],[139.66873,35.63795],[139.66889,35.63762],[139.66908,35.63755],[139.66937,35.63753],[139.66956,35.63744],[139.66968,35.63702],[139.66977,35.6369],[139.67026,35.63668],[139.67035,35.6366],[139.67031,35.63624],[139.67082,35.63609],[139.67132,35.63574],[139.67163,35.63558],[139.67221,35.63549],[139.67233,35.63542],[139.67239,35.6353],[139.6724,35.63514],[139.67234,35.63495],[139.67208,35.63461],[139.67119,35.63389],[139.67096,35.63377],[139.67056,35.63365],[139.6704,35.63317],[139.6702,35.63312],[139.6698,35.63325],[139.66949,35.63346],[139.6689,35.63402],[139.66873,35.63412],[139.6684,35.63422],[139.66829,35.63443],[139.66824,35.63503],[139.66813,35.63524],[139.66787,35.63531],[139.66764,35.63544],[139.66658,35.63635],[139.66599,35.63675],[139.66563,35.63691],[139.66476,35.63714],[139.66445,35.6374],[139.66403,35.63764],[139.6627,35.63814],[139.66164,35.63839],[139.66076,35.63842],[139.65946,35.63821],[139.65816,35.63782],[139.65781,35.63762],[139.65768,35.63735],[139.65725,35.63724],[139.6566,35.63669],[139.65613,35.63649],[139.6554,35.63625],[139.65509,35.63604],[139.65494,35.63556],[139.65474,35.63536],[139.65447,35.63518],[139.65439,35.63505],[139.65447,35.63483],[139.65489,35.63437],[139.655,35.63401],[139.65502,35.63374],[139.65494,35.63329],[139.65481,35.63296],[139.65419,35.63189],[139.65454,35.63159],[139.65466,35.6314],[139.6548,35.63049],[139.65488,35.63037],[139.65512,35.63026],[139.65522,35.63002],[139.6553,35.62928],[139.65531,35.62854],[139.65526,35.62757],[139.65518,35.6271],[139.65507,35.62676],[139.65485,35.62647],[139.65459,35.6263],[139.65406,35.62619],[139.65394,35.62603],[139.65391,35.6258],[139.65378,35.62566],[139.65354,35.62556],[139.65321,35.62548],[139.6528,35.62544],[139.65243,35.62547],[139.65209,35.62557],[139.65179,35.62575],[139.65144,35.62611],[139.65129,35.62658],[139.65133,35.62772],[139.65126,35.62788],[139.65098,35.6281],[139.6509,35.62835],[139.65091,35.62886],[139.65104,35.62921],[139.65122,35.62936],[139.65163,35.62947],[139.65171,35.62963],[139.65177,35.63],[139.65212,35.63031],[139.65217,35.63056],[139.65209,35.63108],[139.65214,35.63147],[139.65226,35.63171],[139.65268,35.6323],[139.65281,35.63283],[139.65272,35.63339],[139.65231,35.63377],[139.65217,35.63434],[139.65182,35.63462],[139.65186,35.63522],[139.6517,35.63548],[139.65151,35.63565],[139.65127,35.63577],[139.65097,35.63584],[139.65062,35.63586],[139.65004,35.6358],[139.64975,35.63583],[139.64957,35.63594],[139.64952,35.63601],[139.64949,35.63622],[139.6494,35.63639],[139.64919,35.63649],[139.64886,35.63653],[139.64783,35.63646],[139.6475,35.63654],[139.64731,35.63669],[139.64694,35.63677],[139.64376,35.6369],[139.64311,35.63705],[139.6428,35.6374],[139.64238,35.63751],[139.64202,35.63748],[139.64186,35.63743],[139.64178,35.63736],[139.64175,35.6372],[139.64167,35.6371],[139.64124,35.63699],[139.64081,35.6366],[139.64056,35.63648],[139.63981,35.63637],[139.6391,35.63642],[139.63843,35.63658],[139.63779,35.63688],[139.63748,35.63712],[139.63731,35.6374],[139.63727,35.6377],[139.63731,35.63786],[139.63751,35.63831],[139.63772,35.63856],[139.63808,35.63869],[139.63816,35.63885],[139.63822,35.63922],[139.63835,35.63937],[139.63854,35.63945],[139.63871,35.63944],[139.63892,35.63923],[139.63906,35.63919],[139.63935,35.63923],[139.64,35.63946],[139.64046,35.63953],[139.64082,35.63949],[139.64116,35.63923],[139.64142,35.63917],[139.64356,35.63921],[139.64401,35.63909],[139.64419,35.63886],[139.64431,35.6388],[139.64487,35.63872],[139.64609,35.63881],[139.64652,35.63893],[139.64666,35.63902],[139.64678,35.63923],[139.64661,35.63977],[139.64663,35.64003],[139.64708,35.64085],[139.64719,35.64137],[139.64726,35.64206],[139.64723,35.64331],[139.64703,35.64391],[139.64688,35.64412],[139.64668,35.64428],[139.64645,35.64437],[139.64618,35.6444],[139.64535,35.64428],[139.64483,35.64407],[139.64466,35.64388],[139.64449,35.64356],[139.64427,35.64338],[139.64397,35.64323],[139.64308,35.64292],[139.64279,35.6427],[139.64252,35.6423],[139.64215,35.6422],[139.64205,35.64203],[139.642,35.64152],[139.64185,35.64113],[139.64162,35.64088],[139.64133,35.64074],[139.64039,35.64056],[139.63938,35.64051],[139.63903,35.64058],[139.63894,35.64079],[139.63873,35.64091],[139.63814,35.64102],[139.63794,35.64093],[139.63785,35.64059],[139.63776,35.64049],[139.63753,35.64043],[139.63719,35.64047],[139.63707,35.64057],[139.63705,35.64073],[139.63697,35.64083],[139.63656,35.64095],[139.63642,35.64128],[139.63596,35.64141],[139.63549,35.64183],[139.6352,35.64201],[139.63458,35.64218],[139.63316,35.64225],[139.63266,35.64233],[139.63203,35.64252],[139.63171,35.64271],[139.63159,35.64283],[139.63138,35.64334],[139.63144,35.64446],[139.63138,35.64488],[139.63129,35.64502],[139.6311,35.64514],[139.63103,35.64527],[139.63089,35.64591],[139.6307,35.64604],[139.63042,35.64608],[139.63027,35.64624],[139.63016,35.64671],[139.63009,35.64765],[139.62988,35.64825],[139.62914,35.6492],[139.62894,35.64985],[139.62882,35.64995],[139.62848,35.6501],[139.62846,35.65053],[139.62835,35.65075],[139.62778,35.65101],[139.62769,35.6511],[139.62757,35.65138],[139.62709,35.65148],[139.62695,35.65162],[139.62683,35.65204],[139.62681,35.65267],[139.62673,35.65312],[139.62663,35.6533],[139.62638,35.6535],[139.62627,35.6537],[139.62592,35.65494],[139.6258,35.6551],[139.62561,35.65522],[139.62554,35.65535],[139.62555,35.65577],[139.62567,35.65614],[139.62588,35.65635],[139.62633,35.65644],[139.62645,35.65651],[139.62651,35.65666],[139.62653,35.65708],[139.62758,35.65707],[139.62803,35.65698],[139.62836,35.65682],[139.62867,35.65659],[139.62912,35.65605],[139.62927,35.65568],[139.62934,35.65518],[139.62942,35.65505],[139.62966,35.6549],[139.62971,35.65481],[139.62966,35.65462],[139.62945,35.6543],[139.62943,35.65415],[139.62949,35.65402],[139.62966,35.65384],[139.62974,35.65365],[139.62976,35.65341],[139.62969,35.65278],[139.62977,35.65244],[139.63012,35.65194],[139.63069,35.65144],[139.63108,35.65099],[139.63121,35.65073],[139.63132,35.65016],[139.63173,35.64981],[139.632,35.64912],[139.63213,35.64891],[139.63243,35.6487],[139.63311,35.64848],[139.63333,35.64828],[139.63343,35.64777],[139.63351,35.64618],[139.63359,35.64593],[139.6337,35.64583],[139.63382,35.64581],[139.63392,35.64562],[139.63383,35.64492],[139.63385,35.64457],[139.63398,35.64438],[139.63419,35.64436],[139.63439,35.64453],[139.63487,35.64527],[139.63501,35.64536],[139.63523,35.6454],[139.63551,35.64552],[139.63587,35.64578],[139.63625,35.64613],[139.63651,35.64651],[139.6367,35.64706],[139.63685,35.64732],[139.63721,35.64769],[139.63802,35.6483],[139.63825,35.64872],[139.6391,35.64902],[139.63932,35.64921],[139.63952,35.64952],[139.63971,35.64964],[139.64077,35.64995],[139.64088,35.65004],[139.64098,35.6503],[139.64151,35.65056],[139.64156,35.65077],[139.64127,35.6515],[139.64133,35.65207],[139.64117,35.65221],[139.64081,35.65237],[139.6407,35.6525],[139.64051,35.65322],[139.64036,35.65345],[139.63987,35.6539],[139.63968,35.65414],[139.63953,35.65453],[139.63946,35.65504],[139.63925,35.65525],[139.63865,35.65533],[139.63846,35.65541],[139.63833,35.65552],[139.63814,35.65582],[139.63788,35.65594],[139.637,35.65605],[139.63642,35.65628],[139.63606,35.65637],[139.63433,35.65659],[139.63365,35.65677],[139.63338,35.65694],[139.63322,35.65726],[139.63292,35.65757],[139.63204,35.65801],[139.63169,35.65826],[139.63161,35.65843],[139.63167,35.65879],[139.63158,35.65888],[139.63139,35.65888],[139.63128,35.65879],[139.63113,35.65853],[139.63098,35.65804],[139.63088,35.65791],[139.63077,35.65786],[139.63063,35.65789],[139.63048,35.65802],[139.63038,35.65845],[139.63026,35.6586],[139.63008,35.65866],[139.62956,35.65867],[139.62955,35.65965],[139.6295,35.65996],[139.62943,35.66006],[139.62893,35.65987],[139.62837,35.65994],[139.62825,35.65993],[139.62819,35.65987],[139.62814,35.65966],[139.62805,35.65957],[139.62759,35.65942],[139.62712,35.65943],[139.62605,35.65963],[139.62555,35.65967],[139.62536,35.65963],[139.62511,35.65943],[139.62487,35.65942],[139.62444,35.65957],[139.62432,35.6597],[139.62423,35.66],[139.62404,35.66022],[139.62353,35.6606],[139.62293,35.66085],[139.62281,35.66103],[139.62289,35.6613],[139.6231,35.6616],[139.6233,35.66177],[139.62358,35.66185],[139.62372,35.66202],[139.62392,35.66255],[139.62414,35.66333],[139.62446,35.66393],[139.62474,35.66418],[139.62536,35.6645],[139.62561,35.66492],[139.62576,35.66622],[139.62586,35.66644],[139.62604,35.66665],[139.62611,35.66685],[139.62606,35.66824],[139.62613,35.6684],[139.62632,35.66854],[139.62644,35.66879],[139.62678,35.67088],[139.62688,35.67121],[139.62713,35.67147],[139.62721,35.6717],[139.62722,35.67232],[139.62711,35.67317],[139.627,35.67358],[139.62685,35.67382],[139.62667,35.67389],[139.62639,35.67383],[139.62624,35.67385],[139.62599,35.67407],[139.62579,35.67416],[139.62463,35.67437],[139.62413,35.67452],[139.62394,35.67465],[139.62379,35.67489],[139.62366,35.675],[139.62347,35.67507],[139.62298,35.67512],[139.62279,35.67519],[139.62266,35.67532],[139.6226,35.6757],[139.62253,35.67578],[139.62234,35.6757],[139.62202,35.6754],[139.62171,35.67524],[139.62107,35.67512],[139.62012,35.67506],[139.61987,35.67496],[139.61979,35.6748],[139.61996,35.67449],[139.62021,35.67425],[139.62067,35.67401],[139.62075,35.67378],[139.62068,35.67316],[139.62041,35.67227],[139.62022,35.67131],[139.62015,35.67065],[139.62016,35.66968],[139.62022,35.66921],[139.62034,35.66892],[139.62051,35.66879],[139.62071,35.66876],[139.62079,35.66871],[139.62094,35.66851],[139.6211,35.668],[139.62115,35.6674],[139.62105,35.66702],[139.62089,35.66689],[139.62062,35.66676],[139.6205,35.66661],[139.62042,35.66601],[139.6203,35.66574],[139.62016,35.66565],[139.61986,35.66565],[139.61951,35.66579],[139.61897,35.66628],[139.6183,35.66658],[139.61791,35.66704],[139.61771,35.66774],[139.61765,35.6691],[139.61757,35.66968],[139.61748,35.66987],[139.61723,35.66994],[139.61711,35.67013],[139.61715,35.67052],[139.61747,35.67094],[139.61757,35.67129],[139.61773,35.67417],[139.61783,35.67452],[139.61814,35.67494],[139.61819,35.67517],[139.61816,35.67533],[139.61801,35.67544],[139.61774,35.67552],[139.61735,35.67555],[139.6167,35.67552],[139.61629,35.67544],[139.61588,35.67514],[139.61552,35.67509],[139.61515,35.67516],[139.61466,35.67545],[139.61407,35.67561],[139.61349,35.67567],[139.61306,35.67557],[139.61283,35.67527],[139.61277,35.67475],[139.61286,35.67443],[139.6131,35.67402],[139.61318,35.67371],[139.61323,35.67307],[139.61321,35.6724],[139.6131,35.67198],[139.61286,35.67175],[139.61269,35.67141],[139.61256,35.67082],[139.6125,35.67009],[139.61255,35.66946],[139.61281,35.66864],[139.61283,35.66845],[139.61278,35.66835],[139.61242,35.66826],[139.61226,35.66807],[139.61212,35.66764],[139.61186,35.66635],[139.61169,35.6661],[139.6115,35.66604],[139.61141,35.66572],[139.61147,35.6648],[139.61161,35.66417],[139.61177,35.66385],[139.61202,35.6638],[139.61212,35.66371],[139.61213,35.66343],[139.61184,35.66286],[139.61161,35.66261],[139.61134,35.66248],[139.6109,35.6624],[139.61079,35.66224],[139.61076,35.66201],[139.6107,35.66189],[139.61058,35.66182],[139.61023,35.66178],[139.61013,35.66172],[139.61014,35.66157],[139.61033,35.66126],[139.61028,35.66109],[139.61004,35.66098],[139.6098,35.66098],[139.60969,35.66111],[139.60965,35.66134],[139.60946,35.66146],[139.60907,35.66146],[139.60875,35.66139],[139.60853,35.66128],[139.60842,35.66113],[139.60848,35.66063],[139.60843,35.66042],[139.60826,35.6603],[139.6081,35.6603],[139.60778,35.66043],[139.60695,35.66099],[139.60664,35.66112],[139.60599,35.66128],[139.6058,35.66142],[139.60575,35.66152],[139.60573,35.66177],[139.60598,35.66266],[139.6059,35.66325],[139.60599,35.66335],[139.60617,35.66338],[139.60627,35.66351],[139.60634,35.66388],[139.60633,35.66442],[139.60625,35.66469],[139.60609,35.66486],[139.60546,35.665],[139.60522,35.66514],[139.60499,35.66538],[139.60454,35.66616],[139.60442,35.66656],[139.60436,35.66706],[139.60428,35.66719],[139.60404,35.66736],[139.60394,35.6675],[139.60386,35.66785],[139.60388,35.66847],[139.60398,35.6688],[139.6042,35.66908],[139.60418,35.66928],[139.60392,35.66951],[139.60352,35.66973],[139.60262,35.66997],[139.60231,35.67031],[139.60189,35.6711],[139.60166,35.67143],[139.60128,35.67173],[139.60101,35.67181],[139.60077,35.67195],[139.60051,35.67237],[139.60027,35.67345],[139.60007,35.67379],[139.59998,35.67383],[139.59966,35.6738],[139.59939,35.67385],[139.59889,35.67408],[139.59831,35.67449],[139.598,35.67494],[139.59796,35.67526],[139.59807,35.67559],[139.59824,35.67586],[139.59847,35.67602],[139.59875,35.67609],[139.59924,35.67605],[139.5995,35.67608],[139.59976,35.67626],[139.59996,35.67664],[139.60015,35.67675],[139.60041,35.67678],[139.60089,35.67672],[139.60121,35.67673],[139.60132,35.67679],[139.60136,35.67695],[139.60147,35.67705],[139.60217,35.6771],[139.60201,35.67739],[139.60204,35.67754],[139.60217,35.67768],[139.60285,35.6782],[139.60307,35.67851],[139.60323,35.67891],[139.60345,35.67911],[139.60358,35.67913],[139.60379,35.67906],[139.60422,35.67868],[139.60445,35.67858],[139.60491,35.67854],[139.6058,35.6786],[139.60602,35.67856],[139.60619,35.67843],[139.60634,35.67838],[139.60675,35.67846],[139.6074,35.67874],[139.60778,35.67897],[139.60802,35.67919],[139.60812,35.67942],[139.60807,35.67974],[139.60812,35.67999],[139.60824,35.6801],[139.60851,35.6802],[139.60863,35.68038],[139.6086,35.68055],[139.60839,35.68096],[139.60839,35.68117],[139.60861,35.68134],[139.60875,35.68152],[139.60933,35.68297],[139.6095,35.68327],[139.60989,35.68369],[139.61001,35.68402],[139.61006,35.68447],[139.60998,35.68571],[139.61003,35.68653],[139.61015,35.68698],[139.61043,35.6875],[139.61058,35.68794],[139.6106,35.6882],[139.61052,35.68875],[139.61061,35.68904],[139.61085,35.68942],[139.61092,35.68969],[139.611,35.6909],[139.61109,35.69138],[139.61118,35.69154],[139.61143,35.6917],[139.61258,35.69183],[139.61317,35.69212],[139.61354,35.69212],[139.61384,35.692],[139.6141,35.69179],[139.61432,35.69148],[139.61443,35.69118],[139.61454,35.69055],[139.61454,35.68918],[139.61444,35.68867],[139.61439,35.68858],[139.6142,35.68842],[139.6141,35.68819],[139.61403,35.68757],[139.614,35.68647],[139.61384,35.6858],[139.61356,35.68546],[139.61346,35.685],[139.6134,35.6849],[139.61328,35.68486],[139.61291,35.68488],[139.61272,35.68469],[139.61248,35.68404],[139.61219,35.68273],[139.61193,35.68205],[139.61174,35.68178],[139.61135,35.68139],[139.61122,35.68101],[139.6109,35.68092],[139.61081,35.68082],[139.61075,35.68063],[139.61072,35.68018],[139.6108,35.67974],[139.611,35.67939],[139.61128,35.67913],[139.61144,35.67891],[139.61145,35.67878],[139.61138,35.67854],[139.61147,35.67847],[139.61183,35.6784],[139.61211,35.67813],[139.61242,35.67809],[139.61304,35.67816],[139.61341,35.67815],[139.61356,35.67809],[139.61369,35.67794],[139.61392,35.67784],[139.61478,35.67775],[139.61549,35.67749],[139.61591,35.6774],[139.61727,35.67725],[139.61845,35.67723],[139.61873,35.67727],[139.61913,35.6774],[139.61929,35.67762],[139.61938,35.67803],[139.61959,35.67829],[139.62058,35.67891],[139.62073,35.6791],[139.62091,35.6796],[139.62094,35.67991],[139.62086,35.68064],[139.62038,35.68226],[139.62022,35.68256],[139.62002,35.68271],[139.61994,35.68283],[139.61993,35.68313],[139.62,35.68353],[139.61995,35.68392],[139.61983,35.68417],[139.6194,35.68473],[139.61927,35.68518],[139.61936,35.68568],[139.61969,35.68608],[139.61981,35.68643],[139.61977,35.68692],[139.61969,35.68705],[139.61946,35.6872],[139.61941,35.6873],[139.61971,35.68799],[139.61967,35.68915],[139.61978,35.68937],[139.61999,35.6895],[139.62088,35.68956],[139.62123,35.68965],[139.62142,35.6898],[139.62149,35.69005],[139.6216,35.69013],[139.62192,35.69019],[139.62241,35.69018],[139.62269,35.69006],[139.62292,35.68983],[139.62309,35.68951],[139.62327,35.68885],[139.62322,35.68858],[139.62296,35.68838],[139.62275,35.68804],[139.62249,35.68731],[139.6224,35.68642],[139.62249,35.68545],[139.62248,35.68484],[139.6224,35.68453],[139.62218,35.68397],[139.62223,35.68368],[139.6224,35.68343],[139.62245,35.68326],[139.6224,35.68301],[139.62224,35.68275],[139.62222,35.68246],[139.62232,35.68226],[139.62259,35.68192],[139.62271,35.68158],[139.62268,35.68136],[139.62251,35.68103],[139.62246,35.68079],[139.62251,35.68068],[139.6227,35.68054],[139.62287,35.68008],[139.62305,35.67854],[139.62304,35.67802],[139.62295,35.67767],[139.6228,35.67749],[139.62253,35.67737],[139.62237,35.67716],[139.62235,35.67676],[139.62246,35.67661],[139.62261,35.67662],[139.62302,35.6768],[139.62338,35.67689],[139.62378,35.67691],[139.62412,35.67687],[139.62434,35.67676],[139.6246,35.6765],[139.62501,35.67642],[139.62509,35.67631],[139.62511,35.67616],[139.62523,35.67605],[139.62585,35.67597],[139.62639,35.6757],[139.62645,35.67574],[139.62654,35.67612],[139.62669,35.67632],[139.62773,35.67713],[139.62793,35.67754],[139.62855,35.67785],[139.62867,35.67804],[139.62876,35.67843],[139.62895,35.67863],[139.62924,35.67882],[139.62947,35.67912],[139.62979,35.68013],[139.63002,35.6805],[139.63038,35.68068],[139.63125,35.68076],[139.63145,35.68086],[139.63142,35.68098],[139.63108,35.68134],[139.63096,35.68161],[139.63088,35.68212],[139.63092,35.68271],[139.63107,35.6833],[139.63167,35.68472],[139.63201,35.68617],[139.63224,35.68658],[139.63254,35.68684],[139.63296,35.68698],[139.63337,35.68693],[139.63355,35.68694],[139.6338,35.68707],[139.63417,35.68741],[139.63435,35.68749],[139.63465,35.68752],[139.63482,35.68745],[139.63493,35.68727],[139.635,35.687],[139.63503,35.68647],[139.63514,35.6862],[139.63529,35.68619],[139.6357,35.68644],[139.63606,35.68648],[139.63658,35.68631],[139.6369,35.68609],[139.63695,35.68597],[139.6369,35.68579],[139.63643,35.68563],[139.63609,35.68521],[139.63581,35.68462],[139.63533,35.6833],[139.63519,35.6831],[139.63492,35.68298],[139.63478,35.68284],[139.63421,35.68151],[139.63393,35.68131],[139.63345,35.68134],[139.63329,35.68105],[139.63281,35.68096],[139.63258,35.68073],[139.63228,35.67972],[139.63212,35.67937],[139.63191,35.67906],[139.63144,35.67851],[139.63131,35.67827],[139.63128,35.67807],[139.63135,35.67766],[139.63126,35.67746],[139.63106,35.6773],[139.6309,35.67724],[139.63017,35.67727],[139.62999,35.67715],[139.62989,35.67691],[139.62993,35.67657],[139.63016,35.67622],[139.63023,35.676],[139.63025,35.67573],[139.63019,35.67526],[139.63026,35.67503],[139.63037,35.67496],[139.63073,35.67494],[139.63221,35.67532],[139.63245,35.67535],[139.63283,35.67532],[139.63307,35.67518],[139.63322,35.67496],[139.63351,35.67472],[139.63413,35.67451],[139.63432,35.6744],[139.63447,35.67416],[139.63457,35.67365],[139.63477,35.67341],[139.63515,35.67322],[139.63541,35.67323],[139.63563,35.67335],[139.63579,35.67367],[139.63589,35.67493],[139.63608,35.67556],[139.63632,35.67592],[139.63712,35.67671],[139.63722,35.67691],[139.63725,35.67716],[139.63733,35.67732],[139.63774,35.67743],[139.63795,35.67764],[139.638,35.678],[139.63789,35.67902],[139.63794,35.67923],[139.63816,35.67951],[139.63829,35.67984],[139.63838,35.68085],[139.63853,35.68114],[139.63897,35.68127],[139.63913,35.68148],[139.63917,35.68185],[139.63911,35.68221],[139.63898,35.68247],[139.6388,35.68266],[139.63871,35.68293],[139.63879,35.68356],[139.63877,35.68389],[139.6387,35.68405],[139.63852,35.68424],[139.63843,35.6845],[139.63845,35.68486],[139.63862,35.68532],[139.63869,35.68533],[139.6388,35.6852],[139.63894,35.68512],[139.63926,35.68519],[139.63943,35.68511],[139.63971,35.68437],[139.64013,35.68434],[139.64026,35.68415],[139.64022,35.68378],[139.64009,35.68363],[139.63991,35.68354],[139.63991,35.68349],[139.6402,35.68337],[139.64056,35.68333],[139.64077,35.68342],[139.64091,35.68386],[139.64136,35.68401],[139.64194,35.68453],[139.64229,35.68471],[139.64268,35.68473],[139.64306,35.68463],[139.64332,35.68451],[139.64351,35.6843],[139.64367,35.68425],[139.64389,35.68423],[139.64436,35.68428],[139.64479,35.68443],[139.64485,35.68453],[139.64479,35.68469],[139.64483,35.68482],[139.64517,35.68513],[139.64562,35.68534],[139.64619,35.68543],[139.64688,35.68538],[139.64745,35.68528],[139.6477,35.68519],[139.64792,35.68499],[139.6481,35.68491],[139.64856,35.68496],[139.6487,35.68486],[139.64879,35.68463],[139.64886,35.68368],[139.64892,35.68343],[139.64901,35.68329],[139.64927,35.68323],[139.64947,35.68304],[139.6496,35.6827],[139.64966,35.6823],[139.64965,35.68197],[139.64959,35.68178],[139.64939,35.68155],[139.64891,35.6812],[139.64884,35.68103],[139.64887,35.68093],[139.64918,35.68082],[139.65053,35.68076],[139.65094,35.68068],[139.65101,35.68064],[139.65113,35.68038],[139.65131,35.68017],[139.65247,35.67911],[139.65277,35.67871],[139.65292,35.67838],[139.6531,35.67822],[139.65353,35.6781],[139.6541,35.67808],[139.65453,35.67802],[139.65471,35.67794],[139.65492,35.67774],[139.65537,35.67764],[139.65588,35.67765],[139.65647,35.67774],[139.65814,35.67822],[139.65878,35.67819],[139.65969,35.67871],[139.66166,35.67925],[139.66188,35.67936],[139.66202,35.67953],[139.6622,35.67963],[139.66285,35.67974],[139.66309,35.6799],[139.66351,35.68029],[139.66399,35.68044],[139.66442,35.68097],[139.66479,35.68124],[139.66511,35.68139],[139.66587,35.68163],[139.66629,35.68185],[139.66654,35.68209],[139.66665,35.68236],[139.6666,35.68267],[139.66632,35.68307],[139.66606,35.68324],[139.66548,35.68336],[139.6653,35.68371],[139.66478,35.68399],[139.66456,35.68416],[139.66435,35.68459],[139.66422,35.68556],[139.66403,35.68582],[139.66375,35.68596],[139.66317,35.686],[139.66284,35.68607],[139.66258,35.6862],[139.66224,35.68659],[139.66187,35.68684],[139.66058,35.68716],[139.66045,35.68725],[139.66029,35.68762],[139.65985,35.68801],[139.65944,35.6882],[139.65904,35.68824],[139.65889,35.6883],[139.65878,35.68845],[139.65875,35.68868],[139.65859,35.68881],[139.6584,35.68882],[139.65792,35.68876],[139.65771,35.6888],[139.65758,35.68908],[139.65693,35.68938],[139.6568,35.6895],[139.65667,35.68974],[139.65646,35.68987],[139.65606,35.68997],[139.6551,35.69003],[139.65431,35.69001],[139.65346,35.68989],[139.65311,35.68973],[139.65256,35.68914],[139.65175,35.68868],[139.65163,35.68854],[139.65152,35.68822],[139.65098,35.68806],[139.64989,35.68799],[139.64898,35.68801],[139.64832,35.6881],[139.64808,35.68817],[139.64777,35.68836],[139.64771,35.68848],[139.64777,35.68877],[139.64787,35.68891],[139.64823,35.68919],[139.6488,35.68947],[139.6503,35.69004],[139.65089,35.69032],[139.65133,35.6906],[139.65164,35.69088],[139.65177,35.69107],[139.65211,35.69187],[139.65229,35.69262],[139.65243,35.69353],[139.65253,35.69489],[139.65248,35.69522],[139.65213,35.69555],[139.65193,35.69611],[139.65185,35.6974],[139.65181,35.69992],[139.65174,35.70048],[139.65165,35.7007],[139.65143,35.70046],[139.65118,35.70033],[139.65065,35.70025],[139.64962,35.70039],[139.64937,35.70048],[139.6491,35.70069],[139.64877,35.70077],[139.64789,35.70083],[139.64629,35.70081],[139.64551,35.70073],[139.64523,35.70063],[139.64491,35.70045],[139.64418,35.70037],[139.64392,35.70027],[139.64384,35.70016],[139.64381,35.69991],[139.64369,35.69959],[139.64327,35.6989],[139.64315,35.69845],[139.6431,35.69756],[139.64318,35.69646],[139.64317,35.69572],[139.64309,35.69547],[139.64292,35.69539],[139.64286,35.69525],[139.64323,35.69343],[139.64328,35.69263],[139.64324,35.69172],[139.64311,35.6914],[139.64272,35.69126],[139.64198,35.69062],[139.64161,35.69045],[139.64138,35.69047],[139.64086,35.69079],[139.64041,35.69099],[139.63824,35.69173],[139.6379,35.69192],[139.63776,35.6921],[139.63785,35.69245],[139.63825,35.69276],[139.63862,35.69349],[139.63877,35.69362],[139.63931,35.69389],[139.63949,35.69413],[139.6397,35.6946],[139.63987,35.69472],[139.64018,35.6948],[139.6404,35.69512],[139.64049,35.69585],[139.64052,35.69755],[139.64059,35.69816],[139.64078,35.69882],[139.64113,35.6993],[139.64123,35.69964],[139.64118,35.69998],[139.64108,35.70015],[139.64095,35.70025],[139.64079,35.70029],[139.64049,35.70023],[139.64028,35.70025],[139.63997,35.70037],[139.63963,35.7006],[139.63904,35.70076],[139.63676,35.70089],[139.63641,35.70097],[139.63592,35.70116],[139.63546,35.70125],[139.63487,35.70127],[139.63441,35.70122],[139.63423,35.70116],[139.6341,35.70097],[139.63384,35.70093],[139.63306,35.70097],[139.63157,35.70113],[139.63101,35.70115],[139.63061,35.7011],[139.63037,35.701],[139.63013,35.70083],[139.62993,35.70047],[139.62962,35.70043],[139.62889,35.70048],[139.62861,35.7004],[139.62843,35.7002],[139.62827,35.69908],[139.62817,35.69888],[139.62798,35.69866],[139.62789,35.69841],[139.62781,35.69782],[139.62778,35.69682],[139.62772,35.69651],[139.62763,35.69633],[139.62729,35.69623],[139.62685,35.69584],[139.62645,35.69568],[139.62608,35.69563],[139.6254,35.69562],[139.62507,35.69566],[139.6248,35.69576],[139.62477,35.69587],[139.62485,35.69602],[139.62532,35.69624],[139.62552,35.69645],[139.6256,35.69679],[139.62558,35.69705],[139.62549,35.69726],[139.62533,35.69742],[139.62459,35.69769],[139.6245,35.69779],[139.6245,35.69795],[139.62457,35.69805],[139.62486,35.69811],[139.62495,35.69822],[139.62503,35.69854],[139.62506,35.69902],[139.62517,35.69936],[139.62549,35.69987],[139.62617,35.70065],[139.6263,35.701],[139.62624,35.70126],[139.62628,35.70139],[139.62641,35.7015],[139.62676,35.7016],[139.62698,35.70173],[139.62719,35.70212],[139.62724,35.70272],[139.62716,35.70331],[139.62696,35.70377],[139.6266,35.7043],[139.62648,35.70467],[139.6264,35.70539],[139.62643,35.70617],[139.62653,35.70677],[139.62677,35.70731],[139.62686,35.7077],[139.62694,35.70851],[139.62696,35.70953],[139.62707,35.71018],[139.62721,35.71037],[139.6273,35.71039],[139.62759,35.71034],[139.6278,35.71039],[139.62805,35.71072],[139.62863,35.71053],[139.62891,35.71039],[139.62921,35.71007],[139.62937,35.7096],[139.62943,35.70899],[139.62943,35.70827],[139.62932,35.70655],[139.62915,35.70576],[139.62899,35.70534],[139.6288,35.70506],[139.62875,35.70471],[139.62893,35.7041],[139.62913,35.7038],[139.62942,35.70357],[139.63002,35.70331],[139.63091,35.70318],[139.63231,35.70314],[139.63543,35.70321],[139.63682,35.70313],[139.63748,35.703],[139.63851,35.70272],[139.63934,35.70275],[139.63965,35.70263],[139.64023,35.70224],[139.64047,35.70218],[139.64061,35.70219],[139.6409,35.70228],[139.6414,35.70256],[139.64151,35.70267],[139.64165,35.703],[139.64168,35.70373],[139.64137,35.70548],[139.64132,35.70619],[139.6414,35.70672],[139.64168,35.7073],[139.64173,35.70757],[139.64168,35.70772],[139.6415,35.70791],[139.6414,35.70811],[139.64126,35.70939],[139.64113,35.70966],[139.64087,35.70985],[139.64092,35.7102],[139.64076,35.71037],[139.64029,35.7106],[139.6401,35.71075],[139.63994,35.71103],[139.63995,35.71134],[139.64005,35.7115],[139.64025,35.7116],[139.64086,35.71165],[139.64112,35.71173],[139.64131,35.71185],[139.64151,35.71225],[139.64173,35.71246],[139.64194,35.71253],[139.64232,35.71255],[139.64258,35.71262],[139.64267,35.71269],[139.6427,35.71285],[139.64281,35.71299],[139.64351,35.71322],[139.64437,35.71248],[139.64465,35.71206],[139.64477,35.71162],[139.64474,35.71083],[139.64456,35.71009],[139.64445,35.70995],[139.64425,35.70998],[139.64413,35.70995],[139.64403,35.70985],[139.64392,35.70956],[139.64384,35.70891],[139.6438,35.70729],[139.64383,35.70588],[139.64394,35.70503],[139.64405,35.70479],[139.64418,35.70472],[139.64427,35.70458],[139.64419,35.7042],[139.6442,35.70401],[139.64455,35.70371],[139.64464,35.70325],[139.64474,35.70315],[139.64521,35.70298],[139.64607,35.70285],[139.64932,35.70267],[139.65057,35.70255],[139.65096,35.70245],[139.65112,35.70234],[139.65148,35.7022],[139.6524,35.70206],[139.65275,35.70209],[139.65305,35.70219],[139.6539,35.70286],[139.65492,35.70332],[139.65512,35.70354],[139.65516,35.70378],[139.65524,35.70392],[139.6554,35.70402],[139.65576,35.70413],[139.65598,35.7043],[139.65614,35.70463],[139.65624,35.70541],[139.65615,35.70685],[139.65578,35.70802],[139.65585,35.70842],[139.65575,35.70859],[139.6554,35.70883],[139.65528,35.70899],[139.65523,35.70932],[139.65529,35.70972],[139.65516,35.70998],[139.65494,35.71007],[139.65445,35.71011],[139.65408,35.71021],[139.65369,35.7104],[139.65288,35.71099],[139.65225,35.71134],[139.65184,35.71149],[139.65068,35.71174],[139.64989,35.71211],[139.64905,35.71227],[139.6468,35.71234],[139.64579,35.71247],[139.64542,35.71262],[139.64511,35.71306],[139.64481,35.71314],[139.64442,35.71308],[139.64413,35.71309],[139.64398,35.71317],[139.64379,35.71345],[139.64379,35.71367],[139.6433,35.71382],[139.64315,35.71375],[139.6429,35.71349],[139.64265,35.71345],[139.6425,35.71349],[139.64224,35.71366],[139.64183,35.71405],[139.6416,35.71418],[139.64123,35.71426],[139.64068,35.71422],[139.64026,35.71439],[139.63973,35.71489],[139.63951,35.71528],[139.63948,35.71564],[139.63962,35.71597],[139.63988,35.71626],[139.64037,35.71665],[139.64054,35.71699],[139.64063,35.71777],[139.64056,35.71913],[139.64066,35.71993],[139.64108,35.72083],[139.64116,35.72112],[139.64113,35.72193],[139.64128,35.72221],[139.64168,35.72264],[139.64173,35.7229],[139.64165,35.72328],[139.64174,35.72342],[139.64191,35.72353],[139.64194,35.72363],[139.64182,35.72388],[139.64144,35.72427],[139.64118,35.72444],[139.64096,35.72449],[139.64085,35.72457],[139.64075,35.72491],[139.64071,35.7257],[139.64059,35.72619],[139.64045,35.72641],[139.64016,35.72661],[139.64002,35.72681],[139.63993,35.72709],[139.63989,35.72762],[139.63979,35.72797],[139.63958,35.72824],[139.63925,35.72844],[139.6388,35.72857],[139.6381,35.72867],[139.63765,35.72869],[139.63683,35.72862],[139.63636,35.72863],[139.63613,35.72869],[139.63583,35.72886],[139.63566,35.72887],[139.63537,35.72879],[139.6351,35.72862],[139.63495,35.72845],[139.63486,35.72817],[139.63473,35.72816],[139.63445,35.72823],[139.63419,35.72819],[139.6338,35.72799],[139.63361,35.72775],[139.63353,35.72746],[139.63356,35.72714],[139.63366,35.72689],[139.63396,35.72653],[139.63406,35.72615],[139.63409,35.72562],[139.63405,35.72523],[139.6339,35.72468],[139.63353,35.72399],[139.6333,35.72342],[139.63296,35.72197],[139.63272,35.7215],[139.63229,35.72094],[139.63217,35.72057],[139.6322,35.72032],[139.6323,35.72015],[139.63272,35.71971],[139.63287,35.71947],[139.63299,35.71901],[139.63309,35.71798],[139.63355,35.71713],[139.63354,35.71695],[139.63343,35.71675],[139.63287,35.71628],[139.63225,35.71603],[139.63197,35.716],[139.63169,35.71603],[139.63128,35.71621],[139.63088,35.71652],[139.63062,35.71679],[139.6305,35.71711],[139.63044,35.71717],[139.63032,35.71718],[139.62977,35.71711],[139.62952,35.71718],[139.62932,35.71734],[139.62922,35.71762],[139.62931,35.71814],[139.62905,35.71877],[139.62904,35.71896],[139.62916,35.71913],[139.62928,35.71921],[139.62996,35.71951],[139.6304,35.72033],[139.63041,35.72062],[139.63032,35.72097],[139.63034,35.72117],[139.63077,35.72222],[139.63106,35.72374],[139.63123,35.72414],[139.63147,35.72442],[139.63158,35.72471],[139.6316,35.7251],[139.63155,35.72548],[139.63114,35.72631],[139.63121,35.72673],[139.63117,35.72686],[139.63095,35.72701],[139.63057,35.72711],[139.63023,35.72726],[139.62964,35.72774],[139.62943,35.72781],[139.62873,35.72791],[139.62857,35.72807],[139.62854,35.7283],[139.62845,35.72842],[139.62819,35.72851],[139.62767,35.72856],[139.62742,35.72866],[139.62687,35.72912],[139.62664,35.72926],[139.62627,35.72933],[139.62586,35.72928],[139.62561,35.72929],[139.62526,35.72942],[139.6248,35.72971],[139.6245,35.7298],[139.62395,35.72987],[139.62357,35.72983],[139.62328,35.72963],[139.6231,35.72928],[139.62303,35.72878],[139.62298,35.72775],[139.62285,35.72735],[139.62249,35.72704],[139.62217,35.72638],[139.62194,35.7262],[139.62165,35.72609],[139.62154,35.72595],[139.62175,35.72551],[139.62184,35.72504],[139.62193,35.72338],[139.62191,35.72189],[139.62185,35.72124],[139.62176,35.72084],[139.62157,35.72066],[139.62148,35.72047],[139.6214,35.71996],[139.62142,35.71897],[139.62152,35.71821],[139.62171,35.71745],[139.62169,35.71699],[139.62147,35.71658],[139.62128,35.7164],[139.62074,35.71607],[139.62009,35.71582],[139.61957,35.7157],[139.61919,35.7157],[139.61905,35.71575],[139.61856,35.71629],[139.61809,35.7165],[139.61799,35.71659],[139.61798,35.71671],[139.61816,35.71704],[139.61819,35.71726],[139.61808,35.71767],[139.61789,35.718],[139.6178,35.71846],[139.61795,35.71947],[139.61877,35.72178],[139.61897,35.72255],[139.61905,35.72317],[139.61898,35.72412],[139.619,35.7246],[139.61923,35.72584],[139.6192,35.72633],[139.61902,35.7268],[139.61871,35.72726],[139.61819,35.72788],[139.61802,35.72818],[139.61798,35.7284],[139.61828,35.72879],[139.61833,35.72911],[139.61824,35.72934],[139.61791,35.72946],[139.61787,35.72977],[139.61797,35.73016],[139.61819,35.73043],[139.6184,35.73051],[139.61878,35.73055],[139.61895,35.73064],[139.61904,35.7309],[139.61899,35.73117],[139.61883,35.73138],[139.61855,35.73152],[139.61815,35.73157],[139.61698,35.73151],[139.61661,35.73158],[139.61646,35.73173],[139.61628,35.7318],[139.61543,35.73173],[139.61435,35.73185],[139.61301,35.73213],[139.61274,35.73224],[139.61259,35.7324],[139.61237,35.73251],[139.61153,35.73257],[139.61117,35.73264],[139.61098,35.73275],[139.61091,35.73286],[139.61077,35.73334],[139.61066,35.73342],[139.61031,35.73346],[139.61023,35.73351],[139.61031,35.73367],[139.6106,35.73396],[139.6106,35.73406],[139.61047,35.73411],[139.60999,35.73416],[139.6098,35.73426],[139.60966,35.73446],[139.60947,35.73502],[139.60862,35.73559],[139.60848,35.73571],[139.60838,35.73587],[139.60847,35.73598],[139.60882,35.73611],[139.60893,35.73621],[139.60908,35.73651],[139.60917,35.73696],[139.60919,35.73782],[139.60927,35.73847],[139.60936,35.73874],[139.60959,35.73904],[139.60964,35.73925],[139.60954,35.74011],[139.60956,35.7403],[139.60964,35.74041],[139.60995,35.7405],[139.61005,35.74083],[139.61042,35.74114],[139.61053,35.74152],[139.61058,35.74251],[139.61068,35.74293],[139.61098,35.74332],[139.61109,35.74353],[139.61129,35.74427],[139.61143,35.74459],[139.61155,35.74469],[139.6118,35.74475],[139.6119,35.74487],[139.61193,35.7451],[139.61187,35.74533],[139.61157,35.7457],[139.61153,35.74579],[139.61165,35.74591],[139.61212,35.74612],[139.61225,35.74647],[139.61257,35.74671],[139.61274,35.74711],[139.6129,35.74814],[139.61293,35.74886],[139.61283,35.74926],[139.61252,35.7495],[139.61247,35.74975],[139.61259,35.74988],[139.61285,35.74991],[139.6131,35.75001],[139.61379,35.75047],[139.6141,35.75057],[139.6144,35.75057],[139.61455,35.75052],[139.61464,35.75042],[139.6147,35.75006],[139.61476,35.74997],[139.61522,35.74983],[139.61549,35.74957],[139.61575,35.74953],[139.61639,35.74959],[139.61676,35.74946],[139.61708,35.74918],[139.61715,35.74906],[139.61716,35.7488],[139.61702,35.74851],[139.61634,35.74785],[139.61599,35.74731],[139.61591,35.74693],[139.61598,35.74621],[139.61596,35.74596],[139.61588,35.7458],[139.6157,35.74568],[139.61557,35.7455],[139.61547,35.74493],[139.61526,35.74476],[139.61463,35.74469],[139.61439,35.74462],[139.61405,35.74442],[139.61381,35.74418],[139.61375,35.74404],[139.61378,35.74391],[139.61401,35.74367],[139.61412,35.74346],[139.61414,35.74321],[139.6141,35.74307],[139.61395,35.7429],[139.61359,35.74275],[139.61339,35.74261],[139.61324,35.74206],[139.61276,35.74153],[139.61262,35.74125],[139.6125,35.74068],[139.61248,35.73997],[139.61241,35.73943],[139.61231,35.73919],[139.61203,35.73886],[139.61194,35.73856],[139.61202,35.73822],[139.61249,35.73772],[139.61257,35.73746],[139.61249,35.7373],[139.61222,35.73703],[139.61207,35.73665],[139.61212,35.7354],[139.61204,35.73528],[139.61178,35.73519],[139.61157,35.73493],[139.61132,35.73435],[139.61128,35.73407],[139.61152,35.7342],[139.61175,35.73426],[139.6124,35.73425],[139.61323,35.73408],[139.6134,35.73398],[139.61354,35.73383],[139.61368,35.73379],[139.61397,35.73383],[139.61438,35.73397],[139.61468,35.734],[139.61516,35.7339],[139.6157,35.73368],[139.61649,35.73359],[139.61717,35.73362],[139.61797,35.73371],[139.61834,35.7338],[139.61895,35.73407],[139.61919,35.73426],[139.61955,35.73472],[139.6199,35.73582],[139.62013,35.7362],[139.62041,35.73643],[139.62091,35.73658],[139.62121,35.7368],[139.62159,35.73736],[139.62218,35.73866],[139.62234,35.73884],[139.62267,35.73895],[139.6228,35.7393],[139.62328,35.73966],[139.62344,35.73988],[139.62357,35.74018],[139.62375,35.741],[139.62388,35.74136],[139.62418,35.74178],[139.62467,35.74219],[139.62482,35.74248],[139.62491,35.74284],[139.625,35.74385],[139.62511,35.74414],[139.62528,35.74436],[139.62549,35.74451],[139.6258,35.74457],[139.62601,35.74451],[139.62655,35.74417],[139.62706,35.74407],[139.62756,35.74411],[139.62812,35.74435],[139.62823,35.74427],[139.62836,35.74393],[139.62839,35.74334],[139.62831,35.74313],[139.62795,35.74281],[139.62774,35.74247],[139.62743,35.74161],[139.62712,35.74044],[139.62689,35.73986],[139.62677,35.73965],[139.62652,35.73939],[139.62638,35.73933],[139.62599,35.73929],[139.62578,35.73919],[139.6256,35.73904],[139.62522,35.73855],[139.62504,35.73842],[139.62474,35.7383],[139.62456,35.73816],[139.62436,35.73774],[139.62418,35.73682],[139.62392,35.73612],[139.62366,35.73569],[139.62306,35.7349],[139.62286,35.73453],[139.62263,35.73343],[139.62237,35.73319],[139.62174,35.73297],[139.62165,35.73287],[139.62163,35.73276],[139.62175,35.73265],[139.62202,35.73254],[139.62389,35.73209],[139.62408,35.73198],[139.62414,35.73182],[139.62423,35.73174],[139.62517,35.7316],[139.62557,35.73129],[139.62655,35.73115],[139.62682,35.73092],[139.627,35.73084],[139.62743,35.73078],[139.62802,35.73076],[139.62852,35.73063],[139.62879,35.73048],[139.62939,35.72996],[139.62984,35.72983],[139.63002,35.72951],[139.63039,35.72934],[139.63102,35.72917],[139.63145,35.72912],[139.63182,35.72916],[139.63223,35.72937],[139.63247,35.72974],[139.63253,35.73021],[139.63219,35.7317],[139.63213,35.73313],[139.63205,35.73381],[139.63195,35.73412],[139.63163,35.73465],[139.63158,35.73499],[139.6316,35.73513],[139.63171,35.73525],[139.63201,35.73531],[139.63221,35.73544],[139.63236,35.73571],[139.6324,35.73599],[139.63235,35.73614],[139.63203,35.73637],[139.63194,35.73657],[139.63187,35.73688],[139.63179,35.73815],[139.63166,35.73848],[139.63143,35.73865],[139.63148,35.73874],[139.63166,35.73884],[139.63179,35.73908],[139.63183,35.73981],[139.63176,35.74008],[139.63165,35.74029],[139.63128,35.74056],[139.63114,35.74073],[139.63102,35.74106],[139.63095,35.74167],[139.63088,35.74182],[139.63064,35.74199],[139.63057,35.74214],[139.63055,35.74249],[139.63062,35.74296],[139.63058,35.74321],[139.63036,35.74345],[139.62999,35.74356],[139.62982,35.74367],[139.62973,35.74391],[139.62983,35.74422],[139.63008,35.7444],[139.63034,35.74444],[139.63083,35.74438],[139.63119,35.74439],[139.6314,35.7445],[139.63143,35.74461],[139.63133,35.7447],[139.63109,35.74478],[139.63025,35.74491],[139.62975,35.74506],[139.62949,35.74527],[139.62945,35.74543],[139.62949,35.74554],[139.62971,35.74564],[139.63018,35.74563],[139.63039,35.74554],[139.63047,35.74534],[139.6307,35.74521],[139.63138,35.74507],[139.63173,35.74507],[139.63209,35.7452],[139.63232,35.74559],[139.63265,35.74583],[139.63322,35.74598],[139.63392,35.74602],[139.63455,35.74594],[139.63545,35.74559],[139.63583,35.7455],[139.63715,35.74539],[139.63741,35.74533],[139.63774,35.74514],[139.63799,35.74506],[139.63837,35.74511],[139.63879,35.74533],[139.63931,35.74582],[139.63966,35.74603],[139.6407,35.74622],[139.64138,35.74649],[139.64218,35.74687],[139.64289,35.74711],[139.6433,35.74716],[139.64394,35.7471],[139.6442,35.74714],[139.64433,35.74739],[139.64448,35.7475],[139.6452,35.74779],[139.6456,35.74803],[139.64611,35.74863],[139.64631,35.74878],[139.64655,35.74889],[139.64693,35.74899],[139.64719,35.74914],[139.64728,35.74928],[139.6473,35.74951],[139.64738,35.74967],[139.64767,35.74974],[139.6478,35.74984],[139.64793,35.75042],[139.64822,35.75073],[139.64835,35.75096],[139.6484,35.75126],[139.64835,35.75162],[139.64822,35.75175],[139.64803,35.75178],[139.64794,35.75194],[139.64801,35.75252],[139.64792,35.75282],[139.64775,35.75295],[139.64737,35.75305],[139.64707,35.7532],[139.6467,35.7537],[139.64647,35.75385],[139.64617,35.75395],[139.64594,35.75413],[139.64562,35.75477],[139.64551,35.75487],[139.64525,35.75493],[139.64513,35.755],[139.64479,35.75567],[139.64462,35.7558],[139.64442,35.75584],[139.6443,35.75596],[139.64403,35.75688],[139.64385,35.75716],[139.64373,35.75728],[139.64342,35.75744],[139.6427,35.75762],[139.6425,35.7578],[139.64242,35.75805],[139.64246,35.75867],[139.64238,35.75891],[139.64216,35.75911],[139.64147,35.75941],[139.64092,35.75828],[139.64056,35.75787],[139.64037,35.75774],[139.63993,35.75756],[139.63915,35.75744],[139.6386,35.75726],[139.63838,35.75709],[139.63823,35.75677],[139.63801,35.75653],[139.6378,35.75642],[139.63715,35.75622],[139.63659,35.75587],[139.6363,35.75553],[139.63615,35.75498],[139.63595,35.75483],[139.63547,35.75462],[139.63492,35.75398],[139.63461,35.75381],[139.63409,35.75374],[139.63386,35.75362],[139.63358,35.75325],[139.63329,35.75256],[139.63309,35.75226],[139.63274,35.75215],[139.6326,35.75205],[139.63226,35.75158],[139.63201,35.75137],[139.63182,35.7513],[139.63153,35.75127],[139.63139,35.75118],[139.63127,35.75092],[139.63124,35.75043],[139.63113,35.75026],[139.63088,35.7503],[139.63072,35.75026],[139.63045,35.75008],[139.62987,35.74956],[139.62971,35.74949],[139.62951,35.74949],[139.62934,35.74958],[139.62912,35.74993],[139.62899,35.75005],[139.62869,35.75014],[139.62815,35.7502],[139.62788,35.75029],[139.62746,35.75055],[139.62701,35.75095],[139.62684,35.75125],[139.62689,35.75143],[139.62733,35.75157],[139.6276,35.75197],[139.6278,35.75212],[139.6281,35.75226],[139.62897,35.75251],[139.62932,35.75271],[139.62957,35.75298],[139.62981,35.75369],[139.63001,35.75397],[139.63031,35.75414],[139.63072,35.75421],[139.6312,35.75424],[139.63188,35.75446],[139.63232,35.75473],[139.63339,35.75565],[139.63361,35.75577],[139.63393,35.75584],[139.634,35.75594],[139.63403,35.75611],[139.63418,35.75628],[139.63494,35.75669],[139.63506,35.75684],[139.63522,35.75744],[139.6356,35.75817],[139.63588,35.75858],[139.63622,35.75888],[139.63641,35.75898],[139.63683,35.75908],[139.63801,35.75905],[139.63821,35.75911],[139.63836,35.75926],[139.63851,35.75934],[139.63947,35.75946],[139.63957,35.75952],[139.63968,35.75968],[139.63965,35.76016],[139.63973,35.76034],[139.63993,35.76043],[139.64065,35.7604],[139.64112,35.76048],[139.64134,35.76061],[139.64177,35.76113],[139.64205,35.76122],[139.64195,35.76137],[139.64157,35.76161],[139.63952,35.76279],[139.63968,35.76237],[139.63966,35.76222],[139.63943,35.76213],[139.63892,35.76215],[139.63855,35.76227],[139.63786,35.76272],[139.6374,35.76283],[139.63723,35.76315],[139.63704,35.76316],[139.63673,35.7631],[139.6363,35.76314],[139.63576,35.76331],[139.63521,35.76357],[139.6349,35.76386],[139.63482,35.76408],[139.63483,35.76429],[139.63495,35.7646],[139.63532,35.76486],[139.63537,35.76501],[139.63534,35.76513],[139.63507,35.7654],[139.63407,35.76603],[139.63376,35.76627],[139.63355,35.76659],[139.6336,35.767],[139.6335,35.76705],[139.63315,35.76706],[139.63314,35.76761],[139.6331,35.76774],[139.63302,35.76771],[139.63277,35.76736],[139.63252,35.76715],[139.63224,35.76706],[139.63199,35.76709],[139.63194,35.76722],[139.63213,35.76751],[139.63214,35.76767],[139.63204,35.76773],[139.63148,35.76781],[139.63118,35.76799],[139.63103,35.76821],[139.63111,35.76849],[139.63102,35.76859],[139.63059,35.76864],[139.63026,35.76855],[139.6301,35.76842],[139.62991,35.76803],[139.62973,35.76782],[139.62947,35.76773],[139.62927,35.76775],[139.62904,35.76791],[139.62879,35.76849],[139.62849,35.76882],[139.62819,35.76899],[139.62722,35.76933],[139.62709,35.76945],[139.62705,35.7696],[139.62696,35.76966],[139.6267,35.76967],[139.62622,35.7696],[139.62601,35.76964],[139.62588,35.76991],[139.62569,35.76997],[139.62539,35.77],[139.62518,35.77008],[139.62497,35.77024],[139.62453,35.77073],[139.62419,35.77093],[139.624,35.77097],[139.62408,35.77125],[139.62502,35.77251],[139.62526,35.77228],[139.6256,35.77302],[139.6254,35.77318],[139.62526,35.77369],[139.62428,35.77413],[139.62421,35.77433],[139.62418,35.77461],[139.62445,35.7751],[139.62445,35.77648],[139.62458,35.77713],[139.62444,35.77818],[139.62449,35.7784],[139.62473,35.77872],[139.62471,35.78011],[139.62449,35.7805],[139.62453,35.78081],[139.62567,35.78175],[139.62582,35.78204],[139.62636,35.78235],[139.62717,35.78257],[139.62774,35.78313],[139.62793,35.78374],[139.6279,35.78424],[139.62813,35.78428],[139.62809,35.78433],[139.62789,35.78437],[139.62787,35.78466],[139.62907,35.78574],[139.63035,35.78536],[139.63169,35.78634],[139.63173,35.78639],[139.63206,35.78638],[139.63236,35.78659],[139.63321,35.78668],[139.63347,35.78677],[139.63366,35.78693],[139.63387,35.78742],[139.63404,35.78762],[139.63431,35.78774],[139.63487,35.7878],[139.6352,35.78773],[139.63544,35.78759],[139.63557,35.78735],[139.63563,35.78689],[139.63571,35.78676],[139.63598,35.78657],[139.63641,35.78647],[139.63785,35.78638],[139.63805,35.7863],[139.63816,35.78609],[139.63828,35.78607],[139.63878,35.78615],[139.6389,35.78607],[139.63894,35.78592],[139.63907,35.78585],[139.6393,35.7858],[139.64003,35.78576],[139.64046,35.7856],[139.64064,35.78541],[139.64084,35.78492],[139.641,35.78476],[139.64121,35.78467],[139.64171,35.78461],[139.64197,35.78444],[139.64212,35.78415],[139.64213,35.7838],[139.64205,35.78369],[139.64193,35.78362],[139.64167,35.78367],[139.64133,35.7839],[139.64081,35.78438],[139.64059,35.78451],[139.64041,35.78456],[139.64027,35.78452],[139.64011,35.78442],[139.64003,35.78428],[139.64004,35.78412],[139.64022,35.78394],[139.6408,35.78372],[139.64132,35.78337],[139.64161,35.78307],[139.64177,35.78269],[139.64188,35.78265],[139.64215,35.78263],[139.6423,35.78255],[139.64235,35.78226],[139.64212,35.78141],[139.64212,35.78107],[139.64247,35.78074],[139.64261,35.78014],[139.64308,35.7797],[139.64345,35.77956],[139.6437,35.77955],[139.64476,35.77977],[139.64531,35.77981],[139.64563,35.77977],[139.64603,35.77963],[139.64629,35.77959],[139.64638,35.77963],[139.6464,35.77978],[139.64648,35.77985],[139.64677,35.77978],[139.6469,35.77979],[139.64697,35.78005],[139.64708,35.78013],[139.64754,35.78012],[139.64781,35.78003],[139.64797,35.77992],[139.64814,35.77952],[139.64843,35.77947],[139.64855,35.7794],[139.64869,35.77918],[139.64881,35.77888],[139.64892,35.77876],[139.64907,35.77873],[139.64945,35.77887],[139.64968,35.77888],[139.64979,35.7788],[139.64991,35.77858],[139.65005,35.77845],[139.65054,35.77849],[139.65088,35.77818],[139.65158,35.77796],[139.65181,35.77782],[139.6521,35.77747],[139.65231,35.777],[139.65252,35.77668],[139.65266,35.77658],[139.65299,35.77649],[139.65305,35.77625],[139.65317,35.77611],[139.65379,35.77583],[139.65392,35.77548],[139.6543,35.77522],[139.6544,35.77501],[139.65444,35.77461],[139.65451,35.77443],[139.65461,35.77439],[139.65488,35.77444],[139.65502,35.77437],[139.65522,35.77414],[139.65534,35.77391],[139.6554,35.77369],[139.65538,35.77346],[139.65518,35.773],[139.65515,35.77274],[139.65527,35.7723],[139.65558,35.77169],[139.65561,35.77147],[139.65553,35.77133],[139.65518,35.77113],[139.65507,35.77093],[139.6549,35.76965],[139.65481,35.76945],[139.65459,35.76922],[139.65458,35.76913],[139.65481,35.76896],[139.65488,35.76883],[139.65489,35.76853],[139.65483,35.76813],[139.65492,35.76774],[139.65509,35.76749],[139.65546,35.76714],[139.65572,35.76671],[139.65581,35.76637],[139.65586,35.76581],[139.65599,35.7655],[139.65609,35.76537],[139.65638,35.76517],[139.65696,35.76497],[139.65751,35.76468],[139.65783,35.76441],[139.65811,35.76409],[139.65848,35.76382],[139.65871,35.76373],[139.65926,35.76361],[139.66095,35.76363],[139.66163,35.7635],[139.66177,35.76343],[139.6621,35.76305],[139.66227,35.76295],[139.66246,35.76291],[139.66283,35.76297],[139.66295,35.76293],[139.66305,35.76259],[139.66328,35.7624],[139.66431,35.76217],[139.66457,35.76207],[139.66475,35.76193],[139.66492,35.76165],[139.66508,35.76156],[139.66527,35.7616],[139.66543,35.76182],[139.66551,35.76222],[139.66554,35.76291],[139.66564,35.76321],[139.66575,35.76328],[139.66589,35.7633],[139.66603,35.76341],[139.66671,35.76459],[139.66724,35.76521],[139.66792,35.76587],[139.66827,35.76631],[139.66861,35.76693],[139.66888,35.7679],[139.669,35.76807],[139.66931,35.76831],[139.66968,35.76926],[139.66991,35.76958],[139.67032,35.76998],[139.67037,35.77012],[139.67032,35.77045],[139.6704,35.77053],[139.67075,35.77066],[139.67091,35.77077],[139.67092,35.77087],[139.67086,35.77104],[139.67095,35.77127],[139.67137,35.77168],[139.67188,35.77199],[139.67263,35.77214],[139.67333,35.77255],[139.67348,35.77255],[139.67363,35.77236],[139.67368,35.77215],[139.67363,35.7719],[139.67351,35.77179],[139.67304,35.77158],[139.67297,35.77148],[139.67297,35.77133],[139.67309,35.7712],[139.67343,35.77114],[139.67359,35.77078],[139.67414,35.77049],[139.67422,35.77031],[139.67424,35.77006],[139.67413,35.76959],[139.67396,35.76932],[139.67369,35.76911],[139.6728,35.76878],[139.67249,35.76861],[139.67233,35.76825],[139.67204,35.76808],[139.67195,35.76797],[139.67178,35.7672],[139.67167,35.767],[139.67116,35.76646],[139.67105,35.76616],[139.67098,35.76568],[139.67086,35.76556],[139.67066,35.76553],[139.67054,35.76546],[139.6704,35.76525],[139.6702,35.76476],[139.66972,35.76432],[139.66932,35.76317],[139.66914,35.76286],[139.66845,35.762],[139.6683,35.76158],[139.66823,35.76094],[139.6681,35.76068],[139.66774,35.76042],[139.66726,35.76035],[139.66689,35.76046],[139.66652,35.76079],[139.66641,35.76084],[139.66626,35.76072],[139.66608,35.76035],[139.66592,35.76025],[139.66571,35.76021],[139.66498,35.76029],[139.66465,35.76022],[139.66446,35.76004],[139.66441,35.75974],[139.6645,35.7596],[139.66487,35.75943],[139.6659,35.75926],[139.66617,35.75918],[139.66632,35.75908],[139.66638,35.75891],[139.66648,35.75895],[139.66685,35.75932],[139.66692,35.75915],[139.66712,35.75904],[139.66783,35.759],[139.66816,35.75893],[139.66826,35.75886],[139.66832,35.75866],[139.66848,35.75857],[139.66875,35.75855],[139.66901,35.7586],[139.66914,35.75866],[139.66932,35.75885],[139.66948,35.75889],[139.66984,35.75885],[139.67032,35.75869],[139.67056,35.75856],[139.67071,35.75842],[139.67086,35.75794],[139.67128,35.75781],[139.67141,35.7575],[139.67212,35.75736],[139.67255,35.75701],[139.67391,35.75654],[139.67421,35.7564],[139.67456,35.75615],[139.67482,35.75586],[139.67505,35.75536],[139.6751,35.75509],[139.67501,35.75473],[139.67484,35.75453],[139.67458,35.75435],[139.67435,35.75423],[139.67409,35.75419],[139.67379,35.75441],[139.67299,35.75437],[139.67237,35.75468],[139.67133,35.75488],[139.67094,35.755],[139.67081,35.75509],[139.67065,35.75546],[139.6702,35.75586],[139.66981,35.75605],[139.66903,35.75624],[139.66874,35.75638],[139.66868,35.75652],[139.66872,35.75687],[139.66857,35.75696],[139.66828,35.757],[139.66805,35.75719],[139.66776,35.75802],[139.66763,35.75823],[139.66737,35.75842],[139.66709,35.75843],[139.66688,35.75822],[139.66675,35.75779],[139.66659,35.75747],[139.66631,35.75718],[139.66591,35.75692],[139.66463,35.75631],[139.66446,35.75616],[139.66438,35.75594],[139.66429,35.75585],[139.66386,35.75568],[139.6637,35.75557],[139.66352,35.75532],[139.66337,35.75498],[139.66313,35.75469],[139.66251,35.75414],[139.66122,35.75315],[139.66087,35.75279],[139.66077,35.75256],[139.66051,35.75248],[139.65989,35.75243],[139.65945,35.75221],[139.6592,35.75194],[139.65862,35.75103],[139.65846,35.7509],[139.65806,35.75079],[139.65759,35.75048],[139.65707,35.74999],[139.65689,35.74957],[139.65651,35.7494],[139.65635,35.74925],[139.65626,35.749],[139.65625,35.74863],[139.65634,35.74793],[139.65648,35.74746],[139.6566,35.7473],[139.65689,35.74722],[139.65705,35.74709],[139.65744,35.74664],[139.6577,35.74641],[139.65822,35.7462],[139.65956,35.74608],[139.65971,35.746],[139.65981,35.74584],[139.66043,35.74567],[139.66223,35.74545],[139.66384,35.74536],[139.66428,35.74541],[139.66475,35.74563],[139.66521,35.74556],[139.66531,35.74559],[139.66556,35.74584],[139.66566,35.74586],[139.66597,35.7458],[139.6663,35.74585],[139.66709,35.74608],[139.66874,35.74666],[139.66919,35.74678],[139.66983,35.74689],[139.67019,35.7471],[139.671,35.74779],[139.67142,35.74795],[139.67212,35.74804],[139.67225,35.74811],[139.67246,35.74835],[139.67282,35.74843],[139.67292,35.7485],[139.673,35.74871],[139.67302,35.74903],[139.67313,35.74927],[139.67328,35.74938],[139.67376,35.7496],[139.67392,35.74999],[139.67426,35.75019],[139.67436,35.75032],[139.67438,35.75048],[139.67433,35.75062],[139.67399,35.75088],[139.6744,35.75108],[139.67458,35.75124],[139.67483,35.75164],[139.67505,35.75219],[139.67537,35.75259],[139.67565,35.75275],[139.67599,35.75283],[139.67645,35.75285],[139.67684,35.75278],[139.67715,35.7526],[139.67734,35.75228],[139.67742,35.75179],[139.67737,35.75111],[139.67724,35.75078],[139.67696,35.75042],[139.67686,35.74969],[139.67674,35.74943],[139.6766,35.74934],[139.6762,35.74929],[139.67589,35.74917],[139.67558,35.74894],[139.67537,35.74863],[139.67532,35.74836],[139.67538,35.74749],[139.67529,35.74731],[139.67503,35.74717],[139.67486,35.74696],[139.67471,35.74629],[139.67469,35.74445],[139.6748,35.74339],[139.67501,35.74308],[139.67532,35.743],[139.67542,35.74293],[139.6756,35.74226],[139.67596,35.74184],[139.67635,35.74152],[139.67719,35.74097],[139.6776,35.74078],[139.67796,35.74072],[139.67824,35.74057],[139.6785,35.74025],[139.67859,35.73985],[139.67879,35.73968],[139.67914,35.73951],[139.67995,35.73926],[139.68048,35.73915],[139.68105,35.73915],[139.68128,35.73926],[139.68163,35.73958],[139.68197,35.73966],[139.68208,35.73973],[139.68243,35.7404],[139.68254,35.7405],[139.68279,35.74055],[139.68292,35.74065],[139.68298,35.74101],[139.6831,35.74123],[139.68372,35.7417],[139.68385,35.74205],[139.68417,35.74217],[139.68434,35.74262],[139.68455,35.74425],[139.68471,35.74481],[139.68481,35.74502],[139.68507,35.7453],[139.68555,35.74546],[139.68568,35.74553],[139.68587,35.74573],[139.68598,35.74602],[139.68605,35.74675],[139.68626,35.74717],[139.687,35.74777],[139.68716,35.7481],[139.68749,35.74791],[139.68778,35.74784],[139.68828,35.74789],[139.68838,35.74793],[139.68846,35.74806],[139.68829,35.74835],[139.68765,35.74884],[139.68719,35.74901],[139.68662,35.74898],[139.68634,35.74905],[139.68593,35.74933],[139.68548,35.74981],[139.68503,35.75011],[139.68409,35.75051],[139.68294,35.75086],[139.68237,35.75114],[139.68216,35.7513],[139.6819,35.75171],[139.68185,35.75205],[139.68184,35.75271],[139.68252,35.75246],[139.68267,35.75248],[139.68257,35.75279],[139.68199,35.75376],[139.68196,35.75404],[139.68207,35.75414],[139.68233,35.75422],[139.68275,35.75427],[139.68397,35.7543],[139.68462,35.75436],[139.68484,35.75444],[139.6849,35.7546],[139.6851,35.7547],[139.68605,35.75481],[139.6862,35.7549],[139.6863,35.75526],[139.68646,35.75539],[139.68683,35.75543],[139.68714,35.75553],[139.68766,35.75588],[139.68801,35.75604],[139.68867,35.75611],[139.68896,35.75621],[139.68936,35.75669],[139.68966,35.75684],[139.69005,35.75695],[139.69039,35.75719],[139.69057,35.75744],[139.6908,35.75792],[139.69116,35.75834],[139.69149,35.75856],[139.69224,35.7589],[139.69268,35.75917],[139.69277,35.75929],[139.69279,35.75952],[139.69253,35.76025],[139.69252,35.76061],[139.69262,35.76082],[139.69298,35.76122],[139.69313,35.76154],[139.69336,35.76266],[139.69354,35.7632],[139.6937,35.76343],[139.69407,35.7637],[139.69423,35.76396],[139.69425,35.76438],[139.69408,35.7648],[139.69372,35.76505],[139.69312,35.76514],[139.69283,35.76527],[139.69246,35.76549],[139.69179,35.766],[139.6914,35.76638],[139.69112,35.76672],[139.69097,35.76704],[139.6909,35.76745],[139.69081,35.76756],[139.69068,35.76764],[139.69029,35.76777],[139.68881,35.76789],[139.68858,35.76797],[139.68824,35.76819],[139.68805,35.76851],[139.68783,35.76935],[139.68743,35.77009],[139.68734,35.77083],[139.68744,35.77129],[139.6877,35.7717],[139.68815,35.77213],[139.68821,35.77231],[139.68815,35.77246],[139.68788,35.77264],[139.68769,35.77291],[139.68756,35.77377],[139.68743,35.77403],[139.68726,35.77421],[139.68725,35.7743],[139.68743,35.77442],[139.6878,35.77452],[139.68806,35.77473],[139.68814,35.77494],[139.68823,35.7755],[139.68838,35.77581],[139.68908,35.77663],[139.68937,35.77707],[139.68943,35.77733],[139.68935,35.77776],[139.68937,35.77791],[139.68945,35.77802],[139.68963,35.77812],[139.68976,35.77827],[139.6898,35.77865],[139.68964,35.7789],[139.68906,35.77935],[139.6888,35.77966],[139.68845,35.78034],[139.68812,35.7812],[139.68773,35.78182],[139.68759,35.78195],[139.68727,35.78211],[139.68694,35.78216],[139.68662,35.78215],[139.68651,35.78209],[139.68646,35.78193],[139.68631,35.78184],[139.68456,35.78147],[139.68407,35.78126],[139.68381,35.78108],[139.6836,35.78086],[139.68344,35.7806],[139.68325,35.77997],[139.68307,35.77962],[139.68291,35.77948],[139.68255,35.77932],[139.68247,35.77922],[139.68251,35.77869],[139.68213,35.77856],[139.68186,35.77817],[139.68171,35.77803],[139.68135,35.77789],[139.68086,35.77778],[139.68058,35.77765],[139.68025,35.77736],[139.68001,35.77696],[139.67961,35.7767],[139.67924,35.77661],[139.67823,35.77655],[139.67796,35.77644],[139.67793,35.77634],[139.67798,35.77621],[139.67839,35.7761],[139.67848,35.77589],[139.67835,35.77573],[139.67793,35.77567],[139.67781,35.77556],[139.67776,35.77537],[139.67781,35.77479],[139.67771,35.77459],[139.6776,35.77454],[139.67729,35.77451],[139.676,35.77471],[139.67525,35.77465],[139.67504,35.7747],[139.67488,35.77484],[139.67477,35.77505],[139.6747,35.77543],[139.67475,35.77569],[139.67505,35.7759],[139.67524,35.77621],[139.67532,35.77642],[139.67526,35.77662],[139.67484,35.77688],[139.67318,35.77729],[139.67299,35.7774],[139.67293,35.77756],[139.67282,35.77762],[139.67202,35.77759],[139.67178,35.77769],[139.67163,35.77792],[139.67154,35.7787],[139.67135,35.77915],[139.67111,35.77933],[139.67052,35.77952],[139.67035,35.7797],[139.6703,35.7801],[139.67041,35.78055],[139.67057,35.7808],[139.67095,35.78094],[139.67108,35.78127],[139.67155,35.78148],[139.67165,35.78159],[139.67164,35.78183],[139.67145,35.78231],[139.67146,35.7826],[139.67164,35.78313],[139.67196,35.78365],[139.67233,35.78395],[139.67259,35.78402],[139.67298,35.78405],[139.67319,35.78413],[139.67338,35.78424],[139.67373,35.78459],[139.67421,35.78476],[139.67442,35.78502],[139.6747,35.78562],[139.67488,35.78588],[139.67522,35.78618],[139.67574,35.78646],[139.67605,35.7868],[139.67628,35.78727],[139.67644,35.78784],[139.6766,35.78959],[139.67679,35.78993],[139.67713,35.79008],[139.67718,35.79016],[139.67715,35.79026],[139.67692,35.79049],[139.67682,35.7907],[139.67679,35.79094],[139.67688,35.79103],[139.6777,35.79128],[139.67933,35.79154],[139.68132,35.79174],[139.68272,35.79178],[139.68353,35.79167],[139.68386,35.79154],[139.68406,35.79137],[139.68414,35.79118],[139.68409,35.79086],[139.68414,35.79059],[139.68426,35.79044],[139.68469,35.79013],[139.68478,35.78998],[139.68489,35.78951],[139.68509,35.78931],[139.68552,35.78902],[139.68561,35.78891],[139.68569,35.78866],[139.68584,35.78862],[139.68621,35.78869],[139.68649,35.78868],[139.68665,35.78862],[139.68684,35.78846],[139.68689,35.78835],[139.68688,35.78824],[139.68661,35.78794],[139.68649,35.78766],[139.68651,35.78741],[139.68664,35.78726],[139.68687,35.78712],[139.6876,35.78688],[139.68791,35.78673],[139.68821,35.78646],[139.68834,35.78614],[139.68848,35.78599],[139.68878,35.78586],[139.68935,35.78578],[139.68947,35.78569],[139.68955,35.78538],[139.68974,35.78516],[139.69065,35.78477],[139.69134,35.78436],[139.69205,35.78373],[139.69218,35.78347],[139.69213,35.78329],[139.69217,35.78322],[139.69229,35.78317],[139.6929,35.78312],[139.69327,35.78304],[139.69369,35.78283],[139.69398,35.78256],[139.69412,35.78223],[139.69403,35.78194],[139.69336,35.78126],[139.69315,35.78096],[139.69254,35.77969],[139.69238,35.77956],[139.69202,35.77954],[139.69201,35.77882],[139.69195,35.7785],[139.69175,35.77813],[139.69133,35.77757],[139.6912,35.77712],[139.69129,35.77666],[139.69175,35.77626],[139.69188,35.77599],[139.69193,35.77569],[139.69182,35.77553],[139.69147,35.77543],[139.69133,35.77517],[139.69122,35.77437],[139.6912,35.77321],[139.69112,35.77238],[139.69103,35.77208],[139.69074,35.77181],[139.69067,35.77151],[139.69071,35.7709],[139.69084,35.77069],[139.6911,35.77052],[139.69112,35.77043],[139.69106,35.77027],[139.69112,35.77021],[139.69153,35.77025],[139.69309,35.77063],[139.69344,35.77067],[139.69389,35.77063],[139.69397,35.77075],[139.69403,35.77109],[139.69423,35.77138],[139.69496,35.77197],[139.69557,35.77219],[139.69584,35.77271],[139.69599,35.77287],[139.69636,35.773],[139.69697,35.77303],[139.69722,35.77312],[139.69738,35.77342],[139.69768,35.77348],[139.69789,35.77359],[139.69906,35.7746],[139.69938,35.77479],[139.69971,35.77488],[139.69999,35.77528],[139.70016,35.77543],[139.70043,35.77557],[139.70153,35.77596],[139.70196,35.77623],[139.70249,35.77671],[139.7028,35.77683],[139.70309,35.77687],[139.70329,35.77702],[139.70337,35.77748],[139.70324,35.77812],[139.7029,35.77886],[139.70243,35.77939],[139.70173,35.77982],[139.70085,35.78015],[139.70003,35.78035],[139.69952,35.78032],[139.69892,35.78077],[139.69858,35.78081],[139.69806,35.78077],[139.69785,35.78083],[139.69767,35.78097],[139.69747,35.78128],[139.69747,35.78143],[139.69756,35.78153],[139.69836,35.78164],[139.69897,35.78195],[139.69932,35.78189],[139.69948,35.78192],[139.69975,35.7821],[139.70012,35.78247],[139.70028,35.78256],[139.7004,35.78222],[139.7007,35.78195],[139.70104,35.78182],[139.70162,35.78174],[139.70219,35.7813],[139.70255,35.78121],[139.70342,35.78126],[139.70357,35.78119],[139.70367,35.7809],[139.70382,35.78078],[139.70427,35.78069],[139.70515,35.78064],[139.70561,35.78047],[139.70582,35.78029],[139.70621,35.77979],[139.70675,35.77939],[139.70685,35.77914],[139.70679,35.77872],[139.70684,35.77848],[139.70696,35.77837],[139.70732,35.77821],[139.70744,35.77808],[139.7075,35.77791],[139.7075,35.7776],[139.70743,35.77739],[139.70733,35.77732],[139.70715,35.7773],[139.70706,35.77723],[139.70713,35.77699],[139.70708,35.77682],[139.70641,35.7764],[139.70621,35.77597],[139.706,35.77581],[139.7055,35.77566],[139.70465,35.77552],[139.70438,35.77541],[139.70423,35.77528],[139.70416,35.77497],[139.70407,35.77485],[139.7035,35.77459],[139.70338,35.77445],[139.70335,35.77428],[139.70322,35.77417],[139.70184,35.77364],[139.70129,35.77325],[139.70076,35.77277],[139.7002,35.77236],[139.69874,35.77162],[139.69809,35.77105],[139.69765,35.77094],[139.69734,35.77077],[139.69664,35.77018],[139.69652,35.77002],[139.69639,35.7697],[139.69571,35.76957],[139.69512,35.7691],[139.69491,35.76911],[139.6947,35.76923],[139.69457,35.76916],[139.69436,35.7688],[139.69418,35.76817],[139.69421,35.76759],[139.69435,35.76726],[139.69474,35.76684],[139.69511,35.76658],[139.69534,35.76649],[139.69582,35.76643],[139.69629,35.7661],[139.69696,35.76589],[139.69846,35.76557],[139.69955,35.76541],[139.70048,35.76535],[139.70195,35.76541],[139.7025,35.76548],[139.70289,35.76559],[139.70304,35.76568],[139.70313,35.76588],[139.70326,35.76596],[139.70365,35.76602],[139.70423,35.76605],[139.7047,35.76617],[139.70492,35.76633],[139.70515,35.76664],[139.7054,35.76685],[139.70558,35.76692],[139.70607,35.767],[139.70632,35.76716],[139.70655,35.76739],[139.7068,35.76751],[139.70713,35.76758],[139.708,35.76763],[139.70833,35.7677],[139.70854,35.76783],[139.7086,35.76791],[139.70863,35.76812],[139.70876,35.76834],[139.70928,35.76863],[139.70984,35.76881],[139.71052,35.76896],[139.7114,35.76903],[139.7119,35.76896],[139.71251,35.76873],[139.7129,35.76848],[139.71306,35.76822],[139.71301,35.76792],[139.71289,35.76763],[139.71196,35.76604],[139.71417,35.76604],[139.71434,35.7666],[139.71446,35.76679],[139.71453,35.76678],[139.71471,35.7666],[139.71497,35.76652],[139.71534,35.76649],[139.71559,35.76662],[139.7159,35.76713],[139.71621,35.76831],[139.7165,35.76891],[139.71673,35.76908],[139.71712,35.76907],[139.71742,35.76921],[139.71755,35.76942],[139.71774,35.77004],[139.7179,35.77031],[139.71811,35.77053],[139.71851,35.77078],[139.71877,35.77086],[139.719,35.77087],[139.71983,35.7706],[139.72063,35.77057],[139.72103,35.7707],[139.72123,35.77085],[139.72148,35.77116],[139.72192,35.77137],[139.72234,35.77144],[139.72349,35.7715],[139.72373,35.77157],[139.72384,35.77166],[139.72386,35.77176],[139.72399,35.7718],[139.72534,35.77157],[139.72547,35.77162],[139.72552,35.77176],[139.72563,35.77184],[139.72654,35.77198],[139.72664,35.77204],[139.72675,35.77223],[139.72672,35.77267],[139.72657,35.7731],[139.72633,35.77339],[139.72605,35.77359],[139.72595,35.77379],[139.72596,35.77423],[139.72617,35.77504],[139.72616,35.7758],[139.72593,35.77697],[139.72575,35.77745],[139.72553,35.77781],[139.72528,35.77807],[139.7247,35.77834],[139.72422,35.77844],[139.7236,35.77847],[139.72334,35.77855],[139.72324,35.7788],[139.72314,35.77889],[139.7225,35.77915],[139.72198,35.7795],[139.72169,35.7798],[139.72158,35.7801],[139.72143,35.78018],[139.72098,35.78024],[139.7199,35.78029],[139.71957,35.78035],[139.71911,35.78054],[139.71888,35.78058],[139.71877,35.78054],[139.71851,35.78029],[139.7182,35.78023],[139.71803,35.78014],[139.71773,35.77967],[139.71757,35.77958],[139.71738,35.77955],[139.7173,35.77948],[139.71729,35.77927],[139.7174,35.77872],[139.71735,35.77827],[139.71718,35.77788],[139.71708,35.77775],[139.71682,35.77758],[139.71665,35.77728],[139.71637,35.77573],[139.71377,35.7759],[139.71325,35.776],[139.71286,35.77611],[139.71261,35.77625],[139.71241,35.77642],[139.71228,35.77662],[139.71222,35.77684],[139.71216,35.77754],[139.71195,35.77805],[139.71121,35.7787],[139.71102,35.77927],[139.71073,35.77935],[139.71056,35.77948],[139.71034,35.78006],[139.71027,35.78053],[139.71033,35.78076],[139.71053,35.78093],[139.71128,35.78119],[139.71136,35.78128],[139.71143,35.78154],[139.71182,35.7818],[139.71201,35.78211],[139.71211,35.78242],[139.71209,35.78263],[139.71202,35.7827],[139.71177,35.78274],[139.71161,35.78282],[139.7115,35.78297],[139.71149,35.78308],[139.71165,35.78325],[139.71212,35.78348],[139.71231,35.78363],[139.71246,35.78391],[139.71257,35.78447],[139.71279,35.78465],[139.71289,35.78479],[139.71294,35.78521],[139.71286,35.78633],[139.71291,35.78669],[139.71303,35.78696],[139.7135,35.78746],[139.71362,35.78775],[139.71397,35.78782],[139.71467,35.7878],[139.71546,35.78771],[139.71582,35.78758],[139.71583,35.78748],[139.71558,35.78719],[139.7154,35.78673],[139.71532,35.78629],[139.71534,35.7856],[139.71544,35.78504],[139.71558,35.78463],[139.7157,35.78447],[139.71599,35.78429],[139.71609,35.78399],[139.71618,35.78392],[139.71634,35.78387],[139.71683,35.78383],[139.71706,35.78374],[139.71726,35.78358],[139.71762,35.78308],[139.71782,35.78294],[139.71838,35.78269],[139.71918,35.78244],[139.72168,35.78186],[139.72282,35.78147],[139.72395,35.78097],[139.72447,35.78084],[139.72498,35.78079],[139.72547,35.78083],[139.72601,35.78093],[139.72628,35.78107],[139.72639,35.78135],[139.72689,35.78173],[139.72714,35.78208],[139.72812,35.78409],[139.72837,35.78438],[139.72864,35.7846],[139.72895,35.78475],[139.7293,35.78484],[139.72968,35.78486],[139.73009,35.78482],[139.73123,35.7845],[139.73175,35.78425],[139.73179,35.78418],[139.73175,35.78411],[139.73156,35.78399],[139.73136,35.78373],[139.73124,35.78283],[139.73098,35.78223],[139.73062,35.78188],[139.72973,35.78156],[139.72965,35.78146],[139.72955,35.7812],[139.72896,35.78092],[139.72891,35.78078],[139.72898,35.78055],[139.72894,35.7805],[139.72862,35.78041],[139.72826,35.78003],[139.72791,35.7794],[139.7278,35.77885],[139.72798,35.77834],[139.72809,35.77821],[139.72835,35.77804],[139.72844,35.77784],[139.72861,35.77622],[139.7288,35.77578],[139.72909,35.7755],[139.72921,35.7753],[139.72926,35.77494],[139.72919,35.77453],[139.7292,35.7742],[139.72927,35.77404],[139.72955,35.7737],[139.72964,35.77321],[139.72978,35.77302],[139.73012,35.77287],[139.73097,35.77272],[139.73204,35.77266],[139.73309,35.77267],[139.73362,35.77276],[139.73402,35.77294],[139.73423,35.77311],[139.73453,35.77351],[139.73479,35.77368],[139.73508,35.77372],[139.73517,35.77368],[139.73529,35.77347],[139.73534,35.77284],[139.73525,35.77191],[139.73514,35.77144],[139.73491,35.77106],[139.73434,35.77095],[139.73393,35.77072],[139.73362,35.77064],[139.73168,35.77053],[139.73129,35.77046],[139.73116,35.77041],[139.73103,35.77027],[139.73111,35.76988],[139.7314,35.76957],[139.7315,35.76938],[139.73167,35.76811],[139.73205,35.76745],[139.73213,35.7672],[139.73209,35.76684],[139.73196,35.76675],[139.73177,35.76672],[139.73164,35.76656],[139.73159,35.76624],[139.73161,35.76587],[139.73172,35.76566],[139.73207,35.76553],[139.73259,35.76509],[139.73307,35.76454],[139.73335,35.76411],[139.73341,35.76391],[139.73333,35.76373],[139.73313,35.7636],[139.73284,35.76355],[139.73279,35.76342],[139.73285,35.7632],[139.73301,35.76299],[139.73315,35.76288],[139.73352,35.76274],[139.73362,35.76261],[139.73361,35.76231],[139.73345,35.76191],[139.73348,35.76152],[139.73362,35.76128],[139.73401,35.76095],[139.73438,35.76074],[139.73472,35.76065],[139.73511,35.7607],[139.7355,35.76091],[139.73567,35.76095],[139.73633,35.76101],[139.7374,35.76103],[139.74124,35.76097],[139.74259,35.76105],[139.74293,35.76118],[139.74298,35.7615],[139.74324,35.76181],[139.74343,35.7619],[139.74369,35.76193],[139.74421,35.76191],[139.74491,35.76178],[139.7452,35.76164],[139.74548,35.76141],[139.74616,35.76132],[139.74646,35.76116],[139.7466,35.76097],[139.74677,35.76047],[139.7469,35.76028],[139.74707,35.76016],[139.74745,35.75998],[139.74746,35.75989],[139.74727,35.75966],[139.74724,35.75948],[139.7473,35.75924],[139.74765,35.75849],[139.74765,35.75837],[139.74754,35.75819],[139.7473,35.75809],[139.74678,35.75794],[139.74682,35.75789],[139.74708,35.75776],[139.74723,35.75726],[139.74725,35.7567],[139.74717,35.75532],[139.74722,35.75473],[139.74732,35.75458],[139.74758,35.75451],[139.74763,35.75433],[139.74756,35.75421],[139.74738,35.7541],[139.74652,35.75381],[139.74609,35.75361],[139.74586,35.75338],[139.74578,35.75303],[139.74582,35.75182],[139.74599,35.7507],[139.74616,35.75026],[139.74645,35.75006],[139.74656,35.74977],[139.74666,35.74971],[139.74699,35.7497],[139.74763,35.74977],[139.74792,35.74976],[139.74864,35.74951],[139.74877,35.74952],[139.7489,35.74965],[139.74891,35.75037],[139.74862,35.75275],[139.74862,35.75397],[139.74871,35.75473],[139.74891,35.7557],[139.74905,35.75611],[139.74926,35.75638],[139.74956,35.75632],[139.75023,35.75591],[139.75089,35.75571],[139.75191,35.75548],[139.75413,35.75508],[139.75549,35.75476],[139.75646,35.75441],[139.75679,35.75422],[139.75702,35.75401],[139.75716,35.7538],[139.75719,35.75304],[139.75704,35.75274],[139.75685,35.75266],[139.75666,35.75249],[139.75646,35.75199],[139.7563,35.75088],[139.7563,35.74982],[139.7564,35.74947],[139.75655,35.74926],[139.75666,35.74919],[139.75703,35.74911],[139.75751,35.7488],[139.75771,35.74871],[139.75792,35.74874],[139.75823,35.74899],[139.75842,35.74928],[139.75853,35.74973],[139.7585,35.75005],[139.75833,35.75056],[139.75824,35.75107],[139.75833,35.75207],[139.75831,35.75238],[139.75807,35.7532],[139.75811,35.75328],[139.75828,35.75341],[139.75926,35.7535],[139.75945,35.75357],[139.75952,35.75366],[139.75944,35.75384],[139.75873,35.75398],[139.75857,35.75411],[139.75856,35.75421],[139.759,35.75425],[139.76044,35.75411],[139.76117,35.75398],[139.76184,35.75372],[139.76201,35.75352],[139.762,35.7533],[139.76188,35.75295],[139.76164,35.7527],[139.76155,35.7525],[139.76167,35.75195],[139.76164,35.75175],[139.76145,35.7515],[139.76115,35.75143],[139.76109,35.75138],[139.76096,35.7509],[139.76091,35.74995],[139.76094,35.74885],[139.761,35.74837],[139.76115,35.74805],[139.76139,35.74814],[139.7617,35.74848],[139.76208,35.74907],[139.76231,35.7496],[139.76251,35.75062],[139.76262,35.75292],[139.76269,35.75335],[139.76275,35.75348],[139.76287,35.75359],[139.76393,35.75353],[139.76694,35.75309],[139.76921,35.75294],[139.77083,35.75295],[139.77487,35.75317],[139.77789,35.75324],[139.77936,35.75317],[139.77973,35.7531],[139.78007,35.75287],[139.78076,35.7528],[139.78128,35.75287],[139.78143,35.75294],[139.78165,35.75318],[139.78195,35.75325],[139.78223,35.75314],[139.78259,35.7528],[139.78281,35.7527],[139.78311,35.75266],[139.7842,35.75274],[139.78465,35.7527],[139.7849,35.75252],[139.78497,35.75227],[139.78506,35.75217],[139.78544,35.75202],[139.78572,35.75198],[139.78613,35.75199],[139.78695,35.7522],[139.78719,35.75216],[139.78742,35.75204],[139.78763,35.75184],[139.78784,35.75154],[139.78789,35.75131],[139.78782,35.75104],[139.78786,35.75096],[139.78816,35.75076],[139.78818,35.75068],[139.78809,35.75037],[139.78818,35.75025],[139.78837,35.75014],[139.78849,35.74998],[139.78875,35.74904],[139.78889,35.74874],[139.78901,35.74869],[139.78929,35.74885],[139.78955,35.74889],[139.78985,35.74884],[139.78993,35.74874],[139.78972,35.74849],[139.7887,35.74783],[139.78824,35.7474],[139.78803,35.74712],[139.78791,35.74683],[139.78786,35.74628],[139.78797,35.7456],[139.7883,35.74467],[139.78863,35.74412],[139.78924,35.74343],[139.78961,35.7427],[139.78998,35.7422],[139.79063,35.74155],[139.79141,35.74086],[139.79203,35.7404],[139.7925,35.74015],[139.79391,35.73979],[139.79858,35.73877],[139.7993,35.73856],[139.79961,35.73841],[139.79959,35.7383],[139.7994,35.73816],[139.79867,35.73799],[139.79819,35.73777],[139.79789,35.73756],[139.79722,35.73696],[139.79687,35.73675],[139.79651,35.73661],[139.79642,35.73653],[139.79648,35.73592],[139.79621,35.73414],[139.79616,35.7333],[139.79621,35.73287],[139.79646,35.7321],[139.79648,35.73157],[139.79641,35.73101],[139.79645,35.73074],[139.7965,35.73064],[139.79667,35.73052],[139.79705,35.73047],[139.79735,35.73028],[139.79748,35.73005],[139.7976,35.72958],[139.79774,35.72927],[139.79786,35.72916],[139.79813,35.72909],[139.79834,35.72888],[139.79855,35.72851],[139.7987,35.72804],[139.79878,35.72751],[139.79882,35.72664],[139.79891,35.72624],[139.79907,35.72606],[139.79945,35.72595],[139.79964,35.72578],[139.8006,35.72409],[139.80089,35.72377],[139.80114,35.72369],[139.80082,35.72325],[139.80091,35.72293],[139.80089,35.72284],[139.80063,35.72267],[139.8005,35.72252],[139.80045,35.72193],[139.79998,35.7217],[139.7999,35.72145],[139.79979,35.72136],[139.79938,35.72128],[139.79817,35.72128],[139.7976,35.72136],[139.7971,35.72154],[139.79683,35.72151],[139.79651,35.72137],[139.79571,35.72079],[139.79501,35.72041],[139.7945,35.72022],[139.79368,35.72002],[139.79289,35.7197],[139.79214,35.71921],[139.79136,35.71851],[139.79109,35.71813],[139.79097,35.71771],[139.79059,35.7176],[139.79046,35.71733],[139.79007,35.71706],[139.78865,35.71642],[139.78817,35.71616],[139.78778,35.71579],[139.7877,35.71538],[139.78761,35.71525],[139.78747,35.71518],[139.78712,35.71514],[139.78702,35.71506],[139.78707,35.71491],[139.78743,35.71472],[139.78925,35.71424],[139.78988,35.714],[139.79041,35.7137],[139.79121,35.71297],[139.79171,35.71265],[139.79268,35.71227],[139.79384,35.712],[139.79444,35.71181],[139.79497,35.7115],[139.79508,35.71128],[139.79505,35.71055],[139.7946,35.70882],[139.79455,35.70831],[139.79462,35.70818],[139.79488,35.70811],[139.79502,35.70777],[139.79538,35.7077],[139.79559,35.70757],[139.79579,35.70735],[139.79585,35.70715],[139.79575,35.70677],[139.7951,35.70585],[139.79489,35.70529],[139.79454,35.70544],[139.79353,35.7063],[139.7929,35.70671],[139.79224,35.70693],[139.79191,35.70696],[139.79123,35.70689],[139.79058,35.70666],[139.79009,35.70644],[139.78963,35.7061],[139.78943,35.70569],[139.7893,35.70556],[139.78914,35.70549],[139.78871,35.70541],[139.78862,35.70532],[139.78856,35.70502],[139.78845,35.70483],[139.78778,35.70449],[139.78741,35.70394],[139.78674,35.70343],[139.78659,35.70322],[139.78655,35.70299],[139.78661,35.70273],[139.78684,35.70236],[139.78704,35.7022],[139.78727,35.70211],[139.78806,35.70201],[139.78873,35.7018],[139.78992,35.70129],[139.7902,35.70113],[139.79045,35.70089],[139.79063,35.70079],[139.79178,35.70054],[139.79209,35.70037],[139.79217,35.70014],[139.79207,35.69987],[139.79181,35.69956],[139.79124,35.69904],[139.791,35.69861],[139.79061,35.69857],[139.78991,35.69873],[139.78923,35.69902],[139.78817,35.69963],[139.78734,35.70001],[139.78678,35.70019],[139.78543,35.70053],[139.78376,35.70118],[139.78329,35.70122],[139.78318,35.70118],[139.78294,35.70097],[139.78276,35.70087],[139.78254,35.70083],[139.78203,35.70085],[139.78179,35.7007],[139.78169,35.70056],[139.78151,35.70015],[139.78129,35.6993],[139.78109,35.69872],[139.78095,35.69853],[139.78075,35.69846],[139.78068,35.69834],[139.78067,35.69797],[139.78072,35.6976],[139.78066,35.69743],[139.78048,35.69729],[139.78021,35.69718],[139.77983,35.69709],[139.77876,35.69701],[139.77727,35.69704],[139.77599,35.69719],[139.77551,35.69731],[139.77513,35.69746],[139.77485,35.69765],[139.77468,35.69787],[139.77461,35.69812],[139.77474,35.6989],[139.77495,35.69949],[139.77513,35.69978],[139.77553,35.70008],[139.77595,35.7002],[139.77649,35.70027],[139.77715,35.70029],[139.77793,35.70025],[139.77823,35.70018],[139.77836,35.70009],[139.77844,35.69985],[139.7786,35.69974],[139.77873,35.69972],[139.77885,35.69982],[139.77895,35.70005],[139.77907,35.70063],[139.77897,35.701],[139.77883,35.70116],[139.7784,35.70138],[139.77774,35.70151],[139.77623,35.70156],[139.77538,35.70149],[139.77458,35.70125],[139.77416,35.701],[139.77364,35.70041],[139.77331,35.70023],[139.77291,35.70013],[139.77257,35.69998],[139.77207,35.69954],[139.77171,35.69942],[139.77107,35.69937],[139.77067,35.69924],[139.77038,35.69899],[139.77021,35.69866],[139.77016,35.69837],[139.77025,35.69803],[139.77024,35.69787],[139.77014,35.69782],[139.7698,35.69781],[139.77008,35.69743],[139.77028,35.69736],[139.77062,35.69736],[139.77129,35.69732],[139.7709,35.69713],[139.77342,35.69685],[139.77479,35.69675],[139.7793,35.69667],[139.78155,35.69651],[139.78316,35.69626],[139.78637,35.69556],[139.78707,35.69528],[139.78741,35.69509],[139.7878,35.6947],[139.78802,35.69418],[139.7881,35.69386],[139.78824,35.69241],[139.78831,35.69097],[139.7882,35.69055],[139.78795,35.69025],[139.78744,35.68999],[139.78713,35.68974],[139.78689,35.68942],[139.78679,35.68915],[139.78674,35.68865],[139.78677,35.68824],[139.78699,35.68736],[139.78711,35.68718],[139.7874,35.68699],[139.78751,35.68669],[139.78764,35.6866],[139.78803,35.68648],[139.78907,35.68627],[139.78968,35.68596],[139.78996,35.68595],[139.79027,35.68601],[139.79062,35.68594],[139.79151,35.68536],[139.79179,35.68529],[139.79205,35.68532],[139.79215,35.68515],[139.79218,35.68493],[139.79211,35.68446],[139.79186,35.68387],[139.79125,35.68294],[139.79099,35.68265],[139.7908,35.68252],[139.79068,35.68256],[139.79042,35.68299],[139.78996,35.6834],[139.78968,35.68356],[139.78932,35.68363],[139.78915,35.68372],[139.78889,35.68416],[139.7886,35.68443],[139.78806,35.68467],[139.78755,35.68474],[139.78703,35.68468],[139.78679,35.68459],[139.78608,35.68415],[139.78557,35.684],[139.78498,35.6839],[139.78463,35.68377],[139.7842,35.68348],[139.78361,35.68282],[139.78326,35.68269],[139.7832,35.68243],[139.78331,35.68193],[139.78353,35.6813],[139.78379,35.68084],[139.78408,35.68053],[139.7844,35.68034],[139.78471,35.68025],[139.78502,35.68022],[139.78533,35.68006],[139.78595,35.67937],[139.78616,35.67922],[139.78636,35.67913],[139.78677,35.67907],[139.78702,35.6789],[139.78724,35.6786],[139.78739,35.67819],[139.78733,35.67783],[139.78715,35.67775],[139.78681,35.67777],[139.78631,35.67791],[139.78566,35.67817],[139.78494,35.67851],[139.7834,35.67945],[139.78191,35.68058],[139.78129,35.68113],[139.78113,35.68133],[139.78105,35.68154],[139.78057,35.68177],[139.78038,35.68197],[139.78013,35.68247],[139.77983,35.6834],[139.77963,35.68376],[139.77927,35.68414],[139.77886,35.68437],[139.77828,35.68461],[139.77782,35.68467],[139.77688,35.68462],[139.77385,35.68437],[139.77307,35.68439],[139.77251,35.68452],[139.77231,35.68466],[139.77229,35.68477],[139.7724,35.68489],[139.77265,35.68496],[139.77328,35.68492],[139.77347,35.68486],[139.7738,35.68467],[139.77424,35.68459],[139.77519,35.68464],[139.77565,35.68474],[139.77599,35.68489],[139.77621,35.68511],[139.77631,35.68537],[139.7763,35.68557],[139.77619,35.68566],[139.7761,35.68566],[139.77523,35.68537],[139.77441,35.68533],[139.77334,35.68544],[139.7723,35.68567],[139.77206,35.68578],[139.77198,35.68602],[139.77182,35.68623],[139.77134,35.6866],[139.77103,35.68668],[139.77043,35.68662],[139.77012,35.68674],[139.76989,35.68696],[139.76978,35.68731],[139.76954,35.68761],[139.76887,35.6882],[139.76817,35.68867],[139.7679,35.68877],[139.76735,35.68886],[139.76711,35.68909],[139.76693,35.68917],[139.76559,35.6893],[139.76533,35.6894],[139.76499,35.6897],[139.76467,35.68985],[139.76364,35.68996],[139.76338,35.69006],[139.76324,35.69022],[139.76298,35.69036],[139.76179,35.69059],[139.76198,35.69031],[139.7621,35.69021],[139.76262,35.69012],[139.76277,35.69001],[139.76288,35.6897],[139.7629,35.68938],[139.76277,35.68874],[139.76254,35.6883],[139.76202,35.68773],[139.7616,35.68754],[139.76141,35.68759],[139.76132,35.68768],[139.76115,35.68797],[139.761,35.68842],[139.76084,35.68921],[139.76082,35.68965],[139.7609,35.69008],[139.76124,35.69082],[139.76151,35.69082],[139.76124,35.69104],[139.76102,35.69132],[139.76072,35.69142],[139.7589,35.69151],[139.75803,35.6917],[139.75761,35.69193],[139.75704,35.69252],[139.75679,35.69271],[139.75645,35.69284],[139.75622,35.69281],[139.7562,35.69274],[139.75631,35.69259],[139.75682,35.69217],[139.75629,35.69204],[139.75604,35.69206],[139.75573,35.69224],[139.75526,35.69265],[139.75493,35.69283],[139.75445,35.693],[139.75323,35.69329],[139.75328,35.69367],[139.75341,35.69373],[139.7536,35.69375],[139.75373,35.69385],[139.75378,35.69442],[139.75343,35.69473],[139.75331,35.69499],[139.75323,35.69553],[139.7532,35.69626],[139.75305,35.69702],[139.75281,35.69762],[139.75211,35.69892],[139.75211,35.6985],[139.75206,35.69837],[139.75199,35.69833],[139.7518,35.69837],[139.75165,35.69848],[139.75155,35.69877],[139.75143,35.69888],[139.7511,35.69892],[139.75077,35.69882],[139.7504,35.69831],[139.74989,35.69814],[139.74887,35.69727],[139.74846,35.69706],[139.74806,35.69696],[139.7478,35.69684],[139.74752,35.69638],[139.7464,35.69549],[139.74607,35.69502],[139.74586,35.69446],[139.74577,35.69381],[139.74579,35.69311],[139.74592,35.69253],[139.74603,35.69229],[139.74631,35.69191],[139.74706,35.69138],[139.74748,35.69088],[139.74767,35.69047],[139.74778,35.69005],[139.74779,35.68974],[139.7477,35.68954],[139.7475,35.68946],[139.7471,35.68948],[139.74673,35.68956],[139.74641,35.68971],[139.74607,35.6898],[139.74524,35.68988],[139.74363,35.68989],[139.74279,35.6898],[139.74251,35.68968],[139.74233,35.68918],[139.74199,35.68885],[139.74162,35.68861],[139.74122,35.68852],[139.74117,35.68839],[139.74125,35.6881],[139.74124,35.68794],[139.74117,35.68788],[139.74086,35.68783],[139.74065,35.68762],[139.74064,35.68732],[139.74089,35.68681],[139.74094,35.68657],[139.74089,35.68646],[139.74066,35.6863],[139.74058,35.68614],[139.74053,35.6858],[139.74058,35.68528],[139.74105,35.68435],[139.74139,35.68297],[139.7416,35.68241],[139.74173,35.68219],[139.74206,35.68186],[139.74248,35.68169],[139.74329,35.68164],[139.74363,35.68172],[139.74381,35.6819],[139.74391,35.68194],[139.74427,35.68187],[139.74435,35.68188],[139.74444,35.68214],[139.74459,35.68222],[139.74486,35.68224],[139.74507,35.68215],[139.74538,35.68177],[139.74581,35.68087],[139.74608,35.68047],[139.74659,35.68003],[139.74731,35.67968],[139.74752,35.67953],[139.7476,35.6794],[139.74756,35.67921],[139.74769,35.67899],[139.74817,35.67851],[139.74933,35.67749],[139.74961,35.67716],[139.74987,35.67669],[139.74997,35.67663],[139.75009,35.67659],[139.75043,35.67659],[139.75192,35.67696],[139.75236,35.67703],[139.75291,35.67707],[139.75339,35.677],[139.7535,35.67692],[139.7536,35.67666],[139.75389,35.67662],[139.75406,35.67669],[139.75427,35.67691],[139.75438,35.67697],[139.75461,35.67699],[139.75505,35.67692],[139.75514,35.67696],[139.75519,35.67714],[139.75525,35.6772],[139.75573,35.67717],[139.75587,35.67729],[139.75596,35.67755],[139.75599,35.67843],[139.75587,35.67905],[139.7555,35.6794],[139.75537,35.67991],[139.75525,35.68002],[139.7549,35.68018],[139.7548,35.68035],[139.75479,35.68063],[139.75486,35.68101],[139.75501,35.68143],[139.75519,35.68172],[139.75529,35.68182],[139.75552,35.68192],[139.75591,35.68189],[139.75617,35.68196],[139.75626,35.6821],[139.7563,35.6824],[139.75649,35.68258],[139.75673,35.68261],[139.75721,35.68257],[139.75761,35.68267],[139.75781,35.68285],[139.75805,35.68323],[139.75828,35.68341],[139.75874,35.68351],[139.75933,35.68348],[139.75966,35.6836],[139.75979,35.68372],[139.76002,35.68405],[139.76045,35.68522],[139.76059,35.68538],[139.76082,35.68543],[139.76087,35.68548],[139.76079,35.68571],[139.7608,35.68585],[139.76118,35.68613],[139.76152,35.68675],[139.76183,35.68684],[139.76286,35.68661],[139.76337,35.68669],[139.76357,35.68667],[139.76393,35.68656],[139.7643,35.6864],[139.7645,35.68623],[139.76456,35.68606],[139.7647,35.68597],[139.76555,35.68587],[139.76661,35.68589],[139.76717,35.68603],[139.76758,35.68628],[139.76784,35.68665],[139.76814,35.68738],[139.76831,35.68758],[139.76841,35.68764],[139.76861,35.68767],[139.76885,35.68759],[139.76926,35.6873],[139.76975,35.68678],[139.76999,35.68642],[139.7701,35.6861],[139.77006,35.68582],[139.76974,35.68538],[139.76963,35.68512],[139.76968,35.68493],[139.76987,35.68481],[139.77079,35.6847],[139.77107,35.68459],[139.77144,35.68437],[139.77176,35.68426],[139.77302,35.68399],[139.77461,35.68391],[139.77666,35.68398],[139.77751,35.68397],[139.77839,35.68384],[139.77858,35.68377],[139.77885,35.68358],[139.77922,35.68317],[139.77956,35.6826],[139.77974,35.68217],[139.77978,35.68172],[139.77965,35.68154],[139.77926,35.6814],[139.77897,35.68119],[139.77849,35.68063],[139.77802,35.67983],[139.77793,35.67959],[139.77789,35.67918],[139.77802,35.67885],[139.77815,35.67871],[139.77849,35.6785],[139.77914,35.67819],[139.78003,35.67798],[139.78003,35.67753],[139.78066,35.6779],[139.78088,35.67812],[139.78106,35.67843],[139.78119,35.67853],[139.78138,35.67857],[139.78176,35.67853],[139.78212,35.67841],[139.7824,35.67821],[139.78263,35.67798],[139.78296,35.67782],[139.78357,35.67776],[139.78396,35.6778],[139.78411,35.67786],[139.78417,35.67801],[139.78409,35.67817],[139.78354,35.67831],[139.783,35.67875],[139.78289,35.67902],[139.78299,35.67918],[139.78308,35.6792],[139.78324,35.67911],[139.78365,35.67872],[139.78416,35.67859],[139.7844,35.67834],[139.78464,35.67817],[139.78585,35.67758],[139.78633,35.67724],[139.78662,35.67684],[139.78672,35.67636],[139.78663,35.67582],[139.78642,35.67526],[139.78613,35.67472],[139.78567,35.6741],[139.78445,35.6728],[139.78286,35.67435],[139.78215,35.67489],[139.78156,35.67516],[139.78128,35.67524],[139.78005,35.67532],[139.77973,35.67538],[139.77951,35.67547],[139.77933,35.67566],[139.77925,35.67583],[139.7792,35.67663],[139.77885,35.67594],[139.77866,35.67571],[139.77857,35.67574],[139.77834,35.67604],[139.77787,35.67625],[139.77689,35.67647],[139.77651,35.67649],[139.77627,35.67645],[139.77616,35.67633],[139.77608,35.67598],[139.77579,35.67577],[139.77562,35.67543],[139.77546,35.67459],[139.77543,35.67401],[139.77552,35.67373],[139.77597,35.67359],[139.77656,35.67319],[139.77687,35.67311],[139.77728,35.67316],[139.77747,35.67311],[139.77772,35.67288],[139.77795,35.67248],[139.77835,35.67216],[139.77873,35.67199],[139.7799,35.67164],[139.78037,35.67129],[139.78116,35.67118],[139.78136,35.67101],[139.78142,35.67071],[139.78129,35.67025],[139.78025,35.66836],[139.77991,35.66741],[139.77939,35.66674],[139.77848,35.66574],[139.77785,35.66513],[139.77728,35.66466],[139.77678,35.66436],[139.77592,35.66405],[139.77547,35.66384],[139.77394,35.66287],[139.77315,35.66254],[139.77258,35.66207],[139.7712,35.66076],[139.77076,35.66041],[139.77042,35.66021],[139.77001,35.66014],[139.76986,35.66007],[139.76949,35.65956],[139.76935,35.65951],[139.769,35.6595],[139.76911,35.65988],[139.76929,35.66024],[139.76971,35.66067],[139.77055,35.66132],[139.77075,35.6616],[139.77073,35.66185],[139.77048,35.66205],[139.77009,35.66223],[139.76981,35.66249],[139.76957,35.66301],[139.76953,35.66365],[139.76937,35.66417],[139.76918,35.66442],[139.7685,35.66495],[139.76818,35.66543],[139.76792,35.6656],[139.76712,35.66586],[139.76672,35.66619],[139.76616,35.66626],[139.76583,35.66611],[139.76567,35.66589],[139.76556,35.66557],[139.76551,35.66503],[139.76561,35.66465],[139.76595,35.66435],[139.76605,35.66413],[139.76606,35.66383],[139.76587,35.663],[139.76582,35.66245],[139.7659,35.66212],[139.76623,35.66152],[139.76437,35.66271],[139.76406,35.663],[139.76401,35.66318],[139.76389,35.66332],[139.76347,35.66347],[139.76323,35.66343],[139.7632,35.6633],[139.76329,35.66313],[139.76383,35.66259],[139.76488,35.66177],[139.76528,35.66155],[139.76573,35.66142],[139.76629,35.66103],[139.76693,35.66043],[139.76704,35.66027],[139.76712,35.66002],[139.76756,35.65988],[139.76761,35.65965],[139.76749,35.65952],[139.76724,35.65949],[139.76703,35.65939],[139.76655,35.65895],[139.76634,35.65891],[139.76608,35.65896],[139.76597,35.65892],[139.76576,35.65859],[139.76554,35.6584],[139.76465,35.65809],[139.76366,35.65747],[139.76332,35.6574],[139.76287,35.65742],[139.76182,35.65769],[139.76198,35.65683],[139.7619,35.65625],[139.76161,35.65575],[139.76121,35.65529],[139.76085,35.655],[139.76053,35.65486],[139.76037,35.65472],[139.76027,35.6543],[139.76032,35.65362],[139.76043,35.65338],[139.7606,35.65316],[139.76115,35.65275],[139.76198,35.6524],[139.76267,35.6522],[139.7625,35.65188],[139.7618,35.65213],[139.76179,35.65228],[139.7613,35.65247],[139.76121,35.65229],[139.76116,35.65231],[139.76015,35.65254],[139.75962,35.65256],[139.7594,35.65254],[139.75905,35.65239],[139.75892,35.65228],[139.75859,35.65169],[139.75839,35.65147],[139.75816,35.65133],[139.75738,35.65107],[139.75686,35.65069],[139.75668,35.65035],[139.75675,35.65001],[139.75669,35.64982],[139.7564,35.64952],[139.7558,35.64908],[139.75554,35.64878],[139.75548,35.64852],[139.75556,35.64831],[139.75575,35.64816],[139.75603,35.64805],[139.75614,35.64784],[139.75611,35.64763],[139.75585,35.64691],[139.75594,35.6465],[139.75592,35.64639],[139.75549,35.64583],[139.7549,35.64445],[139.75463,35.64403],[139.75431,35.64372],[139.75393,35.64352],[139.75355,35.64339],[139.75328,35.64321],[139.7532,35.64309],[139.75312,35.64283],[139.75316,35.64236],[139.75305,35.64212],[139.75281,35.64197],[139.75264,35.64193],[139.75219,35.64191],[139.75178,35.64196],[139.75137,35.64217],[139.75108,35.64273],[139.75102,35.64267],[139.75085,35.64212],[139.75052,35.64174],[139.75007,35.64154],[139.74886,35.64123],[139.74909,35.64114],[139.74921,35.64103],[139.74933,35.64066],[139.74939,35.64007],[139.74941,35.63873],[139.74936,35.63754],[139.74924,35.63687],[139.74911,35.6367],[139.74854,35.63668],[139.74779,35.6368],[139.74445,35.63762],[139.74534,35.63705],[139.74582,35.63682],[139.74653,35.63659],[139.74748,35.63636],[139.74774,35.63619],[139.74768,35.63608],[139.74748,35.63595],[139.74734,35.63579],[139.74725,35.63558],[139.74718,35.63508],[139.74706,35.63494],[139.7468,35.63492],[139.74659,35.63497],[139.74555,35.63537],[139.74468,35.63482],[139.74431,35.63469],[139.74405,35.63472],[139.74392,35.63478],[139.74351,35.63516],[139.74326,35.63533],[139.7431,35.63537],[139.74292,35.63534],[139.74282,35.63521],[139.74278,35.63492],[139.74269,35.63482],[139.74254,35.63478],[139.74204,35.63481],[139.74179,35.63469],[139.74166,35.63458],[139.74144,35.63425],[139.74111,35.63354],[139.74086,35.63314],[139.74042,35.6327],[139.73993,35.63242],[139.73967,35.63221],[139.73949,35.63198],[139.73926,35.63146],[139.73915,35.63136],[139.7388,35.63123],[139.73858,35.63119],[139.738,35.63118],[139.73736,35.63124],[139.73658,35.6314],[139.73645,35.63151],[139.73636,35.63172],[139.73608,35.63175],[139.73595,35.63165],[139.73586,35.63121],[139.73563,35.63087],[139.73515,35.63051],[139.73466,35.63034],[139.73461,35.63009],[139.73469,35.62934],[139.73459,35.62896],[139.73405,35.62833],[139.73395,35.62792],[139.73387,35.62776],[139.73361,35.62756],[139.73313,35.62731],[139.73297,35.62715],[139.73288,35.62696],[139.73287,35.62664],[139.73293,35.62628],[139.73307,35.62605],[139.73333,35.62597],[139.7337,35.62604],[139.73384,35.62602],[139.73396,35.6259],[139.73398,35.62567],[139.73406,35.62551],[139.73452,35.62538],[139.73474,35.62514],[139.73491,35.62505],[139.73573,35.62487],[139.7362,35.62489],[139.73638,35.62499],[139.73643,35.62507],[139.73646,35.62528],[139.73657,35.62547],[139.73684,35.62563],[139.73727,35.62574],[139.73855,35.62593],[139.7389,35.62612],[139.73897,35.62635],[139.73909,35.62643],[139.73948,35.62642],[139.74021,35.62627],[139.74044,35.62628],[139.74057,35.62636],[139.74067,35.62663],[139.74085,35.62667],[139.74193,35.62648],[139.74231,35.62647],[139.74268,35.62651],[139.7436,35.62674],[139.74472,35.62681],[139.74493,35.62676],[139.74512,35.62665],[139.74529,35.62649],[139.74554,35.62602],[139.74562,35.6257],[139.74572,35.62491],[139.74571,35.62424],[139.7456,35.62382],[139.74551,35.62369],[139.74539,35.62363],[139.74524,35.62363],[139.74507,35.62368],[139.74468,35.62389],[139.74448,35.62417],[139.7444,35.62457],[139.74425,35.62469],[139.74386,35.62478],[139.7435,35.62476],[139.74282,35.6246],[139.74138,35.62402],[139.74078,35.62385],[139.73991,35.62374],[139.73891,35.6238],[139.73849,35.62376],[139.73839,35.62368],[139.7383,35.62346],[139.73787,35.62336],[139.73744,35.62297],[139.73719,35.62285],[139.73686,35.62278],[139.736,35.62274],[139.73562,35.62267],[139.73557,35.6226],[139.73573,35.62242],[139.73586,35.62209],[139.73593,35.62123],[139.73604,35.62096],[139.73626,35.62079],[139.73643,35.62074],[139.7371,35.62072],[139.73703,35.62077],[139.73702,35.62087],[139.73708,35.62093],[139.7372,35.62094],[139.73728,35.62089],[139.73729,35.62082],[139.73725,35.62074],[139.73712,35.62072],[139.73729,35.62072],[139.73781,35.62085],[139.73801,35.62085],[139.73814,35.62077],[139.73831,35.6205],[139.73845,35.6204],[139.73857,35.62043],[139.7388,35.62057],[139.73904,35.62063],[139.73937,35.62065],[139.74028,35.62059],[139.74078,35.62066],[139.74157,35.62094],[139.74238,35.6214],[139.74305,35.62172],[139.74341,35.62183],[139.74383,35.62187],[139.74404,35.62196],[139.74426,35.62222],[139.7444,35.6226],[139.74448,35.6227],[139.7447,35.62284],[139.745,35.62289],[139.74558,35.62281],[139.74605,35.6226],[139.74636,35.62226],[139.74659,35.62168],[139.74669,35.62071],[139.7468,35.62033],[139.74695,35.62015],[139.74733,35.61989],[139.74759,35.61963],[139.74781,35.61932],[139.74797,35.61896],[139.74806,35.61843],[139.74798,35.61795],[139.74775,35.61773],[139.74723,35.61757],[139.74781,35.61748],[139.74826,35.61735],[139.74839,35.61728],[139.74854,35.61709],[139.74861,35.61671],[139.74878,35.61649],[139.74917,35.61636],[139.74945,35.61633],[139.75018,35.61632],[139.75137,35.61644],[139.75139,35.61644],[139.75135,35.6161],[139.75127,35.61605],[139.75135,35.61605],[139.75131,35.61569],[139.75115,35.61556],[139.7511,35.61538],[139.75111,35.61515],[139.75123,35.61488],[139.75117,35.61427],[139.75098,35.61422],[139.74975,35.61419],[139.74932,35.61415],[139.74895,35.61405],[139.74864,35.61392],[139.74838,35.61373],[139.74818,35.6135],[139.74803,35.61323],[139.74791,35.61254],[139.7479,35.61147],[139.74797,35.61116],[139.74829,35.61075],[139.74834,35.61052],[139.74831,35.61035],[139.74819,35.61022],[139.74795,35.61011],[139.74723,35.60996],[139.74694,35.60984],[139.74671,35.60954],[139.74669,35.60927],[139.74675,35.60873],[139.74689,35.60848],[139.74711,35.60834],[139.7477,35.60815],[139.74787,35.60797],[139.74796,35.60752],[139.74789,35.6069],[139.74791,35.60647],[139.74798,35.60633],[139.74816,35.60629],[139.74829,35.60616],[139.74836,35.60569],[139.74845,35.60552],[139.74871,35.60534],[139.74928,35.60517],[139.74945,35.60498],[139.74936,35.60473],[139.74907,35.60455],[139.74882,35.60424],[139.74833,35.60329],[139.7481,35.60298],[139.74772,35.60273],[139.74734,35.6027],[139.74716,35.60277],[139.74717,35.60285],[139.74732,35.60301],[139.7473,35.60325],[139.74659,35.60401],[139.74643,35.6044],[139.74638,35.60481],[139.74623,35.60502],[139.74611,35.60511],[139.74578,35.60523],[139.74494,35.60537],[139.74466,35.60545],[139.74451,35.60554],[139.74444,35.60576],[139.74435,35.60584],[139.74402,35.60598],[139.74352,35.60602],[139.74249,35.60593],[139.74234,35.60597],[139.74221,35.6062],[139.74195,35.60633],[139.74133,35.60644],[139.74089,35.6064],[139.74064,35.6063],[139.74043,35.60614],[139.7402,35.6058],[139.74008,35.60534],[139.74002,35.60443],[139.73989,35.604],[139.73976,35.60376],[139.73973,35.60353],[139.73983,35.60328],[139.74007,35.60301],[139.74045,35.60273],[139.74086,35.60251],[139.74149,35.6023],[139.74257,35.60218],[139.74281,35.60202],[139.74281,35.60176],[139.74257,35.60123],[139.74221,35.60068],[139.74182,35.60026],[139.74159,35.60012],[139.74137,35.60009],[139.74103,35.60022],[139.74091,35.60036],[139.74088,35.60052],[139.74069,35.60062],[139.73953,35.60075],[139.73882,35.60096],[139.73761,35.6014],[139.73729,35.60147],[139.73707,35.60146],[139.73681,35.60129],[139.73675,35.60103],[139.73668,35.60093],[139.73626,35.60082],[139.73616,35.60053],[139.73567,35.60057],[139.73532,35.60026],[139.73463,35.60004],[139.7344,35.59989],[139.73412,35.59954],[139.73381,35.59894],[139.73361,35.59872],[139.73338,35.59858],[139.73311,35.5985],[139.7327,35.59848],[139.73228,35.59856],[139.73188,35.5987],[139.73164,35.59872],[139.73136,35.59863],[139.73117,35.59838],[139.73119,35.59814],[139.73132,35.59784],[139.73192,35.59711],[139.73261,35.59657],[139.73329,35.59628],[139.7336,35.5961],[139.73398,35.59572],[139.73442,35.59512],[139.73466,35.59493],[139.73491,35.59482],[139.73569,35.59473],[139.73644,35.59444],[139.73675,35.59443],[139.73708,35.59449],[139.73759,35.59442],[139.73926,35.59382],[139.73977,35.59369],[139.74,35.59368],[139.74015,35.59377],[139.74024,35.594],[139.74018,35.59525],[139.74029,35.59572],[139.74044,35.5959],[139.74083,35.59619],[139.74098,35.59654],[139.74166,35.59667],[139.7419,35.59683],[139.7421,35.59708],[139.74226,35.59757],[139.74236,35.59866],[139.74264,35.59972],[139.74306,35.60077],[139.74326,35.60111],[139.74347,35.60131],[139.74382,35.60146],[139.74412,35.60153],[139.74505,35.60158],[139.74548,35.60164],[139.74566,35.60172],[139.74582,35.60187],[139.74611,35.60195],[139.74765,35.60203],[139.74764,35.60196],[139.74779,35.60173],[139.74764,35.60131],[139.74742,35.60134],[139.74721,35.60119],[139.74696,35.60077],[139.74685,35.6007],[139.7466,35.60064],[139.74651,35.60052],[139.74645,35.6003],[139.74636,35.59927],[139.74614,35.59944],[139.74596,35.5995],[139.74554,35.59954],[139.74508,35.59951],[139.74477,35.59938],[139.74443,35.59893],[139.74412,35.59883],[139.74405,35.59867],[139.74403,35.59839],[139.74413,35.5973],[139.74407,35.59688],[139.74398,35.59674],[139.74378,35.59662],[139.74367,35.59649],[139.74346,35.596],[139.74333,35.59583],[139.74303,35.59565],[139.74264,35.59553],[139.74243,35.59535],[139.74221,35.59489],[139.74195,35.59381],[139.74184,35.59363],[139.74165,35.5935],[139.74157,35.59334],[139.74156,35.59294],[139.74171,35.59219],[139.74192,35.59169],[139.74235,35.591],[139.7424,35.59082],[139.74237,35.59069],[139.74219,35.59061],[139.74202,35.59062],[139.74174,35.59098],[139.74096,35.59141],[139.74026,35.59163],[139.73875,35.59193],[139.73738,35.59216],[139.73615,35.59223],[139.73564,35.5922],[139.73521,35.59211],[139.73485,35.59198],[139.73457,35.59179],[139.73436,35.59156],[139.73389,35.5905],[139.73343,35.5889],[139.73329,35.58863],[139.73291,35.58821],[139.73277,35.58783],[139.73268,35.58728],[139.73264,35.58656],[139.73267,35.58514],[139.73273,35.58456],[139.7328,35.58441],[139.73306,35.58426],[139.73355,35.58414],[139.73423,35.58406],[139.73495,35.5841],[139.73555,35.58433],[139.73596,35.58441],[139.73675,35.58442],[139.73706,35.58433],[139.73739,35.58403],[139.7378,35.58394],[139.73791,35.58368],[139.73802,35.58361],[139.73849,35.58354],[139.73896,35.58359],[139.73927,35.5838],[139.73939,35.58403],[139.73944,35.58432],[139.7394,35.58498],[139.73919,35.58572],[139.73921,35.58609],[139.73936,35.58622],[139.73999,35.58631],[139.74007,35.58639],[139.7401,35.58655],[139.74022,35.58669],[139.74065,35.58686],[139.74084,35.587],[139.74092,35.58721],[139.74089,35.58746],[139.74079,35.58767],[139.74057,35.5879],[139.74058,35.588],[139.74071,35.58808],[139.74097,35.58814],[139.74129,35.58817],[139.74142,35.58814],[139.74161,35.588],[139.74168,35.58789],[139.74178,35.58704],[139.74187,35.58677],[139.74202,35.58657],[139.74247,35.58623],[139.74265,35.58596],[139.74273,35.58574],[139.74273,35.58553],[139.74265,35.58536],[139.74248,35.58521],[139.74203,35.58498],[139.74194,35.58486],[139.74195,35.58475],[139.74206,35.58464],[139.74232,35.58451],[139.74313,35.5844],[139.74329,35.58423],[139.74325,35.58393],[139.74309,35.58362],[139.74259,35.58309],[139.74253,35.58297],[139.74268,35.58287],[139.74316,35.58282],[139.74342,35.58265],[139.74356,35.58236],[139.74359,35.58204],[139.7435,35.58176],[139.74332,35.58151],[139.74331,35.58131],[139.74345,35.58121],[139.74396,35.58106],[139.74362,35.58034],[139.7435,35.57986],[139.74356,35.5793],[139.74374,35.57892],[139.74404,35.5786],[139.74464,35.57815],[139.74486,35.57785],[139.745,35.57753],[139.74515,35.57742],[139.7454,35.57739],[139.74558,35.57742],[139.74644,35.57768],[139.74611,35.57783],[139.74603,35.57796],[139.7462,35.57816],[139.74652,35.57828],[139.74681,35.57826],[139.74708,35.57817],[139.74723,35.57804],[139.74729,35.57784],[139.74738,35.57778],[139.74763,35.57777],[139.74802,35.57783],[139.74831,35.57778],[139.74845,35.57768],[139.74858,35.57745],[139.7488,35.57723],[139.74965,35.57676],[139.74986,35.57638],[139.75004,35.57632],[139.75005,35.5763],[139.74987,35.57619],[139.74992,35.5761],[139.7497,35.57609],[139.74918,35.576],[139.74824,35.57574],[139.74683,35.57525],[139.74628,35.57512],[139.74586,35.57507],[139.74555,35.57511],[139.74521,35.57523],[139.74499,35.57542],[139.74486,35.57566],[139.7446,35.57582],[139.74365,35.57594],[139.74352,35.5761],[139.7436,35.57641],[139.74358,35.57653],[139.74319,35.57683],[139.7431,35.57711],[139.74294,35.57716],[139.74258,35.5771],[139.74246,35.57717],[139.74241,35.57745],[139.74248,35.57791],[139.74247,35.57823],[139.7424,35.57834],[139.74212,35.5784],[139.74195,35.5785],[139.74146,35.57901],[139.74115,35.57963],[139.74073,35.5809],[139.74046,35.58148],[139.7401,35.58184],[139.73989,35.58194],[139.73966,35.58199],[139.73841,35.58185],[139.73829,35.58189],[139.73832,35.58199],[139.73824,35.58204],[139.73775,35.58213],[139.73617,35.58225],[139.73456,35.58231],[139.73298,35.58228],[139.73226,35.58222],[139.73096,35.58202],[139.72985,35.58171],[139.72805,35.5809],[139.72774,35.5807],[139.72763,35.58046],[139.72751,35.58034],[139.72693,35.58006],[139.7266,35.57982],[139.72642,35.57963],[139.72622,35.5793],[139.72613,35.579],[139.72615,35.57872],[139.72634,35.57843],[139.72657,35.57828],[139.72692,35.57819],[139.72734,35.57815],[139.72989,35.57809],[139.73062,35.57796],[139.73084,35.57783],[139.73098,35.5776],[139.73114,35.57751],[139.73188,35.57742],[139.73236,35.57723],[139.7328,35.57683],[139.73292,35.57663],[139.73295,35.57647],[139.7331,35.57636],[139.73391,35.57628],[139.73463,35.57596],[139.73503,35.57595],[139.73577,35.57602],[139.73603,35.57595],[139.73621,35.57579],[139.73653,35.5757],[139.73781,35.57555],[139.73955,35.5755],[139.74077,35.57558],[139.74185,35.57572],[139.7424,35.57569],[139.74244,35.57563],[139.7424,35.57553],[139.74176,35.57498],[139.7426,35.57466],[139.74273,35.57453],[139.74279,35.57439],[139.74275,35.57402],[139.74222,35.57298],[139.74198,35.57217],[139.74196,35.57164],[139.74215,35.57069],[139.7421,35.57018],[139.74167,35.56963],[139.74152,35.56931],[139.74111,35.56755],[139.74058,35.56661],[139.74047,35.56631],[139.74033,35.56538],[139.74017,35.56519],[139.74007,35.56512],[139.73924,35.56498],[139.73862,35.56469],[139.73793,35.56417],[139.73741,35.56366],[139.7372,35.56328],[139.73724,35.5631],[139.73742,35.56287],[139.73786,35.56273],[139.73791,35.56255],[139.73778,35.56236],[139.73736,35.56218],[139.73721,35.56206],[139.7371,35.56176],[139.73709,35.56149],[139.73696,35.56137],[139.73672,35.56125],[139.73636,35.56116],[139.73516,35.561],[139.73262,35.56087],[139.72936,35.56077],[139.72992,35.56122],[139.72939,35.56152],[139.72919,35.56168],[139.72901,35.56196],[139.72888,35.56228],[139.72872,35.56243],[139.72836,35.56256],[139.72788,35.56258],[139.72752,35.56268],[139.72736,35.56279],[139.72717,35.5631],[139.72701,35.56322],[139.72612,35.56352],[139.72527,35.56407],[139.72466,35.56425],[139.72415,35.56428],[139.7228,35.56422],[139.72245,35.56426],[139.72215,35.5644],[139.72204,35.56439],[139.72194,35.5641],[139.72191,35.56323],[139.72183,35.56272],[139.72171,35.56251],[139.72136,35.56234],[139.72093,35.56132],[139.72091,35.56111],[139.72099,35.56074],[139.72097,35.56056],[139.72082,35.56025],[139.72054,35.55989],[139.72034,35.55933],[139.72018,35.55739],[139.72009,35.55719],[139.71973,35.55708],[139.71955,35.55684],[139.7196,35.55668],[139.72014,35.55628],[139.72026,35.55611],[139.72031,35.55591],[139.72046,35.55582],[139.72074,35.5558],[139.72092,35.55584],[139.72112,35.55596],[139.7213,35.55626],[139.72143,35.55637],[139.72173,35.55647],[139.72214,35.5565],[139.72259,35.55669],[139.72385,35.55771],[139.7241,35.55781],[139.72449,35.55786],[139.7246,35.55791],[139.72469,35.55814],[139.72481,35.55824],[139.72543,35.55835],[139.72567,35.55851],[139.72598,35.5588],[139.72618,35.5589],[139.72706,35.55903],[139.72714,35.55911],[139.72721,35.55934],[139.72765,35.55948],[139.72792,35.55988],[139.72818,35.5601],[139.7285,35.56025],[139.72936,35.56054],[139.73402,35.56068],[139.73567,35.56068],[139.73678,35.56055],[139.73693,35.56048],[139.73697,35.5604],[139.73702,35.56009],[139.73691,35.55968],[139.73723,35.55918],[139.73734,35.55859],[139.73737,35.55802],[139.73728,35.55668],[139.73719,35.55639],[139.73696,35.55609],[139.73691,35.55587],[139.737,35.5549],[139.73691,35.55471],[139.73671,35.55467],[139.73651,35.55448],[139.73596,35.55346],[139.73582,35.55336],[139.73568,35.55334],[139.73562,35.55324],[139.73549,35.55239],[139.73544,35.54992],[139.73553,35.54779],[139.73563,35.54727],[139.73569,35.54715],[139.73595,35.54698],[139.736,35.54677],[139.73587,35.54658],[139.73525,35.5463],[139.73515,35.54605],[139.73502,35.54597],[139.73463,35.54591],[139.73424,35.5459],[139.73389,35.54593],[139.73363,35.54601],[139.73345,35.54612],[139.73327,35.54643],[139.73314,35.54655],[139.73261,35.54679],[139.73249,35.54692],[139.73243,35.54709],[139.73247,35.5476],[139.73278,35.54809],[139.73288,35.54857],[139.73295,35.54985],[139.73298,35.55165],[139.73313,35.55296],[139.73332,35.55348],[139.73344,35.55363],[139.73391,35.55397],[139.73418,35.55431],[139.73427,35.55473],[139.73431,35.55529],[139.73433,35.5571],[139.73426,35.55756],[139.73412,35.55796],[139.73392,35.55828],[139.73364,35.55853],[139.7333,35.55872],[139.73288,35.55883],[139.7324,35.55887],[139.73137,35.55881],[139.73033,35.55869],[139.72999,35.5586],[139.72983,35.55836],[139.72962,35.55823],[139.72861,35.55782],[139.72808,35.55754],[139.72784,35.55733],[139.72752,35.55691],[139.72732,35.55676],[139.72656,35.5565],[139.72631,35.55637],[139.72567,35.55579],[139.72546,35.55567],[139.72525,35.5556],[139.72484,35.55554],[139.72453,35.55537],[139.72412,35.55495],[139.7237,35.5543],[139.72339,35.55367],[139.72326,35.55327],[139.72324,35.55294],[139.72332,35.55268],[139.72369,35.55236],[139.72395,35.55223],[139.72417,35.5522],[139.72427,35.55213],[139.72432,35.55183],[139.72423,35.55098],[139.72428,35.55065],[139.72464,35.55031],[139.7247,35.54994],[139.72478,35.54979],[139.72506,35.54971],[139.72516,35.54964],[139.72522,35.54951],[139.72527,35.5491],[139.7254,35.54886],[139.72579,35.54847],[139.72651,35.54791],[139.72674,35.54763],[139.72687,35.54734],[139.72688,35.54693],[139.72673,35.54661],[139.72642,35.54637],[139.72589,35.54621],[139.72554,35.5462],[139.72524,35.54628],[139.72501,35.54644],[139.72489,35.54672],[139.72441,35.54681],[139.72427,35.54692],[139.72416,35.54724],[139.72409,35.54785],[139.72397,35.54809],[139.72378,35.54827],[139.72339,35.54847],[139.72313,35.54867],[139.72278,35.5491],[139.72223,35.54999],[139.72135,35.5508],[139.72109,35.5514],[139.72089,35.55252],[139.72069,35.553],[139.72055,35.5532],[139.7202,35.55351],[139.71908,35.55401],[139.71892,35.55414],[139.71885,35.55437],[139.71876,35.55448],[139.71843,35.5547],[139.71786,35.55483],[139.71726,35.55488],[139.71531,35.55488],[139.71458,35.55479],[139.71436,35.5547],[139.71421,35.55455],[139.71402,35.55449],[139.71299,35.55438],[139.71267,35.55422],[139.71242,35.554],[139.71216,35.55394],[139.71156,35.554],[139.71055,35.55425],[139.71015,35.55427],[139.70983,35.55421],[139.7096,35.55406],[139.70923,35.55392],[139.70863,35.55383],[139.7076,35.55377],[139.70483,35.55376],[139.70511,35.55454],[139.70528,35.55472],[139.70557,35.55489],[139.70566,35.55514],[139.7056,35.55522],[139.70548,35.55526],[139.70504,35.55521],[139.70491,35.55523],[139.70472,35.55542],[139.7046,35.55581],[139.70455,35.55676],[139.7046,35.55765],[139.70468,35.55806],[139.70486,35.55842],[139.70492,35.55868],[139.70481,35.55927],[139.70414,35.56103],[139.7041,35.5613],[139.70416,35.56158],[139.70411,35.56174],[139.70354,35.56251],[139.70313,35.56352],[139.70298,35.56367],[139.7026,35.56385],[139.70246,35.56399],[139.70234,35.56434],[139.70229,35.565],[139.70214,35.5655],[139.70176,35.56615],[139.70155,35.56637],[139.70135,35.56648],[139.70114,35.5665],[139.70084,35.56646],[139.70067,35.5665],[139.7002,35.56689],[139.69989,35.56702],[139.6995,35.56705],[139.69928,35.56699],[139.69907,35.56673],[139.69899,35.56601],[139.69889,35.56576],[139.69857,35.56565],[139.69843,35.56556],[139.6978,35.56477],[139.69692,35.56411],[139.69674,35.56372],[139.69612,35.56341],[139.696,35.56322],[139.69594,35.56283],[139.69575,35.56257],[139.69542,35.56238],[139.69482,35.56231],[139.6947,35.56224],[139.69454,35.56189],[139.69446,35.56118],[139.69462,35.5578],[139.69358,35.55768],[139.69304,35.55774],[139.69279,35.55792],[139.69241,35.55848],[139.69169,35.55843],[139.69156,35.55837],[139.69138,35.55818],[139.69112,35.55814],[139.69054,35.55828],[139.6901,35.55849],[139.68977,35.55876],[139.68941,35.55921],[139.68921,35.55929],[139.689,35.55926],[139.68875,35.55949],[139.68828,35.56051],[139.68818,35.56086],[139.68819,35.56115],[139.68867,35.56132],[139.68917,35.56169],[139.68955,35.56207],[139.68965,35.56233],[139.68974,35.56244],[139.6901,35.56256],[139.69095,35.56269],[139.69128,35.56279],[139.69149,35.56291],[139.6916,35.56321],[139.69184,35.56337],[139.69271,35.56346],[139.69308,35.56356],[139.69357,35.56388],[139.69398,35.56435],[139.69436,35.56466],[139.69459,35.56477],[139.69498,35.56485],[139.69519,35.56511],[139.69536,35.5657],[139.69554,35.56605],[139.6957,35.5662],[139.69613,35.5664],[139.69625,35.56659],[139.69632,35.56693],[139.69648,35.56712],[139.69719,35.56766],[139.69751,35.56797],[139.69764,35.56824],[139.69758,35.56852],[139.69751,35.56859],[139.69726,35.56864],[139.69712,35.56871],[139.69667,35.56922],[139.69633,35.56934],[139.69554,35.56936],[139.69361,35.56911],[139.69288,35.56907],[139.69246,35.56914],[139.69217,35.56937],[139.6918,35.56948],[139.69088,35.56952],[139.69042,35.56944],[139.69023,35.56937],[139.68995,35.56915],[139.68979,35.56883],[139.68958,35.56805],[139.68946,35.56789],[139.68924,35.56771],[139.68924,35.56746],[139.68945,35.56695],[139.68946,35.56666],[139.68936,35.56653],[139.689,35.56638],[139.68885,35.56628],[139.68872,35.56611],[139.68854,35.56568],[139.68905,35.56567],[139.68921,35.56562],[139.68926,35.56553],[139.68921,35.56531],[139.68908,35.56514],[139.68892,35.56509],[139.68873,35.56514],[139.68865,35.56509],[139.68864,35.56486],[139.68873,35.56436],[139.68868,35.56411],[139.68832,35.56383],[139.68822,35.5635],[139.68777,35.56336],[139.6877,35.56312],[139.68761,35.56303],[139.68698,35.56281],[139.68679,35.5627],[139.68663,35.56246],[139.68656,35.56199],[139.68649,35.56189],[139.68638,35.56185],[139.68624,35.56186],[139.68613,35.56194],[139.68586,35.56245],[139.68564,35.5626],[139.68543,35.56259],[139.68486,35.56243],[139.6847,35.56253],[139.68464,35.56275],[139.68425,35.56284],[139.68378,35.56282],[139.68231,35.56261],[139.68169,35.56262],[139.68144,35.5628],[139.68118,35.56334],[139.68109,35.56342],[139.68092,35.56334],[139.68065,35.563],[139.68051,35.56297],[139.68037,35.56305],[139.67987,35.56367],[139.67899,35.56433],[139.67884,35.5647],[139.67871,35.56476],[139.67853,35.56478],[139.67927,35.56494],[139.67953,35.56505],[139.67978,35.56529],[139.67992,35.5656],[139.68005,35.56576],[139.68024,35.56586],[139.68047,35.5659],[139.68074,35.56589],[139.68108,35.56576],[139.68126,35.56561],[139.68157,35.56521],[139.68188,35.56504],[139.68227,35.565],[139.68273,35.56511],[139.68338,35.56561],[139.68405,35.56575],[139.6842,35.56612],[139.6844,35.56634],[139.68488,35.5667],[139.68512,35.5668],[139.68533,35.56682],[139.6855,35.56691],[139.68572,35.56728],[139.68592,35.56751],[139.68708,35.56843],[139.68761,35.56903],[139.68795,35.56973],[139.68806,35.5702],[139.68807,35.57071],[139.68797,35.57091],[139.68769,35.57104],[139.68742,35.57132],[139.68684,35.57252],[139.6867,35.57264],[139.68637,35.57274],[139.68624,35.57311],[139.68585,35.5735],[139.68557,35.57369],[139.68525,35.57379],[139.68511,35.57378],[139.68486,35.57365],[139.68411,35.57289],[139.6841,35.57259],[139.68386,35.57225],[139.68308,35.57164],[139.68226,35.57122],[139.68203,35.57105],[139.68183,35.57084],[139.68152,35.57033],[139.68134,35.57013],[139.68101,35.56997],[139.6805,35.5699],[139.68032,35.56978]],[[139.68508,35.64288],[139.68584,35.64345],[139.68599,35.64383],[139.68647,35.64404],[139.68666,35.64419],[139.68676,35.64456],[139.68687,35.64467],[139.68719,35.64477],[139.68785,35.6448],[139.68832,35.64489],[139.68886,35.64509],[139.68917,35.64532],[139.68931,35.64568],[139.68966,35.64592],[139.68961,35.64632],[139.68987,35.64638],[139.69,35.64654],[139.69006,35.64712],[139.69018,35.64745],[139.6908,35.648],[139.69096,35.64855],[139.69125,35.64863],[139.69134,35.64872],[139.6915,35.64963],[139.69162,35.64985],[139.69203,35.65026],[139.69208,35.65039],[139.69187,35.65044],[139.69162,35.65059],[139.69113,35.65118],[139.69078,35.65147],[139.69052,35.6516],[139.69013,35.65171],[139.68994,35.65182],[139.68978,35.65206],[139.68975,35.65238],[139.68963,35.65266],[139.68949,35.6528],[139.68906,35.65309],[139.68897,35.6532],[139.68888,35.65346],[139.68867,35.65355],[139.68798,35.65363],[139.68776,35.65379],[139.68761,35.65402],[139.68739,35.65414],[139.68705,35.65421],[139.68631,35.65424],[139.68561,35.65411],[139.68542,35.65403],[139.68511,35.6538],[139.68476,35.65333],[139.68447,35.6531],[139.6841,35.65295],[139.68367,35.65289],[139.68321,35.6529],[139.68268,35.65306],[139.68241,35.65331],[139.68203,35.65401],[139.68296,35.65463],[139.68312,35.65483],[139.68313,35.65494],[139.68326,35.65503],[139.68378,35.65512],[139.68534,35.6552],[139.68594,35.65532],[139.68648,35.65551],[139.68698,35.65578],[139.68736,35.65605],[139.6876,35.65631],[139.6877,35.65655],[139.68764,35.65711],[139.68766,35.65758],[139.68791,35.65929],[139.68796,35.66003],[139.6879,35.66028],[139.68767,35.66039],[139.68759,35.66054],[139.68752,35.66125],[139.68737,35.66166],[139.68718,35.66188],[139.68677,35.66214],[139.6861,35.66238],[139.68531,35.66252],[139.68496,35.66263],[139.68453,35.66287],[139.6842,35.66318],[139.68385,35.66332],[139.6836,35.66332],[139.68256,35.66303],[139.68117,35.66286],[139.68055,35.66271],[139.68031,35.66258],[139.68015,35.66234],[139.67997,35.66219],[139.67954,35.66198],[139.67897,35.6618],[139.67863,35.66157],[139.67854,35.66138],[139.67864,35.66087],[139.67858,35.66057],[139.67842,35.66039],[139.67808,35.6603],[139.67899,35.65999],[139.67925,35.65981],[139.67934,35.6597],[139.67942,35.65943],[139.67935,35.65881],[139.6794,35.65847],[139.67976,35.658],[139.6799,35.65742],[139.68023,35.65716],[139.68021,35.65707],[139.68,35.65685],[139.67993,35.6567],[139.67997,35.65595],[139.67989,35.65585],[139.67954,35.6558],[139.67934,35.65567],[139.67927,35.65542],[139.67931,35.65513],[139.67946,35.65501],[139.6801,35.65504],[139.6807,35.65484],[139.68102,35.65467],[139.68121,35.6545],[139.68128,35.65425],[139.68101,35.65381],[139.6809,35.65318],[139.68075,35.65305],[139.68063,35.653],[139.68008,35.65298],[139.67945,35.65309],[139.67909,35.65325],[139.67899,35.6534],[139.67896,35.65362],[139.67886,35.65372],[139.67853,35.65378],[139.67824,35.65368],[139.67762,35.65325],[139.67677,35.65251],[139.67612,35.65186],[139.67591,35.65149],[139.67613,35.65123],[139.67614,35.65093],[139.67607,35.65055],[139.67616,35.65031],[139.67633,35.65027],[139.67671,35.65032],[139.67701,35.65027],[139.67714,35.65017],[139.67738,35.64983],[139.67761,35.64974],[139.6779,35.64971],[139.6781,35.64955],[139.6782,35.64894],[139.67833,35.64863],[139.67872,35.6481],[139.67943,35.64735],[139.67964,35.64703],[139.67972,35.64675],[139.67963,35.64614],[139.67976,35.64582],[139.6799,35.64571],[139.6803,35.64561],[139.68036,35.64551],[139.68041,35.64521],[139.68061,35.64502],[139.68131,35.64484],[139.6816,35.64469],[139.68166,35.64455],[139.6816,35.64431],[139.68165,35.64405],[139.68205,35.64363],[139.68221,35.64334],[139.68222,35.64314],[139.68214,35.64273],[139.68219,35.64256],[139.68236,35.64252],[139.68252,35.64258],[139.6826,35.64274],[139.68264,35.64305],[139.6828,35.64322],[139.68307,35.64332],[139.68325,35.64333],[139.68346,35.6432],[139.68381,35.64254],[139.68402,35.64237],[139.68454,35.64207],[139.68508,35.64288]],[[139.71143,35.76617],[139.71123,35.76617],[139.7111,35.7661],[139.71092,35.76581],[139.71079,35.76569],[139.71037,35.76559],[139.71,35.76561],[139.70985,35.76566],[139.70976,35.76574],[139.70971,35.76593],[139.70961,35.766],[139.70938,35.76604],[139.70918,35.76602],[139.70895,35.76586],[139.7087,35.76528],[139.7085,35.76509],[139.7082,35.76496],[139.70733,35.7649],[139.70684,35.76477],[139.70664,35.76461],[139.70643,35.76423],[139.70624,35.76413],[139.70598,35.76409],[139.70527,35.76414],[139.70483,35.76407],[139.70353,35.76363],[139.70274,35.76345],[139.70224,35.76341],[139.70129,35.76348],[139.70067,35.76343],[139.7003,35.76335],[139.69971,35.76313],[139.69945,35.76296],[139.69932,35.7628],[139.69918,35.76274],[139.69888,35.76273],[139.6984,35.7628],[139.69824,35.76278],[139.69815,35.76272],[139.69814,35.76262],[139.69822,35.76247],[139.69871,35.76223],[139.69894,35.76198],[139.69932,35.76131],[139.69986,35.76012],[139.7001,35.75971],[139.70033,35.75946],[139.70064,35.75933],[139.70083,35.75915],[139.70093,35.75858],[139.70104,35.75841],[139.70136,35.75834],[139.7015,35.75826],[139.70185,35.75791],[139.70209,35.75776],[139.70259,35.75768],[139.70279,35.75759],[139.703,35.75743],[139.70344,35.75694],[139.70378,35.75674],[139.70426,35.75662],[139.7046,35.75659],[139.70616,35.75657],[139.70706,35.75714],[139.70751,35.75737],[139.70825,35.75763],[139.70948,35.75793],[139.70948,35.7577],[139.70976,35.75793],[139.71047,35.75849],[139.71082,35.75871],[139.71136,35.7589],[139.71224,35.75906],[139.71259,35.76022],[139.71271,35.76083],[139.71278,35.76172],[139.71278,35.76296],[139.71272,35.76359],[139.71263,35.76394],[139.71245,35.76418],[139.71214,35.76427],[139.71201,35.76452],[139.71196,35.76604],[139.71143,35.76617]],[[139.74671,35.61758],[139.74653,35.61763],[139.74641,35.61779],[139.74639,35.61802],[139.74631,35.61818],[139.74593,35.61829],[139.7458,35.61862],[139.74568,35.61876],[139.74523,35.61908],[139.74496,35.61918],[139.7446,35.61918],[139.74394,35.6188],[139.74343,35.61869],[139.74293,35.61874],[139.74265,35.61884],[139.74242,35.61899],[139.74214,35.61903],[139.74112,35.61876],[139.73916,35.61862],[139.73898,35.61854],[139.7389,35.61829],[139.73871,35.61814],[139.73691,35.61769],[139.73651,35.61751],[139.73623,35.61727],[139.73613,35.61713],[139.73599,35.61666],[139.73581,35.61641],[139.73561,35.6164],[139.73509,35.61666],[139.73528,35.61567],[139.73545,35.61531],[139.73581,35.61503],[139.73631,35.61491],[139.73675,35.61467],[139.737,35.61442],[139.73721,35.6141],[139.73752,35.61382],[139.73797,35.61363],[139.73856,35.61353],[139.73928,35.61351],[139.74027,35.61355],[139.74102,35.61366],[139.74212,35.61392],[139.74311,35.61397],[139.74353,35.61403],[139.74371,35.61411],[139.74387,35.61427],[139.74411,35.61439],[139.74584,35.61478],[139.74646,35.61501],[139.74656,35.61512],[139.74658,35.61539],[139.74632,35.61639],[139.74635,35.61685],[139.74655,35.61712],[139.74723,35.61757],[139.74671,35.61758]],[[139.72345,35.62464],[139.72399,35.62441],[139.72484,35.62416],[139.72625,35.62386],[139.72611,35.62416],[139.72622,35.62433],[139.7267,35.6246],[139.72746,35.62494],[139.72806,35.62531],[139.72832,35.62557],[139.72876,35.62627],[139.72912,35.62654],[139.72912,35.62666],[139.72897,35.62682],[139.72874,35.62693],[139.72856,35.62695],[139.72816,35.62689],[139.72798,35.62696],[139.72781,35.62712],[139.72751,35.62771],[139.72722,35.62809],[139.72699,35.62827],[139.72659,35.62847],[139.72617,35.62873],[139.72533,35.62946],[139.72486,35.62967],[139.72421,35.62973],[139.72388,35.62986],[139.72378,35.63002],[139.72374,35.63034],[139.72362,35.63064],[139.72312,35.63118],[139.723,35.63137],[139.7229,35.63198],[139.72279,35.6321],[139.72261,35.63207],[139.72246,35.63197],[139.72229,35.63156],[139.722,35.63151],[139.72191,35.63144],[139.72183,35.63123],[139.7218,35.63088],[139.72156,35.63032],[139.7211,35.62953],[139.72052,35.62871],[139.72005,35.6282],[139.71961,35.62797],[139.71938,35.62772],[139.71925,35.62741],[139.71907,35.62656],[139.71851,35.62656],[139.71907,35.62634],[139.71962,35.62611],[139.72063,35.62554],[139.72102,35.62545],[139.72155,35.62544],[139.72238,35.62521],[139.72345,35.62464]],[[139.7259,35.62062],[139.72571,35.62044],[139.72534,35.62026],[139.72523,35.6201],[139.72514,35.6195],[139.72502,35.6192],[139.72488,35.61907],[139.72452,35.61891],[139.72436,35.6187],[139.72432,35.6184],[139.72437,35.61812],[139.72472,35.61774],[139.72472,35.61731],[139.72455,35.61641],[139.72458,35.61621],[139.72481,35.6159],[139.72524,35.61571],[139.72652,35.61555],[139.72734,35.61538],[139.72856,35.61498],[139.72886,35.61494],[139.72949,35.61498],[139.72974,35.61485],[139.73017,35.61447],[139.73057,35.61427],[139.73123,35.61407],[139.73184,35.61403],[139.73223,35.61413],[139.7323,35.61421],[139.73233,35.61444],[139.73223,35.61477],[139.73187,35.6154],[139.73165,35.61592],[139.73162,35.61628],[139.73175,35.61649],[139.73196,35.61657],[139.7325,35.61651],[139.73268,35.61658],[139.73291,35.61679],[139.73316,35.61688],[139.73481,35.61711],[139.7348,35.6181],[139.73468,35.61857],[139.73454,35.61874],[139.73425,35.61886],[139.73408,35.61898],[139.7339,35.61928],[139.73369,35.61986],[139.73353,35.62002],[139.73329,35.62009],[139.73324,35.6203],[139.73332,35.62091],[139.73327,35.62109],[139.73315,35.62122],[139.73286,35.62134],[139.73268,35.6215],[139.73243,35.6219],[139.73229,35.62228],[139.73201,35.62261],[139.73154,35.62285],[139.73123,35.62295],[139.73047,35.62306],[139.72963,35.62311],[139.72902,35.62309],[139.72862,35.62302],[139.72846,35.62289],[139.72843,35.62268],[139.72837,35.62261],[139.72825,35.62261],[139.7279,35.62274],[139.72771,35.62246],[139.72757,35.62236],[139.72688,35.62226],[139.72654,35.622],[139.72636,35.62169],[139.72607,35.62089],[139.7259,35.62062]],[[139.66376,35.60241],[139.66381,35.6026],[139.66374,35.60284],[139.66375,35.603],[139.66401,35.60308],[139.66414,35.60331],[139.66418,35.60414],[139.66399,35.60493],[139.66351,35.60603],[139.66346,35.6063],[139.66351,35.60681],[139.66342,35.60691],[139.66308,35.60706],[139.66296,35.60719],[139.66291,35.60748],[139.66296,35.60802],[139.66288,35.60828],[139.66271,35.60852],[139.66232,35.60885],[139.66195,35.60906],[139.66172,35.60913],[139.66114,35.6092],[139.66006,35.60965],[139.6596,35.60973],[139.65945,35.60969],[139.65934,35.6096],[139.65922,35.6093],[139.65926,35.60881],[139.65939,35.60863],[139.65961,35.60849],[139.65963,35.60841],[139.65939,35.60813],[139.6593,35.60789],[139.65919,35.60659],[139.65906,35.60594],[139.65883,35.60518],[139.65812,35.6034],[139.65781,35.60247],[139.65778,35.60214],[139.65781,35.60205],[139.65807,35.60188],[139.65812,35.60162],[139.65804,35.60145],[139.65775,35.60115],[139.65766,35.60099],[139.6575,35.60007],[139.6573,35.59991],[139.65694,35.59987],[139.65676,35.59975],[139.65676,35.59953],[139.65684,35.5993],[139.65706,35.59906],[139.65739,35.59899],[139.65785,35.59904],[139.65863,35.59925],[139.65915,35.59951],[139.65957,35.60002],[139.65986,35.60011],[139.66024,35.60014],[139.66041,35.60021],[139.66049,35.60034],[139.66049,35.60052],[139.66045,35.60082],[139.6606,35.60098],[139.6612,35.60106],[139.66142,35.60113],[139.6616,35.60125],[139.66182,35.60148],[139.66211,35.60164],[139.66299,35.60178],[139.66307,35.60185],[139.66317,35.60211],[139.66376,35.60241]],[[139.69417,35.59929],[139.69407,35.59973],[139.69391,35.59999],[139.69323,35.60068],[139.69279,35.60154],[139.69253,35.60182],[139.69222,35.60204],[139.69191,35.60216],[139.69151,35.60221],[139.69139,35.60228],[139.69134,35.60249],[139.6914,35.60286],[139.69135,35.60294],[139.69123,35.60293],[139.69094,35.6028],[139.69063,35.60272],[139.69003,35.60279],[139.68989,35.60278],[139.68965,35.60257],[139.68952,35.60253],[139.68922,35.60257],[139.68872,35.60273],[139.68846,35.60269],[139.68821,35.60233],[139.68805,35.60218],[139.68747,35.60188],[139.68729,35.60175],[139.68729,35.60167],[139.68751,35.60152],[139.68755,35.60139],[139.68748,35.6009],[139.68753,35.60063],[139.68765,35.60048],[139.68812,35.60013],[139.68825,35.59978],[139.68838,35.59972],[139.68857,35.5997],[139.68867,35.59963],[139.68875,35.59942],[139.68877,35.5991],[139.68886,35.59891],[139.68912,35.59868],[139.68952,35.59847],[139.68982,35.5982],[139.69013,35.5978],[139.69081,35.59669],[139.69116,35.59625],[139.6915,35.59595],[139.69185,35.59579],[139.69217,35.59571],[139.69241,35.59553],[139.6926,35.59507],[139.6927,35.59428],[139.69289,35.59403],[139.69317,35.59389],[139.6939,35.59384],[139.69421,35.59375],[139.69437,35.59342],[139.69465,35.59322],[139.69478,35.59285],[139.69483,35.59245],[139.69484,35.59192],[139.69474,35.59145],[139.69449,35.59111],[139.69432,35.59098],[139.69387,35.59083],[139.69298,35.59068],[139.69267,35.59048],[139.69263,35.59032],[139.69274,35.59007],[139.69289,35.5899],[139.69336,35.58956],[139.69346,35.58937],[139.69343,35.58917],[139.69326,35.58896],[139.69298,35.58875],[139.69268,35.58861],[139.6922,35.58854],[139.69171,35.58859],[139.69134,35.58858],[139.69119,35.58852],[139.69098,35.58833],[139.69079,35.58826],[139.69005,35.58823],[139.68979,35.58828],[139.6896,35.58838],[139.68927,35.58879],[139.68897,35.58889],[139.68871,35.5889],[139.68839,35.58884],[139.68802,35.58872],[139.6869,35.58814],[139.68626,35.58787],[139.68587,35.58778],[139.68491,35.58769],[139.6843,35.58746],[139.6836,35.58739],[139.68164,35.58745],[139.68049,35.58741],[139.67954,35.58724],[139.67902,35.58705],[139.67864,35.58677],[139.6784,35.58641],[139.6783,35.58597],[139.67832,35.58547],[139.67843,35.58502],[139.67862,35.5846],[139.67936,35.58374],[139.67955,35.58343],[139.67966,35.58313],[139.6797,35.58272],[139.67985,35.58242],[139.68017,35.58225],[139.68077,35.5822],[139.68131,35.58228],[139.68208,35.5825],[139.68249,35.58272],[139.68303,35.58317],[139.68418,35.58353],[139.68444,35.58377],[139.68457,35.58409],[139.68475,35.5843],[139.68491,35.58437],[139.68539,35.58441],[139.68578,35.58451],[139.68597,35.58466],[139.68605,35.58492],[139.68618,35.58503],[139.68742,35.58549],[139.6876,35.5856],[139.68768,35.58577],[139.68778,35.58586],[139.68819,35.58594],[139.68916,35.58597],[139.68968,35.58604],[139.68985,35.58612],[139.6899,35.58627],[139.69005,35.58634],[139.69064,35.58628],[139.69089,35.58631],[139.69113,35.58642],[139.69163,35.58686],[139.69184,35.58695],[139.69219,35.58669],[139.69284,35.5866],[139.69316,35.58645],[139.69336,35.58622],[139.69338,35.58611],[139.69331,35.58589],[139.69342,35.58582],[139.69467,35.58569],[139.69494,35.58557],[139.69503,35.58548],[139.69513,35.58526],[139.69521,35.58469],[139.69557,35.58435],[139.69558,35.5841],[139.69551,35.58378],[139.6956,35.58347],[139.69577,35.58329],[139.69634,35.58286],[139.69649,35.58261],[139.69656,35.58225],[139.69669,35.58215],[139.69698,35.5821],[139.69714,35.5818],[139.69745,35.58172],[139.69818,35.58169],[139.69861,35.58163],[139.69913,35.5813],[139.70068,35.58102],[139.70108,35.58088],[139.70143,35.58068],[139.70184,35.58059],[139.70241,35.58057],[139.7029,35.58064],[139.7032,35.5808],[139.70333,35.58103],[139.70351,35.58119],[139.70377,35.58125],[139.70404,35.58122],[139.7042,35.58109],[139.70426,35.5808],[139.70437,35.5807],[139.70456,35.58066],[139.70517,35.58071],[139.70545,35.58068],[139.70568,35.58058],[139.70601,35.5802],[139.70633,35.57999],[139.70661,35.57992],[139.7071,35.5799],[139.70746,35.57983],[139.70762,35.57975],[139.70788,35.5795],[139.70867,35.57923],[139.70882,35.57907],[139.70891,35.57881],[139.70893,35.5781],[139.70839,35.57823],[139.70808,35.57823],[139.70775,35.57816],[139.7068,35.57783],[139.70633,35.57779],[139.70609,35.57784],[139.70581,35.57802],[139.70566,35.57824],[139.70557,35.57855],[139.7051,35.57871],[139.70417,35.57877],[139.70275,35.57873],[139.70209,35.57862],[139.70139,35.57836],[139.70086,35.57832],[139.70035,35.57842],[139.69969,35.57884],[139.6992,35.57906],[139.6988,35.57912],[139.69859,35.57903],[139.69843,35.57884],[139.69833,35.57853],[139.69827,35.57815],[139.69828,35.57775],[139.69836,35.57759],[139.6986,35.57744],[139.69867,35.57733],[139.69874,35.57695],[139.69886,35.57673],[139.69936,35.57637],[139.69952,35.5762],[139.69955,35.57604],[139.6995,35.57563],[139.69918,35.57387],[139.69897,35.57318],[139.69884,35.57295],[139.69859,35.57288],[139.69851,35.5728],[139.69841,35.57232],[139.69828,35.57217],[139.69796,35.57196],[139.69786,35.57162],[139.69773,35.57156],[139.69754,35.57154],[139.69741,35.57145],[139.69736,35.57117],[139.69749,35.57084],[139.69782,35.5705],[139.69819,35.57027],[139.69865,35.57016],[139.69879,35.56982],[139.6992,35.56971],[139.69937,35.56961],[139.70014,35.56893],[139.70065,35.56865],[139.70157,35.56822],[139.70193,35.56797],[139.70217,35.56772],[139.70237,35.56761],[139.70262,35.56754],[139.7031,35.5675],[139.70346,35.56758],[139.70383,35.56775],[139.70423,35.56802],[139.70529,35.56894],[139.70551,35.56906],[139.70582,35.56915],[139.7059,35.56931],[139.70592,35.56954],[139.70604,35.5697],[139.70659,35.5698],[139.70683,35.5699],[139.70785,35.57057],[139.70845,35.5708],[139.70947,35.57109],[139.70968,35.5712],[139.70979,35.57142],[139.71003,35.57156],[139.71131,35.57184],[139.71149,35.57194],[139.71171,35.57215],[139.71224,35.57211],[139.71256,35.5724],[139.7133,35.57254],[139.71413,35.57302],[139.71433,35.57306],[139.71454,35.57305],[139.71464,35.57302],[139.71473,35.57292],[139.71488,35.57252],[139.71497,35.57183],[139.71501,35.57026],[139.71496,35.56926],[139.71475,35.5682],[139.71453,35.5678],[139.71427,35.56752],[139.71402,35.56674],[139.71393,35.56597],[139.71388,35.56417],[139.71379,35.56358],[139.71365,35.56322],[139.713,35.56282],[139.71247,35.56225],[139.71225,35.56181],[139.71204,35.56093],[139.71199,35.55975],[139.7121,35.5588],[139.71217,35.55859],[139.71236,35.55833],[139.71248,35.55827],[139.71284,35.55823],[139.71299,35.55813],[139.7131,35.55788],[139.71307,35.55756],[139.71292,35.55724],[139.71269,35.55706],[139.71206,35.55684],[139.71086,35.55654],[139.71045,35.55633],[139.71034,35.55617],[139.71043,35.55579],[139.71065,35.55554],[139.71102,35.55539],[139.71138,35.55534],[139.71178,35.55539],[139.71214,35.55556],[139.71257,35.55595],[139.71288,35.55613],[139.71308,35.55616],[139.71338,35.5561],[139.71362,35.55611],[139.71388,35.55633],[139.71414,35.55645],[139.71578,35.55679],[139.71643,35.55699],[139.71664,35.55714],[139.71677,35.55757],[139.71715,35.55786],[139.71729,35.55844],[139.7177,35.55899],[139.71783,35.55993],[139.71796,35.56014],[139.71825,35.56036],[139.71838,35.56111],[139.7187,35.56156],[139.7188,35.56187],[139.71887,35.56262],[139.71893,35.5642],[139.71906,35.56477],[139.71929,35.56521],[139.71934,35.56576],[139.71927,35.56653],[139.71914,35.56717],[139.71903,35.56741],[139.71891,35.56752],[139.71874,35.56757],[139.71869,35.5677],[139.71877,35.56829],[139.71873,35.56853],[139.7186,35.56875],[139.71802,35.56921],[139.7177,35.56961],[139.71754,35.57017],[139.71749,35.57073],[139.71754,35.57093],[139.71766,35.57111],[139.71785,35.57126],[139.71842,35.57155],[139.71858,35.57172],[139.71862,35.57189],[139.71885,35.57206],[139.72001,35.57245],[139.72051,35.57277],[139.72097,35.57282],[139.72174,35.5728],[139.72347,35.57268],[139.7261,35.57235],[139.72716,35.5721],[139.72788,35.57181],[139.7282,35.57158],[139.72837,35.57132],[139.72845,35.57106],[139.72871,35.57082],[139.72897,35.57078],[139.72948,35.57083],[139.72987,35.57081],[139.73075,35.57062],[139.73165,35.57023],[139.7318,35.5701],[139.73186,35.56993],[139.73202,35.56981],[139.73292,35.56953],[139.73376,35.56941],[139.73452,35.56948],[139.7348,35.56946],[139.73508,35.56939],[139.73587,35.56905],[139.73639,35.56895],[139.73704,35.5689],[139.73821,35.56892],[139.73853,35.56897],[139.73906,35.56917],[139.73941,35.56948],[139.73987,35.57056],[139.74022,35.57093],[139.74016,35.57122],[139.73992,35.57168],[139.73963,35.57206],[139.73939,35.57225],[139.73924,35.57227],[139.73909,35.57223],[139.73896,35.57192],[139.73887,35.57186],[139.73864,35.57182],[139.73821,35.57189],[139.73797,35.57212],[139.73781,35.57218],[139.73759,35.57219],[139.73712,35.57214],[139.73679,35.57218],[139.73663,35.57225],[139.73633,35.57248],[139.73575,35.57325],[139.73541,35.57356],[139.73522,35.57368],[139.7348,35.57382],[139.73394,35.57386],[139.73358,35.57395],[139.73335,35.57432],[139.73302,35.57455],[139.73242,35.57465],[139.73131,35.57474],[139.72754,35.57487],[139.72566,35.575],[139.72432,35.57526],[139.72385,35.57543],[139.72351,35.57562],[139.72331,35.57585],[139.72315,35.57652],[139.72314,35.57683],[139.72319,35.57703],[139.7235,35.5773],[139.72357,35.57767],[139.72365,35.57781],[139.72391,35.57795],[139.72441,35.57811],[139.72459,35.57824],[139.72477,35.57851],[139.72482,35.57881],[139.72477,35.57893],[139.72457,35.57902],[139.72409,35.57895],[139.72358,35.57868],[139.72344,35.57869],[139.72324,35.57882],[139.72309,35.57908],[139.72316,35.57948],[139.72312,35.57967],[139.7229,35.57998],[139.72253,35.58031],[139.72227,35.58061],[139.72217,35.58089],[139.72219,35.58104],[139.72242,35.58117],[139.72328,35.58114],[139.72371,35.58124],[139.72389,35.58142],[139.72407,35.5819],[139.72428,35.58207],[139.72489,35.58204],[139.72535,35.58239],[139.72596,35.58255],[139.72657,35.58256],[139.72725,35.58249],[139.72759,35.58252],[139.72811,35.5827],[139.72846,35.58291],[139.72862,35.58306],[139.7289,35.5835],[139.72912,35.58411],[139.72953,35.58613],[139.72973,35.58678],[139.72996,35.5873],[139.73048,35.58809],[139.73069,35.58863],[139.73117,35.59072],[139.73133,35.59126],[139.73152,35.59166],[139.73209,35.59248],[139.7325,35.59355],[139.73263,35.59409],[139.73255,35.59427],[139.73224,35.59449],[139.73113,35.59503],[139.731,35.59516],[139.7309,35.59542],[139.73025,35.59573],[139.73012,35.59585],[139.72993,35.59615],[139.72976,35.59627],[139.7295,35.59634],[139.72915,35.59637],[139.72876,35.59636],[139.72837,35.59627],[139.72824,35.59615],[139.72813,35.59569],[139.72791,35.59544],[139.72759,35.59529],[139.7271,35.59523],[139.72689,35.59516],[139.72668,35.59503],[139.72625,35.59464],[139.72579,35.59443],[139.72517,35.59434],[139.72451,35.59436],[139.72404,35.59445],[139.72369,35.59462],[139.72341,35.5945],[139.72249,35.59342],[139.72208,35.59309],[139.72168,35.59288],[139.72138,35.59256],[139.72125,35.59225],[139.72101,35.59141],[139.72078,35.59113],[139.72042,35.59094],[139.7203,35.59073],[139.72014,35.58946],[139.72004,35.58926],[139.71976,35.58891],[139.71967,35.58842],[139.71957,35.58823],[139.71916,35.58802],[139.71798,35.58779],[139.71767,35.58761],[139.7175,35.58736],[139.71746,35.5868],[139.7174,35.58667],[139.71713,35.58706],[139.71669,35.58719],[139.71658,35.58746],[139.71632,35.5875],[139.71558,35.58742],[139.71532,35.58746],[139.71513,35.58783],[139.7147,35.58811],[139.71451,35.58831],[139.71435,35.58884],[139.71416,35.58899],[139.71373,35.58916],[139.71364,35.58924],[139.71355,35.58945],[139.71332,35.58953],[139.71289,35.58958],[139.71155,35.58961],[139.71096,35.58966],[139.71034,35.58982],[139.7101,35.58998],[139.70987,35.59021],[139.70975,35.59041],[139.70973,35.59057],[139.70961,35.59068],[139.70896,35.59078],[139.70807,35.5913],[139.70759,35.59127],[139.70745,35.5914],[139.70732,35.59162],[139.70706,35.59178],[139.70631,35.59186],[139.70599,35.59195],[139.70553,35.59221],[139.70496,35.5927],[139.70466,35.59283],[139.70433,35.59288],[139.70369,35.59282],[139.70343,35.59283],[139.70323,35.59289],[139.703,35.59303],[139.70279,35.59306],[139.70254,35.59301],[139.70189,35.59274],[139.70154,35.59266],[139.70103,35.59267],[139.70052,35.5928],[139.70022,35.59277],[139.69983,35.59251],[139.69941,35.59193],[139.6991,35.59167],[139.69855,35.59157],[139.69844,35.59146],[139.6984,35.5913],[139.69817,35.59117],[139.697,35.59093],[139.69671,35.59079],[139.69653,35.5906],[139.69632,35.59056],[139.69612,35.59065],[139.69595,35.59083],[139.69579,35.59121],[139.69578,35.59143],[139.69586,35.59163],[139.69608,35.59185],[139.69677,35.59229],[139.69643,35.59246],[139.69633,35.59266],[139.69631,35.59297],[139.69639,35.5941],[139.69628,35.59465],[139.69556,35.59578],[139.69457,35.59792],[139.69439,35.59817],[139.69414,35.59838],[139.69409,35.59867],[139.69417,35.59929]],[[139.66812,35.60502],[139.66825,35.60517],[139.66843,35.60528],[139.66902,35.60536],[139.66914,35.60547],[139.6692,35.6057],[139.66962,35.60581],[139.66981,35.60619],[139.67066,35.60667],[139.67082,35.60681],[139.67112,35.60725],[139.67135,35.60734],[139.67171,35.60738],[139.67187,35.60751],[139.67198,35.60799],[139.67246,35.60852],[139.67266,35.60903],[139.67273,35.6101],[139.67265,35.61062],[139.67247,35.61102],[139.67219,35.61129],[139.67125,35.61165],[139.67083,35.61192],[139.67037,35.61246],[139.67028,35.61265],[139.67024,35.61291],[139.67,35.61307],[139.66901,35.61328],[139.66729,35.61346],[139.66672,35.61342],[139.66623,35.61327],[139.66582,35.61303],[139.66549,35.6127],[139.66525,35.61226],[139.66508,35.61172],[139.665,35.61109],[139.66503,35.60912],[139.66509,35.6082],[139.66525,35.6074],[139.6656,35.60698],[139.66593,35.60688],[139.66603,35.60679],[139.66611,35.60652],[139.66614,35.606],[139.66625,35.60566],[139.66643,35.60539],[139.66671,35.60518],[139.66727,35.60499],[139.66786,35.60495],[139.66812,35.60502]],[[139.67644,35.5995],[139.6766,35.59962],[139.67671,35.59979],[139.67679,35.60032],[139.67669,35.60109],[139.67622,35.60258],[139.67578,35.60368],[139.67553,35.60413],[139.67531,35.60436],[139.67494,35.60459],[139.67457,35.60467],[139.67446,35.60474],[139.67406,35.6055],[139.67388,35.60565],[139.67373,35.6057],[139.67312,35.6057],[139.6724,35.60554],[139.67221,35.60541],[139.67211,35.60517],[139.67192,35.60511],[139.67162,35.60508],[139.67127,35.60496],[139.67088,35.6047],[139.67061,35.60445],[139.67035,35.60408],[139.67012,35.6036],[139.66973,35.60237],[139.66971,35.60209],[139.66977,35.60164],[139.66986,35.60146],[139.67016,35.6012],[139.67055,35.60103],[139.67098,35.60077],[139.67134,35.60036],[139.67195,35.60013],[139.67466,35.59972],[139.67512,35.59961],[139.67536,35.5995],[139.67545,35.5994],[139.67562,35.59936],[139.67589,35.59937],[139.67644,35.5995]],[[139.67732,35.58921],[139.67782,35.58912],[139.67868,35.58913],[139.67909,35.58921],[139.67936,35.58941],[139.67993,35.58948],[139.68217,35.58941],[139.68294,35.58946],[139.68322,35.58954],[139.6834,35.58966],[139.684,35.58989],[139.68573,35.59043],[139.68599,35.59057],[139.68617,35.59072],[139.68627,35.59089],[139.6863,35.59108],[139.68624,35.59127],[139.68611,35.59148],[139.68569,35.59192],[139.68523,35.59228],[139.68448,35.59269],[139.68369,35.59296],[139.68314,35.59321],[139.68292,35.59338],[139.68277,35.59362],[139.68264,35.59372],[139.68234,35.59376],[139.68185,35.5937],[139.6817,35.59375],[139.68161,35.59384],[139.68158,35.59407],[139.68151,35.59423],[139.68113,35.59434],[139.68105,35.59444],[139.68103,35.5946],[139.68091,35.5947],[139.68068,35.59474],[139.68034,35.5947],[139.68022,35.5946],[139.6802,35.59444],[139.68013,35.59434],[139.67984,35.5943],[139.67967,35.5944],[139.67945,35.59475],[139.67927,35.59486],[139.67901,35.59494],[139.67827,35.59498],[139.67784,35.59507],[139.67766,35.59519],[139.67739,35.59558],[139.67693,35.5957],[139.67645,35.59615],[139.67617,35.59623],[139.67604,35.59619],[139.67591,35.59608],[139.67571,35.59565],[139.67562,35.59493],[139.67566,35.59475],[139.67576,35.59464],[139.67589,35.59453],[139.67598,35.59397],[139.67591,35.59173],[139.67601,35.59097],[139.67617,35.59071],[139.67636,35.59059],[139.67651,35.59039],[139.67647,35.58984],[139.67685,35.58972],[139.67713,35.58933],[139.67732,35.58921]],[[139.67915,35.60272],[139.67927,35.60258],[139.67951,35.60242],[139.67959,35.60229],[139.6797,35.60164],[139.67983,35.60152],[139.68002,35.60153],[139.68014,35.60167],[139.68024,35.60193],[139.68048,35.60294],[139.68053,35.603],[139.68065,35.60298],[139.68085,35.60275],[139.68091,35.60276],[139.68101,35.60295],[139.68118,35.60405],[139.68119,35.60467],[139.68114,35.60513],[139.68102,35.60544],[139.68073,35.60568],[139.6805,35.60613],[139.68022,35.60769],[139.68007,35.6082],[139.67994,35.60836],[139.67981,35.60843],[139.67964,35.60861],[139.67943,35.6091],[139.67929,35.60929],[139.679,35.60952],[139.67842,35.60981],[139.67827,35.60998],[139.67825,35.61009],[139.6783,35.61022],[139.67843,35.61028],[139.67862,35.6103],[139.67871,35.6104],[139.67865,35.61067],[139.67847,35.61081],[139.67796,35.61093],[139.67713,35.61096],[139.67664,35.61087],[139.67632,35.61065],[139.67617,35.6103],[139.67622,35.60938],[139.67617,35.60902],[139.67604,35.60875],[139.67562,35.60826],[139.67551,35.6079],[139.67551,35.60735],[139.67562,35.60674],[139.6757,35.60652],[139.67588,35.60628],[139.67641,35.60603],[139.67652,35.60592],[139.67664,35.60553],[139.67681,35.60531],[139.67733,35.6049],[139.67809,35.6044],[139.67865,35.6039],[139.67887,35.60356],[139.67915,35.60272]],[[139.68383,35.59514],[139.68407,35.59494],[139.68469,35.59469],[139.68594,35.59443],[139.68675,35.59417],[139.68715,35.59394],[139.68792,35.59328],[139.68843,35.59311],[139.68878,35.59261],[139.68894,35.59251],[139.68923,35.59246],[139.6894,35.59214],[139.69007,35.59219],[139.69013,35.59213],[139.69019,35.5919],[139.69034,35.59169],[139.69061,35.59145],[139.6909,35.59128],[139.69107,35.59124],[139.69122,35.59125],[139.69144,35.59138],[139.69153,35.59157],[139.69149,35.59174],[139.69133,35.59191],[139.69083,35.59227],[139.69074,35.59242],[139.69062,35.59287],[139.69043,35.59302],[139.69013,35.59313],[139.68992,35.59329],[139.68961,35.59369],[139.68907,35.59457],[139.68882,35.59484],[139.68813,35.59539],[139.68804,35.59564],[139.68811,35.59589],[139.68809,35.59604],[139.688,35.59618],[139.68766,35.59642],[139.6875,35.59658],[139.68748,35.5967],[139.68757,35.59694],[139.68754,35.59711],[139.68741,35.5974],[139.68721,35.5977],[139.687,35.59786],[139.68664,35.59797],[139.68646,35.59852],[139.68596,35.59869],[139.68548,35.59915],[139.68494,35.59933],[139.68481,35.59967],[139.68451,35.59972],[139.68437,35.59981],[139.68395,35.60046],[139.68374,35.60066],[139.68349,35.60078],[139.68318,35.60083],[139.68272,35.6008],[139.68241,35.60067],[139.68207,35.60022],[139.68126,35.59976],[139.68095,35.59946],[139.68063,35.59884],[139.68062,35.59868],[139.68072,35.59858],[139.68085,35.59856],[139.68092,35.59849],[139.68087,35.59796],[139.68104,35.59762],[139.68131,35.59739],[139.68218,35.59683],[139.68248,35.59649],[139.68261,35.59617],[139.6828,35.59592],[139.68344,35.5956],[139.68383,35.59514]],[[139.68406,35.60335],[139.68416,35.60315],[139.6844,35.60304],[139.68502,35.60306],[139.68597,35.60329],[139.68651,35.60351],[139.68664,35.60365],[139.68681,35.60404],[139.68701,35.60514],[139.68719,35.60567],[139.68736,35.60591],[139.68775,35.60624],[139.68808,35.6069],[139.68832,35.60785],[139.68836,35.60861],[139.68825,35.60904],[139.6881,35.60929],[139.68774,35.6096],[139.68713,35.60997],[139.68687,35.61031],[139.68672,35.61117],[139.68644,35.61152],[139.68636,35.61169],[139.68635,35.61202],[139.68643,35.61252],[139.68638,35.61273],[139.68601,35.61286],[139.68558,35.61338],[139.68525,35.61359],[139.68497,35.61366],[139.68448,35.61367],[139.6842,35.61364],[139.68388,35.61353],[139.68357,35.61323],[139.68341,35.61266],[139.68322,35.61256],[139.68294,35.61253],[139.68284,35.61244],[139.68286,35.61218],[139.68316,35.61146],[139.68321,35.61112],[139.68313,35.61098],[139.68281,35.61075],[139.68275,35.61049],[139.68283,35.60996],[139.68277,35.60963],[139.68261,35.60925],[139.68203,35.6084],[139.68188,35.60808],[139.68189,35.60785],[139.68205,35.60772],[139.68232,35.60765],[139.68265,35.60751],[139.68291,35.6073],[139.68308,35.60704],[139.68313,35.60679],[139.68302,35.60609],[139.68315,35.60532],[139.68341,35.60474],[139.68393,35.60402],[139.68402,35.60377],[139.68406,35.60335]],[[139.68651,35.57619],[139.68659,35.57625],[139.68663,35.57639],[139.68672,35.57646],[139.68715,35.57651],[139.68738,35.57661],[139.6877,35.57707],[139.68781,35.57714],[139.68818,35.57724],[139.68858,35.57777],[139.68888,35.57792],[139.68928,35.57803],[139.68969,35.57827],[139.69065,35.57922],[139.69093,35.57937],[139.69158,35.57947],[139.69184,35.57959],[139.69211,35.58001],[139.69222,35.58008],[139.69248,35.58014],[139.69262,35.58026],[139.69314,35.58132],[139.6935,35.58162],[139.6938,35.58169],[139.69413,35.58168],[139.69445,35.58162],[139.69456,35.58154],[139.69463,35.58131],[139.6951,35.58116],[139.69565,35.58048],[139.69593,35.58034],[139.69612,35.58038],[139.69628,35.58055],[139.69639,35.58085],[139.69639,35.58119],[139.69624,35.58152],[139.69584,35.58193],[139.69553,35.5821],[139.69513,35.58216],[139.69501,35.58225],[139.69496,35.58251],[139.69503,35.58302],[139.69492,35.58327],[139.69438,35.58354],[139.69391,35.58408],[139.69381,35.58414],[139.69358,35.58417],[139.6933,35.58408],[139.69274,35.58378],[139.69209,35.58359],[139.69067,35.58336],[139.68833,35.58311],[139.68753,35.58297],[139.68703,35.58282],[139.68654,35.58242],[139.68611,35.58231],[139.68604,35.58221],[139.68601,35.58205],[139.68586,35.58191],[139.68507,35.58167],[139.68455,35.58127],[139.68395,35.58119],[139.68384,35.58108],[139.68379,35.58091],[139.68352,35.58071],[139.68207,35.58009],[139.68192,35.57996],[139.68189,35.57985],[139.68214,35.57925],[139.68253,35.5788],[139.6832,35.57847],[139.6833,35.57822],[139.68341,35.57812],[139.68421,35.5779],[139.68457,35.57769],[139.68473,35.57748],[139.68495,35.57695],[139.68531,35.57662],[139.68605,35.57628],[139.68651,35.57619]],[[139.69318,35.60907],[139.69324,35.60903],[139.69364,35.6091],[139.69403,35.60884],[139.69455,35.60875],[139.69538,35.60873],[139.69599,35.60877],[139.69687,35.60889],[139.69771,35.60912],[139.69812,35.60929],[139.69825,35.60937],[139.69837,35.60954],[139.69831,35.60971],[139.69811,35.60988],[139.69792,35.61017],[139.69782,35.61069],[139.69767,35.61091],[139.69748,35.61098],[139.69709,35.611],[139.69686,35.61107],[139.69666,35.6112],[139.69634,35.6116],[139.69614,35.61177],[139.69574,35.61195],[139.69494,35.61216],[139.69467,35.61231],[139.69419,35.61273],[139.69399,35.61282],[139.69311,35.61308],[139.69137,35.61333],[139.69043,35.61359],[139.69008,35.61382],[139.68982,35.61441],[139.68965,35.61457],[139.68946,35.61457],[139.68933,35.61444],[139.68927,35.61398],[139.68915,35.61373],[139.68901,35.61362],[139.68873,35.61351],[139.68853,35.6133],[139.68845,35.61296],[139.68848,35.6126],[139.68854,35.61244],[139.6887,35.61233],[139.68896,35.61226],[139.68909,35.61192],[139.68951,35.61181],[139.6896,35.61155],[139.68979,35.61133],[139.69065,35.61064],[139.69199,35.60976],[139.69237,35.60959],[139.69305,35.60936],[139.69314,35.60926],[139.69318,35.60907]],[[139.69523,35.57169],[139.6957,35.57191],[139.69582,35.57205],[139.69604,35.57257],[139.69615,35.57266],[139.69635,35.57271],[139.69644,35.57287],[139.6965,35.57315],[139.69652,35.57382],[139.69639,35.57473],[139.69625,35.57512],[139.69582,35.57597],[139.69573,35.57631],[139.69569,35.57682],[139.69555,35.57708],[139.69522,35.57725],[139.6947,35.57731],[139.69398,35.57728],[139.69308,35.57718],[139.69252,35.57704],[139.69226,35.57688],[139.6919,35.57674],[139.69076,35.57648],[139.69014,35.57614],[139.68973,35.57581],[139.68919,35.57526],[139.68895,35.57497],[139.6888,35.57463],[139.68893,35.57406],[139.68941,35.57287],[139.68958,35.57247],[139.68982,35.57214],[139.69012,35.57186],[139.69049,35.57163],[139.69092,35.57146],[139.69141,35.57135],[139.69197,35.57129],[139.6926,35.57129],[139.6939,35.57142],[139.69486,35.57159],[139.69523,35.57169]],[[139.69501,35.60516],[139.69514,35.60551],[139.69527,35.60557],[139.69553,35.60561],[139.69568,35.60574],[139.6958,35.60596],[139.69576,35.60615],[139.69559,35.60637],[139.69507,35.60675],[139.69458,35.607],[139.69408,35.60716],[139.69329,35.60721],[139.69202,35.60702],[139.69145,35.60701],[139.69102,35.60707],[139.69065,35.60702],[139.69031,35.60685],[139.69012,35.60667],[139.68998,35.60645],[139.68989,35.60619],[139.68985,35.60588],[139.68987,35.60539],[139.69009,35.60463],[139.69034,35.60427],[139.6907,35.6041],[139.69167,35.60415],[139.69212,35.60407],[139.69265,35.6039],[139.69296,35.6039],[139.69351,35.60418],[139.69399,35.60423],[139.69419,35.6043],[139.69439,35.6047],[139.69501,35.60516]],[[139.69769,35.59789],[139.69781,35.59777],[139.69788,35.59746],[139.69804,35.5972],[139.69835,35.59695],[139.6988,35.59671],[139.69959,35.59643],[139.70027,35.59628],[139.70062,35.59625],[139.70096,35.59635],[139.70121,35.59673],[139.70181,35.59717],[139.70196,35.59739],[139.702,35.59763],[139.70192,35.59784],[139.70173,35.59799],[139.70141,35.59811],[139.70138,35.59816],[139.70187,35.59838],[139.70196,35.59847],[139.702,35.59863],[139.70187,35.59885],[139.70144,35.59915],[139.7013,35.59935],[139.70118,35.59979],[139.70115,35.60035],[139.70104,35.60071],[139.70072,35.6012],[139.70024,35.60163],[139.69992,35.60205],[139.69981,35.60233],[139.69978,35.60273],[139.6997,35.60296],[139.6996,35.60301],[139.69934,35.60296],[139.69913,35.60305],[139.69869,35.60347],[139.69798,35.60381],[139.69789,35.60393],[139.69784,35.60423],[139.69777,35.60439],[139.69761,35.60445],[139.69743,35.60443],[139.69733,35.60435],[139.69725,35.60407],[139.69684,35.60396],[139.6967,35.60362],[139.69629,35.60351],[139.69612,35.60341],[139.69573,35.60304],[139.69557,35.6028],[139.69541,35.60237],[139.69537,35.60189],[139.69543,35.60151],[139.6955,35.60136],[139.69562,35.6013],[139.69574,35.60129],[139.69583,35.60119],[139.69575,35.60084],[139.69576,35.60065],[139.69612,35.60037],[139.69626,35.59978],[139.69667,35.59924],[139.69678,35.59851],[139.69693,35.59821],[139.69712,35.59809],[139.69769,35.59789]],[[139.70283,35.60291],[139.70299,35.60303],[139.70312,35.60325],[139.70329,35.60394],[139.70347,35.60431],[139.70364,35.60444],[139.70394,35.60448],[139.70412,35.60459],[139.70429,35.60478],[139.70451,35.60522],[139.70465,35.60593],[139.70456,35.60719],[139.70465,35.60752],[139.70489,35.60779],[139.70499,35.60809],[139.70501,35.6086],[139.70493,35.60886],[139.70478,35.60897],[139.70458,35.60891],[139.70443,35.60865],[139.70427,35.60806],[139.70416,35.60783],[139.70401,35.60768],[139.70383,35.60762],[139.70364,35.60763],[139.70344,35.60772],[139.70338,35.60784],[139.70334,35.60812],[139.70328,35.60819],[139.70287,35.60816],[139.70273,35.60829],[139.7026,35.60852],[139.70235,35.60868],[139.70193,35.60874],[139.70159,35.60873],[139.7009,35.60853],[139.70023,35.60812],[139.69978,35.60762],[139.69966,35.60734],[139.69958,35.60694],[139.69962,35.60641],[139.69979,35.60614],[139.6999,35.60607],[139.70016,35.60601],[139.70027,35.60589],[139.70062,35.60477],[139.70099,35.60427],[139.70211,35.60337],[139.70224,35.6032],[139.70235,35.60295],[139.70254,35.60289],[139.70283,35.60291]],[[139.70797,35.59299],[139.70811,35.59297],[139.70827,35.59302],[139.70835,35.59312],[139.70837,35.59328],[139.70853,35.59338],[139.70884,35.59342],[139.70921,35.59339],[139.70947,35.59327],[139.70967,35.59296],[139.70987,35.59279],[139.71058,35.59245],[139.71174,35.59214],[139.71312,35.59201],[139.71348,35.59186],[139.71371,35.59162],[139.71395,35.59147],[139.71463,35.59136],[139.71509,35.5911],[139.71538,35.59103],[139.71632,35.5911],[139.71679,35.59103],[139.71745,35.59086],[139.71787,35.59086],[139.7181,35.59093],[139.7183,35.59106],[139.71849,35.5913],[139.71866,35.59164],[139.71892,35.59255],[139.71893,35.59309],[139.71883,35.59333],[139.71847,35.59362],[139.71832,35.59383],[139.71795,35.59488],[139.71783,35.59499],[139.71764,35.59502],[139.71757,35.59507],[139.71755,35.59517],[139.71764,35.5956],[139.71755,35.59575],[139.71731,35.59591],[139.71723,35.59607],[139.71709,35.59697],[139.717,35.59709],[139.71671,35.59729],[139.71655,35.59783],[139.71635,35.59793],[139.71587,35.59798],[139.71556,35.59814],[139.71528,35.59845],[139.71493,35.59915],[139.71481,35.5993],[139.71464,35.59942],[139.71414,35.59961],[139.713,35.59974],[139.71141,35.59969],[139.7108,35.59959],[139.71055,35.59939],[139.71036,35.59933],[139.70963,35.59928],[139.7093,35.59921],[139.70919,35.59914],[139.70916,35.59898],[139.70904,35.59884],[139.70842,35.59858],[139.70787,35.59811],[139.70756,35.59807],[139.70705,35.59822],[139.70684,35.5982],[139.70668,35.59809],[139.70649,35.59762],[139.70623,35.59736],[139.70597,35.59727],[139.70533,35.59721],[139.70508,35.59711],[139.70488,35.59696],[139.70445,35.59643],[139.70397,35.59629],[139.70369,35.59605],[139.70358,35.59589],[139.70357,35.59578],[139.70367,35.5957],[139.70387,35.59567],[139.70426,35.59563],[139.70457,35.59546],[139.70512,35.59479],[139.70579,35.59429],[139.70591,35.59399],[139.70606,35.59395],[139.70644,35.59401],[139.70679,35.5939],[139.70705,35.59373],[139.70768,35.59315],[139.70797,35.59299]],[[139.70761,35.56022],[139.70775,35.5601],[139.70795,35.56009],[139.70808,35.56025],[139.70815,35.56084],[139.70826,35.56107],[139.70858,35.56133],[139.70906,35.56152],[139.70946,35.56179],[139.71018,35.56278],[139.71096,35.56339],[139.71105,35.56359],[139.71098,35.56384],[139.71102,35.56389],[139.71125,35.56393],[139.71138,35.56415],[139.71143,35.5646],[139.71138,35.56532],[139.71125,35.56576],[139.71106,35.56611],[139.71097,35.56651],[139.71105,35.56732],[139.71104,35.56782],[139.71084,35.5685],[139.71065,35.56876],[139.71039,35.56893],[139.71006,35.56899],[139.70967,35.56896],[139.70915,35.56881],[139.70889,35.56866],[139.70855,35.56825],[139.70832,35.56808],[139.70803,35.56795],[139.70727,35.56779],[139.70695,35.56768],[139.70658,35.56744],[139.70617,35.56695],[139.70596,35.56682],[139.70544,35.56665],[139.70533,35.56656],[139.70515,35.56631],[139.70497,35.56572],[139.70488,35.56481],[139.70494,35.56418],[139.70501,35.56397],[139.70519,35.56372],[139.70565,35.56351],[139.70588,35.5633],[139.70626,35.56243],[139.70637,35.56234],[139.70664,35.56228],[139.70658,35.56188],[139.70685,35.5617],[139.70699,35.56154],[139.70761,35.56022]],[[139.7097,35.60212],[139.70972,35.60271],[139.70968,35.60325],[139.70952,35.60389],[139.70936,35.60419],[139.70904,35.60449],[139.70873,35.6047],[139.70833,35.60486],[139.70816,35.60497],[139.70803,35.60512],[139.70786,35.6055],[139.70772,35.60557],[139.70743,35.60543],[139.70694,35.60492],[139.70673,35.60458],[139.70667,35.60424],[139.7066,35.60408],[139.70614,35.60394],[139.70595,35.60368],[139.70578,35.60194],[139.70559,35.60142],[139.70516,35.6007],[139.70507,35.60042],[139.70503,35.6],[139.70506,35.5999],[139.70521,35.59981],[139.70549,35.59988],[139.70588,35.6001],[139.70635,35.60041],[139.707,35.6007],[139.70739,35.60076],[139.70802,35.60071],[139.70828,35.60075],[139.70836,35.60094],[139.70847,35.60104],[139.70927,35.60128],[139.7094,35.60138],[139.70959,35.60168],[139.7097,35.60212]],[[139.70859,35.62555],[139.70875,35.62537],[139.70893,35.62499],[139.70906,35.62451],[139.70922,35.62426],[139.70958,35.62402],[139.70991,35.62395],[139.71019,35.62383],[139.71039,35.62362],[139.71049,35.62333],[139.7106,35.62235],[139.7107,35.62215],[139.7109,35.62197],[139.71124,35.62184],[139.71177,35.62178],[139.71186,35.62172],[139.71192,35.62152],[139.712,35.62144],[139.71238,35.62137],[139.71303,35.62144],[139.71359,35.62167],[139.71388,35.62173],[139.71445,35.62174],[139.71551,35.62168],[139.7158,35.62172],[139.71607,35.62185],[139.71622,35.62215],[139.71614,35.62266],[139.71618,35.62283],[139.7164,35.62301],[139.71699,35.62321],[139.71715,35.62333],[139.71729,35.62356],[139.7173,35.62404],[139.717,35.62527],[139.71705,35.6257],[139.71724,35.62615],[139.71723,35.62635],[139.71705,35.62663],[139.71671,35.62686],[139.7163,35.62703],[139.71551,35.62721],[139.7152,35.62738],[139.71482,35.62792],[139.7142,35.62837],[139.71407,35.62855],[139.71394,35.62887],[139.71377,35.62905],[139.71325,35.62922],[139.71162,35.6293],[139.71119,35.62936],[139.71057,35.62954],[139.71027,35.62953],[139.70979,35.62933],[139.70907,35.62884],[139.70864,35.62868],[139.70815,35.6286],[139.70696,35.62853],[139.70659,35.62843],[139.70649,35.62832],[139.70646,35.62819],[139.70661,35.62773],[139.70676,35.62752],[139.70694,35.62739],[139.70728,35.62731],[139.70766,35.62735],[139.70777,35.62732],[139.70792,35.62718],[139.70801,35.62693],[139.70807,35.62622],[139.70816,35.62595],[139.7083,35.62575],[139.70859,35.62555]],[[139.71335,35.60925],[139.71391,35.60975],[139.71406,35.60993],[139.71412,35.61013],[139.71404,35.61043],[139.71381,35.61084],[139.71331,35.61144],[139.71282,35.6118],[139.7122,35.61199],[139.71157,35.61251],[139.71079,35.61272],[139.71001,35.61279],[139.70903,35.6128],[139.70857,35.61276],[139.70818,35.61267],[139.70784,35.61253],[139.70757,35.61235],[139.70735,35.61212],[139.7072,35.61184],[139.7071,35.61152],[139.70705,35.61083],[139.7071,35.61015],[139.70716,35.61001],[139.70731,35.60987],[139.70751,35.60986],[139.7077,35.60973],[139.70786,35.60909],[139.70797,35.60896],[139.70824,35.60885],[139.70954,35.60876],[139.71141,35.60877],[139.71223,35.60886],[139.71257,35.60893],[139.71313,35.60912],[139.71335,35.60925]],[[139.71206,35.6032],[139.7122,35.60313],[139.71248,35.6031],[139.71262,35.60299],[139.71272,35.6028],[139.71276,35.60236],[139.71285,35.60207],[139.71306,35.60186],[139.71339,35.60171],[139.71426,35.60162],[139.71459,35.60163],[139.71493,35.60174],[139.71519,35.60206],[139.71525,35.60245],[139.71537,35.60264],[139.71592,35.6029],[139.71616,35.60305],[139.71669,35.60353],[139.71687,35.6038],[139.71693,35.60406],[139.71688,35.6043],[139.71637,35.60502],[139.71605,35.60588],[139.71588,35.60603],[139.71567,35.60608],[139.71549,35.6062],[139.71464,35.60724],[139.71433,35.60745],[139.71416,35.60743],[139.71402,35.60732],[139.71373,35.60722],[139.71292,35.60713],[139.71277,35.60703],[139.71268,35.60683],[139.71253,35.60677],[139.71148,35.60668],[139.71075,35.60647],[139.71052,35.60626],[139.71051,35.60608],[139.71063,35.60588],[139.71082,35.60565],[139.71097,35.60531],[139.71099,35.60509],[139.71093,35.60476],[139.71102,35.60448],[139.71119,35.60434],[139.71167,35.60408],[139.71182,35.60392],[139.71191,35.60373],[139.71196,35.60333],[139.71206,35.6032]],[[139.71973,35.60691],[139.72042,35.60708],[139.72072,35.6072],[139.72103,35.60754],[139.72115,35.60787],[139.7212,35.60826],[139.72119,35.60882],[139.7209,35.60981],[139.7209,35.6101],[139.72099,35.61021],[139.72122,35.61026],[139.72153,35.61022],[139.72204,35.61005],[139.72226,35.61006],[139.72241,35.61017],[139.72252,35.61038],[139.72257,35.61064],[139.72253,35.61082],[139.72248,35.61087],[139.72231,35.61092],[139.72193,35.61087],[139.72163,35.61092],[139.7215,35.61101],[139.72136,35.61124],[139.72102,35.6114],[139.72067,35.61145],[139.71999,35.61145],[139.71959,35.6114],[139.71926,35.6113],[139.71846,35.61083],[139.71705,35.6103],[139.71684,35.61018],[139.7165,35.60989],[139.71637,35.60972],[139.71621,35.60932],[139.71617,35.60888],[139.71623,35.60848],[139.71639,35.60813],[139.71666,35.60781],[139.717,35.60755],[139.71748,35.60729],[139.71778,35.6072],[139.7183,35.60715],[139.71848,35.60707],[139.71862,35.60696],[139.71883,35.60661],[139.71906,35.60651],[139.71936,35.60658],[139.71958,35.60681],[139.71973,35.60691]],[[139.71904,35.59651],[139.71903,35.5964],[139.7191,35.59624],[139.7193,35.59616],[139.71977,35.59613],[139.72002,35.59606],[139.72028,35.59584],[139.72042,35.59553],[139.72064,35.59529],[139.72097,35.59514],[139.72125,35.5951],[139.72153,35.59513],[139.7218,35.59524],[139.72238,35.59563],[139.72302,35.5959],[139.72359,35.59605],[139.72481,35.59629],[139.72533,35.59645],[139.72546,35.59657],[139.72551,35.59669],[139.72577,35.59688],[139.72732,35.59758],[139.72799,35.59796],[139.72845,35.5984],[139.72861,35.59864],[139.72876,35.59916],[139.72875,35.5997],[139.72863,35.60032],[139.72849,35.60062],[139.72806,35.6011],[139.72797,35.60134],[139.7279,35.60188],[139.72763,35.60227],[139.7273,35.60251],[139.72644,35.60297],[139.72614,35.60322],[139.72594,35.60349],[139.72575,35.60399],[139.72554,35.6042],[139.72497,35.60433],[139.72488,35.60456],[139.72479,35.60462],[139.72453,35.60463],[139.72413,35.60457],[139.72372,35.60464],[139.72275,35.60524],[139.7222,35.60538],[139.72164,35.60531],[139.72117,35.60496],[139.71983,35.60456],[139.7194,35.60434],[139.71925,35.60396],[139.7187,35.60339],[139.71865,35.60314],[139.71872,35.60282],[139.71867,35.6027],[139.71855,35.60261],[139.71826,35.6025],[139.71808,35.60236],[139.71783,35.60201],[139.71748,35.60131],[139.71734,35.60116],[139.71708,35.60108],[139.71695,35.60095],[139.71691,35.60046],[139.71714,35.5994],[139.71735,35.59881],[139.71755,35.59848],[139.71769,35.59839],[139.71792,35.59835],[139.71799,35.59824],[139.71803,35.59808],[139.71813,35.59795],[139.71892,35.59747],[139.71912,35.59727],[139.71919,35.59703],[139.71904,35.59651]],[[139.72029,35.61882],[139.72033,35.61863],[139.72045,35.6185],[139.72067,35.61845],[139.72119,35.61851],[139.72165,35.61875],[139.72204,35.61913],[139.72215,35.6195],[139.72238,35.61979],[139.72286,35.62015],[139.72331,35.62027],[139.72341,35.62036],[139.72347,35.62052],[139.72349,35.62089],[139.72344,35.62121],[139.72331,35.62136],[139.72308,35.6214],[139.7233,35.62155],[139.72339,35.62176],[139.72333,35.62224],[139.72317,35.62246],[139.72305,35.62254],[139.72271,35.62263],[139.72121,35.6226],[139.72104,35.62266],[139.72095,35.62289],[139.72082,35.62295],[139.72063,35.62295],[139.72051,35.62289],[139.72025,35.62251],[139.72009,35.62243],[139.71973,35.62244],[139.71912,35.62258],[139.71893,35.62255],[139.71882,35.62243],[139.71878,35.62212],[139.71867,35.62184],[139.71815,35.62143],[139.71814,35.62135],[139.71821,35.62128],[139.71834,35.62122],[139.71847,35.62107],[139.71854,35.62069],[139.7187,35.62047],[139.71946,35.62005],[139.71958,35.61994],[139.71971,35.61965],[139.72018,35.61956],[139.7203,35.61947],[139.72035,35.61931],[139.72029,35.61882]],[[139.72541,35.5666],[139.72551,35.56617],[139.72563,35.56605],[139.72629,35.56608],[139.72656,35.56586],[139.72684,35.56573],[139.72919,35.56511],[139.72956,35.56498],[139.72991,35.56475],[139.73041,35.56467],[139.73244,35.5646],[139.73435,35.56465],[139.73516,35.56475],[139.73543,35.56482],[139.73561,35.5649],[139.7357,35.565],[139.73565,35.56541],[139.73557,35.56557],[139.73539,35.56576],[139.73518,35.56585],[139.73486,35.56591],[139.73366,35.56598],[139.73324,35.5661],[139.73306,35.5662],[139.7328,35.56647],[139.73249,35.56715],[139.73229,35.56741],[139.73215,35.56743],[139.73194,35.56739],[139.7318,35.56743],[139.73145,35.56776],[139.73121,35.56792],[139.73054,35.56805],[139.73042,35.56829],[139.73011,35.56846],[139.72811,35.56898],[139.72655,35.56959],[139.72608,35.56984],[139.72573,35.57016],[139.72507,35.57029],[139.72495,35.57045],[139.72489,35.5708],[139.72476,35.5709],[139.72445,35.57086],[139.72417,35.5706],[139.72397,35.57052],[139.72327,35.57045],[139.72246,35.5705],[139.72212,35.5706],[139.72198,35.57076],[139.7218,35.57086],[139.72154,35.5709],[139.72126,35.57086],[139.72111,35.57076],[139.72096,35.57051],[139.72092,35.5704],[139.721,35.57018],[139.72126,35.56998],[139.72201,35.56971],[139.72265,35.56953],[139.7229,35.56942],[139.72326,35.56918],[139.72343,35.56889],[139.7234,35.56841],[139.72353,35.56807],[139.72374,35.56792],[139.72436,35.56776],[139.72467,35.56755],[139.725,35.5669],[139.72541,35.5666]],[[139.72674,35.60592],[139.72705,35.60595],[139.72723,35.60632],[139.72802,35.60707],[139.72826,35.60737],[139.72841,35.60768],[139.72853,35.60858],[139.72866,35.60882],[139.72884,35.60895],[139.72891,35.60915],[139.72893,35.60965],[139.72884,35.61057],[139.72889,35.61103],[139.72925,35.61154],[139.72935,35.61204],[139.72948,35.61214],[139.72972,35.61219],[139.7298,35.61229],[139.72985,35.61266],[139.72977,35.61282],[139.72946,35.6129],[139.72859,35.61272],[139.72834,35.61272],[139.72831,35.61279],[139.72838,35.61294],[139.72833,35.61303],[139.7279,35.61313],[139.72704,35.61372],[139.72673,35.6138],[139.72618,35.61357],[139.72557,35.61365],[139.72521,35.61361],[139.72468,35.6134],[139.72435,35.61317],[139.72402,35.61276],[139.72391,35.61241],[139.72381,35.61157],[139.72377,35.60994],[139.7237,35.60903],[139.7236,35.60867],[139.72332,35.60832],[139.72324,35.6081],[139.72325,35.60785],[139.72331,35.60768],[139.7236,35.60734],[139.72391,35.60702],[139.72396,35.60689],[139.72391,35.60666],[139.72401,35.60658],[139.72425,35.60653],[139.72509,35.6065],[139.72558,35.60644],[139.72578,35.60636],[139.72598,35.60616],[139.72624,35.60603],[139.72674,35.60592]],[[139.73562,35.60262],[139.73567,35.60291],[139.73573,35.60301],[139.73585,35.60306],[139.73633,35.60299],[139.73664,35.60303],[139.73695,35.60317],[139.73716,35.6034],[139.73721,35.60373],[139.73715,35.60415],[139.73721,35.60446],[139.73749,35.60499],[139.73796,35.60559],[139.73828,35.60628],[139.73841,35.60706],[139.73836,35.60804],[139.73823,35.60851],[139.73797,35.60898],[139.73796,35.60929],[139.73803,35.60961],[139.73798,35.60985],[139.73786,35.60996],[139.73757,35.61007],[139.73743,35.61018],[139.73732,35.61042],[139.73726,35.61082],[139.73717,35.61094],[139.73703,35.61101],[139.73674,35.61106],[139.73655,35.6112],[139.73631,35.61162],[139.73595,35.61255],[139.73582,35.61274],[139.73568,35.61283],[139.73555,35.61282],[139.73542,35.61272],[139.73528,35.61215],[139.73513,35.61196],[139.73497,35.61186],[139.73472,35.61184],[139.73439,35.61188],[139.7335,35.61214],[139.73329,35.61217],[139.73289,35.61214],[139.73272,35.61208],[139.7324,35.61188],[139.73214,35.6116],[139.73189,35.61121],[139.73165,35.61022],[139.73111,35.60912],[139.73106,35.60872],[139.73114,35.60817],[139.73109,35.60798],[139.73092,35.60771],[139.73085,35.60742],[139.7309,35.60666],[139.73129,35.60481],[139.73135,35.60409],[139.73127,35.60384],[139.73114,35.60369],[139.731,35.6034],[139.73072,35.6024],[139.73055,35.6013],[139.73057,35.60101],[139.73066,35.60088],[139.73099,35.60097],[139.73174,35.60148],[139.73211,35.60162],[139.73278,35.6017],[139.73379,35.60166],[139.73416,35.60172],[139.73442,35.60186],[139.73474,35.60225],[139.73491,35.60238],[139.73553,35.60253],[139.73562,35.60262]],[[139.74329,35.60832],[139.74346,35.60792],[139.74375,35.60789],[139.74397,35.60798],[139.74429,35.6083],[139.74498,35.60858],[139.74513,35.60869],[139.74534,35.60905],[139.74547,35.60996],[139.74543,35.61081],[139.74536,35.6112],[139.74525,35.61154],[139.74494,35.61205],[139.74473,35.61222],[139.74449,35.61233],[139.74422,35.61239],[139.74318,35.61232],[139.74277,35.61216],[139.7426,35.61193],[139.74235,35.61179],[139.74198,35.61169],[139.74088,35.61152],[139.74045,35.61133],[139.74018,35.61102],[139.74006,35.61059],[139.74009,35.60969],[139.74018,35.60906],[139.74027,35.60885],[139.74049,35.60864],[139.7407,35.60857],[139.7413,35.60849],[139.74152,35.60833],[139.74165,35.60811],[139.74178,35.60805],[139.74208,35.60811],[139.7427,35.60843],[139.74299,35.60847],[139.74329,35.60832]],[[139.60428,35.67321],[139.60429,35.67269],[139.60419,35.67171],[139.60424,35.67127],[139.60446,35.67106],[139.60486,35.67095],[139.60512,35.6707],[139.60542,35.67026],[139.60568,35.66975],[139.6061,35.6685],[139.60624,35.66833],[139.60663,35.66814],[139.60694,35.66787],[139.60778,35.66659],[139.60809,35.66632],[139.60829,35.66622],[139.6085,35.6662],[139.60871,35.66625],[139.60902,35.66645],[139.60923,35.66674],[139.60928,35.6671],[139.60922,35.66764],[139.6093,35.66787],[139.60947,35.66807],[139.60984,35.66835],[139.61006,35.6687],[139.6101,35.66898],[139.61002,35.66946],[139.61004,35.66984],[139.61011,35.67003],[139.61029,35.67023],[139.61038,35.67063],[139.61035,35.67124],[139.61019,35.6721],[139.61002,35.67249],[139.60982,35.67273],[139.60973,35.67305],[139.60959,35.67525],[139.60944,35.67589],[139.60927,35.67608],[139.60888,35.67626],[139.60879,35.6765],[139.60872,35.67654],[139.6082,35.67636],[139.60784,35.67632],[139.60736,35.67633],[139.60551,35.67654],[139.60502,35.67652],[139.60443,35.6764],[139.60414,35.67638],[139.60392,35.67649],[139.60383,35.67659],[139.60359,35.67737],[139.60343,35.67754],[139.60301,35.6772],[139.60274,35.67711],[139.60253,35.6771],[139.60234,35.67704],[139.60255,35.67693],[139.60272,35.67675],[139.60304,35.67609],[139.60318,35.67596],[139.60356,35.67579],[139.60376,35.67549],[139.60392,35.67401],[139.60402,35.67375],[139.60421,35.67346],[139.60428,35.67321]],[[139.64594,35.7465],[139.64526,35.74664],[139.64501,35.74662],[139.64482,35.74652],[139.64475,35.74642],[139.64457,35.74592],[139.64444,35.74571],[139.64423,35.74552],[139.64371,35.74522],[139.64351,35.74466],[139.6433,35.74446],[139.64281,35.74433],[139.64214,35.74429],[139.64181,35.74415],[139.6416,35.74389],[139.64154,35.74372],[139.64151,35.7433],[139.64155,35.74293],[139.6417,35.74255],[139.64216,35.74228],[139.64236,35.74198],[139.64272,35.74089],[139.64333,35.73985],[139.64329,35.73937],[139.64368,35.73909],[139.64378,35.73876],[139.64436,35.73858],[139.64485,35.73823],[139.64516,35.73808],[139.64537,35.73802],[139.64569,35.73802],[139.64629,35.73809],[139.64684,35.73823],[139.64725,35.73844],[139.64781,35.73884],[139.64826,35.73902],[139.64859,35.73906],[139.64921,35.73899],[139.64947,35.73904],[139.64958,35.73929],[139.6497,35.7394],[139.65028,35.73969],[139.65049,35.73986],[139.65071,35.74019],[139.65083,35.74058],[139.65097,35.74085],[139.65109,35.74093],[139.65129,35.74097],[139.6514,35.74104],[139.65177,35.74175],[139.65249,35.74237],[139.65262,35.7429],[139.65269,35.743],[139.65305,35.74326],[139.65324,35.7436],[139.65336,35.7442],[139.6534,35.74486],[139.65347,35.74504],[139.65358,35.74513],[139.65394,35.7451],[139.65414,35.74517],[139.6543,35.7459],[139.65461,35.74632],[139.65461,35.74666],[139.65438,35.74727],[139.65422,35.7475],[139.65404,35.74765],[139.65365,35.74773],[139.65342,35.74789],[139.65329,35.74814],[139.6531,35.74884],[139.65241,35.74869],[139.65217,35.74859],[139.65205,35.74847],[139.652,35.74823],[139.65193,35.74815],[139.65131,35.74789],[139.64814,35.74728],[139.64719,35.74697],[139.64663,35.74666],[139.64628,35.74653],[139.64594,35.7465]],[[139.64551,35.72824],[139.64541,35.7281],[139.64552,35.72788],[139.64587,35.72761],[139.64602,35.7273],[139.64605,35.72662],[139.64588,35.72575],[139.64583,35.72514],[139.64589,35.72491],[139.64612,35.72475],[139.64622,35.72462],[139.64624,35.72442],[139.64612,35.72434],[139.64578,35.72442],[139.64571,35.72434],[139.64568,35.72419],[139.64559,35.72411],[139.64533,35.72405],[139.64495,35.72403],[139.6447,35.72394],[139.64461,35.72382],[139.64452,35.72345],[139.6444,35.72334],[139.64413,35.72324],[139.64405,35.72316],[139.64395,35.72288],[139.64396,35.72211],[139.64413,35.72101],[139.64419,35.72021],[139.64414,35.71989],[139.64397,35.71967],[139.64394,35.71954],[139.64405,35.71932],[139.64432,35.71905],[139.64444,35.71864],[139.64419,35.71719],[139.64425,35.71701],[139.64443,35.71688],[139.6446,35.7166],[139.64481,35.71578],[139.64495,35.71554],[139.64507,35.71557],[139.64513,35.71565],[139.64531,35.71605],[139.64541,35.71664],[139.64546,35.71768],[139.64559,35.7181],[139.64569,35.71827],[139.64598,35.71852],[139.64655,35.71873],[139.64694,35.719],[139.64706,35.71922],[139.6471,35.71963],[139.64722,35.71995],[139.64784,35.7205],[139.64799,35.72101],[139.64819,35.72111],[139.64854,35.72115],[139.64862,35.72122],[139.64856,35.7217],[139.64865,35.72223],[139.64898,35.72296],[139.64919,35.7232],[139.64933,35.72327],[139.64946,35.72347],[139.64967,35.7241],[139.64987,35.72515],[139.6499,35.7262],[139.64976,35.7268],[139.64951,35.72732],[139.64909,35.72791],[139.64899,35.72824],[139.64909,35.72833],[139.64948,35.72839],[139.64972,35.72855],[139.64991,35.72879],[139.64993,35.72901],[139.64974,35.7292],[139.64941,35.72934],[139.64929,35.7293],[139.64925,35.72911],[139.64915,35.72903],[139.64897,35.729],[139.64866,35.72911],[139.64819,35.72937],[139.64745,35.72989],[139.64714,35.73018],[139.64701,35.73051],[139.64675,35.73058],[139.64665,35.73054],[139.64661,35.73044],[139.64669,35.72997],[139.64663,35.72976],[139.64651,35.72969],[139.64624,35.72966],[139.64608,35.7295],[139.64613,35.72891],[139.64604,35.72858],[139.64587,35.72842],[139.64551,35.72824]],[[139.64953,35.73015],[139.65021,35.73009],[139.65033,35.73003],[139.65039,35.72983],[139.65051,35.72976],[139.65094,35.72982],[139.65111,35.72981],[139.65129,35.72968],[139.65142,35.72947],[139.65157,35.7294],[139.65194,35.72947],[139.65258,35.72975],[139.65312,35.7299],[139.65352,35.72989],[139.65372,35.72981],[139.65392,35.72961],[139.65417,35.72955],[139.65455,35.72954],[139.65564,35.72963],[139.65605,35.72976],[139.65628,35.72995],[139.65634,35.73018],[139.6563,35.73062],[139.65639,35.73071],[139.65674,35.73071],[139.65682,35.73078],[139.65693,35.73107],[139.657,35.73156],[139.65706,35.73309],[139.65719,35.73355],[139.65737,35.73369],[139.65746,35.7339],[139.65738,35.73453],[139.65739,35.73505],[139.65783,35.73698],[139.65774,35.73733],[139.65733,35.73763],[139.65715,35.73797],[139.65706,35.73854],[139.65717,35.73909],[139.65716,35.73937],[139.65678,35.73991],[139.65659,35.74052],[139.65654,35.74091],[139.65655,35.74147],[139.65684,35.74249],[139.6569,35.74291],[139.65679,35.74337],[139.65667,35.74352],[139.65653,35.74362],[139.65634,35.74366],[139.65596,35.74362],[139.65571,35.74351],[139.65551,35.74335],[139.65542,35.74307],[139.65554,35.74256],[139.65545,35.74203],[139.65527,35.74172],[139.65515,35.74165],[139.65496,35.74162],[139.65486,35.74155],[139.6547,35.74087],[139.65451,35.74074],[139.65413,35.74068],[139.65399,35.74055],[139.65375,35.73997],[139.65357,35.73971],[139.65341,35.73962],[139.65296,35.73954],[139.65267,35.73939],[139.65173,35.73867],[139.65121,35.73805],[139.65086,35.73723],[139.65074,35.73714],[139.65061,35.73712],[139.6505,35.737],[139.65039,35.73654],[139.65034,35.73499],[139.65025,35.73444],[139.65017,35.73434],[139.64999,35.73423],[139.64953,35.73415],[139.64934,35.73396],[139.6491,35.73337],[139.64878,35.73207],[139.6486,35.73161],[139.64853,35.73156],[139.64843,35.73157],[139.64824,35.73178],[139.64802,35.73186],[139.64768,35.73183],[139.64729,35.73173],[139.64742,35.73171],[139.64762,35.7317],[139.64781,35.73164],[139.64794,35.73133],[139.64838,35.73119],[139.64873,35.73069],[139.6489,35.73059],[139.64919,35.73054],[139.64927,35.73043],[139.64929,35.73028],[139.64938,35.7302],[139.64953,35.73015]],[[139.66195,35.71354],[139.66247,35.71348],[139.66303,35.71352],[139.66339,35.71369],[139.66367,35.71418],[139.66383,35.71433],[139.66468,35.71466],[139.66477,35.71475],[139.66484,35.71501],[139.66497,35.71512],[139.6653,35.71523],[139.66565,35.71516],[139.66577,35.7152],[139.66593,35.71549],[139.66609,35.71628],[139.66631,35.7168],[139.66657,35.71709],[139.66727,35.71754],[139.66773,35.71798],[139.6679,35.7186],[139.6682,35.71869],[139.6684,35.71888],[139.66892,35.72002],[139.66926,35.72047],[139.66936,35.72078],[139.66937,35.72135],[139.66928,35.72241],[139.66937,35.72269],[139.66956,35.72275],[139.66968,35.72287],[139.66982,35.72324],[139.6699,35.72378],[139.66982,35.72404],[139.66973,35.72412],[139.66947,35.7242],[139.66847,35.72417],[139.66829,35.72423],[139.66815,35.72438],[139.66797,35.72446],[139.66754,35.72452],[139.66681,35.72455],[139.6665,35.72463],[139.66633,35.72493],[139.66579,35.72508],[139.66531,35.72543],[139.66512,35.72566],[139.66502,35.72596],[139.66486,35.72613],[139.6641,35.72654],[139.66395,35.72676],[139.66391,35.727],[139.6638,35.72712],[139.66348,35.72721],[139.66285,35.72726],[139.66259,35.72736],[139.66239,35.72752],[139.66206,35.72793],[139.66183,35.72811],[139.6607,35.7286],[139.66035,35.72891],[139.66025,35.72887],[139.66002,35.72864],[139.65959,35.72857],[139.65913,35.72867],[139.65846,35.72902],[139.65801,35.72918],[139.65734,35.72924],[139.65696,35.72918],[139.65676,35.72902],[139.65678,35.72872],[139.65694,35.7286],[139.6573,35.72855],[139.65747,35.72848],[139.65769,35.72817],[139.65772,35.72787],[139.65751,35.72765],[139.65707,35.72754],[139.65666,35.72754],[139.6564,35.72766],[139.65622,35.72792],[139.65609,35.72795],[139.6556,35.72766],[139.65528,35.72756],[139.65488,35.72752],[139.65388,35.72755],[139.65352,35.72741],[139.6534,35.72729],[139.65328,35.72692],[139.65333,35.72589],[139.65328,35.72548],[139.65316,35.72515],[139.65287,35.72477],[139.65264,35.72431],[139.65245,35.72349],[139.65229,35.72304],[139.65183,35.72236],[139.65066,35.72128],[139.65029,35.72077],[139.65025,35.7205],[139.65034,35.71994],[139.65028,35.7196],[139.65012,35.71923],[139.65001,35.71913],[139.64976,35.71906],[139.64966,35.71888],[139.64959,35.71835],[139.64953,35.71717],[139.6494,35.7168],[139.64916,35.71662],[139.64908,35.71649],[139.64905,35.716],[139.64914,35.71583],[139.64929,35.7157],[139.64977,35.71555],[139.64995,35.71544],[139.64994,35.71534],[139.64973,35.71509],[139.64968,35.71479],[139.64979,35.71428],[139.64997,35.71405],[139.65013,35.714],[139.65051,35.71406],[139.65066,35.71404],[139.65096,35.71379],[139.65112,35.71373],[139.65196,35.71362],[139.65215,35.71353],[139.65248,35.71322],[139.65292,35.71293],[139.65388,35.71251],[139.65438,35.71234],[139.65481,35.71227],[139.65517,35.71228],[139.65546,35.71237],[139.65571,35.7126],[139.65602,35.71323],[139.65633,35.71453],[139.65657,35.71522],[139.65676,35.71545],[139.65716,35.71553],[139.6569,35.7157],[139.65682,35.71581],[139.65677,35.71602],[139.65681,35.71624],[139.65696,35.71637],[139.65733,35.71642],[139.65761,35.71657],[139.65791,35.71703],[139.65802,35.71742],[139.65814,35.71862],[139.65809,35.7204],[139.65796,35.72093],[139.65768,35.72118],[139.65777,35.72157],[139.65745,35.72219],[139.6575,35.72239],[139.65768,35.72257],[139.65781,35.72281],[139.65785,35.72332],[139.65773,35.72367],[139.65739,35.7241],[139.65731,35.72442],[139.65731,35.72484],[139.65748,35.72561],[139.65782,35.72633],[139.65802,35.72652],[139.65834,35.7266],[139.65861,35.72698],[139.65879,35.72705],[139.65922,35.72698],[139.65961,35.72684],[139.65998,35.72661],[139.66027,35.72629],[139.66058,35.72566],[139.66081,35.72473],[139.66089,35.72418],[139.66085,35.72354],[139.66077,35.72339],[139.66053,35.72322],[139.66046,35.72307],[139.66044,35.72286],[139.66053,35.72196],[139.66044,35.72161],[139.66026,35.72135],[139.66021,35.72118],[139.66023,35.72101],[139.66044,35.72065],[139.66052,35.72035],[139.66053,35.71973],[139.66044,35.71894],[139.66024,35.71826],[139.65992,35.71795],[139.65989,35.71783],[139.65999,35.71737],[139.6599,35.71717],[139.65958,35.71679],[139.65953,35.71618],[139.65982,35.7158],[139.66017,35.71571],[139.66022,35.71564],[139.65991,35.7148],[139.65993,35.71453],[139.66008,35.71431],[139.66033,35.71418],[139.66084,35.71414],[139.66118,35.71404],[139.66159,35.7137],[139.66195,35.71354]],[[139.67207,35.74167],[139.67243,35.74205],[139.67269,35.74269],[139.67274,35.74315],[139.67271,35.74363],[139.67261,35.74401],[139.6723,35.74452],[139.67228,35.74466],[139.67234,35.7449],[139.67226,35.74501],[139.67206,35.74512],[139.67116,35.74537],[139.67087,35.74541],[139.67056,35.74539],[139.67033,35.74525],[139.67023,35.74496],[139.67008,35.74485],[139.66949,35.74479],[139.66919,35.74472],[139.66871,35.74451],[139.66805,35.74413],[139.66776,35.74402],[139.66751,35.74399],[139.66709,35.74406],[139.66678,35.74401],[139.66647,35.74387],[139.66629,35.74366],[139.66608,35.74306],[139.66595,35.74216],[139.66593,35.74135],[139.66602,35.74087],[139.66634,35.74046],[139.66645,35.73995],[139.66684,35.73949],[139.66733,35.7391],[139.66761,35.73896],[139.66784,35.73893],[139.66802,35.73902],[139.66836,35.73934],[139.66882,35.73946],[139.66908,35.73986],[139.66924,35.73999],[139.6696,35.74014],[139.67024,35.74029],[139.67049,35.74042],[139.67069,35.7406],[139.6711,35.74111],[139.67132,35.74127],[139.67207,35.74167]],[[139.677,35.71192],[139.67734,35.7124],[139.67755,35.71285],[139.67776,35.71366],[139.67792,35.71408],[139.67859,35.71539],[139.67868,35.71579],[139.67867,35.71617],[139.67837,35.71722],[139.67831,35.71816],[139.67823,35.71853],[139.67813,35.71866],[139.67794,35.71869],[139.67782,35.71876],[139.67756,35.71929],[139.6773,35.71953],[139.67704,35.71964],[139.67643,35.71977],[139.67617,35.7199],[139.67605,35.72021],[139.67573,35.72042],[139.67564,35.72055],[139.67556,35.72085],[139.67552,35.72136],[139.67542,35.72166],[139.67524,35.72186],[139.67508,35.72192],[139.67483,35.72188],[139.67416,35.72144],[139.67374,35.72134],[139.67364,35.72117],[139.67358,35.72077],[139.67331,35.72049],[139.67298,35.72034],[139.67232,35.72015],[139.67186,35.71989],[139.67171,35.71966],[139.67166,35.71916],[139.67155,35.71895],[139.6713,35.71887],[139.67101,35.71861],[139.67037,35.71768],[139.66996,35.71719],[139.66968,35.71697],[139.66929,35.71677],[139.6691,35.7166],[139.66894,35.71628],[139.66892,35.71588],[139.66884,35.71558],[139.66875,35.71546],[139.66855,35.71534],[139.66834,35.71513],[139.66801,35.71452],[139.66792,35.714],[139.66801,35.71338],[139.66792,35.7132],[139.66768,35.71306],[139.66758,35.71294],[139.66755,35.71278],[139.66766,35.71259],[139.66804,35.71229],[139.66848,35.71206],[139.669,35.71189],[139.66995,35.7117],[139.67037,35.71154],[139.67056,35.71139],[139.67111,35.71071],[139.67126,35.71056],[139.67155,35.7104],[139.67244,35.71029],[139.67312,35.71004],[139.67358,35.70996],[139.67421,35.70999],[139.67469,35.71007],[139.67546,35.71044],[139.67599,35.71085],[139.67653,35.71138],[139.677,35.71192]],[[139.68356,35.70832],[139.68285,35.70846],[139.68207,35.7084],[139.68191,35.70844],[139.6817,35.7086],[139.6816,35.70861],[139.68129,35.70855],[139.68084,35.70839],[139.67974,35.70787],[139.67922,35.70753],[139.67889,35.70713],[139.6787,35.70706],[139.67829,35.70706],[139.67773,35.70719],[139.67753,35.70733],[139.67748,35.70754],[139.67738,35.70767],[139.6772,35.70776],[139.67699,35.70776],[139.67678,35.70764],[139.67644,35.70729],[139.67598,35.70713],[139.67586,35.70682],[139.67587,35.70642],[139.67596,35.70617],[139.67611,35.70595],[139.67694,35.70531],[139.67748,35.70464],[139.67769,35.70457],[139.67798,35.70461],[139.67806,35.70448],[139.67811,35.70419],[139.6782,35.7041],[139.67879,35.70399],[139.67913,35.70374],[139.67944,35.70368],[139.67994,35.70366],[139.68142,35.70373],[139.68235,35.70372],[139.6828,35.70366],[139.6835,35.70348],[139.68374,35.70349],[139.68416,35.70366],[139.68435,35.70368],[139.68459,35.70359],[139.68497,35.70325],[139.68524,35.70315],[139.6857,35.7031],[139.68588,35.70299],[139.68601,35.70284],[139.68614,35.70278],[139.68713,35.70283],[139.68726,35.70277],[139.68748,35.70257],[139.68784,35.70249],[139.68859,35.70247],[139.68917,35.70252],[139.68943,35.7026],[139.68956,35.70274],[139.68958,35.7029],[139.68951,35.70331],[139.68964,35.70362],[139.68985,35.7038],[139.69032,35.70407],[139.6906,35.70442],[139.69066,35.70471],[139.69059,35.70532],[139.69061,35.70553],[139.69068,35.70568],[139.691,35.7059],[139.69104,35.70615],[139.69085,35.70628],[139.69049,35.70631],[139.69025,35.70641],[139.68991,35.70689],[139.68967,35.70704],[139.68924,35.70721],[139.68915,35.7073],[139.68911,35.70746],[139.68896,35.70756],[139.68859,35.70764],[139.68766,35.70775],[139.68688,35.70779],[139.68611,35.70778],[139.68585,35.70772],[139.68575,35.70753],[139.68562,35.70746],[139.68531,35.70742],[139.68495,35.70744],[139.68474,35.70753],[139.68467,35.70773],[139.68443,35.70794],[139.68356,35.70832]],[[139.6908,35.74898],[139.69084,35.74909],[139.69097,35.7492],[139.69144,35.74943],[139.69174,35.74963],[139.69214,35.75018],[139.69246,35.75027],[139.69259,35.75037],[139.69294,35.75101],[139.69315,35.75126],[139.69347,35.7514],[139.69367,35.75143],[139.69415,35.7514],[139.6949,35.75129],[139.69527,35.7513],[139.69554,35.75138],[139.69598,35.75176],[139.69644,35.75189],[139.69671,35.75229],[139.69701,35.75255],[139.69789,35.75297],[139.69832,35.75326],[139.69849,35.75347],[139.69877,35.754],[139.69888,35.75407],[139.69913,35.75412],[139.69921,35.75419],[139.69926,35.75446],[139.69937,35.7546],[139.69984,35.75473],[139.70092,35.75479],[139.7013,35.75493],[139.70142,35.75504],[139.70152,35.75535],[139.7015,35.75555],[139.70134,35.75599],[139.70109,35.75637],[139.70056,35.75683],[139.69943,35.75745],[139.69928,35.7576],[139.69923,35.75778],[139.6991,35.75795],[139.69785,35.75891],[139.69767,35.75909],[139.69755,35.75933],[139.69716,35.75934],[139.69668,35.75926],[139.69572,35.75902],[139.695,35.75877],[139.69469,35.7586],[139.69423,35.75822],[139.69308,35.75786],[139.69289,35.75771],[139.69269,35.75729],[139.69243,35.75702],[139.69217,35.75687],[139.69169,35.75669],[139.69137,35.75646],[139.69124,35.75616],[139.69128,35.75583],[139.69143,35.75554],[139.69179,35.7552],[139.6919,35.75501],[139.69187,35.75491],[139.69169,35.75481],[139.69152,35.75463],[139.69123,35.75399],[139.69106,35.75386],[139.69082,35.75382],[139.6907,35.75363],[139.6907,35.75339],[139.69082,35.75324],[139.69148,35.7531],[139.69164,35.75298],[139.69169,35.75286],[139.69159,35.75259],[139.69124,35.75225],[139.69112,35.75205],[139.69107,35.75169],[139.69114,35.75128],[139.69105,35.75096],[139.69088,35.75079],[139.6902,35.7504],[139.6899,35.74995],[139.68969,35.7498],[139.68949,35.7498],[139.68937,35.74985],[139.68904,35.75031],[139.68872,35.75043],[139.68843,35.75047],[139.68798,35.75044],[139.68772,35.75036],[139.68765,35.75027],[139.68771,35.75008],[139.68783,35.74992],[139.68828,35.74951],[139.68874,35.7492],[139.68913,35.7491],[139.68923,35.74903],[139.68931,35.74878],[139.68932,35.74821],[139.68951,35.74778],[139.68978,35.74746],[139.69037,35.74703],[139.69071,35.74691],[139.69076,35.74693],[139.69075,35.74716],[139.69042,35.74799],[139.69047,35.74839],[139.69079,35.7486],[139.69088,35.74872],[139.6908,35.74898]],[[139.69728,35.65926],[139.69738,35.65858],[139.6973,35.65805],[139.6974,35.65772],[139.69778,35.65705],[139.6985,35.65634],[139.69872,35.65604],[139.69876,35.65585],[139.69869,35.65545],[139.69878,35.65525],[139.69902,35.65499],[139.6991,35.6548],[139.69923,35.6539],[139.69942,35.65353],[139.69973,35.65321],[139.7,35.65311],[139.70033,35.65311],[139.70132,35.65341],[139.70174,35.65349],[139.70322,35.65345],[139.70345,35.65351],[139.70379,35.65371],[139.70405,35.65377],[139.70496,35.65382],[139.70539,35.65388],[139.70556,35.65396],[139.70571,35.65411],[139.70589,35.65417],[139.70615,35.65419],[139.70691,35.65413],[139.70728,35.65418],[139.70777,35.65441],[139.7082,35.65481],[139.70854,35.65504],[139.70915,35.6553],[139.70962,35.65542],[139.71001,35.65565],[139.71028,35.65604],[139.71043,35.65658],[139.71043,35.65759],[139.71028,35.65809],[139.71001,35.65841],[139.70983,35.6585],[139.70858,35.65862],[139.70829,35.6587],[139.70797,35.65887],[139.70774,35.65919],[139.70762,35.65978],[139.7075,35.65991],[139.70714,35.66006],[139.70695,35.66021],[139.70682,35.66072],[139.70661,35.66114],[139.70625,35.66169],[139.70581,35.66211],[139.70549,35.66225],[139.70533,35.66228],[139.70463,35.66224],[139.70425,35.66228],[139.70323,35.6626],[139.70253,35.66276],[139.70086,35.66289],[139.70055,35.66304],[139.7005,35.66328],[139.70034,35.66347],[139.69958,35.66373],[139.69946,35.66382],[139.69937,35.66403],[139.69917,35.6641],[139.69832,35.66417],[139.69749,35.66414],[139.69697,35.66401],[139.6968,35.66387],[139.69677,35.66379],[139.69664,35.66364],[139.69663,35.66367],[139.69656,35.66372],[139.69644,35.66371],[139.69638,35.66364],[139.69638,35.66355],[139.69646,35.6635],[139.69653,35.66351],[139.69646,35.66342],[139.69563,35.66276],[139.69553,35.66253],[139.69553,35.66242],[139.69563,35.6622],[139.69583,35.66199],[139.69611,35.66177],[139.69648,35.66164],[139.69664,35.6614],[139.69692,35.66066],[139.69728,35.65926]],[[139.70665,35.71525],[139.70651,35.71532],[139.70599,35.7154],[139.70569,35.71567],[139.70543,35.71571],[139.70492,35.71564],[139.70455,35.71565],[139.70379,35.71594],[139.70348,35.716],[139.70302,35.71596],[139.70284,35.71586],[139.70272,35.71571],[139.7026,35.71567],[139.70246,35.71568],[139.70208,35.71585],[139.70189,35.71589],[139.70182,35.71585],[139.7018,35.7157],[139.70172,35.7156],[139.70132,35.71551],[139.70104,35.71525],[139.7007,35.71514],[139.69989,35.7151],[139.69949,35.71514],[139.69918,35.71524],[139.69892,35.71549],[139.69886,35.71582],[139.69891,35.71612],[139.69913,35.71646],[139.69918,35.71665],[139.69913,35.71674],[139.69894,35.71687],[139.6988,35.71712],[139.69838,35.71872],[139.69813,35.71935],[139.69795,35.71956],[139.69752,35.71965],[139.69729,35.71975],[139.69646,35.72027],[139.69594,35.72036],[139.69438,35.72009],[139.69247,35.72001],[139.69199,35.7199],[139.69177,35.71973],[139.69172,35.71954],[139.69173,35.7193],[139.69196,35.71869],[139.69224,35.71831],[139.6925,35.71823],[139.6926,35.71816],[139.69269,35.71785],[139.6926,35.7174],[139.69214,35.717],[139.69195,35.71647],[139.69193,35.71588],[139.69198,35.71504],[139.6922,35.71373],[139.69238,35.71342],[139.69258,35.71337],[139.69273,35.71346],[139.69289,35.71374],[139.69307,35.7139],[139.69344,35.71397],[139.69359,35.71387],[139.6937,35.71349],[139.69363,35.71259],[139.69372,35.71202],[139.69389,35.71175],[139.69453,35.71126],[139.69472,35.71086],[139.69494,35.71081],[139.6952,35.71092],[139.69617,35.71177],[139.69645,35.71192],[139.69666,35.71195],[139.69679,35.71201],[139.69693,35.71235],[139.69731,35.71246],[139.69748,35.71301],[139.69788,35.71311],[139.6981,35.71332],[139.69819,35.71362],[139.69824,35.71421],[139.69835,35.71438],[139.69871,35.71447],[139.69907,35.71477],[139.69949,35.71485],[139.70034,35.71485],[139.70051,35.7148],[139.70076,35.71463],[139.70083,35.71451],[139.70086,35.71419],[139.70075,35.71364],[139.70059,35.71321],[139.70026,35.71278],[139.70005,35.71265],[139.69978,35.71259],[139.69966,35.71245],[139.69952,35.71203],[139.69932,35.71108],[139.69915,35.71077],[139.69896,35.71065],[139.69889,35.71054],[139.69888,35.7103],[139.69895,35.70998],[139.69891,35.70977],[139.69869,35.70948],[139.69824,35.70914],[139.69814,35.70897],[139.69819,35.70872],[139.69849,35.7085],[139.69906,35.70837],[139.7008,35.70827],[139.70104,35.70819],[139.70123,35.708],[139.70139,35.70791],[139.70158,35.70789],[139.70172,35.70794],[139.70192,35.70816],[139.70229,35.70877],[139.70261,35.70902],[139.70342,35.7093],[139.70367,35.70955],[139.70386,35.70965],[139.70445,35.70974],[139.70457,35.70985],[139.70461,35.71001],[139.70474,35.71012],[139.70512,35.71029],[139.70573,35.71048],[139.70643,35.71081],[139.7072,35.71129],[139.70771,35.71169],[139.70805,35.71208],[139.70821,35.71248],[139.7082,35.71287],[139.7081,35.71324],[139.70813,35.71353],[139.7082,35.71365],[139.70844,35.71381],[139.70913,35.71395],[139.70882,35.71398],[139.70843,35.71399],[139.70805,35.71405],[139.70792,35.71413],[139.70787,35.71429],[139.70779,35.71436],[139.70753,35.71443],[139.70715,35.71445],[139.70696,35.71452],[139.70684,35.71464],[139.70677,35.71504],[139.70665,35.71525]],[[139.71104,35.71765],[139.71039,35.71718],[139.71002,35.71697],[139.70954,35.71691],[139.70908,35.71626],[139.70899,35.71584],[139.70904,35.71555],[139.70925,35.71538],[139.70988,35.71531],[139.71012,35.71523],[139.71039,35.71508],[139.71093,35.71466],[139.71231,35.71466],[139.71349,35.71565],[139.71376,35.71602],[139.7137,35.71622],[139.7134,35.71634],[139.71293,35.71642],[139.71253,35.71658],[139.71206,35.71698],[139.71173,35.71751],[139.71148,35.71769],[139.71134,35.71772],[139.71104,35.71765]],[[139.71347,35.71049],[139.71368,35.7104],[139.71404,35.71038],[139.71438,35.71047],[139.7146,35.71068],[139.71472,35.71099],[139.71491,35.71124],[139.71544,35.71152],[139.71559,35.71182],[139.71565,35.71242],[139.71589,35.71277],[139.71617,35.71292],[139.71691,35.71307],[139.71636,35.7131],[139.71615,35.71315],[139.71602,35.71331],[139.71605,35.71354],[139.7159,35.71364],[139.71536,35.71368],[139.71478,35.71364],[139.71398,35.71349],[139.71337,35.71325],[139.71296,35.71292],[139.71271,35.71257],[139.71277,35.71217],[139.71251,35.71157],[139.71254,35.7113],[139.71269,35.71115],[139.71325,35.71086],[139.7134,35.71069],[139.71347,35.71049]],[[139.71904,35.66709],[139.71923,35.66702],[139.71936,35.6669],[139.71954,35.66661],[139.71967,35.66651],[139.72003,35.66645],[139.72021,35.66653],[139.72022,35.66666],[139.72003,35.66706],[139.72,35.66725],[139.72012,35.66748],[139.72047,35.66777],[139.72063,35.66815],[139.72066,35.66869],[139.72053,35.66932],[139.72021,35.67002],[139.7195,35.67119],[139.71934,35.67157],[139.7192,35.67233],[139.71908,35.67243],[139.71872,35.6724],[139.71855,35.67249],[139.71837,35.67283],[139.71825,35.67336],[139.71811,35.67373],[139.71799,35.67386],[139.71763,35.67395],[139.7174,35.67417],[139.7172,35.6742],[139.7169,35.67415],[139.71601,35.67388],[139.71525,35.67372],[139.71352,35.67359],[139.71314,35.67343],[139.71292,35.67308],[139.71281,35.67301],[139.71256,35.67295],[139.71249,35.67285],[139.71246,35.67266],[139.71253,35.67221],[139.71274,35.67179],[139.7131,35.6715],[139.7137,35.67122],[139.71386,35.671],[139.71392,35.67074],[139.71386,35.67013],[139.71397,35.66983],[139.71446,35.66957],[139.71457,35.66938],[139.71461,35.66915],[139.71469,35.66905],[139.71485,35.66901],[139.71507,35.66902],[139.71534,35.66906],[139.71568,35.66899],[139.71586,35.66885],[139.71608,35.66854],[139.71632,35.66833],[139.71705,35.66814],[139.71742,35.66788],[139.71797,35.66739],[139.71825,35.66723],[139.71853,35.66714],[139.71904,35.66709]],[[139.72308,35.69084],[139.72363,35.69064],[139.72499,35.69006],[139.72557,35.68989],[139.72578,35.68992],[139.72592,35.68999],[139.72627,35.69034],[139.72651,35.6905],[139.727,35.69058],[139.72727,35.69071],[139.7275,35.69096],[139.7277,35.69137],[139.72771,35.6916],[139.72759,35.69179],[139.72717,35.69205],[139.72587,35.69269],[139.72546,35.69299],[139.72533,35.69315],[139.72518,35.69347],[139.72523,35.69423],[139.72518,35.69444],[139.72508,35.69459],[139.72469,35.6948],[139.72405,35.69491],[139.72386,35.69507],[139.72369,35.69536],[139.7234,35.69551],[139.72297,35.69548],[139.72288,35.69541],[139.7228,35.69522],[139.72263,35.69516],[139.72211,35.69515],[139.72134,35.69521],[139.7207,35.69517],[139.72039,35.69507],[139.72005,35.69484],[139.71966,35.69468],[139.71885,35.6946],[139.71833,35.69447],[139.71799,35.69432],[139.71749,35.694],[139.7171,35.69365],[139.71699,35.69333],[139.71673,35.69326],[139.71668,35.69318],[139.71677,35.69305],[139.71711,35.69275],[139.71742,35.69255],[139.71799,35.6923],[139.71939,35.69188],[139.71991,35.6915],[139.72055,35.69142],[139.72125,35.69108],[139.72234,35.69099],[139.72308,35.69084]],[[139.72419,35.71353],[139.72363,35.71379],[139.72335,35.71398],[139.72316,35.71418],[139.72309,35.7145],[139.72297,35.71469],[139.7225,35.71486],[139.72114,35.71493],[139.7207,35.715],[139.72037,35.71512],[139.71972,35.71551],[139.71947,35.71556],[139.71894,35.71557],[139.71928,35.71472],[139.71936,35.71441],[139.71934,35.71423],[139.71905,35.71399],[139.71903,35.7139],[139.71911,35.71368],[139.71905,35.71355],[139.71876,35.71333],[139.71819,35.713],[139.71805,35.71286],[139.71804,35.71273],[139.71822,35.71246],[139.71821,35.71225],[139.71784,35.71148],[139.71775,35.71108],[139.71773,35.71065],[139.71781,35.71018],[139.71796,35.7097],[139.71824,35.70926],[139.71847,35.70914],[139.71886,35.70919],[139.71912,35.70931],[139.71921,35.70941],[139.71925,35.70956],[139.71938,35.70962],[139.71961,35.70964],[139.72053,35.70957],[139.721,35.70966],[139.72168,35.71006],[139.72206,35.71016],[139.72247,35.71019],[139.72277,35.71029],[139.72325,35.71061],[139.72376,35.71107],[139.7242,35.71129],[139.72449,35.71125],[139.72503,35.71084],[139.72518,35.71127],[139.72518,35.71146],[139.72499,35.71168],[139.72447,35.71197],[139.72489,35.71199],[139.72497,35.71204],[139.72502,35.71217],[139.72498,35.71232],[139.72489,35.71238],[139.72447,35.71244],[139.72438,35.71251],[139.72439,35.71272],[139.72454,35.71304],[139.7245,35.71325],[139.72419,35.71353]],[[139.72734,35.73459],[139.72787,35.73451],[139.72813,35.73451],[139.72863,35.73459],[139.72932,35.7349],[139.72959,35.73513],[139.72966,35.73524],[139.72966,35.73547],[139.7295,35.73569],[139.72909,35.73604],[139.72877,35.73618],[139.72778,35.73638],[139.72688,35.73646],[139.72658,35.73638],[139.72631,35.73613],[139.72606,35.73608],[139.72574,35.73619],[139.72502,35.73665],[139.72464,35.73675],[139.72437,35.73676],[139.72411,35.73669],[139.72407,35.7366],[139.72413,35.73646],[139.72437,35.73622],[139.72474,35.73601],[139.7256,35.73566],[139.7258,35.73549],[139.72586,35.73532],[139.72617,35.73508],[139.72679,35.73479],[139.72734,35.73459]],[[139.72172,35.66601],[139.72147,35.6657],[139.72124,35.66551],[139.72094,35.66539],[139.72075,35.66524],[139.72059,35.66475],[139.7204,35.66466],[139.71997,35.6646],[139.71985,35.6645],[139.71985,35.66434],[139.71992,35.66426],[139.7204,35.66417],[139.72059,35.66398],[139.72072,35.66311],[139.72084,35.66279],[139.72103,35.66249],[139.72144,35.66209],[139.72193,35.66182],[139.7223,35.66174],[139.72271,35.66172],[139.72325,35.66182],[139.72368,35.66209],[139.72401,35.66248],[139.72436,35.66274],[139.72461,35.66283],[139.72512,35.66289],[139.72531,35.66299],[139.72544,35.66314],[139.7257,35.66366],[139.72582,35.66373],[139.72613,35.66381],[139.72639,35.6642],[139.72657,35.66436],[139.72709,35.66447],[139.72701,35.66457],[139.72655,35.6649],[139.72647,35.66507],[139.72652,35.66526],[139.72665,35.66532],[139.72685,35.66534],[139.72699,35.66543],[139.72759,35.66634],[139.72792,35.66666],[139.72857,35.66714],[139.72873,35.66751],[139.72917,35.66765],[139.72954,35.66817],[139.72968,35.66828],[139.73005,35.66843],[139.73015,35.66858],[139.73016,35.66879],[139.73009,35.66908],[139.72994,35.66939],[139.72976,35.6696],[139.72942,35.66974],[139.72877,35.6697],[139.72869,35.66976],[139.72864,35.66993],[139.72847,35.66961],[139.72825,35.66948],[139.72726,35.66951],[139.72658,35.66938],[139.72605,35.66923],[139.72559,35.66905],[139.72525,35.66885],[139.72503,35.66865],[139.72486,35.66832],[139.72464,35.66813],[139.72409,35.66789],[139.72331,35.66769],[139.72284,35.66746],[139.72263,35.6673],[139.72227,35.66692],[139.72172,35.66601]],[[139.72932,35.67199],[139.7297,35.67216],[139.73004,35.6724],[139.73014,35.67261],[139.72982,35.67309],[139.72978,35.6736],[139.7299,35.67385],[139.73014,35.67392],[139.73024,35.67404],[139.7303,35.67426],[139.73032,35.67478],[139.73029,35.6751],[139.73019,35.6754],[139.7298,35.67555],[139.72946,35.67598],[139.72924,35.67614],[139.72872,35.67622],[139.72773,35.67608],[139.72752,35.67608],[139.72721,35.67614],[139.72704,35.6763],[139.72698,35.67678],[139.72687,35.67699],[139.72637,35.67715],[139.72565,35.67761],[139.7254,35.67769],[139.725,35.67772],[139.72454,35.67765],[139.72392,35.67732],[139.72303,35.67709],[139.72278,35.67695],[139.72252,35.6766],[139.72228,35.6759],[139.72204,35.67571],[139.72164,35.67562],[139.72133,35.67537],[139.72094,35.67477],[139.72082,35.67439],[139.72085,35.67421],[139.72103,35.67402],[139.72116,35.67375],[139.72122,35.67312],[139.7213,35.67283],[139.72139,35.6727],[139.7216,35.67257],[139.72178,35.67234],[139.72239,35.67114],[139.72269,35.67065],[139.72285,35.67046],[139.72321,35.67023],[139.7236,35.67015],[139.72417,35.67017],[139.72446,35.67005],[139.72468,35.66984],[139.72505,35.66921],[139.72519,35.66915],[139.72532,35.66923],[139.72545,35.6694],[139.72554,35.66968],[139.72546,35.67023],[139.72555,35.6706],[139.72584,35.671],[139.72629,35.67139],[139.72686,35.67169],[139.72777,35.67194],[139.72834,35.67201],[139.72897,35.67195],[139.72932,35.67199]],[[139.72352,35.72062],[139.72278,35.72027],[139.72246,35.71998],[139.7222,35.71958],[139.72201,35.7191],[139.72187,35.71829],[139.72188,35.71783],[139.72206,35.71724],[139.72228,35.71692],[139.72253,35.71671],[139.72297,35.71657],[139.72331,35.7166],[139.72351,35.71658],[139.72401,35.71637],[139.72498,35.71566],[139.72649,35.71433],[139.72705,35.71399],[139.72745,35.7139],[139.72759,35.71395],[139.72798,35.71424],[139.72837,35.71437],[139.72886,35.71444],[139.73018,35.7145],[139.73049,35.71456],[139.73067,35.71465],[139.73081,35.71515],[139.7308,35.71579],[139.73069,35.71609],[139.73038,35.71645],[139.73037,35.71662],[139.73055,35.71686],[139.73097,35.71697],[139.73109,35.71716],[139.73109,35.71739],[139.73101,35.71755],[139.73055,35.71768],[139.73042,35.71781],[139.73036,35.71795],[139.73041,35.71804],[139.73065,35.71807],[139.73085,35.7182],[139.73119,35.71868],[139.73136,35.71924],[139.73136,35.71959],[139.73129,35.71983],[139.73101,35.72036],[139.73062,35.72078],[139.72999,35.7212],[139.72866,35.72187],[139.7283,35.72217],[139.72829,35.72231],[139.72855,35.72263],[139.72867,35.72309],[139.72882,35.72321],[139.72905,35.72331],[139.72971,35.72338],[139.73018,35.7233],[139.73102,35.72292],[139.73143,35.72288],[139.7321,35.72294],[139.73245,35.72287],[139.73276,35.72273],[139.73299,35.72272],[139.7331,35.7228],[139.73325,35.72304],[139.73351,35.72325],[139.7342,35.72361],[139.73515,35.72402],[139.7358,35.72444],[139.73602,35.72473],[139.73606,35.72487],[139.73603,35.72537],[139.73597,35.72563],[139.73586,35.7258],[139.73572,35.72588],[139.73503,35.72597],[139.73465,35.72609],[139.73442,35.72625],[139.73402,35.72663],[139.73384,35.72673],[139.73368,35.72676],[139.73348,35.72671],[139.73335,35.72672],[139.73321,35.72703],[139.7328,35.72712],[139.73245,35.7274],[139.73209,35.7274],[139.73135,35.72723],[139.73107,35.72721],[139.73083,35.7273],[139.73081,35.72745],[139.7307,35.7276],[139.73029,35.72777],[139.72956,35.72788],[139.72886,35.72783],[139.7285,35.7277],[139.72836,35.7276],[139.72784,35.72702],[139.7276,35.72686],[139.72734,35.7268],[139.72727,35.72671],[139.72716,35.72606],[139.72703,35.72588],[139.72678,35.72571],[139.72682,35.72521],[139.72627,35.72402],[139.72622,35.72357],[139.72627,35.72328],[139.72622,35.72296],[139.72605,35.72284],[139.72517,35.72275],[139.72485,35.72264],[139.7247,35.72253],[139.72451,35.72224],[139.72437,35.72148],[139.72428,35.72138],[139.72399,35.7212],[139.72383,35.72083],[139.72352,35.72062]],[[139.74141,35.70355],[139.74125,35.70283],[139.74093,35.70268],[139.74087,35.70243],[139.74095,35.70182],[139.74091,35.70152],[139.74079,35.70125],[139.74033,35.70077],[139.74018,35.70051],[139.74016,35.70006],[139.74032,35.69958],[139.74037,35.69923],[139.74032,35.69909],[139.74001,35.69886],[139.73996,35.69866],[139.74009,35.69847],[139.74071,35.69819],[139.74079,35.69804],[139.74077,35.69792],[139.74053,35.6976],[139.73986,35.69698],[139.73974,35.69682],[139.73961,35.69651],[139.73941,35.69644],[139.73904,35.69646],[139.73883,35.69654],[139.73862,35.69674],[139.73809,35.69684],[139.73672,35.69688],[139.73576,35.69682],[139.73523,35.69666],[139.73505,35.69643],[139.73467,35.69627],[139.73328,35.69617],[139.73294,35.6961],[139.73272,35.69598],[139.73258,35.69575],[139.73244,35.69563],[139.73202,35.69553],[139.73167,35.69558],[139.73155,35.6957],[139.73151,35.6959],[139.73157,35.69628],[139.73148,35.69651],[139.73126,35.69655],[139.73057,35.69643],[139.73108,35.69516],[139.73119,35.69455],[139.73112,35.69436],[139.73084,35.69426],[139.73055,35.69429],[139.73036,35.69446],[139.73031,35.69429],[139.7303,35.69386],[139.73036,35.69359],[139.73051,35.6934],[139.73075,35.69329],[139.73164,35.69324],[139.73199,35.69315],[139.73218,35.693],[139.73224,35.69275],[139.73231,35.69269],[139.73243,35.69267],[139.73287,35.69274],[139.73302,35.69266],[139.73306,35.69244],[139.73293,35.69219],[139.73261,35.69194],[139.7319,35.69153],[139.73168,35.69127],[139.73173,35.69108],[139.73185,35.69092],[139.73279,35.69012],[139.73333,35.68955],[139.73362,35.68934],[139.73422,35.68912],[139.73478,35.68907],[139.73493,35.68911],[139.73503,35.68929],[139.73518,35.68935],[139.73684,35.68931],[139.73708,35.68937],[139.73732,35.68953],[139.73765,35.68963],[139.73846,35.68969],[139.73917,35.68982],[139.74072,35.69029],[139.7415,35.69064],[139.74158,35.69071],[139.74166,35.69093],[139.74176,35.69102],[139.74238,35.6913],[139.74254,35.69166],[139.74283,35.69172],[139.74295,35.69181],[139.74316,35.69234],[139.7432,35.69289],[139.74313,35.69309],[139.74297,35.69321],[139.74246,35.6933],[139.74236,35.69337],[139.74237,35.69358],[139.74255,35.69398],[139.74244,35.69419],[139.74187,35.69439],[139.74168,35.69449],[139.74141,35.69486],[139.74126,35.69498],[139.7409,35.69507],[139.74042,35.6951],[139.7403,35.69515],[139.74014,35.69529],[139.74008,35.69567],[139.7402,35.69613],[139.74035,35.69643],[139.7407,35.69667],[139.74082,35.69696],[139.74097,35.697],[139.74124,35.69699],[139.74188,35.69686],[139.74242,35.69667],[139.74269,35.69645],[139.74274,35.69621],[139.74283,35.69609],[139.74298,35.69602],[139.74335,35.69599],[139.74381,35.69609],[139.74442,35.6966],[139.74485,35.69671],[139.74493,35.69681],[139.74496,35.69699],[139.74519,35.69728],[139.74643,35.69841],[139.74656,35.6986],[139.74664,35.69885],[139.74706,35.69896],[139.74718,35.69924],[139.74735,35.69938],[139.74883,35.70009],[139.74914,35.70029],[139.74932,35.70048],[139.74935,35.70065],[139.74927,35.70089],[139.74908,35.70109],[139.7488,35.70126],[139.74864,35.70146],[139.74868,35.70201],[139.74861,35.70206],[139.74836,35.70211],[139.74825,35.70218],[139.74809,35.70246],[139.74813,35.70259],[139.74834,35.70269],[139.7488,35.70274],[139.75018,35.70275],[139.74914,35.7029],[139.74867,35.70306],[139.74854,35.70319],[139.74853,35.70344],[139.74865,35.70373],[139.74883,35.70391],[139.74884,35.70402],[139.74853,35.70419],[139.74758,35.70442],[139.7472,35.70457],[139.74696,35.70474],[139.74686,35.70495],[139.74683,35.70515],[139.74668,35.70529],[139.74641,35.70536],[139.74553,35.70534],[139.74507,35.70552],[139.74485,35.70567],[139.74433,35.70624],[139.74326,35.70793],[139.74325,35.7075],[139.74316,35.70734],[139.74301,35.70723],[139.74252,35.70706],[139.74233,35.70679],[139.74218,35.70607],[139.74215,35.70505],[139.74203,35.7043],[139.74189,35.704],[139.74153,35.70371],[139.74141,35.70355]],[[139.75052,35.70259],[139.75064,35.70241],[139.75072,35.70201],[139.75077,35.70128],[139.75086,35.70096],[139.75104,35.70064],[139.75156,35.70005],[139.75174,35.70032],[139.7519,35.70039],[139.75231,35.70016],[139.75251,35.70009],[139.7534,35.70001],[139.75407,35.69976],[139.75442,35.69971],[139.75541,35.69997],[139.75592,35.6999],[139.75606,35.69998],[139.75619,35.70013],[139.75637,35.70021],[139.75737,35.7003],[139.75768,35.70038],[139.75798,35.70065],[139.75825,35.7013],[139.75837,35.70139],[139.7586,35.70143],[139.75837,35.70158],[139.75828,35.70174],[139.75817,35.70271],[139.75806,35.70307],[139.75773,35.70355],[139.757,35.70428],[139.75674,35.70476],[139.75659,35.70525],[139.75642,35.7055],[139.75599,35.70574],[139.7556,35.70581],[139.75523,35.70583],[139.75494,35.70578],[139.75471,35.70568],[139.7542,35.70523],[139.75333,35.70477],[139.75264,35.70402],[139.75231,35.70389],[139.75179,35.70383],[139.75157,35.7037],[139.75139,35.70351],[139.7511,35.70302],[139.75093,35.70286],[139.7507,35.70277],[139.75018,35.70275],[139.75052,35.70259]],[[139.72937,35.70082],[139.72878,35.70119],[139.72862,35.7014],[139.72841,35.70191],[139.72819,35.70211],[139.72763,35.70227],[139.72711,35.70228],[139.72649,35.70224],[139.72625,35.70218],[139.72618,35.70213],[139.72611,35.70198],[139.72594,35.7019],[139.72542,35.70184],[139.7244,35.7018],[139.72397,35.70172],[139.72345,35.70153],[139.72319,35.70134],[139.72298,35.70103],[139.72282,35.7006],[139.72271,35.70007],[139.72266,35.69924],[139.72276,35.69874],[139.72292,35.69858],[139.72318,35.69845],[139.72326,35.69829],[139.7232,35.69746],[139.72325,35.69727],[139.72342,35.69707],[139.72368,35.69698],[139.72409,35.69691],[139.7257,35.69687],[139.72642,35.6968],[139.72665,35.69673],[139.72675,35.69651],[139.72696,35.69634],[139.72732,35.69617],[139.72768,35.6961],[139.72814,35.69609],[139.72902,35.69617],[139.73009,35.69638],[139.73031,35.69646],[139.73033,35.69653],[139.73021,35.69659],[139.73015,35.69677],[139.73037,35.69728],[139.73034,35.69765],[139.7302,35.69791],[139.72983,35.69834],[139.72961,35.69889],[139.72957,35.69933],[139.72963,35.70005],[139.72954,35.70059],[139.72937,35.70082]],[[139.73371,35.66705],[139.73332,35.66714],[139.73273,35.66709],[139.73247,35.66699],[139.73223,35.66675],[139.73168,35.66666],[139.73141,35.66651],[139.73091,35.66609],[139.73012,35.6653],[139.72976,35.66505],[139.72945,35.66491],[139.72869,35.66481],[139.72837,35.66462],[139.72822,35.66433],[139.7283,35.66381],[139.72828,35.6636],[139.72813,35.66332],[139.72773,35.66289],[139.72768,35.66264],[139.72774,35.66238],[139.72761,35.66206],[139.72725,35.66168],[139.72674,35.6613],[139.72628,35.66105],[139.72561,35.66083],[139.72543,35.6607],[139.7253,35.66053],[139.72509,35.66004],[139.72498,35.65991],[139.72478,35.65979],[139.72476,35.65969],[139.72502,35.65944],[139.72585,35.65892],[139.72638,35.6585],[139.72663,35.65821],[139.72706,35.65755],[139.7272,35.65746],[139.72741,35.65745],[139.72762,35.65765],[139.72778,35.65805],[139.72792,35.65824],[139.72822,35.65848],[139.72884,35.65881],[139.72947,35.65948],[139.72994,35.65965],[139.73082,35.65971],[139.73117,35.65978],[139.73142,35.65991],[139.73166,35.6603],[139.73195,35.66048],[139.73226,35.66051],[139.73301,35.66046],[139.73343,35.66054],[139.73396,35.66099],[139.73439,35.66109],[139.73456,35.66143],[139.73509,35.66157],[139.73514,35.66171],[139.73507,35.66209],[139.73472,35.66273],[139.73439,35.66291],[139.73431,35.66317],[139.7343,35.66396],[139.73438,35.66544],[139.73436,35.66592],[139.73429,35.66618],[139.73401,35.66632],[139.73395,35.66645],[139.7339,35.66684],[139.73371,35.66705]],[[139.74209,35.65734],[139.7418,35.65701],[139.74163,35.65654],[139.74148,35.65569],[139.7414,35.65472],[139.74139,35.654],[139.74144,35.65367],[139.74155,35.65339],[139.7417,35.65314],[139.74191,35.65292],[139.74217,35.65275],[139.74248,35.65262],[139.74284,35.65252],[139.74363,35.65244],[139.74427,35.65247],[139.74453,35.65252],[139.74493,35.65272],[139.74554,35.65353],[139.74596,35.65388],[139.74606,35.65426],[139.7461,35.65508],[139.74621,35.6557],[139.74636,35.65607],[139.74678,35.65686],[139.74691,35.6573],[139.74688,35.65754],[139.74673,35.65782],[139.74651,35.65797],[139.74626,35.658],[139.74593,35.65795],[139.74502,35.65768],[139.74449,35.65758],[139.74393,35.65754],[139.74275,35.65757],[139.7425,35.65753],[139.74209,35.65734]],[[139.75718,35.74393],[139.75748,35.7439],[139.75817,35.74353],[139.75851,35.7434],[139.75886,35.74333],[139.7592,35.74332],[139.75954,35.74336],[139.76,35.74353],[139.76054,35.74393],[139.76073,35.74418],[139.76028,35.74436],[139.75978,35.74483],[139.75939,35.74511],[139.75859,35.74545],[139.75829,35.74563],[139.75802,35.74587],[139.75757,35.74648],[139.75732,35.74673],[139.75688,35.74698],[139.75638,35.74709],[139.7561,35.7472],[139.75587,35.74735],[139.75542,35.74783],[139.75495,35.74795],[139.75386,35.7479],[139.7535,35.74791],[139.7532,35.74797],[139.75286,35.74811],[139.75244,35.74812],[139.75189,35.74798],[139.75136,35.74772],[139.75116,35.74755],[139.75108,35.7473],[139.7513,35.747],[139.75198,35.74672],[139.7522,35.74646],[139.75236,35.74602],[139.75256,35.74472],[139.75273,35.74418],[139.753,35.7438],[139.75335,35.74357],[139.75417,35.74329],[139.75435,35.74318],[139.75449,35.74301],[139.75467,35.74292],[139.7551,35.7428],[139.75568,35.74274],[139.75603,35.74282],[139.75633,35.74302],[139.75679,35.74369],[139.75691,35.74381],[139.75718,35.74393]],[[139.74854,35.7479],[139.74836,35.74797],[139.74734,35.74806],[139.74694,35.74815],[139.74638,35.74841],[139.74554,35.74899],[139.74523,35.74912],[139.74495,35.74917],[139.74468,35.74916],[139.74438,35.74906],[139.74399,35.74858],[139.74369,35.74843],[139.7432,35.7483],[139.74296,35.74812],[139.74294,35.74801],[139.74302,35.74786],[139.7435,35.74765],[139.74369,35.74751],[139.74379,35.74713],[139.74395,35.74691],[139.74478,35.74644],[139.74486,35.74632],[139.74492,35.74611],[139.74501,35.74602],[139.74558,35.74576],[139.74567,35.74564],[139.74572,35.74534],[139.7458,35.74518],[139.74618,35.74507],[139.74635,35.74471],[139.74678,35.7446],[139.7472,35.74421],[139.74745,35.74405],[139.74828,35.7439],[139.74972,35.74339],[139.75051,35.74321],[139.75101,35.74318],[139.7515,35.74322],[139.75207,35.74332],[139.75241,35.74346],[139.7525,35.74357],[139.75249,35.74364],[139.75232,35.74382],[139.75141,35.74436],[139.75076,35.74472],[139.7505,35.74493],[139.75011,35.74541],[139.7499,35.74598],[139.74984,35.74693],[139.74975,35.74738],[139.74968,35.74753],[139.74949,35.7477],[139.74881,35.74769],[139.74867,35.74775],[139.74854,35.7479]],[[139.75156,35.75194],[139.75151,35.75093],[139.75163,35.75044],[139.7519,35.75012],[139.75233,35.74996],[139.75291,35.74998],[139.75318,35.75007],[139.75341,35.75022],[139.75361,35.75044],[139.75376,35.75072],[139.75388,35.75107],[139.754,35.75195],[139.754,35.75248],[139.75386,35.75369],[139.75367,35.75416],[139.75354,35.75429],[139.75339,35.75436],[139.75322,35.75436],[139.7529,35.75432],[139.75261,35.75422],[139.75236,35.75406],[139.75206,35.75375],[139.75196,35.75358],[139.75195,35.75344],[139.75222,35.75318],[139.75222,35.75284],[139.752,35.75241],[139.75169,35.75229],[139.75156,35.75194]],[[139.74916,35.67305],[139.74978,35.67299],[139.75034,35.6728],[139.75073,35.67256],[139.7515,35.67198],[139.75192,35.67177],[139.7525,35.67179],[139.75298,35.67159],[139.75321,35.67154],[139.75332,35.67159],[139.75356,35.67181],[139.75416,35.67194],[139.75431,35.67215],[139.75436,35.67264],[139.75448,35.67294],[139.75462,35.67307],[139.75501,35.67325],[139.75481,35.67341],[139.75471,35.67357],[139.75462,35.67435],[139.75456,35.67452],[139.75443,35.67468],[139.75398,35.67493],[139.75365,35.67502],[139.75281,35.67514],[139.75108,35.67518],[139.75055,35.67514],[139.75024,35.67506],[139.74998,35.67475],[139.74985,35.67422],[139.74966,35.67407],[139.74928,35.67392],[139.74908,35.67371],[139.74895,35.6734],[139.749,35.67315],[139.74916,35.67305]],[[139.75814,35.72143],[139.75795,35.72092],[139.75758,35.72059],[139.75717,35.72043],[139.7562,35.72017],[139.75589,35.72001],[139.75572,35.71982],[139.7556,35.71929],[139.7555,35.71922],[139.75532,35.71919],[139.75525,35.71912],[139.75522,35.71899],[139.75532,35.71842],[139.75527,35.71829],[139.75503,35.71808],[139.75508,35.71783],[139.75541,35.71729],[139.75551,35.71694],[139.75549,35.7163],[139.75528,35.71524],[139.75533,35.71496],[139.75568,35.71485],[139.75591,35.71462],[139.75611,35.71452],[139.75772,35.7142],[139.75787,35.71411],[139.75795,35.71388],[139.75816,35.71371],[139.75865,35.7135],[139.75909,35.71337],[139.75932,35.71335],[139.75947,35.71343],[139.75959,35.71395],[139.75971,35.71407],[139.7601,35.71409],[139.76067,35.71397],[139.76096,35.71402],[139.76114,35.71419],[139.76122,35.71449],[139.76119,35.715],[139.76113,35.7152],[139.76103,35.71528],[139.76077,35.71523],[139.76063,35.71524],[139.76042,35.71535],[139.76033,35.71547],[139.76055,35.71574],[139.762,35.7165],[139.76241,35.71684],[139.76248,35.71703],[139.7624,35.71719],[139.7622,35.71738],[139.76195,35.71741],[139.76182,35.71748],[139.76177,35.71786],[139.76245,35.71769],[139.76267,35.71752],[139.76276,35.71727],[139.7627,35.71657],[139.7628,35.71613],[139.76296,35.71593],[139.7636,35.71558],[139.76369,35.71546],[139.76375,35.7152],[139.76411,35.71494],[139.76417,35.71473],[139.76409,35.71432],[139.76418,35.71404],[139.76435,35.71389],[139.76507,35.71351],[139.76557,35.71306],[139.76608,35.71291],[139.76657,35.71291],[139.7668,35.71297],[139.767,35.71312],[139.76707,35.71347],[139.76726,35.71358],[139.76756,35.71351],[139.76783,35.71326],[139.76805,35.71358],[139.76819,35.71366],[139.76848,35.71365],[139.76875,35.71355],[139.76887,35.71346],[139.76897,35.71332],[139.76913,35.71294],[139.76921,35.7124],[139.76928,35.71114],[139.76934,35.71095],[139.76949,35.71072],[139.7696,35.71069],[139.76972,35.71072],[139.77019,35.71106],[139.77041,35.71131],[139.77054,35.71166],[139.77052,35.71206],[139.77036,35.71249],[139.77016,35.71274],[139.76974,35.71306],[139.76993,35.71312],[139.77048,35.71313],[139.7704,35.71312],[139.77034,35.71306],[139.77035,35.71296],[139.77043,35.71291],[139.77055,35.71292],[139.77061,35.71298],[139.77059,35.7131],[139.77049,35.71313],[139.77061,35.71313],[139.77104,35.71315],[139.77125,35.71328],[139.77137,35.71357],[139.77129,35.71396],[139.77115,35.71411],[139.77093,35.71423],[139.77005,35.71442],[139.76962,35.7146],[139.76938,35.71488],[139.76931,35.71521],[139.76932,35.71566],[139.76947,35.71607],[139.76962,35.71624],[139.76988,35.7163],[139.76997,35.71637],[139.77005,35.71658],[139.77011,35.71705],[139.77024,35.71717],[139.77042,35.71721],[139.7705,35.71733],[139.77044,35.71865],[139.77052,35.71881],[139.7708,35.71904],[139.77088,35.71928],[139.77087,35.71961],[139.77071,35.71998],[139.77026,35.72052],[139.76985,35.72084],[139.76943,35.721],[139.76869,35.72109],[139.7682,35.72132],[139.76789,35.72123],[139.76736,35.72087],[139.76695,35.72072],[139.76667,35.72073],[139.76627,35.72086],[139.76597,35.7209],[139.76584,35.72086],[139.76569,35.72071],[139.76547,35.72063],[139.76413,35.72055],[139.76369,35.72046],[139.76318,35.72019],[139.76296,35.71993],[139.76267,35.7194],[139.76258,35.71883],[139.76249,35.71867],[139.76223,35.71855],[139.76185,35.71853],[139.76159,35.71846],[139.76151,35.71836],[139.76149,35.71808],[139.76114,35.71824],[139.761,35.71838],[139.76084,35.71873],[139.76066,35.71943],[139.76031,35.71946],[139.76017,35.71958],[139.75979,35.72079],[139.75956,35.72106],[139.75913,35.72126],[139.75901,35.72145],[139.75896,35.72174],[139.75881,35.72183],[139.75853,35.72179],[139.75827,35.72162],[139.75814,35.72143]],[[139.76503,35.70275],[139.7646,35.70254],[139.76411,35.70241],[139.76374,35.70239],[139.76297,35.70246],[139.76256,35.70242],[139.76198,35.70213],[139.76136,35.70204],[139.76124,35.70194],[139.76118,35.70174],[139.76106,35.70167],[139.76054,35.70161],[139.76061,35.70151],[139.761,35.70129],[139.76344,35.70028],[139.76437,35.70024],[139.76449,35.70018],[139.76456,35.69998],[139.76467,35.69987],[139.76537,35.69983],[139.76592,35.70042],[139.76649,35.70068],[139.76665,35.7008],[139.76683,35.7011],[139.76691,35.70137],[139.76683,35.70179],[139.76663,35.70207],[139.7661,35.70249],[139.76553,35.70275],[139.76519,35.70278],[139.76503,35.70275]],[[139.77106,35.74785],[139.77116,35.74845],[139.77127,35.74864],[139.77146,35.7488],[139.77207,35.74905],[139.77239,35.74925],[139.7725,35.7494],[139.77257,35.74971],[139.77269,35.74983],[139.77327,35.75003],[139.77361,35.75028],[139.77379,35.75053],[139.77393,35.75085],[139.77397,35.75112],[139.77393,35.75123],[139.77376,35.75138],[139.77362,35.75142],[139.77306,35.75143],[139.77263,35.7513],[139.77245,35.75114],[139.77229,35.75084],[139.77205,35.7507],[139.77188,35.75066],[139.77143,35.75063],[139.77034,35.75069],[139.76987,35.75065],[139.76975,35.75056],[139.76971,35.75041],[139.76962,35.75032],[139.76919,35.75014],[139.76903,35.75002],[139.76885,35.74972],[139.76877,35.74945],[139.76829,35.7476],[139.76828,35.74716],[139.76838,35.74704],[139.76885,35.74706],[139.76899,35.7468],[139.76925,35.74667],[139.76971,35.74658],[139.77002,35.7466],[139.77044,35.74681],[139.77078,35.74724],[139.77106,35.74785]],[[139.7733,35.7304],[139.77319,35.73047],[139.77292,35.73053],[139.77291,35.73063],[139.77298,35.73079],[139.77293,35.73093],[139.77272,35.73103],[139.77242,35.73107],[139.77217,35.73099],[139.77187,35.7307],[139.77158,35.73051],[139.77075,35.73023],[139.77059,35.73011],[139.7704,35.7298],[139.77026,35.72969],[139.76996,35.72959],[139.76949,35.72955],[139.76936,35.72947],[139.76933,35.72936],[139.76939,35.72904],[139.76929,35.72883],[139.7687,35.72839],[139.76838,35.72788],[139.76827,35.72781],[139.76801,35.72775],[139.76785,35.72753],[139.76766,35.72671],[139.76766,35.72608],[139.76772,35.72595],[139.7679,35.72582],[139.7686,35.72571],[139.76888,35.7255],[139.76929,35.72486],[139.76982,35.72366],[139.77022,35.72294],[139.77036,35.72279],[139.7706,35.72267],[139.77107,35.7226],[139.77125,35.72265],[139.7714,35.72277],[139.77164,35.72335],[139.77186,35.72358],[139.77207,35.72363],[139.77259,35.72359],[139.77284,35.72366],[139.77307,35.7238],[139.77365,35.72431],[139.77404,35.72442],[139.77404,35.7245],[139.77383,35.72471],[139.77374,35.72491],[139.77376,35.72515],[139.77385,35.72531],[139.77415,35.72553],[139.7752,35.7259],[139.77556,35.72611],[139.77596,35.72666],[139.77647,35.72703],[139.77656,35.72717],[139.77656,35.7274],[139.77648,35.72756],[139.7763,35.72775],[139.77565,35.72805],[139.77547,35.72845],[139.77464,35.72907],[139.77452,35.72921],[139.77439,35.72951],[139.7742,35.72958],[139.77391,35.7296],[139.77367,35.72972],[139.7733,35.7304]],[[139.63043,35.66089],[139.63089,35.66108],[139.63114,35.66134],[139.63129,35.662],[139.63139,35.66211],[139.63167,35.66228],[139.63181,35.66262],[139.63202,35.66271],[139.63269,35.66277],[139.63285,35.66288],[139.63287,35.66303],[139.63295,35.66314],[139.63333,35.66324],[139.6334,35.6634],[139.6334,35.66364],[139.63333,35.66386],[139.63308,35.66417],[139.63315,35.66428],[139.6334,35.66439],[139.6341,35.66456],[139.63454,35.66472],[139.6347,35.66482],[139.6349,35.66506],[139.63494,35.66535],[139.63489,35.66567],[139.6349,35.66602],[139.63497,35.66616],[139.63516,35.66631],[139.63528,35.66658],[139.63567,35.66902],[139.63585,35.66966],[139.63623,35.67054],[139.63629,35.6708],[139.63628,35.67104],[139.6362,35.67125],[139.63604,35.67145],[139.63551,35.67178],[139.63394,35.67224],[139.63341,35.67244],[139.63308,35.67263],[139.63281,35.67294],[139.63256,35.67303],[139.63199,35.67309],[139.63154,35.67307],[139.63136,35.67303],[139.63109,35.67288],[139.63094,35.67265],[139.63082,35.67187],[139.63073,35.67176],[139.63053,35.67173],[139.63036,35.67163],[139.63002,35.67112],[139.62971,35.67104],[139.62961,35.67096],[139.62954,35.67069],[139.62948,35.67009],[139.6294,35.66993],[139.62915,35.66973],[139.62901,35.6694],[139.62881,35.66853],[139.62862,35.66728],[139.62857,35.66637],[139.62868,35.6659],[139.6288,35.66574],[139.6289,35.66506],[139.62881,35.66254],[139.62887,35.66173],[139.62897,35.6615],[139.6291,35.66143],[139.62923,35.66129],[139.62933,35.6608],[139.62946,35.66071],[139.62967,35.6607],[139.63043,35.66089]],[[139.63945,35.65749],[139.64019,35.65706],[139.64055,35.65702],[139.64139,35.65726],[139.64249,35.65736],[139.64275,35.65744],[139.6429,35.65775],[139.64319,35.6578],[139.64332,35.65789],[139.64338,35.65824],[139.6435,35.6584],[139.64416,35.65854],[139.64453,35.65887],[139.64547,35.65919],[139.64556,35.65929],[139.64559,35.65945],[139.64568,35.65952],[139.64633,35.65962],[139.64675,35.65984],[139.64702,35.66011],[139.6473,35.66048],[139.64748,35.66093],[139.64746,35.66103],[139.64731,35.66115],[139.64659,35.66122],[139.64633,35.66132],[139.64615,35.66149],[139.64583,35.66162],[139.6441,35.662],[139.64283,35.66219],[139.64168,35.66228],[139.64066,35.66229],[139.6397,35.66224],[139.63941,35.66219],[139.63912,35.66208],[139.63891,35.66191],[139.63878,35.66168],[139.63869,35.6616],[139.63829,35.66145],[139.63722,35.66125],[139.63568,35.66105],[139.63523,35.66096],[139.63449,35.66072],[139.63396,35.66042],[139.63363,35.66004],[139.63342,35.6596],[139.63346,35.65942],[139.63363,35.65935],[139.63392,35.65933],[139.63449,35.65918],[139.63576,35.6586],[139.63652,35.65833],[139.63697,35.65825],[139.63776,35.6582],[139.63805,35.65812],[139.63828,35.65801],[139.63851,35.65778],[139.63875,35.65762],[139.63945,35.65749]],[[139.63634,35.73124],[139.63679,35.73121],[139.63698,35.73113],[139.63709,35.73102],[139.63711,35.73086],[139.63728,35.73072],[139.63768,35.73063],[139.63869,35.73057],[139.63987,35.73059],[139.64054,35.73067],[139.64071,35.73077],[139.64072,35.73088],[139.64088,35.73105],[139.64147,35.73132],[139.64202,35.7314],[139.64268,35.73133],[139.64299,35.73142],[139.64355,35.7319],[139.64417,35.73216],[139.64426,35.73225],[139.64437,35.73253],[139.64485,35.73262],[139.64497,35.73273],[139.64502,35.73305],[139.64488,35.73364],[139.64473,35.73389],[139.64443,35.73398],[139.64439,35.73403],[139.64447,35.73438],[139.6441,35.73489],[139.64388,35.73619],[139.64354,35.73712],[139.64326,35.73769],[139.64301,35.73798],[139.64268,35.73808],[139.6426,35.73833],[139.64236,35.73856],[139.64151,35.73907],[139.64116,35.73938],[139.64108,35.73957],[139.64117,35.74001],[139.64108,35.74054],[139.6409,35.74089],[139.64049,35.74121],[139.64032,35.74201],[139.64022,35.74212],[139.63994,35.74229],[139.63983,35.74259],[139.63975,35.74267],[139.63949,35.74273],[139.63911,35.74275],[139.63892,35.74282],[139.63879,35.74295],[139.6387,35.74334],[139.63851,35.74347],[139.63793,35.74355],[139.63707,35.74349],[139.63644,35.7435],[139.6362,35.74356],[139.63592,35.74379],[139.63549,35.74386],[139.63523,35.74382],[139.63502,35.74362],[139.63486,35.74327],[139.63475,35.74277],[139.63472,35.74174],[139.63488,35.74134],[139.63524,35.74116],[139.63535,35.74103],[139.63543,35.74064],[139.63526,35.74016],[139.63459,35.73932],[139.63438,35.73886],[139.63433,35.73853],[139.63436,35.73808],[139.63442,35.73786],[139.63458,35.73767],[139.6347,35.73759],[139.63479,35.73732],[139.63472,35.73646],[139.63477,35.73587],[139.63534,35.73434],[139.63547,35.73373],[139.63566,35.73227],[139.63582,35.73173],[139.63592,35.73153],[139.63618,35.73129],[139.63634,35.73124]],[[139.64451,35.66382],[139.64519,35.66373],[139.64598,35.66378],[139.64641,35.66387],[139.64669,35.664],[139.64677,35.66408],[139.64682,35.66427],[139.64674,35.66449],[139.64652,35.6648],[139.64593,35.66525],[139.64576,35.66543],[139.64567,35.66574],[139.64573,35.66606],[139.64572,35.66631],[139.64565,35.66641],[139.64537,35.66663],[139.64521,35.66729],[139.64495,35.66754],[139.64421,35.66787],[139.6439,35.66812],[139.64361,35.66869],[139.6435,35.66879],[139.64325,35.66884],[139.64318,35.66891],[139.64316,35.66904],[139.64322,35.66934],[139.64315,35.66952],[139.64304,35.66959],[139.64268,35.66969],[139.64079,35.6698],[139.64053,35.66987],[139.64027,35.67011],[139.63994,35.67018],[139.63946,35.67014],[139.6391,35.67002],[139.63895,35.66985],[139.63887,35.66957],[139.63861,35.6695],[139.63847,35.66933],[139.63827,35.66865],[139.638,35.66707],[139.63779,35.66619],[139.63765,35.66587],[139.63728,35.66555],[139.63712,35.66516],[139.63709,35.66482],[139.63724,35.66437],[139.63739,35.66416],[139.6376,35.664],[139.63785,35.66391],[139.63816,35.66386],[139.63893,35.66394],[139.63955,35.66417],[139.63997,35.66425],[139.64178,35.66432],[139.64323,35.66422],[139.64375,35.6641],[139.64451,35.66382]],[[139.64462,35.67197],[139.64496,35.67216],[139.6451,35.67237],[139.64539,35.67258],[139.64562,35.67265],[139.64601,35.67268],[139.64631,35.67281],[139.64644,35.67296],[139.64658,35.67328],[139.64688,35.67359],[139.6479,35.67411],[139.6481,35.67425],[139.64818,35.67438],[139.64814,35.67465],[139.64823,35.67473],[139.6486,35.67489],[139.64882,35.67512],[139.6492,35.67573],[139.64961,35.67659],[139.64988,35.67702],[139.65029,35.67736],[139.65095,35.67747],[139.65104,35.67755],[139.65105,35.67766],[139.65099,35.67777],[139.65084,35.67788],[139.64989,35.67828],[139.64969,35.67844],[139.64966,35.67861],[139.64954,35.67875],[139.64911,35.67892],[139.64894,35.67903],[139.64876,35.67927],[139.64853,35.67978],[139.64838,35.67994],[139.64801,35.68021],[139.64789,35.68045],[139.64784,35.68078],[139.64786,35.68188],[139.64781,35.68204],[139.6476,35.68226],[139.64728,35.68236],[139.64689,35.68236],[139.6465,35.68243],[139.64637,35.6825],[139.64632,35.68271],[139.64622,35.68284],[139.64604,35.68293],[139.64591,35.68294],[139.64576,35.68281],[139.64556,35.68241],[139.64528,35.68218],[139.64482,35.68196],[139.64316,35.68136],[139.64243,35.68089],[139.64212,35.68053],[139.64191,35.68015],[139.64156,35.67969],[139.64066,35.67892],[139.64057,35.67875],[139.64048,35.67833],[139.63992,35.6777],[139.63977,35.67727],[139.63972,35.67653],[139.63963,35.67615],[139.63937,35.67562],[139.63886,35.67487],[139.63881,35.67469],[139.63887,35.67458],[139.63913,35.67439],[139.63934,35.67382],[139.6394,35.67338],[139.63929,35.67242],[139.63935,35.67207],[139.63947,35.67193],[139.63966,35.67185],[139.64068,35.67178],[139.64318,35.67177],[139.64403,35.67184],[139.64462,35.67197]],[[139.6461,35.64674],[139.64668,35.64708],[139.64693,35.64712],[139.64733,35.64708],[139.64759,35.6471],[139.64784,35.64725],[139.64817,35.64767],[139.64842,35.64821],[139.64847,35.64848],[139.64844,35.64868],[139.64832,35.64881],[139.64799,35.64898],[139.64645,35.64943],[139.64624,35.64954],[139.64612,35.64975],[139.64599,35.64981],[139.64576,35.64983],[139.64475,35.64976],[139.64452,35.64983],[139.64447,35.64998],[139.64427,35.65009],[139.64371,35.65013],[139.64337,35.65007],[139.64285,35.64986],[139.64233,35.64949],[139.64178,35.64893],[139.64116,35.648],[139.64095,35.64782],[139.64044,35.64755],[139.64025,35.6474],[139.6401,35.64713],[139.64,35.64653],[139.63969,35.64616],[139.63989,35.64616],[139.6401,35.64621],[139.64037,35.6462],[139.64086,35.64594],[139.64112,35.64585],[139.64184,35.64572],[139.64231,35.64572],[139.64254,35.64584],[139.64262,35.64608],[139.64308,35.64627],[139.64544,35.64655],[139.6461,35.64674]],[[139.64662,35.75711],[139.64722,35.75697],[139.64738,35.75686],[139.64744,35.75673],[139.64739,35.75648],[139.64743,35.75629],[139.64765,35.75598],[139.64822,35.75542],[139.64837,35.75509],[139.64842,35.75475],[139.64865,35.75445],[139.64894,35.75426],[139.64979,35.75386],[139.65003,35.75366],[139.65007,35.75348],[139.65022,35.75332],[139.65101,35.75288],[139.65123,35.75261],[139.65154,35.75197],[139.65202,35.75153],[139.65241,35.75131],[139.65287,35.75112],[139.65321,35.75103],[139.65351,35.751],[139.65378,35.75105],[139.65423,35.75132],[139.65462,35.75145],[139.65492,35.75146],[139.65555,35.7514],[139.65586,35.75144],[139.65622,35.75175],[139.65706,35.75209],[139.65735,35.75226],[139.65741,35.75237],[139.65734,35.75254],[139.65735,35.75278],[139.65763,35.75329],[139.65802,35.75359],[139.65854,35.75375],[139.65875,35.75386],[139.65897,35.7541],[139.65909,35.75442],[139.65928,35.75466],[139.65981,35.75491],[139.65992,35.75502],[139.66008,35.75551],[139.66027,35.7556],[139.66056,35.75563],[139.66079,35.75579],[139.66116,35.75663],[139.66128,35.75672],[139.66148,35.75676],[139.66165,35.75692],[139.66199,35.75776],[139.66211,35.75785],[139.6623,35.75789],[139.66242,35.75799],[139.66256,35.75831],[139.66268,35.75879],[139.6629,35.7592],[139.66351,35.75975],[139.66351,35.75981],[139.66335,35.75992],[139.66238,35.76009],[139.66201,35.76022],[139.66179,35.7606],[139.66137,35.76088],[139.66121,35.76105],[139.6612,35.76116],[139.66127,35.76144],[139.66113,35.76167],[139.66082,35.76183],[139.66065,35.76185],[139.66024,35.76179],[139.66004,35.76188],[139.65983,35.76208],[139.65937,35.76275],[139.65897,35.763],[139.65871,35.76309],[139.65808,35.76317],[139.65628,35.7631],[139.6558,35.7631],[139.65537,35.76317],[139.65495,35.76346],[139.65416,35.76449],[139.654,35.7646],[139.65386,35.76462],[139.65363,35.76455],[139.65331,35.76423],[139.65259,35.76409],[139.65246,35.7638],[139.65197,35.76385],[139.65163,35.76353],[139.65121,35.76343],[139.6509,35.76322],[139.65037,35.76272],[139.64988,35.76243],[139.6495,35.7623],[139.64888,35.76217],[139.6484,35.76197],[139.64758,35.76147],[139.64667,35.76077],[139.64607,35.76044],[139.64578,35.76032],[139.6452,35.7602],[139.64418,35.76024],[139.64372,35.76015],[139.64356,35.76002],[139.64351,35.7598],[139.64356,35.75971],[139.64377,35.75964],[139.64397,35.75963],[139.64424,35.75947],[139.64462,35.75888],[139.64491,35.75859],[139.64514,35.75846],[139.64553,35.75835],[139.64575,35.75822],[139.64597,35.75793],[139.64617,35.75742],[139.64636,35.75724],[139.64662,35.75711]],[[139.64856,35.6666],[139.64906,35.6651],[139.64923,35.6648],[139.64941,35.66467],[139.64962,35.66468],[139.64987,35.66481],[139.65006,35.665],[139.65018,35.66524],[139.65044,35.66543],[139.65119,35.66563],[139.65159,35.66581],[139.65179,35.66598],[139.65204,35.66631],[139.6523,35.66653],[139.65267,35.66676],[139.65367,35.66721],[139.65405,35.66744],[139.65429,35.66766],[139.65439,35.66789],[139.65437,35.66813],[139.65422,35.66859],[139.65364,35.66962],[139.65338,35.6702],[139.65319,35.67125],[139.65284,35.67159],[139.65268,35.67201],[139.65257,35.67269],[139.65257,35.67328],[139.65265,35.67353],[139.65281,35.67368],[139.65298,35.67374],[139.65301,35.67377],[139.65298,35.67385],[139.65267,35.674],[139.65233,35.67409],[139.652,35.67412],[139.6517,35.67407],[139.65127,35.67387],[139.65096,35.67362],[139.6508,35.67336],[139.65074,35.67298],[139.65055,35.6728],[139.6502,35.67273],[139.64985,35.67282],[139.64961,35.6728],[139.64883,35.67251],[139.64773,35.67242],[139.64727,35.67223],[139.64704,35.672],[139.64661,35.67119],[139.64605,35.67059],[139.64541,35.67014],[139.64502,35.66998],[139.64472,35.66994],[139.64457,35.66983],[139.64448,35.66964],[139.64444,35.66937],[139.6445,35.66891],[139.64462,35.6687],[139.64493,35.66851],[139.64521,35.66847],[139.64571,35.66851],[139.64682,35.66885],[139.64695,35.66885],[139.64713,35.66877],[139.64734,35.66793],[139.64748,35.66773],[139.64796,35.66725],[139.64809,35.66688],[139.64842,35.66677],[139.64856,35.6666]],[[139.65154,35.64204],[139.65168,35.64242],[139.65207,35.64287],[139.65204,35.64292],[139.65181,35.64298],[139.65174,35.6431],[139.65167,35.64369],[139.6516,35.64395],[139.6515,35.64404],[139.65119,35.64412],[139.65097,35.64443],[139.65092,35.64484],[139.65104,35.64561],[139.65098,35.64591],[139.65088,35.64605],[139.65068,35.6462],[139.65033,35.64631],[139.65021,35.64629],[139.65012,35.64617],[139.6502,35.64569],[139.65019,35.64538],[139.64988,35.6448],[139.64976,35.64415],[139.64976,35.64351],[139.64983,35.64314],[139.64995,35.64285],[139.65012,35.64263],[139.65031,35.64245],[139.65046,35.64207],[139.6504,35.64075],[139.65055,35.63988],[139.65083,35.63915],[139.65097,35.63896],[139.65118,35.63887],[139.65129,35.63903],[139.65136,35.6394],[139.65143,35.64115],[139.65154,35.64204]],[[139.65272,35.65302],[139.65331,35.65286],[139.65496,35.65278],[139.65614,35.65253],[139.65633,35.65263],[139.65637,35.65286],[139.65653,35.65308],[139.65698,35.65333],[139.6572,35.65352],[139.65735,35.6538],[139.65746,35.65442],[139.65744,35.6549],[139.65732,35.65547],[139.65718,35.65575],[139.6567,35.65624],[139.65657,35.65661],[139.65631,35.65668],[139.65619,35.65677],[139.65603,35.6571],[139.65591,35.65769],[139.65581,35.65789],[139.65564,35.65807],[139.65539,35.65822],[139.6547,35.65845],[139.65374,35.65858],[139.65216,35.65861],[139.65112,35.65848],[139.65074,35.65831],[139.65063,35.65819],[139.65053,35.6579],[139.65056,35.65753],[139.65088,35.65681],[139.6512,35.65628],[139.65148,35.65565],[139.65154,35.65536],[139.65149,35.65508],[139.65153,35.65489],[139.65165,35.65469],[139.65212,35.65425],[139.65232,35.65401],[139.65244,35.65375],[139.65253,35.65321],[139.65272,35.65302]],[[139.65469,35.66066],[139.65477,35.66055],[139.65517,35.66047],[139.65544,35.66021],[139.6556,35.66015],[139.65582,35.66013],[139.65629,35.66019],[139.6567,35.66036],[139.65696,35.66065],[139.65717,35.66128],[139.65734,35.66154],[139.65753,35.66173],[139.65758,35.66186],[139.65756,35.662],[139.65735,35.66237],[139.65727,35.66275],[139.65725,35.6633],[139.65733,35.66515],[139.65728,35.66568],[139.65722,35.66587],[139.65707,35.66612],[139.65686,35.66622],[139.65651,35.66629],[139.65612,35.66627],[139.65572,35.66617],[139.65536,35.666],[139.65494,35.66568],[139.65475,35.66546],[139.65459,35.66509],[139.65448,35.66504],[139.65397,35.66497],[139.65388,35.66491],[139.65383,35.66471],[139.65372,35.66461],[139.65315,35.66452],[139.65303,35.66442],[139.653,35.66426],[139.6528,35.66415],[139.65196,35.66409],[139.6517,35.664],[139.65151,35.66362],[139.65058,35.66276],[139.65028,35.66233],[139.65026,35.66215],[139.65033,35.662],[139.65048,35.66188],[139.65087,35.66176],[139.6512,35.66169],[139.65164,35.66151],[139.65189,35.66134],[139.65242,35.66085],[139.65263,35.66072],[139.65294,35.66061],[139.65352,35.66052],[139.65416,35.66053],[139.65442,35.66061],[139.65466,35.66085],[139.65469,35.66066]],[[139.65659,35.63978],[139.65693,35.63984],[139.65703,35.6401],[139.65675,35.64111],[139.65684,35.64175],[139.65679,35.64188],[139.65657,35.64212],[139.65652,35.64225],[139.65687,35.64256],[139.65705,35.64298],[139.65711,35.6434],[139.65702,35.64396],[139.65668,35.64458],[139.65655,35.64474],[139.65618,35.64499],[139.65607,35.64542],[139.65597,35.64555],[139.65564,35.6457],[139.65493,35.64587],[139.65474,35.64601],[139.6547,35.64615],[139.65443,35.64532],[139.65402,35.64474],[139.65394,35.64446],[139.65389,35.64385],[139.65392,35.64336],[139.65405,35.64298],[139.65428,35.6427],[139.65462,35.64251],[139.655,35.64239],[139.65535,35.64216],[139.65544,35.64197],[139.65538,35.64164],[139.65543,35.64134],[139.65598,35.6407],[139.65609,35.6404],[139.65613,35.64008],[139.65621,35.63992],[139.65637,35.63982],[139.65659,35.63978]],[[139.6589,35.69182],[139.65901,35.69199],[139.65908,35.69241],[139.65921,35.6925],[139.6595,35.69256],[139.65961,35.69283],[139.65974,35.69294],[139.66108,35.69343],[139.66172,35.69381],[139.6621,35.69418],[139.66228,35.69448],[139.66241,35.69483],[139.66249,35.69521],[139.66252,35.6957],[139.66247,35.69593],[139.66225,35.69621],[139.6622,35.69641],[139.66248,35.69701],[139.66258,35.69768],[139.66259,35.69929],[139.66248,35.70015],[139.6624,35.70026],[139.66214,35.7004],[139.66111,35.70066],[139.66088,35.70078],[139.66056,35.70109],[139.66027,35.70128],[139.65941,35.70158],[139.65912,35.70182],[139.65882,35.70224],[139.65856,35.70249],[139.65817,35.70273],[139.65781,35.70286],[139.65759,35.70288],[139.65744,35.70284],[139.65736,35.70273],[139.65733,35.70257],[139.65718,35.7024],[139.65637,35.70198],[139.65568,35.70138],[139.65546,35.70128],[139.65507,35.70117],[139.65496,35.70109],[139.65479,35.70077],[139.6547,35.69989],[139.65477,35.69862],[139.65476,35.69756],[139.65469,35.697],[139.65441,35.69597],[139.65433,35.69487],[139.65446,35.69435],[139.65465,35.69412],[139.65494,35.69399],[139.65526,35.69391],[139.65563,35.69364],[139.65578,35.69335],[139.65605,35.69236],[139.6563,35.69203],[139.65664,35.69188],[139.65717,35.69177],[139.65805,35.69168],[139.65852,35.69168],[139.65872,35.69171],[139.6589,35.69182]],[[139.65748,35.66825],[139.6576,35.66801],[139.65779,35.66782],[139.65805,35.6677],[139.65849,35.66757],[139.65897,35.66751],[139.65948,35.66752],[139.66017,35.66771],[139.66121,35.66827],[139.66172,35.66839],[139.66222,35.66842],[139.66254,35.66855],[139.66267,35.6688],[139.66265,35.6691],[139.66254,35.66927],[139.6623,35.66933],[139.66221,35.66952],[139.6623,35.67038],[139.66225,35.67076],[139.66215,35.67096],[139.66194,35.67118],[139.66173,35.6713],[139.66148,35.67135],[139.66142,35.6714],[139.6617,35.67199],[139.66165,35.6723],[139.66138,35.6729],[139.66146,35.67331],[139.66107,35.67368],[139.6608,35.6745],[139.66062,35.67488],[139.66046,35.67507],[139.66,35.6754],[139.65961,35.67607],[139.65924,35.6762],[139.65889,35.67619],[139.65849,35.67613],[139.65799,35.67598],[139.65738,35.67561],[139.65711,35.67553],[139.65678,35.67552],[139.65601,35.67566],[139.65566,35.67557],[139.6555,35.67547],[139.65523,35.67516],[139.65494,35.67446],[139.65486,35.67392],[139.65489,35.67379],[139.65502,35.67361],[139.65538,35.67336],[139.65564,35.67298],[139.65578,35.67225],[139.65597,35.67056],[139.65613,35.67],[139.65623,35.66979],[139.65649,35.6695],[139.65697,35.66935],[139.6573,35.66911],[139.6574,35.66886],[139.65748,35.66825]],[[139.66096,35.64296],[139.6611,35.6431],[139.66129,35.64348],[139.66168,35.64527],[139.66179,35.64546],[139.66199,35.64562],[139.66208,35.64587],[139.66225,35.64817],[139.66234,35.64846],[139.66271,35.64894],[139.66287,35.64944],[139.66288,35.64993],[139.66255,35.65054],[139.66256,35.65091],[139.66233,35.65099],[139.66153,35.65105],[139.65963,35.65101],[139.659,35.6509],[139.65858,35.65067],[139.6581,35.6506],[139.65795,35.65051],[139.65785,35.65018],[139.65792,35.64938],[139.65791,35.64889],[139.65784,35.64868],[139.65761,35.64839],[139.65801,35.64828],[139.65814,35.64815],[139.6582,35.64798],[139.65809,35.64781],[139.65767,35.6475],[139.65751,35.6472],[139.65747,35.64695],[139.6575,35.64657],[139.65756,35.64639],[139.65772,35.64622],[139.65785,35.64614],[139.65806,35.64587],[139.65849,35.64485],[139.65885,35.64432],[139.65933,35.64395],[139.65958,35.64385],[139.6598,35.64382],[139.65996,35.64374],[139.66063,35.64301],[139.6608,35.64293],[139.66096,35.64296]],[[139.65873,35.70608],[139.65887,35.70592],[139.65899,35.70552],[139.65903,35.70483],[139.65913,35.70453],[139.65955,35.70435],[139.65977,35.704],[139.65995,35.70387],[139.66037,35.70372],[139.66096,35.70361],[139.66147,35.70337],[139.66174,35.70312],[139.66216,35.70253],[139.66242,35.70227],[139.66292,35.7021],[139.66382,35.70146],[139.66426,35.70123],[139.66462,35.70118],[139.66495,35.70131],[139.66531,35.70157],[139.66586,35.70207],[139.66643,35.70233],[139.6669,35.70242],[139.66824,35.70251],[139.66846,35.70259],[139.66871,35.70282],[139.66943,35.70294],[139.6701,35.70328],[139.67125,35.70341],[139.67151,35.70357],[139.67167,35.7038],[139.67196,35.70392],[139.67241,35.70399],[139.67342,35.70403],[139.67403,35.7041],[139.67425,35.70418],[139.67454,35.7044],[139.67463,35.70472],[139.6745,35.70525],[139.67429,35.70558],[139.67375,35.70586],[139.67352,35.70613],[139.67341,35.70651],[139.67333,35.70738],[139.67317,35.70763],[139.67253,35.70794],[139.67214,35.70831],[139.67194,35.70845],[139.67154,35.70859],[139.67104,35.7087],[139.67064,35.70888],[139.67044,35.70905],[139.67008,35.70949],[139.66994,35.70956],[139.66967,35.70951],[139.66954,35.70956],[139.66946,35.70989],[139.66919,35.71008],[139.66783,35.71034],[139.6675,35.71047],[139.66736,35.71063],[139.66718,35.71074],[139.66658,35.71081],[139.66545,35.71122],[139.66484,35.7113],[139.66403,35.71131],[139.66187,35.71115],[139.66042,35.71111],[139.65963,35.71115],[139.65827,35.71131],[139.658,35.71126],[139.65788,35.71115],[139.65794,35.71087],[139.65813,35.71077],[139.65826,35.71071],[139.65839,35.7102],[139.65853,35.70743],[139.65863,35.70707],[139.65884,35.70678],[139.65872,35.70672],[139.6583,35.70667],[139.65821,35.7066],[139.65817,35.70646],[139.6583,35.70627],[139.65873,35.70608]],[[139.66003,35.65562],[139.66016,35.65548],[139.66029,35.65499],[139.66041,35.65492],[139.66092,35.65485],[139.66149,35.65466],[139.66197,35.65441],[139.66219,35.65419],[139.66232,35.65378],[139.66224,35.65318],[139.66227,35.65299],[139.66234,35.65288],[139.66265,35.65282],[139.6629,35.65256],[139.66302,35.65252],[139.66325,35.65256],[139.66378,35.65279],[139.66443,35.65286],[139.66454,35.65295],[139.66469,35.65341],[139.66473,35.65424],[139.66467,35.65543],[139.66436,35.65783],[139.66418,35.6585],[139.66399,35.65882],[139.6636,35.65899],[139.66348,35.65925],[139.66309,35.65939],[139.66166,35.65954],[139.66076,35.6595],[139.66011,35.65924],[139.65873,35.65913],[139.65837,35.659],[139.65828,35.65878],[139.6584,35.65799],[139.65848,35.65773],[139.65866,35.65747],[139.65882,35.65738],[139.65911,35.65735],[139.65926,35.65729],[139.65928,35.65721],[139.6592,35.657],[139.65922,35.65688],[139.65957,35.65647],[139.65975,35.65581],[139.66003,35.65562]],[[139.66068,35.73652],[139.66067,35.73618],[139.66046,35.73545],[139.66042,35.73498],[139.66053,35.7348],[139.66079,35.7347],[139.6612,35.73466],[139.66167,35.73468],[139.66198,35.73476],[139.66224,35.73501],[139.6624,35.7351],[139.663,35.73528],[139.66321,35.73541],[139.66343,35.7357],[139.66356,35.7361],[139.66369,35.73633],[139.66388,35.73652],[139.66425,35.73672],[139.66449,35.7369],[139.66468,35.73719],[139.66481,35.73757],[139.66489,35.73806],[139.66486,35.73854],[139.66479,35.73877],[139.66454,35.73922],[139.66416,35.73963],[139.66353,35.7402],[139.66325,35.74055],[139.6631,35.74086],[139.66298,35.74157],[139.66289,35.7417],[139.66258,35.74194],[139.66231,35.74263],[139.66215,35.74284],[139.66179,35.74305],[139.66104,35.74325],[139.66079,35.74344],[139.66058,35.74373],[139.66027,35.74381],[139.65965,35.74373],[139.65926,35.74357],[139.6592,35.74347],[139.65924,35.74331],[139.65933,35.74322],[139.65956,35.74312],[139.65975,35.74301],[139.65986,35.74249],[139.65983,35.74189],[139.65963,35.74033],[139.65962,35.73968],[139.65967,35.73915],[139.65994,35.73811],[139.65988,35.73765],[139.66003,35.73739],[139.6605,35.73695],[139.66068,35.73652]],[[139.66191,35.66534],[139.66157,35.66592],[139.66126,35.666],[139.66097,35.66595],[139.66064,35.66582],[139.66036,35.6656],[139.66013,35.6653],[139.65995,35.66491],[139.65982,35.66445],[139.65967,35.6634],[139.65965,35.6625],[139.65979,35.662],[139.65993,35.66181],[139.66012,35.66165],[139.66036,35.66154],[139.66098,35.66142],[139.66198,35.66146],[139.66254,35.66163],[139.66269,35.66182],[139.66274,35.66218],[139.66282,35.66228],[139.66305,35.66236],[139.66314,35.66268],[139.66304,35.66385],[139.66278,35.66476],[139.66244,35.66515],[139.66191,35.66534]],[[139.66454,35.68705],[139.66492,35.68698],[139.66578,35.68704],[139.6662,35.687],[139.66656,35.68671],[139.66697,35.68662],[139.66713,35.68629],[139.66725,35.68624],[139.66752,35.68622],[139.6677,35.68613],[139.66791,35.68579],[139.66814,35.6848],[139.66834,35.68429],[139.66853,35.68402],[139.66882,35.68373],[139.66908,35.68356],[139.6693,35.68352],[139.66942,35.68371],[139.66949,35.68415],[139.66955,35.68627],[139.66967,35.68751],[139.66981,35.68817],[139.67014,35.68916],[139.6702,35.68952],[139.67017,35.68979],[139.66999,35.69009],[139.66986,35.69053],[139.66972,35.69218],[139.66962,35.69242],[139.66934,35.69275],[139.66921,35.69321],[139.66899,35.69332],[139.6686,35.6934],[139.66738,35.69344],[139.66657,35.69353],[139.66617,35.69365],[139.66556,35.69393],[139.66523,35.694],[139.66466,35.694],[139.66407,35.69385],[139.66361,35.69351],[139.66304,35.69265],[139.6628,35.69241],[139.66255,35.69224],[139.66204,35.69207],[139.66185,35.69191],[139.66172,35.6917],[139.6616,35.69131],[139.66146,35.69105],[139.66134,35.69096],[139.66115,35.69093],[139.66105,35.69086],[139.66098,35.69064],[139.66098,35.69033],[139.66106,35.69012],[139.66121,35.69004],[139.66136,35.69001],[139.66164,35.68979],[139.66228,35.68898],[139.6627,35.68858],[139.66298,35.68841],[139.66338,35.68829],[139.66361,35.68815],[139.6639,35.6878],[139.66414,35.68734],[139.66439,35.68712],[139.66454,35.68705]],[[139.66592,35.72777],[139.6667,35.7278],[139.66685,35.72763],[139.66678,35.72704],[139.66681,35.72688],[139.66688,35.7268],[139.667,35.72678],[139.66724,35.72684],[139.6678,35.72722],[139.66792,35.72724],[139.66797,35.72716],[139.66793,35.72669],[139.66799,35.72658],[139.66826,35.7264],[139.66871,35.72627],[139.66998,35.72613],[139.67052,35.72602],[139.67097,35.72589],[139.67166,35.72561],[139.67208,35.72557],[139.67231,35.72563],[139.67257,35.72581],[139.67267,35.72602],[139.67259,35.7264],[139.67261,35.7265],[139.67268,35.72655],[139.67296,35.7266],[139.67313,35.72696],[139.67361,35.72718],[139.67377,35.72731],[139.6739,35.72749],[139.67408,35.728],[139.67421,35.72821],[139.67451,35.72842],[139.675,35.72857],[139.6752,35.72874],[139.67536,35.72925],[139.67562,35.72955],[139.676,35.72989],[139.67626,35.73026],[139.67634,35.73053],[139.67635,35.73095],[139.67617,35.73172],[139.67604,35.73206],[139.67585,35.73236],[139.67544,35.73274],[139.67487,35.73303],[139.67412,35.73326],[139.67313,35.73338],[139.67278,35.73354],[139.67245,35.73377],[139.67202,35.73393],[139.6707,35.73406],[139.67057,35.73414],[139.67046,35.73444],[139.67016,35.73459],[139.66987,35.73461],[139.66921,35.73452],[139.6688,35.73452],[139.66702,35.73473],[139.6665,35.73476],[139.66599,35.73466],[139.66549,35.73424],[139.66494,35.73401],[139.66478,35.73384],[139.66474,35.73353],[139.66466,35.73337],[139.66423,35.73322],[139.66381,35.7327],[139.66356,35.73249],[139.66338,35.73242],[139.66318,35.73241],[139.66298,35.7323],[139.66272,35.73188],[139.6625,35.73114],[139.6624,35.7305],[139.66242,35.73026],[139.66251,35.73015],[139.66264,35.73012],[139.66273,35.72998],[139.66289,35.72877],[139.66295,35.72863],[139.66315,35.72843],[139.66343,35.72835],[139.66416,35.72828],[139.66475,35.72799],[139.66555,35.72804],[139.66579,35.72783],[139.66592,35.72777]],[[139.66513,35.67103],[139.66517,35.67042],[139.66528,35.66998],[139.66552,35.6696],[139.66588,35.66931],[139.66621,35.66921],[139.66661,35.66918],[139.66752,35.66931],[139.66809,35.66952],[139.66883,35.67002],[139.66913,35.67017],[139.67013,35.67048],[139.67059,35.67086],[139.67153,35.67212],[139.6721,35.67249],[139.6721,35.67278],[139.67178,35.6734],[139.67166,35.67384],[139.67169,35.6741],[139.67189,35.67453],[139.67189,35.67474],[139.67181,35.67483],[139.67158,35.67488],[139.67151,35.6748],[139.67146,35.67461],[139.67137,35.67455],[139.67103,35.6745],[139.67083,35.67457],[139.67103,35.67483],[139.67108,35.67512],[139.67078,35.67618],[139.67076,35.67658],[139.67083,35.67692],[139.67079,35.67713],[139.67057,35.67742],[139.67001,35.67786],[139.66985,35.67817],[139.66975,35.67873],[139.66931,35.6791],[139.6688,35.68004],[139.66849,35.6803],[139.66824,35.68036],[139.66774,35.68029],[139.66746,35.68014],[139.66723,35.6799],[139.66702,35.67977],[139.66573,35.67937],[139.66506,35.67884],[139.66444,35.67873],[139.66435,35.67867],[139.66429,35.67847],[139.66421,35.6784],[139.66405,35.67835],[139.66369,35.67832],[139.66345,35.67824],[139.66327,35.67804],[139.66308,35.67754],[139.663,35.67672],[139.66305,35.67613],[139.66324,35.6757],[139.66377,35.67512],[139.66391,35.67478],[139.66403,35.67399],[139.66407,35.6727],[139.66418,35.67215],[139.66429,35.67202],[139.66455,35.67195],[139.66465,35.67161],[139.66502,35.67133],[139.66513,35.67103]],[[139.66719,35.65895],[139.66745,35.65856],[139.66763,35.6585],[139.66781,35.65853],[139.66791,35.65866],[139.66795,35.65896],[139.66807,35.65918],[139.66849,35.65949],[139.66869,35.65973],[139.66878,35.66024],[139.66889,35.66052],[139.66932,35.66086],[139.66951,35.66119],[139.66959,35.66167],[139.66957,35.66206],[139.66949,35.66244],[139.66923,35.66298],[139.66868,35.6636],[139.66821,35.6639],[139.66788,35.66401],[139.66754,35.66405],[139.66726,35.66403],[139.66704,35.66396],[139.66639,35.66345],[139.6653,35.66298],[139.66519,35.66286],[139.66516,35.6627],[139.66508,35.66259],[139.66467,35.66248],[139.66462,35.66235],[139.66467,35.66217],[139.66504,35.66207],[139.66512,35.662],[139.66517,35.66181],[139.66509,35.66145],[139.66473,35.66119],[139.66474,35.661],[139.66496,35.66079],[139.66527,35.66074],[139.66539,35.66067],[139.66574,35.65999],[139.66584,35.65989],[139.6661,35.65984],[139.66623,35.65974],[139.66629,35.6594],[139.66641,35.65924],[139.66701,35.65911],[139.66719,35.65895]],[[139.67252,35.69605],[139.67348,35.69699],[139.67391,35.69724],[139.67439,35.69733],[139.67452,35.69743],[139.67464,35.69765],[139.67461,35.69841],[139.6743,35.69985],[139.67401,35.70054],[139.67362,35.70104],[139.67339,35.70122],[139.67284,35.70142],[139.67224,35.70146],[139.67146,35.70142],[139.67103,35.70132],[139.67049,35.70109],[139.66998,35.70093],[139.66886,35.70082],[139.66771,35.70057],[139.66636,35.70015],[139.66579,35.6999],[139.66564,35.69976],[139.66559,35.69956],[139.66533,35.69938],[139.66522,35.69919],[139.6651,35.69825],[139.66512,35.69715],[139.6652,35.69656],[139.66536,35.69612],[139.66558,35.69583],[139.66586,35.69568],[139.66632,35.69555],[139.66758,35.69558],[139.66829,35.69546],[139.66911,35.69524],[139.66994,35.69514],[139.67049,35.69517],[139.67104,35.69526],[139.67157,35.69544],[139.67206,35.6957],[139.67252,35.69605]],[[139.67141,35.66394],[139.67249,35.66366],[139.67296,35.6636],[139.67333,35.66361],[139.6736,35.66369],[139.67385,35.66392],[139.67425,35.66411],[139.6753,35.66432],[139.67547,35.6644],[139.67571,35.66463],[139.67581,35.66496],[139.67571,35.66562],[139.67547,35.6661],[139.67509,35.66662],[139.67457,35.66716],[139.67365,35.66792],[139.67305,35.66828],[139.67248,35.66853],[139.67192,35.66867],[139.67137,35.66871],[139.67082,35.66865],[139.66999,35.66838],[139.66949,35.66809],[139.6692,35.66777],[139.66911,35.66742],[139.66923,35.66705],[139.66975,35.66621],[139.66991,35.66557],[139.67004,35.66543],[139.67028,35.66527],[139.67036,35.66514],[139.67042,35.66466],[139.6705,35.66445],[139.67059,35.66438],[139.67096,35.66429],[139.67119,35.66405],[139.67141,35.66394]],[[139.6768,35.73493],[139.67737,35.73507],[139.67779,35.73523],[139.67805,35.73542],[139.67821,35.73574],[139.67843,35.73595],[139.67864,35.73602],[139.67903,35.73605],[139.67922,35.73614],[139.67934,35.7363],[139.67939,35.73667],[139.67933,35.73692],[139.67913,35.73721],[139.67854,35.73754],[139.67838,35.73767],[139.6783,35.73782],[139.67823,35.73822],[139.67797,35.73854],[139.67756,35.73873],[139.6768,35.73889],[139.67647,35.73901],[139.67636,35.7391],[139.67632,35.73928],[139.67621,35.73942],[139.67589,35.7397],[139.67512,35.74017],[139.67489,35.74027],[139.67465,35.74031],[139.67441,35.74017],[139.67418,35.7397],[139.67394,35.73953],[139.67356,35.7394],[139.67244,35.73923],[139.67193,35.73909],[139.67132,35.73874],[139.67089,35.73827],[139.67051,35.73799],[139.67029,35.73792],[139.66998,35.73795],[139.66981,35.73789],[139.66969,35.73772],[139.66959,35.73746],[139.66956,35.73729],[139.66959,35.73698],[139.66977,35.73672],[139.67028,35.7364],[139.67136,35.73609],[139.6723,35.73599],[139.67282,35.73587],[139.67341,35.73565],[139.67388,35.73541],[139.67411,35.73521],[139.67419,35.73499],[139.6744,35.73487],[139.67476,35.73477],[139.67533,35.73475],[139.6768,35.73493]],[[139.67356,35.65306],[139.67397,35.65317],[139.67404,35.65341],[139.67415,35.65354],[139.67458,35.65371],[139.67482,35.65386],[139.67519,35.65439],[139.67555,35.65451],[139.67565,35.65472],[139.6757,35.65522],[139.67583,35.65547],[139.67622,35.65579],[139.67692,35.65615],[139.67709,35.65637],[139.67712,35.65662],[139.67697,35.65706],[139.67696,35.6577],[139.67706,35.65826],[139.67732,35.65921],[139.67739,35.65987],[139.67732,35.66012],[139.67697,35.66033],[139.67685,35.66051],[139.67672,35.66135],[139.67651,35.6616],[139.67629,35.66167],[139.67564,35.66174],[139.67506,35.66196],[139.67471,35.66202],[139.67423,35.66204],[139.67328,35.66199],[139.67271,35.66191],[139.67214,35.66174],[139.67195,35.66159],[139.67174,35.66127],[139.67143,35.66118],[139.67136,35.66102],[139.67134,35.66073],[139.67143,35.65981],[139.67142,35.65905],[139.67112,35.65732],[139.67114,35.65688],[139.67122,35.65646],[139.67135,35.65605],[139.67142,35.65557],[139.67145,35.65502],[139.67139,35.65376],[139.67151,35.65327],[139.6718,35.65295],[139.67223,35.65277],[139.67296,35.65272],[139.67337,35.65276],[139.67347,35.65285],[139.67356,35.65306]],[[139.6733,35.67709],[139.67339,35.67676],[139.67351,35.67546],[139.6737,35.67507],[139.67399,35.67486],[139.67413,35.67466],[139.67425,35.67422],[139.67427,35.67367],[139.67435,35.67323],[139.6745,35.67296],[139.67472,35.6728],[139.67528,35.67258],[139.67559,35.6726],[139.6759,35.67278],[139.67648,35.6733],[139.67694,35.67343],[139.67705,35.67369],[139.6772,35.67377],[139.67886,35.67391],[139.67911,35.67399],[139.67942,35.67417],[139.67958,35.67421],[139.68023,35.67414],[139.68041,35.67422],[139.68055,35.67437],[139.68075,35.67445],[139.68191,35.67454],[139.68208,35.67457],[139.68232,35.67469],[139.68242,35.67489],[139.68239,35.67547],[139.68254,35.67563],[139.68282,35.67566],[139.68302,35.67579],[139.68309,35.67604],[139.68304,35.67641],[139.68291,35.67653],[139.68272,35.67657],[139.68255,35.67679],[139.68225,35.6779],[139.68208,35.67817],[139.68189,35.67829],[139.68179,35.67842],[139.68168,35.67913],[139.68145,35.67958],[139.6802,35.6808],[139.67971,35.68147],[139.67916,35.68237],[139.6788,35.6827],[139.67858,35.68275],[139.67838,35.68271],[139.67814,35.68272],[139.67787,35.68294],[139.67754,35.68305],[139.67626,35.68327],[139.6754,35.68335],[139.67502,35.68335],[139.67436,35.68327],[139.67384,35.68307],[139.67311,35.68247],[139.67273,35.68226],[139.67234,35.68211],[139.67159,35.68197],[139.67128,35.68185],[139.67121,35.68169],[139.67133,35.68119],[139.67154,35.68088],[139.67195,35.68075],[139.67203,35.68059],[139.67209,35.68022],[139.67246,35.67986],[139.67257,35.6794],[139.67261,35.67839],[139.67272,35.6778],[139.67287,35.67755],[139.67315,35.67733],[139.6733,35.67709]],[[139.67362,35.68828],[139.67415,35.68823],[139.67439,35.68809],[139.67467,35.68766],[139.67505,35.68663],[139.67508,35.68677],[139.67528,35.687],[139.67599,35.68752],[139.67636,35.68786],[139.67678,35.68862],[139.67714,35.68876],[139.67724,35.68897],[139.67728,35.68947],[139.67735,35.68973],[139.67745,35.68982],[139.67764,35.68985],[139.67776,35.68992],[139.6781,35.6906],[139.67821,35.6907],[139.6784,35.69074],[139.67853,35.69083],[139.67864,35.69106],[139.67877,35.69163],[139.67883,35.69229],[139.67878,35.69267],[139.67873,35.69274],[139.67848,35.69281],[139.67837,35.69291],[139.67803,35.69358],[139.67791,35.69365],[139.67771,35.69368],[139.6775,35.69384],[139.67709,35.69453],[139.67688,35.69474],[139.67644,35.69486],[139.67572,35.6953],[139.67542,35.69537],[139.67507,35.69538],[139.67449,35.69531],[139.67402,35.69514],[139.67386,35.69484],[139.67368,35.69465],[139.67252,35.69375],[139.6723,35.6935],[139.67213,35.69315],[139.67211,35.69288],[139.67216,35.69275],[139.67225,35.69266],[139.67238,35.69257],[139.67251,35.69217],[139.67266,35.69018],[139.67275,35.68987],[139.67299,35.68944],[139.67293,35.68924],[139.67274,35.689],[139.67275,35.68886],[139.67294,35.68863],[139.67326,35.68841],[139.67362,35.68828]],[[139.67744,35.66707],[139.67801,35.66665],[139.67822,35.66625],[139.67834,35.6662],[139.6787,35.66616],[139.67887,35.66607],[139.67905,35.66581],[139.67923,35.66529],[139.67939,35.66509],[139.67961,35.66492],[139.67987,35.6648],[139.68047,35.66468],[139.68113,35.66473],[139.68141,35.66481],[139.6816,35.66491],[139.68171,35.66505],[139.68178,35.66551],[139.68189,35.66576],[139.68207,35.66591],[139.68238,35.66597],[139.68247,35.66604],[139.68264,35.66678],[139.68326,35.66756],[139.68337,35.66797],[139.68339,35.66845],[139.68347,35.66883],[139.68356,35.66901],[139.68385,35.66933],[139.68393,35.66955],[139.68392,35.66979],[139.68386,35.66991],[139.68374,35.66998],[139.68338,35.67004],[139.68323,35.67026],[139.68327,35.67155],[139.68319,35.67179],[139.68296,35.6722],[139.68301,35.6724],[139.68317,35.67257],[139.68313,35.67265],[139.68282,35.67271],[139.68204,35.67269],[139.68147,35.67261],[139.6806,35.67238],[139.68025,35.67234],[139.67927,35.67241],[139.67904,35.67239],[139.67889,35.67233],[139.6787,35.67213],[139.67844,35.672],[139.67806,35.67191],[139.67738,35.67183],[139.67649,35.67181],[139.6759,35.67185],[139.67561,35.67191],[139.6752,35.6721],[139.67499,35.67197],[139.67473,35.67149],[139.67468,35.6712],[139.67478,35.67103],[139.67492,35.67094],[139.67513,35.67057],[139.67555,35.66918],[139.67575,35.66876],[139.67589,35.66865],[139.67604,35.66864],[139.67632,35.66851],[139.67695,35.66804],[139.67726,35.66764],[139.67732,35.66729],[139.67744,35.66707]],[[139.6774,35.72132],[139.67817,35.72075],[139.67868,35.7201],[139.67904,35.7199],[139.67965,35.71966],[139.67984,35.71952],[139.67995,35.71937],[139.68001,35.71908],[139.68017,35.71899],[139.68061,35.7191],[139.68076,35.71923],[139.68085,35.71944],[139.68109,35.71951],[139.68369,35.71966],[139.68407,35.71974],[139.68455,35.71992],[139.68485,35.71996],[139.68594,35.71989],[139.68617,35.71991],[139.6863,35.71997],[139.68635,35.72012],[139.68646,35.7202],[139.68678,35.72026],[139.68728,35.72029],[139.68779,35.72045],[139.68814,35.72064],[139.68892,35.7212],[139.68925,35.72131],[139.68946,35.72128],[139.68953,35.72138],[139.68955,35.72161],[139.68948,35.72219],[139.68935,35.72262],[139.68913,35.72302],[139.68882,35.72339],[139.68825,35.72389],[139.68786,35.7243],[139.68773,35.72453],[139.68765,35.72487],[139.68753,35.72504],[139.68708,35.72538],[139.68661,35.72555],[139.68607,35.72559],[139.68512,35.72553],[139.68482,35.72557],[139.68434,35.72575],[139.68384,35.72586],[139.68314,35.7259],[139.68221,35.72585],[139.68184,35.72575],[139.68169,35.72559],[139.68143,35.72545],[139.68084,35.72532],[139.67968,35.7252],[139.67725,35.72505],[139.6764,35.72496],[139.67577,35.72484],[139.67533,35.72469],[139.67501,35.72446],[139.67495,35.72434],[139.67508,35.72421],[139.67546,35.72404],[139.67567,35.72362],[139.67671,35.72279],[139.67691,35.72245],[139.67694,35.72213],[139.67701,35.72192],[139.67711,35.72185],[139.6773,35.72183],[139.67739,35.72176],[139.67731,35.72152],[139.6774,35.72132]],[[139.6814,35.78117],[139.68245,35.78218],[139.68278,35.78266],[139.68301,35.78314],[139.68333,35.78346],[139.68361,35.78356],[139.68428,35.78362],[139.68459,35.78369],[139.68564,35.78418],[139.6869,35.78447],[139.68711,35.78464],[139.68707,35.78479],[139.68686,35.78501],[139.68666,35.78513],[139.68638,35.78519],[139.68627,35.78529],[139.68612,35.78561],[139.686,35.78607],[139.68578,35.78639],[139.68557,35.7865],[139.68509,35.78654],[139.68497,35.78659],[139.68493,35.78666],[139.68499,35.78683],[139.68495,35.78694],[139.68473,35.78711],[139.68435,35.78729],[139.68416,35.78747],[139.68401,35.78785],[139.68397,35.78833],[139.68377,35.78868],[139.68353,35.78882],[139.68306,35.78893],[139.68282,35.78904],[139.68263,35.78928],[139.68259,35.7896],[139.68247,35.78981],[139.68233,35.78988],[139.68181,35.78996],[139.68147,35.79023],[139.68106,35.79027],[139.68041,35.79021],[139.68019,35.79013],[139.67981,35.78981],[139.67966,35.78957],[139.67941,35.78894],[139.67909,35.78734],[139.67878,35.78662],[139.67853,35.78641],[139.67826,35.78634],[139.67793,35.78609],[139.67775,35.78584],[139.67745,35.78524],[139.67728,35.78502],[139.67709,35.78488],[139.67652,35.78462],[139.67622,35.78432],[139.67607,35.78393],[139.6759,35.78324],[139.67544,35.78038],[139.67536,35.77905],[139.67539,35.77877],[139.67552,35.77842],[139.67604,35.77824],[139.67684,35.77817],[139.67731,35.77819],[139.67792,35.77838],[139.67826,35.77861],[139.67869,35.77909],[139.67918,35.77947],[139.67955,35.77965],[139.68032,35.77992],[139.68074,35.78022],[139.6814,35.78117]],[[139.67828,35.69554],[139.67846,35.69529],[139.67914,35.69493],[139.68,35.69388],[139.68024,35.69373],[139.68051,35.69367],[139.68076,35.69368],[139.68102,35.69374],[139.68111,35.69382],[139.68115,35.69397],[139.68139,35.69404],[139.6826,35.69395],[139.68325,35.69403],[139.68353,35.69417],[139.68363,35.69443],[139.68372,35.69451],[139.68457,35.69464],[139.68473,35.69474],[139.68491,35.69503],[139.68509,35.69519],[139.68574,35.69534],[139.68606,35.69565],[139.68623,35.696],[139.68628,35.69638],[139.6862,35.69702],[139.68625,35.69718],[139.68637,35.69727],[139.68678,35.69732],[139.68702,35.69739],[139.68754,35.69766],[139.68785,35.69802],[139.68801,35.69854],[139.68801,35.69918],[139.68789,35.69963],[139.68775,35.69981],[139.68739,35.69997],[139.68727,35.70007],[139.68717,35.7005],[139.68711,35.70057],[139.68657,35.70052],[139.68571,35.70069],[139.68505,35.70095],[139.68457,35.70134],[139.68425,35.70146],[139.68353,35.70155],[139.6823,35.70159],[139.68188,35.70166],[139.68162,35.70178],[139.68135,35.70213],[139.68102,35.70223],[139.68082,35.70222],[139.68064,35.70215],[139.68047,35.70202],[139.68014,35.70163],[139.67978,35.70149],[139.67926,35.70143],[139.67744,35.70144],[139.67716,35.70139],[139.67672,35.70123],[139.67645,35.70096],[139.67634,35.70044],[139.67641,35.70008],[139.67675,35.69951],[139.6772,35.69889],[139.6774,35.69842],[139.67751,35.69791],[139.67753,35.69736],[139.67748,35.6967],[139.67735,35.69633],[139.67717,35.69618],[139.67773,35.69613],[139.67802,35.69601],[139.67816,35.69585],[139.67828,35.69554]],[[139.68286,35.68616],[139.68311,35.68639],[139.68341,35.68652],[139.6843,35.6866],[139.68652,35.68655],[139.6871,35.68659],[139.68743,35.68669],[139.68749,35.68676],[139.68758,35.68712],[139.6878,35.68727],[139.68789,35.68758],[139.6879,35.68823],[139.6878,35.68983],[139.68773,35.69054],[139.68748,35.69169],[139.68731,35.69214],[139.6871,35.69251],[139.68686,35.69279],[139.68658,35.69299],[139.68627,35.6931],[139.68561,35.69313],[139.68507,35.69306],[139.68485,35.69299],[139.68449,35.69278],[139.68414,35.69232],[139.68375,35.69203],[139.68345,35.69197],[139.68265,35.692],[139.68238,35.69193],[139.68205,35.69171],[139.68176,35.69141],[139.68167,35.69111],[139.68158,35.691],[139.68094,35.69065],[139.68068,35.69045],[139.6805,35.6899],[139.68012,35.6898],[139.67995,35.68944],[139.67947,35.68922],[139.67933,35.68911],[139.67924,35.68896],[139.67913,35.68838],[139.67893,35.6882],[139.67865,35.68809],[139.67853,35.68794],[139.67848,35.68759],[139.67855,35.68713],[139.67854,35.68681],[139.67847,35.6867],[139.67819,35.68662],[139.6781,35.68639],[139.67815,35.68598],[139.67835,35.68541],[139.6785,35.6851],[139.67887,35.68478],[139.67938,35.68466],[139.67995,35.68469],[139.68037,35.68481],[139.6809,35.68527],[139.68133,35.68538],[139.68144,35.68564],[139.68155,35.68574],[139.68263,35.68604],[139.68286,35.68616]],[[139.68534,35.72736],[139.6855,35.72738],[139.68569,35.72755],[139.68591,35.72763],[139.68651,35.72756],[139.68681,35.72757],[139.68694,35.72763],[139.68715,35.72786],[139.68751,35.72794],[139.68758,35.72799],[139.68759,35.72815],[139.68752,35.7284],[139.68756,35.72861],[139.68778,35.72897],[139.68829,35.72956],[139.6886,35.7301],[139.68888,35.73096],[139.68889,35.73147],[139.68879,35.73173],[139.6886,35.73192],[139.68823,35.73215],[139.68769,35.7323],[139.68693,35.73297],[139.68669,35.7331],[139.68636,35.73318],[139.6861,35.73357],[139.68597,35.73368],[139.68578,35.73376],[139.68527,35.7338],[139.68504,35.73387],[139.68476,35.73408],[139.68453,35.73438],[139.68432,35.7345],[139.68392,35.73452],[139.6834,35.73439],[139.68277,35.73431],[139.68146,35.73436],[139.68089,35.7343],[139.68029,35.73413],[139.67938,35.7337],[139.67887,35.73328],[139.67852,35.73277],[139.67841,35.73248],[139.67829,35.73182],[139.67832,35.73052],[139.67842,35.72968],[139.67863,35.72915],[139.67875,35.72906],[139.67912,35.72898],[139.67945,35.72868],[139.67997,35.72851],[139.6815,35.72818],[139.68177,35.72806],[139.68193,35.72785],[139.68212,35.72777],[139.68432,35.72763],[139.68534,35.72736]],[[139.68719,35.71338],[139.68775,35.71389],[139.68805,35.71407],[139.68841,35.7142],[139.68908,35.71431],[139.68928,35.71441],[139.68944,35.71456],[139.68955,35.71478],[139.68962,35.71506],[139.68962,35.71581],[139.68946,35.71682],[139.68932,35.71729],[139.68896,35.718],[139.68874,35.71826],[139.68848,35.71844],[139.6882,35.71855],[139.68788,35.71859],[139.68722,35.71853],[139.6862,35.71832],[139.68545,35.71796],[139.6852,35.71789],[139.68497,35.71787],[139.68456,35.71794],[139.68423,35.71786],[139.68393,35.71757],[139.68376,35.71691],[139.68354,35.71676],[139.68326,35.71675],[139.68282,35.717],[139.68251,35.71709],[139.68199,35.7171],[139.68165,35.717],[139.68139,35.71681],[139.68125,35.71654],[139.68136,35.71644],[139.68164,35.71642],[139.68183,35.71636],[139.68191,35.71623],[139.68189,35.71609],[139.68178,35.716],[139.68153,35.71597],[139.68128,35.71587],[139.6808,35.71551],[139.68057,35.71507],[139.68048,35.71433],[139.68041,35.71418],[139.68022,35.71403],[139.68064,35.71401],[139.68168,35.71405],[139.6826,35.71408],[139.683,35.71406],[139.68366,35.71395],[139.68415,35.71373],[139.68475,35.71315],[139.68503,35.71296],[139.6853,35.71285],[139.68558,35.71283],[139.68613,35.7129],[139.68669,35.71309],[139.68719,35.71338]],[[139.68721,35.67775],[139.68734,35.67784],[139.68779,35.67792],[139.68803,35.67805],[139.68832,35.67863],[139.68848,35.67883],[139.68908,35.67927],[139.68934,35.67953],[139.68952,35.6801],[139.68994,35.68023],[139.69004,35.68056],[139.69045,35.6809],[139.6908,35.68165],[139.69116,35.68278],[139.69126,35.68341],[139.69118,35.68402],[139.6912,35.68417],[139.69127,35.68428],[139.69159,35.68449],[139.69164,35.68464],[139.6916,35.68481],[139.69128,35.68509],[139.69086,35.68524],[139.69014,35.68532],[139.68877,35.68534],[139.68791,35.68524],[139.68777,35.68514],[139.68774,35.68504],[139.68743,35.68493],[139.68583,35.68485],[139.68547,35.68478],[139.68489,35.68458],[139.68458,35.68467],[139.68406,35.68509],[139.68401,35.68495],[139.68407,35.68458],[139.68394,35.68428],[139.68373,35.68415],[139.68325,35.68404],[139.68297,35.68389],[139.68274,35.68368],[139.68249,35.68322],[139.68246,35.68304],[139.68252,35.68261],[139.68273,35.68211],[139.6831,35.68155],[139.68357,35.68092],[139.68414,35.67996],[139.68443,35.67931],[139.68478,35.67833],[139.68508,35.67785],[139.68544,35.67753],[139.68587,35.67735],[139.68652,35.67731],[139.68693,35.6774],[139.68708,35.67752],[139.68721,35.67775]],[[139.68874,35.73412],[139.68882,35.73395],[139.68888,35.73393],[139.68924,35.73397],[139.69009,35.73425],[139.6907,35.73454],[139.69103,35.73485],[139.69168,35.735],[139.69205,35.73529],[139.69259,35.73599],[139.693,35.73642],[139.69328,35.73662],[139.69393,35.73698],[139.69412,35.73736],[139.69441,35.73742],[139.69453,35.73751],[139.69487,35.73835],[139.69498,35.73848],[139.69517,35.73853],[139.69523,35.73859],[139.69536,35.73917],[139.69541,35.74081],[139.69533,35.74195],[139.69528,35.74221],[139.69513,35.74252],[139.69504,35.74259],[139.69485,35.7426],[139.69461,35.74269],[139.69437,35.74304],[139.69415,35.74323],[139.69355,35.74342],[139.69325,35.74357],[139.69288,35.74408],[139.69274,35.74418],[139.69216,35.74444],[139.6915,35.7452],[139.69104,35.74537],[139.69067,35.74603],[139.69052,35.74609],[139.69024,35.74606],[139.69004,35.74593],[139.68986,35.7457],[139.68929,35.74429],[139.68915,35.74411],[139.68895,35.74399],[139.68878,35.74381],[139.68852,35.74324],[139.68831,35.74307],[139.68777,35.74299],[139.68755,35.74283],[139.68742,35.74244],[139.68738,35.74182],[139.68726,35.74156],[139.68712,35.74147],[139.68683,35.74144],[139.6866,35.74134],[139.68623,35.74082],[139.6854,35.74017],[139.68504,35.73971],[139.68462,35.73889],[139.68431,35.7385],[139.6841,35.73839],[139.68379,35.73842],[139.68352,35.73821],[139.68329,35.73773],[139.68316,35.73713],[139.6832,35.73685],[139.68326,35.73675],[139.68346,35.73662],[139.68398,35.73644],[139.68407,35.73635],[139.68411,35.73619],[139.68422,35.73611],[139.68534,35.73597],[139.68545,35.73589],[139.68552,35.73572],[139.68578,35.73553],[139.68827,35.73441],[139.68863,35.7342],[139.68874,35.73412]],[[139.68868,35.70975],[139.68881,35.70996],[139.68894,35.71003],[139.6891,35.71005],[139.68954,35.70998],[139.68984,35.71],[139.69077,35.71022],[139.69116,35.71039],[139.69129,35.7105],[139.69132,35.71061],[139.69123,35.71077],[139.69082,35.71087],[139.69055,35.71127],[139.69021,35.71146],[139.6894,35.71161],[139.6888,35.7116],[139.68761,35.71143],[139.6856,35.71094],[139.68468,35.71058],[139.68454,35.71047],[139.68448,35.71037],[139.6845,35.71028],[139.68471,35.71012],[139.68506,35.70996],[139.68597,35.70983],[139.68605,35.70975],[139.68611,35.7096],[139.6863,35.70952],[139.68689,35.70946],[139.68775,35.70946],[139.68819,35.70952],[139.6885,35.70961],[139.68868,35.70975]],[[139.69183,35.6936],[139.69215,35.69356],[139.69242,35.69346],[139.69298,35.69312],[139.69323,35.69304],[139.69363,35.69301],[139.69389,35.69304],[139.69425,35.69317],[139.69458,35.69339],[139.69473,35.69361],[139.69483,35.69408],[139.69475,35.69511],[139.69477,35.69546],[139.69503,35.69621],[139.69493,35.69651],[139.69473,35.69669],[139.69423,35.69694],[139.69403,35.69698],[139.69373,35.69693],[139.69361,35.69696],[139.69351,35.69706],[139.69333,35.69745],[139.69311,35.6976],[139.69277,35.6977],[139.69179,35.69775],[139.69127,35.69785],[139.6911,35.69796],[139.69104,35.69826],[139.69088,35.6984],[139.69068,35.69839],[139.69055,35.69825],[139.69034,35.69782],[139.69012,35.6972],[139.68984,35.69675],[139.68961,35.69657],[139.689,35.69634],[139.68878,35.69609],[139.68869,35.69578],[139.68873,35.6956],[139.68885,35.69547],[139.68907,35.69539],[139.68958,35.69521],[139.68967,35.69511],[139.68971,35.69496],[139.68979,35.69488],[139.69043,35.69479],[139.69059,35.69468],[139.69068,35.69449],[139.69066,35.69378],[139.69072,35.69369],[139.69092,35.69357],[139.69183,35.6936]],[[139.69352,35.68816],[139.69383,35.68834],[139.69412,35.68844],[139.69424,35.68855],[139.69429,35.6887],[139.69419,35.68933],[139.69424,35.6897],[139.69445,35.69002],[139.69477,35.6901],[139.69494,35.69026],[139.6951,35.69072],[139.69512,35.69095],[139.69506,35.6911],[139.69494,35.69119],[139.69465,35.69122],[139.69438,35.69131],[139.69398,35.69166],[139.69346,35.69178],[139.69228,35.69176],[139.69108,35.69156],[139.69053,35.69127],[139.68997,35.69119],[139.68977,35.69103],[139.68971,35.69083],[139.68964,35.69021],[139.68957,35.69002],[139.68931,35.68969],[139.68933,35.68953],[139.68951,35.68923],[139.6897,35.68899],[139.68985,35.6887],[139.68994,35.68834],[139.69002,35.68752],[139.69024,35.68725],[139.69041,35.68716],[139.69088,35.6871],[139.69153,35.68718],[139.69239,35.68739],[139.69297,35.68766],[139.69352,35.68816]],[[139.69238,35.65376],[139.69302,35.65317],[139.69359,35.65278],[139.69412,35.65259],[139.69438,35.65208],[139.69452,35.65196],[139.6947,35.65192],[139.69494,35.65197],[139.69528,35.65218],[139.69538,35.65252],[139.69532,35.65282],[139.69517,35.65314],[139.69499,35.65341],[139.69477,35.65362],[139.69427,35.65391],[139.69419,35.65401],[139.69409,35.65427],[139.69414,35.65482],[139.69436,35.65542],[139.69462,35.6558],[139.69509,35.65609],[139.6952,35.65632],[139.69527,35.65664],[139.69527,35.65728],[139.69519,35.6578],[139.6951,35.65805],[139.69481,35.65851],[139.69467,35.65927],[139.69446,35.6596],[139.69368,35.66039],[139.69341,35.66094],[139.69328,35.66112],[139.69298,35.6613],[139.69235,35.66151],[139.69207,35.66175],[139.69169,35.66222],[139.69151,35.66232],[139.69132,35.66236],[139.69098,35.6623],[139.69089,35.6622],[139.69084,35.6619],[139.69072,35.66171],[139.69018,35.66143],[139.69013,35.66124],[139.6902,35.661],[139.69019,35.66085],[139.68981,35.66072],[139.68959,35.6604],[139.68963,35.65996],[139.69011,35.65893],[139.69023,35.65842],[139.69029,35.65781],[139.6903,35.65678],[139.69018,35.65599],[139.69004,35.65565],[139.68977,35.65536],[139.68969,35.65521],[139.68972,35.65507],[139.68985,35.65495],[139.69023,35.65479],[139.69048,35.65478],[139.69069,35.65483],[139.6908,35.65478],[139.69095,35.65455],[139.69107,35.65417],[139.69129,35.65397],[139.6915,35.65396],[139.69199,35.65412],[139.69219,35.65412],[139.69238,35.65376]],[[139.69211,35.72261],[139.69215,35.72223],[139.69219,35.72214],[139.69234,35.72203],[139.69258,35.72202],[139.69326,35.7222],[139.69383,35.72228],[139.69506,35.72229],[139.69645,35.72211],[139.69681,35.72199],[139.69698,35.72183],[139.6971,35.72179],[139.69729,35.72185],[139.69755,35.72201],[139.69816,35.72252],[139.69842,35.72281],[139.69857,35.72317],[139.69892,35.72325],[139.69894,35.72332],[139.69886,35.72353],[139.69895,35.72376],[139.69969,35.72447],[139.69981,35.72463],[139.69994,35.72497],[139.70048,35.72525],[139.70058,35.72555],[139.7005,35.72628],[139.70052,35.72647],[139.70059,35.72657],[139.70091,35.72666],[139.70096,35.72685],[139.7009,35.72694],[139.70074,35.727],[139.70002,35.72705],[139.69958,35.72715],[139.6987,35.72766],[139.69805,35.72776],[139.69796,35.72782],[139.6979,35.72802],[139.69782,35.72812],[139.69693,35.72842],[139.69674,35.72854],[139.69632,35.72891],[139.69596,35.72904],[139.69532,35.72908],[139.69492,35.72917],[139.69425,35.72968],[139.69376,35.72975],[139.69353,35.72985],[139.69328,35.7302],[139.69294,35.73039],[139.69213,35.73054],[139.69158,35.73054],[139.69131,35.73041],[139.6912,35.72999],[139.69084,35.72971],[139.69089,35.72915],[139.6908,35.72904],[139.69045,35.72889],[139.69031,35.72877],[139.69022,35.72858],[139.69017,35.72807],[139.69005,35.72771],[139.68991,35.7275],[139.68963,35.72723],[139.68943,35.72688],[139.68936,35.72644],[139.68939,35.72597],[139.68949,35.7257],[139.68972,35.72538],[139.69011,35.72496],[139.69027,35.72439],[139.69056,35.72432],[139.69069,35.72422],[139.69075,35.72388],[139.69083,35.72372],[139.69121,35.72361],[139.69137,35.72325],[139.69185,35.72303],[139.692,35.72291],[139.69211,35.72261]],[[139.6933,35.67491],[139.69339,35.6752],[139.69368,35.6755],[139.69409,35.67578],[139.6945,35.67589],[139.69471,35.67587],[139.69502,35.67575],[139.69563,35.6752],[139.69589,35.67503],[139.69604,35.67499],[139.69629,35.67503],[139.6968,35.67528],[139.69742,35.67571],[139.69773,35.67601],[139.69804,35.67648],[139.69819,35.67659],[139.69847,35.67669],[139.69863,35.67683],[139.69871,35.67709],[139.69871,35.67768],[139.69859,35.67839],[139.69838,35.67908],[139.69797,35.67971],[139.69761,35.68002],[139.69733,35.68006],[139.6967,35.67988],[139.6964,35.67987],[139.69627,35.67995],[139.69608,35.68024],[139.69592,35.68033],[139.69532,35.6804],[139.69507,35.6805],[139.69498,35.68061],[139.69492,35.68091],[139.69477,35.68104],[139.69424,35.68111],[139.69405,35.68122],[139.69393,35.68137],[139.69379,35.68143],[139.69361,35.68144],[139.69323,35.68139],[139.69298,35.68126],[139.69277,35.68103],[139.69259,35.6807],[139.69227,35.67987],[139.69204,35.67952],[139.69176,35.67922],[139.69112,35.67873],[139.69066,35.67816],[139.69041,35.67748],[139.69037,35.67711],[139.69039,35.67654],[139.69047,35.67618],[139.69065,35.67584],[139.69082,35.67575],[139.69112,35.67579],[139.69143,35.67568],[139.69207,35.67502],[139.6923,35.67486],[139.69256,35.67477],[139.69295,35.67476],[139.69321,35.67483],[139.6933,35.67491]],[[139.69513,35.74486],[139.69532,35.74469],[139.69569,35.74449],[139.69609,35.74451],[139.69635,35.74437],[139.69695,35.74387],[139.69775,35.7431],[139.6985,35.74254],[139.69896,35.74233],[139.69974,35.74216],[139.70004,35.74206],[139.70074,35.74153],[139.70141,35.7414],[139.70155,35.74117],[139.70185,35.74111],[139.70276,35.7411],[139.70411,35.74119],[139.70486,35.7413],[139.70566,35.74154],[139.70598,35.74175],[139.70624,35.74203],[139.70627,35.74221],[139.706,35.7424],[139.70591,35.74275],[139.70604,35.74313],[139.70647,35.74372],[139.70666,35.7445],[139.70672,35.74527],[139.70672,35.74668],[139.70668,35.7474],[139.70655,35.74802],[139.70619,35.74837],[139.7056,35.74945],[139.70535,35.74977],[139.7049,35.75008],[139.70441,35.75021],[139.70413,35.75037],[139.7038,35.75077],[139.70342,35.75159],[139.70314,35.75181],[139.70279,35.75186],[139.7027,35.7519],[139.70274,35.75224],[139.70239,35.75233],[139.7023,35.75254],[139.7022,35.75262],[139.70178,35.75266],[139.70081,35.75258],[139.70021,35.75246],[139.69985,35.75231],[139.69965,35.75206],[139.69963,35.75192],[139.69972,35.75144],[139.69957,35.75118],[139.69925,35.751],[139.6985,35.75091],[139.6982,35.7508],[139.69772,35.75048],[139.69721,35.75001],[139.69669,35.74963],[139.69561,35.74913],[139.69542,35.74891],[139.69529,35.74847],[139.69503,35.74816],[139.69431,35.74763],[139.69383,35.74751],[139.69348,35.74732],[139.69307,35.74693],[139.69302,35.74679],[139.69303,35.74667],[139.69311,35.74657],[139.69325,35.74649],[139.69359,35.74656],[139.69395,35.74655],[139.69467,35.74639],[139.69499,35.74625],[139.69509,35.74616],[139.69519,35.74595],[139.69502,35.7453],[139.69503,35.74507],[139.69513,35.74486]],[[139.69766,35.7306],[139.698,35.73051],[139.69903,35.72996],[139.69949,35.72979],[139.69992,35.72975],[139.70023,35.72983],[139.70035,35.72996],[139.70042,35.73036],[139.70053,35.73057],[139.70086,35.73086],[139.70159,35.73131],[139.70178,35.73151],[139.70194,35.73183],[139.70201,35.73232],[139.70207,35.73394],[139.70216,35.73457],[139.70241,35.73556],[139.70298,35.73714],[139.70314,35.73789],[139.70312,35.73848],[139.70306,35.73865],[139.70285,35.73895],[139.70231,35.73929],[139.70142,35.73956],[139.70073,35.73966],[139.70047,35.73965],[139.70028,35.73958],[139.70013,35.73937],[139.7001,35.73906],[139.70003,35.73888],[139.69993,35.73885],[139.69966,35.7389],[139.69952,35.73886],[139.69904,35.73842],[139.6989,35.73834],[139.69857,35.73827],[139.69842,35.7381],[139.69826,35.7377],[139.69812,35.73749],[139.698,35.73742],[139.69771,35.73736],[139.69764,35.73726],[139.69761,35.7371],[139.6975,35.737],[139.69707,35.73695],[139.69688,35.73689],[139.69672,35.73653],[139.69605,35.73604],[139.69543,35.73529],[139.69525,35.73519],[139.69486,35.73514],[139.69472,35.73507],[139.69463,35.73494],[139.69457,35.73454],[139.69449,35.73435],[139.69433,35.73419],[139.69375,35.73384],[139.69354,35.7335],[139.69349,35.73321],[139.69352,35.73276],[139.69358,35.73257],[139.69373,35.73245],[139.69387,35.73243],[139.69403,35.73234],[139.69425,35.73198],[139.69443,35.73183],[139.69486,35.73163],[139.69577,35.73133],[139.69603,35.73118],[139.69637,35.73087],[139.69658,35.73075],[139.69698,35.73066],[139.69766,35.7306]],[[139.704,35.6469],[139.7045,35.64723],[139.70483,35.64763],[139.70493,35.64793],[139.70504,35.64876],[139.70514,35.64891],[139.70533,35.64905],[139.70542,35.64928],[139.70548,35.64965],[139.7055,35.65048],[139.70548,35.65097],[139.70537,35.65139],[139.70526,35.65146],[139.70513,35.65142],[139.70496,35.65146],[139.7048,35.65171],[139.70465,35.65184],[139.7044,35.65191],[139.70404,35.65192],[139.70359,35.65188],[139.70297,35.65175],[139.70264,35.65163],[139.70213,35.65133],[139.70173,35.65125],[139.70118,35.65124],[139.69936,35.6514],[139.69909,35.65138],[139.69869,35.65127],[139.69848,35.65106],[139.69842,35.65058],[139.69851,35.65037],[139.6987,35.65026],[139.69883,35.65012],[139.69888,35.64982],[139.69879,35.64941],[139.69848,35.64867],[139.69847,35.64854],[139.69857,35.6485],[139.6987,35.64854],[139.69887,35.6485],[139.69911,35.64816],[139.69952,35.64794],[139.70145,35.64747],[139.7017,35.64736],[139.70203,35.64708],[139.70265,35.64685],[139.70325,35.64675],[139.70364,35.64678],[139.704,35.6469]],[[139.70274,35.6966],[139.70263,35.69694],[139.70253,35.69709],[139.70238,35.69722],[139.70197,35.69743],[139.70106,35.69762],[139.70004,35.69764],[139.69955,35.69755],[139.69937,35.69747],[139.69911,35.69726],[139.69899,35.69698],[139.69896,35.69673],[139.69902,35.69652],[139.69916,35.69633],[139.6995,35.69597],[139.69959,35.69577],[139.69963,35.69544],[139.69972,35.69527],[139.69993,35.69517],[139.70048,35.69514],[139.70139,35.69532],[139.70217,35.69567],[139.7026,35.69603],[139.70273,35.6963],[139.70274,35.6966]],[[139.70328,35.71847],[139.7034,35.7184],[139.70373,35.71781],[139.70399,35.71768],[139.70448,35.71772],[139.70474,35.71765],[139.70483,35.71751],[139.70488,35.71712],[139.70498,35.71699],[139.70512,35.71692],[139.70557,35.71695],[139.70575,35.71706],[139.70587,35.71721],[139.70605,35.71728],[139.70652,35.71722],[139.70679,35.71726],[139.70695,35.71736],[139.70732,35.71773],[139.7078,35.71794],[139.7083,35.71798],[139.70909,35.7179],[139.70933,35.71793],[139.70948,35.71804],[139.70954,35.71821],[139.70952,35.71843],[139.70944,35.71864],[139.70918,35.71892],[139.70861,35.71933],[139.70849,35.71947],[139.70843,35.71965],[139.70852,35.71984],[139.70874,35.71997],[139.7089,35.72014],[139.70925,35.72095],[139.70958,35.72216],[139.7096,35.72259],[139.70953,35.72288],[139.70934,35.72303],[139.70901,35.72315],[139.70824,35.72323],[139.70798,35.72333],[139.70789,35.72344],[139.70786,35.72368],[139.70777,35.72381],[139.70762,35.72392],[139.70712,35.72407],[139.70689,35.72419],[139.70669,35.72438],[139.70634,35.72488],[139.70596,35.72507],[139.7054,35.72519],[139.70464,35.72525],[139.70379,35.72522],[139.70313,35.72512],[139.70287,35.72503],[139.7025,35.7248],[139.70204,35.72402],[139.7019,35.72391],[139.7017,35.72388],[139.70161,35.72381],[139.70153,35.7236],[139.70148,35.72317],[139.70125,35.72278],[139.70086,35.72247],[139.7006,35.72234],[139.70032,35.72229],[139.7002,35.72216],[139.70006,35.72179],[139.69996,35.72123],[139.69998,35.72067],[139.70011,35.72014],[139.70028,35.71983],[139.70041,35.7197],[139.70076,35.71951],[139.70123,35.7194],[139.70232,35.71934],[139.70279,35.71917],[139.70291,35.71899],[139.70292,35.71878],[139.703,35.71857],[139.70309,35.7185],[139.70328,35.71847]],[[139.70412,35.68364],[139.70386,35.68395],[139.70347,35.68425],[139.70316,35.68442],[139.70277,35.6845],[139.7027,35.68461],[139.70267,35.68475],[139.70261,35.6848],[139.70242,35.68475],[139.70213,35.68459],[139.70199,35.68444],[139.70187,35.68417],[139.70187,35.68384],[139.70194,35.68361],[139.70222,35.68316],[139.70241,35.68294],[139.70257,35.6826],[139.70253,35.68191],[139.70299,35.68213],[139.70371,35.68222],[139.70393,35.68231],[139.70396,35.68243],[139.70389,35.68284],[139.70394,35.68301],[139.70415,35.68335],[139.70412,35.68364]],[[139.70874,35.67513],[139.70897,35.67497],[139.70908,35.67455],[139.70919,35.67445],[139.70951,35.67441],[139.70983,35.67445],[139.70997,35.67452],[139.71012,35.67479],[139.71013,35.67499],[139.71005,35.67551],[139.70968,35.67652],[139.7093,35.67724],[139.70907,35.67751],[139.70858,35.67775],[139.70842,35.67808],[139.70793,35.67817],[139.70766,35.67836],[139.70721,35.6792],[139.70704,35.67941],[139.70685,35.67956],[139.70648,35.67971],[139.70636,35.67981],[139.70623,35.68034],[139.70597,35.68066],[139.70581,35.68073],[139.70561,35.68074],[139.70497,35.68056],[139.70456,35.68052],[139.70428,35.68056],[139.70379,35.68072],[139.70367,35.68071],[139.70363,35.68062],[139.7037,35.6803],[139.70364,35.68013],[139.7031,35.67956],[139.70297,35.6793],[139.70305,35.67906],[139.70334,35.67875],[139.70354,35.67856],[139.70377,35.67809],[139.70396,35.67711],[139.70415,35.6766],[139.70449,35.67616],[139.70499,35.67579],[139.70597,35.67537],[139.70685,35.67514],[139.70735,35.67509],[139.7083,35.67517],[139.70874,35.67513]],[[139.70912,35.72587],[139.70909,35.72545],[139.70918,35.7253],[139.70934,35.72519],[139.71002,35.72498],[139.71037,35.72469],[139.71059,35.72465],[139.71109,35.72468],[139.71148,35.72474],[139.71178,35.72485],[139.71208,35.7251],[139.71222,35.72542],[139.71244,35.72573],[139.7132,35.72634],[139.71329,35.72659],[139.71322,35.72684],[139.71323,35.72699],[139.71331,35.72705],[139.71361,35.7271],[139.71383,35.72731],[139.71392,35.72775],[139.71397,35.72889],[139.71408,35.72923],[139.71419,35.72931],[139.71441,35.72938],[139.71447,35.72947],[139.71455,35.72988],[139.71468,35.72998],[139.71487,35.73],[139.715,35.73006],[139.7151,35.73039],[139.71543,35.73063],[139.71559,35.73084],[139.71626,35.73241],[139.7166,35.73303],[139.71674,35.73317],[139.71695,35.73328],[139.71715,35.73329],[139.71742,35.73323],[139.71761,35.73337],[139.7177,35.73361],[139.71761,35.73386],[139.71732,35.73412],[139.7168,35.73437],[139.71656,35.73441],[139.71613,35.73436],[139.71578,35.7344],[139.71484,35.73484],[139.71442,35.73494],[139.71388,35.73498],[139.71364,35.73505],[139.71288,35.73549],[139.71268,35.73554],[139.71211,35.73549],[139.71198,35.73556],[139.71179,35.73585],[139.71161,35.73599],[139.71118,35.73613],[139.71036,35.7363],[139.70992,35.73648],[139.70818,35.73752],[139.70777,35.73764],[139.70756,35.73763],[139.70725,35.73754],[139.70694,35.73735],[139.7066,35.73703],[139.70642,35.73659],[139.70601,35.73645],[139.70584,35.73594],[139.70565,35.73585],[139.70522,35.7358],[139.70511,35.73569],[139.70514,35.73544],[139.70546,35.73522],[139.70556,35.73507],[139.70564,35.73472],[139.70563,35.73425],[139.70557,35.73402],[139.70545,35.73387],[139.70508,35.73378],[139.70481,35.73349],[139.7043,35.73208],[139.7041,35.73174],[139.7039,35.7316],[139.7038,35.7314],[139.70373,35.73089],[139.70367,35.7297],[139.70341,35.72864],[139.70339,35.72832],[139.70352,35.7281],[139.70365,35.72802],[139.70402,35.72795],[139.70466,35.72793],[139.70508,35.72785],[139.70553,35.72751],[139.70631,35.72727],[139.70644,35.72718],[139.70653,35.72696],[139.70675,35.72683],[139.70834,35.72636],[139.70879,35.72617],[139.70895,35.72607],[139.70912,35.72587]],[[139.71102,35.70613],[139.71133,35.7062],[139.71217,35.70655],[139.71268,35.70671],[139.71338,35.70678],[139.71367,35.70685],[139.71389,35.70702],[139.71405,35.7073],[139.71416,35.70783],[139.71418,35.70818],[139.71399,35.70802],[139.71373,35.70798],[139.71336,35.70803],[139.71302,35.70818],[139.7128,35.70842],[139.71267,35.70874],[139.71249,35.70898],[139.71192,35.70928],[139.71187,35.7094],[139.71192,35.70983],[139.71183,35.7099],[139.71148,35.70995],[139.71132,35.71004],[139.71119,35.71019],[139.71106,35.71056],[139.71092,35.71078],[139.71082,35.71086],[139.71056,35.71095],[139.71021,35.71096],[139.70981,35.71089],[139.70922,35.71068],[139.70888,35.71037],[139.70866,35.71024],[139.70819,35.71009],[139.70761,35.70999],[139.70733,35.70988],[139.70709,35.70963],[139.70706,35.70932],[139.70694,35.70911],[139.7068,35.70904],[139.70623,35.70895],[139.70593,35.70877],[139.70578,35.70854],[139.70585,35.70816],[139.70559,35.70811],[139.70547,35.70804],[139.70508,35.70732],[139.70478,35.70709],[139.70429,35.70684],[139.70409,35.70663],[139.70403,35.70647],[139.70409,35.70624],[139.70421,35.70612],[139.70452,35.70599],[139.70478,35.70593],[139.70504,35.70578],[139.70521,35.70541],[139.70583,35.70526],[139.70763,35.70519],[139.70855,35.70524],[139.70923,35.70534],[139.70967,35.70549],[139.71004,35.70589],[139.71035,35.70606],[139.71102,35.70613]],[[139.71126,35.69632],[139.71152,35.69636],[139.71184,35.6968],[139.7122,35.69688],[139.71197,35.69704],[139.71184,35.69738],[139.71178,35.69797],[139.71181,35.69886],[139.71187,35.6993],[139.71198,35.69958],[139.71224,35.69986],[139.71261,35.70012],[139.71281,35.70048],[139.71287,35.70083],[139.71287,35.70146],[139.7128,35.70195],[139.71264,35.70224],[139.71236,35.70242],[139.71202,35.70249],[139.71178,35.70242],[139.71153,35.70216],[139.71148,35.70235],[139.7114,35.70244],[139.71057,35.70273],[139.71041,35.70286],[139.71037,35.70302],[139.71018,35.70309],[139.70945,35.70302],[139.70897,35.70303],[139.70805,35.70329],[139.70711,35.70338],[139.70651,35.70339],[139.706,35.70325],[139.70581,35.70311],[139.70565,35.70293],[139.70546,35.70243],[139.70538,35.70113],[139.70523,35.70049],[139.70506,35.70026],[139.70478,35.70003],[139.70457,35.69961],[139.7044,35.69859],[139.70444,35.69781],[139.70466,35.69735],[139.70484,35.69721],[139.70502,35.69715],[139.70777,35.69685],[139.70833,35.69671],[139.70859,35.69656],[139.70882,35.6965],[139.70911,35.69648],[139.71025,35.69656],[139.71074,35.69648],[139.71126,35.69632]],[[139.70706,35.75059],[139.70784,35.75009],[139.70823,35.74976],[139.70836,35.74953],[139.7084,35.7492],[139.70852,35.74893],[139.70866,35.74878],[139.70909,35.74849],[139.70928,35.74813],[139.70967,35.74809],[139.71029,35.74821],[139.7106,35.74833],[139.7108,35.74854],[139.71094,35.7486],[139.71188,35.74856],[139.71196,35.74862],[139.712,35.74877],[139.71209,35.74889],[139.71272,35.74923],[139.71298,35.74947],[139.71307,35.74966],[139.71317,35.75025],[139.71351,35.75071],[139.71361,35.75117],[139.71369,35.75243],[139.71382,35.75272],[139.71401,35.75277],[139.7141,35.75285],[139.71416,35.75301],[139.71419,35.75338],[139.7141,35.75377],[139.714,35.75386],[139.71375,35.75392],[139.71355,35.75417],[139.71345,35.75449],[139.71347,35.7548],[139.7136,35.75507],[139.71382,35.75529],[139.71408,35.75542],[139.71446,35.75547],[139.71466,35.75563],[139.71474,35.75609],[139.71465,35.75654],[139.71449,35.75678],[139.71416,35.75696],[139.7137,35.75703],[139.71327,35.75699],[139.7128,35.75682],[139.71213,35.75642],[139.71165,35.75621],[139.71135,35.75614],[139.71082,35.75609],[139.71061,35.75602],[139.7102,35.75567],[139.71002,35.75557],[139.70968,35.75553],[139.70925,35.75558],[139.70887,35.75553],[139.7084,35.7554],[139.70723,35.75491],[139.70642,35.75465],[139.70594,35.75456],[139.70533,35.75453],[139.7049,35.75447],[139.70472,35.75439],[139.70461,35.75423],[139.70462,35.7541],[139.70475,35.75399],[139.70488,35.75393],[139.70501,35.75378],[139.70507,35.75341],[139.70515,35.75325],[139.70544,35.75318],[139.70557,35.75308],[139.70564,35.75271],[139.70579,35.7523],[139.70639,35.75129],[139.70671,35.75091],[139.70706,35.75059]],[[139.71273,35.68657],[139.71278,35.68668],[139.71328,35.68674],[139.71348,35.68683],[139.71361,35.68698],[139.71367,35.68715],[139.71378,35.68884],[139.71407,35.69004],[139.71406,35.69019],[139.71393,35.69044],[139.7138,35.69053],[139.71343,35.69065],[139.71298,35.69069],[139.71262,35.69066],[139.71229,35.69048],[139.71214,35.69017],[139.71192,35.68996],[139.71171,35.68989],[139.71096,35.68981],[139.71035,35.68965],[139.70965,35.68939],[139.70923,35.68913],[139.70887,35.68881],[139.70855,35.68841],[139.70804,35.68746],[139.70788,35.6868],[139.70775,35.68665],[139.70751,35.6865],[139.70743,35.68637],[139.70738,35.6861],[139.70743,35.6858],[139.70755,35.68567],[139.70787,35.68559],[139.70837,35.68563],[139.70891,35.68589],[139.70924,35.68595],[139.71003,35.68596],[139.71138,35.68589],[139.712,35.68594],[139.7122,35.68602],[139.71241,35.68623],[139.71279,35.68631],[139.71281,35.68642],[139.71273,35.68657]],[[139.70974,35.65982],[139.70972,35.65969],[139.70979,35.6594],[139.70994,35.65918],[139.71009,35.65915],[139.7105,35.6593],[139.71105,35.65934],[139.71312,35.65908],[139.71395,35.65915],[139.71413,35.65908],[139.71425,35.65893],[139.71443,35.65882],[139.71503,35.65872],[139.71514,35.65856],[139.71518,35.65827],[139.71538,35.65857],[139.71565,35.65874],[139.71607,35.65891],[139.71729,35.65927],[139.71776,35.65952],[139.71793,35.65968],[139.71815,35.66004],[139.71824,35.66084],[139.71836,35.66109],[139.71855,35.66124],[139.71902,35.66131],[139.71918,35.66148],[139.71914,35.66177],[139.71896,35.66205],[139.71877,35.66218],[139.71827,35.66235],[139.71808,35.66254],[139.71796,35.66285],[139.7179,35.66376],[139.71778,35.66426],[139.71764,35.66446],[139.71726,35.66463],[139.71711,35.66476],[139.71674,35.66549],[139.71643,35.6657],[139.7163,35.66585],[139.71618,35.6663],[139.71593,35.66646],[139.71515,35.66666],[139.71474,35.66687],[139.71399,35.66752],[139.71334,35.6678],[139.71325,35.66789],[139.71313,35.66819],[139.71248,35.6685],[139.71209,35.66897],[139.71193,35.66891],[139.71172,35.66869],[139.71152,35.66857],[139.71105,35.66859],[139.71064,35.66842],[139.70989,35.66792],[139.70942,35.66746],[139.70924,35.66685],[139.70861,35.6658],[139.70844,35.66541],[139.70835,35.66482],[139.70842,35.66425],[139.70841,35.66384],[139.70834,35.66368],[139.7081,35.66352],[139.708,35.66331],[139.70797,35.663],[139.70802,35.66279],[139.70814,35.66262],[139.70845,35.66241],[139.70871,35.66229],[139.70897,35.66209],[139.70921,35.66148],[139.70953,35.66112],[139.71012,35.6606],[139.71033,35.6603],[139.71034,35.66016],[139.71022,35.66001],[139.71007,35.65992],[139.70982,35.65989],[139.70974,35.65982]],[[139.71304,35.73734],[139.71312,35.73712],[139.71321,35.73704],[139.71347,35.73698],[139.71385,35.73696],[139.71406,35.73689],[139.71428,35.73668],[139.71442,35.73637],[139.71468,35.73619],[139.71494,35.73616],[139.71559,35.73621],[139.71587,35.73617],[139.71612,35.73607],[139.71665,35.73573],[139.71686,35.73566],[139.71717,35.73562],[139.71758,35.7357],[139.71811,35.73593],[139.71838,35.73599],[139.71889,35.736],[139.71949,35.73594],[139.71999,35.73598],[139.72038,35.73615],[139.72064,35.73648],[139.72072,35.73682],[139.72072,35.73752],[139.72064,35.73805],[139.72042,35.73864],[139.72021,35.7389],[139.71956,35.73926],[139.71938,35.73965],[139.71884,35.74006],[139.71873,35.74027],[139.71878,35.74051],[139.71876,35.7407],[139.7185,35.74104],[139.71797,35.74144],[139.71735,35.74174],[139.71673,35.74184],[139.71613,35.74177],[139.7156,35.74161],[139.7153,35.74133],[139.71507,35.74126],[139.71482,35.7413],[139.71456,35.74155],[139.71447,35.74157],[139.71436,35.74153],[139.7141,35.74125],[139.71385,35.74109],[139.71318,35.74099],[139.71269,35.74073],[139.71221,35.74062],[139.71146,35.74058],[139.71055,35.7406],[139.70972,35.74068],[139.70875,35.74086],[139.70826,35.74084],[139.70815,35.74079],[139.708,35.74063],[139.70799,35.74031],[139.70813,35.74014],[139.70857,35.73993],[139.70897,35.73981],[139.70944,35.73957],[139.70966,35.73938],[139.70991,35.73906],[139.71027,35.73879],[139.71157,35.7383],[139.7117,35.73818],[139.71174,35.73801],[139.71185,35.7379],[139.71289,35.73745],[139.71304,35.73734]],[[139.71855,35.69658],[139.71885,35.69672],[139.71988,35.69704],[139.72012,35.69723],[139.72023,35.69746],[139.72016,35.69802],[139.72018,35.69833],[139.72043,35.69915],[139.72048,35.69966],[139.7202,35.70083],[139.72026,35.70098],[139.72042,35.70109],[139.72043,35.70118],[139.72013,35.70145],[139.71969,35.70168],[139.71918,35.70185],[139.71839,35.70199],[139.71797,35.70217],[139.71779,35.70234],[139.71752,35.70287],[139.7174,35.70294],[139.71708,35.70301],[139.71677,35.70347],[139.71648,35.70362],[139.71619,35.7036],[139.71607,35.7035],[139.71602,35.70331],[139.71609,35.70271],[139.71604,35.70236],[139.71592,35.70222],[139.71554,35.70204],[139.71528,35.70174],[139.71506,35.70129],[139.71488,35.70055],[139.7147,35.69902],[139.71464,35.69736],[139.71473,35.69655],[139.71496,35.69587],[139.71491,35.69561],[139.71473,35.69539],[139.71477,35.69533],[139.71503,35.69529],[139.7153,35.6953],[139.71564,35.69539],[139.71582,35.69551],[139.7162,35.69588],[139.71667,35.69609],[139.71701,35.69613],[139.71778,35.69605],[139.71808,35.69609],[139.71821,35.69619],[139.71835,35.69643],[139.71855,35.69658]],[[139.71785,35.7566],[139.71881,35.75658],[139.71949,35.75651],[139.71976,35.75644],[139.71997,35.75624],[139.72013,35.75618],[139.72085,35.75608],[139.72111,35.75587],[139.72137,35.75527],[139.72168,35.75506],[139.72198,35.75501],[139.72246,35.75503],[139.72282,35.75512],[139.72312,35.75529],[139.72322,35.75528],[139.7233,35.75508],[139.72332,35.7547],[139.72348,35.7544],[139.72367,35.75428],[139.72418,35.75411],[139.7244,35.75395],[139.72458,35.75374],[139.72486,35.75325],[139.72514,35.753],[139.72528,35.75298],[139.72546,35.75307],[139.72581,35.75374],[139.72597,35.75387],[139.72617,35.75391],[139.72634,35.75413],[139.7265,35.75477],[139.72651,35.75494],[139.72643,35.75517],[139.72634,35.75525],[139.72608,35.75529],[139.72551,35.75518],[139.72535,35.75517],[139.72512,35.75523],[139.72499,35.75539],[139.72488,35.75607],[139.72478,35.75619],[139.7245,35.75637],[139.72441,35.75662],[139.72446,35.7567],[139.72458,35.75674],[139.72515,35.75667],[139.72541,35.75672],[139.7255,35.75681],[139.72553,35.75705],[139.72562,35.75718],[139.72588,35.75733],[139.72626,35.75743],[139.72645,35.75756],[139.72657,35.75775],[139.72662,35.75798],[139.72653,35.7584],[139.72617,35.75878],[139.72514,35.75934],[139.72477,35.75963],[139.72455,35.7602],[139.72401,35.76064],[139.72396,35.76086],[139.72403,35.7611],[139.72402,35.76129],[139.72358,35.76166],[139.72326,35.76233],[139.72303,35.76251],[139.72254,35.7627],[139.72206,35.76313],[139.72177,35.76326],[139.72082,35.76344],[139.71987,35.76349],[139.71883,35.7634],[139.71737,35.76312],[139.71658,35.76306],[139.71625,35.76312],[139.71573,35.76353],[139.71559,35.76357],[139.71542,35.76353],[139.71537,35.76341],[139.71545,35.7631],[139.71543,35.76293],[139.71535,35.76276],[139.715,35.76237],[139.71485,35.76164],[139.71491,35.75877],[139.71482,35.75815],[139.71462,35.75797],[139.71482,35.75793],[139.71502,35.75792],[139.71525,35.75783],[139.71549,35.75748],[139.71562,35.75738],[139.71592,35.75734],[139.71642,35.75739],[139.71661,35.75732],[139.71674,35.75718],[139.7169,35.75688],[139.71716,35.75672],[139.71785,35.7566]],[[139.71636,35.65093],[139.71664,35.65057],[139.71677,35.65028],[139.71683,35.64954],[139.71691,35.64922],[139.71701,35.64911],[139.71737,35.64903],[139.71774,35.6488],[139.71813,35.64841],[139.71823,35.64811],[139.71831,35.648],[139.71905,35.64756],[139.71926,35.64722],[139.71933,35.64661],[139.71944,35.64629],[139.71959,35.64619],[139.71999,35.64613],[139.7202,35.64606],[139.72061,35.64579],[139.7209,35.64538],[139.72105,35.64463],[139.72113,35.64454],[139.72136,35.64442],[139.7217,35.64437],[139.7221,35.64437],[139.72287,35.64447],[139.7231,35.6446],[139.7232,35.64489],[139.72331,35.64497],[139.72363,35.64504],[139.72426,35.64508],[139.72452,35.64515],[139.72472,35.64527],[139.72495,35.6455],[139.72523,35.64569],[139.726,35.64593],[139.72636,35.64609],[139.72668,35.64633],[139.72692,35.64662],[139.72701,35.64686],[139.72707,35.64739],[139.72722,35.64766],[139.72768,35.64803],[139.72879,35.64864],[139.72894,35.64879],[139.72905,35.64908],[139.72953,35.64942],[139.72965,35.64957],[139.7297,35.64984],[139.72956,35.65025],[139.72941,35.65041],[139.72915,35.65048],[139.72902,35.6507],[139.72896,35.65152],[139.72884,35.65192],[139.7287,35.65208],[139.72822,35.65231],[139.72805,35.65267],[139.72783,35.65271],[139.72774,35.65277],[139.72774,35.65303],[139.72797,35.65379],[139.72796,35.65407],[139.72786,35.65434],[139.72767,35.65457],[139.72731,35.65486],[139.72702,35.65502],[139.72638,35.65529],[139.72612,35.65549],[139.72586,35.65592],[139.72569,35.65662],[139.72553,35.65691],[139.72515,35.65706],[139.72508,35.65729],[139.72497,35.6574],[139.72454,35.65745],[139.72435,35.65751],[139.72424,35.65774],[139.72409,35.65784],[139.72342,35.65799],[139.72256,35.65803],[139.72223,35.658],[139.72177,35.65782],[139.72146,35.65777],[139.72063,35.65803],[139.72003,35.65796],[139.71989,35.65798],[139.71957,35.65823],[139.71926,35.65831],[139.7188,35.65833],[139.71838,35.65825],[139.71812,35.65804],[139.718,35.65773],[139.71781,35.65752],[139.71765,35.65745],[139.71736,35.65742],[139.71712,35.65729],[139.71675,35.65659],[139.71588,35.65566],[139.71573,35.65527],[139.71573,35.65487],[139.71584,35.65457],[139.71608,35.6544],[139.71628,35.65432],[139.71644,35.65412],[139.71657,35.65381],[139.71666,35.65339],[139.71672,35.65291],[139.71671,35.6524],[139.71664,35.65221],[139.71645,35.65208],[139.71636,35.65195],[139.71627,35.65139],[139.71636,35.65093]],[[139.72304,35.74869],[139.72316,35.74891],[139.72337,35.7499],[139.72349,35.75009],[139.72381,35.75033],[139.72392,35.75061],[139.72412,35.75066],[139.7246,35.75061],[139.72477,35.75071],[139.72486,35.7511],[139.72481,35.75152],[139.72474,35.75172],[139.72448,35.75203],[139.72406,35.75222],[139.72348,35.75231],[139.72282,35.75233],[139.72254,35.75237],[139.72206,35.75252],[139.7217,35.75275],[139.7212,35.75337],[139.72068,35.75375],[139.72001,35.75404],[139.71979,35.75408],[139.71941,35.75408],[139.71926,35.75402],[139.71901,35.7538],[139.71876,35.75326],[139.71832,35.75276],[139.71789,35.75248],[139.71692,35.75201],[139.7165,35.75163],[139.7164,35.75136],[139.71636,35.75096],[139.71627,35.75076],[139.71613,35.75059],[139.71577,35.75032],[139.71559,35.74991],[139.71559,35.74951],[139.71568,35.7493],[139.71583,35.74914],[139.71606,35.74905],[139.71659,35.74887],[139.71733,35.74831],[139.71758,35.74823],[139.7183,35.7481],[139.71931,35.74803],[139.72062,35.74802],[139.72123,35.74805],[139.7222,35.74821],[139.72256,35.74834],[139.72284,35.7485],[139.72304,35.74869]],[[139.72284,35.68523],[139.72308,35.68552],[139.72321,35.6866],[139.72331,35.68678],[139.72356,35.68696],[139.72372,35.68721],[139.72385,35.68772],[139.7238,35.68805],[139.72359,35.68828],[139.72326,35.68843],[139.7229,35.68851],[139.72235,35.68855],[139.72203,35.68862],[139.72041,35.68931],[139.71966,35.68949],[139.71847,35.68966],[139.71819,35.68975],[139.71794,35.68996],[139.71764,35.69006],[139.71694,35.69011],[139.71676,35.69004],[139.7166,35.68992],[139.71647,35.68972],[139.71637,35.68947],[139.71624,35.68877],[139.71624,35.68695],[139.71631,35.68625],[139.71646,35.68556],[139.71662,35.68529],[139.71698,35.68496],[139.7175,35.68473],[139.71812,35.68461],[139.71874,35.68465],[139.71959,35.68493],[139.72011,35.68502],[139.72072,35.68507],[139.72213,35.68503],[139.72265,35.68513],[139.72284,35.68523]],[[139.72095,35.70333],[139.72125,35.70325],[139.72216,35.70319],[139.72387,35.7032],[139.72444,35.70325],[139.72479,35.70333],[139.7251,35.70359],[139.72553,35.7037],[139.72579,35.70409],[139.72601,35.70428],[139.72648,35.70444],[139.72675,35.70458],[139.72699,35.70483],[139.72733,35.70542],[139.72757,35.7061],[139.72763,35.70652],[139.72755,35.70666],[139.72742,35.70673],[139.72729,35.70688],[139.72715,35.70744],[139.72672,35.70776],[139.72619,35.70856],[139.72593,35.70875],[139.7256,35.70887],[139.7252,35.70894],[139.72468,35.70896],[139.72432,35.70889],[139.72393,35.70868],[139.7232,35.70872],[139.72302,35.70859],[139.72287,35.70836],[139.72263,35.70822],[139.72201,35.70807],[139.72114,35.70798],[139.72052,35.70786],[139.72028,35.70777],[139.72018,35.70766],[139.71998,35.70757],[139.71936,35.70748],[139.71769,35.70742],[139.71697,35.70725],[139.71679,35.70716],[139.71655,35.70695],[139.71632,35.70663],[139.7162,35.70635],[139.71621,35.7061],[139.71629,35.70596],[139.71667,35.70578],[139.71694,35.70571],[139.71724,35.70546],[139.71737,35.70521],[139.71764,35.70436],[139.71782,35.70411],[139.71809,35.70396],[139.71856,35.70387],[139.71984,35.70383],[139.72042,35.70376],[139.72076,35.70362],[139.72095,35.70333]],[[139.72126,35.63778],[139.72141,35.63746],[139.72152,35.63673],[139.72156,35.63578],[139.72171,35.63508],[139.7219,35.6348],[139.72239,35.63451],[139.72254,35.63435],[139.72263,35.63416],[139.72267,35.63375],[139.72277,35.63354],[139.72289,35.63345],[139.72321,35.63336],[139.72382,35.63333],[139.7242,35.6334],[139.72428,35.63347],[139.72431,35.63363],[139.72439,35.63373],[139.7248,35.63385],[139.72487,35.63408],[139.72498,35.63422],[139.72555,35.63448],[139.72564,35.6346],[139.72569,35.6349],[139.72576,35.635],[139.72587,35.63505],[139.72625,35.63499],[139.72648,35.63503],[139.72673,35.63513],[139.72727,35.63551],[139.72768,35.63572],[139.72857,35.63587],[139.72879,35.63603],[139.729,35.63642],[139.7293,35.63674],[139.72962,35.63689],[139.73034,35.63701],[139.73049,35.63713],[139.73058,35.63736],[139.73064,35.63828],[139.73062,35.6386],[139.73051,35.63889],[139.7301,35.63907],[139.72978,35.63958],[139.72917,35.64005],[139.72896,35.64039],[139.72876,35.64101],[139.72854,35.64127],[139.72799,35.64157],[139.72704,35.64181],[139.72673,35.64198],[139.72674,35.64209],[139.72691,35.64227],[139.72696,35.64248],[139.72686,35.64279],[139.72666,35.64293],[139.72653,35.64292],[139.72635,35.64282],[139.72625,35.6427],[139.72618,35.64245],[139.72595,35.64235],[139.7255,35.64238],[139.72516,35.64264],[139.72485,35.64272],[139.72403,35.64278],[139.72287,35.64278],[139.72219,35.6427],[139.72164,35.64258],[139.72047,35.64201],[139.72027,35.64197],[139.71988,35.64203],[139.71961,35.64196],[139.71931,35.64179],[139.71915,35.64164],[139.71897,35.64137],[139.71884,35.64105],[139.71862,35.64077],[139.71793,35.64038],[139.71772,35.64017],[139.71767,35.64001],[139.71771,35.63979],[139.7178,35.63969],[139.71803,35.63963],[139.7185,35.6397],[139.71887,35.63992],[139.71899,35.63995],[139.71909,35.6399],[139.71925,35.63963],[139.71943,35.63947],[139.72016,35.63934],[139.72052,35.63909],[139.72068,35.63882],[139.72078,35.63832],[139.72126,35.63778]],[[139.72072,35.67762],[139.72103,35.67779],[139.72115,35.67797],[139.72126,35.67847],[139.72154,35.67865],[139.72176,35.6787],[139.72238,35.67875],[139.72396,35.67869],[139.72469,35.67874],[139.72491,35.67882],[139.725,35.67893],[139.72521,35.67906],[139.72569,35.6792],[139.72591,35.67932],[139.72607,35.67952],[139.72615,35.67981],[139.72617,35.68019],[139.72609,35.68067],[139.7259,35.681],[139.72561,35.6812],[139.72547,35.68136],[139.72538,35.68157],[139.72532,35.68208],[139.72524,35.68228],[139.72498,35.68243],[139.7246,35.68246],[139.72434,35.68256],[139.72425,35.68267],[139.72421,35.68299],[139.7241,35.6832],[139.72392,35.68338],[139.72372,35.68344],[139.72325,35.6834],[139.72234,35.68312],[139.72179,35.683],[139.72119,35.68293],[139.71957,35.68284],[139.71879,35.68263],[139.71838,35.6824],[139.71806,35.68213],[139.71782,35.68188],[139.71763,35.68156],[139.71761,35.68139],[139.71766,35.68123],[139.71778,35.68109],[139.71809,35.6809],[139.71835,35.68078],[139.71861,35.68058],[139.7187,35.68043],[139.71877,35.68005],[139.71884,35.67995],[139.7191,35.67978],[139.71926,35.67957],[139.71996,35.67803],[139.72019,35.67774],[139.72045,35.6776],[139.72072,35.67762]],[[139.72391,35.76413],[139.72402,35.76404],[139.72431,35.76398],[139.7245,35.7636],[139.7254,35.7631],[139.72559,35.7627],[139.72618,35.76224],[139.72649,35.76182],[139.72701,35.76083],[139.72733,35.76045],[139.72792,35.76015],[139.7284,35.75959],[139.72862,35.75942],[139.72909,35.75924],[139.72967,35.75914],[139.73006,35.75902],[139.73019,35.75893],[139.73027,35.75873],[139.73039,35.75866],[139.7307,35.75862],[139.73109,35.75864],[139.7313,35.75869],[139.73156,35.75882],[139.73182,35.7591],[139.73186,35.75938],[139.73168,35.75961],[139.73132,35.75985],[139.7312,35.76014],[139.73123,35.76041],[139.73146,35.7611],[139.73157,35.76174],[139.73158,35.76291],[139.73147,35.76365],[139.73125,35.76395],[139.73107,35.76405],[139.73055,35.7642],[139.73014,35.76437],[139.72958,35.76476],[139.72938,35.76501],[139.72928,35.76543],[139.72951,35.76642],[139.72949,35.76676],[139.72941,35.7671],[139.72926,35.76743],[139.72897,35.76787],[139.72809,35.76878],[139.72801,35.76897],[139.72794,35.76937],[139.72775,35.76963],[139.7276,35.76973],[139.72736,35.76977],[139.72686,35.76959],[139.72655,35.76955],[139.72599,35.76973],[139.72525,35.76977],[139.72408,35.76969],[139.72279,35.76948],[139.72218,35.7693],[139.72196,35.76919],[139.72166,35.76894],[139.72152,35.76848],[139.72157,35.76836],[139.72172,35.7683],[139.72191,35.76828],[139.72206,35.76806],[139.72202,35.76673],[139.72209,35.76646],[139.7223,35.76611],[139.72258,35.7658],[139.72321,35.76535],[139.72342,35.76515],[139.72364,35.76479],[139.72376,35.76439],[139.72391,35.76413]],[[139.72644,35.72885],[139.72649,35.72902],[139.72635,35.72925],[139.72616,35.72941],[139.72557,35.72969],[139.72498,35.72985],[139.72447,35.72992],[139.72372,35.72985],[139.72354,35.72992],[139.72338,35.73011],[139.72316,35.73014],[139.72297,35.73006],[139.7228,35.72988],[139.72267,35.7296],[139.72263,35.72936],[139.7228,35.7289],[139.72324,35.72831],[139.72365,35.72789],[139.72404,35.7276],[139.72442,35.72743],[139.7246,35.7274],[139.72495,35.72742],[139.72524,35.72752],[139.72547,35.72768],[139.72562,35.72789],[139.72587,35.72849],[139.7261,35.7287],[139.72644,35.72885]],[[139.72903,35.68139],[139.72918,35.68125],[139.72921,35.68105],[139.72913,35.68067],[139.7287,35.67975],[139.72871,35.67963],[139.72889,35.67946],[139.72907,35.67942],[139.72959,35.6794],[139.73025,35.67947],[139.73076,35.67958],[139.73128,35.67982],[139.7316,35.68022],[139.73177,35.68034],[139.73196,35.68042],[139.73216,35.68043],[139.73236,35.68037],[139.73253,35.68022],[139.73307,35.67925],[139.73325,35.67904],[139.73354,35.67883],[139.73387,35.67874],[139.73464,35.6787],[139.73577,35.67876],[139.73637,35.67884],[139.73622,35.6789],[139.7348,35.67903],[139.73443,35.67911],[139.73384,35.67934],[139.73341,35.67967],[139.73279,35.68075],[139.73239,35.68111],[139.73235,35.68147],[139.7325,35.68199],[139.7327,35.68229],[139.73313,35.68261],[139.73319,35.68275],[139.73315,35.6829],[139.73286,35.68342],[139.73271,35.68394],[139.7326,35.68476],[139.73261,35.68528],[139.7328,35.68554],[139.73316,35.68563],[139.73323,35.68572],[139.73318,35.6867],[139.73325,35.68687],[139.73348,35.68711],[139.73353,35.68728],[139.73346,35.68744],[139.73331,35.68757],[139.73262,35.68768],[139.73249,35.68775],[139.73218,35.68804],[139.7314,35.68832],[139.73125,35.68857],[139.7313,35.68907],[139.73121,35.6893],[139.73104,35.68935],[139.73065,35.6893],[139.73028,35.68934],[139.73005,35.68944],[139.72946,35.68983],[139.7293,35.68988],[139.7291,35.68988],[139.72897,35.68982],[139.7289,35.68959],[139.72879,35.68951],[139.72847,35.68945],[139.72799,35.68943],[139.72773,35.68936],[139.72747,35.68914],[139.72734,35.68883],[139.7272,35.68868],[139.72702,35.68858],[139.72664,35.68854],[139.72643,35.68845],[139.72628,35.68811],[139.72633,35.6873],[139.7262,35.68662],[139.72598,35.68617],[139.72553,35.6855],[139.72538,35.68511],[139.72538,35.68475],[139.72554,35.68444],[139.72581,35.68414],[139.72611,35.68359],[139.72624,35.68316],[139.72641,35.68225],[139.72651,35.68197],[139.72662,35.68181],[139.72694,35.68173],[139.72721,35.68148],[139.72741,35.68142],[139.72875,35.68146],[139.72903,35.68139]],[[139.73097,35.70784],[139.73125,35.70777],[139.73192,35.7077],[139.73331,35.70765],[139.73374,35.70759],[139.7346,35.70736],[139.73495,35.7074],[139.73562,35.70768],[139.7359,35.70769],[139.73607,35.70763],[139.73628,35.7074],[139.73642,35.70732],[139.73684,35.70725],[139.7371,35.70726],[139.73736,35.70732],[139.73745,35.7074],[139.73751,35.70762],[139.73764,35.70773],[139.73795,35.7079],[139.73835,35.70803],[139.73871,35.70803],[139.73927,35.70781],[139.73968,35.70772],[139.74017,35.7077],[139.74049,35.7078],[139.74091,35.70818],[139.74161,35.70954],[139.74177,35.7097],[139.74197,35.70975],[139.74202,35.70982],[139.74185,35.71024],[139.74159,35.71049],[139.74137,35.71059],[139.74085,35.71065],[139.74062,35.71072],[139.74042,35.71084],[139.74011,35.71123],[139.73993,35.71135],[139.73959,35.71137],[139.73893,35.71119],[139.73858,35.71124],[139.7382,35.71145],[139.73805,35.71162],[139.73798,35.71184],[139.73766,35.71201],[139.73704,35.71218],[139.73629,35.71232],[139.73577,35.71236],[139.73549,35.7123],[139.73529,35.71232],[139.73482,35.71253],[139.73416,35.71297],[139.73366,35.71323],[139.73315,35.71339],[139.73262,35.71346],[139.73207,35.71343],[139.73139,35.71328],[139.73107,35.71313],[139.73068,35.71272],[139.73032,35.71253],[139.72947,35.71229],[139.72833,35.7121],[139.72778,35.7119],[139.72759,35.71177],[139.72738,35.71146],[139.72738,35.71076],[139.72727,35.71051],[139.72705,35.71035],[139.7265,35.71021],[139.72686,35.71017],[139.72725,35.71016],[139.72763,35.71003],[139.72776,35.70988],[139.72787,35.70942],[139.72818,35.709],[139.72892,35.70837],[139.72947,35.70808],[139.72979,35.70801],[139.73032,35.70807],[139.73054,35.70805],[139.73097,35.70784]],[[139.73219,35.6416],[139.73228,35.64123],[139.7323,35.64076],[139.73222,35.64016],[139.73203,35.63983],[139.73166,35.63966],[139.73155,35.63956],[139.73142,35.63903],[139.73115,35.63866],[139.73129,35.63856],[139.73193,35.63845],[139.73263,35.63839],[139.73331,35.63841],[139.73361,35.63845],[139.73414,35.63862],[139.73456,35.63888],[139.73529,35.63952],[139.73549,35.63962],[139.73571,35.63966],[139.73583,35.63975],[139.7362,35.64062],[139.73643,35.64083],[139.7368,35.641],[139.73691,35.64115],[139.737,35.64176],[139.73712,35.64205],[139.73726,35.64218],[139.73756,35.64229],[139.73787,35.64247],[139.73862,35.64313],[139.73886,35.64326],[139.7394,35.64344],[139.73968,35.64363],[139.73995,35.64394],[139.74037,35.64462],[139.74057,35.64504],[139.74067,35.64547],[139.74061,35.64561],[139.74048,35.64567],[139.74035,35.64585],[139.74028,35.64635],[139.74017,35.64666],[139.73993,35.64693],[139.7396,35.64714],[139.73918,35.64723],[139.73841,35.64716],[139.73822,35.64718],[139.73811,35.64724],[139.738,35.64753],[139.73771,35.64768],[139.7375,35.6477],[139.73714,35.64762],[139.73691,35.64763],[139.73543,35.6481],[139.73501,35.64818],[139.73421,35.64821],[139.73378,35.64828],[139.7336,35.64835],[139.7334,35.64854],[139.73325,35.64858],[139.73255,35.64851],[139.73239,35.64852],[139.7323,35.64858],[139.73226,35.64879],[139.73216,35.64891],[139.73198,35.64901],[139.73179,35.64901],[139.73153,35.64894],[139.73101,35.64871],[139.73062,35.64848],[139.73034,35.64824],[139.73011,35.64785],[139.73005,35.64733],[139.72995,35.64708],[139.72958,35.6468],[139.72948,35.64647],[139.72935,35.64641],[139.72915,35.64638],[139.72894,35.64622],[139.72859,35.64564],[139.72841,35.64545],[139.72807,35.64529],[139.72758,35.64524],[139.72737,35.64511],[139.72719,35.64452],[139.72674,35.64392],[139.72675,35.64381],[139.72698,35.64379],[139.72743,35.64385],[139.72822,35.64377],[139.72913,35.64356],[139.73002,35.64327],[139.73028,35.64315],[139.73062,35.64292],[139.73121,35.64224],[139.73142,35.64211],[139.73193,35.64194],[139.73204,35.64185],[139.73219,35.6416]],[[139.72892,35.6293],[139.72912,35.62912],[139.72935,35.62899],[139.73001,35.62877],[139.73036,35.62853],[139.73086,35.62806],[139.73102,35.62797],[139.73124,35.62792],[139.73137,35.62801],[139.73148,35.62821],[139.7317,35.62915],[139.7319,35.62951],[139.73204,35.62966],[139.73239,35.62992],[139.73285,35.63011],[139.73322,35.63033],[139.73336,35.63047],[139.73353,35.6308],[139.73357,35.63119],[139.73352,35.6318],[139.73357,35.63207],[139.73369,35.63225],[139.73388,35.63233],[139.73403,35.63249],[139.73414,35.63295],[139.73412,35.63342],[139.73399,35.6342],[139.73369,35.63495],[139.73349,35.63519],[139.73322,35.63537],[139.73265,35.63549],[139.73217,35.63549],[139.73163,35.63542],[139.73092,35.6352],[139.73051,35.63499],[139.72998,35.6346],[139.72946,35.6343],[139.72911,35.63418],[139.72862,35.63407],[139.72829,35.63392],[139.72819,35.63379],[139.72814,35.63349],[139.72808,35.63339],[139.7277,35.63329],[139.72754,35.63319],[139.72708,35.63272],[139.72705,35.63262],[139.72708,35.63244],[139.72739,35.63223],[139.72795,35.63201],[139.7281,35.63189],[139.72817,35.63178],[139.72807,35.63151],[139.72739,35.63081],[139.72737,35.63072],[139.72744,35.63056],[139.72815,35.63023],[139.7284,35.63004],[139.72861,35.62981],[139.72892,35.6293]],[[139.73139,35.65176],[139.73165,35.65128],[139.73178,35.65113],[139.73214,35.6509],[139.73236,35.65081],[139.7329,35.65071],[139.73387,35.65068],[139.73455,35.65058],[139.73482,35.65046],[139.73498,35.65023],[139.73516,35.6501],[139.73577,35.64991],[139.73641,35.64985],[139.73708,35.64985],[139.73779,35.64991],[139.73801,35.64999],[139.73836,35.6503],[139.73861,35.6508],[139.73875,35.65149],[139.73897,35.65318],[139.73908,35.65356],[139.7393,35.65398],[139.7393,35.65436],[139.73909,35.65501],[139.73896,35.65561],[139.7389,35.65656],[139.73893,35.657],[139.73903,35.65746],[139.73933,35.65785],[139.73943,35.65814],[139.73945,35.65854],[139.73938,35.65885],[139.73918,35.65901],[139.73881,35.659],[139.7386,35.65887],[139.73843,35.65857],[139.73825,35.65838],[139.73799,35.65825],[139.73779,35.65822],[139.73763,35.65827],[139.7375,35.6584],[139.73727,35.65901],[139.73706,35.6593],[139.73678,35.6595],[139.73636,35.65966],[139.73605,35.6597],[139.73577,35.65968],[139.73556,35.6596],[139.73537,35.6594],[139.73517,35.65934],[139.73487,35.65932],[139.734,35.65938],[139.73347,35.65928],[139.73323,35.6591],[139.73293,35.65861],[139.73272,35.6584],[139.73234,35.6583],[139.73207,35.65805],[139.73194,35.65799],[139.73164,35.65798],[139.73125,35.65804],[139.73096,35.65799],[139.73082,35.65789],[139.73056,35.65751],[139.73015,35.65738],[139.73008,35.65722],[139.73009,35.65691],[139.7302,35.65675],[139.73043,35.65658],[139.72964,35.6565],[139.72935,35.65639],[139.72915,35.65623],[139.72899,35.65595],[139.72897,35.65563],[139.72905,35.65544],[139.72933,35.65525],[139.72938,35.65514],[139.72933,35.6549],[139.7291,35.65443],[139.72912,35.65433],[139.72921,35.65429],[139.7296,35.65418],[139.73008,35.65382],[139.73027,35.65357],[139.73037,35.65316],[139.73045,35.65304],[139.73071,35.65295],[139.73109,35.65292],[139.73131,35.6528],[139.73135,35.65264],[139.73128,35.65218],[139.73139,35.65176]],[[139.738,35.70498],[139.73834,35.70558],[139.73834,35.70583],[139.73821,35.7059],[139.73784,35.70586],[139.7375,35.70559],[139.7372,35.70552],[139.73601,35.70545],[139.73459,35.70549],[139.73411,35.70555],[139.73336,35.70577],[139.73258,35.70577],[139.73108,35.70557],[139.73047,35.70541],[139.73003,35.7052],[139.72976,35.70495],[139.72954,35.70436],[139.72946,35.70355],[139.72955,35.70341],[139.72974,35.70328],[139.73041,35.70309],[139.73088,35.70303],[139.73212,35.70296],[139.73355,35.70298],[139.73509,35.70307],[139.73571,35.70319],[139.7359,35.70326],[139.73637,35.70358],[139.73679,35.70366],[139.73689,35.70375],[139.73693,35.70395],[139.73704,35.70412],[139.73759,35.7045],[139.738,35.70498]],[[139.73559,35.66851],[139.7358,35.6686],[139.73611,35.66886],[139.73643,35.66925],[139.73686,35.66951],[139.73721,35.6696],[139.73796,35.66964],[139.73832,35.66972],[139.73846,35.66982],[139.7386,35.67015],[139.73861,35.67032],[139.73856,35.67045],[139.73843,35.67051],[139.73823,35.67053],[139.73802,35.67066],[139.73775,35.67103],[139.73753,35.67148],[139.73753,35.67177],[139.73763,35.67185],[139.73788,35.67188],[139.73805,35.67198],[139.73821,35.67225],[139.73826,35.67253],[139.73821,35.67294],[139.73805,35.67333],[139.73781,35.67355],[139.73753,35.67362],[139.73626,35.67367],[139.7358,35.67365],[139.73533,35.67357],[139.73496,35.67329],[139.73427,35.67321],[139.73406,35.67314],[139.73384,35.67292],[139.73364,35.67253],[139.73345,35.6724],[139.73319,35.67233],[139.73242,35.67236],[139.73181,35.6726],[139.7316,35.67243],[139.73134,35.67185],[139.73129,35.67147],[139.7314,35.67122],[139.73162,35.67097],[139.73171,35.67058],[139.73184,35.67034],[139.73236,35.66979],[139.73326,35.66902],[139.73385,35.66859],[139.7343,35.66832],[139.73461,35.66822],[139.73471,35.66824],[139.7351,35.66845],[139.73559,35.66851]],[[139.73643,35.74194],[139.7364,35.74217],[139.73621,35.74263],[139.73605,35.74285],[139.73587,35.74296],[139.73547,35.74294],[139.7352,35.74305],[139.73462,35.74387],[139.73448,35.74396],[139.73427,35.744],[139.73414,35.7441],[139.7337,35.74489],[139.73345,35.74516],[139.73292,35.74546],[139.73225,35.7456],[139.73207,35.74558],[139.73179,35.74542],[139.73164,35.74511],[139.73161,35.74464],[139.73164,35.74441],[139.7318,35.74402],[139.73207,35.74374],[139.73246,35.74355],[139.73292,35.74344],[139.73341,35.74324],[139.73361,35.74309],[139.73375,35.74285],[139.73393,35.74269],[139.7344,35.74261],[139.73475,35.74249],[139.73579,35.74181],[139.73613,35.74173],[139.73637,35.74179],[139.73643,35.74194]],[[139.73827,35.69834],[139.73849,35.69847],[139.73858,35.69872],[139.73849,35.69891],[139.73821,35.69909],[139.73811,35.69923],[139.73803,35.69958],[139.73803,35.70005],[139.73815,35.70048],[139.73845,35.70068],[139.73855,35.70081],[139.73858,35.70097],[139.73854,35.70109],[139.73838,35.7013],[139.73811,35.70155],[139.73788,35.70168],[139.73746,35.70181],[139.73697,35.70184],[139.73658,35.7018],[139.73643,35.70174],[139.73635,35.70154],[139.73624,35.70147],[139.7358,35.70153],[139.73557,35.70152],[139.73525,35.70125],[139.73503,35.70114],[139.73414,35.70085],[139.73367,35.70065],[139.73297,35.7001],[139.73249,35.70002],[139.73226,35.69993],[139.7321,35.69974],[139.73205,35.69945],[139.7321,35.69921],[139.73231,35.69877],[139.73254,35.69846],[139.7327,35.69836],[139.73309,35.69824],[139.73358,35.69825],[139.7355,35.69869],[139.73573,35.69864],[139.73585,35.69838],[139.73616,35.69828],[139.73731,35.69824],[139.73791,35.69827],[139.73827,35.69834]],[[139.73588,35.7143],[139.73631,35.71417],[139.73674,35.71378],[139.73695,35.71366],[139.73735,35.71357],[139.73807,35.71352],[139.73826,35.71341],[139.73831,35.71322],[139.73848,35.71341],[139.73866,35.71352],[139.73913,35.71355],[139.73931,35.71348],[139.73948,35.71335],[139.7398,35.71296],[139.74032,35.71274],[139.74115,35.71266],[139.74181,35.71268],[139.74233,35.71275],[139.74284,35.71296],[139.74329,35.71348],[139.74371,35.71364],[139.74384,35.71381],[139.74405,35.71425],[139.74422,35.715],[139.74417,35.71549],[139.74392,35.71627],[139.74372,35.7181],[139.74362,35.72058],[139.74364,35.72137],[139.74371,35.72181],[139.74377,35.7219],[139.74403,35.72197],[139.74409,35.72221],[139.74421,35.72235],[139.74464,35.72252],[139.74491,35.7227],[139.74545,35.72334],[139.74572,35.72347],[139.74623,35.72354],[139.74665,35.72378],[139.74704,35.72416],[139.74719,35.72456],[139.74787,35.72488],[139.74799,35.72524],[139.74837,35.72553],[139.74847,35.72587],[139.74852,35.72693],[139.74861,35.72748],[139.74883,35.72794],[139.74914,35.72818],[139.74923,35.72855],[139.7492,35.7292],[139.74911,35.72973],[139.74896,35.73012],[139.74873,35.73036],[139.74844,35.73047],[139.74775,35.73054],[139.74734,35.73082],[139.74688,35.73095],[139.74589,35.73106],[139.74529,35.73102],[139.74503,35.73092],[139.74478,35.73069],[139.74441,35.73053],[139.74334,35.73044],[139.74298,35.73036],[139.74263,35.73006],[139.74231,35.73],[139.74217,35.72993],[139.74155,35.7292],[139.74141,35.72913],[139.74117,35.72908],[139.74088,35.72894],[139.73963,35.7281],[139.73936,35.72785],[139.73891,35.72729],[139.73873,35.72698],[139.73849,35.7263],[139.73843,35.72593],[139.73836,35.72487],[139.73838,35.72438],[139.73846,35.72405],[139.73851,35.72395],[139.73875,35.72381],[139.73918,35.72371],[139.73984,35.72374],[139.74068,35.72404],[139.74093,35.724],[139.7413,35.72379],[139.74197,35.72382],[139.74215,35.72373],[139.74238,35.72344],[139.7425,35.72317],[139.74251,35.72291],[139.74241,35.72282],[139.74213,35.72279],[139.74194,35.72272],[139.74143,35.72221],[139.74104,35.72213],[139.74005,35.72221],[139.7383,35.72255],[139.73795,35.72257],[139.73737,35.72254],[139.73696,35.7224],[139.73668,35.72219],[139.73618,35.72195],[139.7352,35.72172],[139.73458,35.72141],[139.73416,35.72108],[139.73375,35.72065],[139.73344,35.72026],[139.73323,35.71979],[139.73327,35.71957],[139.73339,35.71939],[139.73349,35.71908],[139.7334,35.71832],[139.73342,35.71813],[139.73349,35.71801],[139.73373,35.71784],[139.73381,35.71768],[139.73386,35.71734],[139.73383,35.71707],[139.7337,35.71684],[139.73347,35.71666],[139.73276,35.7164],[139.73254,35.71627],[139.73247,35.71612],[139.73257,35.71596],[139.73304,35.71565],[139.73352,35.71552],[139.73387,35.71501],[139.73404,35.71492],[139.73433,35.71487],[139.73448,35.71459],[139.73474,35.71459],[139.73547,35.71477],[139.73567,35.71476],[139.73577,35.71468],[139.73588,35.7143]],[[139.73669,35.74682],[139.73677,35.74711],[139.73662,35.74733],[139.73619,35.74758],[139.73538,35.74782],[139.73522,35.74795],[139.73518,35.74811],[139.73507,35.74817],[139.73475,35.74818],[139.73427,35.7481],[139.73404,35.74803],[139.73384,35.74789],[139.73382,35.74778],[139.73387,35.74763],[139.73431,35.74699],[139.73444,35.74682],[139.7348,35.74654],[139.73552,35.74624],[139.73614,35.74613],[139.73677,35.74609],[139.73716,35.74611],[139.7373,35.74618],[139.73721,35.7463],[139.73695,35.74647],[139.73673,35.74669],[139.73669,35.74682]],[[139.73537,35.73197],[139.73549,35.73167],[139.73551,35.73128],[139.73559,35.73098],[139.73568,35.73085],[139.73588,35.73074],[139.73602,35.73059],[139.73657,35.72954],[139.73671,35.7294],[139.73685,35.72933],[139.73698,35.72934],[139.73715,35.72944],[139.7375,35.72995],[139.73793,35.73005],[139.7384,35.73045],[139.73995,35.7311],[139.74024,35.73126],[139.74072,35.73167],[139.74124,35.73184],[139.74199,35.73194],[139.74224,35.73202],[139.74244,35.73215],[139.74261,35.73232],[139.74286,35.73282],[139.74296,35.73352],[139.74294,35.73432],[139.74285,35.73494],[139.74278,35.73518],[139.74259,35.73552],[139.74211,35.7358],[139.74195,35.73593],[139.74187,35.73609],[139.74182,35.73633],[139.74169,35.73648],[139.74146,35.73662],[139.74073,35.73686],[139.74042,35.73701],[139.74013,35.73729],[139.73998,35.73761],[139.73983,35.73778],[139.73946,35.73796],[139.73898,35.73806],[139.73862,35.73821],[139.73846,35.73834],[139.73825,35.73869],[139.73808,35.73879],[139.73779,35.73876],[139.7376,35.73838],[139.73734,35.73821],[139.73694,35.73805],[139.73632,35.73797],[139.73567,35.73803],[139.73539,35.73796],[139.73533,35.73782],[139.73539,35.73751],[139.73534,35.73727],[139.73483,35.73694],[139.73466,35.73666],[139.7345,35.73626],[139.7343,35.73547],[139.73425,35.73505],[139.73427,35.73474],[139.73436,35.73454],[139.73448,35.73442],[139.73457,35.73419],[139.73448,35.73359],[139.7345,35.73344],[139.73458,35.73333],[139.73476,35.73322],[139.73485,35.73304],[139.73479,35.73238],[139.73488,35.73225],[139.73523,35.73209],[139.73537,35.73197]],[[139.73842,35.68298],[139.73847,35.68384],[139.73826,35.68536],[139.73814,35.68564],[139.73795,35.68579],[139.73782,35.68603],[139.73774,35.68692],[139.73758,35.68747],[139.73731,35.68788],[139.73704,35.68808],[139.7369,35.6881],[139.73674,35.68803],[139.73667,35.68787],[139.73664,35.68764],[139.73649,35.68745],[139.73591,35.68725],[139.73561,35.68707],[139.73548,35.6869],[139.73527,35.68643],[139.73516,35.68633],[139.73492,35.68626],[139.73488,35.68621],[139.73488,35.68587],[139.73509,35.68505],[139.73514,35.6846],[139.73509,35.68392],[139.73487,35.6829],[139.73489,35.68261],[139.73497,35.68239],[139.73513,35.68223],[139.73535,35.68214],[139.73565,35.68209],[139.73622,35.68214],[139.73683,35.68229],[139.737,35.68238],[139.73715,35.68254],[139.7373,35.6826],[139.73814,35.68259],[139.73826,35.68266],[139.73842,35.68298]],[[139.73915,35.66188],[139.73922,35.6626],[139.73933,35.66289],[139.7396,35.66308],[139.74019,35.66326],[139.74049,35.66357],[139.74063,35.6639],[139.74075,35.66452],[139.74089,35.66494],[139.741,35.66509],[139.74127,35.66516],[139.74121,35.66556],[139.74155,35.66579],[139.74176,35.66604],[139.74201,35.66654],[139.74202,35.66678],[139.74193,35.66683],[139.74146,35.66675],[139.74114,35.66679],[139.74091,35.66694],[139.7408,35.66737],[139.74067,35.66749],[139.74028,35.66758],[139.73971,35.6676],[139.73928,35.66766],[139.7391,35.66774],[139.73896,35.66789],[139.73878,35.66795],[139.73852,35.66797],[139.73796,35.66791],[139.73761,35.66784],[139.73725,35.66767],[139.7369,35.6672],[139.73649,35.66707],[139.73641,35.66684],[139.73649,35.66645],[139.73677,35.66615],[139.73682,35.66602],[139.7368,35.66587],[139.73659,35.66553],[139.73649,35.66525],[139.73641,35.66445],[139.73649,35.6636],[139.73661,35.66335],[139.73677,35.66321],[139.73696,35.66315],[139.73712,35.663],[139.73708,35.66243],[139.73743,35.66215],[139.7376,35.66166],[139.73778,35.66157],[139.73824,35.66151],[139.73863,35.66152],[139.73892,35.66161],[139.73902,35.66168],[139.73915,35.66188]],[[139.74195,35.74143],[139.74274,35.74157],[139.74302,35.74172],[139.74329,35.74195],[139.74357,35.74227],[139.74377,35.74274],[139.74387,35.7438],[139.74381,35.74473],[139.74359,35.74616],[139.74342,35.74681],[139.74333,35.74704],[139.74313,35.74734],[139.74277,35.74749],[139.74225,35.74762],[139.74158,35.74772],[139.74101,35.74772],[139.74067,35.74759],[139.74042,35.74722],[139.7399,35.74694],[139.7397,35.74651],[139.73963,35.74573],[139.73968,35.74461],[139.73976,35.74428],[139.73987,35.74411],[139.74,35.74401],[139.74013,35.74351],[139.74024,35.74157],[139.74036,35.74112],[139.74055,35.74088],[139.74067,35.74083],[139.74094,35.74083],[139.74153,35.74093],[139.74176,35.74106],[139.74186,35.74136],[139.74195,35.74143]],[[139.74606,35.65993],[139.74617,35.66039],[139.74649,35.66077],[139.74654,35.66103],[139.74646,35.66145],[139.74647,35.66164],[139.74663,35.66187],[139.74703,35.66218],[139.74708,35.66233],[139.74701,35.66265],[139.74705,35.66278],[139.74727,35.66293],[139.74783,35.66308],[139.74763,35.6631],[139.74742,35.6632],[139.74707,35.66354],[139.74683,35.6637],[139.74615,35.66384],[139.74597,35.66417],[139.74509,35.66447],[139.74434,35.66505],[139.74405,35.66512],[139.74367,35.66505],[139.74342,35.66489],[139.74318,35.66457],[139.74313,35.66431],[139.74321,35.66397],[139.74312,35.66372],[139.74246,35.66319],[139.74227,35.66297],[139.74196,35.66221],[139.74183,35.66203],[139.74167,35.6619],[139.74129,35.66173],[139.74108,35.66148],[139.74091,35.66083],[139.74095,35.66021],[139.74112,35.65982],[139.74135,35.65961],[139.74183,35.65949],[139.74287,35.65938],[139.74352,35.65934],[139.74421,35.65935],[139.74447,35.65941],[139.74463,35.65956],[139.74489,35.65967],[139.74586,35.65977],[139.74606,35.65993]],[[139.7434,35.75159],[139.74331,35.75201],[139.74303,35.7525],[139.74286,35.75263],[139.74267,35.75268],[139.74238,35.75261],[139.74219,35.75246],[139.74206,35.75196],[139.74169,35.75163],[139.74158,35.75134],[139.74156,35.75088],[139.74162,35.75057],[139.74177,35.75028],[139.74216,35.7499],[139.74266,35.74961],[139.74294,35.74951],[139.74319,35.74948],[139.74341,35.74952],[139.74358,35.74962],[139.74369,35.74977],[139.74376,35.74998],[139.74376,35.75038],[139.74368,35.75071],[139.74331,35.75122],[139.7434,35.75159]],[[139.7449,35.73344],[139.74447,35.73333],[139.74438,35.73324],[139.74434,35.73301],[139.74445,35.73274],[139.7447,35.73243],[139.74523,35.73202],[139.7457,35.73176],[139.74603,35.73168],[139.74628,35.73169],[139.74762,35.73216],[139.7485,35.73227],[139.74896,35.73226],[139.74941,35.7322],[139.74956,35.73212],[139.74968,35.73186],[139.74997,35.73183],[139.75018,35.73189],[139.75053,35.73212],[139.75072,35.73218],[139.75093,35.7322],[139.75168,35.73213],[139.75188,35.73216],[139.75219,35.73235],[139.75248,35.73242],[139.75327,35.73235],[139.7539,35.73243],[139.75424,35.73253],[139.75439,35.73262],[139.75463,35.73291],[139.75478,35.73334],[139.75484,35.73391],[139.75483,35.73455],[139.75475,35.73521],[139.75466,35.73546],[139.75442,35.73564],[139.75434,35.73577],[139.7542,35.73651],[139.75392,35.73673],[139.75387,35.73685],[139.75392,35.73715],[139.75416,35.73775],[139.75423,35.73815],[139.75428,35.73918],[139.75422,35.73967],[139.75396,35.74021],[139.75368,35.74046],[139.75309,35.74082],[139.75283,35.74112],[139.75269,35.74144],[139.75254,35.74155],[139.75217,35.74158],[139.75167,35.74144],[139.75116,35.74136],[139.75008,35.74143],[139.74988,35.74136],[139.74985,35.74121],[139.74977,35.74114],[139.74946,35.7412],[139.74921,35.74119],[139.74749,35.74071],[139.74677,35.74062],[139.74588,35.74059],[139.74546,35.7405],[139.74493,35.74009],[139.74404,35.73967],[139.74357,35.73926],[139.74335,35.7389],[139.74314,35.73827],[139.74309,35.73784],[139.7432,35.73768],[139.74333,35.73766],[139.74346,35.73757],[139.74353,35.73721],[139.74366,35.73704],[139.7439,35.73687],[139.74462,35.7365],[139.74478,35.73635],[139.74501,35.73593],[139.74517,35.73504],[139.74509,35.73385],[139.7449,35.73344]],[[139.75072,35.66554],[139.75092,35.66571],[139.75089,35.66582],[139.75065,35.66601],[139.74965,35.6665],[139.74934,35.66672],[139.74912,35.66698],[139.74891,35.66761],[139.74869,35.66796],[139.74847,35.6681],[139.74779,35.66832],[139.74744,35.6686],[139.74691,35.66857],[139.74614,35.66835],[139.74555,35.66806],[139.74516,35.66771],[139.74498,35.66731],[139.74499,35.66698],[139.74523,35.66671],[139.74569,35.6665],[139.74647,35.66622],[139.7466,35.6661],[139.74666,35.66594],[139.74683,35.66584],[139.74735,35.66573],[139.74852,35.66556],[139.7488,35.66547],[139.74914,35.66525],[139.74955,35.66525],[139.7502,35.66537],[139.75072,35.66554]],[[139.75164,35.65438],[139.75114,35.6548],[139.75104,35.65537],[139.75095,35.65558],[139.75069,35.65586],[139.7503,35.65611],[139.74992,35.65627],[139.74948,35.65633],[139.74931,35.6563],[139.74916,35.65617],[139.74907,35.65572],[139.7487,35.65521],[139.7486,35.65475],[139.74856,35.65384],[139.74848,35.65337],[139.74839,35.65321],[139.7482,35.65315],[139.74808,35.65305],[139.74798,35.65286],[139.74786,35.65241],[139.7479,35.65226],[139.74802,35.65213],[139.7482,35.65201],[139.74879,35.65183],[139.74968,35.65173],[139.75072,35.65168],[139.75179,35.65169],[139.75228,35.6518],[139.75235,35.65197],[139.7523,35.65214],[139.75207,35.65237],[139.752,35.65252],[139.75198,35.65279],[139.75207,35.65325],[139.75197,35.65376],[139.75164,35.65438]],[[139.75187,35.65932],[139.75235,35.65954],[139.75245,35.65979],[139.7526,35.65993],[139.75318,35.6601],[139.75339,35.66021],[139.75361,35.66046],[139.75384,35.66095],[139.75399,35.66108],[139.75428,35.66119],[139.7544,35.66137],[139.7544,35.66192],[139.75417,35.66281],[139.75403,35.66311],[139.75363,35.66357],[139.75337,35.66374],[139.75273,35.66395],[139.75194,35.66399],[139.75126,35.66394],[139.75098,35.66389],[139.75058,35.66373],[139.75037,35.6635],[139.75019,35.66312],[139.74994,35.66294],[139.74959,35.66281],[139.74894,35.6627],[139.74869,35.66261],[139.74864,35.66256],[139.74868,35.66242],[139.74913,35.66208],[139.74934,35.66179],[139.74939,35.66157],[139.74937,35.66126],[139.74926,35.66105],[139.74889,35.66079],[139.74879,35.66046],[139.74837,35.66034],[139.74824,35.66001],[139.74811,35.65994],[139.74787,35.65991],[139.74776,35.65983],[139.74775,35.65955],[139.74786,35.65909],[139.74807,35.65863],[139.74826,35.65849],[139.74843,35.65843],[139.74925,35.65837],[139.75061,35.65837],[139.75113,35.65844],[139.75146,35.65857],[139.7516,35.65876],[139.75162,35.65897],[139.75173,35.65921],[139.75187,35.65932]],[[139.75648,35.66995],[139.75656,35.67015],[139.75655,35.67031],[139.75637,35.67055],[139.7561,35.67066],[139.75577,35.67067],[139.75537,35.67036],[139.75441,35.67011],[139.75421,35.66999],[139.75424,35.66974],[139.75418,35.66945],[139.75324,35.66733],[139.75317,35.667],[139.75322,35.66683],[139.75336,35.66679],[139.75356,35.66686],[139.75407,35.66748],[139.75434,35.66766],[139.75471,35.66781],[139.75483,35.66791],[139.75493,35.6683],[139.75506,35.66852],[139.75545,35.66894],[139.75617,35.66957],[139.75648,35.66995]],[[139.76061,35.69392],[139.76083,35.69414],[139.76098,35.6944],[139.76108,35.6947],[139.76113,35.69535],[139.76108,35.69608],[139.76096,35.6964],[139.76051,35.69694],[139.76033,35.69741],[139.76015,35.69812],[139.76002,35.69836],[139.75986,35.69853],[139.75966,35.6986],[139.7593,35.69865],[139.75852,35.69857],[139.75796,35.69843],[139.75732,35.6981],[139.75659,35.69802],[139.75629,35.6979],[139.75617,35.69777],[139.75598,35.69739],[139.75586,35.69684],[139.75582,35.69619],[139.75591,35.69536],[139.75619,35.69473],[139.75664,35.69412],[139.75676,35.69387],[139.75682,35.69359],[139.75688,35.69352],[139.7572,35.69342],[139.75818,35.69338],[139.75915,35.69342],[139.7596,35.69349],[139.76,35.69359],[139.76034,35.69374],[139.76061,35.69392]],[[139.75689,35.73478],[139.7572,35.73454],[139.75728,35.73441],[139.75736,35.73382],[139.75746,35.73357],[139.75764,35.73338],[139.75782,35.73331],[139.75797,35.73341],[139.75815,35.7337],[139.75831,35.73379],[139.75909,35.7339],[139.75925,35.734],[139.75929,35.73415],[139.75942,35.73421],[139.75981,35.73423],[139.76039,35.73417],[139.76085,35.73424],[139.76108,35.73438],[139.76132,35.73469],[139.76152,35.73484],[139.76192,35.73497],[139.76242,35.735],[139.76274,35.73507],[139.76305,35.7352],[139.76348,35.73549],[139.76366,35.73571],[139.76372,35.736],[139.76311,35.73674],[139.76298,35.73707],[139.76298,35.73728],[139.76319,35.73758],[139.76379,35.73794],[139.76415,35.73825],[139.76436,35.73863],[139.76439,35.73903],[139.76424,35.73937],[139.76366,35.73983],[139.76351,35.74002],[139.76333,35.7407],[139.76321,35.7408],[139.76285,35.74085],[139.76265,35.74095],[139.7625,35.74148],[139.76211,35.7419],[139.76187,35.74203],[139.76146,35.74211],[139.76053,35.74202],[139.76012,35.74207],[139.76,35.74213],[139.7599,35.74228],[139.75998,35.74265],[139.75989,35.74284],[139.7596,35.74297],[139.75924,35.743],[139.75903,35.74287],[139.75893,35.74245],[139.75851,35.74189],[139.75667,35.74026],[139.75615,35.73967],[139.75606,35.73942],[139.75612,35.73924],[139.75611,35.73896],[139.75581,35.73821],[139.75582,35.73802],[139.75591,35.73784],[139.75604,35.73766],[139.75611,35.73744],[139.75612,35.73703],[139.75605,35.73654],[139.75614,35.73613],[139.75631,35.73591],[139.75668,35.73564],[139.75691,35.73539],[139.75694,35.73522],[139.75688,35.73497],[139.75689,35.73478]],[[139.75978,35.67794],[139.75956,35.67728],[139.75936,35.67689],[139.75922,35.67675],[139.75889,35.67659],[139.75847,35.67659],[139.75801,35.6767],[139.75735,35.67693],[139.7568,35.67725],[139.75659,35.67729],[139.75641,35.67726],[139.75633,35.67719],[139.75628,35.677],[139.75628,35.67691],[139.75641,35.67672],[139.75671,35.6765],[139.75749,35.67612],[139.75891,35.6756],[139.7594,35.67549],[139.75961,35.67553],[139.75992,35.67591],[139.76034,35.67701],[139.76049,35.6778],[139.76041,35.67823],[139.76023,35.67832],[139.76013,35.67832],[139.75995,35.6782],[139.75978,35.67794]],[[139.76329,35.70464],[139.76344,35.70476],[139.76351,35.70496],[139.764,35.70523],[139.76427,35.70582],[139.7645,35.70692],[139.76466,35.70823],[139.76468,35.70889],[139.76462,35.70938],[139.7645,35.7097],[139.76427,35.71004],[139.764,35.71025],[139.7637,35.71037],[139.76353,35.71054],[139.76335,35.71094],[139.76318,35.71163],[139.76305,35.71185],[139.76289,35.71197],[139.76243,35.71204],[139.76209,35.71229],[139.76204,35.71185],[139.76196,35.71167],[139.76187,35.71164],[139.7615,35.71168],[139.76112,35.71161],[139.76029,35.71138],[139.75937,35.71104],[139.75895,35.71081],[139.75869,35.71059],[139.7584,35.71005],[139.75828,35.70998],[139.75809,35.70995],[139.75799,35.70988],[139.75793,35.70976],[139.75782,35.70905],[139.75754,35.70858],[139.75744,35.70833],[139.75736,35.70738],[139.75751,35.70681],[139.75774,35.70651],[139.75808,35.70629],[139.75847,35.70612],[139.7589,35.7058],[139.75908,35.70555],[139.75928,35.70501],[139.75954,35.70463],[139.75991,35.70428],[139.76028,35.70413],[139.76077,35.70408],[139.76138,35.70412],[139.76272,35.70443],[139.76329,35.70464]],[[139.76042,35.72289],[139.76057,35.72268],[139.76085,35.72243],[139.76118,35.7223],[139.76169,35.7222],[139.76238,35.72215],[139.76362,35.72215],[139.76447,35.72221],[139.76475,35.72229],[139.76485,35.72245],[139.76523,35.72262],[139.76666,35.72291],[139.76713,35.72306],[139.76744,35.72323],[139.76756,35.72344],[139.76748,35.7239],[139.76719,35.72412],[139.7671,35.72428],[139.76702,35.72468],[139.76699,35.72523],[139.76691,35.7255],[139.76684,35.7256],[139.76665,35.72572],[139.76627,35.72576],[139.76601,35.72589],[139.76592,35.72604],[139.76583,35.72659],[139.76563,35.72693],[139.7652,35.72747],[139.76501,35.7281],[139.76462,35.72844],[139.76408,35.72867],[139.76317,35.72873],[139.76235,35.72867],[139.76136,35.72852],[139.7605,35.72828],[139.75989,35.72793],[139.75968,35.72773],[139.75952,35.72749],[139.75943,35.72724],[139.75934,35.72619],[139.75939,35.72538],[139.75947,35.72506],[139.75961,35.72474],[139.75973,35.72464],[139.75996,35.72457],[139.75974,35.7243],[139.75965,35.72407],[139.75967,35.72377],[139.75979,35.72348],[139.75994,35.72331],[139.76033,35.72319],[139.76042,35.72289]],[[139.7671,35.72946],[139.76763,35.72973],[139.76788,35.72995],[139.76819,35.73037],[139.76857,35.73127],[139.76883,35.73169],[139.76903,35.7319],[139.76932,35.73213],[139.76958,35.73225],[139.76988,35.73231],[139.77004,35.73241],[139.77051,35.73304],[139.77067,35.73347],[139.77059,35.73376],[139.77022,35.73403],[139.77008,35.73422],[139.76973,35.73506],[139.7695,35.73527],[139.76921,35.73538],[139.76901,35.73552],[139.76885,35.73609],[139.76844,35.73639],[139.76818,35.73694],[139.76802,35.7371],[139.76766,35.73723],[139.76718,35.73725],[139.76685,35.73731],[139.76675,35.73739],[139.76667,35.73762],[139.76654,35.73768],[139.76634,35.73767],[139.76621,35.73756],[139.7656,35.73651],[139.76527,35.73621],[139.76469,35.73591],[139.76451,35.73569],[139.76453,35.73557],[139.76469,35.73537],[139.76526,35.73497],[139.76552,35.73472],[139.76562,35.73446],[139.76556,35.73422],[139.7653,35.73401],[139.76437,35.7336],[139.76426,35.73349],[139.76416,35.73325],[139.76346,35.7331],[139.76315,35.73289],[139.76257,35.73236],[139.76215,35.73225],[139.76204,35.73217],[139.76187,35.7319],[139.76187,35.73175],[139.76195,35.73163],[139.76224,35.73151],[139.76251,35.73144],[139.76284,35.73126],[139.76327,35.73077],[139.76371,35.73049],[139.76413,35.73034],[139.76594,35.7299],[139.76613,35.72975],[139.76622,35.72946],[139.76637,35.72937],[139.76675,35.72936],[139.7671,35.72946]],[[139.76876,35.73979],[139.76912,35.73984],[139.76921,35.73992],[139.76925,35.74007],[139.76934,35.74013],[139.7698,35.74019],[139.77009,35.74028],[139.77113,35.74081],[139.77167,35.74119],[139.77188,35.7414],[139.77197,35.74159],[139.77196,35.74175],[139.77189,35.74191],[139.7716,35.74199],[139.77147,35.74212],[139.77134,35.7428],[139.77115,35.74308],[139.77072,35.74351],[139.7706,35.74376],[139.77055,35.74409],[139.77046,35.74423],[139.77022,35.74442],[139.76997,35.74453],[139.76919,35.74464],[139.76743,35.74468],[139.76596,35.74461],[139.76559,35.74453],[139.76523,35.74427],[139.76465,35.74419],[139.76416,35.744],[139.76376,35.74376],[139.76357,35.74357],[139.76345,35.74337],[139.7634,35.74304],[139.76361,35.74268],[139.76392,35.74242],[139.76437,35.74215],[139.7649,35.74186],[139.76554,35.74131],[139.76585,35.74087],[139.76637,35.73981],[139.76654,35.73959],[139.76669,35.73949],[139.76694,35.73954],[139.76721,35.73979],[139.76741,35.73985],[139.76791,35.73986],[139.76876,35.73979]],[[139.77265,35.69198],[139.77287,35.69236],[139.77296,35.69259],[139.77296,35.6928],[139.77257,35.69296],[139.77222,35.69346],[139.77182,35.69359],[139.77174,35.69375],[139.77169,35.69408],[139.7716,35.69424],[139.77137,35.6945],[139.77106,35.69469],[139.77075,35.69469],[139.77054,35.69458],[139.77035,35.6944],[139.77015,35.69402],[139.77005,35.69312],[139.76989,35.69272],[139.76962,35.69233],[139.7686,35.69138],[139.76817,35.69085],[139.76814,35.69067],[139.76821,35.69048],[139.76836,35.69026],[139.76875,35.68988],[139.7691,35.68963],[139.76949,35.68955],[139.76991,35.68961],[139.77037,35.68984],[139.77118,35.69047],[139.77152,35.69087],[139.77177,35.69138],[139.77192,35.69151],[139.7723,35.69167],[139.77248,35.69179],[139.77265,35.69198]],[[139.7722,35.70404],[139.77193,35.70399],[139.77162,35.70386],[139.77083,35.7033],[139.76997,35.70247],[139.7697,35.70212],[139.76955,35.70182],[139.76952,35.70158],[139.76955,35.70149],[139.76962,35.70141],[139.76986,35.70131],[139.77048,35.70129],[139.77102,35.70135],[139.77169,35.70153],[139.77221,35.70181],[139.77258,35.70217],[139.77284,35.70259],[139.77301,35.70323],[139.77296,35.70371],[139.77286,35.70386],[139.77272,35.70397],[139.77254,35.70403],[139.7722,35.70404]],[[139.77261,35.73545],[139.77303,35.73546],[139.77339,35.73557],[139.77407,35.73588],[139.77488,35.73635],[139.77571,35.73667],[139.77626,35.73677],[139.77743,35.73684],[139.77768,35.7369],[139.77778,35.73699],[139.77776,35.7371],[139.77768,35.7372],[139.77702,35.73742],[139.77665,35.73773],[139.77642,35.73806],[139.77601,35.73885],[139.77575,35.73919],[139.7756,35.73927],[139.77521,35.73938],[139.77469,35.73972],[139.77436,35.7398],[139.77392,35.73981],[139.77337,35.73975],[139.77278,35.73963],[139.77212,35.7394],[139.77183,35.73921],[139.77159,35.73889],[139.7713,35.73864],[139.77107,35.73853],[139.77058,35.7384],[139.77037,35.73827],[139.77032,35.73817],[139.77034,35.73801],[139.77056,35.73782],[139.77069,35.73776],[139.77082,35.73761],[139.77096,35.73704],[139.77124,35.73685],[139.77137,35.73671],[139.77143,35.73634],[139.77151,35.73618],[139.77192,35.73605],[139.77224,35.7356],[139.7724,35.7355],[139.77261,35.73545]],[[139.77661,35.68207],[139.77679,35.6824],[139.77688,35.68279],[139.77679,35.68306],[139.77651,35.68316],[139.77612,35.68313],[139.77581,35.683],[139.77549,35.68271],[139.77526,35.68259],[139.77461,35.68249],[139.77379,35.68256],[139.77361,35.68263],[139.77339,35.68287],[139.77322,35.68293],[139.77302,35.68293],[139.77291,35.68287],[139.77254,35.68234],[139.77239,35.68224],[139.77201,35.68209],[139.77187,35.68194],[139.77178,35.68173],[139.77174,35.68127],[139.77179,35.68096],[139.77192,35.68067],[139.77223,35.68029],[139.77273,35.67999],[139.77322,35.67987],[139.77383,35.6798],[139.77489,35.67981],[139.77517,35.67987],[139.7756,35.68006],[139.77584,35.68037],[139.77592,35.68118],[139.77601,35.68149],[139.77616,35.68171],[139.77661,35.68207]],[[139.77782,35.71914],[139.77809,35.71907],[139.77864,35.71909],[139.77942,35.71923],[139.7797,35.71936],[139.77981,35.71963],[139.78009,35.71971],[139.78017,35.7199],[139.78019,35.72025],[139.78008,35.72134],[139.77994,35.72195],[139.77982,35.72218],[139.77964,35.72234],[139.77961,35.72255],[139.77973,35.72311],[139.78008,35.72418],[139.78024,35.72494],[139.78025,35.72584],[139.7802,35.726],[139.78002,35.72623],[139.77989,35.72629],[139.77955,35.72633],[139.77899,35.72619],[139.77863,35.7259],[139.77838,35.72529],[139.77825,35.72514],[139.77785,35.72487],[139.77726,35.72465],[139.77554,35.72424],[139.77508,35.72404],[139.77497,35.72377],[139.77465,35.72353],[139.77456,35.7233],[139.77448,35.72269],[139.77446,35.72183],[139.77435,35.72122],[139.7742,35.72098],[139.77368,35.72071],[139.77349,35.72041],[139.77354,35.72018],[139.77371,35.72004],[139.77397,35.71992],[139.7743,35.71982],[139.77462,35.71978],[139.77473,35.71982],[139.77483,35.72002],[139.77514,35.72015],[139.77568,35.72025],[139.77628,35.72022],[139.77666,35.72012],[139.77701,35.71995],[139.77766,35.71946],[139.77782,35.71914]],[[139.77718,35.73039],[139.77725,35.73018],[139.77736,35.73006],[139.7784,35.72961],[139.77855,35.7295],[139.77861,35.72933],[139.77874,35.72923],[139.77952,35.72907],[139.78017,35.72901],[139.78048,35.72904],[139.78076,35.72912],[139.781,35.72926],[139.7812,35.72946],[139.78138,35.72971],[139.78162,35.73039],[139.78174,35.7312],[139.78183,35.73215],[139.78177,35.73292],[139.78142,35.73366],[139.78072,35.73468],[139.78015,35.73532],[139.77965,35.73563],[139.77937,35.73567],[139.77896,35.73558],[139.77868,35.73546],[139.77814,35.73507],[139.7778,35.73489],[139.77762,35.73485],[139.77726,35.73491],[139.77661,35.73461],[139.77614,35.73455],[139.77541,35.73452],[139.7751,35.73443],[139.77491,35.73412],[139.77416,35.73369],[139.7739,35.7334],[139.77379,35.73315],[139.77374,35.73276],[139.77379,35.73258],[139.774,35.73241],[139.77439,35.73224],[139.77448,35.73198],[139.7746,35.73188],[139.77514,35.7318],[139.77556,35.73161],[139.776,35.73122],[139.77611,35.73102],[139.77614,35.73085],[139.77623,35.73076],[139.77706,35.73048],[139.77718,35.73039]],[[139.78019,35.68997],[139.78001,35.69027],[139.77912,35.69098],[139.77886,35.69126],[139.77843,35.69191],[139.77807,35.69212],[139.77776,35.69218],[139.77744,35.69217],[139.7772,35.69211],[139.777,35.69195],[139.77698,35.6918],[139.77703,35.69162],[139.77716,35.69142],[139.77747,35.69111],[139.77773,35.69087],[139.77803,35.6904],[139.77816,35.69002],[139.77834,35.68921],[139.77855,35.68883],[139.77883,35.68867],[139.77906,35.68869],[139.77933,35.6888],[139.77997,35.68933],[139.78017,35.68966],[139.78019,35.68997]],[[139.78282,35.68546],[139.783,35.68556],[139.78314,35.68571],[139.7834,35.68624],[139.78352,35.68631],[139.78386,35.68638],[139.7842,35.6867],[139.78426,35.68688],[139.78422,35.68707],[139.78396,35.68739],[139.78327,35.68785],[139.78272,35.68802],[139.78248,35.68805],[139.78222,35.68801],[139.78187,35.6877],[139.78103,35.68736],[139.78071,35.68716],[139.7806,35.68701],[139.78051,35.68666],[139.78036,35.68647],[139.77946,35.68574],[139.77939,35.68558],[139.77944,35.68545],[139.77966,35.6852],[139.77979,35.68466],[139.77994,35.6845],[139.78042,35.68435],[139.78073,35.68435],[139.78104,35.68442],[139.78142,35.68464],[139.78179,35.68512],[139.78198,35.68528],[139.78231,35.6854],[139.78282,35.68546]],[[139.78181,35.70274],[139.78271,35.70297],[139.78302,35.70314],[139.78308,35.70331],[139.78331,35.70347],[139.78468,35.70396],[139.78527,35.70436],[139.7855,35.70465],[139.78559,35.70495],[139.78585,35.70503],[139.78596,35.70516],[139.78608,35.70599],[139.78609,35.70667],[139.78603,35.70699],[139.78591,35.70727],[139.78573,35.7075],[139.78548,35.70768],[139.78518,35.70782],[139.78482,35.70791],[139.7844,35.70795],[139.78237,35.70802],[139.78183,35.7081],[139.78127,35.70824],[139.7808,35.70826],[139.78036,35.70811],[139.78001,35.70782],[139.77988,35.70758],[139.77986,35.70714],[139.78005,35.7065],[139.78057,35.70572],[139.78071,35.70534],[139.7808,35.70483],[139.78088,35.70351],[139.78095,35.70325],[139.78105,35.70304],[139.78119,35.70289],[139.78136,35.70279],[139.78157,35.70274],[139.78181,35.70274]],[[139.78522,35.71333],[139.78498,35.71361],[139.78481,35.71369],[139.78421,35.71375],[139.78369,35.71375],[139.78325,35.71369],[139.78302,35.7136],[139.78283,35.71347],[139.7827,35.71329],[139.78257,35.71298],[139.78239,35.71281],[139.78223,35.71277],[139.78192,35.71282],[139.78172,35.71279],[139.78151,35.71269],[139.7813,35.71252],[139.78111,35.71228],[139.78091,35.71185],[139.78084,35.71132],[139.78087,35.71094],[139.78094,35.71078],[139.78118,35.71051],[139.78136,35.7104],[139.7818,35.71023],[139.78262,35.71011],[139.78314,35.71009],[139.78365,35.71014],[139.78414,35.71024],[139.78436,35.71033],[139.78473,35.71066],[139.78489,35.71088],[139.78513,35.71146],[139.78533,35.71256],[139.78529,35.71312],[139.78522,35.71333]],[[139.78818,35.71821],[139.78923,35.71944],[139.79005,35.72006],[139.79037,35.72037],[139.79048,35.72056],[139.79059,35.72103],[139.79089,35.72141],[139.79087,35.72158],[139.79077,35.72177],[139.79048,35.72208],[139.79017,35.72229],[139.78997,35.72236],[139.78958,35.72241],[139.78943,35.72248],[139.78906,35.72299],[139.78862,35.72312],[139.78848,35.72346],[139.78807,35.72355],[139.78786,35.72376],[139.78761,35.7239],[139.78638,35.72432],[139.78495,35.72469],[139.78424,35.7248],[139.78379,35.72476],[139.78366,35.72469],[139.78359,35.72459],[139.78357,35.7242],[139.78346,35.7239],[139.78315,35.72351],[139.78313,35.72336],[139.78322,35.72305],[139.7832,35.72289],[139.78313,35.72284],[139.78277,35.72276],[139.78258,35.7225],[139.78256,35.72217],[139.78267,35.72131],[139.78265,35.72091],[139.78258,35.72075],[139.78239,35.72063],[139.78226,35.72042],[139.78216,35.71954],[139.78186,35.71882],[139.78193,35.71838],[139.78227,35.71785],[139.78293,35.71717],[139.78324,35.71694],[139.78367,35.71671],[139.78411,35.71659],[139.78459,35.71652],[139.78509,35.71653],[139.78549,35.71662],[139.78569,35.71674],[139.78618,35.71715],[139.78762,35.71779],[139.78818,35.71821]],[[139.78622,35.73989],[139.78602,35.74003],[139.78557,35.74021],[139.78515,35.74023],[139.78496,35.74012],[139.78476,35.73965],[139.7845,35.73938],[139.78424,35.73929],[139.78339,35.73921],[139.78324,35.73913],[139.78297,35.73887],[139.78256,35.73876],[139.7825,35.73867],[139.78248,35.73844],[139.78259,35.73829],[139.78287,35.73814],[139.78357,35.73795],[139.78463,35.73781],[139.78498,35.73783],[139.78521,35.7379],[139.78534,35.73802],[139.78547,35.73825],[139.7856,35.73893],[139.78579,35.73911],[139.78615,35.73926],[139.78631,35.73943],[139.78635,35.73966],[139.78622,35.73989]],[[139.79127,35.72438],[139.79185,35.72427],[139.79245,35.72432],[139.79288,35.72428],[139.79305,35.72418],[139.7932,35.72396],[139.79354,35.72383],[139.79492,35.72388],[139.79517,35.72384],[139.79547,35.72361],[139.79579,35.72353],[139.79625,35.72351],[139.79639,35.72352],[139.79654,35.72361],[139.79655,35.72368],[139.79647,35.72388],[139.79592,35.7245],[139.79575,35.72483],[139.7958,35.72503],[139.79612,35.72525],[139.79621,35.72543],[139.79618,35.7257],[139.79602,35.72609],[139.79546,35.72657],[139.79452,35.7279],[139.7939,35.72858],[139.79287,35.72945],[139.79242,35.72976],[139.79192,35.73001],[139.79169,35.73004],[139.79135,35.72998],[139.79057,35.72959],[139.79029,35.72951],[139.78988,35.72952],[139.78947,35.72966],[139.78918,35.7297],[139.78904,35.72966],[139.78892,35.72951],[139.78878,35.72944],[139.78842,35.72951],[139.78834,35.7295],[139.78824,35.72928],[139.788,35.72919],[139.78567,35.72888],[139.78511,35.72869],[139.78479,35.72839],[139.78462,35.7283],[139.78394,35.72819],[139.78355,35.72798],[139.78355,35.72791],[139.78371,35.72775],[139.78412,35.72754],[139.78476,35.72729],[139.78645,35.72666],[139.78743,35.72609],[139.78781,35.72599],[139.78833,35.72595],[139.78855,35.72588],[139.78911,35.72541],[139.78929,35.72534],[139.7897,35.72529],[139.78995,35.7252],[139.7909,35.72455],[139.79127,35.72438]],[[139.79054,35.7108],[139.79047,35.71097],[139.79027,35.7111],[139.78911,35.71149],[139.78883,35.71152],[139.78858,35.71149],[139.78836,35.71141],[139.78817,35.71127],[139.78801,35.71107],[139.78778,35.7105],[139.78761,35.70927],[139.78762,35.70889],[139.78771,35.70866],[139.78804,35.70852],[139.78901,35.70849],[139.7904,35.7086],[139.79138,35.70878],[139.79181,35.70895],[139.79211,35.70918],[139.79232,35.70959],[139.79229,35.70981],[139.79198,35.7101],[139.79069,35.71067],[139.79054,35.7108]]],[[[139.75174,35.6033],[139.7519,35.60326],[139.75195,35.60307],[139.75206,35.60293],[139.75261,35.60269],[139.75266,35.60256],[139.75258,35.60232],[139.75263,35.60227],[139.75285,35.60223],[139.7529,35.60212],[139.75285,35.60181],[139.75273,35.60149],[139.75244,35.60125],[139.75194,35.60113],[139.75161,35.60112],[139.7508,35.60119],[139.74953,35.60139],[139.74946,35.6014],[139.75076,35.60333],[139.75113,35.60323],[139.75174,35.6033]]],[[[139.64034,35.60639],[139.64044,35.60652],[139.64063,35.60703],[139.64065,35.60758],[139.64055,35.60821],[139.6406,35.60853],[139.64072,35.60864],[139.64101,35.60867],[139.64117,35.60874],[139.64135,35.60896],[139.64148,35.60927],[139.64161,35.60946],[139.6418,35.60963],[139.64228,35.60988],[139.64243,35.61001],[139.64245,35.61023],[139.64227,35.61056],[139.64232,35.61082],[139.64246,35.61099],[139.64276,35.61121],[139.64302,35.61133],[139.64332,35.61141],[139.64332,35.61158],[139.64308,35.61206],[139.64308,35.61223],[139.6433,35.61229],[139.64344,35.61242],[139.64365,35.61279],[139.64399,35.61362],[139.64413,35.61383],[139.64443,35.6141],[139.64447,35.61466],[139.64431,35.6155],[139.64405,35.616],[139.64329,35.6168],[139.64319,35.61707],[139.64322,35.61724],[139.64339,35.61739],[139.6437,35.61753],[139.64468,35.61777],[139.64527,35.61797],[139.64554,35.61812],[139.64582,35.6184],[139.64592,35.61844],[139.64602,35.6182],[139.6467,35.61807],[139.64694,35.61791],[139.6474,35.61749],[139.64803,35.61723],[139.64814,35.61709],[139.64817,35.61693],[139.64826,35.61685],[139.64916,35.61671],[139.64926,35.61659],[139.64922,35.6164],[139.64851,35.61542],[139.64787,35.61401],[139.64753,35.61358],[139.64702,35.61308],[139.6468,35.61275],[139.6464,35.61173],[139.64622,35.61141],[139.64588,35.6111],[139.64537,35.61089],[139.64515,35.61066],[139.64497,35.61033],[139.64466,35.6095],[139.64447,35.60914],[139.64423,35.60885],[139.64385,35.60848],[139.64366,35.60821],[139.6435,35.60771],[139.6434,35.60664],[139.64303,35.60575],[139.64312,35.60535],[139.64307,35.6053],[139.64284,35.60527],[139.64272,35.6052],[139.64251,35.60477],[139.64255,35.60415],[139.64286,35.60324],[139.64289,35.60302],[139.64285,35.60283],[139.64273,35.60267],[139.64254,35.60254],[139.64228,35.60245],[139.64153,35.60235],[139.64063,35.60237],[139.63999,35.60245],[139.6396,35.60261],[139.63951,35.60272],[139.63952,35.60322],[139.63943,35.6034],[139.63927,35.60353],[139.63901,35.6036],[139.63879,35.60373],[139.6387,35.60383],[139.63858,35.60411],[139.63853,35.60471],[139.63868,35.60524],[139.63891,35.60547],[139.63907,35.60555],[139.63978,35.6057],[139.64004,35.60582],[139.64001,35.60617],[139.64034,35.60639]]],[[[139.62804,35.62111],[139.62825,35.62092],[139.62838,35.62088],[139.62891,35.62096],[139.62903,35.62094],[139.62909,35.62088],[139.62913,35.62072],[139.62926,35.62061],[139.63055,35.62014],[139.63092,35.61992],[139.63131,35.61954],[139.63178,35.61933],[139.63204,35.61936],[139.63237,35.6195],[139.63346,35.62029],[139.63393,35.62051],[139.63415,35.62056],[139.63459,35.62057],[139.63523,35.62037],[139.636,35.62031],[139.63661,35.62038],[139.63765,35.6206],[139.63847,35.62072],[139.63989,35.62082],[139.64097,35.62083],[139.64221,35.62072],[139.6427,35.62057],[139.64283,35.62046],[139.6429,35.62034],[139.6429,35.6202],[139.64282,35.6197],[139.6426,35.61932],[139.64234,35.61915],[139.642,35.61911],[139.6416,35.61917],[139.64123,35.61916],[139.64067,35.61895],[139.64037,35.61891],[139.64001,35.61892],[139.63912,35.61909],[139.63859,35.61913],[139.63834,35.61909],[139.63795,35.61887],[139.63758,35.61879],[139.6371,35.61886],[139.63674,35.61909],[139.63657,35.61913],[139.63617,35.61884],[139.63516,35.61862],[139.63466,35.61844],[139.63438,35.61827],[139.63388,35.61782],[139.63371,35.61776],[139.63343,35.61777],[139.63334,35.61762],[139.63325,35.6168],[139.63331,35.61577],[139.63344,35.61537],[139.63365,35.61522],[139.63367,35.61517],[139.63334,35.61495],[139.63318,35.61458],[139.63299,35.61451],[139.63256,35.61446],[139.63244,35.61436],[139.63244,35.6142],[139.63252,35.61406],[139.6328,35.61389],[139.63287,35.61378],[139.63289,35.61354],[139.63282,35.61322],[139.63291,35.61298],[139.63308,35.61287],[139.63356,35.61272],[139.63371,35.61262],[139.6338,35.61249],[139.63387,35.61218],[139.63399,35.61206],[139.63466,35.61184],[139.6349,35.61166],[139.63492,35.61155],[139.63485,35.6114],[139.63437,35.61118],[139.63425,35.61106],[139.6342,35.61076],[139.63427,35.61037],[139.63426,35.61007],[139.63419,35.60994],[139.63395,35.60981],[139.63385,35.60968],[139.63385,35.60933],[139.63408,35.6088],[139.63428,35.60863],[139.63485,35.60837],[139.63498,35.60802],[139.63531,35.6078],[139.63548,35.60756],[139.6358,35.60652],[139.63603,35.60612],[139.6364,35.60566],[139.63655,35.60528],[139.63659,35.60474],[139.63651,35.60448],[139.63641,35.60439],[139.63629,35.60437],[139.63603,35.60445],[139.63528,35.60497],[139.63487,35.60518],[139.63459,35.60525],[139.63418,35.60528],[139.63381,35.60541],[139.63358,35.60556],[139.63308,35.60603],[139.63291,35.60612],[139.63259,35.60621],[139.63254,35.60638],[139.63262,35.60678],[139.63257,35.60705],[139.63245,35.6072],[139.632,35.60751],[139.63178,35.60781],[139.63164,35.60831],[139.63163,35.60895],[139.63175,35.60927],[139.63193,35.60932],[139.63204,35.60944],[139.63212,35.60971],[139.63216,35.61072],[139.63211,35.6115],[139.63198,35.61206],[139.63172,35.61262],[139.63171,35.61291],[139.63178,35.61316],[139.63173,35.61338],[139.63113,35.61385],[139.631,35.61421],[139.63087,35.61427],[139.63069,35.61429],[139.63064,35.61434],[139.63086,35.61475],[139.63091,35.61506],[139.63058,35.61603],[139.63048,35.61699],[139.63039,35.61724],[139.63013,35.61748],[139.62975,35.61759],[139.62949,35.61774],[139.6294,35.61787],[139.62935,35.61817],[139.62926,35.61827],[139.62856,35.61841],[139.62716,35.61915],[139.62578,35.61961],[139.62527,35.61981],[139.62492,35.62005],[139.62473,35.62033],[139.62469,35.62066],[139.62484,35.62093],[139.6252,35.62113],[139.62577,35.62123],[139.62614,35.62125],[139.62724,35.62123],[139.62773,35.62119],[139.62804,35.62111]]],[[[139.63616,35.63421],[139.63624,35.63478],[139.63622,35.63539],[139.63611,35.63568],[139.63583,35.63592],[139.63578,35.63617],[139.63589,35.63667],[139.63611,35.6369],[139.63645,35.63695],[139.63681,35.63684],[139.63696,35.63674],[139.63705,35.6366],[139.63709,35.63636],[139.63717,35.63619],[139.63743,35.63593],[139.638,35.63553],[139.63825,35.63515],[139.63856,35.63515],[139.63911,35.63527],[139.63929,35.63526],[139.63944,35.63517],[139.63968,35.63476],[139.63976,35.63445],[139.63984,35.6336],[139.63988,35.63216],[139.63997,35.63149],[139.64011,35.63104],[139.64064,35.6304],[139.64096,35.62959],[139.64107,35.6295],[139.64133,35.62952],[139.64149,35.62946],[139.64177,35.62917],[139.64206,35.6287],[139.64223,35.62817],[139.64216,35.62777],[139.64221,35.62727],[139.64263,35.62593],[139.6429,35.62534],[139.64306,35.62515],[139.64332,35.62508],[139.64339,35.62501],[139.6435,35.62452],[139.64363,35.62437],[139.64376,35.62431],[139.64384,35.62418],[139.64384,35.6238],[139.64369,35.6232],[139.64348,35.62285],[139.64333,35.62273],[139.64296,35.6226],[139.64248,35.6226],[139.64176,35.62279],[139.64135,35.62305],[139.64124,35.62325],[139.64115,35.62371],[139.6408,35.62401],[139.64084,35.62457],[139.64069,35.62472],[139.64041,35.62483],[139.64025,35.62504],[139.6403,35.62568],[139.64021,35.62633],[139.63978,35.62753],[139.63937,35.62833],[139.63909,35.62869],[139.63881,35.62891],[139.63854,35.62905],[139.63816,35.62944],[139.63793,35.62982],[139.63751,35.63072],[139.6372,35.63115],[139.637,35.63129],[139.63661,35.63133],[139.63644,35.6313],[139.63606,35.63109],[139.636,35.63114],[139.63596,35.63141],[139.6359,35.63153],[139.63571,35.63163],[139.63542,35.63165],[139.63528,35.63174],[139.63516,35.632],[139.63509,35.63263],[139.63496,35.63289],[139.63483,35.63301],[139.63468,35.63325],[139.6346,35.63357],[139.6346,35.63397],[139.63472,35.63423],[139.63495,35.63434],[139.63529,35.6343],[139.63541,35.63419],[139.63547,35.63396],[139.63566,35.63389],[139.63596,35.63396],[139.63616,35.63421]]],[[[139.6397,35.71419],[139.63989,35.714],[139.64002,35.71394],[139.6407,35.71383],[139.64121,35.71351],[139.64133,35.71335],[139.64133,35.71318],[139.6412,35.71301],[139.64083,35.71277],[139.6406,35.71267],[139.64031,35.71263],[139.64001,35.71277],[139.6399,35.71307],[139.63979,35.71312],[139.63863,35.71308],[139.63847,35.71314],[139.63828,35.71333],[139.6379,35.71343],[139.63725,35.7134],[139.63641,35.7131],[139.63624,35.71311],[139.63593,35.71328],[139.63571,35.71334],[139.63447,35.71332],[139.634,35.71353],[139.63365,35.71397],[139.63349,35.71441],[139.63352,35.71465],[139.63365,35.71485],[139.634,35.71508],[139.63464,35.71523],[139.63562,35.71522],[139.63639,35.71511],[139.6369,35.71489],[139.63747,35.71441],[139.63776,35.71428],[139.63833,35.7142],[139.63901,35.71426],[139.6395,35.71425],[139.6397,35.71419]]],[[[139.68637,35.76554],[139.68626,35.76513],[139.68621,35.76452],[139.68612,35.7643],[139.68597,35.76416],[139.68567,35.76403],[139.68544,35.76383],[139.68507,35.76332],[139.68433,35.76211],[139.68387,35.76169],[139.68366,35.76126],[139.68322,35.75997],[139.68304,35.75969],[139.68259,35.75927],[139.68249,35.75885],[139.68257,35.75785],[139.68255,35.75754],[139.68248,35.75732],[139.68229,35.75711],[139.6822,35.75689],[139.68212,35.75641],[139.68209,35.7556],[139.68199,35.75522],[139.68162,35.75492],[139.68149,35.75458],[139.68129,35.75452],[139.68081,35.75447],[139.68036,35.75422],[139.68024,35.75422],[139.6801,35.75436],[139.67987,35.75482],[139.67972,35.75492],[139.67935,35.75501],[139.67915,35.75545],[139.67909,35.756],[139.67908,35.75709],[139.67915,35.75769],[139.67926,35.75813],[139.67943,35.75841],[139.6797,35.7587],[139.67982,35.75894],[139.67998,35.76002],[139.68008,35.76012],[139.68028,35.76017],[139.68052,35.76036],[139.68101,35.76108],[139.68124,35.76162],[139.68148,35.76257],[139.68161,35.76287],[139.68191,35.7632],[139.68229,35.76339],[139.68255,35.76363],[139.68263,35.76382],[139.68274,35.76438],[139.68312,35.76468],[139.68328,35.76529],[139.68388,35.76599],[139.68393,35.76619],[139.68387,35.76652],[139.68391,35.76674],[139.68422,35.76708],[139.68484,35.76742],[139.6853,35.76758],[139.68572,35.76766],[139.68611,35.76765],[139.68662,35.76749],[139.68694,35.76723],[139.68705,35.767],[139.68707,35.76673],[139.68699,35.76635],[139.68688,35.76613],[139.68652,35.76576],[139.68637,35.76554]]],[[[139.67949,35.7727],[139.67962,35.77261],[139.67981,35.7723],[139.67998,35.77215],[139.68041,35.77195],[139.681,35.77177],[139.68151,35.77151],[139.68236,35.77067],[139.68265,35.77051],[139.6833,35.77034],[139.68356,35.7702],[139.68375,35.76998],[139.68387,35.7697],[139.68392,35.76938],[139.68388,35.76913],[139.68383,35.76903],[139.68361,35.76887],[139.68292,35.76871],[139.68292,35.76849],[139.68257,35.76821],[139.68242,35.76815],[139.68234,35.76835],[139.68211,35.76851],[139.68089,35.76893],[139.68034,35.76923],[139.67995,35.76962],[139.6798,35.76999],[139.67968,35.77004],[139.67931,35.77008],[139.67908,35.77024],[139.67883,35.77083],[139.67853,35.77119],[139.67823,35.77139],[139.67766,35.77166],[139.67744,35.77186],[139.67738,35.77209],[139.67747,35.77235],[139.67769,35.77272],[139.67768,35.77288],[139.67764,35.77293],[139.67693,35.77306],[139.67685,35.77313],[139.67681,35.77329],[139.6767,35.77343],[139.676,35.77366],[139.6772,35.77379],[139.67771,35.77376],[139.67781,35.77366],[139.67776,35.77343],[139.67786,35.77328],[139.67802,35.77322],[139.67859,35.77317],[139.67871,35.77311],[139.67878,35.77291],[139.67889,35.77281],[139.67949,35.7727]]],[[[139.71367,35.7724],[139.71435,35.77219],[139.71465,35.77204],[139.71487,35.77175],[139.71488,35.77144],[139.7145,35.77097],[139.7142,35.77014],[139.71405,35.76993],[139.71385,35.76987],[139.7137,35.76994],[139.71362,35.77009],[139.71359,35.77033],[139.7135,35.77046],[139.71324,35.77061],[139.71267,35.7708],[139.71255,35.77092],[139.71247,35.77124],[139.71232,35.77143],[139.71186,35.77173],[139.71141,35.77196],[139.71074,35.77237],[139.71059,35.77256],[139.71056,35.77273],[139.71067,35.77296],[139.71082,35.7731],[139.71118,35.77328],[139.71149,35.77334],[139.71201,35.7733],[139.7126,35.7731],[139.71322,35.7728],[139.71367,35.7724]]],[[[139.66555,35.78396],[139.66563,35.78445],[139.66562,35.78474],[139.6655,35.78565],[139.66535,35.78624],[139.66505,35.78667],[139.66529,35.78674],[139.6654,35.78686],[139.66568,35.78777],[139.66587,35.78803],[139.66618,35.78817],[139.66637,35.7882],[139.66717,35.78819],[139.66732,35.7883],[139.66728,35.78852],[139.66682,35.78916],[139.66667,35.78947],[139.66647,35.79044],[139.66638,35.79053],[139.6662,35.79056],[139.66615,35.79061],[139.66651,35.79134],[139.6666,35.7921],[139.66669,35.79228],[139.66683,35.79241],[139.66715,35.7925],[139.66787,35.79246],[139.66863,35.79233],[139.66886,35.79222],[139.66906,35.79206],[139.6692,35.79184],[139.66937,35.79125],[139.66939,35.79088],[139.66922,35.78955],[139.66898,35.78862],[139.66879,35.78828],[139.66849,35.78812],[139.66833,35.78794],[139.66815,35.78748],[139.66807,35.78706],[139.66802,35.78563],[139.66813,35.78228],[139.66803,35.78122],[139.66788,35.78089],[139.6674,35.78054],[139.66695,35.77994],[139.66669,35.77977],[139.6665,35.77973],[139.66612,35.77983],[139.66576,35.78005],[139.66478,35.78087],[139.66435,35.78136],[139.66406,35.78181],[139.66394,35.78224],[139.66393,35.78245],[139.66402,35.78282],[139.6642,35.78311],[139.66446,35.78331],[139.66463,35.78338],[139.6652,35.78353],[139.66546,35.78378],[139.66555,35.78396]]],[[[139.65551,35.78455],[139.65561,35.78473],[139.65559,35.78511],[139.65537,35.78588],[139.65542,35.78623],[139.65554,35.78641],[139.65577,35.78662],[139.65633,35.78686],[139.6564,35.78696],[139.65633,35.78715],[139.656,35.78748],[139.65595,35.78773],[139.65622,35.78822],[139.65623,35.78842],[139.65615,35.78872],[139.65643,35.78924],[139.65657,35.78962],[139.65691,35.79131],[139.65714,35.79201],[139.65749,35.79251],[139.65796,35.79281],[139.65824,35.79289],[139.65883,35.79293],[139.65949,35.79293],[139.65978,35.79287],[139.65995,35.79276],[139.66,35.79268],[139.65997,35.79226],[139.65945,35.79099],[139.65921,35.79026],[139.65893,35.78894],[139.65871,35.78741],[139.65851,35.78657],[139.65811,35.78565],[139.65763,35.7851],[139.65734,35.78456],[139.65728,35.78418],[139.65738,35.7833],[139.65733,35.7829],[139.65717,35.78276],[139.65698,35.78273],[139.65625,35.78278],[139.65606,35.78275],[139.65599,35.78265],[139.656,35.78257],[139.65615,35.78215],[139.656,35.78185],[139.65516,35.78131],[139.65497,35.78111],[139.65476,35.78069],[139.65463,35.78055],[139.65433,35.78048],[139.65407,35.78052],[139.65381,35.78069],[139.65377,35.78087],[139.65404,35.78171],[139.65397,35.78212],[139.65413,35.78233],[139.6546,35.78267],[139.65479,35.78289],[139.65494,35.7833],[139.65504,35.78405],[139.65515,35.78426],[139.65551,35.78455]]],[[[139.6956,35.78732],[139.69598,35.78759],[139.69612,35.78775],[139.69649,35.78847],[139.69661,35.78854],[139.69681,35.78858],[139.69695,35.78871],[139.69757,35.79002],[139.698,35.79041],[139.69808,35.79065],[139.69814,35.79119],[139.69853,35.79194],[139.69854,35.7923],[139.69846,35.79291],[139.6985,35.79307],[139.69873,35.79323],[139.69882,35.79341],[139.69873,35.79399],[139.69875,35.79414],[139.69882,35.79425],[139.69895,35.79432],[139.69918,35.79429],[139.69975,35.79404],[139.70059,35.79353],[139.70127,35.79299],[139.7015,35.79265],[139.70156,35.79235],[139.70145,35.79196],[139.70129,35.79167],[139.701,35.79134],[139.70095,35.7912],[139.70104,35.7907],[139.70095,35.7906],[139.70067,35.79053],[139.70048,35.78996],[139.70022,35.7897],[139.69984,35.78944],[139.69965,35.78924],[139.69949,35.78888],[139.69947,35.78848],[139.69939,35.78822],[139.6993,35.78813],[139.69909,35.78808],[139.69893,35.78792],[139.69866,35.78744],[139.69817,35.78638],[139.69801,35.78612],[139.69773,35.78588],[139.69763,35.78557],[139.69757,35.78507],[139.69752,35.78359],[139.69739,35.78302],[139.69729,35.78283],[139.69716,35.78269],[139.69701,35.7826],[139.69682,35.78257],[139.69644,35.78264],[139.69615,35.78275],[139.69592,35.78299],[139.69587,35.78331],[139.69576,35.78352],[139.69544,35.78381],[139.69511,35.78398],[139.69484,35.78416],[139.69468,35.78435],[139.69463,35.78467],[139.69479,35.78506],[139.6949,35.78519],[139.69515,35.78536],[139.69525,35.78554],[139.69532,35.78599],[139.69534,35.78662],[139.69546,35.78711],[139.6956,35.78732]]],[[[139.71689,35.78983],[139.71726,35.78993],[139.71757,35.78988],[139.71778,35.78976],[139.71799,35.78956],[139.71828,35.78917],[139.71838,35.78896],[139.71839,35.78881],[139.71812,35.78855],[139.71811,35.78836],[139.71816,35.7882],[139.71812,35.78813],[139.718,35.78808],[139.71717,35.78804],[139.71564,35.78816],[139.7147,35.78828],[139.71406,35.78841],[139.71374,35.78857],[139.7137,35.78865],[139.71374,35.78873],[139.71391,35.78888],[139.71422,35.789],[139.71579,35.78923],[139.7162,35.78934],[139.71649,35.78947],[139.71689,35.78983]]],[[[139.65089,35.78827],[139.65122,35.78786],[139.65077,35.78772],[139.65056,35.78753],[139.65039,35.78728],[139.65034,35.78707],[139.65043,35.7867],[139.65006,35.78602],[139.64996,35.78526],[139.64988,35.78509],[139.6497,35.785],[139.64956,35.78499],[139.64887,35.78511],[139.64859,35.78397],[139.64842,35.78378],[139.64823,35.78375],[139.64813,35.78368],[139.64807,35.78355],[139.64805,35.78325],[139.64794,35.78309],[139.6477,35.78301],[139.64708,35.78306],[139.64657,35.78318],[139.64609,35.78344],[139.64596,35.78367],[139.64603,35.78407],[139.64617,35.78436],[139.64647,35.78461],[139.64652,35.78475],[139.64647,35.7851],[139.6463,35.78557],[139.6463,35.7858],[139.64633,35.78588],[139.64648,35.78599],[139.64685,35.78603],[139.64711,35.78615],[139.64719,35.78631],[139.6473,35.78687],[139.64764,35.7872],[139.6478,35.78771],[139.64807,35.78936],[139.64821,35.78982],[139.64868,35.79085],[139.64882,35.79148],[139.64895,35.79247],[139.64913,35.79503],[139.65086,35.79459],[139.65149,35.79434],[139.65183,35.79407],[139.65194,35.79392],[139.65202,35.79377],[139.65206,35.79339],[139.652,35.79284],[139.65184,35.79212],[139.65101,35.78952],[139.6508,35.78865],[139.65089,35.78827]]],[[[139.67858,35.79369],[139.67847,35.79381],[139.67845,35.79397],[139.6785,35.79414],[139.67869,35.79437],[139.67892,35.79452],[139.67923,35.7946],[139.67975,35.79463],[139.67996,35.79469],[139.68018,35.79484],[139.68044,35.79524],[139.68062,35.7953],[139.68083,35.79527],[139.68111,35.79508],[139.68136,35.79472],[139.68146,35.79434],[139.68151,35.79371],[139.68162,35.79346],[139.68194,35.79322],[139.68242,35.79311],[139.68279,35.79293],[139.683,35.79265],[139.68301,35.79244],[139.68282,35.79229],[139.68243,35.79219],[139.6804,35.7921],[139.67952,35.79199],[139.67902,35.79189],[139.6785,35.79182],[139.67833,35.79187],[139.67829,35.79192],[139.67833,35.79207],[139.67846,35.79226],[139.67857,35.79234],[139.67887,35.79242],[139.67899,35.79274],[139.67895,35.79334],[139.67882,35.79355],[139.67858,35.79369]]],[[[139.76031,35.54902],[139.76044,35.54942],[139.76067,35.5496],[139.76115,35.54971],[139.76221,35.54975],[139.76269,35.54965],[139.76298,35.5494],[139.76308,35.54901],[139.76286,35.54772],[139.76284,35.54729],[139.76291,35.54658],[139.76282,35.54629],[139.76248,35.54594],[139.76191,35.54568],[139.76163,35.54549],[139.76145,35.54529],[139.76137,35.54496],[139.76127,35.54481],[139.76102,35.54476],[139.76085,35.54477],[139.76013,35.54495],[139.75968,35.54515],[139.75937,35.54539],[139.7592,35.54568],[139.75916,35.546],[139.75921,35.54631],[139.75933,35.54657],[139.75952,35.5468],[139.7599,35.54708],[139.76016,35.54752],[139.76025,35.54793],[139.76031,35.54902]]],[[[139.74981,35.55344],[139.75006,35.55325],[139.75041,35.55314],[139.75109,35.55311],[139.75151,35.55304],[139.75188,35.55291],[139.75219,35.55273],[139.75256,35.55237],[139.75271,35.5521],[139.75281,35.55163],[139.75278,35.55118],[139.75262,35.55088],[139.75226,35.5507],[139.75211,35.55049],[139.75217,35.54967],[139.75212,35.54952],[139.75189,35.54934],[139.7518,35.54914],[139.75164,35.54756],[139.75144,35.54722],[139.75116,35.54709],[139.75097,35.54685],[139.75087,35.54612],[139.75068,35.54571],[139.75029,35.54539],[139.74962,35.54512],[139.74912,35.54502],[139.74841,35.54501],[139.7482,35.54473],[139.74797,35.54463],[139.74763,35.54458],[139.74689,35.54456],[139.74646,35.54459],[139.74618,35.54466],[139.74605,35.54478],[139.74608,35.54494],[139.74629,35.54517],[139.74665,35.54537],[139.74726,35.54561],[139.74752,35.54582],[139.74775,35.54658],[139.74845,35.54775],[139.74876,35.54813],[139.74917,35.54844],[139.74954,35.54917],[139.74978,35.54935],[139.75006,35.54946],[139.75021,35.54964],[139.75021,35.54991],[139.7501,35.55022],[139.74994,35.55043],[139.74969,35.55059],[139.74956,35.5508],[139.74949,35.5514],[139.74938,35.5517],[139.74923,35.55183],[139.74878,35.55204],[139.7486,35.55229],[139.74847,35.5526],[139.74834,35.55276],[139.74816,35.55285],[139.74792,35.5529],[139.74766,35.55288],[139.74736,35.55276],[139.74723,35.5526],[139.7471,35.55229],[139.74688,35.55208],[139.74667,35.55201],[139.74613,35.55196],[139.74571,35.55183],[139.7453,35.55161],[139.74503,35.55132],[139.74475,35.55085],[139.74447,35.55022],[139.74398,35.54858],[139.74377,35.54735],[139.74367,35.54552],[139.74355,35.54508],[139.74336,35.54483],[139.74324,35.54478],[139.74264,35.54471],[139.74256,35.54467],[139.74213,35.54483],[139.7396,35.54516],[139.73947,35.54511],[139.73941,35.54526],[139.7392,35.54544],[139.73978,35.54575],[139.7401,35.54617],[139.74032,35.54677],[139.74026,35.54721],[139.74034,35.54729],[139.7407,35.54744],[139.74093,35.54774],[139.7413,35.54912],[139.74141,35.54926],[139.74166,35.54935],[139.74174,35.5495],[139.74181,35.55022],[139.74192,35.55055],[139.74224,35.55106],[139.74295,35.55189],[139.74314,35.55234],[139.74325,35.55305],[139.74362,35.55339],[139.74354,35.55365],[139.74356,35.55377],[139.74364,35.55388],[139.7439,35.55405],[139.74407,35.55436],[139.74422,35.55533],[139.74428,35.55744],[139.74436,35.55832],[139.74452,35.55897],[139.74474,35.55937],[139.74502,35.55958],[139.74547,35.5598],[139.74661,35.55995],[139.74672,35.56003],[139.74676,35.56023],[139.74687,35.56031],[139.74705,35.56033],[139.74739,35.56018],[139.74792,35.55982],[139.74858,35.55925],[139.74874,35.55905],[139.74896,35.55866],[139.74901,35.55826],[139.74887,35.55769],[139.74885,35.55722],[139.74895,35.55698],[139.74937,35.55657],[139.7495,35.55631],[139.74945,35.5561],[139.74914,35.5559],[139.74913,35.55581],[139.74965,35.55559],[139.74974,35.55551],[139.7498,35.55531],[139.74993,35.55526],[139.7504,35.55533],[139.75143,35.5556],[139.75213,35.55499],[139.75225,35.55479],[139.75226,35.55467],[139.75222,35.55462],[139.75183,35.55452],[139.75041,35.55445],[139.74996,35.55435],[139.7497,35.55416],[139.74964,35.55403],[139.74966,35.55371],[139.74981,35.55344]]],[[[139.75498,35.55264],[139.75552,35.55214],[139.75605,35.55188],[139.75646,35.55179],[139.75734,35.55174],[139.75625,35.5515],[139.7557,35.55126],[139.75517,35.55095],[139.75481,35.55081],[139.75422,35.55074],[139.75382,35.55077],[139.75348,35.55089],[139.75325,35.5511],[139.75312,35.55139],[139.75311,35.55194],[139.75319,35.55225],[139.75335,35.55248],[139.75357,35.55265],[139.75407,35.55283],[139.75443,35.5529],[139.75467,35.55285],[139.75498,35.55264]]],[[[139.74996,35.63354],[139.75035,35.63373],[139.75071,35.63378],[139.75101,35.63368],[139.75123,35.63342],[139.75159,35.63264],[139.75188,35.63239],[139.75226,35.63225],[139.75242,35.63223],[139.75237,35.63195],[139.75238,35.63111],[139.75228,35.63],[139.75217,35.62997],[139.75136,35.63001],[139.75102,35.63011],[139.7508,35.6303],[139.75049,35.63034],[139.74989,35.63026],[139.74964,35.63014],[139.74963,35.63005],[139.74989,35.62971],[139.74998,35.62925],[139.74995,35.62896],[139.74968,35.62847],[139.74913,35.62792],[139.74843,35.62739],[139.74781,35.62706],[139.74713,35.62684],[139.74693,35.62661],[139.74688,35.62644],[139.74687,35.626],[139.74706,35.62472],[139.747,35.62445],[139.74694,35.62437],[139.74676,35.62433],[139.74657,35.62452],[139.74637,35.62528],[139.74624,35.62661],[139.74623,35.62775],[139.74627,35.62801],[139.74639,35.62832],[139.74648,35.62839],[139.74669,35.62843],[139.74692,35.62864],[139.74716,35.62902],[139.74742,35.62957],[139.7477,35.63021],[139.74811,35.63087],[139.74839,35.63112],[139.74879,35.63128],[139.7489,35.63136],[139.74909,35.63161],[139.74922,35.63198],[139.74936,35.63269],[139.74953,35.63309],[139.7498,35.63341],[139.74996,35.63354]]],[[[139.75178,35.64164],[139.75219,35.64169],[139.75264,35.64167],[139.75295,35.64158],[139.75312,35.64142],[139.75316,35.64132],[139.75303,35.64081],[139.75282,35.64056],[139.75244,35.64039],[139.75221,35.64018],[139.75184,35.63928],[139.75172,35.63915],[139.75153,35.63904],[139.7514,35.63886],[139.75131,35.63826],[139.75115,35.63796],[139.75088,35.6377],[139.75057,35.63751],[139.75026,35.63741],[139.75005,35.6374],[139.74989,35.63749],[139.74977,35.63768],[139.7497,35.63799],[139.7497,35.63863],[139.74988,35.63944],[139.75025,35.64012],[139.75061,35.64055],[139.75101,35.64083],[139.75128,35.64139],[139.75148,35.64154],[139.75178,35.64164]]],[[[139.75898,35.64462],[139.75812,35.64484],[139.75766,35.6449],[139.75709,35.64484],[139.75653,35.64456],[139.75628,35.64449],[139.75595,35.64449],[139.75577,35.64456],[139.75569,35.64469],[139.75571,35.64487],[139.75618,35.64563],[139.75631,35.64612],[139.75641,35.64622],[139.75683,35.64618],[139.75782,35.64582],[139.75861,35.64564],[139.75916,35.64563],[139.75908,35.64541],[139.75908,35.64497],[139.76035,35.64498],[139.76036,35.64451],[139.75977,35.64452],[139.75898,35.64462]]],[[[139.77786,35.65182],[139.77737,35.65185],[139.77711,35.65191],[139.77703,35.65199],[139.77702,35.65214],[139.77714,35.65227],[139.77739,35.6523],[139.7776,35.6524],[139.77795,35.65275],[139.77823,35.6529],[139.7786,35.65297],[139.77901,35.65294],[139.77956,35.65275],[139.77984,35.65259],[139.78005,35.6524],[139.78021,35.65206],[139.78017,35.65166],[139.77988,35.6513],[139.77933,35.65104],[139.77856,35.65087],[139.77788,35.65084],[139.77772,35.65091],[139.77766,35.65112],[139.77775,35.65123],[139.77806,35.65144],[139.7781,35.65169],[139.77801,35.65177],[139.77786,35.65182]]],[[[139.74839,35.68209],[139.74862,35.68196],[139.74931,35.68175],[139.74949,35.6816],[139.74954,35.68143],[139.74944,35.68126],[139.74885,35.68083],[139.74853,35.68032],[139.74837,35.68023],[139.74817,35.68022],[139.74804,35.68029],[139.74797,35.68052],[139.74789,35.6806],[139.74773,35.68065],[139.74724,35.68068],[139.74695,35.68084],[139.74681,35.68104],[139.74655,35.68176],[139.7463,35.68205],[139.74614,35.68222],[139.74606,35.68238],[139.74605,35.6825],[139.74613,35.68261],[139.74644,35.68278],[139.74699,35.68295],[139.7475,35.68297],[139.74776,35.68286],[139.74787,35.68277],[139.7481,35.68239],[139.74839,35.68209]]],[[[139.75187,35.6819],[139.75221,35.6823],[139.75262,35.68262],[139.75294,35.68274],[139.7533,35.68278],[139.7545,35.68259],[139.75468,35.68263],[139.75477,35.68273],[139.75475,35.68283],[139.75461,35.68292],[139.75339,35.6832],[139.75326,35.68329],[139.75315,35.68359],[139.75282,35.68381],[139.75284,35.68387],[139.75305,35.68399],[139.75315,35.6841],[139.75323,35.68445],[139.75315,35.68494],[139.75279,35.6854],[139.75278,35.68562],[139.75288,35.68586],[139.7531,35.68602],[139.75331,35.68607],[139.75358,35.68608],[139.75385,35.68599],[139.75427,35.68566],[139.75525,35.68431],[139.75548,35.68415],[139.75571,35.68414],[139.75588,35.68431],[139.75585,35.68448],[139.75559,35.6849],[139.75479,35.68588],[139.75471,35.68614],[139.75474,35.68622],[139.75494,35.68631],[139.75567,35.68638],[139.75626,35.68667],[139.75697,35.68663],[139.75709,35.68676],[139.75718,35.68712],[139.75737,35.68727],[139.75756,35.68734],[139.75824,35.68741],[139.75959,35.68746],[139.75997,35.68756],[139.76017,35.68775],[139.76019,35.68788],[139.76,35.68858],[139.76005,35.68877],[139.76017,35.68879],[139.76035,35.68853],[139.76045,35.68815],[139.76057,35.68727],[139.76057,35.68646],[139.76041,35.68598],[139.76013,35.68575],[139.7599,35.68536],[139.75966,35.68427],[139.7595,35.68394],[139.75928,35.68375],[139.75898,35.6837],[139.7584,35.68384],[139.75796,35.68411],[139.75775,35.68394],[139.75724,35.68326],[139.75688,35.6831],[139.75662,35.68312],[139.75617,35.68335],[139.75601,35.68352],[139.75599,35.68368],[139.75591,35.68379],[139.75569,35.68383],[139.75557,35.68378],[139.75545,35.68353],[139.75547,35.68314],[139.75557,35.68297],[139.75582,35.68292],[139.75595,35.68282],[139.75598,35.68248],[139.75589,35.68238],[139.75574,35.68233],[139.75525,35.68237],[139.75501,35.68225],[139.75491,35.68214],[139.75473,35.68181],[139.75431,35.68057],[139.75403,35.68019],[139.75369,35.68002],[139.75348,35.67999],[139.75333,35.68003],[139.75307,35.68015],[139.75255,35.68051],[139.75219,35.68064],[139.75168,35.68069],[139.75153,35.6808],[139.75149,35.68088],[139.75155,35.68126],[139.75187,35.6819]]],[[[139.7515,35.68716],[139.75157,35.68682],[139.75145,35.68655],[139.75097,35.68613],[139.75033,35.68579],[139.74994,35.68571],[139.74963,35.68577],[139.7494,35.68576],[139.74906,35.68547],[139.74862,35.6854],[139.74843,35.68551],[139.74825,35.68575],[139.74795,35.68667],[139.7478,35.68776],[139.74786,35.68816],[139.74798,35.68835],[139.74829,35.68857],[139.7492,35.68881],[139.74943,35.68893],[139.74975,35.68921],[139.74991,35.6892],[139.75018,35.68893],[139.7508,35.68792],[139.7515,35.68716]]],[[[139.74964,35.69103],[139.74964,35.69146],[139.74972,35.69165],[139.75018,35.69177],[139.75065,35.69209],[139.75091,35.69237],[139.75122,35.69299],[139.75138,35.69313],[139.75174,35.6932],[139.75248,35.69306],[139.75275,35.6929],[139.75295,35.69261],[139.75347,35.69297],[139.75367,35.69298],[139.75388,35.69288],[139.75409,35.69238],[139.75421,35.6917],[139.75418,35.69129],[139.75411,35.69113],[139.75387,35.69091],[139.75369,35.69084],[139.7528,35.69077],[139.75241,35.69067],[139.75202,35.69047],[139.75129,35.68991],[139.75065,35.68958],[139.75046,35.68953],[139.75022,35.68956],[139.75,35.68969],[139.74989,35.68999],[139.74976,35.6901],[139.74867,35.6905],[139.74846,35.69067],[139.74857,35.69084],[139.74889,35.69099],[139.74964,35.69103]]],[[[139.75851,35.75873],[139.75851,35.75898],[139.75857,35.75912],[139.75884,35.75928],[139.75943,35.75934],[139.75962,35.75942],[139.75978,35.75969],[139.75983,35.76008],[139.76003,35.76027],[139.76018,35.76034],[139.76061,35.76043],[139.76119,35.76045],[139.76197,35.76036],[139.76236,35.76024],[139.76264,35.76005],[139.76312,35.75963],[139.7635,35.7595],[139.76344,35.75934],[139.76313,35.75893],[139.76309,35.7587],[139.76313,35.75859],[139.7633,35.75836],[139.76376,35.75803],[139.76405,35.75772],[139.76411,35.75754],[139.76405,35.75729],[139.7641,35.7571],[139.76422,35.75701],[139.76464,35.75684],[139.76476,35.7567],[139.76482,35.75646],[139.76508,35.75639],[139.76518,35.75631],[139.76523,35.7558],[139.76517,35.75538],[139.76509,35.75518],[139.76478,35.75487],[139.76456,35.75476],[139.76397,35.75462],[139.7636,35.75459],[139.76229,35.75462],[139.76131,35.75469],[139.75909,35.75497],[139.75747,35.75527],[139.75703,35.75546],[139.75708,35.75562],[139.75721,35.75571],[139.75803,35.75599],[139.75812,35.75608],[139.75822,35.75634],[139.7586,35.75652],[139.75875,35.75667],[139.7588,35.75713],[139.75851,35.75873]]],[[[139.77036,35.76031],[139.77096,35.76037],[139.77108,35.76034],[139.77113,35.7602],[139.77124,35.76014],[139.77178,35.76001],[139.77275,35.75987],[139.77624,35.75948],[139.77679,35.75936],[139.77681,35.75931],[139.77586,35.7592],[139.77452,35.75918],[139.77332,35.75925],[139.77232,35.75938],[139.77189,35.75935],[139.77166,35.75921],[139.77163,35.7591],[139.77175,35.75864],[139.77172,35.75841],[139.77165,35.75833],[139.77141,35.75822],[139.77123,35.7582],[139.77018,35.75825],[139.76983,35.75832],[139.76964,35.75844],[139.76989,35.75864],[139.77,35.75885],[139.77001,35.75925],[139.76989,35.75943],[139.76966,35.75945],[139.76932,35.7593],[139.76921,35.75911],[139.76917,35.75881],[139.76906,35.75868],[139.76888,35.75865],[139.76867,35.75871],[139.76815,35.75896],[139.76672,35.75979],[139.7664,35.75994],[139.76601,35.76004],[139.7659,35.76021],[139.76582,35.76078],[139.76569,35.76096],[139.76556,35.76103],[139.76535,35.76122],[139.76532,35.76138],[139.76537,35.76147],[139.76568,35.76157],[139.76607,35.76157],[139.76651,35.76142],[139.76682,35.76112],[139.76714,35.76096],[139.76849,35.7608],[139.76987,35.76035],[139.77036,35.76031]]],[[[139.77812,35.79092],[139.77667,35.79088],[139.77502,35.7909],[139.77404,35.79098],[139.77386,35.79102],[139.77361,35.79121],[139.77345,35.79125],[139.77258,35.79118],[139.77234,35.79122],[139.77183,35.7914],[139.77122,35.79148],[139.76967,35.79154],[139.76637,35.79159],[139.76512,35.79169],[139.76399,35.7919],[139.7633,35.79191],[139.76282,35.79187],[139.76235,35.7919],[139.7619,35.79204],[139.76168,35.79215],[139.76104,35.79266],[139.76076,35.79303],[139.76068,35.79321],[139.76065,35.79354],[139.7608,35.79384],[139.76114,35.7941],[139.76172,35.7943],[139.7621,35.79437],[139.7636,35.79447],[139.76565,35.79443],[139.76641,35.79433],[139.76691,35.794],[139.76784,35.79372],[139.76904,35.7936],[139.77057,35.79356],[139.77139,35.79344],[139.77169,35.79328],[139.77204,35.79273],[139.7722,35.79262],[139.77263,35.79244],[139.77275,35.79231],[139.77278,35.79216],[139.77287,35.79211],[139.77325,35.7922],[139.77362,35.79238],[139.77388,35.79259],[139.77416,35.79299],[139.77452,35.7932],[139.7753,35.79343],[139.77608,35.7935],[139.77736,35.79345],[139.77819,35.79331],[139.77871,35.79306],[139.77912,35.79257],[139.77939,35.79239],[139.77959,35.79233],[139.77968,35.79238],[139.77975,35.7925],[139.77983,35.79299],[139.77979,35.79587],[139.77995,35.79685],[139.78016,35.79716],[139.78053,35.79735],[139.78072,35.79751],[139.78112,35.79823],[139.78123,35.7983],[139.78137,35.79831],[139.78147,35.79827],[139.78151,35.79817],[139.78142,35.79762],[139.78145,35.7975],[139.78152,35.79743],[139.78171,35.79739],[139.78188,35.79717],[139.78217,35.79604],[139.78234,35.79571],[139.78252,35.79552],[139.78255,35.79539],[139.78244,35.79517],[139.78215,35.79491],[139.78188,35.79456],[139.78137,35.79357],[139.78116,35.79338],[139.78097,35.79335],[139.7809,35.79329],[139.78088,35.79313],[139.78096,35.7929],[139.7809,35.79267],[139.78078,35.79254],[139.78036,35.79226],[139.78024,35.79209],[139.78023,35.79198],[139.78032,35.79182],[139.7807,35.79172],[139.78086,35.79117],[139.78106,35.79097],[139.78158,35.79059],[139.7819,35.79008],[139.78201,35.79001],[139.78226,35.78997],[139.78233,35.78991],[139.78228,35.78952],[139.78237,35.78936],[139.78272,35.78916],[139.78348,35.78897],[139.78394,35.78892],[139.78453,35.78898],[139.78464,35.78885],[139.78467,35.78862],[139.78474,35.78846],[139.78512,35.78836],[139.78529,35.78826],[139.78578,35.7878],[139.78609,35.78758],[139.7863,35.78751],[139.78672,35.78747],[139.78713,35.78728],[139.78757,35.78689],[139.78769,35.78669],[139.78772,35.78653],[139.78781,35.78647],[139.78819,35.78647],[139.78863,35.78663],[139.78876,35.78675],[139.78883,35.7871],[139.78889,35.78714],[139.78946,35.78687],[139.79045,35.7867],[139.79142,35.78666],[139.79261,35.78674],[139.79301,35.78673],[139.79347,35.7866],[139.79407,35.78621],[139.79451,35.78611],[139.79472,35.78594],[139.79513,35.78539],[139.79527,35.78529],[139.79555,35.78522],[139.79544,35.78503],[139.79506,35.78473],[139.7948,35.78461],[139.79443,35.78453],[139.79435,35.78443],[139.79431,35.78423],[139.79416,35.78413],[139.79396,35.78414],[139.79375,35.78426],[139.79326,35.78488],[139.79323,35.78477],[139.79316,35.78472],[139.79254,35.78465],[139.79024,35.78471],[139.78905,35.78467],[139.78832,35.7845],[139.78807,35.78433],[139.78793,35.78416],[139.7879,35.78391],[139.78813,35.78354],[139.78823,35.78316],[139.78826,35.78268],[139.78822,35.78241],[139.78806,35.78216],[139.78762,35.78206],[139.78751,35.78199],[139.78738,35.78152],[139.7873,35.78145],[139.78706,35.78141],[139.78701,35.78135],[139.78725,35.78093],[139.78738,35.78049],[139.78743,35.77985],[139.78739,35.77915],[139.78723,35.7786],[139.78672,35.77782],[139.78676,35.77737],[139.78651,35.77719],[139.78644,35.77709],[139.78648,35.77623],[139.78632,35.77573],[139.78606,35.77515],[139.78598,35.77478],[139.78601,35.77441],[139.78633,35.77369],[139.78648,35.7729],[139.78648,35.77182],[139.78632,35.77041],[139.78615,35.76983],[139.78602,35.76967],[139.78561,35.76951],[139.785,35.76947],[139.78439,35.76954],[139.78403,35.76967],[139.78384,35.76979],[139.78368,35.76999],[139.78367,35.77014],[139.78373,35.77038],[139.78367,35.77051],[139.78338,35.77066],[139.78291,35.77077],[139.78267,35.77094],[139.78248,35.77134],[139.78246,35.77171],[139.78251,35.77215],[139.78259,35.77233],[139.78291,35.77247],[139.78284,35.77271],[139.78285,35.77282],[139.78301,35.77299],[139.78335,35.77323],[139.78344,35.77337],[139.7834,35.77392],[139.78347,35.77397],[139.78378,35.77402],[139.78399,35.77423],[139.78396,35.77456],[139.78356,35.77519],[139.78345,35.77552],[139.78348,35.77569],[139.78365,35.77588],[139.78374,35.77614],[139.78366,35.77678],[139.78368,35.77704],[139.78384,35.77741],[139.78431,35.77806],[139.78444,35.77863],[139.78482,35.77898],[139.78502,35.7796],[139.78512,35.7803],[139.7851,35.78081],[139.78503,35.78101],[139.78484,35.78113],[139.78475,35.78126],[139.78466,35.78182],[139.78506,35.78508],[139.78507,35.78558],[139.78502,35.78587],[139.78497,35.78592],[139.78479,35.78595],[139.78471,35.78603],[139.78464,35.78638],[139.78453,35.78651],[139.78434,35.78662],[139.78356,35.7868],[139.78315,35.78697],[139.78281,35.7872],[139.78258,35.78744],[139.78237,35.78788],[139.78217,35.78794],[139.78198,35.78795],[139.78182,35.78791],[139.78174,35.78781],[139.78178,35.78734],[139.78165,35.7871],[139.78144,35.78699],[139.78096,35.78689],[139.78064,35.78677],[139.78053,35.78668],[139.78046,35.78644],[139.78004,35.78633],[139.77985,35.78593],[139.77905,35.78531],[139.77896,35.78511],[139.77903,35.78494],[139.77902,35.7848],[139.77876,35.7846],[139.77866,35.78437],[139.7786,35.784],[139.77856,35.78288],[139.77836,35.78207],[139.77812,35.78161],[139.77764,35.78103],[139.77724,35.78066],[139.77704,35.78054],[139.77689,35.78051],[139.77675,35.78036],[139.77654,35.77977],[139.7764,35.77913],[139.77626,35.77783],[139.77637,35.77733],[139.77684,35.77708],[139.77701,35.77672],[139.77739,35.77662],[139.77747,35.77646],[139.77753,35.77611],[139.77766,35.77601],[139.77785,35.77598],[139.77794,35.77588],[139.778,35.77569],[139.77805,35.7751],[139.77816,35.77486],[139.77835,35.77472],[139.77909,35.77461],[139.77935,35.77444],[139.77949,35.77387],[139.77961,35.77374],[139.77997,35.77356],[139.78011,35.77335],[139.78023,35.77279],[139.7803,35.77178],[139.78042,35.77141],[139.78061,35.77116],[139.78125,35.77079],[139.78133,35.77068],[139.7814,35.77044],[139.78172,35.77035],[139.78185,35.77016],[139.7819,35.76961],[139.78182,35.76915],[139.78172,35.76904],[139.78147,35.769],[139.78131,35.76891],[139.78117,35.76871],[139.78114,35.76851],[139.7812,35.76827],[139.78133,35.76805],[139.78153,35.76793],[139.78191,35.76787],[139.7821,35.76765],[139.78218,35.76701],[139.78211,35.76665],[139.78179,35.76623],[139.78146,35.76602],[139.78091,35.76577],[139.78068,35.7656],[139.78055,35.76543],[139.78046,35.7651],[139.7802,35.76489],[139.77975,35.76471],[139.77919,35.76463],[139.77785,35.76459],[139.7766,35.76461],[139.77384,35.76478],[139.77334,35.76488],[139.77303,35.76509],[139.77278,35.76518],[139.77197,35.76531],[139.77109,35.76533],[139.76998,35.76526],[139.76871,35.7651],[139.76782,35.76489],[139.7675,35.76474],[139.76728,35.76444],[139.76715,35.76434],[139.7665,35.76421],[139.76641,35.76398],[139.76632,35.7639],[139.76606,35.76384],[139.76549,35.76379],[139.76534,35.76368],[139.76525,35.76349],[139.765,35.76345],[139.76454,35.7635],[139.76424,35.76359],[139.76387,35.7638],[139.76339,35.76434],[139.76322,35.76441],[139.76292,35.76438],[139.76281,35.76442],[139.76261,35.76469],[139.7624,35.76524],[139.76197,35.76703],[139.76154,35.76827],[139.76119,35.76894],[139.76032,35.77009],[139.76006,35.77056],[139.76015,35.77077],[139.76043,35.77083],[139.7605,35.7709],[139.76046,35.77166],[139.76061,35.772],[139.76092,35.77231],[139.76119,35.77241],[139.76151,35.77241],[139.76245,35.77212],[139.76271,35.77207],[139.76289,35.7721],[139.76298,35.77219],[139.76318,35.77229],[139.76355,35.77235],[139.76481,35.77239],[139.76564,35.77235],[139.766,35.77224],[139.76598,35.77191],[139.76611,35.77174],[139.76626,35.77164],[139.76678,35.77151],[139.76755,35.7715],[139.76805,35.7716],[139.7687,35.77195],[139.76948,35.77214],[139.77025,35.77223],[139.77284,35.77241],[139.77368,35.77252],[139.7741,35.77271],[139.77438,35.77308],[139.77463,35.77319],[139.77525,35.77329],[139.77654,35.77334],[139.77689,35.77345],[139.77692,35.7736],[139.77679,35.77373],[139.77646,35.77379],[139.77629,35.77415],[139.77581,35.77437],[139.77567,35.7745],[139.77558,35.77468],[139.77546,35.77538],[139.77535,35.7755],[139.77498,35.77557],[139.77479,35.77569],[139.77462,35.77637],[139.77453,35.77644],[139.77422,35.7765],[139.77395,35.77676],[139.77369,35.77686],[139.77328,35.7769],[139.77281,35.77688],[139.7725,35.7768],[139.77234,35.77665],[139.77219,35.7766],[139.77154,35.77654],[139.76969,35.77653],[139.76627,35.7766],[139.76471,35.77656],[139.76424,35.77648],[139.76398,35.77634],[139.76372,35.7763],[139.76264,35.77637],[139.76238,35.77636],[139.7622,35.7763],[139.76193,35.77604],[139.76168,35.776],[139.76142,35.7761],[139.76119,35.77628],[139.76033,35.77712],[139.76016,35.77783],[139.76021,35.77804],[139.76033,35.77823],[139.76052,35.7784],[139.7608,35.77855],[139.76169,35.77876],[139.76288,35.77886],[139.76397,35.77885],[139.76508,35.77869],[139.76591,35.77841],[139.76653,35.77836],[139.76917,35.77863],[139.77299,35.77874],[139.77392,35.77886],[139.77416,35.779],[139.77417,35.77917],[139.77428,35.77939],[139.77471,35.7797],[139.77483,35.77987],[139.77488,35.7802],[139.77481,35.7807],[139.77486,35.78085],[139.77498,35.78094],[139.77527,35.78099],[139.7755,35.78124],[139.77566,35.78175],[139.77579,35.7827],[139.77581,35.78314],[139.77564,35.78327],[139.77497,35.78335],[139.77306,35.78329],[139.77239,35.78333],[139.77222,35.78341],[139.77216,35.78358],[139.77185,35.7838],[139.77144,35.78396],[139.77108,35.784],[139.77064,35.78399],[139.76958,35.78381],[139.76867,35.78374],[139.767,35.7838],[139.766,35.78379],[139.76393,35.78355],[139.76332,35.78359],[139.7629,35.78373],[139.7626,35.78377],[139.76246,35.78373],[139.76229,35.78354],[139.76208,35.78345],[139.76169,35.78344],[139.76126,35.78351],[139.76105,35.7836],[139.76089,35.78375],[139.76051,35.78425],[139.76034,35.78461],[139.76028,35.78505],[139.76034,35.78558],[139.76067,35.78653],[139.76096,35.78706],[139.76111,35.78725],[139.76142,35.78748],[139.76176,35.78752],[139.76221,35.78735],[139.76247,35.78718],[139.76262,35.78685],[139.76303,35.78677],[139.76332,35.78651],[139.76358,35.78645],[139.76572,35.78649],[139.76607,35.78642],[139.76618,35.78636],[139.76629,35.78621],[139.76644,35.78613],[139.76759,35.78598],[139.76979,35.78591],[139.77245,35.78595],[139.77437,35.78608],[139.77524,35.78621],[139.77662,35.78653],[139.77772,35.78664],[139.77798,35.78674],[139.77818,35.78689],[139.77865,35.78752],[139.77914,35.78795],[139.7795,35.78814],[139.77996,35.78817],[139.77997,35.78888],[139.78006,35.78915],[139.78037,35.78937],[139.78106,35.78953],[139.78088,35.79023],[139.78072,35.79051],[139.78061,35.79056],[139.78032,35.79052],[139.78015,35.79059],[139.77967,35.79103],[139.77939,35.79117],[139.77923,35.79117],[139.77909,35.79107],[139.77874,35.79098],[139.77812,35.79092]],[[139.77293,35.76772],[139.77333,35.76779],[139.77442,35.76776],[139.77485,35.76796],[139.77511,35.76802],[139.77571,35.76804],[139.77648,35.76798],[139.77689,35.76801],[139.77717,35.76811],[139.77733,35.76829],[139.77743,35.7685],[139.77784,35.76874],[139.77829,35.76885],[139.7794,35.769],[139.77992,35.76917],[139.78009,35.76932],[139.78015,35.76957],[139.7801,35.76961],[139.77986,35.76955],[139.77961,35.7696],[139.77912,35.76992],[139.77877,35.77005],[139.77851,35.77006],[139.77785,35.77],[139.77761,35.77004],[139.77708,35.77024],[139.77703,35.77019],[139.7771,35.76991],[139.77705,35.76972],[139.77645,35.76942],[139.77631,35.76911],[139.77592,35.76895],[139.77518,35.76887],[139.77492,35.76894],[139.77478,35.7691],[139.77448,35.76924],[139.7736,35.76941],[139.77332,35.76952],[139.77308,35.76976],[139.77304,35.77007],[139.77293,35.77028],[139.77278,35.77035],[139.77248,35.77036],[139.77096,35.76997],[139.76866,35.76974],[139.76743,35.76946],[139.76668,35.76917],[139.7657,35.76863],[139.76532,35.76829],[139.76535,35.76824],[139.76561,35.76821],[139.76607,35.76825],[139.7666,35.76817],[139.76685,35.76804],[139.76701,35.76783],[139.76732,35.76764],[139.7682,35.76743],[139.76907,35.76734],[139.77007,35.7673],[139.77131,35.76734],[139.77197,35.76744],[139.77293,35.76772]]],[[[139.73209,35.78582],[139.7322,35.78526],[139.7323,35.78515],[139.73258,35.78498],[139.73267,35.78473],[139.73256,35.78466],[139.73232,35.78465],[139.73116,35.78485],[139.73024,35.78512],[139.72912,35.7856],[139.72876,35.78566],[139.72863,35.78577],[139.72861,35.78592],[139.72867,35.78629],[139.7288,35.78663],[139.72904,35.78689],[139.72918,35.78693],[139.72936,35.78691],[139.73044,35.78642],[139.73157,35.78617],[139.73185,35.78606],[139.73209,35.78582]]],[[[139.76816,35.80225],[139.76866,35.80206],[139.76904,35.80201],[139.76987,35.802],[139.77133,35.80207],[139.77203,35.80205],[139.77431,35.80177],[139.77465,35.80177],[139.77512,35.80184],[139.77538,35.80183],[139.77646,35.80158],[139.77679,35.80162],[139.77726,35.80188],[139.77774,35.80191],[139.77788,35.80185],[139.77797,35.80176],[139.77809,35.80135],[139.77821,35.80127],[139.77857,35.80123],[139.77881,35.80114],[139.77896,35.80095],[139.77901,35.80072],[139.77891,35.8006],[139.77856,35.80056],[139.77832,35.80046],[139.77807,35.80011],[139.77785,35.8],[139.77729,35.7999],[139.77649,35.79989],[139.77502,35.79996],[139.77388,35.80008],[139.77336,35.80021],[139.77299,35.80048],[139.77253,35.80065],[139.77179,35.80082],[139.77117,35.80086],[139.77092,35.80078],[139.77085,35.80071],[139.77079,35.80031],[139.77069,35.8001],[139.77058,35.80001],[139.77035,35.79994],[139.76978,35.79989],[139.76933,35.79993],[139.76918,35.80003],[139.76911,35.80027],[139.76885,35.80034],[139.76849,35.80023],[139.76785,35.79988],[139.76757,35.79979],[139.76716,35.79974],[139.76652,35.79981],[139.76632,35.79977],[139.76599,35.79958],[139.76572,35.7995],[139.7646,35.79943],[139.7642,35.79947],[139.76401,35.79957],[139.76403,35.79973],[139.76435,35.80006],[139.76441,35.80032],[139.76429,35.80061],[139.76417,35.80076],[139.7638,35.80109],[139.76315,35.80173],[139.76307,35.80188],[139.76307,35.80194],[139.76315,35.80198],[139.76351,35.80204],[139.76418,35.80206],[139.76624,35.80199],[139.76738,35.802],[139.76779,35.80206],[139.76803,35.80224],[139.76816,35.80225]]],[[[139.76565,35.81221],[139.7662,35.81212],[139.76659,35.81198],[139.76724,35.81167],[139.76794,35.81156],[139.76827,35.8113],[139.76854,35.81124],[139.76923,35.81123],[139.77073,35.81132],[139.77145,35.81128],[139.77184,35.8111],[139.77196,35.81079],[139.77205,35.81068],[139.7725,35.8104],[139.77303,35.81033],[139.77392,35.8104],[139.77407,35.81036],[139.77416,35.81018],[139.77431,35.81014],[139.77498,35.81023],[139.77579,35.81047],[139.77613,35.81069],[139.77635,35.81105],[139.77659,35.81116],[139.77684,35.81111],[139.77712,35.81085],[139.77734,35.81078],[139.77735,35.81078],[139.77745,35.81066],[139.77748,35.81024],[139.77825,35.8094],[139.77851,35.80894],[139.77923,35.80825],[139.77955,35.80833],[139.77952,35.80827],[139.77919,35.8071],[139.77899,35.80682],[139.77888,35.80676],[139.77863,35.80682],[139.77819,35.80713],[139.77785,35.80728],[139.77658,35.80758],[139.77636,35.8077],[139.77614,35.808],[139.77596,35.8081],[139.77553,35.80814],[139.77495,35.80808],[139.77452,35.80809],[139.77435,35.80815],[139.77421,35.8083],[139.77399,35.80841],[139.77309,35.80852],[139.77276,35.8088],[139.7725,35.80888],[139.77213,35.8089],[139.77174,35.80886],[139.77108,35.80861],[139.77092,35.80858],[139.77079,35.80863],[139.77051,35.80896],[139.7701,35.80904],[139.7688,35.80898],[139.76843,35.80901],[139.76776,35.8092],[139.76665,35.80927],[139.7634,35.80921],[139.76194,35.80925],[139.76141,35.80935],[139.76129,35.80942],[139.76116,35.80965],[139.76103,35.80977],[139.76066,35.80992],[139.76051,35.81],[139.76042,35.81011],[139.76046,35.8104],[139.76085,35.81088],[139.76167,35.81158],[139.76223,35.81191],[139.76255,35.81203],[139.76326,35.8122],[139.76366,35.81225],[139.76495,35.81227],[139.76565,35.81221]]],[[[139.78186,35.55835],[139.78207,35.55845],[139.7822,35.55877],[139.78214,35.55924],[139.78219,35.55962],[139.7824,35.55987],[139.78263,35.55998],[139.78341,35.56011],[139.78426,35.56013],[139.78509,35.56006],[139.78576,35.55991],[139.78612,35.55975],[139.78662,35.55941],[139.78692,35.55911],[139.7875,35.55839],[139.78784,35.55812],[139.78845,35.5579],[139.78937,35.55784],[139.79018,35.55765],[139.79086,35.5573],[139.79127,35.55692],[139.79161,35.55644],[139.79181,35.55585],[139.79187,35.55513],[139.79179,35.55393],[139.79188,35.55356],[139.79226,35.55324],[139.793,35.55216],[139.79342,35.55174],[139.79369,35.5516],[139.79441,35.55148],[139.79489,35.55127],[139.79553,35.55084],[139.79599,35.55039],[139.79625,35.5499],[139.79638,35.54926],[139.79636,35.54852],[139.7962,35.54792],[139.79599,35.54757],[139.79554,35.54712],[139.79506,35.54678],[139.7946,35.54661],[139.79362,35.54648],[139.79091,35.54652],[139.79056,35.54646],[139.79026,35.5462],[139.78996,35.54613],[139.78991,35.54588],[139.79012,35.54494],[139.79013,35.5446],[139.79004,35.54433],[139.78995,35.54424],[139.78955,35.54406],[139.78888,35.54398],[139.7881,35.54406],[139.78768,35.54418],[139.78733,35.54443],[139.78705,35.54449],[139.78659,35.54451],[139.78523,35.54445],[139.78437,35.54455],[139.78394,35.54473],[139.78363,35.54499],[139.78321,35.54551],[139.78294,35.54609],[139.78279,35.54628],[139.78243,35.54651],[139.78194,35.5467],[139.7815,35.54693],[139.78113,35.54723],[139.78094,35.54747],[139.78064,35.54817],[139.78046,35.54912],[139.78024,35.54978],[139.78003,35.55017],[139.77955,35.55086],[139.77939,35.5512],[139.7793,35.55153],[139.77921,35.55242],[139.77882,35.55348],[139.77866,35.5543],[139.77874,35.55535],[139.77892,35.55617],[139.77915,35.55687],[139.77942,35.55737],[139.77957,35.55754],[139.77989,35.55775],[139.78058,35.55792],[139.78087,35.55818],[139.78102,35.55825],[139.78186,35.55835]]],[[[139.78069,35.65127],[139.78063,35.65143],[139.78063,35.65194],[139.78086,35.65236],[139.78114,35.65265],[139.78172,35.65307],[139.78219,35.65349],[139.78284,35.65444],[139.78298,35.65453],[139.78335,35.65462],[139.7836,35.65486],[139.78375,35.65482],[139.78402,35.65455],[139.78418,35.65449],[139.78445,35.65455],[139.78487,35.65483],[139.78524,35.65491],[139.78576,35.65484],[139.78595,35.65475],[139.78607,35.65463],[139.7861,35.65453],[139.78105,35.65112],[139.78078,35.65118],[139.78069,35.65127]]],[[[139.7879,35.64896],[139.78812,35.64861],[139.78859,35.64812],[139.78917,35.64769],[139.7896,35.6473],[139.78978,35.64706],[139.79005,35.64649],[139.79082,35.64571],[139.79095,35.64548],[139.79097,35.64521],[139.79097,35.6452],[139.79012,35.64474],[139.79007,35.64473],[139.79005,35.64471],[139.78016,35.63935],[139.7788,35.63937],[139.77859,35.63957],[139.77884,35.6397],[139.77915,35.63979],[139.7797,35.63976],[139.78,35.63984],[139.78013,35.63997],[139.78026,35.64029],[139.78048,35.64063],[139.78081,35.64097],[139.78121,35.64127],[139.78158,35.64143],[139.78202,35.6415],[139.78231,35.64162],[139.78288,35.64199],[139.7836,35.64255],[139.7844,35.64305],[139.78662,35.64401],[139.78716,35.64435],[139.78772,35.64488],[139.78794,35.64524],[139.78793,35.64543],[139.78782,35.64565],[139.78689,35.64655],[139.7867,35.64687],[139.7866,35.64723],[139.78648,35.64731],[139.78612,35.64735],[139.78588,35.64744],[139.78576,35.64759],[139.78557,35.64801],[139.7853,35.64801],[139.78497,35.6484],[139.7866,35.6495],[139.7869,35.64945],[139.78747,35.64984],[139.78755,35.64973],[139.7879,35.64896]]],[[[139.79317,35.64404],[139.79329,35.64411],[139.79328,35.64427],[139.79402,35.64467],[139.79408,35.64459],[139.79419,35.64461],[139.79414,35.64474],[139.79444,35.6449],[139.79506,35.64412],[139.79497,35.64407],[139.79499,35.644],[139.79515,35.64402],[139.79588,35.64312],[139.79607,35.64322],[139.79616,35.64311],[139.79629,35.64318],[139.7962,35.64329],[139.79747,35.64398],[139.79809,35.64474],[139.798,35.6455],[139.79834,35.64538],[139.79864,35.64508],[139.79882,35.64473],[139.79877,35.64448],[139.79836,35.64435],[139.7982,35.6438],[139.798,35.6436],[139.79771,35.64341],[139.79748,35.64312],[139.79732,35.64269],[139.79724,35.642],[139.79726,35.64144],[139.79736,35.64087],[139.79756,35.64032],[139.79789,35.63993],[139.7979,35.63976],[139.79783,35.63959],[139.79787,35.63944],[139.79799,35.63926],[139.79846,35.63883],[139.7986,35.63857],[139.79863,35.63812],[139.79847,35.63763],[139.79844,35.63733],[139.79856,35.63693],[139.79888,35.63659],[139.79923,35.63642],[139.8,35.63624],[139.801,35.63612],[139.80138,35.636],[139.80149,35.63281],[139.80033,35.63106],[139.80054,35.63052],[139.8,35.63038],[139.79938,35.63018],[139.79904,35.63],[139.79897,35.62986],[139.7994,35.62961],[139.79956,35.62948],[139.79964,35.62932],[139.79968,35.62908],[139.79979,35.62895],[139.79998,35.62884],[139.80057,35.62869],[139.80072,35.62853],[139.80074,35.62841],[139.80066,35.62812],[139.80021,35.62735],[139.80008,35.62693],[139.80004,35.62649],[139.80011,35.62566],[139.80006,35.62536],[139.79985,35.62506],[139.79965,35.62497],[139.79946,35.62494],[139.79929,35.62499],[139.799,35.62526],[139.79876,35.62538],[139.79857,35.6254],[139.79817,35.62534],[139.798,35.62538],[139.79784,35.62548],[139.79749,35.62583],[139.79704,35.626],[139.79699,35.62625],[139.79706,35.62685],[139.797,35.62712],[139.79672,35.62741],[139.79625,35.6276],[139.79593,35.62783],[139.79582,35.62802],[139.79576,35.62843],[139.79567,35.62855],[139.79552,35.62862],[139.79524,35.62864],[139.79509,35.62871],[139.79515,35.62914],[139.79493,35.62985],[139.79452,35.63059],[139.79422,35.63095],[139.79406,35.63105],[139.79358,35.6312],[139.79287,35.6313],[139.78986,35.63141],[139.78951,35.63149],[139.78939,35.63167],[139.78927,35.63171],[139.78896,35.63169],[139.78861,35.63159],[139.78846,35.63142],[139.78851,35.63111],[139.78846,35.63095],[139.78782,35.63082],[139.7874,35.63047],[139.78612,35.63001],[139.78594,35.6299],[139.78586,35.62979],[139.78594,35.62961],[139.78643,35.6295],[139.78674,35.62922],[139.78752,35.62766],[139.78765,35.6275],[139.78733,35.62733],[139.7863,35.6285],[139.78539,35.62971],[139.78532,35.62967],[139.78523,35.62975],[139.78493,35.62961],[139.78309,35.63188],[139.7832,35.63199],[139.78336,35.6323],[139.78346,35.63286],[139.78378,35.63315],[139.78382,35.63358],[139.78371,35.63404],[139.78354,35.63426],[139.78327,35.63438],[139.7821,35.63436],[139.78193,35.63442],[139.78173,35.63462],[139.78157,35.63471],[139.78109,35.63484],[139.78083,35.63486],[139.78061,35.63482],[139.77919,35.6366],[139.77924,35.63662],[139.77963,35.63691],[139.77978,35.63734],[139.7797,35.63798],[139.77978,35.63802],[139.78046,35.63838],[139.78068,35.63819],[139.78114,35.63796],[139.78172,35.63777],[139.78201,35.63759],[139.78224,35.63721],[139.78229,35.63661],[139.78235,35.63642],[139.78245,35.63632],[139.78273,35.63625],[139.78282,35.63604],[139.78293,35.63595],[139.78321,35.63589],[139.78391,35.63584],[139.78497,35.63587],[139.78554,35.63594],[139.78579,35.63614],[139.78608,35.63683],[139.78632,35.63704],[139.78694,35.63725],[139.7878,35.63736],[139.78838,35.63751],[139.78858,35.63764],[139.7887,35.63794],[139.78892,35.63804],[139.79015,35.63814],[139.79071,35.63831],[139.79176,35.63899],[139.79281,35.63942],[139.79301,35.63959],[139.79307,35.63977],[139.79346,35.64004],[139.79513,35.64079],[139.7956,35.64108],[139.79567,35.64123],[139.79561,35.64136],[139.79563,35.64172],[139.79586,35.64269],[139.79585,35.64298],[139.79572,35.64315],[139.79546,35.64319],[139.795,35.64308],[139.79468,35.64291],[139.79448,35.6426],[139.79435,35.64249],[139.79405,35.64239],[139.79366,35.64239],[139.79345,35.64245],[139.79329,35.64254],[139.79311,35.64284],[139.79292,35.64299],[139.79233,35.64312],[139.79221,35.64328],[139.79217,35.64351],[139.79205,35.6436],[139.79291,35.64407],[139.79294,35.64406],[139.79317,35.64404]]],[[[139.79405,35.64748],[139.79389,35.6479],[139.79385,35.64845],[139.79376,35.64884],[139.79355,35.64921],[139.79322,35.64956],[139.79217,35.65028],[139.79177,35.65047],[139.79145,35.65054],[139.79138,35.65064],[139.79135,35.6508],[139.7912,35.6509],[139.79088,35.65094],[139.7905,35.65092],[139.79019,35.65084],[139.78986,35.65067],[139.78942,35.65082],[139.78916,35.65098],[139.78935,35.65111],[139.78967,35.65108],[139.79187,35.65257],[139.79203,35.65237],[139.79232,35.65219],[139.79255,35.65216],[139.79307,35.65221],[139.79328,35.65217],[139.79346,35.65207],[139.7939,35.65169],[139.79479,35.65129],[139.79523,35.6509],[139.79548,35.65051],[139.79607,35.6493],[139.79646,35.64892],[139.79646,35.64874],[139.79483,35.65043],[139.79456,35.65026],[139.79399,35.65083],[139.79347,35.65047],[139.79315,35.65055],[139.79304,35.65031],[139.79509,35.64834],[139.7947,35.64722],[139.79446,35.64709],[139.79422,35.64727],[139.79405,35.64748]]],[[[139.78622,35.65503],[139.78604,35.65534],[139.78573,35.65543],[139.78498,35.65548],[139.78459,35.65564],[139.7844,35.65577],[139.78404,35.65611],[139.78353,35.65681],[139.78312,35.65725],[139.78292,35.65737],[139.78263,35.65736],[139.78243,35.65753],[139.78217,35.65801],[139.7822,35.65834],[139.78235,35.65851],[139.78311,35.65893],[139.78377,35.65951],[139.784,35.65961],[139.78426,35.65964],[139.78453,35.6596],[139.78484,35.65946],[139.785,35.65921],[139.78504,35.65878],[139.78519,35.6584],[139.78553,35.65803],[139.78581,35.65793],[139.7862,35.65803],[139.78667,35.65839],[139.78691,35.65873],[139.78697,35.65906],[139.78716,35.65925],[139.78772,35.65941],[139.78802,35.65932],[139.78824,35.65903],[139.7884,35.65854],[139.78853,35.65724],[139.78851,35.65648],[139.78845,35.65632],[139.78832,35.6562],[139.78802,35.65613],[139.78783,35.6562],[139.78769,35.65653],[139.78753,35.65658],[139.7874,35.65656],[139.78728,35.65645],[139.78718,35.65626],[139.78706,35.65565],[139.78715,35.65533],[139.78719,35.65527],[139.78647,35.65479],[139.78646,35.6548],[139.78622,35.65503]]],[[[139.78348,35.62766],[139.78355,35.62734],[139.78354,35.62707],[139.78347,35.62692],[139.78326,35.62675],[139.78298,35.62661],[139.78209,35.62633],[139.78174,35.62609],[139.78143,35.62578],[139.78112,35.6256],[139.78091,35.62556],[139.78061,35.62562],[139.78042,35.62561],[139.78035,35.62555],[139.78032,35.62539],[139.78021,35.62528],[139.77941,35.62492],[139.77915,35.6247],[139.77889,35.62422],[139.77877,35.62359],[139.77863,35.62317],[139.77851,35.62303],[139.77819,35.62293],[139.77813,35.62274],[139.77821,35.62264],[139.77839,35.62255],[139.77927,35.62237],[139.77989,35.62206],[139.78031,35.62173],[139.78072,35.62131],[139.78094,35.62094],[139.78096,35.6208],[139.7809,35.62069],[139.78079,35.6206],[139.78061,35.62055],[139.77955,35.62049],[139.77908,35.62036],[139.77896,35.62022],[139.77887,35.61995],[139.77866,35.61973],[139.77767,35.61907],[139.77721,35.61868],[139.77706,35.61844],[139.777,35.61798],[139.7769,35.61776],[139.77628,35.61689],[139.77616,35.61634],[139.77603,35.61625],[139.77574,35.61619],[139.77566,35.61609],[139.77571,35.61583],[139.77608,35.61557],[139.7762,35.61527],[139.77616,35.61483],[139.7751,35.61613],[139.77394,35.6155],[139.77389,35.61555],[139.77506,35.61618],[139.77462,35.61671],[139.77349,35.61609],[139.77345,35.61613],[139.7746,35.61675],[139.77361,35.61796],[139.77368,35.61802],[139.77375,35.61832],[139.77381,35.61839],[139.77411,35.61835],[139.77427,35.61838],[139.77454,35.61856],[139.77505,35.61902],[139.77526,35.61912],[139.77565,35.61918],[139.77577,35.61923],[139.77583,35.61939],[139.77575,35.61962],[139.77577,35.61981],[139.77608,35.62009],[139.7762,35.62058],[139.77618,35.62132],[139.77602,35.62191],[139.77581,35.62225],[139.77544,35.62243],[139.77512,35.62246],[139.77436,35.6224],[139.77406,35.62245],[139.77384,35.62254],[139.77343,35.62289],[139.77309,35.62298],[139.77282,35.62299],[139.77236,35.62292],[139.77171,35.62259],[139.77106,35.6225],[139.77062,35.62217],[139.77037,35.62222],[139.77029,35.62233],[139.77029,35.62262],[139.77049,35.62324],[139.77052,35.62354],[139.7704,35.62394],[139.77022,35.62418],[139.77018,35.62428],[139.77022,35.62438],[139.77049,35.62456],[139.77073,35.62463],[139.77226,35.6249],[139.77288,35.62508],[139.7731,35.62519],[139.77338,35.62546],[139.77353,35.62628],[139.77362,35.62643],[139.7738,35.62655],[139.77385,35.62669],[139.77375,35.62719],[139.77347,35.62776],[139.77327,35.628],[139.77297,35.62821],[139.77286,35.62865],[139.77284,35.62868],[139.77287,35.62873],[139.77404,35.62937],[139.77394,35.6299],[139.77403,35.62985],[139.77404,35.62974],[139.77425,35.62979],[139.77498,35.63024],[139.77614,35.62909],[139.77662,35.62868],[139.77698,35.62845],[139.77722,35.6284],[139.77759,35.62851],[139.77798,35.62886],[139.77823,35.629],[139.77876,35.62914],[139.77962,35.62929],[139.77992,35.62939],[139.78012,35.62953],[139.78026,35.62976],[139.78044,35.62992],[139.78111,35.63007],[139.78142,35.63028],[139.78161,35.63045],[139.78365,35.62794],[139.78353,35.62787],[139.78348,35.62766]],[[139.7792,35.62766],[139.77888,35.62789],[139.7787,35.62794],[139.77839,35.62794],[139.77791,35.6278],[139.77712,35.62738],[139.77677,35.62729],[139.77647,35.62727],[139.77623,35.62717],[139.77594,35.62674],[139.77578,35.62659],[139.77494,35.62616],[139.77451,35.62577],[139.77449,35.62569],[139.77461,35.62554],[139.77494,35.6254],[139.77548,35.62528],[139.77616,35.62519],[139.7768,35.62522],[139.77742,35.62536],[139.77771,35.62548],[139.77827,35.62579],[139.77892,35.62625],[139.7792,35.62653],[139.77936,35.62677],[139.77942,35.6272],[139.77937,35.6274],[139.7792,35.62766]]],[[[139.81815,35.64484],[139.81812,35.64494],[139.81797,35.645],[139.8177,35.64502],[139.81668,35.64495],[139.81644,35.64499],[139.81634,35.64509],[139.81637,35.64525],[139.8165,35.64544],[139.81661,35.64551],[139.81686,35.64558],[139.81696,35.64575],[139.81704,35.64628],[139.81704,35.64681],[139.81719,35.64729],[139.81752,35.64766],[139.81804,35.64791],[139.81875,35.64805],[139.81934,35.64804],[139.81956,35.64797],[139.81971,35.64785],[139.81981,35.6477],[139.81984,35.64726],[139.81954,35.6463],[139.81927,35.64588],[139.81886,35.64557],[139.81881,35.6454],[139.81886,35.64529],[139.81902,35.64521],[139.8193,35.64517],[139.82084,35.64526],[139.82115,35.64524],[139.82119,35.64519],[139.82106,35.64511],[139.82051,35.64505],[139.8201,35.6448],[139.81966,35.64427],[139.81954,35.64398],[139.81948,35.64362],[139.8194,35.64355],[139.81916,35.64347],[139.81903,35.64302],[139.81894,35.64149],[139.81634,35.64124],[139.81634,35.64125],[139.81631,35.64188],[139.81636,35.64234],[139.81653,35.64308],[139.81673,35.64365],[139.81694,35.64393],[139.81719,35.644],[139.81727,35.64407],[139.8174,35.64454],[139.81759,35.64463],[139.81802,35.64468],[139.81815,35.64484]]],[[[139.80554,35.64307],[139.80537,35.64344],[139.80518,35.64351],[139.80482,35.64353],[139.80466,35.64362],[139.80462,35.64377],[139.80467,35.64391],[139.80499,35.64412],[139.80508,35.64424],[139.80505,35.64439],[139.80496,35.64448],[139.80462,35.64453],[139.80342,35.64436],[139.80327,35.64439],[139.80306,35.64453],[139.80297,35.64478],[139.80296,35.6451],[139.80288,35.64541],[139.80278,35.64552],[139.80259,35.64555],[139.80247,35.64562],[139.80229,35.64593],[139.80221,35.64636],[139.80227,35.64688],[139.80206,35.64695],[139.80162,35.64693],[139.79985,35.64662],[139.79932,35.64657],[139.79897,35.6466],[139.79879,35.64669],[139.79866,35.64693],[139.79865,35.64725],[139.79872,35.64765],[139.79867,35.64791],[139.79855,35.648],[139.79828,35.64803],[139.79823,35.6481],[139.79829,35.64823],[139.79862,35.64852],[139.79888,35.64868],[139.79913,35.64873],[139.79935,35.64868],[139.79994,35.64831],[139.8001,35.64825],[139.8003,35.64825],[139.80047,35.64835],[139.80072,35.64876],[139.80087,35.64889],[139.80125,35.64896],[139.80162,35.64928],[139.80176,35.6493],[139.80205,35.64924],[139.80224,35.64929],[139.8025,35.64963],[139.8028,35.65051],[139.80308,35.65102],[139.80332,35.65122],[139.80381,35.65138],[139.80396,35.65148],[139.80405,35.65162],[139.80411,35.65192],[139.8042,35.65201],[139.80434,35.65206],[139.80463,35.65206],[139.80479,35.65199],[139.80502,35.65168],[139.80515,35.65091],[139.80517,35.64965],[139.80513,35.64906],[139.80505,35.64872],[139.80484,35.64851],[139.80452,35.64846],[139.80435,35.64836],[139.80422,35.64817],[139.80418,35.64799],[139.80422,35.64777],[139.80434,35.64751],[139.80498,35.64657],[139.80506,35.64629],[139.80505,35.64605],[139.80484,35.64563],[139.80472,35.64555],[139.80435,35.64547],[139.80423,35.64534],[139.8042,35.64524],[139.80432,35.64516],[139.8046,35.64511],[139.80604,35.64503],[139.80615,35.645],[139.80604,35.64488],[139.80606,35.64466],[139.80604,35.64465],[139.80632,35.64282],[139.80611,35.6428],[139.80602,35.64272],[139.806,35.64284],[139.80554,35.64307]]],[[[139.80816,35.64325],[139.80861,35.64323],[139.80934,35.64333],[139.81125,35.64374],[139.81127,35.64317],[139.81135,35.64296],[139.81151,35.64283],[139.81187,35.64271],[139.81217,35.64251],[139.81251,35.64211],[139.81288,35.64151],[139.81316,35.64094],[139.81038,35.64068],[139.81034,35.64088],[139.81003,35.64139],[139.80896,35.64215],[139.80888,35.6423],[139.80893,35.64247],[139.80889,35.64256],[139.80867,35.64268],[139.80842,35.64274],[139.80803,35.64274],[139.80781,35.64266],[139.80772,35.64334],[139.80783,35.64338],[139.80785,35.64336],[139.80816,35.64325]]],[[[139.81364,35.65303],[139.8139,35.65292],[139.81452,35.65276],[139.81475,35.65263],[139.8149,35.65246],[139.81505,35.65215],[139.81525,35.65199],[139.81555,35.65189],[139.81641,35.65181],[139.81677,35.65162],[139.81702,35.65127],[139.81716,35.65077],[139.81718,35.64995],[139.81704,35.64961],[139.81677,35.64941],[139.8166,35.64937],[139.8162,35.6494],[139.81603,35.64946],[139.81573,35.64966],[139.81561,35.6498],[139.81528,35.65058],[139.81499,35.65094],[139.81476,35.651],[139.81436,35.65089],[139.81402,35.65091],[139.81384,35.65103],[139.81359,35.65134],[139.81326,35.65157],[139.81277,35.6518],[139.81141,35.65224],[139.81066,35.65255],[139.81037,35.65274],[139.81008,35.65314],[139.80983,35.6532],[139.8097,35.65325],[139.80968,35.65331],[139.80974,35.65346],[139.80983,35.65351],[139.81063,35.65369],[139.8121,35.65379],[139.81269,35.65376],[139.81309,35.65366],[139.81322,35.65358],[139.81345,35.65318],[139.81364,35.65303]]],[[[139.80785,35.65941],[139.80774,35.65928],[139.80737,35.65913],[139.80718,35.65898],[139.80706,35.6585],[139.80691,35.65821],[139.80653,35.65778],[139.80622,35.6576],[139.80591,35.65758],[139.80572,35.65765],[139.80558,35.65776],[139.80546,35.658],[139.80537,35.65851],[139.80517,35.65874],[139.80498,35.65886],[139.80477,35.65908],[139.80472,35.65935],[139.80477,35.65957],[139.80485,35.65967],[139.80513,35.65984],[139.80589,35.66002],[139.80693,35.6601],[139.80765,35.66003],[139.80788,35.65989],[139.80793,35.65968],[139.80785,35.65941]]],[[[139.80539,35.66088],[139.80546,35.66083],[139.80569,35.66116],[139.80582,35.66125],[139.8065,35.66138],[139.80713,35.66176],[139.80752,35.66186],[139.80798,35.66179],[139.80867,35.66151],[139.80888,35.66134],[139.80897,35.66106],[139.80888,35.66084],[139.80828,35.66067],[139.80695,35.6605],[139.80504,35.66036],[139.80407,35.66043],[139.80371,35.66051],[139.80343,35.66063],[139.80323,35.66079],[139.80311,35.66098],[139.80308,35.6612],[139.80297,35.6623],[139.80309,35.66247],[139.80334,35.66258],[139.80348,35.66255],[139.80361,35.66244],[139.8039,35.66206],[139.80418,35.66181],[139.80481,35.6616],[139.80511,35.66142],[139.80524,35.66125],[139.80539,35.66088]]],[[[139.78061,35.66287],[139.78092,35.66252],[139.78113,35.66238],[139.78154,35.6622],[139.78175,35.66202],[139.78245,35.66109],[139.78269,35.66095],[139.7829,35.66099],[139.78307,35.66092],[139.78323,35.66058],[139.78319,35.66033],[139.78282,35.65991],[139.78211,35.65942],[139.78144,35.65914],[139.78112,35.65916],[139.78091,35.65932],[139.78056,35.65985],[139.78042,35.65994],[139.78021,35.65998],[139.77992,35.6602],[139.77895,35.66138],[139.77877,35.66151],[139.77847,35.66159],[139.77831,35.66212],[139.77811,35.66227],[139.77792,35.66233],[139.77763,35.66248],[139.77756,35.66269],[139.77768,35.66295],[139.77792,35.66318],[139.77848,35.66357],[139.779,35.66381],[139.77947,35.66393],[139.77973,35.66391],[139.77995,35.66377],[139.78012,35.66359],[139.78061,35.66287]]],[[[139.80014,35.66322],[139.80028,35.66341],[139.80089,35.6638],[139.80153,35.66405],[139.80209,35.66413],[139.80237,35.66405],[139.80251,35.66382],[139.8025,35.66359],[139.80214,35.66273],[139.80206,35.66236],[139.80214,35.66224],[139.8025,35.66216],[139.80271,35.66195],[139.80286,35.66145],[139.80284,35.66124],[139.80275,35.66109],[139.8023,35.66087],[139.80212,35.66074],[139.80173,35.66025],[139.80148,35.66004],[139.80095,35.65975],[139.80049,35.65958],[139.80004,35.65952],[139.79961,35.6596],[139.79922,35.65981],[139.79887,35.66017],[139.7984,35.66078],[139.79827,35.66112],[139.79837,35.66124],[139.79861,35.66138],[139.79974,35.66179],[139.80008,35.66199],[139.80018,35.6621],[139.80026,35.66235],[139.80012,35.66276],[139.80009,35.663],[139.80014,35.66322]]],[[[139.81157,35.66427],[139.81176,35.66467],[139.81206,35.66483],[139.81263,35.66495],[139.81373,35.66507],[139.81434,35.66507],[139.81419,35.66499],[139.81414,35.66484],[139.81441,35.66435],[139.81447,35.66401],[139.8144,35.66361],[139.81424,35.66337],[139.81378,35.66312],[139.81279,35.66294],[139.81236,35.66276],[139.81205,35.66248],[139.81192,35.66231],[139.81168,35.66168],[139.8115,35.66137],[139.81117,35.66112],[139.8109,35.66109],[139.81054,35.66115],[139.81025,35.66131],[139.8101,35.66147],[139.81002,35.66167],[139.81,35.66191],[139.81017,35.66253],[139.81034,35.66279],[139.81054,35.66296],[139.81077,35.66302],[139.81116,35.66299],[139.81135,35.66308],[139.81142,35.66316],[139.8115,35.66341],[139.81157,35.66427]]],[[[139.802,35.6685],[139.80208,35.66852],[139.80221,35.6679],[139.80231,35.66779],[139.80255,35.66764],[139.80266,35.66748],[139.80268,35.66724],[139.80263,35.66703],[139.8025,35.66688],[139.80231,35.66681],[139.80224,35.66682],[139.80222,35.66689],[139.80231,35.66718],[139.80229,35.66737],[139.80209,35.66752],[139.802,35.66743],[139.80194,35.66693],[139.80203,35.66566],[139.80202,35.66497],[139.80192,35.66474],[139.80181,35.66469],[139.80158,35.66469],[139.80122,35.66426],[139.8009,35.66401],[139.79992,35.66357],[139.79987,35.66397],[139.79955,35.66419],[139.79942,35.6644],[139.79934,35.66511],[139.79924,35.66532],[139.79882,35.66543],[139.79823,35.66582],[139.79796,35.66594],[139.79764,35.66601],[139.79687,35.66608],[139.79654,35.66626],[139.7964,35.6664],[139.79617,35.66678],[139.79602,35.66731],[139.79582,35.66776],[139.79553,35.66805],[139.79515,35.66819],[139.7943,35.66817],[139.79403,35.66823],[139.79387,35.66837],[139.7938,35.66879],[139.79365,35.66909],[139.79338,35.66935],[139.79296,35.66956],[139.7926,35.66967],[139.79133,35.6699],[139.79104,35.67002],[139.79068,35.67032],[139.79043,35.67042],[139.7901,35.67046],[139.78922,35.67044],[139.78885,35.67061],[139.78856,35.67097],[139.78835,35.67151],[139.78818,35.67263],[139.7882,35.67295],[139.78828,35.67313],[139.78844,35.67315],[139.78884,35.67295],[139.79043,35.67162],[139.79071,35.67148],[139.79108,35.67145],[139.78942,35.67303],[139.78873,35.67363],[139.78859,35.67382],[139.78842,35.67423],[139.78833,35.67473],[139.78832,35.67532],[139.78845,35.67642],[139.78868,35.6771],[139.78899,35.67764],[139.7893,35.67802],[139.78984,35.67843],[139.78993,35.67857],[139.78999,35.6789],[139.7901,35.67915],[139.7907,35.67977],[139.791,35.68039],[139.79114,35.68053],[139.79143,35.6806],[139.79192,35.6805],[139.79213,35.68037],[139.7922,35.68016],[139.79228,35.68006],[139.79254,35.67995],[139.79314,35.67978],[139.7936,35.67943],[139.79374,35.67941],[139.79416,35.67947],[139.79474,35.67937],[139.79715,35.67844],[139.79717,35.67872],[139.79723,35.67882],[139.79742,35.67888],[139.79779,35.67887],[139.79794,35.67878],[139.798,35.67858],[139.79809,35.67849],[139.79897,35.67819],[139.79925,35.678],[139.79948,35.67776],[139.79985,35.67757],[139.80131,35.67723],[139.80219,35.6768],[139.80247,35.6767],[139.80341,35.6766],[139.80408,35.67635],[139.80439,35.67637],[139.80459,35.67649],[139.8049,35.67679],[139.80517,35.67697],[139.80533,35.677],[139.80559,35.67695],[139.80566,35.67699],[139.80578,35.67761],[139.806,35.67792],[139.80648,35.67805],[139.80676,35.67844],[139.80696,35.67856],[139.80726,35.67863],[139.80791,35.67867],[139.8083,35.67875],[139.80857,35.67895],[139.80866,35.67909],[139.80875,35.67946],[139.80872,35.67988],[139.80866,35.68005],[139.80845,35.6803],[139.80812,35.68044],[139.80744,35.6805],[139.80725,35.68057],[139.80691,35.68082],[139.80667,35.68121],[139.80623,35.68251],[139.80609,35.68269],[139.80577,35.68279],[139.80564,35.68317],[139.80525,35.68355],[139.80523,35.68363],[139.80531,35.6837],[139.80574,35.68382],[139.80706,35.68395],[139.80823,35.68397],[139.80911,35.68385],[139.80943,35.68374],[139.80969,35.68356],[139.80988,35.68331],[139.81002,35.6829],[139.81013,35.68205],[139.81016,35.68346],[139.81031,35.68395],[139.81043,35.68409],[139.81077,35.68427],[139.81122,35.6843],[139.81165,35.68424],[139.81201,35.68409],[139.81243,35.68371],[139.81271,35.68317],[139.81286,35.68276],[139.81302,35.68206],[139.81307,35.68157],[139.81305,35.68115],[139.81296,35.6808],[139.81271,35.68041],[139.81237,35.68018],[139.81212,35.68011],[139.8116,35.68016],[139.8113,35.68012],[139.81116,35.68002],[139.81104,35.67979],[139.8109,35.67967],[139.81076,35.67966],[139.81041,35.67979],[139.81036,35.67918],[139.81,35.67872],[139.81005,35.6786],[139.81036,35.67839],[139.8104,35.67814],[139.81028,35.67796],[139.80994,35.67774],[139.80983,35.67731],[139.80968,35.67717],[139.80922,35.67703],[139.80854,35.67692],[139.80812,35.67681],[139.80776,35.67666],[139.80711,35.67626],[139.80658,35.6761],[139.80518,35.67598],[139.8024,35.67596],[139.80309,35.67581],[139.80333,35.67571],[139.80349,35.67552],[139.80353,35.67523],[139.80378,35.67558],[139.80397,35.67567],[139.80423,35.67573],[139.80471,35.67573],[139.80495,35.67567],[139.8051,35.67558],[139.80516,35.67544],[139.80514,35.67522],[139.80508,35.67512],[139.80467,35.675],[139.80449,35.67476],[139.80435,35.67432],[139.80413,35.67317],[139.80391,35.67268],[139.80365,35.67244],[139.80296,35.67213],[139.8029,35.67143],[139.80277,35.67147],[139.80253,35.6717],[139.80246,35.6717],[139.80243,35.67165],[139.8024,35.671],[139.8026,35.6698],[139.80256,35.66923],[139.80243,35.66908],[139.8023,35.66902],[139.80204,35.66898],[139.80177,35.669],[139.80165,35.66905],[139.80159,35.66914],[139.80158,35.66943],[139.80019,35.66943],[139.80106,35.66899],[139.80136,35.66877],[139.80155,35.66846],[139.80163,35.66807],[139.80176,35.66816],[139.802,35.6685]],[[139.80004,35.66988],[139.80009,35.67019],[139.80025,35.67055],[139.801,35.67179],[139.80136,35.67272],[139.80166,35.6741],[139.80171,35.67458],[139.80166,35.67494],[139.80161,35.67496],[139.80126,35.67489],[139.80099,35.67496],[139.8008,35.67511],[139.80073,35.67536],[139.80064,35.67542],[139.80038,35.67543],[139.79999,35.67537],[139.79976,35.6754],[139.79948,35.67558],[139.79926,35.67589],[139.79901,35.6761],[139.79803,35.67633],[139.79669,35.67688],[139.79596,35.67704],[139.795,35.6771],[139.79436,35.67719],[139.7939,35.67734],[139.79301,35.67776],[139.7923,35.67763],[139.79195,35.67763],[139.79147,35.67776],[139.79085,35.67803],[139.79059,35.67807],[139.79044,35.6778],[139.79002,35.67769],[139.78989,35.67732],[139.78951,35.67706],[139.78934,35.67645],[139.78886,35.67593],[139.78872,35.67571],[139.78861,35.6753],[139.78859,35.67497],[139.78865,35.67466],[139.78877,35.6744],[139.78896,35.67418],[139.7896,35.6737],[139.78968,35.67355],[139.7897,35.67325],[139.79042,35.67321],[139.79055,35.67315],[139.79089,35.67283],[139.79174,35.67249],[139.792,35.67234],[139.79227,35.67202],[139.79246,35.67145],[139.79368,35.67129],[139.79414,35.67116],[139.79455,35.67086],[139.79491,35.67026],[139.79505,35.6701],[139.79526,35.66997],[139.79566,35.66993],[139.79643,35.67001],[139.79669,35.66996],[139.79695,35.66973],[139.79708,35.66934],[139.79726,35.66908],[139.79742,35.66899],[139.79799,35.6689],[139.79864,35.66855],[139.79885,35.66852],[139.79903,35.66859],[139.79934,35.66905],[139.79947,35.66917],[139.79967,35.66927],[139.80019,35.66943],[139.80004,35.66988]]],[[[139.78636,35.67135],[139.78663,35.67108],[139.78685,35.67066],[139.78705,35.6701],[139.78738,35.66857],[139.78763,35.66645],[139.78761,35.66601],[139.78753,35.66582],[139.78723,35.66589],[139.78706,35.66607],[139.78697,35.6664],[139.78689,35.66722],[139.78681,35.66734],[139.78663,35.66739],[139.78652,35.66753],[139.78641,35.66808],[139.78636,35.66937],[139.78623,35.66991],[139.78613,35.67012],[139.78584,35.67042],[139.78566,35.67052],[139.78512,35.67064],[139.78481,35.67059],[139.78473,35.67048],[139.78469,35.67027],[139.7846,35.6702],[139.78426,35.67022],[139.78403,35.67033],[139.78394,35.67042],[139.7839,35.67058],[139.78395,35.6707],[139.78408,35.67077],[139.78439,35.67081],[139.78474,35.67114],[139.7851,35.67131],[139.78566,35.67148],[139.78604,35.67148],[139.78636,35.67135]]],[[[139.81354,35.67215],[139.81364,35.67173],[139.81372,35.67081],[139.81374,35.66963],[139.81386,35.66877],[139.814,35.66843],[139.81434,35.66816],[139.81439,35.66805],[139.81436,35.66794],[139.81418,35.66776],[139.81405,35.66753],[139.814,35.66723],[139.81403,35.66693],[139.81413,35.66671],[139.8145,35.66645],[139.81456,35.6663],[139.81454,35.66612],[139.8144,35.66567],[139.81421,35.66553],[139.81365,35.6654],[139.81273,35.66537],[139.81242,35.66542],[139.81214,35.66552],[139.8119,35.66567],[139.81169,35.66587],[139.81138,35.66641],[139.81121,35.66715],[139.81099,35.66944],[139.81099,35.67202],[139.81109,35.67303],[139.81121,35.67343],[139.81139,35.67382],[139.81146,35.67417],[139.81152,35.67508],[139.81143,35.67581],[139.81133,35.67601],[139.81105,35.67622],[139.81096,35.67657],[139.81103,35.67675],[139.81118,35.67694],[139.81174,35.67737],[139.81239,35.67768],[139.81296,35.67777],[139.81347,35.67766],[139.8137,35.67754],[139.81401,35.6773],[139.81424,35.67695],[139.81428,35.67641],[139.81428,35.67619],[139.81447,35.67447],[139.81443,35.67364],[139.81435,35.67348],[139.81422,35.67337],[139.81392,35.67327],[139.81335,35.67322],[139.81322,35.67315],[139.81317,35.67301],[139.81326,35.67271],[139.81354,35.67215]]],[[[139.81769,35.67907],[139.81782,35.67892],[139.81787,35.67872],[139.81782,35.67842],[139.81769,35.67827],[139.8175,35.67816],[139.81693,35.67799],[139.81681,35.6779],[139.8167,35.67765],[139.81631,35.67755],[139.81568,35.67755],[139.81514,35.67764],[139.81488,35.67782],[139.81475,35.67815],[139.81456,35.67821],[139.8141,35.67826],[139.81392,35.67837],[139.81385,35.67847],[139.81379,35.67873],[139.81384,35.67896],[139.81399,35.67921],[139.81415,35.67935],[139.81477,35.67965],[139.81563,35.67979],[139.81637,35.67977],[139.81668,35.67969],[139.81687,35.67939],[139.8175,35.67918],[139.81769,35.67907]]],[[[139.82246,35.68511],[139.82302,35.68505],[139.82323,35.68496],[139.82354,35.68467],[139.82367,35.68422],[139.82365,35.68369],[139.82356,35.6833],[139.82341,35.68306],[139.8233,35.68299],[139.82293,35.68294],[139.82271,35.68281],[139.82267,35.68265],[139.82274,35.68217],[139.82265,35.68199],[139.82253,35.68192],[139.82224,35.68188],[139.82184,35.6819],[139.82107,35.68203],[139.82059,35.68218],[139.82027,35.68253],[139.81989,35.68329],[139.81954,35.68427],[139.81954,35.68453],[139.81965,35.68463],[139.81998,35.68467],[139.82045,35.68461],[139.82077,35.68462],[139.82088,35.68468],[139.82095,35.68483],[139.82116,35.68493],[139.82181,35.68505],[139.82246,35.68511]]],[[[139.80051,35.6921],[139.80149,35.69201],[139.80227,35.69185],[139.80284,35.69164],[139.80321,35.69137],[139.80338,35.69103],[139.80332,35.68984],[139.80337,35.68861],[139.80361,35.68699],[139.80388,35.68604],[139.80402,35.68588],[139.80428,35.68581],[139.80438,35.68548],[139.80457,35.68533],[139.80488,35.68524],[139.80558,35.68516],[139.8057,35.68505],[139.80574,35.68489],[139.80587,35.6848],[139.80626,35.68468],[139.80664,35.68462],[139.80677,35.68456],[139.80652,35.68448],[139.80589,35.68438],[139.80395,35.68421],[139.80296,35.68425],[139.80259,35.68437],[139.80226,35.68457],[139.80203,35.68462],[139.80177,35.68459],[139.80133,35.68445],[139.80088,35.68439],[139.79995,35.68438],[139.79876,35.68444],[139.79801,35.6844],[139.79703,35.68422],[139.79593,35.68383],[139.79544,35.68371],[139.79477,35.68362],[139.79438,35.68367],[139.79407,35.68392],[139.79385,35.68436],[139.79359,35.6858],[139.79327,35.68666],[139.79273,35.68758],[139.79238,35.68806],[139.79154,35.68906],[139.79053,35.69026],[139.79002,35.69099],[139.78997,35.69113],[139.79,35.69136],[139.79016,35.69153],[139.79033,35.6916],[139.7912,35.69171],[139.7927,35.69182],[139.79794,35.69211],[139.79933,35.69214],[139.80051,35.6921]],[[139.80078,35.68719],[139.80087,35.68744],[139.80087,35.68773],[139.80081,35.68806],[139.80056,35.68876],[139.80042,35.68954],[139.80048,35.68988],[139.80081,35.69029],[139.80091,35.69067],[139.80086,35.69114],[139.80065,35.69152],[139.80043,35.69167],[139.79996,35.69173],[139.79931,35.69166],[139.79827,35.69138],[139.7968,35.69141],[139.79654,35.69134],[139.7962,35.69105],[139.79584,35.6909],[139.79477,35.69081],[139.79446,35.69073],[139.79431,35.69041],[139.79383,35.69003],[139.79363,35.68951],[139.79357,35.68898],[139.79356,35.68795],[139.7936,35.68717],[139.79368,35.6867],[139.7938,35.68655],[139.79441,35.68639],[139.7951,35.68634],[139.79649,35.68633],[139.7979,35.6864],[139.79927,35.68652],[139.79972,35.68658],[139.8001,35.68668],[139.8004,35.68681],[139.80063,35.68698],[139.80078,35.68719]]],[[[139.84315,35.69674],[139.8426,35.69665],[139.84255,35.69655],[139.84261,35.69631],[139.84245,35.69606],[139.84185,35.69556],[139.84154,35.69539],[139.84125,35.6953],[139.84115,35.69507],[139.84107,35.69406],[139.84111,35.69306],[139.84126,35.69234],[139.84162,35.69177],[139.84178,35.69125],[139.84173,35.68915],[139.84203,35.68767],[139.84207,35.68697],[139.84195,35.68662],[139.84158,35.68638],[139.84118,35.68627],[139.8402,35.68613],[139.84099,35.68609],[139.84144,35.68593],[139.84159,35.68574],[139.84171,35.68508],[139.8418,35.685],[139.84204,35.68494],[139.84212,35.68484],[139.84217,35.68458],[139.84213,35.68437],[139.84194,35.68422],[139.84178,35.68416],[139.84136,35.68409],[139.8405,35.68409],[139.83988,35.68418],[139.83963,35.6843],[139.83935,35.68469],[139.83895,35.6848],[139.83869,35.68496],[139.83825,35.68546],[139.8382,35.68572],[139.83834,35.68591],[139.83857,35.68604],[139.83905,35.68611],[139.83913,35.68617],[139.83925,35.68651],[139.83929,35.68677],[139.83931,35.68751],[139.8391,35.69008],[139.83877,35.69206],[139.83852,35.69296],[139.83833,35.69332],[139.8381,35.69362],[139.83782,35.69386],[139.8375,35.69404],[139.83714,35.69416],[139.83673,35.69422],[139.83556,35.6942],[139.83505,35.69415],[139.83477,35.69407],[139.83461,35.69388],[139.83437,35.69384],[139.83302,35.69392],[139.83261,35.69388],[139.8325,35.6938],[139.83249,35.69369],[139.8324,35.69359],[139.83177,35.69337],[139.8316,35.69323],[139.83151,35.69288],[139.83158,35.6924],[139.83156,35.69206],[139.83149,35.69191],[139.83126,35.69175],[139.83149,35.69151],[139.83162,35.69076],[139.8317,35.68771],[139.83176,35.68699],[139.83186,35.68656],[139.83192,35.68646],[139.83218,35.68628],[139.83223,35.68608],[139.83214,35.68589],[139.83186,35.68568],[139.83179,35.68542],[139.83177,35.68498],[139.83185,35.68338],[139.83175,35.6827],[139.83159,35.68243],[139.8312,35.68204],[139.83108,35.6817],[139.83093,35.68162],[139.83066,35.6816],[139.83044,35.68166],[139.8302,35.68181],[139.82967,35.68236],[139.82936,35.68297],[139.82921,35.68374],[139.82921,35.68462],[139.82941,35.68523],[139.82964,35.68546],[139.8302,35.68562],[139.82946,35.68567],[139.8292,35.68574],[139.82906,35.68587],[139.82903,35.68605],[139.82916,35.68635],[139.82929,35.68647],[139.82946,35.68654],[139.82975,35.68658],[139.82994,35.68677],[139.83002,35.68715],[139.82998,35.6876],[139.82982,35.6879],[139.82946,35.68812],[139.82929,35.68846],[139.82911,35.68939],[139.82899,35.69071],[139.82877,35.69161],[139.82856,35.6919],[139.82843,35.69196],[139.82807,35.69199],[139.82791,35.69203],[139.82783,35.69211],[139.82781,35.69222],[139.82769,35.6923],[139.82723,35.69234],[139.82569,35.69227],[139.82527,35.69234],[139.82509,35.69249],[139.82483,35.69257],[139.82414,35.69263],[139.82349,35.69264],[139.82289,35.69256],[139.82264,35.69247],[139.82222,35.69222],[139.82192,35.69185],[139.82182,35.69163],[139.82169,35.69123],[139.82166,35.6909],[139.82174,35.69064],[139.82208,35.69024],[139.82216,35.68994],[139.8221,35.68834],[139.82232,35.68658],[139.8223,35.68594],[139.82222,35.6857],[139.82208,35.6855],[139.82189,35.68535],[139.82165,35.68525],[139.82135,35.6852],[139.82071,35.68523],[139.82046,35.68528],[139.8201,35.68545],[139.81999,35.68557],[139.81992,35.68589],[139.82002,35.68636],[139.82009,35.68646],[139.82016,35.68639],[139.82031,35.68592],[139.82047,35.68571],[139.82059,35.68565],[139.82077,35.68568],[139.82088,35.68576],[139.8209,35.68591],[139.81924,35.69917],[139.8193,35.70089],[139.81943,35.70117],[139.81962,35.70122],[139.81974,35.70134],[139.8198,35.70171],[139.81971,35.70202],[139.81962,35.70209],[139.81943,35.70213],[139.81933,35.70223],[139.81925,35.70255],[139.81922,35.7031],[139.81897,35.70226],[139.81878,35.70206],[139.81852,35.70198],[139.8178,35.70203],[139.81765,35.70199],[139.81759,35.70185],[139.81746,35.7018],[139.81681,35.7017],[139.81487,35.70159],[139.81054,35.70142],[139.80925,35.70128],[139.80871,35.70105],[139.80832,35.70112],[139.80822,35.70103],[139.80818,35.70073],[139.80802,35.70045],[139.80735,35.69981],[139.80714,35.69956],[139.80709,35.69943],[139.80711,35.69927],[139.80722,35.69914],[139.80745,35.69901],[139.8075,35.69883],[139.80714,35.69795],[139.80709,35.69755],[139.80712,35.69717],[139.80722,35.69692],[139.80759,35.69664],[139.80764,35.69644],[139.80751,35.69622],[139.80694,35.6958],[139.80683,35.69558],[139.80683,35.69534],[139.80699,35.69518],[139.80759,35.69509],[139.80816,35.69484],[139.80966,35.69373],[139.81028,35.69335],[139.81075,35.69319],[139.81143,35.69318],[139.81208,35.69329],[139.81273,35.69346],[139.81314,35.69362],[139.81332,35.69379],[139.81356,35.69387],[139.81434,35.69392],[139.81608,35.69385],[139.81691,35.69389],[139.81798,35.69407],[139.8188,35.69433],[139.819,35.69434],[139.81918,35.69429],[139.81931,35.6942],[139.81949,35.69384],[139.81952,35.69327],[139.81944,35.69278],[139.81926,35.69246],[139.81898,35.6923],[139.81799,35.69236],[139.81726,35.69232],[139.81665,35.69218],[139.81608,35.69189],[139.81581,35.69183],[139.81393,35.69187],[139.81376,35.69181],[139.8137,35.69166],[139.81357,35.69158],[139.81261,35.69148],[139.81232,35.69132],[139.81222,35.6912],[139.81209,35.69085],[139.81207,35.69013],[139.81215,35.6895],[139.81243,35.68872],[139.81248,35.68839],[139.81243,35.68823],[139.81225,35.688],[139.81215,35.68766],[139.81207,35.68601],[139.81196,35.68532],[139.81172,35.68484],[139.81155,35.68468],[139.81134,35.68458],[139.8111,35.68453],[139.81082,35.68453],[139.81057,35.68465],[139.81035,35.68491],[139.81015,35.68529],[139.80998,35.68579],[139.80971,35.68719],[139.80941,35.69073],[139.8092,35.69221],[139.80906,35.69254],[139.80893,35.69249],[139.8088,35.6925],[139.80872,35.69272],[139.80859,35.69279],[139.8082,35.69286],[139.80762,35.69288],[139.80725,35.69297],[139.80675,35.69323],[139.80605,35.69381],[139.80578,35.69394],[139.80536,35.69399],[139.8051,35.69393],[139.80486,35.69378],[139.80463,35.69355],[139.80441,35.69323],[139.80416,35.69307],[139.80377,35.69293],[139.80253,35.69269],[139.80071,35.69251],[139.79719,35.69234],[139.79483,35.6923],[139.79438,35.69231],[139.79395,35.69238],[139.79417,35.69256],[139.79507,35.69268],[139.79529,35.69278],[139.79552,35.69301],[139.79624,35.69313],[139.79663,35.69334],[139.7969,35.69343],[139.79762,35.69352],[139.79977,35.69358],[139.8005,35.69369],[139.80117,35.6939],[139.80176,35.69387],[139.80208,35.69404],[139.80293,35.69478],[139.80311,35.69487],[139.80343,35.69494],[139.80394,35.69526],[139.80442,35.69567],[139.80461,35.69597],[139.80468,35.69644],[139.80433,35.69757],[139.80438,35.69777],[139.80469,35.698],[139.80477,35.69816],[139.80476,35.69874],[139.80459,35.69927],[139.80423,35.69965],[139.80302,35.70015],[139.80234,35.70058],[139.80161,35.70113],[139.80085,35.7015],[139.80004,35.70165],[139.79929,35.70163],[139.79877,35.70154],[139.7984,35.70135],[139.79804,35.70124],[139.79682,35.70116],[139.79653,35.70105],[139.79631,35.70084],[139.7962,35.70082],[139.79593,35.70088],[139.7958,35.70081],[139.79566,35.70064],[139.79536,35.70006],[139.795,35.69975],[139.79467,35.69964],[139.7941,35.69963],[139.79371,35.69969],[139.79355,35.69982],[139.79368,35.70017],[139.79412,35.7007],[139.79439,35.70113],[139.79478,35.70205],[139.79518,35.70254],[139.79578,35.70294],[139.79646,35.70324],[139.79703,35.70341],[139.7977,35.70347],[139.79785,35.70356],[139.79782,35.70371],[139.79763,35.70385],[139.79695,35.70407],[139.79665,35.70428],[139.79652,35.70449],[139.79643,35.70476],[139.79642,35.70504],[139.79647,35.70532],[139.79667,35.70575],[139.79699,35.70611],[139.7973,35.70628],[139.79761,35.70625],[139.79781,35.70629],[139.79812,35.70659],[139.79844,35.70717],[139.79864,35.70776],[139.79869,35.70823],[139.79862,35.70856],[139.79863,35.70878],[139.79871,35.70885],[139.79899,35.70892],[139.79915,35.70947],[139.79935,35.70967],[139.79982,35.71002],[139.79995,35.71037],[139.80016,35.71063],[139.80089,35.7112],[139.80117,35.71133],[139.80147,35.71138],[139.80166,35.71176],[139.80256,35.71227],[139.80272,35.71259],[139.80318,35.71307],[139.80567,35.71521],[139.80593,35.7155],[139.80606,35.71582],[139.80668,35.71627],[139.80696,35.71683],[139.80821,35.71814],[139.80844,35.71852],[139.80852,35.71892],[139.80859,35.71902],[139.80877,35.71913],[139.80889,35.71914],[139.80896,35.7191],[139.80903,35.71878],[139.8091,35.71865],[139.80939,35.71869],[139.80956,35.71862],[139.80977,35.71817],[139.80991,35.71802],[139.81009,35.71792],[139.81059,35.71786],[139.81089,35.71774],[139.81102,35.71758],[139.81129,35.71702],[139.81169,35.71672],[139.81179,35.7163],[139.81191,35.71614],[139.81236,35.71605],[139.81264,35.71595],[139.81394,35.71505],[139.81451,35.71484],[139.81556,35.71486],[139.81572,35.7148],[139.81585,35.71466],[139.81599,35.71463],[139.81617,35.71468],[139.81655,35.71488],[139.81683,35.71517],[139.81691,35.71541],[139.81686,35.71594],[139.8169,35.71619],[139.81712,35.7165],[139.81756,35.71685],[139.81763,35.71702],[139.81757,35.71719],[139.81731,35.71744],[139.81719,35.71769],[139.81722,35.71786],[139.81739,35.71812],[139.81744,35.71831],[139.81743,35.71851],[139.81722,35.71896],[139.81717,35.71924],[139.81722,35.71973],[139.81738,35.72029],[139.81739,35.72056],[139.81736,35.72066],[139.81721,35.72078],[139.81684,35.72082],[139.81658,35.72095],[139.81649,35.7211],[139.81645,35.72142],[139.81632,35.72159],[139.81593,35.72177],[139.81519,35.72186],[139.81483,35.72182],[139.81462,35.72163],[139.8144,35.72156],[139.8137,35.72163],[139.81354,35.72162],[139.81345,35.72156],[139.81341,35.72141],[139.81326,35.72133],[139.81298,35.72128],[139.81213,35.72124],[139.8116,35.72108],[139.81135,35.72089],[139.81103,35.7204],[139.81083,35.72027],[139.8106,35.72022],[139.81033,35.72026],[139.81004,35.72036],[139.80995,35.7205],[139.81,35.72074],[139.80991,35.72079],[139.80966,35.72081],[139.80959,35.72091],[139.80955,35.72111],[139.80959,35.72183],[139.81007,35.72448],[139.81045,35.72579],[139.81066,35.72628],[139.81089,35.72666],[139.81113,35.72693],[139.81138,35.72709],[139.81164,35.72714],[139.81216,35.72702],[139.81256,35.72686],[139.81294,35.72653],[139.81313,35.72602],[139.81326,35.72583],[139.81343,35.72571],[139.81391,35.72549],[139.81449,35.72485],[139.8149,35.72468],[139.81564,35.72462],[139.81584,35.72455],[139.81587,35.7245],[139.81581,35.72434],[139.81547,35.72403],[139.81535,35.72384],[139.81534,35.72367],[139.81546,35.72354],[139.81568,35.72343],[139.81611,35.72333],[139.81704,35.72328],[139.81743,35.72322],[139.81756,35.72314],[139.8176,35.72298],[139.81769,35.72288],[139.81851,35.7226],[139.81867,35.72247],[139.8187,35.72231],[139.81879,35.72227],[139.8197,35.72252],[139.81994,35.72254],[139.82035,35.72247],[139.82052,35.72248],[139.8207,35.72261],[139.82091,35.72293],[139.82101,35.72298],[139.82128,35.72292],[139.82149,35.72296],[139.82202,35.72343],[139.82224,35.72353],[139.82274,35.72368],[139.82296,35.72389],[139.82299,35.72423],[139.82287,35.72461],[139.82272,35.72486],[139.82246,35.72504],[139.82237,35.72522],[139.8222,35.72663],[139.82201,35.72694],[139.82172,35.72706],[139.82158,35.72721],[139.82146,35.72756],[139.82143,35.72802],[139.82128,35.72827],[139.82109,35.7283],[139.8205,35.72812],[139.8201,35.72806],[139.81938,35.72802],[139.81838,35.72806],[139.81798,35.72812],[139.81733,35.72831],[139.81681,35.72836],[139.81569,35.72831],[139.81384,35.72814],[139.81323,35.72813],[139.81286,35.72817],[139.81262,35.72836],[139.81246,35.72843],[139.81186,35.72848],[139.8116,35.72854],[139.81152,35.72862],[139.81145,35.72885],[139.81119,35.72892],[139.81108,35.72899],[139.81097,35.72929],[139.81095,35.72981],[139.81099,35.73013],[139.81114,35.73042],[139.81131,35.7305],[139.8117,35.73052],[139.81209,35.73062],[139.81228,35.73077],[139.81238,35.7311],[139.81264,35.73117],[139.81279,35.7311],[139.81271,35.73087],[139.81272,35.73076],[139.81307,35.73068],[139.81315,35.73057],[139.81318,35.73038],[139.81344,35.73065],[139.81375,35.73072],[139.8142,35.73062],[139.8151,35.73027],[139.81549,35.73018],[139.81562,35.7302],[139.81567,35.73035],[139.81586,35.73049],[139.81625,35.7306],[139.81676,35.73064],[139.81722,35.73055],[139.81784,35.73027],[139.81872,35.73011],[139.82062,35.73005],[139.82152,35.73007],[139.82235,35.73015],[139.82256,35.73024],[139.82258,35.73037],[139.82281,35.73067],[139.82393,35.73168],[139.8241,35.73198],[139.82404,35.73216],[139.82409,35.73233],[139.82464,35.73272],[139.82487,35.73315],[139.82525,35.7333],[139.82553,35.73333],[139.82585,35.73322],[139.82621,35.73299],[139.8266,35.73264],[139.82697,35.73221],[139.82717,35.73189],[139.82719,35.73166],[139.82705,35.73153],[139.82677,35.73145],[139.82649,35.73131],[139.82608,35.73096],[139.82549,35.7302],[139.82522,35.72943],[139.82506,35.7293],[139.82458,35.72905],[139.8244,35.72875],[139.82441,35.72848],[139.82458,35.72799],[139.82467,35.72748],[139.82458,35.72648],[139.82463,35.72602],[139.82494,35.72534],[139.82515,35.72509],[139.82541,35.72492],[139.82548,35.72477],[139.8255,35.72442],[139.82542,35.72395],[139.82547,35.7236],[139.8256,35.72346],[139.82588,35.72335],[139.82607,35.7232],[139.82617,35.72283],[139.82632,35.72264],[139.82689,35.72245],[139.82708,35.72234],[139.82724,35.72209],[139.82729,35.72178],[139.82746,35.72163],[139.82798,35.7215],[139.82874,35.72147],[139.8293,35.72138],[139.82952,35.72126],[139.82967,35.72102],[139.82993,35.7208],[139.83099,35.72033],[139.8311,35.72022],[139.83114,35.72004],[139.8313,35.71984],[139.83187,35.71944],[139.83217,35.71915],[139.83254,35.71845],[139.83269,35.71832],[139.83306,35.71817],[139.83318,35.71808],[139.83323,35.71789],[139.83307,35.71759],[139.83281,35.71746],[139.83212,35.71736],[139.832,35.71727],[139.83195,35.71705],[139.83203,35.71693],[139.83221,35.71689],[139.83305,35.71703],[139.83318,35.71701],[139.83332,35.71688],[139.83331,35.7166],[139.83301,35.71574],[139.83299,35.71529],[139.83307,35.71484],[139.83335,35.71419],[139.83362,35.71373],[139.8338,35.71354],[139.83416,35.71337],[139.83444,35.71315],[139.83471,35.71292],[139.83529,35.71234],[139.83578,35.71206],[139.83641,35.7118],[139.83852,35.7111],[139.83909,35.71082],[139.83944,35.71054],[139.83953,35.7104],[139.83957,35.71012],[139.83936,35.70966],[139.83896,35.70928],[139.83775,35.70841],[139.83825,35.70846],[139.8385,35.70871],[139.83864,35.70879],[139.83889,35.70874],[139.83904,35.70859],[139.83901,35.70844],[139.8389,35.70829],[139.83874,35.70821],[139.83848,35.70817],[139.83834,35.70808],[139.83781,35.70729],[139.83755,35.70706],[139.83722,35.70686],[139.83664,35.70662],[139.83629,35.70659],[139.83623,35.70674],[139.83637,35.70729],[139.8361,35.70729],[139.83608,35.70829],[139.83592,35.70886],[139.83561,35.70926],[139.8352,35.70956],[139.83492,35.70968],[139.83451,35.70977],[139.83413,35.70973],[139.83387,35.70961],[139.83367,35.70931],[139.83345,35.7092],[139.83289,35.7091],[139.83209,35.70907],[139.8313,35.70884],[139.8308,35.70857],[139.83031,35.7082],[139.82993,35.7078],[139.82969,35.70738],[139.82959,35.70695],[139.82963,35.70581],[139.82956,35.70559],[139.82937,35.70539],[139.82924,35.70513],[139.82919,35.70413],[139.82974,35.70391],[139.83002,35.70368],[139.83067,35.7037],[139.83102,35.70383],[139.83129,35.7041],[139.8313,35.70427],[139.83121,35.7045],[139.83131,35.70472],[139.83167,35.70496],[139.83204,35.70503],[139.83311,35.70494],[139.83361,35.70479],[139.83408,35.70445],[139.83451,35.70392],[139.83457,35.70375],[139.83456,35.70359],[139.83448,35.70346],[139.8341,35.70325],[139.83342,35.70313],[139.83258,35.70307],[139.83178,35.70296],[139.83155,35.70286],[139.83152,35.70281],[139.83158,35.70263],[139.83143,35.70256],[139.83113,35.70263],[139.83092,35.70285],[139.83081,35.70291],[139.83048,35.70291],[139.8303,35.70282],[139.83018,35.70249],[139.83026,35.70189],[139.83054,35.70107],[139.83067,35.70085],[139.83074,35.70078],[139.83094,35.70072],[139.83104,35.70058],[139.83111,35.70016],[139.83114,35.69954],[139.83125,35.69908],[139.8314,35.6989],[139.83174,35.69876],[139.83183,35.69868],[139.8318,35.69841],[139.8319,35.69826],[139.83214,35.69808],[139.83298,35.69764],[139.83331,35.69737],[139.83352,35.69705],[139.83361,35.69649],[139.83374,35.69617],[139.83387,35.69604],[139.83426,35.69587],[139.83482,35.6958],[139.83604,35.69586],[139.83669,35.69602],[139.83715,35.69625],[139.83776,35.69644],[139.83938,35.69666],[139.83985,35.69679],[139.83992,35.69684],[139.84002,35.69706],[139.84014,35.69718],[139.8409,35.69759],[139.84102,35.69774],[139.84107,35.69798],[139.84094,35.69825],[139.84051,35.69845],[139.84037,35.69861],[139.84028,35.69886],[139.84023,35.69957],[139.84011,35.7],[139.83997,35.7002],[139.83954,35.70052],[139.83945,35.70066],[139.83941,35.70091],[139.83945,35.70097],[139.83967,35.70101],[139.8401,35.70095],[139.84217,35.7003],[139.84238,35.70001],[139.84259,35.69986],[139.84317,35.6996],[139.84438,35.69918],[139.84494,35.69872],[139.8451,35.69788],[139.84512,35.6976],[139.84507,35.69749],[139.84476,35.69751],[139.84463,35.69747],[139.84428,35.69715],[139.84403,35.69702],[139.84336,35.69706],[139.84329,35.697],[139.84324,35.6968],[139.84315,35.69674]],[[139.80192,35.70537],[139.80208,35.70367],[139.80223,35.70296],[139.80236,35.70278],[139.8025,35.70276],[139.80275,35.70264],[139.80347,35.70197],[139.80398,35.70168],[139.80442,35.70152],[139.80513,35.70136],[139.80573,35.70129],[139.80608,35.7013],[139.80638,35.70137],[139.80673,35.70158],[139.80681,35.70176],[139.80691,35.70243],[139.80692,35.70348],[139.80685,35.70493],[139.80678,35.70581],[139.80656,35.7073],[139.80624,35.70845],[139.80601,35.70893],[139.80571,35.70934],[139.80526,35.70977],[139.80432,35.71044],[139.80474,35.71046],[139.80432,35.71066],[139.80266,35.71111],[139.80191,35.70902],[139.80167,35.70867],[139.8014,35.7086],[139.80129,35.70853],[139.80116,35.70834],[139.80111,35.70816],[139.80116,35.70781],[139.80157,35.70699],[139.80173,35.70646],[139.80192,35.70537]],[[139.82207,35.71555],[139.8222,35.71524],[139.82238,35.71503],[139.82255,35.71496],[139.82285,35.71496],[139.82327,35.71516],[139.82369,35.71556],[139.82408,35.71584],[139.82487,35.71616],[139.82523,35.71636],[139.82539,35.71652],[139.8256,35.71684],[139.82591,35.71705],[139.82637,35.71723],[139.82684,35.71734],[139.82711,35.71735],[139.82744,35.7173],[139.82763,35.71733],[139.82777,35.71747],[139.82788,35.71772],[139.82798,35.71826],[139.82797,35.71863],[139.8279,35.71876],[139.82769,35.7188],[139.82741,35.71899],[139.82649,35.71994],[139.82622,35.72012],[139.82568,35.7203],[139.82549,35.72041],[139.82537,35.72056],[139.82528,35.72097],[139.82509,35.72114],[139.82474,35.72127],[139.82423,35.72136],[139.82364,35.7214],[139.82302,35.72139],[139.82278,35.72133],[139.82261,35.72117],[139.82239,35.72106],[139.82086,35.72066],[139.82045,35.72045],[139.82035,35.72029],[139.82022,35.71976],[139.81988,35.71915],[139.81951,35.71865],[139.81909,35.71835],[139.81899,35.71818],[139.81896,35.71795],[139.819,35.71778],[139.81933,35.71736],[139.81972,35.71697],[139.81985,35.7166],[139.81998,35.71653],[139.82017,35.71652],[139.82029,35.71642],[139.82035,35.71615],[139.82042,35.71601],[139.82074,35.71588],[139.82146,35.71584],[139.82177,35.71577],[139.82207,35.71555]],[[139.82487,35.69434],[139.82565,35.69444],[139.82637,35.69438],[139.82772,35.69395],[139.82814,35.6939],[139.82873,35.69417],[139.82993,35.69442],[139.8301,35.69453],[139.83035,35.69488],[139.83042,35.69512],[139.83045,35.69573],[139.83023,35.69713],[139.83012,35.6974],[139.82991,35.69756],[139.82971,35.69789],[139.82935,35.69897],[139.82907,35.69958],[139.82871,35.70002],[139.8283,35.70032],[139.82794,35.70049],[139.82733,35.7006],[139.82713,35.70099],[139.82606,35.70182],[139.82587,35.70205],[139.82564,35.70248],[139.82533,35.70262],[139.82451,35.70269],[139.82337,35.70261],[139.8228,35.70246],[139.82259,35.70237],[139.82233,35.70212],[139.8222,35.70122],[139.82192,35.70072],[139.82184,35.70044],[139.82183,35.69987],[139.82194,35.69873],[139.82185,35.69799],[139.82174,35.6978],[139.82158,35.69765],[139.82137,35.69754],[139.8208,35.69737],[139.82063,35.69718],[139.82064,35.69707],[139.82073,35.69699],[139.82111,35.69692],[139.82136,35.69688],[139.82146,35.69681],[139.82158,35.69653],[139.82162,35.69611],[139.82155,35.69477],[139.82164,35.69426],[139.82184,35.69399],[139.82224,35.6938],[139.82263,35.69377],[139.82312,35.69383],[139.82487,35.69434]],[[139.8232,35.70546],[139.82342,35.7051],[139.82364,35.70495],[139.82368,35.70512],[139.82379,35.70529],[139.82422,35.70557],[139.82441,35.70577],[139.82451,35.70617],[139.8246,35.70632],[139.82485,35.70652],[139.82524,35.70671],[139.82554,35.70697],[139.82581,35.7076],[139.82601,35.70783],[139.8265,35.70809],[139.82735,35.70833],[139.82772,35.7085],[139.82791,35.70884],[139.82868,35.70927],[139.8289,35.70948],[139.82908,35.70975],[139.82928,35.71028],[139.82938,35.71079],[139.82946,35.71183],[139.82948,35.71313],[139.82959,35.71432],[139.82974,35.71503],[139.83007,35.71617],[139.83013,35.71652],[139.8301,35.71671],[139.82998,35.71675],[139.82983,35.71671],[139.82966,35.71639],[139.82955,35.71638],[139.82904,35.71645],[139.82895,35.71641],[139.8289,35.71622],[139.82878,35.71612],[139.82836,35.71607],[139.82816,35.71601],[139.82803,35.71569],[139.82772,35.71534],[139.8271,35.71486],[139.8269,35.71477],[139.82649,35.71466],[139.82612,35.7142],[139.82571,35.71403],[139.82467,35.71385],[139.82431,35.71373],[139.82422,35.71363],[139.82409,35.71331],[139.82375,35.71299],[139.82338,35.71276],[139.82289,35.71263],[139.82263,35.71224],[139.82241,35.71205],[139.82171,35.71179],[139.82156,35.71164],[139.82145,35.7113],[139.8215,35.7107],[139.82169,35.70998],[139.82191,35.70917],[139.82185,35.70867],[139.822,35.70829],[139.82264,35.70725],[139.82273,35.70686],[139.82265,35.70649],[139.8227,35.70642],[139.82293,35.70637],[139.82302,35.7063],[139.82309,35.70617],[139.8232,35.70546]]],[[[139.80727,35.73874],[139.8066,35.7387],[139.80645,35.73901],[139.80606,35.73918],[139.80602,35.73926],[139.80638,35.73943],[139.80828,35.73997],[139.80901,35.74032],[139.80963,35.74044],[139.81056,35.74054],[139.81122,35.74054],[139.81182,35.74047],[139.81262,35.74024],[139.81286,35.74013],[139.81327,35.73982],[139.81343,35.73962],[139.81368,35.73914],[139.81387,35.73821],[139.81386,35.73762],[139.81374,35.73714],[139.81353,35.73678],[139.81294,35.73631],[139.81278,35.73611],[139.81272,35.73592],[139.81278,35.73559],[139.81267,35.73538],[139.81218,35.73503],[139.81195,35.7346],[139.81131,35.73438],[139.81109,35.73426],[139.81087,35.73396],[139.81066,35.73338],[139.81055,35.73325],[139.81043,35.7332],[139.81023,35.73322],[139.81008,35.73331],[139.80991,35.7336],[139.80972,35.73547],[139.80964,35.73584],[139.8095,35.73615],[139.80932,35.73639],[139.80881,35.73668],[139.80848,35.73701],[139.80829,35.73732],[139.80801,35.73801],[139.8078,35.73831],[139.8074,35.73845],[139.80734,35.73868],[139.80727,35.73874]]],[[[139.81718,35.73991],[139.81738,35.73976],[139.81771,35.73936],[139.81798,35.73922],[139.81857,35.73915],[139.81935,35.7392],[139.81975,35.73919],[139.82012,35.73906],[139.82027,35.73883],[139.82043,35.73874],[139.82079,35.73869],[139.82128,35.73874],[139.82156,35.73867],[139.82188,35.73839],[139.82231,35.73757],[139.82266,35.73728],[139.82261,35.73711],[139.82236,35.73688],[139.82205,35.73671],[139.82185,35.73667],[139.82154,35.73671],[139.8213,35.73684],[139.82119,35.73703],[139.82113,35.73732],[139.82104,35.73742],[139.8209,35.73747],[139.82058,35.73748],[139.81864,35.73729],[139.81817,35.73716],[139.81792,35.73695],[139.81774,35.73688],[139.81643,35.73676],[139.81613,35.73666],[139.81589,35.73645],[139.81565,35.73644],[139.81545,35.73648],[139.8153,35.73667],[139.81525,35.73682],[139.8152,35.73726],[139.81525,35.73823],[139.8154,35.73912],[139.81555,35.73953],[139.81573,35.73981],[139.81605,35.74002],[139.81642,35.7401],[139.81682,35.74006],[139.81718,35.73991]]],[[[139.79343,35.75206],[139.79361,35.75212],[139.79395,35.75208],[139.79407,35.75198],[139.79413,35.75174],[139.79439,35.75167],[139.79462,35.75174],[139.79497,35.75208],[139.79515,35.75212],[139.79528,35.7521],[139.7954,35.752],[139.7955,35.75181],[139.79577,35.75094],[139.79601,35.75065],[139.7962,35.75052],[139.79654,35.75041],[139.79692,35.7504],[139.79744,35.75046],[139.79766,35.75042],[139.79784,35.75032],[139.79798,35.75017],[139.79811,35.74991],[139.79814,35.74975],[139.79807,35.74941],[139.79815,35.74924],[139.79835,35.74907],[139.79907,35.74873],[139.79945,35.74848],[139.79958,35.74831],[139.79971,35.74787],[139.79997,35.74756],[139.80061,35.74696],[139.80079,35.74654],[139.80147,35.74622],[139.80163,35.74586],[139.80193,35.7458],[139.80209,35.74569],[139.80267,35.74491],[139.8029,35.74468],[139.80328,35.74449],[139.80355,35.74447],[139.80407,35.74457],[139.80474,35.74484],[139.80551,35.74524],[139.80587,35.7455],[139.80612,35.74587],[139.80606,35.74628],[139.80611,35.74645],[139.8066,35.7466],[139.80707,35.74696],[139.80725,35.74724],[139.80718,35.74747],[139.80723,35.74758],[139.80763,35.74763],[139.80787,35.74773],[139.80817,35.74816],[139.80833,35.7483],[139.80911,35.74874],[139.80927,35.74896],[139.8093,35.74921],[139.80941,35.74943],[139.80991,35.74979],[139.80999,35.7499],[139.80996,35.75018],[139.81006,35.7503],[139.8103,35.75041],[139.81162,35.75081],[139.81291,35.75151],[139.81333,35.75156],[139.81353,35.75152],[139.81395,35.75129],[139.81416,35.75112],[139.81471,35.75048],[139.81508,35.74997],[139.81537,35.74932],[139.81554,35.74914],[139.81587,35.74893],[139.81597,35.74857],[139.81641,35.74825],[139.81676,35.74752],[139.81712,35.74718],[139.81702,35.74697],[139.81656,35.74654],[139.81639,35.74626],[139.8163,35.74577],[139.81637,35.74521],[139.81636,35.74484],[139.81629,35.74472],[139.81606,35.74467],[139.81601,35.74462],[139.81609,35.74438],[139.81604,35.74414],[139.81556,35.74352],[139.81538,35.74313],[139.81538,35.74288],[139.81544,35.74275],[139.81556,35.74264],[139.81592,35.74249],[139.81612,35.74218],[139.8162,35.74143],[139.81614,35.74103],[139.81602,35.7407],[139.81583,35.74044],[139.81557,35.74026],[139.81532,35.74016],[139.81511,35.74017],[139.81493,35.74027],[139.81447,35.74078],[139.814,35.74107],[139.81361,35.74124],[139.81291,35.74145],[139.81237,35.74156],[139.81148,35.74166],[139.81111,35.74165],[139.81018,35.74152],[139.80902,35.74122],[139.80682,35.74049],[139.80554,35.74012],[139.80467,35.74],[139.8044,35.74004],[139.80423,35.74013],[139.80416,35.7403],[139.80422,35.7409],[139.80417,35.74128],[139.80407,35.74141],[139.80381,35.74159],[139.80375,35.74184],[139.80367,35.74194],[139.80329,35.74203],[139.80321,35.74213],[139.80319,35.74229],[139.8031,35.74235],[139.80284,35.74236],[139.80246,35.7423],[139.8022,35.74234],[139.80212,35.74244],[139.80209,35.74267],[139.80197,35.74289],[139.80146,35.74326],[139.80135,35.7434],[139.80118,35.74395],[139.8008,35.74406],[139.80073,35.74416],[139.8007,35.74432],[139.80061,35.74439],[139.79996,35.74449],[139.79971,35.74461],[139.79936,35.74498],[139.79902,35.74553],[139.79856,35.74596],[139.79816,35.74616],[139.79727,35.74645],[139.79694,35.74666],[139.79669,35.74693],[139.7964,35.74753],[139.79619,35.74778],[139.7958,35.74789],[139.79553,35.74814],[139.79538,35.7482],[139.79417,35.74816],[139.79401,35.74822],[139.79377,35.74845],[139.79314,35.74858],[139.79288,35.74884],[139.79239,35.74978],[139.79211,35.75],[139.79198,35.75014],[139.79196,35.7503],[139.79209,35.75076],[139.7922,35.75085],[139.79238,35.75066],[139.79248,35.75062],[139.79266,35.75065],[139.7928,35.75072],[139.79301,35.75108],[139.79322,35.75181],[139.79343,35.75206]]],[[[139.81963,35.76321],[139.81982,35.76317],[139.81987,35.76311],[139.81992,35.76279],[139.81987,35.76184],[139.81967,35.76001],[139.81965,35.75932],[139.8197,35.75881],[139.82,35.75778],[139.82018,35.75621],[139.82025,35.75457],[139.8202,35.75412],[139.8201,35.75393],[139.81997,35.75397],[139.81992,35.75405],[139.81984,35.75432],[139.81976,35.75584],[139.8197,35.75621],[139.81961,35.75645],[139.81941,35.75659],[139.81929,35.75679],[139.81908,35.75778],[139.81892,35.75819],[139.81864,35.75847],[139.81813,35.75863],[139.81675,35.75866],[139.81676,35.75952],[139.81682,35.75985],[139.81702,35.76014],[139.81734,35.76039],[139.81737,35.76053],[139.81729,35.76068],[139.81687,35.7611],[139.81678,35.76127],[139.81672,35.76159],[139.81662,35.76165],[139.81642,35.76163],[139.8158,35.76137],[139.81532,35.76124],[139.81502,35.76123],[139.81461,35.76128],[139.81423,35.76124],[139.81367,35.76092],[139.8134,35.76084],[139.8129,35.76085],[139.81231,35.76099],[139.81188,35.76103],[139.8117,35.76099],[139.81145,35.7608],[139.81117,35.76073],[139.80944,35.76062],[139.80922,35.76054],[139.80899,35.76035],[139.80846,35.76025],[139.80787,35.76025],[139.80748,35.7603],[139.80692,35.76046],[139.80629,35.76074],[139.80603,35.76078],[139.80588,35.76051],[139.8055,35.7604],[139.80542,35.76024],[139.80539,35.76001],[139.80524,35.75985],[139.80479,35.75979],[139.80387,35.75986],[139.80303,35.76004],[139.80189,35.76056],[139.80147,35.7606],[139.80093,35.76056],[139.80057,35.76069],[139.80024,35.76097],[139.80004,35.76133],[139.79998,35.76172],[139.80004,35.76212],[139.79998,35.76229],[139.79991,35.76235],[139.7997,35.7624],[139.79921,35.76235],[139.79889,35.76239],[139.79858,35.76249],[139.79829,35.76266],[139.79787,35.76309],[139.79778,35.76337],[139.79784,35.76362],[139.79783,35.76382],[139.79776,35.76391],[139.79748,35.76408],[139.79739,35.76432],[139.79747,35.76443],[139.79765,35.76455],[139.79851,35.76483],[139.79889,35.76503],[139.79902,35.76519],[139.79913,35.76554],[139.79924,35.76561],[139.79975,35.76571],[139.79987,35.76587],[139.79991,35.76611],[139.80018,35.7664],[139.80118,35.76694],[139.80163,35.76725],[139.80178,35.76743],[139.80184,35.7677],[139.80207,35.76808],[139.80293,35.76898],[139.80321,35.76936],[139.80345,35.7699],[139.80349,35.77039],[139.80357,35.77062],[139.80383,35.77081],[139.80432,35.77086],[139.80453,35.77099],[139.80463,35.77144],[139.80495,35.77184],[139.80507,35.7721],[139.80528,35.77322],[139.80531,35.77369],[139.80526,35.77416],[139.80516,35.77431],[139.8049,35.77449],[139.80486,35.77474],[139.80494,35.77488],[139.80522,35.77505],[139.80532,35.77516],[139.8054,35.7754],[139.80543,35.77578],[139.80553,35.77587],[139.80587,35.77568],[139.80604,35.77564],[139.80668,35.77569],[139.80687,35.77556],[139.807,35.77534],[139.8073,35.77521],[139.8076,35.7752],[139.80819,35.77525],[139.80865,35.77521],[139.80888,35.77511],[139.80931,35.77473],[139.80959,35.77466],[139.80975,35.77475],[139.80995,35.77494],[139.81059,35.77587],[139.81105,35.77626],[139.81121,35.77633],[139.81154,35.77637],[139.81205,35.77622],[139.81236,35.77601],[139.81266,35.77573],[139.81294,35.77535],[139.81323,35.7748],[139.81332,35.77432],[139.81325,35.77389],[139.81327,35.77363],[139.81342,35.77326],[139.81371,35.77291],[139.81385,35.77263],[139.81396,35.77213],[139.814,35.77157],[139.81415,35.77114],[139.81434,35.77093],[139.81498,35.77058],[139.81519,35.77016],[139.81583,35.76969],[139.81609,35.76944],[139.81617,35.76927],[139.81623,35.76895],[139.81632,35.76883],[139.81689,35.76855],[139.81698,35.76843],[139.81704,35.76812],[139.81712,35.76797],[139.81728,35.76783],[139.81776,35.76758],[139.81795,35.76738],[139.81811,35.76694],[139.81815,35.76625],[139.81826,35.76595],[139.81844,35.76588],[139.81864,35.76596],[139.81908,35.76649],[139.81948,35.76676],[139.81995,35.76693],[139.82117,35.76723],[139.82081,35.76582],[139.82058,35.76515],[139.82044,35.76494],[139.82011,35.7647],[139.81998,35.76435],[139.81944,35.76408],[139.81934,35.76387],[139.81935,35.76368],[139.81947,35.76338],[139.81963,35.76321]],[[139.80851,35.76263],[139.80916,35.76257],[139.80944,35.76265],[139.80978,35.76283],[139.81004,35.76287],[139.81139,35.7628],[139.81201,35.76287],[139.81279,35.76304],[139.81308,35.76306],[139.81331,35.76302],[139.81353,35.76288],[139.81369,35.76283],[139.81404,35.7631],[139.81472,35.76319],[139.81498,35.76331],[139.81507,35.76347],[139.81514,35.76393],[139.81522,35.76403],[139.81546,35.76408],[139.81559,35.76418],[139.81572,35.76466],[139.81583,35.76477],[139.81627,35.76494],[139.81643,35.76507],[139.81647,35.76523],[139.81639,35.7654],[139.81591,35.76575],[139.81572,35.76601],[139.81557,35.76679],[139.81531,35.76721],[139.81439,35.7681],[139.814,35.76863],[139.81368,35.76919],[139.81337,35.76956],[139.81317,35.76968],[139.81275,35.76974],[139.81254,35.76981],[139.81223,35.77],[139.81203,35.7702],[139.81161,35.77093],[139.81118,35.77205],[139.81088,35.77247],[139.81052,35.77274],[139.81031,35.77282],[139.80985,35.77286],[139.80963,35.77282],[139.80928,35.77265],[139.80914,35.77251],[139.80894,35.77212],[139.80879,35.77134],[139.80864,35.77094],[139.80853,35.77078],[139.80828,35.77057],[139.80739,35.7703],[139.80694,35.76993],[139.80672,35.76983],[139.80643,35.76979],[139.80567,35.76982],[139.80552,35.76977],[139.80529,35.76956],[139.80516,35.76919],[139.80511,35.76799],[139.80501,35.76748],[139.80479,35.76727],[139.80447,35.76721],[139.80434,35.76714],[139.80399,35.76672],[139.8038,35.7662],[139.80374,35.76542],[139.80362,35.7651],[139.80348,35.76499],[139.803,35.76493],[139.80268,35.76477],[139.80242,35.76446],[139.80235,35.76407],[139.80229,35.76395],[139.80217,35.76388],[139.80181,35.76383],[139.80164,35.76374],[139.80151,35.76358],[139.80142,35.76335],[139.80138,35.76321],[139.80142,35.76309],[139.80169,35.76289],[139.80225,35.76277],[139.80308,35.76272],[139.80405,35.76271],[139.80502,35.76265],[139.80534,35.76257],[139.8055,35.76235],[139.80593,35.76242],[139.80636,35.7622],[139.80658,35.76218],[139.80705,35.76227],[139.80802,35.76259],[139.80851,35.76263]]],[[[139.79033,35.7715],[139.79069,35.7721],[139.79092,35.77231],[139.7912,35.77246],[139.79168,35.77258],[139.79194,35.77276],[139.79205,35.77289],[139.7922,35.77322],[139.79233,35.77385],[139.79251,35.77437],[139.79268,35.77463],[139.79297,35.7749],[139.79316,35.77519],[139.79332,35.77596],[139.79361,35.77618],[139.7937,35.77631],[139.79378,35.7766],[139.79383,35.77716],[139.79406,35.77779],[139.79436,35.77827],[139.79457,35.7785],[139.79488,35.77869],[139.79518,35.77874],[139.79537,35.779],[139.79553,35.78032],[139.79572,35.78079],[139.796,35.78114],[139.79612,35.78138],[139.79617,35.78177],[139.79612,35.78219],[139.79622,35.78248],[139.79664,35.7829],[139.79732,35.78329],[139.79774,35.78341],[139.79793,35.78343],[139.79827,35.78336],[139.79856,35.78317],[139.79887,35.78285],[139.79902,35.78256],[139.79905,35.78232],[139.79913,35.78216],[139.7995,35.78205],[139.79967,35.78196],[139.80015,35.78148],[139.80039,35.78108],[139.8005,35.78058],[139.8007,35.78038],[139.80118,35.78004],[139.80128,35.77973],[139.80139,35.77969],[139.80163,35.77976],[139.8018,35.77972],[139.80212,35.77925],[139.80271,35.77895],[139.80279,35.77882],[139.80281,35.77865],[139.8027,35.77834],[139.80253,35.7782],[139.80226,35.77814],[139.80132,35.77819],[139.80096,35.77817],[139.79986,35.77789],[139.79839,35.77779],[139.79803,35.77771],[139.79794,35.77762],[139.79785,35.77741],[139.79757,35.77735],[139.79744,35.77726],[139.79731,35.77679],[139.79719,35.77672],[139.79683,35.77668],[139.79671,35.77662],[139.79666,35.77647],[139.79673,35.77617],[139.79668,35.77607],[139.79613,35.77595],[139.79602,35.77579],[139.79598,35.77555],[139.79585,35.77538],[139.79561,35.77521],[139.79507,35.77495],[139.79476,35.77475],[139.79459,35.77451],[139.79455,35.77437],[139.79459,35.77407],[139.79473,35.77359],[139.79472,35.77333],[139.79462,35.77311],[139.79435,35.77285],[139.79423,35.77262],[139.79426,35.77249],[139.79441,35.77231],[139.79438,35.77212],[139.79421,35.77188],[139.79351,35.77125],[139.79322,35.77089],[139.79299,35.77033],[139.79295,35.76975],[139.79279,35.76922],[139.7926,35.7689],[139.79203,35.76821],[139.79188,35.76784],[139.79183,35.76751],[139.7916,35.76727],[139.79113,35.76712],[139.79058,35.76707],[139.79031,35.76709],[139.79014,35.76715],[139.78995,35.76734],[139.78982,35.7674],[139.78922,35.76751],[139.78911,35.76767],[139.78908,35.7679],[139.78892,35.76802],[139.78809,35.76799],[139.78801,35.76805],[139.78798,35.7682],[139.7879,35.7683],[139.78762,35.76836],[139.78755,35.76841],[139.78753,35.76857],[139.7876,35.76881],[139.78751,35.76903],[139.78709,35.76928],[139.7868,35.76955],[139.78672,35.76982],[139.78676,35.77036],[139.78697,35.77068],[139.78737,35.7709],[139.78765,35.77098],[139.78833,35.77105],[139.78912,35.77107],[139.78973,35.77118],[139.78997,35.77126],[139.79033,35.7715]]],[[[139.82064,35.77928],[139.82169,35.77918],[139.82286,35.77918],[139.82349,35.77923],[139.82397,35.77933],[139.82448,35.77957],[139.82455,35.77942],[139.82448,35.77873],[139.82419,35.77758],[139.82388,35.77685],[139.82367,35.77667],[139.82357,35.77666],[139.8233,35.77683],[139.82314,35.777],[139.82308,35.77722],[139.82295,35.77728],[139.82152,35.77722],[139.82083,35.77729],[139.82013,35.77744],[139.81973,35.77746],[139.81927,35.77736],[139.81863,35.77698],[139.81798,35.77687],[139.81786,35.77677],[139.81781,35.77657],[139.81772,35.77651],[139.81749,35.77647],[139.81717,35.77649],[139.81676,35.77661],[139.81638,35.77685],[139.81623,35.77711],[139.81616,35.77753],[139.81601,35.7777],[139.81555,35.77788],[139.81488,35.77798],[139.8145,35.77809],[139.8141,35.77834],[139.81394,35.77855],[139.81388,35.77878],[139.81392,35.779],[139.81418,35.77934],[139.81449,35.77954],[139.8147,35.77961],[139.81522,35.77969],[139.81588,35.77968],[139.81812,35.77947],[139.81981,35.77954],[139.82021,35.77947],[139.82064,35.77928]]],[[[139.86509,35.6642],[139.86504,35.66458],[139.86485,35.66499],[139.86455,35.66526],[139.86424,35.66536],[139.86371,35.66537],[139.86422,35.6658],[139.86438,35.666],[139.86443,35.66626],[139.86436,35.6665],[139.86438,35.66664],[139.86454,35.66679],[139.8649,35.66694],[139.86501,35.66707],[139.86517,35.66773],[139.86528,35.66786],[139.86563,35.66801],[139.86571,35.6681],[139.86563,35.66829],[139.86517,35.66876],[139.86504,35.66911],[139.86483,35.66923],[139.86435,35.66937],[139.86418,35.66948],[139.86409,35.66972],[139.86419,35.67004],[139.86435,35.67023],[139.86457,35.67039],[139.8652,35.67064],[139.86556,35.67084],[139.86571,35.67099],[139.86589,35.6713],[139.86602,35.67139],[139.86657,35.67149],[139.86671,35.67156],[139.867,35.67197],[139.86713,35.67207],[139.86739,35.67213],[139.86759,35.67211],[139.86791,35.67192],[139.86811,35.67169],[139.86832,35.67137],[139.86846,35.67095],[139.86851,35.6701],[139.86828,35.66835],[139.86827,35.66788],[139.86832,35.6676],[139.86865,35.6673],[139.86867,35.667],[139.86852,35.66631],[139.86839,35.666],[139.86823,35.66584],[139.86795,35.66579],[139.86775,35.66566],[139.86754,35.66544],[139.86745,35.66519],[139.86745,35.66459],[139.86766,35.66346],[139.86771,35.66276],[139.86766,35.66241],[139.86747,35.66199],[139.86736,35.6615],[139.86709,35.65888],[139.86693,35.65809],[139.86669,35.65751],[139.86651,35.6573],[139.86622,35.65709],[139.86564,35.65681],[139.86506,35.657],[139.86478,35.65718],[139.86462,35.65741],[139.8645,35.65772],[139.86439,35.65856],[139.86438,35.65972],[139.86454,35.66207],[139.86471,35.66303],[139.86496,35.66346],[139.86506,35.6638],[139.86509,35.6642]]],[[[139.88213,35.66874],[139.88241,35.6687],[139.88266,35.6686],[139.88295,35.66832],[139.88309,35.66789],[139.88335,35.66772],[139.88346,35.66756],[139.88357,35.6671],[139.88366,35.66583],[139.88381,35.66536],[139.88404,35.66496],[139.88453,35.66445],[139.88493,35.66414],[139.88513,35.66403],[139.88551,35.66395],[139.88589,35.66371],[139.88616,35.66346],[139.88631,35.66321],[139.88633,35.66286],[139.88613,35.66255],[139.88575,35.66217],[139.88513,35.66171],[139.88481,35.66155],[139.88458,35.66155],[139.88418,35.66174],[139.88367,35.66215],[139.88336,35.6626],[139.8833,35.66305],[139.88318,35.66332],[139.88256,35.66381],[139.88243,35.66417],[139.8821,35.66427],[139.88194,35.66443],[139.88116,35.66597],[139.88085,35.66631],[139.88064,35.66639],[139.88048,35.66648],[139.8804,35.66661],[139.88038,35.66678],[139.88048,35.66711],[139.8808,35.66751],[139.88149,35.66803],[139.88164,35.66828],[139.88167,35.66852],[139.88174,35.66864],[139.88193,35.66873],[139.88213,35.66874]]],[[[139.82401,35.66202],[139.82354,35.66188],[139.82332,35.66192],[139.82306,35.66218],[139.82256,35.66222],[139.82307,35.66267],[139.82321,35.66294],[139.82322,35.66323],[139.82303,35.66397],[139.82302,35.66443],[139.82312,35.66467],[139.82347,35.66502],[139.82366,35.66536],[139.82367,35.66553],[139.82359,35.6658],[139.82306,35.66654],[139.82301,35.66679],[139.82321,35.66705],[139.82328,35.66723],[139.82329,35.66761],[139.82322,35.66808],[139.82326,35.66832],[139.82339,35.66847],[139.8236,35.66853],[139.82385,35.66854],[139.82403,35.66867],[139.82402,35.66882],[139.82385,35.66917],[139.82372,35.6697],[139.82367,35.67042],[139.82369,35.67117],[139.8238,35.67163],[139.82391,35.67178],[139.82404,35.67185],[139.82421,35.67203],[139.82439,35.67252],[139.82438,35.67273],[139.82429,35.67293],[139.82394,35.67329],[139.8237,35.6737],[139.82351,35.6745],[139.82351,35.67501],[139.82367,35.67526],[139.82414,35.67533],[139.82463,35.67558],[139.82492,35.67561],[139.82558,35.67551],[139.82644,35.67526],[139.82684,35.675],[139.82698,35.67485],[139.82713,35.67448],[139.82709,35.67339],[139.82717,35.67322],[139.82735,35.6731],[139.82748,35.67292],[139.82752,35.67243],[139.82743,35.67225],[139.82728,35.67212],[139.82679,35.67194],[139.82668,35.67183],[139.82649,35.67151],[139.82631,35.67073],[139.82625,35.66963],[139.82634,35.66925],[139.82662,35.66916],[139.82671,35.66895],[139.82658,35.66873],[139.82601,35.66831],[139.82592,35.66817],[139.82588,35.66792],[139.82605,35.66759],[139.82662,35.66716],[139.82692,35.66684],[139.8271,35.66646],[139.82714,35.66619],[139.82706,35.66596],[139.82686,35.66577],[139.82596,35.66544],[139.82567,35.66528],[139.82545,35.66509],[139.82514,35.66468],[139.82497,35.66456],[139.82475,35.66449],[139.82422,35.66447],[139.82464,35.6641],[139.82477,35.66373],[139.82473,35.66347],[139.82464,35.6633],[139.82411,35.66273],[139.82414,35.66268],[139.82432,35.66266],[139.82445,35.6626],[139.8245,35.66242],[139.82445,35.6623],[139.82401,35.66202]]],[[[139.87358,35.68884],[139.87376,35.68853],[139.87389,35.68814],[139.87395,35.6872],[139.87407,35.68663],[139.87421,35.68636],[139.87458,35.68594],[139.87473,35.68562],[139.87496,35.6845],[139.87514,35.68396],[139.87531,35.68373],[139.8756,35.68351],[139.87579,35.68315],[139.87587,35.68238],[139.87579,35.68185],[139.8756,35.68155],[139.87525,35.68139],[139.8756,35.68135],[139.87583,35.68119],[139.87599,35.68087],[139.87603,35.68044],[139.87587,35.67998],[139.87521,35.67901],[139.87505,35.67861],[139.875,35.67821],[139.87484,35.67808],[139.87457,35.67811],[139.87431,35.67828],[139.87413,35.67858],[139.8739,35.6792],[139.87367,35.67947],[139.87347,35.67959],[139.87331,35.67983],[139.87321,35.68051],[139.87329,35.68223],[139.87324,35.6829],[139.87314,35.68314],[139.87296,35.68334],[139.87288,35.68353],[139.87282,35.68416],[139.87274,35.68445],[139.87265,35.68458],[139.87242,35.68473],[139.87237,35.68483],[139.87249,35.68554],[139.87236,35.68618],[139.87222,35.68644],[139.8721,35.68653],[139.8719,35.68658],[139.87179,35.68674],[139.87165,35.68722],[139.87144,35.68828],[139.87127,35.68862],[139.87114,35.68871],[139.87099,35.68885],[139.87109,35.68911],[139.87129,35.68923],[139.87167,35.68932],[139.87204,35.68982],[139.87227,35.68992],[139.87247,35.68993],[139.8727,35.68989],[139.87279,35.68982],[139.87294,35.68947],[139.87358,35.68884]]],[[[139.88982,35.69255],[139.88987,35.69226],[139.88978,35.69157],[139.8898,35.6912],[139.88987,35.69107],[139.89005,35.69103],[139.89018,35.69087],[139.89027,35.69016],[139.89051,35.68972],[139.89104,35.68933],[139.89181,35.68907],[139.89202,35.68893],[139.89218,35.68871],[139.89237,35.68811],[139.89253,35.68784],[139.89289,35.68754],[139.89338,35.68733],[139.89363,35.68708],[139.89389,35.68648],[139.89398,35.68595],[139.89393,35.68532],[139.89376,35.68507],[139.89349,35.68496],[139.89291,35.68503],[139.89265,35.68519],[139.89252,35.68542],[139.89241,35.68551],[139.89217,35.68556],[139.89187,35.6855],[139.89167,35.68551],[139.89135,35.68564],[139.89115,35.6858],[139.89086,35.68613],[139.89077,35.68655],[139.89068,35.6867],[139.89042,35.68691],[139.88994,35.68716],[139.88978,35.68732],[139.88959,35.68798],[139.88923,35.68845],[139.88859,35.68901],[139.888,35.68945],[139.88771,35.68962],[139.88744,35.6897],[139.88731,35.68978],[139.88716,35.69012],[139.88691,35.69122],[139.88674,35.69147],[139.88661,35.6915],[139.88646,35.69165],[139.88638,35.69202],[139.8864,35.69275],[139.8865,35.69322],[139.88668,35.69359],[139.887,35.69397],[139.88739,35.69423],[139.88764,35.69424],[139.8881,35.69399],[139.88934,35.6928],[139.88982,35.69255]]],[[[139.89568,35.70119],[139.8956,35.70157],[139.89569,35.70181],[139.89598,35.70196],[139.89645,35.70201],[139.89667,35.70194],[139.89688,35.70173],[139.89731,35.70176],[139.89802,35.70159],[139.90148,35.7004],[139.90336,35.70001],[139.90356,35.69991],[139.90374,35.69975],[139.90387,35.69971],[139.90454,35.69963],[139.90602,35.69959],[139.90696,35.69946],[139.9074,35.69931],[139.90808,35.69884],[139.90836,35.69872],[139.90865,35.69866],[139.90885,35.69849],[139.90906,35.69819],[139.90922,35.69783],[139.90929,35.69744],[139.90927,35.69704],[139.90909,35.69685],[139.90878,35.69673],[139.90806,35.69667],[139.90733,35.69676],[139.90694,35.69689],[139.90623,35.69734],[139.90605,35.69742],[139.90591,35.69741],[139.90565,35.69717],[139.90534,35.69713],[139.90518,35.69723],[139.90515,35.69744],[139.90503,35.69761],[139.9048,35.69777],[139.90445,35.69793],[139.90398,35.69806],[139.90288,35.69826],[139.90252,35.6984],[139.90213,35.69863],[139.9014,35.69875],[139.90121,35.69885],[139.90098,35.69909],[139.90029,35.6992],[139.89982,35.69954],[139.89853,35.69968],[139.89781,35.69996],[139.89708,35.70013],[139.89639,35.7002],[139.89586,35.70012],[139.89562,35.69999],[139.89518,35.69947],[139.89504,35.6994],[139.89484,35.6994],[139.89462,35.69954],[139.89438,35.69996],[139.89421,35.70005],[139.89402,35.70008],[139.89395,35.70015],[139.89392,35.70027],[139.89402,35.70086],[139.89387,35.70116],[139.89364,35.70131],[139.89344,35.70137],[139.89294,35.70141],[139.8926,35.70148],[139.89257,35.70161],[139.89279,35.70182],[139.89311,35.70186],[139.89332,35.70179],[139.89368,35.70156],[139.89388,35.70148],[139.89505,35.70137],[139.89538,35.70127],[139.89563,35.70111],[139.89568,35.70119]]],[[[139.83516,35.70399],[139.83515,35.7041],[139.83506,35.70422],[139.83472,35.70445],[139.8346,35.70472],[139.83463,35.70495],[139.83475,35.70522],[139.83501,35.70549],[139.83534,35.70555],[139.83605,35.70533],[139.83715,35.70524],[139.83741,35.70515],[139.83761,35.70479],[139.8384,35.70419],[139.83859,35.70394],[139.83866,35.70355],[139.83852,35.70314],[139.83854,35.703],[139.8387,35.70275],[139.83904,35.7025],[139.84044,35.70182],[139.84079,35.70156],[139.84134,35.70098],[139.83917,35.70161],[139.83878,35.70178],[139.8382,35.70216],[139.83802,35.70223],[139.83784,35.70224],[139.83748,35.7021],[139.83593,35.7031],[139.83541,35.70348],[139.83517,35.70371],[139.83511,35.70388],[139.83516,35.70399]]],[[[139.82945,35.74041],[139.83047,35.74062],[139.83083,35.74079],[139.83123,35.74132],[139.83168,35.74163],[139.83185,35.7418],[139.83229,35.74276],[139.83259,35.74302],[139.83297,35.74321],[139.83319,35.74348],[139.83321,35.74384],[139.8331,35.74421],[139.83294,35.74442],[139.83256,35.74451],[139.83238,35.74467],[139.8323,35.74495],[139.83241,35.74532],[139.83232,35.74544],[139.83214,35.74554],[139.83205,35.74575],[139.83207,35.74609],[139.83219,35.74648],[139.83234,35.74678],[139.83259,35.74704],[139.83264,35.74717],[139.83263,35.74731],[139.83236,35.74783],[139.83225,35.7485],[139.83223,35.74984],[139.83232,35.7511],[139.83251,35.75175],[139.83262,35.75191],[139.83288,35.75209],[139.83297,35.75231],[139.83305,35.75287],[139.83308,35.75386],[139.83319,35.75428],[139.8333,35.75438],[139.8335,35.75443],[139.83348,35.75477],[139.83374,35.75503],[139.83445,35.75543],[139.83488,35.75551],[139.83506,35.75543],[139.83524,35.75504],[139.83537,35.75488],[139.8359,35.75459],[139.83602,35.75438],[139.83608,35.7541],[139.83609,35.75354],[139.83601,35.75311],[139.83592,35.75291],[139.83569,35.75264],[139.83564,35.75248],[139.83572,35.75194],[139.83567,35.75145],[139.83527,35.75027],[139.83515,35.74969],[139.8351,35.74872],[139.83517,35.74767],[139.83516,35.74682],[139.83508,35.7464],[139.83487,35.7458],[139.83485,35.74549],[139.83496,35.745],[139.83516,35.74455],[139.83537,35.74425],[139.83558,35.74412],[139.83569,35.74393],[139.8358,35.74334],[139.83583,35.74204],[139.83591,35.74126],[139.83606,35.74079],[139.83623,35.74063],[139.83671,35.74048],[139.83718,35.74042],[139.83828,35.74043],[139.83874,35.74052],[139.83886,35.74061],[139.83895,35.74082],[139.83925,35.74088],[139.83943,35.74097],[139.84042,35.74181],[139.84066,35.74194],[139.84109,35.742],[139.84136,35.74213],[139.84198,35.74284],[139.84265,35.74317],[139.84281,35.7435],[139.84348,35.74364],[139.84369,35.74408],[139.84413,35.74447],[139.84455,35.74466],[139.84509,35.74474],[139.84521,35.74484],[139.84524,35.74501],[139.84532,35.74514],[139.8457,35.74544],[139.84623,35.74571],[139.84688,35.74586],[139.84702,35.74607],[139.84712,35.74645],[139.84718,35.74766],[139.84731,35.74825],[139.8477,35.749],[139.84809,35.74941],[139.84842,35.74988],[139.84866,35.75045],[139.84879,35.75111],[139.84887,35.75276],[139.849,35.75321],[139.84913,35.75326],[139.84932,35.75319],[139.84938,35.75295],[139.84947,35.75288],[139.84973,35.75281],[139.85021,35.75278],[139.85042,35.7527],[139.85052,35.7524],[139.8509,35.7521],[139.85102,35.75154],[139.85101,35.7509],[139.85092,35.7505],[139.85066,35.74999],[139.85028,35.74955],[139.85009,35.74923],[139.84994,35.7487],[139.84987,35.74785],[139.84974,35.74757],[139.84955,35.74744],[139.84948,35.74722],[139.84947,35.74666],[139.84952,35.74613],[139.84968,35.74545],[139.84982,35.74514],[139.85,35.74495],[139.85042,35.74464],[139.85105,35.74378],[139.85144,35.7434],[139.85174,35.74321],[139.85245,35.74292],[139.85285,35.74269],[139.85452,35.74146],[139.85477,35.74134],[139.85525,35.74121],[139.85597,35.74074],[139.85635,35.74065],[139.85687,35.7406],[139.85709,35.74053],[139.8575,35.74018],[139.85786,35.73999],[139.85895,35.73974],[139.85937,35.73953],[139.85956,35.73934],[139.85974,35.73899],[139.85984,35.73861],[139.85987,35.7382],[139.85974,35.73788],[139.85954,35.73776],[139.85926,35.73771],[139.85874,35.73775],[139.85823,35.73792],[139.85753,35.73831],[139.85702,35.73852],[139.85667,35.73859],[139.85581,35.73867],[139.85529,35.73883],[139.85434,35.73922],[139.85364,35.73933],[139.85352,35.73943],[139.85343,35.73966],[139.85291,35.73977],[139.85253,35.73997],[139.8498,35.74198],[139.84942,35.74218],[139.84899,35.74228],[139.84879,35.74253],[139.84866,35.74298],[139.84852,35.74324],[139.8483,35.7434],[139.84816,35.74345],[139.84781,35.74347],[139.84725,35.74336],[139.84689,35.74319],[139.84666,35.74289],[139.84644,35.74277],[139.84588,35.74268],[139.84511,35.74266],[139.84471,35.7426],[139.84433,35.74244],[139.84418,35.74221],[139.84392,35.74205],[139.84318,35.74198],[139.84286,35.74188],[139.84275,35.74177],[139.84272,35.74153],[139.8426,35.74134],[139.8421,35.74111],[139.84198,35.741],[139.84188,35.74063],[139.8418,35.7405],[139.84154,35.74035],[139.84077,35.7401],[139.84043,35.73989],[139.84024,35.73971],[139.8401,35.73947],[139.84001,35.73917],[139.83997,35.73882],[139.83999,35.73829],[139.8401,35.73796],[139.84047,35.73762],[139.84055,35.73717],[139.8407,35.7369],[139.84106,35.73663],[139.84177,35.73635],[139.84189,35.73621],[139.84199,35.73591],[139.84232,35.73569],[139.84243,35.73548],[139.84251,35.73496],[139.84271,35.73466],[139.84346,35.7341],[139.84365,35.73369],[139.84394,35.73364],[139.84415,35.73351],[139.8447,35.73284],[139.84484,35.73277],[139.84521,35.73269],[139.84568,35.73237],[139.84597,35.73207],[139.8461,35.73167],[139.84641,35.73146],[139.84649,35.73135],[139.84644,35.73062],[139.8466,35.73044],[139.84688,35.73033],[139.847,35.73022],[139.84705,35.72998],[139.84695,35.72967],[139.84684,35.72951],[139.84669,35.72941],[139.84612,35.7293],[139.84597,35.72893],[139.84568,35.72862],[139.84521,35.72831],[139.84491,35.72824],[139.84459,35.72835],[139.84389,35.72881],[139.84358,35.72891],[139.84337,35.72892],[139.84319,35.72904],[139.84298,35.7295],[139.84281,35.73058],[139.84267,35.73113],[139.84255,35.73129],[139.84231,35.73127],[139.84223,35.73134],[139.84216,35.73179],[139.842,35.73206],[139.84181,35.73221],[139.84133,35.73245],[139.84112,35.73266],[139.84099,35.73321],[139.8407,35.73352],[139.84063,35.73367],[139.84068,35.73447],[139.84061,35.73454],[139.84042,35.73457],[139.84028,35.73464],[139.8397,35.73534],[139.83943,35.73552],[139.83913,35.73563],[139.83896,35.73577],[139.83878,35.73612],[139.8386,35.73676],[139.83823,35.73731],[139.8376,35.73779],[139.8374,35.73789],[139.83699,35.738],[139.83677,35.73831],[139.8366,35.73845],[139.83608,35.73858],[139.83498,35.73862],[139.83455,35.73869],[139.83428,35.73882],[139.8342,35.73891],[139.83414,35.73928],[139.83408,35.73936],[139.83398,35.73935],[139.8337,35.73919],[139.83353,35.73917],[139.83304,35.73935],[139.83283,35.73938],[139.83263,35.73933],[139.83221,35.73906],[139.83186,35.73893],[139.8316,35.73892],[139.83099,35.73898],[139.83077,35.73891],[139.83062,35.73876],[139.83021,35.73865],[139.82865,35.73859],[139.82827,35.73854],[139.82803,35.73846],[139.82775,35.7382],[139.82749,35.73816],[139.82733,35.73823],[139.82713,35.73841],[139.82663,35.73905],[139.82646,35.73939],[139.82642,35.73966],[139.82653,35.73986],[139.82663,35.73993],[139.82708,35.74007],[139.82745,35.74011],[139.82873,35.74004],[139.82901,35.74005],[139.82916,35.74011],[139.82921,35.74027],[139.82945,35.74041]]],[[[139.82316,35.74433],[139.82368,35.74315],[139.82383,35.7427],[139.8239,35.74235],[139.82389,35.74209],[139.82381,35.74193],[139.82364,35.74186],[139.82318,35.74195],[139.82278,35.74214],[139.82245,35.74245],[139.82219,35.74288],[139.82163,35.74404],[139.82079,35.74524],[139.82064,35.74564],[139.82057,35.74617],[139.82044,35.74641],[139.82031,35.74652],[139.82021,35.74667],[139.82016,35.74686],[139.82019,35.74721],[139.82027,35.74748],[139.8204,35.74765],[139.82059,35.74774],[139.82096,35.74772],[139.82133,35.7474],[139.82182,35.74673],[139.82243,35.7457],[139.82316,35.74433]]],[[[139.86122,35.74911],[139.86137,35.74835],[139.86137,35.74785],[139.86129,35.74765],[139.86115,35.74755],[139.86101,35.74753],[139.86087,35.74758],[139.86046,35.74797],[139.86032,35.74804],[139.85999,35.74811],[139.85983,35.74828],[139.85971,35.74858],[139.85971,35.74883],[139.85987,35.74896],[139.86015,35.74898],[139.86035,35.74908],[139.86042,35.74927],[139.86037,35.74958],[139.86006,35.75023],[139.85955,35.75103],[139.85924,35.75137],[139.85908,35.75145],[139.8589,35.75148],[139.85882,35.75156],[139.85869,35.75213],[139.8583,35.75276],[139.85801,35.75325],[139.85794,35.75355],[139.85799,35.75383],[139.85818,35.75393],[139.85833,35.75389],[139.85851,35.7537],[139.85955,35.75171],[139.86003,35.75105],[139.86053,35.75051],[139.86093,35.74987],[139.86122,35.74911]]],[[[139.87388,35.74906],[139.87352,35.74932],[139.87304,35.74953],[139.87272,35.74989],[139.87261,35.75023],[139.87254,35.75119],[139.87241,35.75149],[139.87212,35.75168],[139.87202,35.75198],[139.87193,35.75205],[139.87167,35.75212],[139.87129,35.75214],[139.87103,35.75223],[139.87095,35.75235],[139.87085,35.7527],[139.87066,35.75279],[139.87036,35.75282],[139.87015,35.75293],[139.86984,35.75324],[139.86951,35.75372],[139.86919,35.75398],[139.86879,35.7542],[139.86779,35.75447],[139.86731,35.7547],[139.86719,35.75489],[139.86723,35.75531],[139.86718,35.75546],[139.86706,35.75557],[139.86677,35.75568],[139.86659,35.75582],[139.86642,35.75604],[139.86602,35.75676],[139.86566,35.75697],[139.86503,35.75695],[139.86479,35.757],[139.86464,35.75713],[139.86455,35.75762],[139.86436,35.75792],[139.86412,35.75804],[139.86353,35.7582],[139.86336,35.75833],[139.86331,35.75861],[139.86343,35.75891],[139.86358,35.75912],[139.86384,35.75927],[139.86393,35.75939],[139.86385,35.75964],[139.86389,35.75974],[139.86411,35.75986],[139.8646,35.75999],[139.86479,35.7601],[139.86501,35.76039],[139.86502,35.76054],[139.86497,35.76066],[139.86485,35.76075],[139.86449,35.76089],[139.86438,35.761],[139.86421,35.7616],[139.86392,35.76188],[139.86378,35.76191],[139.86364,35.76186],[139.86336,35.76159],[139.86307,35.76146],[139.86271,35.76146],[139.86226,35.76162],[139.86214,35.76174],[139.86206,35.76206],[139.86196,35.76223],[139.86163,35.76248],[139.86083,35.76295],[139.86073,35.76308],[139.86062,35.76339],[139.86029,35.76359],[139.86024,35.76372],[139.86032,35.76393],[139.86028,35.76406],[139.86016,35.76421],[139.8595,35.7647],[139.85937,35.76487],[139.85931,35.7652],[139.85922,35.76534],[139.85906,35.76544],[139.8586,35.76561],[139.85852,35.76582],[139.85869,35.76638],[139.85914,35.76718],[139.85943,35.76783],[139.85949,35.76816],[139.85944,35.76868],[139.85953,35.76881],[139.85987,35.76899],[139.85997,35.7692],[139.85996,35.76976],[139.85973,35.7709],[139.85963,35.77192],[139.8596,35.77306],[139.85971,35.77401],[139.85997,35.77461],[139.8606,35.77512],[139.86079,35.77549],[139.86128,35.77558],[139.86149,35.77569],[139.86169,35.77588],[139.86225,35.7766],[139.86272,35.77685],[139.86309,35.77691],[139.86382,35.77687],[139.86408,35.77681],[139.86452,35.7766],[139.86462,35.77664],[139.86487,35.77699],[139.86509,35.77711],[139.8664,35.77741],[139.86694,35.77781],[139.86784,35.77809],[139.86818,35.7784],[139.86829,35.77842],[139.86869,35.77834],[139.86913,35.77856],[139.86938,35.77862],[139.86991,35.77863],[139.87083,35.77851],[139.87145,35.77834],[139.87216,35.77804],[139.87264,35.77791],[139.87365,35.77795],[139.87379,35.77787],[139.87398,35.77759],[139.87467,35.77772],[139.87499,35.77772],[139.87507,35.77766],[139.87511,35.7775],[139.87524,35.77737],[139.87602,35.77698],[139.87672,35.77675],[139.8775,35.77664],[139.8781,35.77633],[139.8783,35.77631],[139.87844,35.77636],[139.87859,35.77632],[139.87885,35.77603],[139.87951,35.77485],[139.87995,35.77439],[139.88057,35.77391],[139.88076,35.77366],[139.88087,35.7734],[139.88089,35.77312],[139.88082,35.7728],[139.88062,35.77265],[139.88031,35.77258],[139.88004,35.77235],[139.87953,35.77167],[139.87913,35.77098],[139.87869,35.76988],[139.87855,35.76915],[139.87852,35.76842],[139.87869,35.76718],[139.87885,35.76667],[139.87922,35.76618],[139.8797,35.76505],[139.87979,35.76457],[139.87972,35.76421],[139.8795,35.76395],[139.8788,35.76369],[139.8786,35.76355],[139.87852,35.7634],[139.87855,35.76315],[139.8784,35.763],[139.87785,35.7628],[139.87701,35.76263],[139.87646,35.76246],[139.87633,35.76233],[139.87646,35.76204],[139.87643,35.76176],[139.87628,35.76168],[139.87508,35.76172],[139.87393,35.76158],[139.87004,35.76065],[139.86863,35.76041],[139.86725,35.76026],[139.86688,35.76015],[139.86674,35.76002],[139.86682,35.75986],[139.86703,35.75967],[139.86756,35.75949],[139.8677,35.75915],[139.86799,35.7591],[139.86808,35.75903],[139.86816,35.75882],[139.86819,35.75842],[139.8683,35.75825],[139.86862,35.75818],[139.86875,35.7581],[139.86926,35.75764],[139.86944,35.75757],[139.86984,35.75751],[139.87002,35.75736],[139.87019,35.75711],[139.87049,35.75631],[139.87073,35.75583],[139.87092,35.75561],[139.87141,35.75525],[139.87154,35.7549],[139.87192,35.75479],[139.87195,35.75472],[139.87187,35.75451],[139.87196,35.75424],[139.87286,35.75325],[139.87338,35.75312],[139.87356,35.75312],[139.87366,35.75319],[139.8737,35.75347],[139.87378,35.75357],[139.87416,35.75338],[139.87432,35.75336],[139.87451,35.75341],[139.87495,35.75367],[139.87506,35.75384],[139.8751,35.75401],[139.87521,35.7541],[139.87629,35.7544],[139.87652,35.75452],[139.87684,35.75483],[139.87709,35.75499],[139.87769,35.75508],[139.8781,35.75527],[139.8784,35.75552],[139.87854,35.75571],[139.87866,35.75601],[139.87871,35.75643],[139.87887,35.75664],[139.87937,35.75686],[139.87949,35.757],[139.87952,35.75716],[139.87963,35.75723],[139.88043,35.75734],[139.88067,35.75752],[139.88086,35.75804],[139.88094,35.75903],[139.88114,35.75945],[139.88137,35.75956],[139.88187,35.75954],[139.88223,35.75946],[139.88241,35.75931],[139.88249,35.75911],[139.88256,35.75825],[139.88267,35.75785],[139.88287,35.75746],[139.88354,35.75653],[139.88358,35.75625],[139.88354,35.75614],[139.88332,35.75598],[139.88287,35.75578],[139.88267,35.75559],[139.88256,35.75536],[139.88252,35.75497],[139.88233,35.75471],[139.88209,35.75462],[139.8816,35.75459],[139.88116,35.75449],[139.88028,35.75399],[139.87958,35.75386],[139.87933,35.7537],[139.87908,35.75345],[139.87872,35.75325],[139.87637,35.75232],[139.87581,35.75202],[139.87541,35.7517],[139.87516,35.75136],[139.87498,35.75086],[139.87499,35.75035],[139.87516,35.74986],[139.87521,35.74948],[139.87516,35.74929],[139.87485,35.74891],[139.8748,35.74859],[139.87493,35.74827],[139.8753,35.74802],[139.87537,35.74775],[139.87545,35.74762],[139.87628,35.747],[139.87644,35.7468],[139.87651,35.74656],[139.87664,35.7465],[139.87683,35.7465],[139.87696,35.74656],[139.87703,35.74679],[139.87711,35.74685],[139.87801,35.74681],[139.8781,35.74687],[139.87819,35.74712],[139.87858,35.74729],[139.87938,35.7474],[139.88118,35.74756],[139.88182,35.74768],[139.8823,35.74787],[139.88248,35.74798],[139.88273,35.74825],[139.88304,35.74847],[139.88349,35.7486],[139.88407,35.74865],[139.88568,35.74861],[139.88617,35.74874],[139.88633,35.74896],[139.88647,35.74904],[139.88677,35.74903],[139.88715,35.74889],[139.88741,35.74885],[139.8875,35.74889],[139.8876,35.74909],[139.88797,35.74922],[139.88882,35.74933],[139.88935,35.74932],[139.88969,35.74922],[139.88987,35.74899],[139.88997,35.74861],[139.89003,35.7479],[139.89018,35.74763],[139.8903,35.74753],[139.89063,35.74741],[139.89132,35.74737],[139.89193,35.74724],[139.89227,35.74709],[139.89268,35.74677],[139.89294,35.7465],[139.89312,35.74614],[139.89343,35.74605],[139.89431,35.746],[139.89454,35.74593],[139.89467,35.74581],[139.8947,35.74565],[139.89462,35.74546],[139.8945,35.74539],[139.89414,35.74534],[139.894,35.74527],[139.89388,35.74506],[139.89382,35.74459],[139.89369,35.74447],[139.8935,35.74443],[139.8934,35.74429],[139.89332,35.74386],[139.89326,35.74285],[139.89313,35.74238],[139.893,35.74214],[139.89273,35.74183],[139.89229,35.74169],[139.89212,35.74114],[139.89183,35.74106],[139.89166,35.74093],[139.89137,35.74029],[139.89091,35.7399],[139.89083,35.73966],[139.89081,35.73934],[139.89069,35.73906],[139.89055,35.73891],[139.89018,35.73867],[139.88997,35.73846],[139.88984,35.73822],[139.88974,35.73788],[139.88972,35.73754],[139.88982,35.73731],[139.88998,35.73717],[139.89046,35.73692],[139.89067,35.73676],[139.89089,35.73643],[139.89113,35.73582],[139.89136,35.73561],[139.89165,35.73548],[139.89185,35.73515],[139.89193,35.73455],[139.89189,35.73384],[139.89173,35.73324],[139.89139,35.73264],[139.89135,35.73238],[139.89146,35.73213],[139.89156,35.73201],[139.89217,35.73156],[139.89248,35.73127],[139.89263,35.731],[139.89266,35.73078],[139.89261,35.73032],[139.89244,35.72969],[139.89222,35.72934],[139.89208,35.72921],[139.89171,35.72904],[139.89148,35.72901],[139.89071,35.72907],[139.89019,35.72918],[139.89002,35.72928],[139.8899,35.72954],[139.88949,35.72965],[139.88938,35.72999],[139.88906,35.73022],[139.88897,35.73046],[139.88891,35.73083],[139.88889,35.73196],[139.88901,35.73315],[139.88924,35.73426],[139.88926,35.73482],[139.88916,35.73503],[139.88871,35.73529],[139.88858,35.73547],[139.88839,35.73597],[139.88814,35.73615],[139.88752,35.73625],[139.8864,35.73619],[139.88583,35.73624],[139.88528,35.7365],[139.88487,35.73663],[139.8825,35.73726],[139.88221,35.73739],[139.88194,35.73758],[139.88147,35.73763],[139.88006,35.73755],[139.87974,35.73759],[139.87935,35.73777],[139.87904,35.73781],[139.878,35.73773],[139.87703,35.73754],[139.87626,35.73729],[139.87548,35.73687],[139.87505,35.73674],[139.87427,35.73666],[139.87367,35.7367],[139.87297,35.73687],[139.8727,35.73705],[139.87258,35.73729],[139.87249,35.73786],[139.8724,35.73798],[139.87211,35.73816],[139.87203,35.73835],[139.87205,35.73847],[139.87218,35.73862],[139.87348,35.73945],[139.87413,35.74011],[139.87457,35.74027],[139.87488,35.74032],[139.87618,35.74041],[139.87761,35.74037],[139.8782,35.7403],[139.8785,35.74018],[139.87854,35.74011],[139.87852,35.73995],[139.87869,35.73983],[139.87884,35.73979],[139.88093,35.73966],[139.8812,35.73958],[139.8814,35.73939],[139.88153,35.73935],[139.88199,35.73942],[139.88218,35.7394],[139.88242,35.73928],[139.88279,35.73895],[139.88314,35.73878],[139.8839,35.73853],[139.8848,35.73832],[139.88563,35.73823],[139.88614,35.73825],[139.88662,35.73833],[139.88708,35.73851],[139.88774,35.73896],[139.88851,35.73981],[139.88888,35.74035],[139.88923,35.74121],[139.88953,35.74158],[139.88979,35.74181],[139.89,35.74218],[139.89016,35.74311],[139.89012,35.74448],[139.88996,35.74533],[139.88983,35.74567],[139.88949,35.74617],[139.88928,35.74634],[139.88903,35.74646],[139.88764,35.74664],[139.88483,35.74671],[139.88375,35.74667],[139.88299,35.74657],[139.88253,35.74642],[139.88241,35.74632],[139.88225,35.746],[139.88203,35.74583],[139.88172,35.74568],[139.88086,35.74539],[139.88068,35.74528],[139.88054,35.74506],[139.88043,35.74502],[139.87976,35.74493],[139.87818,35.7449],[139.87752,35.74483],[139.87705,35.7447],[139.87688,35.74462],[139.87656,35.74423],[139.87635,35.74411],[139.87594,35.74416],[139.87573,35.74409],[139.87549,35.74393],[139.8752,35.74384],[139.87309,35.74351],[139.8729,35.74342],[139.87282,35.74321],[139.87273,35.74312],[139.87211,35.74284],[139.87198,35.74248],[139.87172,35.74231],[139.87161,35.74241],[139.87156,35.74254],[139.87149,35.74325],[139.87149,35.74433],[139.87156,35.7451],[139.87166,35.74539],[139.87198,35.74564],[139.87208,35.74597],[139.87224,35.74603],[139.87258,35.74604],[139.87243,35.74688],[139.87246,35.74723],[139.87259,35.7473],[139.87294,35.74724],[139.8731,35.74728],[139.87324,35.74759],[139.87397,35.74801],[139.8741,35.7482],[139.87414,35.74843],[139.87404,35.74883],[139.87388,35.74906]]],[[[139.82459,35.7553],[139.82515,35.75539],[139.82537,35.75551],[139.82563,35.75583],[139.82586,35.75588],[139.82628,35.75583],[139.82652,35.7559],[139.82739,35.75645],[139.82806,35.7567],[139.82862,35.75683],[139.82925,35.75693],[139.82994,35.75693],[139.83068,35.75686],[139.83147,35.75669],[139.83253,35.75637],[139.83294,35.75617],[139.8331,35.75598],[139.83302,35.75581],[139.83281,35.75564],[139.83268,35.7556],[139.8324,35.75565],[139.83224,35.75562],[139.83196,35.75544],[139.83164,35.75513],[139.83117,35.75492],[139.83078,35.75485],[139.82951,35.75476],[139.82863,35.75448],[139.82835,35.75446],[139.82768,35.75452],[139.82734,35.75447],[139.82682,35.75424],[139.82617,35.75377],[139.8258,35.75364],[139.82563,35.75368],[139.82541,35.75383],[139.82515,35.75391],[139.82485,35.75393],[139.82468,35.7539],[139.82453,35.75377],[139.82447,35.75348],[139.82438,35.75334],[139.82412,35.75319],[139.82355,35.75302],[139.82343,35.75294],[139.82337,35.75274],[139.8233,35.75269],[139.82263,35.75294],[139.82238,35.75295],[139.82224,35.7529],[139.82209,35.75297],[139.82203,35.75313],[139.822,35.75357],[139.82208,35.75397],[139.82227,35.75421],[139.82256,35.75432],[139.82279,35.7545],[139.82298,35.75489],[139.82314,35.75507],[139.82361,35.75524],[139.82459,35.7553]]],[[[139.83758,35.76361],[139.83764,35.76336],[139.83812,35.76284],[139.8383,35.76244],[139.83829,35.76211],[139.83821,35.76192],[139.83795,35.76169],[139.83757,35.7615],[139.83738,35.76136],[139.83722,35.76108],[139.83715,35.76059],[139.83702,35.76041],[139.83689,35.76034],[139.83663,35.76036],[139.8363,35.76054],[139.83591,35.76086],[139.83569,35.76113],[139.83565,35.76128],[139.83573,35.76155],[139.83564,35.76166],[139.83546,35.76176],[139.83541,35.76187],[139.83546,35.76211],[139.83563,35.76244],[139.83564,35.76281],[139.83554,35.76308],[139.83498,35.76402],[139.83463,35.76508],[139.83458,35.76548],[139.83459,35.76583],[139.83475,35.76628],[139.83507,35.76671],[139.83526,35.76683],[139.83563,35.76697],[139.83581,35.76715],[139.83577,35.7674],[139.83551,35.76758],[139.83536,35.76759],[139.83519,35.76755],[139.83452,35.76711],[139.83413,35.767],[139.83193,35.76721],[139.83126,35.76738],[139.8306,35.76768],[139.82988,35.76784],[139.82843,35.7679],[139.82675,35.76783],[139.82627,35.76767],[139.82616,35.76753],[139.82612,35.76738],[139.82601,35.76732],[139.82489,35.76736],[139.82478,35.7673],[139.82471,35.76711],[139.82459,35.76705],[139.82378,35.76694],[139.82349,35.76678],[139.82301,35.76635],[139.82248,35.76604],[139.82181,35.76576],[139.82165,35.76575],[139.82152,35.7658],[139.82139,35.76605],[139.82138,35.76625],[139.82148,35.76682],[139.82171,35.76752],[139.82198,35.76787],[139.82237,35.76794],[139.82252,35.76801],[139.82275,35.76836],[139.82289,35.76847],[139.82307,35.76855],[139.82369,35.76863],[139.82395,35.76884],[139.82427,35.76967],[139.82463,35.77013],[139.82474,35.77051],[139.82476,35.77104],[139.82471,35.77153],[139.82463,35.77177],[139.82441,35.77204],[139.8244,35.77214],[139.82458,35.77225],[139.82506,35.77239],[139.82521,35.7725],[139.8253,35.77263],[139.82531,35.77279],[139.82524,35.77302],[139.82461,35.77355],[139.82452,35.77373],[139.82441,35.77432],[139.82429,35.77445],[139.82402,35.77457],[139.82394,35.77464],[139.82386,35.77495],[139.82394,35.77577],[139.82412,35.77657],[139.82441,35.77752],[139.82465,35.77799],[139.8248,35.77804],[139.82498,35.77781],[139.82512,35.77723],[139.82524,35.77638],[139.82542,35.77576],[139.82558,35.77553],[139.82595,35.77535],[139.82607,35.77522],[139.82617,35.77471],[139.82645,35.77428],[139.82744,35.77336],[139.8279,35.77283],[139.82805,35.77252],[139.82817,35.77181],[139.82849,35.7715],[139.82848,35.77141],[139.82822,35.7711],[139.82858,35.77099],[139.82867,35.77068],[139.8289,35.77039],[139.82921,35.77015],[139.82946,35.77004],[139.8299,35.76994],[139.83053,35.7699],[139.83076,35.76983],[139.83091,35.76971],[139.83106,35.76948],[139.83123,35.76938],[139.83166,35.76934],[139.83243,35.7694],[139.8329,35.76931],[139.83379,35.7688],[139.83504,35.76836],[139.83533,35.76814],[139.83546,35.7679],[139.83561,35.76778],[139.83586,35.76781],[139.83598,35.76781],[139.83609,35.76774],[139.83641,35.76708],[139.83701,35.76638],[139.83717,35.76583],[139.83721,35.76481],[139.83729,35.76429],[139.83739,35.76411],[139.83764,35.76401],[139.83766,35.76385],[139.83758,35.76361]]],[[[139.83859,35.77085],[139.83874,35.77097],[139.83869,35.77152],[139.83874,35.77165],[139.83886,35.77172],[139.83915,35.77176],[139.83938,35.77195],[139.83949,35.77218],[139.83965,35.77277],[139.83981,35.77302],[139.84013,35.77312],[139.84024,35.77319],[139.84045,35.77354],[139.84058,35.77366],[139.84088,35.77375],[139.84127,35.77378],[139.84161,35.77397],[139.84179,35.77421],[139.84201,35.77468],[139.84226,35.77502],[139.84245,35.77517],[139.84273,35.77528],[139.84286,35.77539],[139.84291,35.77563],[139.84286,35.77595],[139.84296,35.77612],[139.84337,35.7763],[139.84382,35.77637],[139.84423,35.77635],[139.84453,35.77623],[139.84473,35.77602],[139.84485,35.77555],[139.84483,35.77517],[139.84471,35.77492],[139.8443,35.77471],[139.84308,35.77449],[139.84255,35.77425],[139.84231,35.774],[139.84207,35.77352],[139.84178,35.77314],[139.84155,35.77296],[139.84106,35.77271],[139.8409,35.77257],[139.8407,35.77204],[139.84044,35.7719],[139.84006,35.77179],[139.83987,35.77164],[139.83971,35.7713],[139.83968,35.77082],[139.83961,35.77047],[139.83951,35.77033],[139.83932,35.77022],[139.83919,35.77007],[139.83909,35.76961],[139.83901,35.76957],[139.83876,35.76962],[139.83865,35.76959],[139.8385,35.76941],[139.83838,35.7691],[139.83825,35.76895],[139.83795,35.76882],[139.83756,35.76879],[139.83735,35.76872],[139.83713,35.76851],[139.83689,35.76805],[139.83666,35.76792],[139.83646,35.7679],[139.83632,35.76797],[139.83628,35.76803],[139.83627,35.76822],[139.83641,35.76867],[139.83656,35.76893],[139.83682,35.76914],[139.83722,35.76913],[139.83749,35.76933],[139.83803,35.77055],[139.8383,35.77081],[139.83859,35.77085]]],[[[139.82728,35.78329],[139.82737,35.78385],[139.82759,35.7843],[139.8279,35.78452],[139.82799,35.78465],[139.82817,35.7856],[139.82826,35.78569],[139.82855,35.78575],[139.82868,35.78609],[139.82909,35.7862],[139.82926,35.7863],[139.83002,35.78697],[139.83026,35.78706],[139.83046,35.78702],[139.83074,35.78676],[139.83097,35.78635],[139.83097,35.78609],[139.83076,35.78585],[139.83075,35.78571],[139.83127,35.78545],[139.83138,35.78526],[139.8314,35.7851],[139.83127,35.78483],[139.83083,35.78461],[139.83065,35.78434],[139.8304,35.78362],[139.83017,35.78259],[139.82976,35.78171],[139.82939,35.78125],[139.82871,35.78074],[139.82817,35.78042],[139.82793,35.78032],[139.82753,35.78023],[139.82716,35.78],[139.82677,35.77962],[139.82662,35.77924],[139.82594,35.77911],[139.8257,35.77895],[139.82535,35.7786],[139.82514,35.77851],[139.825,35.7785],[139.8249,35.77873],[139.82495,35.77931],[139.82516,35.78017],[139.82538,35.78063],[139.82568,35.78096],[139.82585,35.78108],[139.82674,35.7814],[139.82704,35.78157],[139.82713,35.78168],[139.82722,35.78208],[139.82728,35.78329]]]]}}]}