{"type":"FeatureCollection","features":[{"type":"Feature","properties":{},"geometry":{"type":"MultiPolygon","coordinates":[[[[139.17325,35.80541],[139.17307,35.80533],[139.17285,35.80508],[139.17277,35.80469],[139.17286,35.80439],[139.17313,35.80409],[139.17315,35.80396],[139.17276,35.80378],[139.17249,35.80357],[139.17203,35.80282],[139.17172,35.80248],[139.17134,35.80221],[139.17092,35.80201],[139.17051,35.80192],[139.16999,35.80188],[139.16974,35.8018],[139.16947,35.80152],[139.16906,35.80142],[139.16878,35.80126],[139.1672,35.80007],[139.16647,35.79968],[139.16608,35.79952],[139.16522,35.79928],[139.16383,35.79907],[139.16277,35.79884],[139.16228,35.79864],[139.16164,35.7982],[139.16102,35.79785],[139.16024,35.79751],[139.1596,35.79731],[139.15841,35.7971],[139.15609,35.7969],[139.15548,35.79682],[139.15511,35.79672],[139.15469,35.7964],[139.15337,35.79577],[139.15295,35.79547],[139.15251,35.79492],[139.15212,35.79399],[139.15185,35.79379],[139.15165,35.79382],[139.15139,35.79403],[139.15125,35.79427],[139.15112,35.7948],[139.15102,35.79497],[139.15087,35.79512],[139.15065,35.79524],[139.15004,35.79541],[139.14918,35.79548],[139.14715,35.7954],[139.14673,35.79532],[139.14648,35.79515],[139.14632,35.79487],[139.14626,35.79447],[139.14604,35.79468],[139.14578,35.79476],[139.1454,35.79478],[139.14501,35.79465],[139.14466,35.79433],[139.1443,35.79369],[139.1442,35.79322],[139.14428,35.79266],[139.14423,35.79237],[139.14411,35.79224],[139.14369,35.79206],[139.1436,35.79197],[139.14356,35.79181],[139.14382,35.79116],[139.14447,35.79004],[139.14489,35.78953],[139.14554,35.78903],[139.14575,35.78869],[139.14586,35.78795],[139.14593,35.7878],[139.14617,35.7876],[139.14625,35.78733],[139.14628,35.7869],[139.14621,35.78533],[139.14626,35.78492],[139.14638,35.78469],[139.14699,35.78454],[139.14752,35.7842],[139.14787,35.78404],[139.14876,35.78394],[139.14912,35.78379],[139.14925,35.78367],[139.14934,35.78344],[139.14927,35.78293],[139.14932,35.78268],[139.14944,35.78258],[139.14992,35.78236],[139.15003,35.78208],[139.15009,35.78204],[139.15052,35.78211],[139.15119,35.78179],[139.15168,35.78176],[139.15195,35.78185],[139.15235,35.7822],[139.15264,35.78232],[139.15305,35.7824],[139.15416,35.78246],[139.15461,35.78261],[139.15478,35.78272],[139.15502,35.78303],[139.15512,35.78346],[139.15509,35.78396],[139.15504,35.78408],[139.15487,35.78421],[139.15449,35.78426],[139.15419,35.78442],[139.15401,35.78473],[139.15395,35.785],[139.15396,35.78529],[139.15403,35.78542],[139.15434,35.78564],[139.15441,35.7859],[139.1545,35.78599],[139.15543,35.78634],[139.15598,35.78677],[139.15642,35.78731],[139.15659,35.7878],[139.15657,35.78802],[139.15637,35.78829],[139.15613,35.78844],[139.15542,35.78875],[139.15522,35.78897],[139.15519,35.78921],[139.15511,35.78936],[139.15482,35.78945],[139.1547,35.78957],[139.15455,35.78994],[139.15438,35.79066],[139.15425,35.79096],[139.15408,35.7912],[139.15365,35.79161],[139.15353,35.79181],[139.15353,35.79198],[139.15362,35.79212],[139.15426,35.7926],[139.15455,35.79292],[139.15486,35.79369],[139.15506,35.79399],[139.15534,35.79419],[139.1558,35.79435],[139.15633,35.79439],[139.15653,35.79433],[139.15663,35.79408],[139.15644,35.79334],[139.15649,35.793],[139.15703,35.79256],[139.15717,35.79225],[139.15743,35.79217],[139.15788,35.79215],[139.15819,35.79219],[139.15845,35.79229],[139.15865,35.79245],[139.15907,35.79297],[139.15958,35.79314],[139.16018,35.79368],[139.16076,35.79406],[139.16291,35.79507],[139.16312,35.79524],[139.16319,35.79541],[139.16334,35.79551],[139.16362,35.79559],[139.1649,35.79582],[139.16543,35.79601],[139.16605,35.79633],[139.16627,35.79632],[139.16651,35.7961],[139.16703,35.79601],[139.16715,35.79592],[139.16721,35.79566],[139.16714,35.79513],[139.16725,35.7948],[139.16751,35.79452],[139.16801,35.79429],[139.16865,35.79423],[139.16909,35.79434],[139.16942,35.79461],[139.16977,35.79519],[139.16991,35.79532],[139.17004,35.79537],[139.1703,35.79533],[139.17057,35.79507],[139.17083,35.79497],[139.17141,35.79493],[139.17173,35.79499],[139.17202,35.79514],[139.17238,35.79552],[139.17255,35.79587],[139.17258,35.79624],[139.17237,35.79685],[139.17177,35.79769],[139.1715,35.79816],[139.17144,35.79838],[139.17146,35.79862],[139.17156,35.79883],[139.1719,35.79922],[139.17205,35.79997],[139.17225,35.8001],[139.17254,35.80013],[139.17277,35.80022],[139.17309,35.80069],[139.17332,35.8008],[139.17354,35.80073],[139.17371,35.80018],[139.17391,35.79999],[139.1742,35.7998],[139.17448,35.79947],[139.17507,35.79825],[139.17521,35.79813],[139.17548,35.79807],[139.17562,35.798],[139.17598,35.79765],[139.17616,35.79754],[139.1765,35.79744],[139.17692,35.79745],[139.17741,35.79754],[139.17839,35.79788],[139.17881,35.79791],[139.17943,35.79774],[139.17985,35.79749],[139.18013,35.79722],[139.18021,35.79709],[139.18024,35.79684],[139.18009,35.79661],[139.17983,35.79636],[139.17962,35.79603],[139.17947,35.79561],[139.17936,35.79511],[139.17931,35.79415],[139.17936,35.79384],[139.17953,35.79359],[139.17994,35.79342],[139.18034,35.79341],[139.18057,35.7935],[139.18085,35.79392],[139.18106,35.79405],[139.18145,35.79408],[139.18197,35.79401],[139.18229,35.79391],[139.18254,35.79377],[139.18382,35.79273],[139.18413,35.79258],[139.18442,35.79252],[139.18469,35.79253],[139.18511,35.79266],[139.18612,35.79331],[139.1863,35.79334],[139.18653,35.7933],[139.18671,35.79335],[139.18717,35.7937],[139.18742,35.79402],[139.18754,35.79448],[139.18749,35.79543],[139.18701,35.79723],[139.18676,35.79781],[139.18647,35.79819],[139.18649,35.79836],[139.18658,35.79845],[139.18671,35.79846],[139.1869,35.79838],[139.18755,35.79793],[139.18797,35.79776],[139.18851,35.79773],[139.18894,35.79783],[139.18918,35.79798],[139.18936,35.79828],[139.18964,35.79952],[139.18969,35.79962],[139.1898,35.79969],[139.19015,35.79929],[139.19032,35.79917],[139.1905,35.7991],[139.19078,35.79908],[139.19086,35.79902],[139.19079,35.79887],[139.19044,35.79853],[139.19029,35.79823],[139.19025,35.7979],[139.19029,35.7978],[139.19051,35.79763],[139.19116,35.79745],[139.19213,35.79737],[139.19293,35.79739],[139.1935,35.7975],[139.19398,35.79774],[139.19465,35.79821],[139.19551,35.7989],[139.19608,35.79942],[139.1968,35.80023],[139.19788,35.80179],[139.19839,35.80232],[139.19904,35.80275],[139.19958,35.80296],[139.19973,35.80295],[139.20006,35.80279],[139.20086,35.80221],[139.20125,35.80198],[139.2019,35.80172],[139.20292,35.80143],[139.20313,35.80132],[139.20325,35.8011],[139.20348,35.80093],[139.20437,35.80063],[139.20478,35.80044],[139.20541,35.80001],[139.20605,35.79946],[139.20651,35.79919],[139.20726,35.79897],[139.20827,35.79893],[139.20883,35.79881],[139.20893,35.7987],[139.20896,35.79854],[139.20874,35.79825],[139.20874,35.79812],[139.20905,35.79787],[139.2102,35.79731],[139.21052,35.79704],[139.21069,35.79673],[139.21082,35.79587],[139.21098,35.79562],[139.21114,35.79551],[139.21178,35.79534],[139.21338,35.7951],[139.21409,35.79478],[139.2143,35.7948],[139.21448,35.7949],[139.21459,35.79503],[139.21466,35.79531],[139.21485,35.79538],[139.21511,35.79531],[139.21518,35.79508],[139.21534,35.79498],[139.21627,35.79494],[139.21648,35.79325],[139.21665,35.79264],[139.21676,35.79246],[139.21702,35.79221],[139.21735,35.79211],[139.2175,35.79203],[139.21762,35.79188],[139.21779,35.79141],[139.21785,35.79069],[139.21782,35.78889],[139.2179,35.78827],[139.21808,35.78788],[139.21819,35.78777],[139.21853,35.7876],[139.21864,35.78743],[139.21832,35.78696],[139.21827,35.78667],[139.21831,35.78635],[139.21847,35.7861],[139.21903,35.78569],[139.21919,35.78534],[139.21947,35.78527],[139.2198,35.7853],[139.22016,35.78543],[139.22068,35.7857],[139.22087,35.7857],[139.22094,35.78564],[139.22103,35.78542],[139.22108,35.78489],[139.22114,35.78474],[139.22136,35.78452],[139.22169,35.7844],[139.22255,35.78435],[139.22285,35.78428],[139.22305,35.78416],[139.22322,35.78393],[139.22363,35.78374],[139.22553,35.78345],[139.22572,35.78335],[139.2258,35.78315],[139.22596,35.78307],[139.22623,35.78305],[139.22652,35.78315],[139.22676,35.78342],[139.22706,35.78391],[139.22726,35.78407],[139.22749,35.78416],[139.22776,35.78418],[139.22807,35.78414],[139.2282,35.78408],[139.22829,35.78383],[139.22844,35.7837],[139.22872,35.78361],[139.229,35.78361],[139.22932,35.78381],[139.22944,35.78397],[139.22945,35.78416],[139.22935,35.78425],[139.22895,35.7844],[139.22864,35.78461],[139.22833,35.78492],[139.22813,35.78523],[139.22795,35.78565],[139.22776,35.78631],[139.22739,35.78801],[139.22774,35.78769],[139.22791,35.7874],[139.22835,35.78589],[139.22864,35.78525],[139.22887,35.78498],[139.22939,35.78471],[139.22971,35.78449],[139.23018,35.78397],[139.23065,35.78393],[139.23073,35.7838],[139.23074,35.78352],[139.23046,35.78352],[139.23074,35.7833],[139.23077,35.78296],[139.23102,35.7833],[139.2313,35.7824],[139.23026,35.78266],[139.22987,35.78266],[139.22975,35.78262],[139.22958,35.78246],[139.22927,35.78171],[139.22883,35.78124],[139.2288,35.78095],[139.22892,35.78075],[139.22917,35.78053],[139.22969,35.78023],[139.23063,35.77994],[139.23114,35.77986],[139.23134,35.77987],[139.23162,35.77998],[139.23173,35.78029],[139.23159,35.78127],[139.23248,35.78086],[139.2331,35.7807],[139.2337,35.7807],[139.23452,35.78088],[139.2347,35.78098],[139.23494,35.78122],[139.23547,35.7813],[139.23563,35.78138],[139.23581,35.78159],[139.23596,35.78193],[139.23645,35.78243],[139.23714,35.78295],[139.23903,35.78424],[139.23924,35.78469],[139.23947,35.78498],[139.24078,35.78615],[139.24134,35.78673],[139.24156,35.78707],[139.24175,35.78759],[139.24187,35.78775],[139.24208,35.78784],[139.24239,35.78785],[139.24233,35.78779],[139.24234,35.78769],[139.24242,35.78764],[139.24254,35.78765],[139.2426,35.78771],[139.24257,35.78783],[139.24249,35.78786],[139.2426,35.78786],[139.2437,35.78809],[139.24474,35.78809],[139.24521,35.78803],[139.24534,35.78795],[139.24542,35.78774],[139.24574,35.78778],[139.24586,35.78771],[139.24596,35.78755],[139.24614,35.78697],[139.24621,35.78685],[139.24644,35.78669],[139.24674,35.78662],[139.2475,35.78666],[139.24792,35.78654],[139.24811,35.78637],[139.24828,35.78604],[139.24833,35.78574],[139.24827,35.78541],[139.2484,35.78529],[139.24868,35.78522],[139.24999,35.78513],[139.25063,35.78498],[139.25133,35.78476],[139.25304,35.78407],[139.2539,35.78386],[139.25416,35.78388],[139.25435,35.78395],[139.25447,35.78407],[139.25452,35.78426],[139.25446,35.78464],[139.25433,35.78482],[139.25415,35.78494],[139.25405,35.78521],[139.25422,35.78657],[139.25395,35.78656],[139.25422,35.78679],[139.25458,35.78707],[139.25476,35.78715],[139.25508,35.78715],[139.2556,35.78702],[139.25525,35.78701],[139.25502,35.78688],[139.25474,35.78651],[139.25459,35.78615],[139.25452,35.78576],[139.25454,35.78525],[139.25464,35.78504],[139.25488,35.78498],[139.25498,35.78491],[139.25504,35.78478],[139.25507,35.78449],[139.25494,35.78407],[139.25438,35.78343],[139.25429,35.78323],[139.25425,35.7829],[139.25433,35.78273],[139.25464,35.78261],[139.25551,35.78267],[139.25577,35.78263],[139.25579,35.78254],[139.25573,35.78238],[139.25578,35.78221],[139.25595,35.78204],[139.25617,35.78198],[139.25669,35.78202],[139.25768,35.78231],[139.25819,35.78257],[139.2584,35.78283],[139.25839,35.78298],[139.25827,35.78314],[139.25812,35.78319],[139.25783,35.78322],[139.25751,35.78334],[139.2571,35.78371],[139.25691,35.784],[139.25676,35.7844],[139.25663,35.78501],[139.25644,35.78658],[139.25738,35.78517],[139.2575,35.78487],[139.25764,35.78422],[139.25783,35.78404],[139.25831,35.78383],[139.25842,35.78354],[139.25852,35.78345],[139.25871,35.78343],[139.25884,35.78347],[139.25885,35.78358],[139.25877,35.78374],[139.25882,35.78384],[139.25924,35.78391],[139.25955,35.78413],[139.26015,35.78509],[139.26033,35.78528],[139.26049,35.78537],[139.26068,35.78531],[139.26073,35.78523],[139.26042,35.78501],[139.26022,35.78471],[139.26001,35.78426],[139.25998,35.78412],[139.26004,35.78398],[139.26013,35.78397],[139.26042,35.78406],[139.26108,35.78442],[139.26165,35.78466],[139.26195,35.78471],[139.26234,35.78465],[139.2625,35.78469],[139.26253,35.78483],[139.26247,35.78495],[139.26221,35.78516],[139.26155,35.78553],[139.26152,35.78557],[139.2616,35.78561],[139.26228,35.78553],[139.26282,35.78532],[139.2632,35.78506],[139.26392,35.78436],[139.26364,35.78413],[139.26329,35.78412],[139.26305,35.78402],[139.26288,35.78376],[139.26282,35.78342],[139.26295,35.78323],[139.26352,35.78298],[139.26364,35.78279],[139.26368,35.78256],[139.26379,35.78252],[139.26398,35.78257],[139.26443,35.78284],[139.26466,35.78306],[139.26473,35.78326],[139.2646,35.78347],[139.26392,35.78391],[139.2642,35.78413],[139.26441,35.78385],[139.26467,35.78371],[139.26691,35.78318],[139.26735,35.783],[139.26808,35.78258],[139.26949,35.78217],[139.27008,35.78206],[139.27078,35.78209],[139.27168,35.78237],[139.27153,35.78179],[139.27161,35.78141],[139.27178,35.78118],[139.27203,35.78096],[139.27247,35.78077],[139.27295,35.78081],[139.27329,35.78095],[139.27357,35.78114],[139.27383,35.78148],[139.27397,35.78211],[139.27415,35.78227],[139.27443,35.78236],[139.27511,35.7824],[139.27389,35.78261],[139.27364,35.7827],[139.27345,35.78285],[139.27346,35.78291],[139.27358,35.783],[139.2743,35.78315],[139.27482,35.7832],[139.27533,35.78319],[139.27551,35.78313],[139.27557,35.78295],[139.27563,35.78291],[139.27592,35.78298],[139.27605,35.78297],[139.27611,35.78276],[139.27619,35.78269],[139.27647,35.78276],[139.27664,35.78275],[139.27699,35.78244],[139.27768,35.78223],[139.27798,35.78209],[139.27813,35.78192],[139.27832,35.7815],[139.27666,35.78216],[139.27771,35.78092],[139.27821,35.78047],[139.27832,35.78046],[139.2784,35.78051],[139.2786,35.78105],[139.27902,35.78083],[139.27913,35.78057],[139.27917,35.78007],[139.27925,35.77984],[139.27934,35.77979],[139.27953,35.77984],[139.27966,35.7798],[139.27973,35.77946],[139.27985,35.77921],[139.28042,35.7786],[139.28051,35.7784],[139.28062,35.77781],[139.28088,35.77735],[139.28166,35.77647],[139.28195,35.77625],[139.2822,35.77613],[139.28242,35.77611],[139.28275,35.77621],[139.283,35.77637],[139.28355,35.77687],[139.28408,35.77714],[139.2845,35.77723],[139.28576,35.77732],[139.28665,35.77763],[139.28688,35.77761],[139.28707,35.7775],[139.28717,35.77733],[139.28724,35.77696],[139.2874,35.77684],[139.28786,35.77682],[139.28827,35.77691],[139.28841,35.77699],[139.28855,35.77715],[139.28909,35.77837],[139.28923,35.77854],[139.28937,35.77862],[139.28959,35.77858],[139.28973,35.77824],[139.29017,35.77811],[139.29044,35.77772],[139.2906,35.77762],[139.29096,35.77758],[139.29146,35.77763],[139.29194,35.77753],[139.29229,35.7773],[139.29301,35.77661],[139.29267,35.77644],[139.29255,35.77615],[139.29274,35.7748],[139.29295,35.77351],[139.29327,35.77276],[139.29366,35.7723],[139.2947,35.77143],[139.29523,35.77088],[139.29543,35.77074],[139.29561,35.77077],[139.29573,35.77098],[139.29587,35.77111],[139.29605,35.77111],[139.29618,35.77104],[139.29625,35.77087],[139.29628,35.77063],[139.2962,35.76993],[139.29621,35.76956],[139.29628,35.76943],[139.2966,35.76934],[139.29674,35.769],[139.29715,35.7689],[139.29741,35.76851],[139.29755,35.76842],[139.29785,35.76837],[139.29835,35.76842],[139.29853,35.76836],[139.29867,35.76822],[139.29894,35.76763],[139.29926,35.76732],[139.2996,35.76724],[139.3,35.76731],[139.30018,35.7673],[139.30043,35.76717],[139.30065,35.76695],[139.30089,35.76679],[139.30152,35.76667],[139.30164,35.76651],[139.3017,35.76616],[139.30183,35.76606],[139.30203,35.76607],[139.30217,35.76612],[139.30258,35.7665],[139.30275,35.7666],[139.30284,35.76658],[139.30307,35.76636],[139.3035,35.76629],[139.30383,35.76639],[139.30407,35.76674],[139.30422,35.76682],[139.30458,35.76681],[139.30506,35.76667],[139.30539,35.76663],[139.3055,35.76668],[139.30555,35.76682],[139.30586,35.7669],[139.30701,35.76683],[139.30756,35.76685],[139.3078,35.76693],[139.308,35.76721],[139.30885,35.76679],[139.30904,35.76664],[139.30846,35.76667],[139.30814,35.76656],[139.30803,35.76638],[139.30799,35.76589],[139.30793,35.76574],[139.30783,35.76565],[139.30765,35.76562],[139.30757,35.76554],[139.30756,35.76533],[139.30763,35.76501],[139.30754,35.76471],[139.30738,35.76452],[139.30675,35.76404],[139.30659,35.76372],[139.30638,35.76372],[139.30589,35.76388],[139.30566,35.76387],[139.30537,35.76367],[139.30516,35.76328],[139.30491,35.76302],[139.30473,35.76293],[139.30443,35.76288],[139.30434,35.76282],[139.3042,35.76259],[139.30409,35.76224],[139.30397,35.76097],[139.30402,35.76059],[139.30414,35.76036],[139.30429,35.76024],[139.30455,35.76019],[139.30462,35.76012],[139.30463,35.75991],[139.30456,35.7596],[139.30462,35.75936],[139.30474,35.75925],[139.30502,35.75911],[139.30516,35.75887],[139.30526,35.75846],[139.30537,35.75701],[139.30552,35.75663],[139.30563,35.75651],[139.30591,35.75638],[139.30633,35.75641],[139.30643,35.75649],[139.30615,35.75669],[139.30611,35.75679],[139.30634,35.75684],[139.30673,35.75681],[139.30704,35.75668],[139.30764,35.75616],[139.30863,35.75572],[139.30869,35.75492],[139.30877,35.75475],[139.30905,35.75442],[139.30904,35.75434],[139.30883,35.75421],[139.30878,35.75413],[139.3092,35.75392],[139.30947,35.75392],[139.31031,35.75325],[139.31101,35.75266],[139.3113,35.75234],[139.31159,35.75185],[139.3119,35.75111],[139.3121,35.75082],[139.31234,35.75058],[139.313,35.75008],[139.31335,35.74967],[139.31367,35.7492],[139.3139,35.74897],[139.31428,35.74878],[139.31506,35.74869],[139.31572,35.74844],[139.31609,35.74844],[139.31663,35.74861],[139.31704,35.74859],[139.31737,35.74843],[139.31808,35.74787],[139.31774,35.74772],[139.31762,35.7476],[139.31752,35.74704],[139.31743,35.74688],[139.31728,35.74678],[139.31679,35.74673],[139.31649,35.7466],[139.31631,35.74634],[139.31628,35.74608],[139.31638,35.74568],[139.31663,35.74514],[139.31726,35.74407],[139.31771,35.74342],[139.31828,35.74279],[139.3186,35.74259],[139.31892,35.7425],[139.31899,35.74242],[139.31893,35.74232],[139.31876,35.74221],[139.31864,35.74187],[139.3187,35.74077],[139.31889,35.73965],[139.31929,35.73785],[139.31961,35.73671],[139.31978,35.73632],[139.32016,35.736],[139.32121,35.73561],[139.3215,35.73537],[139.32168,35.73504],[139.32173,35.73484],[139.32184,35.73378],[139.32204,35.7335],[139.32223,35.73347],[139.32247,35.73351],[139.32256,35.73358],[139.3226,35.73377],[139.32268,35.73384],[139.32284,35.73382],[139.32296,35.73375],[139.32304,35.73363],[139.32306,35.73344],[139.32298,35.73293],[139.32299,35.73261],[139.32306,35.73244],[139.32338,35.73206],[139.32345,35.73167],[139.32351,35.73155],[139.32371,35.73146],[139.32401,35.73143],[139.32422,35.73136],[139.32453,35.73115],[139.3251,35.73065],[139.32619,35.73013],[139.32623,35.73002],[139.32619,35.72996],[139.32585,35.7297],[139.3257,35.72936],[139.32567,35.72889],[139.32577,35.72841],[139.32603,35.72795],[139.3266,35.72741],[139.32712,35.72707],[139.32805,35.72665],[139.32837,35.72644],[139.32852,35.72607],[139.32901,35.72555],[139.32925,35.72492],[139.32955,35.72279],[139.32976,35.72211],[139.32994,35.72191],[139.33024,35.7218],[139.33042,35.72167],[139.33096,35.72103],[139.33113,35.72093],[139.33155,35.72084],[139.3315,35.72062],[139.33107,35.72012],[139.33095,35.71985],[139.33094,35.7196],[139.33106,35.71937],[139.33145,35.719],[139.3317,35.71888],[139.3319,35.71884],[139.332,35.71876],[139.33211,35.7181],[139.33225,35.71789],[139.33264,35.71768],[139.33321,35.71756],[139.33349,35.71738],[139.33368,35.71711],[139.33373,35.71693],[139.33376,35.7165],[139.33386,35.71612],[139.33411,35.71582],[139.33449,35.7156],[139.33548,35.71531],[139.336,35.71498],[139.33622,35.71468],[139.33657,35.71402],[139.33698,35.71367],[139.33699,35.71348],[139.33692,35.71324],[139.33697,35.71302],[139.33709,35.71289],[139.33752,35.7126],[139.33761,35.71249],[139.33768,35.71228],[139.33781,35.71222],[139.33804,35.7122],[139.33892,35.71228],[139.33923,35.71224],[139.33931,35.71216],[139.33936,35.71196],[139.33968,35.71174],[139.33975,35.71159],[139.33977,35.71124],[139.3397,35.71078],[139.33979,35.71049],[139.33996,35.71043],[139.34058,35.7105],[139.34094,35.71046],[139.3412,35.71029],[139.34127,35.71003],[139.34139,35.7099],[139.34172,35.70976],[139.34198,35.70974],[139.34216,35.70982],[139.34229,35.70997],[139.34251,35.71011],[139.34329,35.71035],[139.34345,35.71049],[139.34349,35.71065],[139.34362,35.71073],[139.34489,35.71087],[139.34518,35.71103],[139.34532,35.71126],[139.34548,35.71138],[139.3457,35.71145],[139.34617,35.71148],[139.34645,35.71156],[139.34664,35.71173],[139.34671,35.71186],[139.34684,35.71284],[139.34696,35.71304],[139.34713,35.71316],[139.34741,35.7132],[139.34756,35.71313],[139.34791,35.71253],[139.34805,35.71244],[139.34824,35.71239],[139.3487,35.71248],[139.34976,35.71306],[139.35001,35.7131],[139.35008,35.71301],[139.35006,35.71276],[139.34995,35.71255],[139.34972,35.71229],[139.34967,35.71208],[139.34973,35.71159],[139.34989,35.71095],[139.34987,35.71044],[139.34973,35.71018],[139.34928,35.70982],[139.34918,35.70957],[139.34946,35.70901],[139.3494,35.70862],[139.34955,35.7085],[139.34984,35.7084],[139.34998,35.70825],[139.35007,35.70804],[139.35015,35.70744],[139.35032,35.70721],[139.35046,35.70712],[139.35084,35.70702],[139.3516,35.70699],[139.35212,35.7069],[139.35229,35.70678],[139.35235,35.70654],[139.35255,35.70632],[139.35327,35.70601],[139.35363,35.70578],[139.35379,35.70559],[139.35397,35.70519],[139.3541,35.70507],[139.35436,35.70498],[139.35466,35.70501],[139.35492,35.70509],[139.3552,35.70528],[139.35537,35.70529],[139.35569,35.70487],[139.35592,35.70477],[139.3563,35.70473],[139.35645,35.70466],[139.35675,35.70422],[139.35701,35.70397],[139.35739,35.70371],[139.35786,35.70348],[139.35812,35.70342],[139.3583,35.70345],[139.3584,35.70358],[139.35843,35.70388],[139.35851,35.70403],[139.35866,35.7041],[139.35889,35.70406],[139.35903,35.70372],[139.35935,35.70363],[139.35944,35.70355],[139.35951,35.70339],[139.35957,35.70279],[139.35967,35.70263],[139.35981,35.70254],[139.3601,35.70254],[139.36033,35.70263],[139.36065,35.7031],[139.36081,35.7032],[139.3611,35.70325],[139.36118,35.70335],[139.36121,35.70351],[139.36129,35.70357],[139.36145,35.70358],[139.3622,35.70351],[139.36244,35.70355],[139.36285,35.70373],[139.36309,35.70378],[139.3632,35.70374],[139.36346,35.70348],[139.36371,35.70344],[139.36399,35.70355],[139.36434,35.7039],[139.36454,35.70402],[139.36494,35.70411],[139.36543,35.7041],[139.36567,35.70398],[139.36582,35.70376],[139.36598,35.70263],[139.36607,35.70243],[139.36628,35.70225],[139.36652,35.70214],[139.367,35.7021],[139.3672,35.70203],[139.36733,35.70173],[139.36745,35.70159],[139.3679,35.70128],[139.3682,35.70117],[139.36872,35.70117],[139.36968,35.70148],[139.36997,35.70153],[139.3702,35.70151],[139.37035,35.70141],[139.37051,35.7012],[139.37061,35.70061],[139.37073,35.7004],[139.37087,35.70033],[139.37117,35.70031],[139.37152,35.70021],[139.37254,35.69965],[139.37298,35.69922],[139.37299,35.69906],[139.37292,35.69889],[139.37297,35.69875],[139.37329,35.69862],[139.37354,35.69862],[139.37373,35.69875],[139.37385,35.69899],[139.37407,35.69921],[139.37465,35.69952],[139.3748,35.69965],[139.37482,35.69987],[139.37468,35.70011],[139.37468,35.70018],[139.37478,35.7003],[139.37502,35.70039],[139.37559,35.70048],[139.37605,35.7005],[139.37637,35.70046],[139.37659,35.70033],[139.37668,35.70014],[139.37663,35.69996],[139.37631,35.69986],[139.37622,35.69967],[139.37629,35.69912],[139.37647,35.69875],[139.37677,35.69856],[139.37703,35.69854],[139.37726,35.69859],[139.37746,35.6988],[139.3776,35.69956],[139.37775,35.69967],[139.37793,35.69963],[139.37804,35.69951],[139.37807,35.69921],[139.37815,35.69902],[139.37844,35.69882],[139.37861,35.69858],[139.37894,35.69759],[139.37917,35.69729],[139.37961,35.69698],[139.3797,35.69683],[139.37977,35.69652],[139.37992,35.69642],[139.38037,35.69638],[139.38104,35.69644],[139.38153,35.69643],[139.38173,35.69637],[139.38198,35.69615],[139.38242,35.69608],[139.3826,35.69612],[139.38274,35.69622],[139.38297,35.69668],[139.38311,35.69683],[139.38323,35.69682],[139.38351,35.69667],[139.38368,35.69668],[139.38417,35.69698],[139.38444,35.69708],[139.3846,35.69705],[139.38483,35.69691],[139.38505,35.69686],[139.38609,35.69689],[139.38636,35.69677],[139.3865,35.69651],[139.38649,35.69545],[139.38652,35.6953],[139.38665,35.69511],[139.38686,35.69507],[139.38714,35.69511],[139.38755,35.69507],[139.38783,35.69497],[139.38847,35.69463],[139.38883,35.69452],[139.38908,35.69457],[139.38934,35.69481],[139.38945,35.6948],[139.38968,35.6946],[139.38999,35.69423],[139.39034,35.69403],[139.39073,35.69405],[139.39109,35.69422],[139.3913,35.69439],[139.39144,35.69475],[139.39159,35.69486],[139.39175,35.6949],[139.39233,35.69482],[139.39388,35.69435],[139.39421,35.69433],[139.39438,35.69446],[139.39459,35.69492],[139.39475,35.69504],[139.39511,35.69506],[139.39575,35.69492],[139.396,35.69496],[139.39623,35.69512],[139.39659,35.69568],[139.39679,35.69539],[139.39696,35.69528],[139.39732,35.69516],[139.39781,35.6951],[139.39812,35.69513],[139.39838,35.69523],[139.39896,35.6957],[139.39943,35.69587],[139.3998,35.69592],[139.40035,35.69588],[139.40058,35.69578],[139.40071,35.69562],[139.40071,35.69531],[139.40048,35.69507],[139.4002,35.69496],[139.39932,35.69476],[139.3991,35.69464],[139.39897,35.69449],[139.39888,35.694],[139.399,35.69305],[139.39895,35.69277],[139.39874,35.69223],[139.39869,35.69196],[139.39874,35.69187],[139.39892,35.69185],[139.39909,35.69175],[139.39922,35.69156],[139.39926,35.6914],[139.39909,35.69124],[139.39827,35.69115],[139.39798,35.69103],[139.3978,35.69081],[139.39773,35.69049],[139.39776,35.68997],[139.39786,35.68967],[139.39797,35.6896],[139.39815,35.68957],[139.39823,35.6895],[139.3983,35.68915],[139.39842,35.68899],[139.39883,35.68892],[139.39891,35.68886],[139.39883,35.68871],[139.39856,35.68846],[139.39837,35.68821],[139.39829,35.68795],[139.39835,35.68771],[139.39855,35.6875],[139.39904,35.68725],[139.39926,35.68707],[139.39948,35.68669],[139.39961,35.68622],[139.39987,35.68594],[139.40013,35.68587],[139.40062,35.68592],[139.40098,35.68588],[139.40114,35.68578],[139.40127,35.68555],[139.40149,35.68536],[139.40183,35.68523],[139.40213,35.68519],[139.40305,35.68523],[139.40538,35.68553],[139.40676,35.68558],[139.40784,35.68551],[139.4082,35.68543],[139.4089,35.68517],[139.4096,35.68511],[139.4107,35.68472],[139.41235,35.68393],[139.41343,35.68348],[139.414,35.6833],[139.41482,35.68315],[139.41528,35.68298],[139.41553,35.68283],[139.4158,35.68259],[139.41596,35.68238],[139.41601,35.68215],[139.41613,35.68208],[139.41636,35.6821],[139.4167,35.68224],[139.41682,35.68237],[139.41685,35.68253],[139.41696,35.68261],[139.41728,35.68268],[139.41791,35.68271],[139.41837,35.68283],[139.41867,35.68313],[139.41878,35.6836],[139.41901,35.68386],[139.4193,35.68403],[139.41986,35.68426],[139.42012,35.68433],[139.42027,35.68431],[139.42023,35.68388],[139.42028,35.68375],[139.42045,35.68357],[139.42081,35.68341],[139.42143,35.68336],[139.42165,35.68327],[139.42169,35.68315],[139.42163,35.68291],[139.42167,35.68276],[139.42189,35.68256],[139.42237,35.6823],[139.42253,35.68212],[139.42261,35.68189],[139.42264,35.68149],[139.42272,35.68123],[139.42282,35.68114],[139.42307,35.68107],[139.42318,35.68095],[139.42343,35.68025],[139.42365,35.67994],[139.42385,35.67986],[139.42406,35.67987],[139.42448,35.68012],[139.42484,35.68022],[139.42512,35.68021],[139.42525,35.6801],[139.4253,35.67979],[139.42523,35.67915],[139.42529,35.67887],[139.42541,35.67861],[139.4256,35.67837],[139.42594,35.67812],[139.42618,35.67802],[139.42659,35.67798],[139.4268,35.67791],[139.42695,35.67761],[139.42692,35.6771],[139.42677,35.67665],[139.42653,35.67643],[139.42624,35.67639],[139.42605,35.6763],[139.42597,35.67611],[139.42605,35.67579],[139.42625,35.67559],[139.42673,35.67525],[139.42684,35.67494],[139.42702,35.67469],[139.42806,35.67357],[139.42876,35.67293],[139.42912,35.67269],[139.42939,35.67258],[139.42958,35.67261],[139.42974,35.67283],[139.42975,35.6731],[139.42964,35.67396],[139.42965,35.67419],[139.42973,35.67442],[139.42995,35.67454],[139.43042,35.67447],[139.43073,35.67448],[139.43114,35.67465],[139.43137,35.67488],[139.43146,35.67509],[139.43153,35.6756],[139.43158,35.6757],[139.43176,35.67583],[139.43204,35.67588],[139.43278,35.67582],[139.43304,35.67584],[139.43322,35.6759],[139.43344,35.67611],[139.43355,35.67613],[139.43395,35.67606],[139.43416,35.67613],[139.43436,35.67627],[139.4345,35.6763],[139.43471,35.6762],[139.43512,35.67582],[139.4354,35.67576],[139.43563,35.67583],[139.43595,35.67614],[139.43647,35.67623],[139.43661,35.6763],[139.4367,35.67642],[139.43674,35.67661],[139.43669,35.67697],[139.43656,35.6771],[139.43636,35.67712],[139.4362,35.67722],[139.43591,35.67779],[139.43711,35.67792],[139.43733,35.67792],[139.43757,35.67786],[139.43763,35.67772],[139.43749,35.67731],[139.43756,35.67713],[139.43775,35.67698],[139.43823,35.6768],[139.43849,35.67663],[139.43875,35.67631],[139.43894,35.67581],[139.4392,35.6756],[139.43992,35.67551],[139.44014,35.6754],[139.44028,35.67525],[139.4405,35.67519],[139.44106,35.67518],[139.44199,35.67526],[139.44225,35.67521],[139.44176,35.67479],[139.44172,35.67462],[139.44179,35.67429],[139.44188,35.67405],[139.44204,35.67384],[139.4427,35.67348],[139.4428,35.67333],[139.44284,35.67302],[139.44301,35.67285],[139.44317,35.67279],[139.44368,35.67273],[139.44525,35.67276],[139.44557,35.67272],[139.44605,35.67256],[139.4462,35.67243],[139.44628,35.67227],[139.44625,35.67132],[139.44635,35.67102],[139.44663,35.67083],[139.44673,35.67054],[139.44679,35.67048],[139.44727,35.67051],[139.44739,35.67041],[139.44744,35.67002],[139.44738,35.66921],[139.44748,35.66879],[139.44764,35.66862],[139.44811,35.66826],[139.44868,35.66758],[139.44902,35.66741],[139.44941,35.66729],[139.44967,35.66705],[139.44975,35.6668],[139.44977,35.66648],[139.44972,35.66621],[139.4496,35.66602],[139.44941,35.66591],[139.44903,35.66587],[139.44882,35.6658],[139.4486,35.66559],[139.44845,35.66527],[139.44823,35.66508],[139.44789,35.66492],[139.44692,35.66464],[139.44654,35.66437],[139.4464,35.66418],[139.44623,35.66372],[139.44618,35.66286],[139.44603,35.66228],[139.44584,35.66209],[139.44527,35.662],[139.44515,35.66194],[139.4451,35.66185],[139.44515,35.66166],[139.44547,35.66157],[139.44554,35.66145],[139.4455,35.66009],[139.44557,35.65989],[139.44576,35.6597],[139.44589,35.65947],[139.44603,35.65872],[139.44631,35.6585],[139.44638,35.65837],[139.4464,35.65808],[139.44629,35.65735],[139.44632,35.65719],[139.44643,35.65702],[139.44661,35.65694],[139.44707,35.657],[139.44725,35.65697],[139.4475,35.6568],[139.44782,35.65641],[139.44819,35.65624],[139.44931,35.65613],[139.45025,35.65584],[139.45045,35.65583],[139.45079,35.65588],[139.45135,35.65575],[139.45357,35.65485],[139.45419,35.65466],[139.4548,35.65455],[139.45618,35.65383],[139.45714,35.65364],[139.45923,35.65288],[139.46017,35.65263],[139.46102,35.6525],[139.46152,35.6525],[139.46214,35.65263],[139.46277,35.65301],[139.46317,35.65315],[139.46368,35.65322],[139.46495,35.65318],[139.46544,35.65321],[139.46563,35.65326],[139.46589,35.6534],[139.46605,35.65369],[139.46631,35.65384],[139.46657,35.65384],[139.46746,35.65363],[139.46781,35.65368],[139.468,35.6539],[139.46806,35.65438],[139.46818,35.6546],[139.46832,35.65467],[139.46862,35.65469],[139.46893,35.65479],[139.46963,35.65525],[139.47001,35.65536],[139.47011,35.65544],[139.47015,35.65588],[139.47001,35.65657],[139.46986,35.65686],[139.46954,35.65698],[139.46938,35.65715],[139.46924,35.65754],[139.46925,35.65775],[139.46933,35.65782],[139.46958,35.65788],[139.46968,35.65798],[139.46995,35.65855],[139.47021,35.65881],[139.47071,35.65905],[139.47131,35.6592],[139.47157,35.65913],[139.47161,35.65889],[139.47143,35.65866],[139.47092,35.65832],[139.47083,35.65821],[139.4708,35.65804],[139.47112,35.6575],[139.47175,35.65679],[139.47207,35.65656],[139.47223,35.65649],[139.47252,35.65644],[139.47336,35.65665],[139.47425,35.6566],[139.47446,35.65673],[139.4746,35.65695],[139.4749,35.65705],[139.47539,35.65698],[139.47592,35.65678],[139.47618,35.65649],[139.47621,35.65624],[139.47613,35.65598],[139.47602,35.65578],[139.47587,35.65566],[139.4755,35.65559],[139.47538,35.65552],[139.47533,35.65531],[139.47543,35.65499],[139.47554,35.65482],[139.47577,35.65464],[139.47605,35.65453],[139.47615,35.65441],[139.47614,35.65411],[139.47597,35.6536],[139.47601,35.65342],[139.47627,35.65325],[139.47672,35.6532],[139.47729,35.65325],[139.47834,35.65345],[139.47856,35.65344],[139.47861,35.65336],[139.47841,35.65297],[139.47843,35.65283],[139.47852,35.65271],[139.47872,35.65261],[139.47947,35.6525],[139.48131,35.65247],[139.48239,35.65252],[139.48394,35.65274],[139.48591,35.65323],[139.48692,35.65341],[139.4885,35.65352],[139.49053,35.65347],[139.49124,35.65349],[139.49173,35.65355],[139.49235,35.65378],[139.49295,35.65385],[139.49332,35.65384],[139.49403,35.65371],[139.49563,35.65325],[139.49632,35.6531],[139.49736,35.65298],[139.49893,35.65292],[139.49939,35.65286],[139.49988,35.65272],[139.50053,35.65263],[139.50245,35.65255],[139.50549,35.65253],[139.50738,35.65258],[139.50875,35.65268],[139.50924,35.65276],[139.50984,35.65294],[139.51011,35.65327],[139.5103,35.65374],[139.51024,35.65406],[139.50996,35.65444],[139.51014,35.65467],[139.51071,35.65497],[139.51165,35.65532],[139.51209,35.65539],[139.51244,35.65536],[139.51254,35.65543],[139.51281,35.65583],[139.51304,35.65592],[139.51333,35.65592],[139.51347,35.65587],[139.51356,35.65578],[139.51362,35.65548],[139.51373,35.65532],[139.51428,35.6552],[139.51433,35.65504],[139.51426,35.65481],[139.51427,35.65465],[139.51463,35.65452],[139.5147,35.65437],[139.51473,35.65413],[139.51489,35.6539],[139.51546,35.65359],[139.51567,35.65343],[139.5159,35.6531],[139.51604,35.65271],[139.51621,35.65253],[139.51664,35.65243],[139.51737,35.65249],[139.5176,35.65247],[139.51773,35.65242],[139.51784,35.65212],[139.51814,35.65197],[139.51835,35.65198],[139.51871,35.65219],[139.51893,35.65223],[139.5194,35.65219],[139.51998,35.65201],[139.52029,35.65178],[139.52051,35.65144],[139.52073,35.65054],[139.52099,35.65006],[139.52125,35.6499],[139.52206,35.6498],[139.52216,35.64973],[139.52224,35.64949],[139.5226,35.64936],[139.52265,35.64911],[139.52259,35.64866],[139.52264,35.64831],[139.523,35.64771],[139.52456,35.64627],[139.52512,35.64547],[139.52552,35.64505],[139.52784,35.64313],[139.52851,35.64235],[139.52865,35.64212],[139.52552,35.64267],[139.52539,35.64265],[139.52536,35.64261],[139.52523,35.64274],[139.52411,35.64354],[139.52333,35.64426],[139.52289,35.64481],[139.52216,35.64596],[139.52175,35.6464],[139.52131,35.64675],[139.52008,35.64741],[139.51947,35.64796],[139.51926,35.64805],[139.51897,35.64811],[139.5188,35.6482],[139.5183,35.64867],[139.51805,35.64884],[139.51761,35.64902],[139.51662,35.64927],[139.51568,35.64971],[139.51458,35.64992],[139.51351,35.64999],[139.51297,35.64998],[139.51248,35.64985],[139.51224,35.6495],[139.51207,35.64941],[139.51194,35.6494],[139.51182,35.64945],[139.51175,35.64957],[139.51165,35.65027],[139.5115,35.65052],[139.51122,35.65065],[139.51029,35.65072],[139.50806,35.65073],[139.50633,35.65066],[139.50553,35.6505],[139.50527,35.65036],[139.50507,35.65016],[139.50476,35.65007],[139.50412,35.65006],[139.50325,35.65012],[139.50275,35.65021],[139.50249,35.6503],[139.50224,35.65049],[139.50199,35.65084],[139.50176,35.65094],[139.50128,35.65101],[139.50103,35.65117],[139.5008,35.6514],[139.50048,35.65156],[139.49935,35.65168],[139.499,35.65177],[139.49827,35.65207],[139.4974,35.65226],[139.49619,35.65238],[139.49423,35.65247],[139.49168,35.6525],[139.49034,35.65245],[139.4893,35.65234],[139.48775,35.65208],[139.48372,35.65179],[139.48191,35.65149],[139.48077,35.6512],[139.47975,35.65086],[139.47905,35.65052],[139.47869,35.65018],[139.47863,35.65001],[139.47865,35.64984],[139.47887,35.64937],[139.47887,35.64913],[139.47874,35.64895],[139.47828,35.64866],[139.47812,35.64842],[139.47804,35.64811],[139.47794,35.64713],[139.47784,35.64692],[139.47753,35.64653],[139.47748,35.6463],[139.47751,35.64613],[139.47766,35.64594],[139.47793,35.64574],[139.4788,35.64532],[139.47965,35.64507],[139.48058,35.64496],[139.48073,35.64487],[139.48083,35.64457],[139.48098,35.64446],[139.48125,35.64438],[139.48211,35.64434],[139.48253,35.64427],[139.48306,35.64406],[139.48352,35.64375],[139.48392,35.64356],[139.48473,35.64333],[139.48571,35.64314],[139.48647,35.64285],[139.48683,35.64258],[139.48696,35.64243],[139.48723,35.64192],[139.48733,35.64141],[139.48726,35.64076],[139.48732,35.64048],[139.48744,35.64041],[139.48773,35.64046],[139.488,35.64042],[139.48816,35.64032],[139.48854,35.63995],[139.4891,35.63971],[139.4893,35.63956],[139.48938,35.63935],[139.48935,35.63912],[139.48925,35.63895],[139.48899,35.63876],[139.48953,35.63851],[139.48964,35.63837],[139.48966,35.63827],[139.48961,35.63817],[139.48948,35.63811],[139.48904,35.63807],[139.48879,35.63797],[139.48848,35.63759],[139.48832,35.63718],[139.48812,35.63629],[139.48811,35.63585],[139.48819,35.63542],[139.4881,35.63522],[139.48793,35.63504],[139.48788,35.63477],[139.48818,35.63387],[139.4882,35.6335],[139.48813,35.63317],[139.48818,35.63286],[139.4883,35.63267],[139.48865,35.63233],[139.48873,35.63216],[139.48869,35.63159],[139.48877,35.63154],[139.48907,35.63149],[139.48929,35.63128],[139.48934,35.63098],[139.48925,35.63046],[139.48929,35.63022],[139.48951,35.62982],[139.48991,35.62943],[139.4902,35.62925],[139.49052,35.62916],[139.49085,35.62916],[139.49117,35.62922],[139.49139,35.62933],[139.4915,35.62949],[139.49147,35.62988],[139.49155,35.63],[139.4919,35.63003],[139.4926,35.62989],[139.49281,35.62992],[139.49289,35.63004],[139.49283,35.63034],[139.49287,35.6305],[139.493,35.6306],[139.49321,35.63064],[139.4936,35.6306],[139.49381,35.6305],[139.49399,35.63035],[139.49433,35.62992],[139.49492,35.62954],[139.49568,35.62923],[139.4962,35.62908],[139.49654,35.62912],[139.4968,35.62938],[139.49706,35.62948],[139.4978,35.62953],[139.49812,35.6296],[139.49823,35.62968],[139.49829,35.62986],[139.49852,35.6299],[139.49882,35.6298],[139.49903,35.62962],[139.49934,35.62917],[139.49966,35.62855],[139.50001,35.62813],[139.50026,35.62799],[139.50078,35.62793],[139.501,35.62785],[139.50141,35.62751],[139.50161,35.62739],[139.50202,35.6273],[139.50265,35.62732],[139.50302,35.62745],[139.50333,35.62773],[139.50349,35.6278],[139.50358,35.62773],[139.50371,35.62751],[139.50387,35.6274],[139.50423,35.6273],[139.50456,35.62729],[139.50485,35.62734],[139.50507,35.62744],[139.50523,35.62759],[139.50531,35.6278],[139.50532,35.62815],[139.50525,35.62826],[139.50493,35.62847],[139.50488,35.62862],[139.50492,35.62876],[139.50515,35.62879],[139.50551,35.62868],[139.50567,35.62855],[139.50572,35.62835],[139.50584,35.62824],[139.50617,35.6282],[139.50638,35.62824],[139.50669,35.62841],[139.50741,35.62905],[139.50799,35.62932],[139.50815,35.62953],[139.50822,35.62992],[139.50837,35.63001],[139.50849,35.63001],[139.50882,35.62992],[139.50927,35.62973],[139.50994,35.62931],[139.51009,35.62913],[139.51014,35.62886],[139.51034,35.62855],[139.51106,35.62788],[139.51142,35.62743],[139.51158,35.62711],[139.51172,35.62663],[139.51187,35.62638],[139.51224,35.62613],[139.51304,35.62591],[139.51315,35.62582],[139.51322,35.62556],[139.51348,35.62539],[139.5136,35.62523],[139.5137,35.62472],[139.51371,35.62461],[139.51235,35.62444],[139.51194,35.62429],[139.51174,35.6242],[139.51128,35.62381],[139.5104,35.62335],[139.50974,35.62402],[139.50929,35.6241],[139.50843,35.6238],[139.50744,35.62366],[139.50655,35.62324],[139.50608,35.62282],[139.5053,35.62298],[139.50403,35.62296],[139.50342,35.62286],[139.50295,35.62219],[139.50232,35.62193],[139.50148,35.62189],[139.50113,35.62174],[139.50067,35.6213],[139.4994,35.6204],[139.49891,35.61984],[139.49857,35.61921],[139.4979,35.61832],[139.49705,35.61823],[139.49662,35.61806],[139.49622,35.61775],[139.49468,35.61729],[139.49442,35.61656],[139.49436,35.6157],[139.49442,35.61546],[139.4947,35.61498],[139.49501,35.61469],[139.49512,35.61447],[139.49528,35.61325],[139.49578,35.61236],[139.49623,35.61199],[139.49666,35.61141],[139.49692,35.61124],[139.49753,35.61031],[139.4984,35.60943],[139.49802,35.6092],[139.4977,35.60912],[139.49741,35.60914],[139.49727,35.60905],[139.49714,35.60882],[139.49696,35.60812],[139.49575,35.6081],[139.49533,35.60801],[139.49512,35.60785],[139.49506,35.60774],[139.49495,35.60709],[139.49485,35.607],[139.49472,35.60698],[139.4944,35.60709],[139.49391,35.60743],[139.49368,35.60753],[139.4933,35.60757],[139.49291,35.60752],[139.49269,35.60757],[139.49247,35.6078],[139.49233,35.60818],[139.49213,35.60836],[139.49199,35.60841],[139.49164,35.60846],[139.49059,35.6084],[139.49019,35.60848],[139.49003,35.60858],[139.48992,35.60875],[139.48994,35.60886],[139.49015,35.6091],[139.49022,35.60926],[139.49023,35.60959],[139.49017,35.60986],[139.49007,35.6101],[139.48991,35.61028],[139.48969,35.61041],[139.48931,35.61052],[139.48915,35.61067],[139.48905,35.61101],[139.4891,35.61161],[139.48902,35.6118],[139.48885,35.6119],[139.48848,35.61194],[139.48822,35.61203],[139.48813,35.61215],[139.48809,35.61237],[139.48796,35.61247],[139.48757,35.61251],[139.48699,35.61245],[139.48657,35.61246],[139.48639,35.61252],[139.48612,35.61278],[139.48576,35.61285],[139.48565,35.61298],[139.48557,35.61339],[139.48544,35.61348],[139.4852,35.61353],[139.48512,35.61363],[139.48505,35.6141],[139.4849,35.61431],[139.48471,35.61438],[139.48394,35.61446],[139.4836,35.61459],[139.48341,35.61473],[139.48326,35.615],[139.48317,35.6154],[139.4831,35.61675],[139.48304,35.61712],[139.48294,35.61735],[139.48266,35.61761],[139.48257,35.61818],[139.48264,35.61841],[139.48282,35.6186],[139.48311,35.61873],[139.48396,35.61893],[139.48419,35.61912],[139.48422,35.61928],[139.48404,35.61965],[139.48346,35.62018],[139.4829,35.62043],[139.48235,35.62048],[139.4833,35.62065],[139.48363,35.62079],[139.48384,35.62101],[139.48393,35.62129],[139.48385,35.62186],[139.48366,35.6221],[139.48331,35.62225],[139.48366,35.62229],[139.4838,35.62236],[139.48392,35.62257],[139.48393,35.62278],[139.48386,35.62297],[139.48371,35.62309],[139.48347,35.62316],[139.48287,35.62322],[139.48267,35.62332],[139.48257,35.62347],[139.48256,35.62378],[139.48267,35.62399],[139.48281,35.62406],[139.48327,35.62414],[139.48349,35.62437],[139.48355,35.62464],[139.48353,35.62483],[139.48333,35.62526],[139.48317,35.62544],[139.48297,35.62557],[139.48273,35.62564],[139.48215,35.62572],[139.482,35.62587],[139.4819,35.62622],[139.48179,35.6263],[139.48143,35.62634],[139.48131,35.62641],[139.48125,35.62662],[139.48132,35.62702],[139.48127,35.62714],[139.48115,35.62721],[139.48085,35.62721],[139.48062,35.62714],[139.48025,35.62693],[139.47985,35.62663],[139.47956,35.62655],[139.47942,35.62663],[139.47927,35.62692],[139.47905,35.62706],[139.4789,35.6271],[139.4785,35.62713],[139.47774,35.62708],[139.47726,35.62715],[139.47713,35.62729],[139.47717,35.6276],[139.47708,35.62775],[139.47688,35.62785],[139.47617,35.6279],[139.47578,35.62803],[139.47565,35.62818],[139.47557,35.62858],[139.47545,35.6287],[139.47526,35.62877],[139.47487,35.62878],[139.47458,35.62871],[139.47444,35.62864],[139.47423,35.6284],[139.47393,35.62833],[139.47374,35.62844],[139.47366,35.62886],[139.47356,35.62903],[139.47338,35.62913],[139.47315,35.62918],[139.47174,35.62923],[139.47042,35.62915],[139.47019,35.6291],[139.46998,35.62899],[139.46993,35.6289],[139.46999,35.6287],[139.46995,35.62866],[139.4691,35.62888],[139.46901,35.62884],[139.46898,35.62869],[139.46889,35.62861],[139.46864,35.62855],[139.46804,35.6285],[139.46788,35.62843],[139.46768,35.62824],[139.46751,35.62816],[139.46708,35.62809],[139.46636,35.62806],[139.46611,35.62798],[139.46615,35.62758],[139.46606,35.6272],[139.46578,35.6266],[139.46553,35.62634],[139.46533,35.62628],[139.46501,35.62631],[139.46465,35.62643],[139.46411,35.62671],[139.46386,35.62672],[139.46362,35.6266],[139.46351,35.62649],[139.46319,35.62604],[139.46284,35.62572],[139.46259,35.62561],[139.46209,35.62555],[139.46194,35.62545],[139.46185,35.6253],[139.46184,35.62508],[139.46194,35.62479],[139.46204,35.62468],[139.46147,35.62378],[139.46126,35.62297],[139.46076,35.6222],[139.46056,35.6222],[139.46039,35.62214],[139.46032,35.62204],[139.46034,35.62195],[139.46032,35.62193],[139.45986,35.62148],[139.45972,35.62142],[139.45968,35.62132],[139.45916,35.62095],[139.45912,35.62093],[139.45879,35.62098],[139.45848,35.621],[139.45833,35.62096],[139.45822,35.62069],[139.45775,35.62054],[139.45732,35.62001],[139.4571,35.61982],[139.45664,35.61958],[139.45605,35.6194],[139.45559,35.6192],[139.45536,35.61905],[139.45498,35.61867],[139.45441,35.6184],[139.45427,35.61822],[139.45427,35.61821],[139.45393,35.61827],[139.45357,35.61809],[139.45335,35.61823],[139.45317,35.61861],[139.45302,35.61856],[139.45295,35.61811],[139.45233,35.61679],[139.45241,35.61578],[139.45193,35.61534],[139.45143,35.61507],[139.45083,35.61404],[139.45082,35.61344],[139.45072,35.61318],[139.44928,35.61178],[139.44943,35.61137],[139.4499,35.61077],[139.45119,35.60979],[139.45133,35.60957],[139.45143,35.60896],[139.45162,35.60858],[139.45193,35.6083],[139.45257,35.60796],[139.45287,35.60768],[139.45287,35.60745],[139.45252,35.60672],[139.45283,35.60611],[139.45337,35.60459],[139.45352,35.60448],[139.45429,35.60487],[139.45515,35.60516],[139.4563,35.6061],[139.45738,35.60721],[139.45792,35.60748],[139.45819,35.60757],[139.45927,35.60759],[139.45961,35.60773],[139.46028,35.60823],[139.46063,35.60841],[139.46133,35.60834],[139.4626,35.60799],[139.46282,35.60801],[139.46287,35.60793],[139.46307,35.60784],[139.46335,35.60779],[139.46393,35.60784],[139.46419,35.60794],[139.46433,35.60811],[139.46451,35.60822],[139.46494,35.60839],[139.46551,35.60853],[139.46579,35.60846],[139.46598,35.60826],[139.46603,35.6081],[139.46615,35.60707],[139.46624,35.60693],[139.46643,35.60688],[139.46646,35.60685],[139.46647,35.60673],[139.46658,35.60659],[139.46664,35.60604],[139.4667,35.60588],[139.4668,35.60579],[139.46716,35.60571],[139.46741,35.60543],[139.46762,35.60534],[139.46784,35.60535],[139.46786,35.60536],[139.46844,35.60482],[139.46991,35.60385],[139.47028,35.60349],[139.47032,35.60276],[139.47092,35.60179],[139.47106,35.60116],[139.47208,35.6007],[139.47244,35.60042],[139.47239,35.60028],[139.4724,35.60012],[139.47255,35.59985],[139.47276,35.59964],[139.47301,35.59949],[139.47332,35.59939],[139.4738,35.59938],[139.47416,35.59959],[139.4742,35.59967],[139.4743,35.59966],[139.47486,35.59973],[139.47486,35.59971],[139.47506,35.59948],[139.47536,35.59933],[139.47555,35.59929],[139.47622,35.59924],[139.47655,35.5991],[139.47668,35.59899],[139.47683,35.59868],[139.47691,35.59775],[139.47699,35.59755],[139.47711,35.59747],[139.47741,35.59754],[139.47762,35.59777],[139.47775,35.59783],[139.47858,35.5978],[139.47904,35.59631],[139.47964,35.59509],[139.47973,35.59507],[139.47973,35.59536],[139.47946,35.59579],[139.47949,35.59589],[139.47999,35.59585],[139.48058,35.59599],[139.48078,35.59574],[139.48083,35.59551],[139.48025,35.59539],[139.48016,35.59487],[139.4803,35.59469],[139.48088,35.59472],[139.48126,35.59485],[139.48189,35.59537],[139.48251,35.59514],[139.48271,35.59494],[139.48293,35.59487],[139.48356,35.59525],[139.48391,35.5953],[139.48393,35.59506],[139.48328,35.59422],[139.48323,35.59404],[139.4834,35.59364],[139.48318,35.59341],[139.48337,35.59339],[139.48379,35.59386],[139.48454,35.59416],[139.48466,35.5937],[139.48426,35.59282],[139.48512,35.59292],[139.48542,35.59223],[139.48578,35.59191],[139.48631,35.59165],[139.4871,35.59172],[139.48693,35.59045],[139.48694,35.59026],[139.48697,35.59022],[139.48655,35.5901],[139.48619,35.59006],[139.48592,35.59009],[139.48576,35.59022],[139.48568,35.59059],[139.48553,35.59075],[139.48516,35.59088],[139.4848,35.59089],[139.48458,35.59083],[139.48448,35.59074],[139.48443,35.59053],[139.48453,35.58997],[139.48444,35.58984],[139.48425,35.58984],[139.48408,35.58993],[139.48387,35.59028],[139.48373,35.5904],[139.48343,35.59049],[139.48283,35.59056],[139.48261,35.59072],[139.48247,35.59095],[139.48218,35.59111],[139.48087,35.59124],[139.48069,35.59132],[139.48042,35.59155],[139.47952,35.59166],[139.4793,35.59176],[139.47916,35.59192],[139.47886,35.59202],[139.47816,35.59206],[139.47783,35.59203],[139.4776,35.59196],[139.47747,35.59184],[139.47736,35.59138],[139.47708,35.59107],[139.477,35.59092],[139.47699,35.59065],[139.47706,35.59033],[139.47693,35.59012],[139.47672,35.59005],[139.47623,35.59002],[139.47575,35.58992],[139.47463,35.58941],[139.47252,35.58888],[139.47198,35.5886],[139.47175,35.58838],[139.47147,35.58797],[139.47139,35.58761],[139.4713,35.58747],[139.47094,35.58734],[139.46991,35.58727],[139.46955,35.5871],[139.46946,35.58691],[139.46952,35.58652],[139.46965,35.58635],[139.46985,35.58622],[139.46947,35.58616],[139.46931,35.58597],[139.46931,35.58567],[139.46947,35.58483],[139.46931,35.58397],[139.4693,35.58364],[139.46939,35.58335],[139.46957,35.58315],[139.4697,35.58286],[139.46985,35.58155],[139.46992,35.58142],[139.47007,35.58129],[139.47066,35.5812],[139.47076,35.58112],[139.47071,35.58097],[139.47058,35.58085],[139.47022,35.58076],[139.47005,35.58063],[139.46989,35.58027],[139.46988,35.57992],[139.46996,35.57981],[139.47015,35.5797],[139.4704,35.57946],[139.4709,35.57874],[139.4711,35.57853],[139.47141,35.57839],[139.47171,35.57843],[139.47183,35.57838],[139.47188,35.57825],[139.4718,35.57766],[139.47185,35.57745],[139.47221,35.57733],[139.47228,35.57709],[139.47244,35.57692],[139.47275,35.57675],[139.47308,35.57664],[139.47328,35.57662],[139.47323,35.5764],[139.47368,35.57532],[139.47325,35.57385],[139.47283,35.57318],[139.47232,35.57257],[139.47209,35.5719],[139.47163,35.57184],[139.47127,35.57185],[139.47112,35.57191],[139.47085,35.57217],[139.4706,35.57221],[139.47011,35.57196],[139.46927,35.57132],[139.46883,35.57104],[139.46844,35.57092],[139.46826,35.57091],[139.46795,35.57102],[139.46761,35.57134],[139.46751,35.57151],[139.46752,35.57166],[139.46775,35.5719],[139.46785,35.57212],[139.46787,35.57236],[139.46782,35.5725],[139.46761,35.57262],[139.46691,35.57271],[139.46669,35.57287],[139.46654,35.5731],[139.46613,35.57326],[139.46509,35.57332],[139.46424,35.57325],[139.46405,35.57317],[139.46398,35.57296],[139.46388,35.57284],[139.4637,35.57274],[139.46357,35.57273],[139.46342,35.57281],[139.46324,35.5731],[139.4629,35.57329],[139.46233,35.57341],[139.46167,35.57344],[139.46121,35.57331],[139.46076,35.57284],[139.46054,35.57272],[139.46019,35.57264],[139.45932,35.57263],[139.45793,35.57182],[139.4577,35.57159],[139.45759,35.57134],[139.4574,35.57128],[139.45721,35.57127],[139.45707,35.57118],[139.45702,35.57085],[139.45722,35.56991],[139.45718,35.56971],[139.45712,35.56966],[139.45692,35.56966],[139.45649,35.56981],[139.45603,35.56989],[139.45552,35.56991],[139.45526,35.56986],[139.45509,35.56973],[139.45505,35.56965],[139.4551,35.56905],[139.45499,35.56884],[139.45484,35.56878],[139.45456,35.5688],[139.45435,35.56889],[139.45409,35.56914],[139.45386,35.56913],[139.4536,35.56896],[139.45347,35.5686],[139.45299,35.56839],[139.45276,35.56821],[139.45257,35.56782],[139.45256,35.56751],[139.45264,35.56744],[139.45282,35.56742],[139.45295,35.56735],[139.45306,35.56702],[139.45337,35.5668],[139.45342,35.56666],[139.4534,35.56644],[139.45315,35.56552],[139.45317,35.56525],[139.45336,35.56469],[139.45326,35.56451],[139.45315,35.56443],[139.45217,35.56405],[139.45199,35.5639],[139.45192,35.56375],[139.45194,35.56352],[139.452,35.56343],[139.45236,35.56332],[139.45238,35.56326],[139.45229,35.56297],[139.45261,35.56268],[139.45259,35.5626],[139.45238,35.56237],[139.45231,35.5622],[139.4523,35.56188],[139.45236,35.56161],[139.45258,35.56111],[139.45303,35.56065],[139.45316,35.56046],[139.45321,35.56015],[139.45314,35.55983],[139.45316,35.55968],[139.45332,35.55955],[139.4536,35.55951],[139.45374,35.55935],[139.45386,35.55888],[139.45393,35.55799],[139.45405,35.5577],[139.45424,35.55755],[139.45473,35.55747],[139.45492,35.55738],[139.45505,35.55722],[139.45525,35.55683],[139.45541,35.5567],[139.45562,35.55663],[139.45614,35.5566],[139.4565,35.55651],[139.45683,35.55637],[139.45709,35.55618],[139.45731,35.55588],[139.45735,35.55565],[139.4572,35.55553],[139.45663,35.55547],[139.45642,35.55539],[139.45637,35.55524],[139.45646,35.55487],[139.45676,35.55414],[139.457,35.55389],[139.45723,35.55388],[139.45775,35.55414],[139.45871,35.55411],[139.45893,35.554],[139.45919,35.55375],[139.45999,35.55348],[139.46025,35.55322],[139.46044,35.55272],[139.46062,35.55249],[139.46082,35.55245],[139.46134,35.55258],[139.4617,35.55259],[139.46189,35.55264],[139.46247,35.55303],[139.4627,35.55313],[139.46294,35.55317],[139.46349,35.55312],[139.46398,35.55316],[139.46455,35.55333],[139.46509,35.55359],[139.4654,35.55384],[139.46556,35.55433],[139.46584,35.55441],[139.46594,35.55448],[139.466,35.55461],[139.46607,35.55516],[139.46615,35.55525],[139.46626,35.5553],[139.4664,35.55528],[139.46665,35.55512],[139.46726,35.55443],[139.46762,35.55417],[139.46815,35.55403],[139.46852,35.55407],[139.46879,35.55433],[139.4692,35.55445],[139.46932,35.5547],[139.46932,35.55501],[139.46924,35.55522],[139.46915,35.55529],[139.46879,35.55538],[139.4686,35.55562],[139.46859,35.55577],[139.46868,35.55604],[139.46896,35.55644],[139.46922,35.55656],[139.46951,35.55653],[139.4698,35.55639],[139.46996,35.55603],[139.47043,35.55599],[139.47077,35.55587],[139.47089,35.55595],[139.47104,35.55701],[139.4713,35.55748],[139.47222,35.55823],[139.47245,35.55867],[139.47309,35.55902],[139.47339,35.55928],[139.47352,35.55951],[139.47364,35.55986],[139.47431,35.55967],[139.47474,35.55961],[139.47483,35.55963],[139.47491,35.55917],[139.47524,35.55875],[139.47519,35.55864],[139.47488,35.55843],[139.47484,35.55817],[139.47503,35.558],[139.47553,35.5578],[139.47566,35.55761],[139.47553,35.55725],[139.47503,35.55659],[139.47485,35.55595],[139.47484,35.55556],[139.4749,35.55535],[139.47518,35.55489],[139.47541,35.55463],[139.47642,35.55379],[139.47765,35.55297],[139.47853,35.55247],[139.47935,35.55215],[139.47944,35.55196],[139.47938,35.55171],[139.47943,35.55143],[139.47974,35.551],[139.48003,35.55079],[139.48019,35.55075],[139.48056,35.55091],[139.48151,35.55098],[139.48198,35.55098],[139.48196,35.55045],[139.48203,35.55003],[139.48258,35.54854],[139.48247,35.54849],[139.4823,35.54837],[139.4822,35.54822],[139.48209,35.54777],[139.48193,35.54752],[139.48156,35.54739],[139.48116,35.54684],[139.48087,35.54664],[139.48038,35.5464],[139.48018,35.54619],[139.48012,35.54594],[139.48016,35.54581],[139.48026,35.54571],[139.48074,35.54561],[139.48057,35.54517],[139.48037,35.5452],[139.48009,35.54509],[139.47989,35.5449],[139.47969,35.54458],[139.47968,35.54438],[139.47974,35.54427],[139.47984,35.54422],[139.48023,35.54414],[139.4804,35.54413],[139.48041,35.54354],[139.48033,35.54315],[139.48053,35.54267],[139.48077,35.54232],[139.48062,35.54202],[139.4807,35.54161],[139.48101,35.54114],[139.4813,35.54091],[139.4814,35.54087],[139.48164,35.53995],[139.4817,35.53991],[139.48165,35.5399],[139.48132,35.53996],[139.48091,35.54024],[139.48049,35.54071],[139.48008,35.54109],[139.47927,35.54153],[139.47906,35.54169],[139.47866,35.54219],[139.4785,35.54231],[139.47822,35.54233],[139.47774,35.54215],[139.47756,35.54242],[139.4774,35.54246],[139.4769,35.54251],[139.47665,35.54261],[139.4763,35.54293],[139.47598,35.54339],[139.47575,35.54362],[139.47537,35.54381],[139.47499,35.54385],[139.47482,35.54392],[139.47473,35.54413],[139.47477,35.54434],[139.47475,35.54455],[139.47449,35.54485],[139.47396,35.54511],[139.47347,35.54519],[139.47325,35.54511],[139.47317,35.54502],[139.47308,35.54477],[139.47288,35.54453],[139.47251,35.54434],[139.47197,35.54422],[139.47059,35.54404],[139.47004,35.54389],[139.46962,35.54367],[139.46904,35.5432],[139.46876,35.54309],[139.46849,35.54308],[139.46795,35.54322],[139.4677,35.54321],[139.46748,35.54313],[139.46701,35.5427],[139.46667,35.542],[139.46652,35.54187],[139.46632,35.5419],[139.46617,35.54203],[139.46607,35.54246],[139.46595,35.54261],[139.46572,35.54268],[139.46544,35.54264],[139.46529,35.54252],[139.4652,35.54208],[139.46501,35.5419],[139.46469,35.54183],[139.46394,35.54189],[139.46367,35.54177],[139.46326,35.54132],[139.46285,35.54063],[139.46244,35.54012],[139.46216,35.53992],[139.46176,35.53979],[139.46155,35.53964],[139.46139,35.53943],[139.46129,35.53914],[139.46123,35.53859],[139.46132,35.5384],[139.46151,35.53837],[139.46163,35.53828],[139.46169,35.53809],[139.46167,35.53792],[139.46152,35.5377],[139.46095,35.53738],[139.46065,35.53708],[139.46047,35.53666],[139.46043,35.53615],[139.46059,35.53565],[139.46106,35.53497],[139.46123,35.53461],[139.46132,35.53405],[139.46126,35.53349],[139.46127,35.53309],[139.46134,35.53292],[139.46153,35.5328],[139.46166,35.53259],[139.46172,35.53199],[139.4618,35.53173],[139.4619,35.53164],[139.46209,35.5316],[139.46218,35.5315],[139.46226,35.53118],[139.46229,35.53072],[139.4624,35.5304],[139.46264,35.53027],[139.46293,35.53031],[139.46319,35.53043],[139.46347,35.53071],[139.46356,35.53072],[139.46364,35.5305],[139.46368,35.52992],[139.46379,35.52966],[139.46403,35.52958],[139.4642,35.52943],[139.46445,35.52874],[139.4646,35.52853],[139.46512,35.52837],[139.46551,35.5281],[139.46569,35.52791],[139.4659,35.52757],[139.46607,35.52705],[139.46625,35.52682],[139.46642,35.52677],[139.46678,35.52683],[139.4669,35.52681],[139.46696,35.52675],[139.46706,35.52646],[139.46736,35.52631],[139.46763,35.52635],[139.46793,35.52654],[139.46815,35.52661],[139.46901,35.52669],[139.4694,35.52665],[139.46975,35.52655],[139.47007,35.52639],[139.47062,35.52602],[139.47087,35.52595],[139.47109,35.52595],[139.47149,35.52612],[139.47169,35.52612],[139.47187,35.52594],[139.47203,35.52586],[139.47287,35.52577],[139.47313,35.52565],[139.47339,35.52528],[139.4735,35.52473],[139.47348,35.5244],[139.4734,35.52414],[139.47294,35.52356],[139.47289,35.52326],[139.47296,35.52293],[139.47295,35.52269],[139.47288,35.52258],[139.4726,35.52237],[139.47244,35.52165],[139.47232,35.52156],[139.47196,35.5215],[139.47176,35.52141],[139.4716,35.52086],[139.47123,35.5206],[139.47106,35.5202],[139.47064,35.52009],[139.47057,35.51985],[139.47046,35.51975],[139.46982,35.51958],[139.46938,35.51958],[139.46915,35.51965],[139.46881,35.51993],[139.46841,35.52012],[139.46782,35.52025],[139.46716,35.52028],[139.46683,35.52021],[139.46658,35.52007],[139.46642,35.51986],[139.46635,35.51967],[139.4664,35.51946],[139.46682,35.51928],[139.46697,35.51915],[139.467,35.51894],[139.46684,35.51884],[139.46639,35.51879],[139.46606,35.51885],[139.46584,35.51901],[139.46562,35.51932],[139.46526,35.51949],[139.4645,35.51961],[139.46364,35.51968],[139.46323,35.51967],[139.46289,35.51958],[139.46269,35.51943],[139.46233,35.519],[139.46303,35.51839],[139.46314,35.51819],[139.46312,35.51801],[139.46309,35.51797],[139.4626,35.51845],[139.46168,35.51901],[139.46171,35.519],[139.46204,35.51904],[139.46214,35.51911],[139.46208,35.5193],[139.46188,35.51952],[139.4616,35.51967],[139.46135,35.51965],[139.46125,35.51952],[139.46124,35.51922],[139.46082,35.51938],[139.45613,35.52032],[139.45577,35.52047],[139.45538,35.52076],[139.45489,35.52138],[139.4547,35.52223],[139.45482,35.52274],[139.45697,35.52534],[139.45729,35.52599],[139.45759,35.52706],[139.458,35.52703],[139.45824,35.52675],[139.45842,35.52673],[139.4585,35.52725],[139.45825,35.5274],[139.45834,35.52769],[139.45832,35.52799],[139.45825,35.52805],[139.45782,35.52804],[139.4579,35.52831],[139.45775,35.52862],[139.45759,35.52861],[139.45752,35.5284],[139.45731,35.52839],[139.4568,35.52882],[139.45548,35.52956],[139.45492,35.53015],[139.45415,35.53144],[139.45356,35.53182],[139.45284,35.53214],[139.45289,35.53272],[139.45438,35.53389],[139.45472,35.53407],[139.45528,35.53424],[139.45558,35.53439],[139.45579,35.53469],[139.45595,35.53483],[139.45642,35.53495],[139.45739,35.53501],[139.45772,35.53514],[139.45782,35.53524],[139.4579,35.53551],[139.45776,35.53605],[139.45775,35.53621],[139.45783,35.53646],[139.45802,35.53662],[139.4586,35.53678],[139.45876,35.53692],[139.4588,35.53701],[139.45877,35.53732],[139.45866,35.5377],[139.45906,35.53791],[139.45911,35.53804],[139.45908,35.53832],[139.45895,35.53862],[139.45882,35.53877],[139.45833,35.53903],[139.45847,35.53912],[139.45903,35.53928],[139.45918,35.53942],[139.4592,35.53953],[139.45911,35.53972],[139.45883,35.53989],[139.45876,35.54002],[139.4588,35.54097],[139.45873,35.54106],[139.45837,35.54115],[139.45824,35.54127],[139.45819,35.54142],[139.45829,35.54151],[139.45864,35.54154],[139.45884,35.54163],[139.45891,35.54182],[139.45889,35.54206],[139.45878,35.54223],[139.45854,35.54238],[139.45842,35.54252],[139.4581,35.54349],[139.4579,35.54387],[139.45732,35.54446],[139.45719,35.54483],[139.45685,35.54497],[139.45685,35.54522],[139.45704,35.54582],[139.45701,35.54616],[139.45687,35.54631],[139.4565,35.54642],[139.45628,35.54656],[139.45624,35.5467],[139.4563,35.54694],[139.45629,35.54711],[139.45613,35.54736],[139.45594,35.54753],[139.45548,35.54776],[139.45476,35.54784],[139.45465,35.54788],[139.45478,35.54795],[139.45491,35.54814],[139.4551,35.54901],[139.45517,35.55031],[139.45501,35.5509],[139.4548,35.55108],[139.45445,35.5512],[139.45433,35.55136],[139.45429,35.55157],[139.45434,35.55207],[139.45418,35.55228],[139.45359,35.55236],[139.45341,35.55243],[139.45327,35.55255],[139.45304,35.55292],[139.4528,35.55307],[139.45237,35.55323],[139.45225,35.55337],[139.45224,35.55348],[139.45211,35.55357],[139.45159,35.55365],[139.45038,35.55369],[139.44989,35.5538],[139.4497,35.55388],[139.44943,35.55411],[139.44921,35.5547],[139.44895,35.55495],[139.44872,35.55502],[139.44834,35.555],[139.44808,35.55491],[139.44776,35.55461],[139.44734,35.55446],[139.44674,35.55437],[139.44535,35.55429],[139.44518,35.55418],[139.44521,35.55403],[139.44504,35.55395],[139.44444,35.55388],[139.44302,35.55383],[139.44272,35.55377],[139.44263,35.55372],[139.44252,35.55357],[139.4424,35.55354],[139.44162,35.55349],[139.43941,35.55355],[139.4388,35.55351],[139.43843,35.55341],[139.43812,35.55302],[139.43774,35.55289],[139.43773,35.55273],[139.4378,35.5525],[139.43775,35.55234],[139.43735,35.55225],[139.43718,35.55211],[139.43701,35.55168],[139.43684,35.55091],[139.43663,35.55061],[139.43645,35.55057],[139.43609,35.5506],[139.43596,35.55053],[139.43578,35.55024],[139.4356,35.55012],[139.43534,35.55005],[139.4346,35.54999],[139.43432,35.54987],[139.43421,35.54977],[139.43409,35.54949],[139.43405,35.54895],[139.43394,35.54858],[139.43379,35.54846],[139.43345,35.54841],[139.43336,35.54836],[139.43336,35.54826],[139.43352,35.54798],[139.43352,35.54637],[139.43339,35.54636],[139.43332,35.5467],[139.43311,35.54696],[139.43311,35.54729],[139.43287,35.54726],[139.43271,35.54731],[139.43255,35.54772],[139.43231,35.5479],[139.43194,35.54864],[139.43199,35.54874],[139.42924,35.55006],[139.42852,35.55054],[139.42859,35.55077],[139.42847,35.55143],[139.42847,35.5516],[139.42857,35.55185],[139.42881,35.55199],[139.42936,35.55206],[139.42948,35.55213],[139.42963,35.55238],[139.42964,35.55255],[139.42955,35.55301],[139.42923,35.55375],[139.42892,35.55417],[139.42871,35.55428],[139.42853,35.5543],[139.42845,35.55449],[139.42895,35.55561],[139.42891,35.55622],[139.42899,35.55633],[139.42925,35.55643],[139.42942,35.55657],[139.42953,35.55683],[139.4296,35.55719],[139.4296,35.55789],[139.42952,35.55837],[139.42942,35.55853],[139.42917,35.55858],[139.42901,35.55866],[139.42889,35.55887],[139.42897,35.55898],[139.42917,35.55909],[139.43017,35.55944],[139.43035,35.55955],[139.43043,35.55966],[139.43034,35.55987],[139.43006,35.55992],[139.42998,35.55998],[139.42996,35.56007],[139.43005,35.56048],[139.42996,35.56058],[139.42978,35.56061],[139.4297,35.56074],[139.42969,35.56111],[139.42977,35.56181],[139.42975,35.56205],[139.42968,35.56222],[139.42955,35.56229],[139.42934,35.56231],[139.42914,35.56224],[139.42893,35.5621],[139.42872,35.56209],[139.42827,35.56246],[139.42804,35.56258],[139.42704,35.56286],[139.42684,35.56305],[139.4268,35.56328],[139.42661,35.56337],[139.42537,35.56312],[139.42412,35.56305],[139.42244,35.56311],[139.42191,35.56319],[139.4213,35.56335],[139.42083,35.56357],[139.42067,35.5639],[139.42044,35.56394],[139.42035,35.564],[139.42035,35.56425],[139.42055,35.56498],[139.42053,35.5651],[139.4204,35.56528],[139.42014,35.56539],[139.41955,35.56543],[139.4193,35.56536],[139.41903,35.5651],[139.41872,35.56507],[139.41856,35.56522],[139.41851,35.56559],[139.41841,35.56575],[139.41815,35.56588],[139.41772,35.56595],[139.41741,35.56594],[139.41718,35.56587],[139.41681,35.56566],[139.4164,35.56535],[139.41599,35.56517],[139.41571,35.56514],[139.4152,35.56517],[139.41524,35.56505],[139.41571,35.56459],[139.41578,35.56434],[139.41574,35.56424],[139.41343,35.56625],[139.41297,35.56615],[139.41285,35.56622],[139.4127,35.56684],[139.41278,35.5669],[139.41241,35.56743],[139.41184,35.5694],[139.41071,35.57102],[139.41051,35.57142],[139.40977,35.57318],[139.40944,35.57473],[139.4091,35.57522],[139.40872,35.57548],[139.40835,35.57563],[139.40735,35.57583],[139.4065,35.57582],[139.40435,35.57551],[139.4043,35.57555],[139.40401,35.57567],[139.40331,35.57582],[139.40347,35.57653],[139.40346,35.57677],[139.40338,35.5769],[139.40312,35.57695],[139.40286,35.57688],[139.40268,35.57672],[139.40256,35.57653],[139.40248,35.57663],[139.40247,35.57673],[139.40235,35.57692],[139.40212,35.57704],[139.40178,35.57709],[139.40169,35.57705],[139.40164,35.57691],[139.40151,35.57703],[139.40131,35.57736],[139.40115,35.57789],[139.40105,35.58014],[139.40087,35.58049],[139.40033,35.58061],[139.40046,35.58098],[139.40067,35.58125],[139.4007,35.58147],[139.40055,35.58164],[139.39977,35.58183],[139.39964,35.58193],[139.39937,35.58308],[139.39921,35.58333],[139.3993,35.58352],[139.39963,35.58381],[139.3997,35.5841],[139.39987,35.58432],[139.3998,35.58443],[139.39895,35.58466],[139.39852,35.58451],[139.39821,35.58425],[139.39785,35.58421],[139.39751,35.58451],[139.3972,35.58435],[139.39667,35.58446],[139.39641,35.58438],[139.39608,35.58388],[139.39591,35.58395],[139.39572,35.58426],[139.39559,35.58431],[139.39522,35.58413],[139.39518,35.58398],[139.39486,35.58408],[139.39478,35.58482],[139.39416,35.58564],[139.39294,35.58543],[139.39242,35.58558],[139.392,35.58531],[139.39148,35.58522],[139.39108,35.58526],[139.39063,35.58555],[139.38942,35.58784],[139.38862,35.58853],[139.38795,35.58855],[139.38782,35.58835],[139.38752,35.58816],[139.38741,35.58819],[139.3874,35.58829],[139.38755,35.58859],[139.38533,35.58819],[139.38526,35.58797],[139.38536,35.58781],[139.38523,35.58748],[139.38437,35.58761],[139.3843,35.58775],[139.3844,35.58832],[139.38451,35.58848],[139.38296,35.58912],[139.383,35.58942],[139.38286,35.58975],[139.38298,35.58978],[139.38299,35.58995],[139.38286,35.59],[139.38275,35.58984],[139.38238,35.58987],[139.38219,35.58981],[139.382,35.58951],[139.38101,35.58992],[139.38112,35.59014],[139.38079,35.59031],[139.38072,35.59052],[139.38054,35.59052],[139.37984,35.5902],[139.37949,35.59021],[139.37933,35.59015],[139.37916,35.5902],[139.37888,35.59045],[139.3791,35.59071],[139.37756,35.59139],[139.37658,35.5921],[139.37607,35.59267],[139.37504,35.59409],[139.37504,35.5941],[139.37512,35.59435],[139.37547,35.59449],[139.37547,35.59474],[139.3752,35.5956],[139.37522,35.59582],[139.37543,35.5961],[139.37552,35.59643],[139.37545,35.59758],[139.3756,35.59785],[139.37588,35.59797],[139.37608,35.59815],[139.37617,35.59864],[139.37628,35.59888],[139.37642,35.59899],[139.37685,35.59919],[139.37694,35.59931],[139.37701,35.59962],[139.37732,35.59984],[139.3777,35.59998],[139.37846,35.60014],[139.3792,35.60022],[139.37955,35.60016],[139.37968,35.60027],[139.37973,35.60071],[139.37964,35.60109],[139.37954,35.60118],[139.37934,35.60121],[139.37915,35.6013],[139.37882,35.60156],[139.37843,35.602],[139.37823,35.60242],[139.37811,35.60295],[139.37806,35.6036],[139.37808,35.60453],[139.37818,35.60495],[139.37823,35.60498],[139.37829,35.60495],[139.37859,35.6047],[139.37877,35.60466],[139.37896,35.60467],[139.3793,35.60481],[139.37941,35.60495],[139.37947,35.60514],[139.37962,35.60518],[139.37989,35.60513],[139.38013,35.60502],[139.38024,35.60489],[139.3803,35.60469],[139.38045,35.6046],[139.38093,35.60459],[139.38145,35.60468],[139.38164,35.60475],[139.38183,35.60493],[139.38193,35.60548],[139.38199,35.60556],[139.38209,35.60555],[139.38238,35.60538],[139.38269,35.60534],[139.38308,35.60539],[139.38347,35.60559],[139.38382,35.60594],[139.38433,35.60666],[139.38464,35.6069],[139.38485,35.60698],[139.38508,35.607],[139.38517,35.60696],[139.38522,35.60678],[139.38534,35.60667],[139.38579,35.60664],[139.38626,35.60679],[139.38688,35.60717],[139.38709,35.60738],[139.38714,35.60756],[139.38705,35.60775],[139.38677,35.60793],[139.38664,35.6081],[139.38658,35.60849],[139.38667,35.60867],[139.38703,35.60885],[139.38806,35.60892],[139.38842,35.60905],[139.38851,35.60919],[139.38855,35.60942],[139.38864,35.60954],[139.38905,35.60973],[139.38913,35.6098],[139.38905,35.60994],[139.38878,35.61011],[139.38858,35.61031],[139.3885,35.61054],[139.38855,35.61075],[139.38876,35.61084],[139.38935,35.61077],[139.3895,35.61079],[139.38959,35.61085],[139.38968,35.61108],[139.38987,35.61114],[139.39016,35.61117],[139.3903,35.61124],[139.39039,35.61136],[139.39044,35.61176],[139.39053,35.61194],[139.39079,35.61212],[139.39126,35.61227],[139.39138,35.6124],[139.39142,35.61258],[139.39136,35.61301],[139.39145,35.61321],[139.39161,35.61339],[139.39209,35.61374],[139.39229,35.61399],[139.39235,35.61424],[139.39221,35.61448],[139.39202,35.61461],[139.39118,35.61498],[139.39103,35.61512],[139.39096,35.61528],[139.39097,35.61544],[139.39109,35.6156],[139.39151,35.61568],[139.39163,35.61575],[139.39168,35.61596],[139.39162,35.61627],[139.39175,35.61648],[139.39196,35.61655],[139.39228,35.61657],[139.39255,35.61654],[139.39271,35.61646],[139.39277,35.61635],[139.3927,35.61601],[139.39276,35.61571],[139.39293,35.61539],[139.39319,35.61521],[139.39392,35.61504],[139.39569,35.61498],[139.39626,35.6149],[139.39636,35.61481],[139.39633,35.61463],[139.39641,35.61458],[139.39676,35.61455],[139.39691,35.61449],[139.39702,35.61434],[139.39712,35.61397],[139.39723,35.61386],[139.3975,35.61376],[139.39796,35.61372],[139.39824,35.61383],[139.39846,35.61409],[139.39862,35.61449],[139.39888,35.61471],[139.39929,35.61479],[139.39961,35.61478],[139.3998,35.61473],[139.39987,35.61457],[139.39958,35.61405],[139.39937,35.6131],[139.39937,35.6127],[139.39953,35.61224],[139.39974,35.61202],[139.40014,35.6118],[139.4005,35.61167],[139.40109,35.6116],[139.40155,35.61124],[139.40224,35.61107],[139.40251,35.61093],[139.40261,35.61082],[139.40272,35.61051],[139.40268,35.60942],[139.40274,35.60913],[139.40286,35.60898],[139.40305,35.60895],[139.40336,35.60901],[139.40409,35.60947],[139.40446,35.6096],[139.40486,35.60963],[139.40507,35.60954],[139.40523,35.60921],[139.40519,35.60793],[139.40532,35.60763],[139.40549,35.60752],[139.40601,35.60739],[139.40718,35.60726],[139.40779,35.60725],[139.40852,35.60738],[139.40887,35.60756],[139.40932,35.60799],[139.40947,35.60831],[139.40948,35.60874],[139.40975,35.60786],[139.40991,35.60758],[139.41025,35.60722],[139.41053,35.60701],[139.41099,35.6068],[139.41131,35.60674],[139.41181,35.60674],[139.41206,35.60681],[139.41225,35.60694],[139.41237,35.60712],[139.41243,35.60733],[139.41238,35.60764],[139.4121,35.60783],[139.412,35.608],[139.41197,35.60823],[139.41205,35.60855],[139.41243,35.60929],[139.41257,35.60943],[139.41295,35.60965],[139.41319,35.60972],[139.41377,35.60979],[139.41484,35.60973],[139.41543,35.60964],[139.41588,35.60952],[139.41657,35.60916],[139.41692,35.60909],[139.41737,35.60908],[139.41854,35.60923],[139.41892,35.60937],[139.41907,35.60953],[139.41925,35.60963],[139.42043,35.60992],[139.42084,35.61022],[139.42137,35.61114],[139.42173,35.61134],[139.42173,35.61163],[139.42147,35.61264],[139.42148,35.61287],[139.42157,35.61304],[139.42172,35.61314],[139.42204,35.61322],[139.42281,35.61316],[139.42321,35.6132],[139.4235,35.61337],[139.42368,35.61362],[139.4238,35.61396],[139.42375,35.61428],[139.42354,35.61445],[139.42306,35.61459],[139.42287,35.6147],[139.42275,35.61485],[139.4227,35.61515],[139.42282,35.6155],[139.42297,35.61561],[139.42342,35.61581],[139.42355,35.61593],[139.42377,35.61627],[139.4239,35.61632],[139.42406,35.6163],[139.42426,35.6162],[139.42444,35.61603],[139.42465,35.61561],[139.42492,35.61449],[139.42509,35.61423],[139.42528,35.61422],[139.42541,35.61438],[139.42548,35.61496],[139.42559,35.61516],[139.42578,35.61528],[139.42636,35.61535],[139.42653,35.61544],[139.42645,35.61556],[139.42595,35.61591],[139.42593,35.616],[139.42622,35.61608],[139.42648,35.61647],[139.42664,35.61658],[139.42686,35.61666],[139.42748,35.61672],[139.42774,35.61684],[139.428,35.61721],[139.42808,35.61758],[139.42823,35.61791],[139.42848,35.61816],[139.42864,35.61825],[139.42904,35.61837],[139.4295,35.61841],[139.42986,35.61836],[139.42999,35.61831],[139.43019,35.61813],[139.43034,35.61775],[139.43056,35.61748],[139.43089,35.61738],[139.43128,35.61743],[139.43159,35.61765],[139.4321,35.61844],[139.43253,35.61877],[139.43266,35.61929],[139.43279,35.61933],[139.43299,35.61927],[139.4332,35.61928],[139.43353,35.6195],[139.43369,35.61979],[139.43371,35.62032],[139.4344,35.62076],[139.43466,35.621],[139.43488,35.62136],[139.43497,35.62176],[139.43488,35.62197],[139.43468,35.62212],[139.43384,35.62233],[139.43363,35.62249],[139.43366,35.62264],[139.43392,35.62303],[139.43397,35.62328],[139.43384,35.6235],[139.43342,35.6238],[139.43326,35.62409],[139.43326,35.62451],[139.43349,35.6254],[139.43361,35.62558],[139.43374,35.62564],[139.43472,35.6256],[139.43513,35.62573],[139.43552,35.62598],[139.43569,35.62618],[139.43577,35.62642],[139.4357,35.62705],[139.43575,35.62726],[139.43611,35.62738],[139.43621,35.62771],[139.43665,35.62806],[139.4369,35.62875],[139.43708,35.62905],[139.43724,35.62917],[139.43754,35.62926],[139.4377,35.62923],[139.43783,35.62912],[139.43793,35.62895],[139.43798,35.62865],[139.43788,35.62843],[139.43762,35.62832],[139.43745,35.62818],[139.4373,35.62775],[139.43726,35.62733],[139.43729,35.62664],[139.43745,35.62607],[139.43758,35.62594],[139.43784,35.62581],[139.43818,35.62575],[139.43857,35.62576],[139.43891,35.62588],[139.43909,35.62604],[139.43932,35.62635],[139.43968,35.62656],[139.44001,35.62663],[139.44041,35.62665],[139.44074,35.62662],[139.44105,35.62649],[139.44113,35.62636],[139.44108,35.62608],[139.441,35.62601],[139.44076,35.62596],[139.44059,35.62587],[139.4404,35.6255],[139.44031,35.62486],[139.44037,35.62425],[139.44057,35.62396],[139.44107,35.62377],[139.44149,35.6235],[139.44218,35.62267],[139.44256,35.62233],[139.44279,35.62225],[139.44323,35.6223],[139.4435,35.62229],[139.44429,35.62209],[139.44461,35.62204],[139.44472,35.62209],[139.44475,35.62223],[139.44487,35.62234],[139.4451,35.62238],[139.44537,35.62235],[139.44553,35.62223],[139.44559,35.62193],[139.44567,35.62179],[139.44583,35.62169],[139.44633,35.62154],[139.44663,35.62137],[139.44711,35.62097],[139.44779,35.62028],[139.44826,35.61999],[139.44854,35.61992],[139.44902,35.61996],[139.44924,35.62007],[139.44945,35.6203],[139.44975,35.62037],[139.44998,35.62023],[139.45026,35.61968],[139.45052,35.61951],[139.45075,35.61947],[139.4512,35.61952],[139.45132,35.61958],[139.45138,35.61977],[139.45146,35.61981],[139.45201,35.61952],[139.45229,35.61948],[139.45249,35.6195],[139.45268,35.61963],[139.45284,35.61985],[139.45306,35.62037],[139.45312,35.6207],[139.45302,35.62104],[139.45282,35.62116],[139.45237,35.62131],[139.45221,35.6215],[139.45222,35.62182],[139.45243,35.62215],[139.45282,35.62237],[139.4533,35.6224],[139.45354,35.62227],[139.45378,35.62181],[139.454,35.6216],[139.45433,35.62151],[139.45471,35.62158],[139.45497,35.62183],[139.4552,35.62256],[139.45533,35.62278],[139.45549,35.62292],[139.45592,35.62312],[139.45604,35.62331],[139.45606,35.62355],[139.45613,35.62374],[139.45649,35.62403],[139.45645,35.62449],[139.45666,35.62454],[139.45742,35.62434],[139.45783,35.6243],[139.45817,35.62435],[139.45835,35.62455],[139.45833,35.62489],[139.45816,35.62536],[139.45811,35.62568],[139.45816,35.62578],[139.45841,35.62584],[139.45856,35.62597],[139.45868,35.62619],[139.4587,35.62638],[139.45861,35.62647],[139.45837,35.62652],[139.45829,35.62662],[139.45816,35.62737],[139.45768,35.62832],[139.45756,35.62869],[139.45752,35.62939],[139.45767,35.63054],[139.45723,35.63058],[139.45722,35.63068],[139.45729,35.63084],[139.45725,35.63096],[139.45703,35.63113],[139.45639,35.63146],[139.4563,35.63157],[139.45621,35.63188],[139.45565,35.63244],[139.45549,35.63274],[139.45545,35.63306],[139.4555,35.63332],[139.45563,35.63345],[139.45583,35.63347],[139.45604,35.63357],[139.45631,35.63384],[139.45646,35.63418],[139.45654,35.63465],[139.45653,35.6352],[139.45637,35.63564],[139.45618,35.63584],[139.45571,35.63609],[139.45555,35.6363],[139.45559,35.63654],[139.45572,35.63671],[139.45589,35.63676],[139.45608,35.6367],[139.45617,35.63678],[139.45611,35.63712],[139.45592,35.63735],[139.45563,35.63743],[139.45536,35.63739],[139.45515,35.63729],[139.455,35.63703],[139.45504,35.63652],[139.45488,35.6362],[139.45444,35.63596],[139.45405,35.63587],[139.45376,35.63586],[139.45358,35.63594],[139.45351,35.6361],[139.45357,35.63667],[139.45366,35.63686],[139.45379,35.63699],[139.45428,35.63713],[139.45431,35.63737],[139.45407,35.63754],[139.45334,35.63774],[139.45298,35.63793],[139.45281,35.63811],[139.45276,35.63825],[139.45283,35.63864],[139.45277,35.63877],[139.45248,35.63892],[139.45175,35.63911],[139.45156,35.63923],[139.4514,35.63946],[139.45125,35.63958],[139.45084,35.63962],[139.44998,35.63944],[139.44938,35.63921],[139.44914,35.63899],[139.44899,35.63892],[139.44789,35.6388],[139.44763,35.63869],[139.44746,35.63853],[139.4473,35.63857],[139.44694,35.63893],[139.44663,35.63914],[139.44624,35.63932],[139.44583,35.63942],[139.44528,35.63941],[139.44483,35.63928],[139.44467,35.63912],[139.44466,35.63883],[139.44361,35.63909],[139.44318,35.63908],[139.44303,35.63902],[139.44276,35.63883],[139.44217,35.63805],[139.44201,35.63794],[139.44179,35.6379],[139.44158,35.63779],[139.44039,35.63676],[139.44012,35.63657],[139.43965,35.63636],[139.43959,35.63619],[139.43982,35.63588],[139.44021,35.63564],[139.44071,35.6355],[139.44085,35.63536],[139.4408,35.63522],[139.44034,35.63472],[139.44018,35.63415],[139.43972,35.63401],[139.43951,35.63378],[139.43938,35.6337],[139.43908,35.63364],[139.43857,35.63361],[139.43817,35.63348],[139.4379,35.63321],[139.43789,35.63304],[139.43796,35.63288],[139.43792,35.63282],[139.43718,35.63286],[139.43693,35.63282],[139.43671,35.63272],[139.43641,35.63248],[139.43629,35.63229],[139.43624,35.63198],[139.4363,35.63166],[139.43617,35.63138],[139.43581,35.63117],[139.43549,35.63108],[139.43525,35.63107],[139.4351,35.63115],[139.435,35.63153],[139.43473,35.63184],[139.4344,35.63202],[139.43374,35.63228],[139.43342,35.63249],[139.43325,35.63272],[139.43322,35.63284],[139.43326,35.63336],[139.43321,35.63354],[139.43309,35.63367],[139.43267,35.63384],[139.43255,35.63398],[139.43259,35.63422],[139.43272,35.63428],[139.4329,35.6343],[139.43299,35.63439],[139.4329,35.6349],[139.43299,35.6351],[139.4332,35.63533],[139.43322,35.63544],[139.43317,35.63556],[139.43297,35.63572],[139.43279,35.63579],[139.43206,35.63588],[139.43185,35.63595],[139.43169,35.63607],[139.4315,35.63647],[139.43132,35.63668],[139.43069,35.63684],[139.43056,35.63697],[139.43039,35.63737],[139.43021,35.63761],[139.42968,35.63786],[139.42956,35.63797],[139.42946,35.63834],[139.42937,35.63847],[139.42911,35.63862],[139.42873,35.63872],[139.42854,35.63885],[139.42839,35.63915],[139.42832,35.63965],[139.42819,35.63983],[139.428,35.63996],[139.42752,35.64011],[139.42731,35.64028],[139.42726,35.64051],[139.42734,35.64074],[139.42753,35.64094],[139.4278,35.64113],[139.42792,35.64139],[139.42789,35.64162],[139.42777,35.64189],[139.42748,35.64223],[139.42708,35.64244],[139.42646,35.64253],[139.42615,35.64249],[139.42587,35.64226],[139.42556,35.64217],[139.42492,35.64216],[139.4244,35.64225],[139.42389,35.64244],[139.42343,35.64269],[139.42317,35.64294],[139.42309,35.64327],[139.423,35.64339],[139.42284,35.64346],[139.42262,35.64349],[139.42179,35.64344],[139.42138,35.64336],[139.42115,35.64327],[139.421,35.64314],[139.42091,35.64293],[139.4209,35.64236],[139.42046,35.64278],[139.42044,35.64289],[139.42052,35.64311],[139.42051,35.64322],[139.41999,35.64336],[139.4197,35.64355],[139.41946,35.64379],[139.4194,35.64401],[139.41963,35.64433],[139.41963,35.64463],[139.41947,35.64502],[139.41921,35.64529],[139.41888,35.64534],[139.41838,35.64518],[139.41818,35.64518],[139.41804,35.64546],[139.41775,35.64551],[139.41758,35.64561],[139.41726,35.64607],[139.41702,35.64617],[139.41659,35.64622],[139.4165,35.64628],[139.41645,35.64647],[139.41636,35.64653],[139.4161,35.64654],[139.41555,35.64647],[139.41492,35.64655],[139.41443,35.64671],[139.41419,35.64684],[139.41404,35.64698],[139.41397,35.64714],[139.41399,35.6473],[139.41414,35.64753],[139.41472,35.64784],[139.41501,35.64811],[139.41538,35.64892],[139.41553,35.64905],[139.41591,35.64912],[139.41614,35.64924],[139.41643,35.6498],[139.41669,35.65002],[139.41706,35.65013],[139.41743,35.65011],[139.41771,35.64994],[139.41801,35.64956],[139.41827,35.64943],[139.41857,35.64946],[139.41885,35.6497],[139.4191,35.65015],[139.41928,35.65079],[139.41929,35.65115],[139.41919,35.65144],[139.41899,35.65166],[139.41857,35.65186],[139.41816,35.6519],[139.41737,35.6517],[139.41726,35.65178],[139.41728,35.65195],[139.41742,35.65229],[139.41756,35.65238],[139.41798,35.65247],[139.41883,35.65251],[139.41929,35.65263],[139.41944,35.65283],[139.41946,35.6534],[139.42032,35.65369],[139.4206,35.65386],[139.42073,35.65414],[139.42065,35.65456],[139.42067,35.65474],[139.42087,35.65501],[139.42128,35.65518],[139.42158,35.65521],[139.42176,35.65515],[139.42197,35.65494],[139.42223,35.65426],[139.4224,35.6541],[139.42269,35.65402],[139.42277,35.65386],[139.42279,35.65363],[139.42288,35.65353],[139.42314,35.65349],[139.42353,35.65355],[139.42386,35.65354],[139.42412,35.65344],[139.42426,35.6533],[139.42443,35.65288],[139.42464,35.65168],[139.42478,35.65131],[139.42487,35.65118],[139.42508,35.65105],[139.42557,35.65108],[139.42572,35.65104],[139.42581,35.65094],[139.42578,35.65057],[139.4257,35.65047],[139.42542,35.65027],[139.42537,35.65006],[139.42544,35.64975],[139.42554,35.64957],[139.4257,35.64945],[139.42592,35.64938],[139.42618,35.64936],[139.42646,35.64942],[139.42673,35.64954],[139.42701,35.64974],[139.42752,35.65027],[139.42777,35.65065],[139.42791,35.651],[139.4281,35.65116],[139.42867,35.65125],[139.42989,35.65112],[139.43016,35.65111],[139.43058,35.65117],[139.43084,35.65133],[139.43109,35.6518],[139.43134,35.65191],[139.43191,35.65189],[139.43257,35.65169],[139.43304,35.6514],[139.4334,35.65088],[139.43372,35.65058],[139.434,35.65046],[139.43463,35.6503],[139.43485,35.65017],[139.43501,35.65],[139.4351,35.64979],[139.43513,35.64943],[139.43504,35.64904],[139.43483,35.64853],[139.43481,35.64837],[139.43486,35.64828],[139.43506,35.64825],[139.43522,35.64816],[139.43581,35.64751],[139.43609,35.64732],[139.43659,35.64716],[139.43746,35.6471],[139.43769,35.647],[139.43772,35.64689],[139.43767,35.64677],[139.43731,35.64665],[139.43726,35.64648],[139.43741,35.64598],[139.43769,35.6456],[139.43808,35.64539],[139.43836,35.64535],[139.43857,35.64537],[139.43884,35.64552],[139.43921,35.6461],[139.4395,35.64634],[139.43986,35.64638],[139.44046,35.64621],[139.44079,35.646],[139.44095,35.64575],[139.44109,35.64458],[139.44136,35.64395],[139.44159,35.6437],[139.44178,35.6436],[139.44243,35.64356],[139.4429,35.64289],[139.44318,35.64257],[139.44344,35.64238],[139.44404,35.64213],[139.44439,35.64206],[139.44523,35.64199],[139.4465,35.64202],[139.44722,35.64215],[139.44734,35.64222],[139.44745,35.6425],[139.44757,35.64257],[139.44815,35.64254],[139.44844,35.64261],[139.44858,35.64275],[139.44877,35.64313],[139.44902,35.64326],[139.4494,35.64323],[139.44976,35.6431],[139.44996,35.64298],[139.4502,35.64275],[139.45041,35.64264],[139.45093,35.6426],[139.45168,35.64271],[139.45289,35.64301],[139.45311,35.64315],[139.45322,35.64344],[139.45332,35.6435],[139.45365,35.64351],[139.45413,35.64346],[139.45457,35.64353],[139.45482,35.64367],[139.45526,35.64406],[139.45549,35.64419],[139.45575,35.64426],[139.45615,35.64429],[139.45649,35.64442],[139.45667,35.64457],[139.4569,35.64488],[139.45712,35.64502],[139.45759,35.6451],[139.45816,35.64505],[139.45829,35.64508],[139.45847,35.64519],[139.4585,35.64529],[139.45846,35.64555],[139.4583,35.64588],[139.45806,35.64618],[139.45752,35.64658],[139.45669,35.64702],[139.45648,35.64719],[139.45642,35.64734],[139.45652,35.64746],[139.45678,35.64759],[139.45752,35.64768],[139.45789,35.64787],[139.45816,35.64817],[139.45869,35.64902],[139.45952,35.64921],[139.45969,35.6493],[139.45979,35.64944],[139.4597,35.64969],[139.45938,35.64993],[139.45933,35.65023],[139.45939,35.65083],[139.45928,35.65108],[139.45904,35.65126],[139.45866,35.65137],[139.4575,35.65158],[139.45594,35.65208],[139.4536,35.65246],[139.45147,35.653],[139.44744,35.65421],[139.44498,35.65509],[139.44381,35.6556],[139.44181,35.65675],[139.4404,35.65732],[139.43951,35.65791],[139.43803,35.65914],[139.43665,35.66005],[139.43561,35.66061],[139.43253,35.66202],[139.43034,35.66333],[139.4288,35.66396],[139.42846,35.66415],[139.42836,35.66427],[139.42804,35.66442],[139.42689,35.66476],[139.42432,35.66538],[139.42281,35.66585],[139.42216,35.66615],[139.42148,35.6667],[139.42086,35.66708],[139.42008,35.66743],[139.41953,35.66761],[139.4187,35.66777],[139.41787,35.66781],[139.41733,35.66775],[139.41681,35.6676],[139.41631,35.66736],[139.41507,35.66658],[139.41441,35.66634],[139.41362,35.66567],[139.41311,35.66539],[139.41241,35.6651],[139.41152,35.66482],[139.41006,35.66446],[139.40887,35.66433],[139.40822,35.66437],[139.40701,35.66468],[139.40592,35.66519],[139.40544,35.66528],[139.40509,35.66529],[139.40445,35.66518],[139.40391,35.66502],[139.40186,35.66426],[139.40147,35.66417],[139.40091,35.66415],[139.40036,35.66392],[139.40008,35.66324],[139.39953,35.66337],[139.39915,35.66337],[139.39871,35.66329],[139.39786,35.66308],[139.39713,35.66284],[139.39672,35.66264],[139.39658,35.66248],[139.3964,35.66237],[139.39567,35.66233],[139.39601,35.66261],[139.39608,35.66277],[139.39572,35.66305],[139.39559,35.66338],[139.39539,35.66344],[139.39494,35.66349],[139.39476,35.6636],[139.39463,35.66375],[139.3945,35.66381],[139.3942,35.66382],[139.3938,35.66376],[139.39343,35.6638],[139.3932,35.66389],[139.39267,35.66424],[139.39195,35.6644],[139.3919,35.66456],[139.39197,35.6648],[139.39195,35.66502],[139.39168,35.66535],[139.39148,35.66574],[139.39105,35.66704],[139.39084,35.6675],[139.39071,35.66769],[139.3904,35.66787],[139.38964,35.66801],[139.38951,35.66834],[139.38922,35.66857],[139.38973,35.66871],[139.39037,35.66876],[139.39104,35.66867],[139.39199,35.66841],[139.39245,35.66838],[139.39268,35.66841],[139.39311,35.66856],[139.39372,35.66893],[139.39418,35.66913],[139.39441,35.66914],[139.3948,35.66893],[139.39527,35.66886],[139.3956,35.66893],[139.39584,35.66916],[139.396,35.66922],[139.39622,35.66924],[139.39684,35.66918],[139.3971,35.66923],[139.39736,35.66946],[139.39748,35.66984],[139.39762,35.67004],[139.39774,35.67005],[139.39802,35.66988],[139.39828,35.66979],[139.39858,35.66977],[139.39879,35.66984],[139.39884,35.66999],[139.39876,35.67023],[139.39878,35.67039],[139.39913,35.67051],[139.39927,35.67096],[139.39939,35.67089],[139.39968,35.67062],[139.39985,35.67055],[139.40013,35.67055],[139.40032,35.67062],[139.40044,35.67075],[139.40049,35.67093],[139.40044,35.67154],[139.40049,35.67163],[139.40065,35.67175],[139.40148,35.67187],[139.40167,35.67203],[139.40173,35.67227],[139.40204,35.67243],[139.40242,35.67248],[139.40319,35.67251],[139.40386,35.67264],[139.40423,35.67279],[139.40488,35.67324],[139.40516,35.67331],[139.40535,35.67324],[139.40534,35.67313],[139.40435,35.67229],[139.40429,35.67214],[139.40435,35.67197],[139.4043,35.67183],[139.4039,35.67166],[139.40371,35.67151],[139.40363,35.6713],[139.40366,35.67105],[139.40381,35.67078],[139.40415,35.67056],[139.40461,35.67044],[139.40548,35.67031],[139.4059,35.67016],[139.406,35.67003],[139.40595,35.66978],[139.406,35.66953],[139.40632,35.66919],[139.40639,35.66905],[139.40637,35.66898],[139.40619,35.66888],[139.40538,35.66872],[139.40489,35.66848],[139.40469,35.66823],[139.40456,35.66776],[139.40438,35.66744],[139.40421,35.66733],[139.40392,35.6673],[139.40369,35.66721],[139.40328,35.66666],[139.40275,35.66644],[139.40259,35.66631],[139.40255,35.66621],[139.40258,35.66605],[139.40268,35.66592],[139.40287,35.66583],[139.40323,35.66577],[139.40466,35.66572],[139.40536,35.66563],[139.40619,35.66548],[139.40765,35.66511],[139.40819,35.66503],[139.40875,35.665],[139.40994,35.66509],[139.41121,35.66539],[139.41188,35.66562],[139.41318,35.66617],[139.41459,35.66683],[139.41516,35.66716],[139.41558,35.66751],[139.41601,35.66769],[139.41696,35.66787],[139.41782,35.66794],[139.41828,35.66793],[139.41924,35.6678],[139.42026,35.66751],[139.42133,35.66706],[139.4229,35.66632],[139.42419,35.66586],[139.42491,35.66571],[139.4261,35.66556],[139.4269,35.66537],[139.42799,35.66504],[139.42848,35.66502],[139.42861,35.66509],[139.42874,35.6653],[139.42877,35.66591],[139.42861,35.66627],[139.42842,35.66648],[139.42807,35.66672],[139.42801,35.66684],[139.42812,35.66691],[139.4288,35.66699],[139.42896,35.66709],[139.42922,35.66741],[139.42939,35.66791],[139.42948,35.6686],[139.42948,35.66895],[139.42937,35.66961],[139.42927,35.66992],[139.42895,35.6705],[139.42783,35.67178],[139.42768,35.67202],[139.4276,35.67227],[139.42739,35.67244],[139.42678,35.67275],[139.42656,35.67293],[139.42635,35.67321],[139.42599,35.67392],[139.42626,35.67393],[139.42598,35.67415],[139.42597,35.67443],[139.4259,35.67455],[139.42526,35.67487],[139.42513,35.67502],[139.42495,35.67544],[139.42472,35.67578],[139.42439,35.67612],[139.424,35.6764],[139.42369,35.67653],[139.42352,35.67652],[139.42342,35.67645],[139.42345,35.6763],[139.42363,35.67609],[139.42472,35.6751],[139.42488,35.67485],[139.42484,35.67473],[139.42468,35.67478],[139.42404,35.67521],[139.42353,35.67534],[139.42286,35.67578],[139.42183,35.67666],[139.42149,35.67704],[139.42135,35.6773],[139.42113,35.67748],[139.42023,35.67781],[139.41996,35.67799],[139.41934,35.67852],[139.41838,35.67903],[139.41518,35.68028],[139.41398,35.68082],[139.41347,35.68113],[139.41301,35.68152],[139.41275,35.68182],[139.41262,35.68215],[139.41236,35.68241],[139.41191,35.68272],[139.41105,35.68306],[139.40969,35.68339],[139.40733,35.68379],[139.40578,35.68395],[139.404,35.68401],[139.40293,35.68411],[139.40097,35.68442],[139.39751,35.68508],[139.3963,35.68522],[139.39546,35.68518],[139.3952,35.68531],[139.39507,35.68554],[139.39489,35.68569],[139.39408,35.68586],[139.39266,35.6865],[139.39219,35.68664],[139.39179,35.68666],[139.39162,35.68663],[139.39119,35.68642],[139.39077,35.68633],[139.3905,35.68635],[139.39006,35.68649],[139.38945,35.6866],[139.38834,35.68664],[139.38781,35.68659],[139.38724,35.68642],[139.38701,35.68624],[139.38678,35.68594],[139.38658,35.68581],[139.38635,35.68574],[139.38586,35.68569],[139.3857,35.68562],[139.38562,35.6855],[139.38558,35.68527],[139.3855,35.68513],[139.38524,35.68498],[139.38465,35.68479],[139.38443,35.6846],[139.38429,35.68436],[139.38411,35.68425],[139.38385,35.68417],[139.38311,35.68411],[139.38283,35.68399],[139.38273,35.68389],[139.3826,35.68362],[139.38257,35.68345],[139.38266,35.68279],[139.38297,35.68195],[139.38368,35.6806],[139.38384,35.68013],[139.38384,35.67998],[139.38378,35.67988],[139.38368,35.67983],[139.38298,35.67995],[139.38267,35.67995],[139.38249,35.67968],[139.38185,35.67946],[139.3816,35.67928],[139.38151,35.67911],[139.3815,35.67878],[139.38158,35.67848],[139.38185,35.67802],[139.38184,35.67778],[139.38159,35.67731],[139.38113,35.67674],[139.3809,35.67636],[139.38071,35.67582],[139.38069,35.67548],[139.38074,35.67519],[139.38086,35.67495],[139.38105,35.67476],[139.38143,35.67456],[139.3816,35.67432],[139.38169,35.67378],[139.38163,35.67289],[139.38174,35.67251],[139.38189,35.67241],[139.3822,35.67238],[139.38241,35.67231],[139.38317,35.67185],[139.38418,35.67166],[139.38446,35.67145],[139.38481,35.67104],[139.3851,35.67086],[139.38548,35.67072],[139.38634,35.67049],[139.3867,35.67032],[139.38697,35.66988],[139.38788,35.66907],[139.38819,35.66874],[139.38825,35.6685],[139.38819,35.6684],[139.38789,35.66828],[139.38765,35.66825],[139.38725,35.66824],[139.38698,35.66828],[139.38683,35.66838],[139.38678,35.66861],[139.38663,35.6688],[139.38581,35.66908],[139.38553,35.66927],[139.38523,35.66955],[139.38497,35.66964],[139.38467,35.66959],[139.38446,35.66945],[139.38441,35.6692],[139.38447,35.6688],[139.38432,35.66864],[139.38411,35.66859],[139.38374,35.66861],[139.38359,35.66866],[139.3835,35.66874],[139.38348,35.66889],[139.3834,35.669],[139.38299,35.66908],[139.38268,35.66938],[139.38238,35.66948],[139.3821,35.66948],[139.3819,35.66942],[139.38175,35.66904],[139.38156,35.66882],[139.38125,35.66859],[139.381,35.66855],[139.38072,35.6686],[139.38001,35.66896],[139.37947,35.66911],[139.37837,35.66923],[139.37701,35.66922],[139.3763,35.66911],[139.3758,35.66892],[139.37551,35.66864],[139.37529,35.66821],[139.37513,35.66804],[139.37494,35.66798],[139.37448,35.66801],[139.37435,35.66794],[139.37418,35.66765],[139.37396,35.66746],[139.37348,35.6673],[139.3731,35.66729],[139.37302,35.66735],[139.373,35.66745],[139.37313,35.66766],[139.37393,35.66828],[139.37429,35.66868],[139.37475,35.66985],[139.37491,35.67004],[139.37527,35.6703],[139.37539,35.67046],[139.37547,35.67076],[139.37544,35.67098],[139.37533,35.67116],[139.37514,35.67133],[139.37454,35.67158],[139.37425,35.67181],[139.37419,35.672],[139.37426,35.67241],[139.37424,35.67256],[139.37416,35.67267],[139.37388,35.67288],[139.37371,35.67351],[139.3734,35.67364],[139.37269,35.67359],[139.37238,35.67367],[139.37234,35.6738],[139.37249,35.67413],[139.3725,35.67446],[139.3724,35.67469],[139.37213,35.67502],[139.37197,35.67533],[139.37195,35.67551],[139.37202,35.67586],[139.37197,35.67602],[139.37142,35.67659],[139.37129,35.67691],[139.37116,35.67698],[139.37086,35.67699],[139.3692,35.67677],[139.36879,35.67677],[139.36877,35.67684],[139.36893,35.67702],[139.36898,35.67716],[139.36892,35.67756],[139.36905,35.67771],[139.36933,35.67785],[139.37004,35.67803],[139.37093,35.67815],[139.37181,35.67809],[139.37269,35.6783],[139.37288,35.67821],[139.37295,35.67813],[139.37314,35.67756],[139.37328,35.67735],[139.37358,35.67721],[139.37384,35.67724],[139.37405,35.67735],[139.37417,35.67753],[139.37421,35.67778],[139.37416,35.67826],[139.37426,35.67853],[139.37437,35.67864],[139.37468,35.67882],[139.37554,35.67908],[139.37587,35.67922],[139.37612,35.67937],[139.37664,35.67984],[139.37725,35.68016],[139.37743,35.68045],[139.37738,35.68088],[139.3771,35.68142],[139.37689,35.68161],[139.37669,35.68166],[139.37662,35.6818],[139.37662,35.68242],[139.37676,35.68303],[139.37702,35.68341],[139.37751,35.68362],[139.37768,35.68382],[139.37777,35.68433],[139.37771,35.68503],[139.37782,35.6854],[139.37806,35.68565],[139.37823,35.68574],[139.37908,35.68592],[139.37949,35.68618],[139.37967,35.68656],[139.37969,35.68681],[139.37964,35.68702],[139.37951,35.68718],[139.37923,35.68737],[139.37904,35.68757],[139.3789,35.68811],[139.37864,35.68843],[139.37828,35.68858],[139.37765,35.68864],[139.37742,35.68871],[139.37713,35.68892],[139.3767,35.68944],[139.37633,35.68956],[139.37628,35.68973],[139.37636,35.69032],[139.37621,35.69062],[139.37591,35.6908],[139.37535,35.69088],[139.37519,35.69097],[139.37524,35.69144],[139.37519,35.69166],[139.37468,35.69256],[139.37471,35.69265],[139.37488,35.69269],[139.37498,35.69278],[139.37505,35.69304],[139.37506,35.6933],[139.37498,35.69343],[139.37483,35.69353],[139.37459,35.69362],[139.37389,35.69374],[139.37288,35.69379],[139.3712,35.69376],[139.37006,35.69367],[139.3696,35.69358],[139.36922,35.6934],[139.36891,35.69318],[139.36854,35.69281],[139.3684,35.69274],[139.36826,35.69273],[139.36792,35.69279],[139.36746,35.69257],[139.36691,35.69249],[139.36527,35.69257],[139.36411,35.69272],[139.36335,35.69291],[139.36291,35.69289],[139.36266,35.69277],[139.36207,35.69225],[139.36159,35.6921],[139.3612,35.69157],[139.36043,35.69125],[139.36027,35.69095],[139.3603,35.69035],[139.36011,35.6901],[139.35971,35.68992],[139.35944,35.68985],[139.35788,35.68965],[139.35755,35.68952],[139.3574,35.68938],[139.35749,35.68902],[139.35777,35.68883],[139.35785,35.68872],[139.3578,35.68796],[139.35788,35.68789],[139.35806,35.68784],[139.35813,35.6877],[139.35809,35.68644],[139.35825,35.68589],[139.35897,35.68495],[139.35917,35.68458],[139.35949,35.68373],[139.35972,35.68341],[139.36001,35.68318],[139.36019,35.6831],[139.36088,35.68293],[139.36103,35.68277],[139.36101,35.68256],[139.36069,35.68203],[139.36061,35.6818],[139.36059,35.68159],[139.36067,35.68119],[139.36058,35.68098],[139.36041,35.68081],[139.3604,35.68068],[139.36097,35.6804],[139.36114,35.68004],[139.36154,35.67996],[139.36189,35.67964],[139.36238,35.67968],[139.36243,35.67958],[139.36242,35.67947],[139.36226,35.67933],[139.36169,35.67916],[139.36139,35.67898],[139.36126,35.6788],[139.3611,35.67841],[139.36088,35.67821],[139.36057,35.67823],[139.36031,35.67849],[139.36013,35.67856],[139.35976,35.67851],[139.3596,35.6784],[139.35944,35.67811],[139.35939,35.67749],[139.35924,35.67705],[139.35905,35.67678],[139.35841,35.67617],[139.35828,35.67586],[139.35801,35.67578],[139.357,35.67584],[139.35643,35.6758],[139.35614,35.6757],[139.35555,35.67531],[139.35515,35.67519],[139.3551,35.67487],[139.35525,35.67437],[139.3554,35.67412],[139.35567,35.67393],[139.35566,35.67388],[139.35509,35.67361],[139.35494,35.67328],[139.35482,35.67323],[139.35445,35.67319],[139.35429,35.6731],[139.35411,35.67284],[139.35394,35.67235],[139.35381,35.67219],[139.35365,35.6721],[139.35335,35.67206],[139.35317,35.67197],[139.35292,35.67171],[139.35271,35.67132],[139.35251,35.67105],[139.35237,35.67097],[139.35218,35.67094],[139.3521,35.67088],[139.35216,35.6703],[139.35177,35.67],[139.35164,35.66964],[139.35105,35.66938],[139.35074,35.66916],[139.35043,35.66886],[139.35025,35.66852],[139.35027,35.66818],[139.35046,35.66786],[139.35073,35.6676],[139.35099,35.66755],[139.35104,35.6675],[139.35083,35.6671],[139.35086,35.66688],[139.35101,35.66675],[139.35148,35.66651],[139.35164,35.66638],[139.35173,35.66622],[139.3518,35.66587],[139.35193,35.66577],[139.35213,35.66574],[139.35232,35.6656],[139.35318,35.6644],[139.35339,35.66417],[139.35358,35.66407],[139.35385,35.66411],[139.354,35.66403],[139.35412,35.66382],[139.3541,35.66358],[139.35388,35.66338],[139.35362,35.66326],[139.35337,35.66322],[139.35316,35.66328],[139.35298,35.66344],[139.35268,35.66391],[139.35251,35.66405],[139.35232,35.6641],[139.35202,35.66405],[139.35179,35.66416],[139.35168,35.66433],[139.35155,35.66471],[139.35133,35.66494],[139.35112,35.66499],[139.35072,35.66494],[139.35034,35.66495],[139.35012,35.66501],[139.34981,35.66516],[139.34958,35.66539],[139.34949,35.66568],[139.34907,35.66582],[139.34899,35.66597],[139.34893,35.66632],[139.34874,35.66643],[139.34849,35.66638],[139.34821,35.66612],[139.34802,35.66604],[139.34752,35.66598],[139.34685,35.66596],[139.34636,35.66586],[139.34616,35.66574],[139.346,35.66551],[139.34579,35.66537],[139.34523,35.66522],[139.34409,35.66505],[139.34378,35.66491],[139.34374,35.6648],[139.34388,35.66447],[139.34415,35.66414],[139.34473,35.66375],[139.34596,35.66311],[139.34621,35.66292],[139.34646,35.66257],[139.34668,35.66238],[139.34724,35.66208],[139.34827,35.66163],[139.3487,35.66138],[139.34983,35.66045],[139.35049,35.66022],[139.35192,35.65933],[139.35229,35.65917],[139.35258,35.6591],[139.3528,35.65913],[139.35306,35.65928],[139.35324,35.65953],[139.35333,35.65985],[139.35332,35.66006],[139.35323,35.66025],[139.35282,35.66065],[139.35277,35.66078],[139.35298,35.66083],[139.35312,35.66094],[139.35354,35.66172],[139.35372,35.66193],[139.35405,35.66207],[139.35446,35.662],[139.35492,35.66183],[139.35587,35.66124],[139.35613,35.66099],[139.35628,35.66061],[139.35657,35.66043],[139.35666,35.66033],[139.35675,35.65987],[139.35685,35.65977],[139.35705,35.6597],[139.35775,35.6596],[139.35824,35.65957],[139.36259,35.65963],[139.36319,35.65957],[139.3636,35.65941],[139.3637,35.65946],[139.36386,35.65973],[139.36402,35.65985],[139.36438,35.65994],[139.36471,35.65996],[139.36527,35.65989],[139.36576,35.65964],[139.36597,35.65964],[139.36617,35.65976],[139.36633,35.65998],[139.3665,35.66088],[139.36665,35.66116],[139.3668,35.66131],[139.36703,35.66139],[139.36732,35.66141],[139.36825,35.66122],[139.36867,35.66122],[139.36886,35.6613],[139.36904,35.66148],[139.36924,35.6621],[139.36944,35.66214],[139.36981,35.6621],[139.36996,35.66217],[139.3703,35.66279],[139.37053,35.66297],[139.3709,35.66312],[139.37101,35.66325],[139.37117,35.66399],[139.37146,35.66421],[139.37158,35.66442],[139.37171,35.66521],[139.3719,35.66537],[139.3721,35.66539],[139.37226,35.66535],[139.37238,35.66525],[139.37245,35.6651],[139.37244,35.66467],[139.37233,35.66438],[139.37203,35.66386],[139.37202,35.6636],[139.3721,35.66324],[139.37201,35.66315],[139.37177,35.6631],[139.3717,35.663],[139.37162,35.66245],[139.37156,35.66232],[139.37147,35.66225],[139.37127,35.66222],[139.37116,35.66213],[139.37102,35.66186],[139.3709,35.66148],[139.37072,35.66121],[139.37056,35.66112],[139.37013,35.66106],[139.37001,35.66095],[139.36999,35.6608],[139.36991,35.66069],[139.36954,35.66062],[139.36919,35.66043],[139.36875,35.66003],[139.36855,35.65959],[139.36843,35.65954],[139.36799,35.65949],[139.36784,35.65936],[139.3678,35.65922],[139.36788,35.65893],[139.36807,35.65878],[139.36844,35.65863],[139.36855,35.6585],[139.36862,35.65833],[139.36858,35.65782],[139.3683,35.65739],[139.36836,35.65719],[139.36873,35.65676],[139.36975,35.65588],[139.37015,35.6554],[139.37023,35.65508],[139.37024,35.65477],[139.37012,35.65345],[139.37014,35.65287],[139.3702,35.65274],[139.37038,35.65259],[139.37104,35.65237],[139.37113,35.65225],[139.37106,35.65206],[139.37066,35.65168],[139.37009,35.65139],[139.36944,35.65128],[139.36875,35.65132],[139.36826,35.65128],[139.36806,35.65118],[139.36787,35.6509],[139.36776,35.65096],[139.36751,35.65136],[139.36721,35.65161],[139.36679,35.65186],[139.36622,35.65205],[139.36549,35.65217],[139.36457,35.65222],[139.36418,35.65212],[139.36398,35.65184],[139.36235,35.65179],[139.36214,35.65173],[139.36205,35.65164],[139.36202,35.65153],[139.36183,35.65146],[139.36111,35.65152],[139.36067,35.65148],[139.36038,35.65134],[139.35984,35.65092],[139.35897,35.65093],[139.3586,35.651],[139.35821,35.65121],[139.35758,35.65177],[139.35693,35.65205],[139.35684,35.65213],[139.35674,35.65237],[139.35654,35.65241],[139.35617,35.65236],[139.35594,35.65243],[139.35575,35.65267],[139.35568,35.65285],[139.35553,35.65365],[139.35538,35.65416],[139.35513,35.6545],[139.35477,35.65469],[139.35377,35.65477],[139.3535,35.65488],[139.35347,35.65498],[139.35352,35.65513],[139.35384,35.65535],[139.35396,35.6556],[139.35401,35.65617],[139.35392,35.65667],[139.35383,35.65681],[139.35351,35.65703],[139.35345,35.65724],[139.35326,35.65747],[139.35209,35.65846],[139.34989,35.66008],[139.34918,35.66052],[139.34887,35.6606],[139.34831,35.66092],[139.34601,35.6625],[139.34519,35.66292],[139.34425,35.66328],[139.34362,35.66363],[139.3427,35.66425],[139.34042,35.66594],[139.34138,35.66571],[139.34191,35.66532],[139.34227,35.66527],[139.34239,35.66538],[139.34234,35.6658],[139.34201,35.66654],[139.34161,35.66717],[139.34126,35.66749],[139.34116,35.66752],[139.34088,35.6675],[139.34073,35.66742],[139.34067,35.66722],[139.34059,35.66714],[139.34033,35.66708],[139.33995,35.66706],[139.33965,35.66696],[139.3395,35.66681],[139.33932,35.66639],[139.33845,35.66652],[139.33812,35.66651],[139.33793,35.66644],[139.33767,35.66608],[139.33751,35.66596],[139.33666,35.66565],[139.33658,35.66556],[139.33648,35.6653],[139.33584,35.66499],[139.33566,35.6648],[139.33545,35.66445],[139.33529,35.66435],[139.335,35.6643],[139.33491,35.66409],[139.33478,35.664],[139.33427,35.66391],[139.33279,35.66385],[139.33222,35.66372],[139.33203,35.66358],[139.33187,35.66331],[139.33165,35.66309],[139.33039,35.66211],[139.33026,35.66194],[139.33015,35.66169],[139.32996,35.66163],[139.32957,35.66158],[139.3294,35.66151],[139.32886,35.66102],[139.32839,35.66081],[139.32822,35.66068],[139.32807,35.6603],[139.32796,35.65917],[139.32777,35.65886],[139.32742,35.65866],[139.32734,35.65845],[139.32732,35.65816],[139.32739,35.65761],[139.3273,35.65721],[139.32713,35.65705],[139.3266,35.65684],[139.32651,35.65672],[139.32657,35.65641],[139.32652,35.65622],[139.32598,35.65594],[139.32585,35.65567],[139.32589,35.65541],[139.32599,35.65521],[139.32641,35.65468],[139.32657,35.65437],[139.32659,35.65419],[139.32651,35.65374],[139.32673,35.65321],[139.32701,35.65294],[139.32715,35.65291],[139.3274,35.65296],[139.32747,35.65292],[139.32755,35.65258],[139.32763,35.65241],[139.32789,35.65216],[139.32828,35.6519],[139.32854,35.65155],[139.32862,35.65126],[139.32863,35.65079],[139.32847,35.65051],[139.32828,35.65044],[139.3279,35.65051],[139.32764,35.65072],[139.32756,35.65093],[139.32748,35.6516],[139.32735,35.65197],[139.32722,35.6522],[139.32691,35.65238],[139.32603,35.65255],[139.32384,35.6526],[139.32335,35.65265],[139.32317,35.65272],[139.32351,35.65304],[139.32356,35.65332],[139.32348,35.65364],[139.3235,35.65383],[139.32365,35.65406],[139.32405,35.65435],[139.3241,35.65447],[139.32405,35.65464],[139.32407,35.65476],[139.32433,35.65497],[139.32532,35.65545],[139.32555,35.65565],[139.32558,35.65577],[139.32549,35.65599],[139.32508,35.65645],[139.3249,35.65691],[139.32483,35.65729],[139.32485,35.65747],[139.32492,35.6576],[139.32514,35.65776],[139.32519,35.65806],[139.325,35.65853],[139.32489,35.65862],[139.32464,35.65868],[139.32456,35.65875],[139.32455,35.65896],[139.32463,35.65937],[139.32458,35.65958],[139.32435,35.65974],[139.32418,35.65995],[139.32397,35.66055],[139.32378,35.66088],[139.32313,35.66139],[139.323,35.66174],[139.32267,35.66183],[139.32253,35.66194],[139.32209,35.66272],[139.32185,35.66297],[139.32131,35.66321],[139.32064,35.66332],[139.32014,35.66346],[139.31994,35.6636],[139.31975,35.66391],[139.31962,35.66402],[139.31897,35.66432],[139.31888,35.66457],[139.31879,35.66463],[139.31785,35.66459],[139.31771,35.66465],[139.31758,35.6648],[139.3174,35.66492],[139.31621,35.66535],[139.3158,35.66568],[139.31533,35.66653],[139.31519,35.66667],[139.31505,35.66674],[139.31487,35.66671],[139.31479,35.66663],[139.3147,35.66619],[139.31449,35.6664],[139.31436,35.66647],[139.31391,35.6665],[139.31367,35.6664],[139.31362,35.6662],[139.31353,35.6661],[139.31315,35.66595],[139.3126,35.66588],[139.31165,35.66594],[139.31129,35.66577],[139.31083,35.66529],[139.31045,35.66509],[139.30962,35.66493],[139.30856,35.6649],[139.30777,35.6648],[139.30741,35.66465],[139.30702,35.66422],[139.30627,35.66418],[139.30588,35.66397],[139.30574,35.66367],[139.3058,35.66316],[139.30567,35.66301],[139.3052,35.66288],[139.30404,35.6628],[139.30366,35.66264],[139.30356,35.66248],[139.30354,35.66227],[139.30359,35.66216],[139.30382,35.66202],[139.30395,35.66184],[139.30399,35.66135],[139.30388,35.66104],[139.30351,35.66078],[139.30343,35.6605],[139.30333,35.6605],[139.30299,35.66072],[139.30273,35.6608],[139.30244,35.66082],[139.30218,35.66076],[139.302,35.6606],[139.30177,35.66021],[139.30124,35.6598],[139.30108,35.65953],[139.30086,35.65861],[139.30082,35.65802],[139.30086,35.65758],[139.30099,35.65728],[139.30108,35.65718],[139.30145,35.65705],[139.30163,35.65687],[139.30163,35.6567],[139.30147,35.65637],[139.30144,35.65614],[139.30156,35.65581],[139.30182,35.65547],[139.30188,35.65524],[139.30181,35.65502],[139.30138,35.65456],[139.30116,35.65416],[139.30112,35.65385],[139.30119,35.65325],[139.30114,35.65306],[139.30102,35.65295],[139.30074,35.65292],[139.30057,35.65284],[139.30039,35.65263],[139.30032,35.65242],[139.30031,35.6519],[139.30057,35.65112],[139.30062,35.65077],[139.30057,35.65062],[139.30034,35.65047],[139.30026,35.65036],[139.30022,35.64999],[139.30034,35.6498],[139.30065,35.64975],[139.30081,35.64967],[139.30094,35.64947],[139.30085,35.64933],[139.30031,35.64916],[139.30009,35.64901],[139.30005,35.64888],[139.30012,35.64858],[139.30002,35.64845],[139.2995,35.64837],[139.29932,35.64827],[139.29917,35.64809],[139.2991,35.64808],[139.29889,35.64827],[139.29844,35.64837],[139.29672,35.64843],[139.2963,35.64847],[139.29603,35.64855],[139.2958,35.64878],[139.29556,35.64885],[139.29526,35.64878],[139.29505,35.64855],[139.29494,35.64851],[139.29471,35.64855],[139.29439,35.64869],[139.29392,35.64877],[139.29267,35.64869],[139.2924,35.6487],[139.29225,35.64876],[139.29212,35.64897],[139.29191,35.64905],[139.2909,35.64922],[139.29037,35.6494],[139.29013,35.64957],[139.28989,35.64988],[139.2896,35.65013],[139.28867,35.65045],[139.28836,35.65074],[139.28823,35.6508],[139.28787,35.65084],[139.28759,35.65078],[139.28734,35.65062],[139.28709,35.65035],[139.28701,35.65033],[139.28692,35.65062],[139.28661,35.65077],[139.28599,35.65084],[139.28521,35.65081],[139.28459,35.65072],[139.28413,35.65057],[139.28377,35.65034],[139.28357,35.65013],[139.28323,35.64948],[139.2831,35.64895],[139.28319,35.6486],[139.28352,35.64837],[139.28319,35.6483],[139.28311,35.64809],[139.28324,35.64787],[139.28365,35.64759],[139.28368,35.64749],[139.28348,35.64738],[139.28317,35.64732],[139.28243,35.64731],[139.28143,35.64752],[139.28066,35.64787],[139.28033,35.64814],[139.28012,35.64839],[139.27948,35.64954],[139.27909,35.64999],[139.27879,35.65017],[139.27799,35.6504],[139.2776,35.65064],[139.27701,35.65116],[139.27677,35.65124],[139.27664,35.65123],[139.27642,35.65103],[139.27627,35.65064],[139.27613,35.65042],[139.27601,35.65035],[139.27577,35.65031],[139.27569,35.65023],[139.27559,35.64979],[139.27551,35.64974],[139.27526,35.6498],[139.27513,35.64976],[139.27492,35.64958],[139.27451,35.64906],[139.27437,35.64899],[139.27412,35.64895],[139.27404,35.64887],[139.27399,35.6486],[139.2741,35.64841],[139.27436,35.64831],[139.27495,35.64824],[139.27518,35.64808],[139.27526,35.64785],[139.27505,35.64769],[139.2741,35.6476],[139.27383,35.64746],[139.27374,35.6472],[139.27376,35.64703],[139.27398,35.64642],[139.27398,35.64617],[139.2738,35.64606],[139.27364,35.64607],[139.27276,35.64632],[139.27219,35.64641],[139.27173,35.64636],[139.27142,35.64621],[139.27127,35.64597],[139.27124,35.64565],[139.27113,35.64537],[139.27063,35.64497],[139.27051,35.64481],[139.27042,35.64428],[139.27027,35.64395],[139.26971,35.64338],[139.26956,35.64315],[139.26954,35.64282],[139.26971,35.64248],[139.26976,35.64214],[139.26971,35.64192],[139.26952,35.64159],[139.26918,35.64134],[139.26865,35.64123],[139.26854,35.64107],[139.26848,35.64075],[139.26836,35.64061],[139.26763,35.64019],[139.26754,35.64002],[139.26761,35.63985],[139.2676,35.63972],[139.26724,35.63945],[139.26714,35.63902],[139.26703,35.63889],[139.26671,35.63874],[139.26583,35.63852],[139.26554,35.63837],[139.26536,35.63818],[139.26525,35.63783],[139.26527,35.63742],[139.26537,35.63721],[139.26561,35.63704],[139.26571,35.63688],[139.26588,35.63562],[139.26608,35.6353],[139.26633,35.63512],[139.2663,35.63504],[139.2659,35.63498],[139.26515,35.63497],[139.26459,35.63503],[139.26431,35.63516],[139.26424,35.63533],[139.26426,35.63544],[139.26461,35.63586],[139.2647,35.63616],[139.26461,35.63662],[139.26438,35.63705],[139.2642,35.63724],[139.26397,35.63739],[139.26369,35.6375],[139.26284,35.63771],[139.26255,35.63796],[139.26241,35.63802],[139.26212,35.63802],[139.26185,35.63798],[139.26154,35.63779],[139.26139,35.63744],[139.26129,35.63658],[139.2612,35.6364],[139.261,35.63622],[139.2606,35.63609],[139.25982,35.63602],[139.25902,35.63572],[139.25837,35.63562],[139.25779,35.63561],[139.25736,35.63567],[139.25718,35.63575],[139.25691,35.63601],[139.25655,35.63608],[139.25644,35.63621],[139.25633,35.63664],[139.25614,35.63679],[139.25568,35.63698],[139.2555,35.63717],[139.25538,35.6374],[139.25524,35.63749],[139.25494,35.63754],[139.25442,35.63742],[139.25384,35.63719],[139.25354,35.63696],[139.25329,35.63653],[139.25299,35.63571],[139.25276,35.63533],[139.2523,35.63486],[139.25171,35.63449],[139.25137,35.63419],[139.25094,35.63364],[139.25042,35.63268],[139.25011,35.63237],[139.24974,35.63217],[139.24958,35.63183],[139.24952,35.63113],[139.24937,35.63085],[139.2491,35.63068],[139.24892,35.63063],[139.24825,35.63058],[139.24772,35.63042],[139.24738,35.63011],[139.24727,35.62984],[139.24724,35.62963],[139.24736,35.62942],[139.24755,35.62935],[139.24773,35.62921],[139.24788,35.62895],[139.24812,35.62788],[139.24834,35.62738],[139.24856,35.62718],[139.24905,35.627],[139.2492,35.62685],[139.24929,35.62664],[139.24931,35.62637],[139.24923,35.62605],[139.24904,35.62589],[139.24876,35.62586],[139.24856,35.62577],[139.24849,35.62558],[139.24852,35.62541],[139.24883,35.62523],[139.24997,35.62503],[139.25036,35.62489],[139.25049,35.62479],[139.25067,35.62454],[139.25079,35.62384],[139.25098,35.62365],[139.25127,35.62364],[139.25155,35.6237],[139.25178,35.62383],[139.25196,35.62401],[139.25206,35.62422],[139.2521,35.62456],[139.25218,35.62476],[139.25308,35.62589],[139.25375,35.62711],[139.25399,35.62744],[139.25443,35.62775],[139.25506,35.62786],[139.25537,35.62782],[139.25571,35.62753],[139.25614,35.62742],[139.25646,35.62697],[139.25666,35.62684],[139.25695,35.62681],[139.25723,35.62686],[139.25778,35.62712],[139.25809,35.62704],[139.25848,35.62676],[139.25885,35.62639],[139.25914,35.62594],[139.2595,35.62521],[139.25977,35.62493],[139.25993,35.62488],[139.26015,35.6249],[139.2612,35.62525],[139.26163,35.62528],[139.2618,35.62518],[139.26205,35.62466],[139.26229,35.62438],[139.26249,35.62421],[139.26279,35.62408],[139.26346,35.624],[139.26406,35.62402],[139.265,35.62413],[139.26567,35.6243],[139.26597,35.62445],[139.26625,35.62471],[139.26646,35.62501],[139.26664,35.62544],[139.26684,35.62564],[139.26714,35.6258],[139.26755,35.62593],[139.26815,35.62602],[139.26837,35.62594],[139.26841,35.62585],[139.26839,35.6256],[139.26823,35.62511],[139.26818,35.62469],[139.26825,35.62433],[139.26838,35.62415],[139.26875,35.62398],[139.27009,35.62388],[139.27096,35.62365],[139.27128,35.62361],[139.27139,35.62366],[139.27148,35.62395],[139.27197,35.62446],[139.27215,35.62482],[139.27239,35.62566],[139.27273,35.62736],[139.27293,35.62796],[139.27307,35.62817],[139.27324,35.62826],[139.27347,35.62823],[139.27375,35.62809],[139.27456,35.62752],[139.27506,35.62735],[139.27533,35.62737],[139.27544,35.62742],[139.27554,35.62765],[139.27569,35.62776],[139.2765,35.62785],[139.27679,35.62796],[139.27693,35.62806],[139.27699,35.62831],[139.27695,35.62875],[139.27635,35.63086],[139.27629,35.63153],[139.27641,35.63174],[139.27666,35.63186],[139.27675,35.63202],[139.27669,35.63273],[139.27674,35.63289],[139.27686,35.63297],[139.27726,35.63306],[139.27747,35.63321],[139.27808,35.63403],[139.27829,35.63422],[139.27849,35.63433],[139.2787,35.63435],[139.27899,35.63427],[139.27915,35.63414],[139.27948,35.63375],[139.27977,35.6336],[139.28043,35.63347],[139.28102,35.63346],[139.28187,35.63354],[139.28207,35.63361],[139.28212,35.63377],[139.28223,35.63385],[139.28255,35.63391],[139.28302,35.63394],[139.28324,35.63401],[139.28337,35.63422],[139.28329,35.63463],[139.28334,35.63489],[139.28351,35.63508],[139.28369,35.63516],[139.28383,35.63512],[139.28395,35.63498],[139.28406,35.63492],[139.28421,35.6349],[139.2846,35.63496],[139.28483,35.63489],[139.28508,35.63473],[139.28578,35.63403],[139.28612,35.63384],[139.28649,35.63373],[139.2869,35.63371],[139.28742,35.63378],[139.28778,35.63394],[139.28801,35.63417],[139.28829,35.63433],[139.28865,35.6344],[139.28891,35.63438],[139.2891,35.63431],[139.28923,35.63419],[139.28932,35.63371],[139.28948,35.63354],[139.29012,35.63343],[139.29051,35.6332],[139.29076,35.63313],[139.29216,35.63302],[139.29257,35.63285],[139.29272,35.63267],[139.29278,35.63224],[139.29269,35.63195],[139.29249,35.63162],[139.29249,35.63141],[139.29264,35.63123],[139.2929,35.63111],[139.29351,35.63104],[139.29406,35.63118],[139.29461,35.63155],[139.29498,35.63197],[139.29514,35.63243],[139.29556,35.63194],[139.29587,35.63177],[139.29612,35.63173],[139.2964,35.63174],[139.29681,35.63184],[139.29709,35.63195],[139.29748,35.6322],[139.29774,35.63252],[139.29783,35.63277],[139.29789,35.6334],[139.29802,35.63367],[139.29815,35.63379],[139.29836,35.63388],[139.29868,35.63395],[139.29987,35.63401],[139.30039,35.6341],[139.30056,35.63425],[139.30059,35.63468],[139.30095,35.63454],[139.30131,35.63457],[139.30161,35.63471],[139.30184,35.6349],[139.30193,35.63504],[139.302,35.63537],[139.30227,35.63559],[139.30305,35.63584],[139.30348,35.6359],[139.30384,35.63589],[139.30414,35.63581],[139.30449,35.63559],[139.30483,35.63548],[139.30553,35.63538],[139.3064,35.63536],[139.30702,35.63524],[139.30726,35.63509],[139.30741,35.63479],[139.30759,35.63467],[139.30776,35.63472],[139.30824,35.63505],[139.30856,35.63516],[139.30881,35.6351],[139.30908,35.63472],[139.30926,35.63464],[139.30969,35.63465],[139.31027,35.63478],[139.3106,35.63477],[139.31073,35.63473],[139.31096,35.63457],[139.31128,35.63407],[139.31159,35.63382],[139.31198,35.6337],[139.31245,35.63369],[139.31271,35.6338],[139.3129,35.63402],[139.31305,35.6344],[139.31321,35.63512],[139.31334,35.63543],[139.31353,35.63567],[139.3139,35.63589],[139.31445,35.63601],[139.315,35.63596],[139.31539,35.63578],[139.31547,35.63565],[139.31552,35.63541],[139.31567,35.6353],[139.31613,35.6352],[139.31679,35.63519],[139.31724,35.63513],[139.3174,35.63505],[139.31746,35.6349],[139.31763,35.63484],[139.31839,35.63485],[139.31912,35.63496],[139.31953,35.63513],[139.31963,35.63528],[139.31967,35.6355],[139.31976,35.6356],[139.32047,35.63573],[139.32083,35.63598],[139.32098,35.63625],[139.321,35.63657],[139.32087,35.63681],[139.32064,35.63695],[139.32059,35.63703],[139.32082,35.63718],[139.32095,35.63733],[139.32101,35.6377],[139.32108,35.63786],[139.32154,35.63799],[139.32186,35.63829],[139.32233,35.63846],[139.32306,35.63863],[139.32376,35.63866],[139.32395,35.63861],[139.32427,35.63846],[139.32471,35.63797],[139.32491,35.63782],[139.32512,35.63773],[139.32533,35.63771],[139.3255,35.63778],[139.32561,35.63792],[139.32567,35.63816],[139.32571,35.63873],[139.32581,35.6389],[139.32621,35.63873],[139.32653,35.6387],[139.3272,35.63872],[139.32794,35.63884],[139.3284,35.63905],[139.32856,35.63925],[139.32869,35.63954],[139.32882,35.63967],[139.32908,35.63976],[139.32926,35.63974],[139.32936,35.63963],[139.32935,35.63931],[139.32924,35.639],[139.32904,35.63872],[139.3289,35.63861],[139.32857,35.63847],[139.32815,35.6384],[139.32752,35.63838],[139.32716,35.63829],[139.32697,35.63799],[139.32673,35.63777],[139.32559,35.63702],[139.32508,35.63661],[139.32491,35.63638],[139.32479,35.6359],[139.32449,35.6356],[139.32409,35.63542],[139.32337,35.63522],[139.32315,35.63508],[139.32302,35.63492],[139.32286,35.63486],[139.3225,35.63485],[139.32202,35.63491],[139.32165,35.63487],[139.3215,35.63477],[139.32123,35.63438],[139.32087,35.63425],[139.32077,35.634],[139.32074,35.6334],[139.32067,35.63305],[139.32057,35.63291],[139.32039,35.63279],[139.3203,35.63258],[139.32038,35.63197],[139.32037,35.63168],[139.3203,35.63155],[139.32011,35.63144],[139.31994,35.63126],[139.31975,35.63073],[139.31967,35.62929],[139.31974,35.62841],[139.31981,35.6282],[139.32,35.6279],[139.32028,35.62778],[139.32074,35.62773],[139.32093,35.6276],[139.32104,35.62741],[139.32108,35.62702],[139.3212,35.62676],[139.32134,35.62667],[139.3217,35.62663],[139.32186,35.62655],[139.3219,35.62646],[139.32187,35.6263],[139.32177,35.62617],[139.32154,35.62604],[139.32149,35.62586],[139.32166,35.62547],[139.32208,35.62496],[139.32237,35.6247],[139.32269,35.62451],[139.32289,35.62444],[139.32329,35.6244],[139.32349,35.62434],[139.32359,35.62411],[139.32367,35.62403],[139.32383,35.62398],[139.32432,35.62394],[139.32453,35.62386],[139.32475,35.62359],[139.32494,35.62311],[139.3251,35.62298],[139.32531,35.62293],[139.32569,35.62297],[139.32586,35.62291],[139.32595,35.62262],[139.32589,35.62216],[139.32595,35.62181],[139.32607,35.62166],[139.32663,35.62141],[139.32702,35.62105],[139.32727,35.62101],[139.3278,35.62113],[139.32826,35.62133],[139.32864,35.62158],[139.32878,35.62171],[139.32895,35.622],[139.32898,35.62232],[139.32893,35.62263],[139.32899,35.62285],[139.32906,35.62292],[139.32928,35.62299],[139.32975,35.62292],[139.33011,35.62274],[139.33027,35.62257],[139.33049,35.62208],[139.33072,35.62186],[139.33103,35.62179],[139.33159,35.62188],[139.33176,35.62185],[139.33189,35.62174],[139.33207,35.62136],[139.33223,35.62121],[139.33245,35.62111],[139.33292,35.62107],[139.3332,35.62114],[139.33331,35.62122],[139.33346,35.62144],[139.33355,35.62229],[139.33364,35.62254],[139.33378,35.6227],[139.33426,35.62293],[139.33435,35.62318],[139.33447,35.62329],[139.3347,35.62333],[139.335,35.6233],[139.33526,35.62317],[139.33556,35.62289],[139.33593,35.62279],[139.33625,35.62282],[139.33683,35.62298],[139.33712,35.62311],[139.33735,35.62333],[139.33735,35.62358],[139.3372,35.6238],[139.33619,35.62437],[139.33564,35.62487],[139.33544,35.62515],[139.33534,35.62543],[139.33535,35.62571],[139.33554,35.62612],[139.33577,35.62631],[139.33623,35.62647],[139.33681,35.62651],[139.33709,35.62658],[139.33727,35.62671],[139.33737,35.62709],[139.33752,35.62724],[139.33771,35.62724],[139.3381,35.62712],[139.33833,35.62717],[139.33862,35.62748],[139.33883,35.62801],[139.33908,35.62838],[139.33926,35.62851],[139.33957,35.62855],[139.33988,35.62867],[139.34055,35.62922],[139.34106,35.62934],[139.34233,35.6293],[139.34262,35.62934],[139.34282,35.62942],[139.34302,35.62969],[139.34303,35.62996],[139.34296,35.63027],[139.34305,35.63042],[139.34322,35.63041],[139.34383,35.63024],[139.34403,35.63025],[139.34435,35.63043],[139.34455,35.63047],[139.34495,35.63043],[139.34544,35.6303],[139.34572,35.63029],[139.34604,35.63044],[139.34628,35.63075],[139.3466,35.63099],[139.34737,35.63123],[139.34767,35.63142],[139.34806,35.63193],[139.34827,35.63241],[139.34841,35.63291],[139.34846,35.63363],[139.34826,35.63466],[139.34828,35.63478],[139.34842,35.63491],[139.34867,35.63491],[139.34916,35.63479],[139.34945,35.6348],[139.3497,35.63489],[139.35028,35.63527],[139.35058,35.63534],[139.35082,35.63528],[139.35141,35.63489],[139.35171,35.63479],[139.35228,35.63475],[139.35296,35.63482],[139.35349,35.63481],[139.35374,35.63475],[139.35399,35.6346],[139.35421,35.63452],[139.35507,35.63445],[139.35544,35.63451],[139.35585,35.63472],[139.35638,35.63552],[139.35665,35.63571],[139.35779,35.63576],[139.36097,35.63567],[139.36199,35.6356],[139.36278,35.63547],[139.36285,35.63541],[139.36279,35.63531],[139.36281,35.6352],[139.36308,35.63514],[139.36324,35.63506],[139.36385,35.63441],[139.364,35.63431],[139.36439,35.63418],[139.36488,35.63413],[139.366,35.6342],[139.36638,35.63418],[139.36662,35.63412],[139.36677,35.63397],[139.36703,35.63387],[139.36762,35.63383],[139.36794,35.63388],[139.36835,35.63409],[139.36879,35.63459],[139.36914,35.63485],[139.36939,35.63494],[139.36997,35.63499],[139.37048,35.63512],[139.37108,35.63535],[139.37154,35.63562],[139.37172,35.63583],[139.3718,35.63604],[139.37179,35.63625],[139.37171,35.63646],[139.37161,35.63653],[139.37139,35.63658],[139.37134,35.63665],[139.3714,35.63693],[139.37158,35.6371],[139.37176,35.63714],[139.372,35.63713],[139.3724,35.637],[139.37277,35.63675],[139.37331,35.63615],[139.37355,35.63602],[139.37394,35.63598],[139.3743,35.63611],[139.37445,35.63626],[139.37454,35.63647],[139.37451,35.637],[139.37436,35.63734],[139.37394,35.63775],[139.37389,35.63788],[139.37421,35.63797],[139.37455,35.63848],[139.37472,35.63858],[139.37506,35.63865],[139.37554,35.63908],[139.37575,35.63908],[139.37611,35.63875],[139.37628,35.63866],[139.37699,35.63852],[139.37732,35.63826],[139.37742,35.63827],[139.37769,35.63845],[139.37798,35.63856],[139.37848,35.6386],[139.37873,35.63855],[139.37904,35.63834],[139.37955,35.63758],[139.37969,35.6375],[139.37983,35.63748],[139.38051,35.6377],[139.381,35.63795],[139.38123,35.63812],[139.38143,35.63837],[139.38152,35.63875],[139.38164,35.63886],[139.38201,35.63901],[139.38219,35.63914],[139.38236,35.63932],[139.38289,35.64016],[139.38308,35.64033],[139.38339,35.6405],[139.38386,35.64063],[139.3846,35.64069],[139.38482,35.6408],[139.38503,35.64103],[139.38526,35.6411],[139.38539,35.64109],[139.38552,35.641],[139.38561,35.64065],[139.38596,35.64049],[139.38666,35.64043],[139.38725,35.64046],[139.3875,35.6405],[139.38791,35.64065],[139.3882,35.64088],[139.38868,35.64174],[139.38924,35.64223],[139.38939,35.64265],[139.38949,35.64365],[139.38974,35.64407],[139.39002,35.64425],[139.39051,35.64445],[139.3908,35.64464],[139.39137,35.64527],[139.39176,35.64557],[139.39206,35.64569],[139.39255,35.6458],[139.39278,35.64591],[139.39298,35.64616],[139.39301,35.64647],[139.39312,35.64668],[139.39327,35.64675],[139.39372,35.64683],[139.3939,35.64699],[139.39416,35.64738],[139.39434,35.64745],[139.39446,35.64743],[139.39451,35.64727],[139.39429,35.64656],[139.39445,35.64627],[139.39471,35.64613],[139.39535,35.64597],[139.39573,35.64596],[139.39618,35.64603],[139.3963,35.64595],[139.3963,35.64579],[139.39612,35.64551],[139.39562,35.64504],[139.39549,35.64472],[139.39539,35.64465],[139.39497,35.64465],[139.39401,35.64479],[139.3938,35.64478],[139.39349,35.64464],[139.39339,35.64452],[139.39328,35.64418],[139.39331,35.64359],[139.39342,35.64325],[139.39353,35.64316],[139.39374,35.64311],[139.39388,35.64299],[139.39423,35.64241],[139.39448,35.64215],[139.39466,35.64206],[139.39497,35.64202],[139.39515,35.64192],[139.39532,35.64173],[139.39566,35.64113],[139.39601,35.64088],[139.39625,35.64079],[139.39687,35.64064],[139.39839,35.64051],[139.39927,35.64039],[139.39988,35.64023],[139.40024,35.64004],[139.40036,35.6399],[139.40037,35.63974],[139.40028,35.63959],[139.40013,35.6395],[139.3999,35.63949],[139.39927,35.63965],[139.39883,35.63969],[139.39858,35.63965],[139.39828,35.63949],[139.39808,35.63932],[139.39801,35.63915],[139.39805,35.63896],[139.3982,35.63871],[139.39848,35.63839],[139.39873,35.63821],[139.39906,35.63809],[139.39946,35.63802],[139.40057,35.63805],[139.4011,35.63816],[139.40151,35.63829],[139.40168,35.63828],[139.40177,35.63808],[139.40169,35.6376],[139.40175,35.63739],[139.40205,35.63729],[139.40219,35.6372],[139.40256,35.63672],[139.40292,35.63642],[139.40383,35.63596],[139.40414,35.63572],[139.40444,35.63526],[139.40458,35.6347],[139.40476,35.63423],[139.40493,35.63399],[139.40519,35.63374],[139.40523,35.63362],[139.40502,35.63353],[139.40455,35.6335],[139.40411,35.63341],[139.40386,35.63329],[139.40336,35.63294],[139.40304,35.63283],[139.40291,35.63284],[139.40274,35.63294],[139.40253,35.63328],[139.40235,35.63344],[139.40209,35.6335],[139.4019,35.63349],[139.4017,35.63333],[139.40161,35.63275],[139.40146,35.63252],[139.40127,35.63247],[139.40077,35.63252],[139.40059,35.63251],[139.40024,35.63228],[139.40013,35.63233],[139.39985,35.63261],[139.39963,35.63276],[139.39832,35.63326],[139.39815,35.63348],[139.39821,35.63372],[139.39815,35.63391],[139.39795,35.63404],[139.39766,35.63408],[139.39746,35.634],[139.39723,35.63364],[139.3971,35.63351],[139.39685,35.63339],[139.39646,35.63329],[139.39595,35.63328],[139.39579,35.63336],[139.39562,35.63356],[139.3954,35.63363],[139.39507,35.63361],[139.39481,35.63353],[139.39459,35.63341],[139.39444,35.63322],[139.39422,35.63263],[139.39406,35.63251],[139.39371,35.63269],[139.39346,35.63278],[139.39307,35.63279],[139.39287,35.63272],[139.3928,35.6326],[139.39285,35.63239],[139.39326,35.63211],[139.39337,35.63181],[139.39348,35.63168],[139.39411,35.6314],[139.39418,35.63125],[139.39416,35.63111],[139.39406,35.63107],[139.3938,35.63114],[139.39355,35.63109],[139.39281,35.63063],[139.39167,35.63028],[139.39154,35.63009],[139.39157,35.62976],[139.39142,35.62959],[139.39017,35.62891],[139.38999,35.62874],[139.38968,35.62827],[139.38918,35.62791],[139.38913,35.62774],[139.38932,35.6275],[139.38938,35.62732],[139.38933,35.62694],[139.38916,35.62643],[139.38911,35.62602],[139.38916,35.6253],[139.38933,35.62449],[139.38932,35.62404],[139.38927,35.62384],[139.38907,35.62351],[139.38837,35.62296],[139.38816,35.62267],[139.38824,35.62242],[139.3887,35.62196],[139.38876,35.62184],[139.38869,35.62177],[139.38824,35.62172],[139.38786,35.62156],[139.38764,35.62136],[139.38714,35.62078],[139.3869,35.62062],[139.38676,35.6206],[139.38665,35.62065],[139.38688,35.62092],[139.38697,35.62115],[139.38691,35.62156],[139.38672,35.62179],[139.38643,35.62187],[139.38604,35.62181],[139.38578,35.62182],[139.3857,35.62188],[139.3856,35.62211],[139.38541,35.62217],[139.38495,35.62222],[139.38455,35.62251],[139.38413,35.62255],[139.38327,35.62248],[139.38282,35.62248],[139.38267,35.62254],[139.3826,35.62275],[139.38251,35.62283],[139.38206,35.62298],[139.38167,35.62294],[139.38088,35.62262],[139.38056,35.62255],[139.38045,35.62262],[139.38041,35.62284],[139.38033,35.62295],[139.38017,35.62303],[139.37981,35.62306],[139.37958,35.62304],[139.37938,35.62295],[139.37929,35.6227],[139.37913,35.62257],[139.37886,35.62248],[139.37863,35.62245],[139.37854,35.62249],[139.37841,35.62275],[139.37786,35.62304],[139.37698,35.62333],[139.37632,35.62341],[139.3761,35.62337],[139.37587,35.62324],[139.37578,35.62312],[139.37573,35.62281],[139.37565,35.62265],[139.37525,35.62253],[139.37499,35.62213],[139.37485,35.62202],[139.37456,35.62192],[139.37417,35.6219],[139.37392,35.62184],[139.37383,35.62176],[139.3738,35.6216],[139.37373,35.6215],[139.37335,35.62139],[139.37327,35.62123],[139.37324,35.62095],[139.37318,35.62088],[139.37272,35.6209],[139.37245,35.62078],[139.37214,35.62055],[139.37175,35.62042],[139.37145,35.62041],[139.37096,35.62045],[139.37072,35.6204],[139.37053,35.62017],[139.3705,35.61978],[139.37038,35.61945],[139.37024,35.61929],[139.36982,35.61899],[139.36969,35.61877],[139.3697,35.61866],[139.36982,35.61852],[139.37025,35.61835],[139.37044,35.6182],[139.37052,35.61799],[139.3705,35.61779],[139.37039,35.61775],[139.37006,35.61796],[139.3698,35.61804],[139.3695,35.61806],[139.36934,35.61802],[139.36918,35.61785],[139.36913,35.61745],[139.36902,35.61721],[139.36888,35.6171],[139.3686,35.61699],[139.3685,35.61688],[139.36852,35.61664],[139.36871,35.61621],[139.3687,35.61601],[139.3686,35.61582],[139.36832,35.61555],[139.36818,35.61533],[139.36806,35.61476],[139.36815,35.61409],[139.36824,35.61395],[139.36843,35.61381],[139.36833,35.61368],[139.36777,35.6134],[139.36762,35.61326],[139.36753,35.61311],[139.36757,35.61273],[139.3677,35.61258],[139.36793,35.61244],[139.3677,35.61241],[139.36757,35.61235],[139.36747,35.61202],[139.36716,35.6118],[139.36708,35.61167],[139.36709,35.61132],[139.36725,35.61062],[139.3657,35.61046],[139.365,35.61033],[139.36481,35.61024],[139.36469,35.60994],[139.36434,35.6097],[139.36432,35.60956],[139.36441,35.6093],[139.36404,35.60898],[139.36396,35.60873],[139.36397,35.60841],[139.36415,35.60806],[139.36457,35.60777],[139.36462,35.60764],[139.36441,35.6075],[139.3643,35.60736],[139.36396,35.60626],[139.36379,35.60597],[139.3636,35.6058],[139.36348,35.60578],[139.36338,35.60582],[139.36304,35.60632],[139.36256,35.60661],[139.36221,35.60665],[139.36157,35.60647],[139.36135,35.60649],[139.36131,35.60661],[139.36138,35.60702],[139.36127,35.60728],[139.36101,35.60746],[139.36062,35.60753],[139.3603,35.60748],[139.35993,35.60736],[139.35926,35.60702],[139.35902,35.60677],[139.35897,35.60644],[139.35887,35.60623],[139.35862,35.606],[139.35837,35.60589],[139.35809,35.60585],[139.3578,35.60588],[139.3576,35.606],[139.35742,35.6063],[139.35728,35.60641],[139.35699,35.60651],[139.35672,35.60652],[139.35626,35.60641],[139.35608,35.60629],[139.35573,35.60594],[139.35533,35.60581],[139.35528,35.60567],[139.3553,35.60541],[139.35561,35.60445],[139.35587,35.60407],[139.35633,35.60379],[139.35641,35.60359],[139.35638,35.60238],[139.35645,35.60226],[139.35677,35.60217],[139.35682,35.60198],[139.35677,35.6019],[139.35665,35.60186],[139.35607,35.60193],[139.35578,35.60192],[139.35564,35.60186],[139.35538,35.6016],[139.35498,35.60151],[139.35481,35.60114],[139.35439,35.60103],[139.35434,35.60065],[139.35399,35.60081],[139.35385,35.60096],[139.35357,35.60178],[139.35334,35.60203],[139.35319,35.60213],[139.35279,35.60227],[139.35182,35.60242],[139.3514,35.60259],[139.3513,35.60274],[139.35121,35.60319],[139.35098,35.60362],[139.35066,35.60397],[139.35004,35.60427],[139.34992,35.60446],[139.34988,35.60475],[139.34972,35.6049],[139.34941,35.60487],[139.34913,35.6046],[139.34876,35.60447],[139.34738,35.60426],[139.34691,35.60413],[139.34654,35.60382],[139.34585,35.60361],[139.34556,35.60346],[139.34525,35.60303],[139.34512,35.60293],[139.34486,35.60287],[139.34466,35.60291],[139.34447,35.60312],[139.3443,35.6035],[139.34387,35.60521],[139.34373,35.6056],[139.34352,35.60594],[139.3432,35.60621],[139.34272,35.6064],[139.3426,35.60649],[139.34255,35.60668],[139.3426,35.60692],[139.34252,35.60703],[139.34217,35.60713],[139.34129,35.60717],[139.34107,35.60724],[139.3409,35.60738],[139.34089,35.60768],[139.34119,35.60829],[139.34123,35.60862],[139.34117,35.60874],[139.34101,35.60886],[139.3405,35.60895],[139.3404,35.60902],[139.34041,35.60923],[139.3406,35.60964],[139.34055,35.6099],[139.34007,35.61025],[139.33995,35.61042],[139.33991,35.61063],[139.33975,35.61072],[139.33947,35.61069],[139.33939,35.61058],[139.33937,35.61043],[139.33926,35.61032],[139.33892,35.61028],[139.33869,35.61034],[139.33857,35.6105],[139.33855,35.61073],[139.33847,35.61089],[139.33814,35.61099],[139.3385,35.61147],[139.33855,35.6117],[139.33851,35.61192],[139.33835,35.61205],[139.33797,35.61209],[139.33762,35.61222],[139.33723,35.61247],[139.33698,35.61273],[139.33681,35.61313],[139.33672,35.61367],[139.33677,35.61568],[139.33672,35.61608],[139.33662,35.61632],[139.3364,35.61647],[139.33614,35.61655],[139.33584,35.61657],[139.33559,35.61653],[139.33541,35.61642],[139.33515,35.61616],[139.33474,35.61608],[139.33461,35.61575],[139.3344,35.61558],[139.33404,35.61541],[139.33374,35.6154],[139.33322,35.61565],[139.33241,35.61642],[139.33179,35.61687],[139.33117,35.6171],[139.33058,35.61715],[139.33026,35.61714],[139.32987,35.61703],[139.32968,35.61691],[139.32949,35.61671],[139.32941,35.61648],[139.32944,35.61623],[139.32954,35.61602],[139.32977,35.61578],[139.32981,35.61563],[139.32961,35.61525],[139.32926,35.61498],[139.3288,35.61489],[139.32803,35.61503],[139.3276,35.615],[139.32743,35.61488],[139.32729,35.61458],[139.32711,35.61437],[139.32647,35.6142],[139.32622,35.61398],[139.32593,35.61359],[139.32577,35.61346],[139.32558,35.61339],[139.32512,35.61342],[139.32494,35.61352],[139.32482,35.61367],[139.32463,35.61375],[139.32438,35.61372],[139.3241,35.61361],[139.32395,35.61339],[139.3239,35.61299],[139.32374,35.61274],[139.32355,35.61263],[139.32296,35.61246],[139.3228,35.61237],[139.32266,35.61221],[139.32261,35.61177],[139.32272,35.61063],[139.32262,35.61029],[139.32255,35.61024],[139.32227,35.61019],[139.32213,35.61012],[139.32204,35.61],[139.32197,35.6096],[139.32177,35.60942],[139.32119,35.60924],[139.32012,35.60908],[139.31994,35.60902],[139.31971,35.60887],[139.31965,35.60868],[139.31981,35.60831],[139.31998,35.60818],[139.32019,35.60816],[139.32039,35.60807],[139.32067,35.60779],[139.32075,35.60762],[139.3207,35.60737],[139.32037,35.60703],[139.3203,35.60674],[139.32038,35.60653],[139.32042,35.60648],[139.31983,35.60626],[139.31986,35.6061],[139.32007,35.60583],[139.32002,35.60573],[139.31988,35.60578],[139.31972,35.60599],[139.31935,35.60593],[139.31896,35.60609],[139.31861,35.60596],[139.31817,35.60595],[139.318,35.60571],[139.31785,35.60564],[139.31728,35.60579],[139.3172,35.60573],[139.3172,35.60546],[139.31712,35.60538],[139.31678,35.60555],[139.31638,35.60531],[139.31576,35.60532],[139.31549,35.60527],[139.31491,35.6055],[139.31462,35.60548],[139.31447,35.60534],[139.31474,35.60519],[139.31477,35.60509],[139.3144,35.60473],[139.31443,35.60441],[139.31428,35.6043],[139.31403,35.60435],[139.31364,35.60467],[139.3133,35.60438],[139.31311,35.60433],[139.31304,35.60438],[139.31307,35.60465],[139.3128,35.60468],[139.31139,35.60431],[139.30923,35.60422],[139.30804,35.60456],[139.3076,35.60479],[139.30761,35.60493],[139.3079,35.60519],[139.30771,35.60534],[139.3071,35.60536],[139.30711,35.60509],[139.30662,35.60538],[139.30614,35.60547],[139.30601,35.60539],[139.30594,35.60514],[139.30553,35.60494],[139.30502,35.60507],[139.30504,35.60537],[139.30452,35.60527],[139.30449,35.6051],[139.30474,35.60493],[139.30484,35.60473],[139.30419,35.60462],[139.30364,35.60472],[139.30365,35.60493],[139.30352,35.60513],[139.30242,35.60547],[139.30168,35.60598],[139.3015,35.60597],[139.30124,35.60577],[139.30107,35.60582],[139.30098,35.60624],[139.30127,35.6064],[139.30116,35.6065],[139.30088,35.60657],[139.30036,35.60615],[139.29917,35.60624],[139.29918,35.60659],[139.29901,35.6069],[139.29843,35.60708],[139.29848,35.60732],[139.29871,35.60748],[139.29875,35.60764],[139.29829,35.60769],[139.29803,35.60793],[139.29715,35.60792],[139.297,35.608],[139.29671,35.60898],[139.29686,35.6094],[139.2966,35.60994],[139.29637,35.61004],[139.29611,35.61028],[139.29591,35.61028],[139.29565,35.61016],[139.29529,35.61026],[139.29466,35.61097],[139.29435,35.61117],[139.2942,35.61119],[139.29424,35.61089],[139.29368,35.61089],[139.29358,35.61071],[139.2933,35.61067],[139.29296,35.61087],[139.29285,35.61108],[139.2926,35.61109],[139.29252,35.61118],[139.29244,35.61134],[139.29266,35.61169],[139.29254,35.61184],[139.29214,35.61173],[139.29219,35.61194],[139.29142,35.61219],[139.29132,35.61195],[139.2912,35.61192],[139.29099,35.61203],[139.29104,35.61229],[139.2904,35.61235],[139.29016,35.61258],[139.29005,35.61255],[139.28992,35.61209],[139.28962,35.61196],[139.28934,35.61212],[139.28895,35.61208],[139.28861,35.61221],[139.28825,35.61219],[139.28802,35.61239],[139.28757,35.61246],[139.28732,35.6126],[139.286,35.61251],[139.28584,35.61298],[139.28552,35.61308],[139.28541,35.61332],[139.28525,35.61339],[139.28483,35.61328],[139.28483,35.61307],[139.28463,35.61293],[139.28416,35.61333],[139.28392,35.61326],[139.28377,35.61301],[139.28357,35.61314],[139.28281,35.61327],[139.28267,35.61319],[139.28266,35.61303],[139.28226,35.61302],[139.28156,35.61284],[139.28134,35.61266],[139.28093,35.6125],[139.2808,35.61226],[139.28038,35.61195],[139.28029,35.61169],[139.27988,35.61148],[139.279,35.61139],[139.27755,35.61154],[139.27653,35.61095],[139.27603,35.61085],[139.27406,35.61102],[139.27353,35.61067],[139.27272,35.61035],[139.27212,35.61038],[139.27181,35.61029],[139.27125,35.6098],[139.27065,35.60979],[139.2695,35.60943],[139.26827,35.60924],[139.26738,35.6083],[139.26644,35.60824],[139.26616,35.60811],[139.26589,35.60756],[139.26583,35.60676],[139.26614,35.60563],[139.266,35.60517],[139.26565,35.60467],[139.26544,35.60404],[139.26515,35.60373],[139.26507,35.6031],[139.26478,35.60246],[139.26401,35.60248],[139.26349,35.60235],[139.26214,35.60296],[139.26183,35.60301],[139.2612,35.60287],[139.25972,35.60354],[139.25877,35.60365],[139.25798,35.60416],[139.25771,35.60423],[139.25684,35.60398],[139.25564,35.60314],[139.25526,35.60297],[139.25355,35.60246],[139.25298,35.60199],[139.25222,35.60167],[139.2512,35.60252],[139.25075,35.6032],[139.24925,35.60366],[139.24835,35.60455],[139.24722,35.6051],[139.24687,35.60522],[139.24577,35.60509],[139.24549,35.60513],[139.24424,35.60576],[139.24283,35.60625],[139.24197,35.60634],[139.24059,35.60625],[139.23974,35.60658],[139.23906,35.60672],[139.23864,35.60698],[139.23827,35.60746],[139.23809,35.60788],[139.23798,35.60935],[139.2378,35.6098],[139.23755,35.60986],[139.23677,35.60974],[139.2365,35.60984],[139.23455,35.61169],[139.23307,35.61226],[139.23249,35.61287],[139.23155,35.61334],[139.23087,35.61394],[139.22988,35.61457],[139.22987,35.61477],[139.23016,35.61552],[139.23048,35.6169],[139.23038,35.61713],[139.23011,35.61743],[139.22966,35.61899],[139.22924,35.61951],[139.22887,35.62023],[139.22859,35.62053],[139.22817,35.62075],[139.22783,35.62074],[139.22758,35.62082],[139.22721,35.6211],[139.2265,35.6221],[139.22617,35.62232],[139.22601,35.62261],[139.22606,35.6233],[139.22591,35.62348],[139.22545,35.62375],[139.22345,35.62464],[139.2225,35.625],[139.22023,35.62557],[139.21964,35.6259],[139.21942,35.62623],[139.21948,35.62668],[139.22016,35.6276],[139.22115,35.62856],[139.22147,35.62916],[139.22143,35.62947],[139.2211,35.63004],[139.22078,35.63032],[139.22074,35.63061],[139.2199,35.63114],[139.21916,35.63197],[139.2188,35.63268],[139.21867,35.63345],[139.21854,35.63365],[139.21782,35.63383],[139.21728,35.63428],[139.21679,35.63448],[139.21665,35.63474],[139.21664,35.63536],[139.21643,35.63597],[139.21613,35.63643],[139.21562,35.63679],[139.21537,35.63708],[139.21525,35.63792],[139.21552,35.63927],[139.21506,35.64054],[139.21443,35.64155],[139.21481,35.6428],[139.21481,35.64396],[139.21574,35.64537],[139.21573,35.64556],[139.21546,35.64612],[139.21489,35.64656],[139.21479,35.64694],[139.21424,35.64719],[139.21367,35.64778],[139.21274,35.64811],[139.21207,35.64856],[139.21146,35.64912],[139.21104,35.6492],[139.20994,35.6492],[139.20912,35.64951],[139.20816,35.64952],[139.20732,35.64972],[139.20672,35.65004],[139.20639,35.65062],[139.20564,35.65136],[139.20506,35.65162],[139.20424,35.65158],[139.20356,35.65169],[139.20307,35.65239],[139.20258,35.65246],[139.20236,35.65264],[139.20211,35.65301],[139.20195,35.65294],[139.20162,35.65261],[139.20131,35.65254],[139.20032,35.65258],[139.19974,35.65294],[139.19918,35.65286],[139.19849,35.65302],[139.19826,35.653],[139.1979,35.6529],[139.19707,35.65245],[139.19671,35.65193],[139.19628,35.65168],[139.19602,35.65142],[139.19573,35.65129],[139.19523,35.65124],[139.19481,35.65133],[139.1946,35.65142],[139.19412,35.65182],[139.19399,35.65178],[139.19385,35.65156],[139.19247,35.65026],[139.19217,35.64829],[139.19182,35.64761],[139.19153,35.6474],[139.19092,35.64729],[139.19023,35.64675],[139.18983,35.64653],[139.18919,35.64642],[139.18794,35.64655],[139.1872,35.64623],[139.18628,35.64607],[139.18423,35.64507],[139.18318,35.64538],[139.18246,35.64547],[139.18137,35.64574],[139.17909,35.64557],[139.17802,35.64654],[139.17747,35.64691],[139.17699,35.64755],[139.17612,35.64819],[139.17599,35.64842],[139.17585,35.64916],[139.17549,35.64955],[139.17495,35.64989],[139.17438,35.65004],[139.17374,35.65035],[139.17332,35.65044],[139.17179,35.65034],[139.17085,35.65071],[139.16957,35.65149],[139.16934,35.65148],[139.16873,35.65118],[139.16804,35.65116],[139.16721,35.65099],[139.16695,35.65107],[139.16666,35.65185],[139.16659,35.65234],[139.16686,35.65289],[139.16766,35.65358],[139.16784,35.65386],[139.16795,35.65456],[139.16796,35.65576],[139.16863,35.65682],[139.16857,35.65726],[139.16834,35.65775],[139.16836,35.65856],[139.16725,35.65909],[139.16702,35.6593],[139.16693,35.65962],[139.16693,35.66064],[139.16723,35.66176],[139.16636,35.6622],[139.16611,35.66283],[139.16542,35.66303],[139.16513,35.66334],[139.16493,35.66416],[139.16514,35.66496],[139.16498,35.66528],[139.16422,35.66554],[139.16398,35.66588],[139.16384,35.66627],[139.16367,35.66645],[139.16325,35.66662],[139.16265,35.66674],[139.1621,35.66698],[139.16174,35.6674],[139.1616,35.66791],[139.16026,35.66776],[139.15934,35.66752],[139.15838,35.66707],[139.15759,35.66688],[139.15708,35.66646],[139.15673,35.66645],[139.15635,35.66659],[139.15588,35.66658],[139.1536,35.66602],[139.15289,35.66639],[139.1514,35.66672],[139.14716,35.66682],[139.14626,35.66711],[139.14567,35.66747],[139.14436,35.66859],[139.14344,35.66888],[139.14315,35.66903],[139.14282,35.66954],[139.14285,35.66996],[139.14279,35.67001],[139.14123,35.6704],[139.14076,35.67058],[139.14026,35.67061],[139.13931,35.67045],[139.13893,35.67054],[139.13812,35.67136],[139.13673,35.67241],[139.13634,35.67245],[139.13599,35.67235],[139.1356,35.67234],[139.13352,35.6729],[139.13191,35.67238],[139.13134,35.67199],[139.13104,35.67205],[139.13065,35.67284],[139.12974,35.67372],[139.12962,35.6742],[139.12872,35.67538],[139.12739,35.67651],[139.12685,35.67686],[139.12547,35.67738],[139.12483,35.67771],[139.12435,35.67777],[139.12413,35.67774],[139.12357,35.67747],[139.12333,35.67752],[139.12271,35.67838],[139.12234,35.6787],[139.12143,35.67929],[139.12097,35.67946],[139.1204,35.67991],[139.11971,35.68013],[139.11952,35.6803],[139.11926,35.68066],[139.11919,35.68107],[139.11893,35.68149],[139.11691,35.68331],[139.11649,35.68382],[139.11503,35.68407],[139.11438,35.68436],[139.11363,35.68436],[139.11322,35.6846],[139.11302,35.68481],[139.11262,35.68496],[139.11228,35.68543],[139.11116,35.68648],[139.11087,35.68716],[139.11049,35.68774],[139.10993,35.68806],[139.10909,35.68873],[139.10826,35.68974],[139.10716,35.69037],[139.1063,35.69067],[139.10586,35.69098],[139.10562,35.69102],[139.10502,35.69085],[139.10472,35.6909],[139.10388,35.69113],[139.10332,35.69139],[139.10002,35.69201],[139.09928,35.69235],[139.09887,35.69236],[139.09832,35.69224],[139.09741,35.69233],[139.09711,35.69227],[139.0967,35.692],[139.09571,35.69112],[139.09542,35.69107],[139.09466,35.69138],[139.09389,35.69131],[139.09354,35.69148],[139.09311,35.69151],[139.09281,35.69132],[139.09225,35.69057],[139.09211,35.69055],[139.09105,35.69091],[139.09013,35.69109],[139.08918,35.69147],[139.08813,35.69163],[139.08767,35.6918],[139.087,35.6921],[139.08611,35.6929],[139.08579,35.69308],[139.0844,35.69308],[139.08358,35.69438],[139.08307,35.69452],[139.08228,35.69538],[139.08201,35.69555],[139.08135,35.69552],[139.08083,35.69564],[139.07994,35.6956],[139.07869,35.69573],[139.07816,35.69571],[139.0771,35.6951],[139.07632,35.69489],[139.07549,35.69497],[139.07511,35.6954],[139.07481,35.69556],[139.07429,35.69558],[139.07353,35.69538],[139.07221,35.69536],[139.07211,35.69541],[139.07154,35.69651],[139.07105,35.69704],[139.07069,35.69759],[139.06897,35.69791],[139.06785,35.69831],[139.06739,35.69829],[139.06674,35.6984],[139.06651,35.69835],[139.0663,35.69808],[139.06586,35.69785],[139.06531,35.69784],[139.06486,35.69815],[139.06425,35.69927],[139.06312,35.70046],[139.06272,35.70073],[139.06143,35.70131],[139.05854,35.70207],[139.05777,35.70255],[139.05592,35.70316],[139.05318,35.70459],[139.05262,35.70481],[139.05209,35.70483],[139.05176,35.70599],[139.05104,35.70679],[139.05068,35.70737],[139.05033,35.70734],[139.04997,35.70749],[139.04967,35.70774],[139.04905,35.70779],[139.04842,35.70801],[139.04795,35.70834],[139.04771,35.70896],[139.04738,35.70925],[139.04667,35.70948],[139.04625,35.70938],[139.04572,35.70948],[139.04388,35.70947],[139.04338,35.70957],[139.04304,35.70978],[139.04284,35.70975],[139.04215,35.71022],[139.04114,35.71071],[139.04069,35.71087],[139.04014,35.71088],[139.03957,35.71108],[139.03903,35.71112],[139.03888,35.7112],[139.03822,35.71177],[139.03758,35.71275],[139.03717,35.71301],[139.03664,35.71322],[139.03616,35.71353],[139.03478,35.71496],[139.03361,35.71541],[139.03331,35.71558],[139.03292,35.71597],[139.03235,35.71621],[139.03139,35.71632],[139.03001,35.71632],[139.02898,35.71677],[139.02806,35.71747],[139.0268,35.71817],[139.02651,35.71857],[139.02547,35.71915],[139.02485,35.7197],[139.02412,35.72053],[139.02377,35.72107],[139.02294,35.7216],[139.02253,35.72199],[139.02208,35.72266],[139.02195,35.72301],[139.02199,35.72384],[139.02213,35.72441],[139.02207,35.7248],[139.0209,35.72728],[139.02048,35.72779],[139.01917,35.72898],[139.01848,35.72987],[139.01804,35.7306],[139.01793,35.73122],[139.01666,35.73203],[139.01575,35.73311],[139.01512,35.73316],[139.01498,35.73323],[139.01452,35.73436],[139.01379,35.73499],[139.01343,35.73607],[139.01291,35.73688],[139.01242,35.73849],[139.01211,35.7388],[139.01188,35.73886],[139.01143,35.74059],[139.01068,35.74122],[139.01063,35.74179],[139.01039,35.74229],[139.00947,35.74354],[139.00859,35.7444],[139.0081,35.74562],[139.00762,35.74581],[139.00712,35.74627],[139.00602,35.74767],[139.00518,35.74896],[139.00502,35.74958],[139.00516,35.75045],[139.00382,35.75056],[139.00321,35.7505],[139.00215,35.75012],[139.00038,35.75049],[138.99968,35.75087],[138.9985,35.7513],[138.99779,35.7518],[138.99722,35.75198],[138.99653,35.75255],[138.99603,35.7533],[138.99561,35.75377],[138.99257,35.75538],[138.99243,35.75552],[138.99243,35.75575],[138.99275,35.75696],[138.99275,35.75758],[138.9925,35.75793],[138.99168,35.75869],[138.9911,35.75936],[138.99064,35.7608],[138.99013,35.7615],[138.98996,35.7623],[138.9896,35.76289],[138.98936,35.76349],[138.98898,35.76384],[138.98824,35.76419],[138.98782,35.76471],[138.98734,35.76503],[138.98715,35.76529],[138.98688,35.76594],[138.98651,35.76646],[138.98532,35.76705],[138.9844,35.76776],[138.9843,35.76799],[138.98428,35.76878],[138.98421,35.76898],[138.98384,35.76927],[138.98377,35.76948],[138.98395,35.77096],[138.98366,35.77223],[138.98389,35.77277],[138.98423,35.77324],[138.98511,35.77395],[138.98532,35.77442],[138.98568,35.77725],[138.98562,35.77798],[138.98596,35.77849],[138.98613,35.77978],[138.9867,35.78089],[138.98671,35.78123],[138.98608,35.78152],[138.9861,35.78166],[138.98635,35.78195],[138.98643,35.78225],[138.98605,35.78268],[138.98479,35.78363],[138.98469,35.78384],[138.98472,35.78447],[138.98505,35.78527],[138.98486,35.78561],[138.98464,35.78574],[138.98413,35.7858],[138.9834,35.78606],[138.98231,35.78667],[138.98216,35.78693],[138.98168,35.78713],[138.98076,35.78733],[138.98055,35.7873],[138.98014,35.78707],[138.97952,35.78709],[138.97909,35.78781],[138.97754,35.78853],[138.97688,35.78903],[138.97672,35.78924],[138.97637,35.78991],[138.97644,35.79011],[138.97606,35.79109],[138.97608,35.79187],[138.97619,35.79207],[138.97681,35.79208],[138.97699,35.7922],[138.97714,35.79238],[138.97711,35.79275],[138.97662,35.79336],[138.97632,35.79358],[138.97592,35.79373],[138.97565,35.7945],[138.97524,35.79475],[138.97468,35.79489],[138.97452,35.79515],[138.97397,35.79693],[138.97359,35.79758],[138.97323,35.79799],[138.97242,35.79841],[138.9718,35.799],[138.97137,35.80006],[138.97138,35.80045],[138.97111,35.80142],[138.9714,35.80286],[138.97124,35.8037],[138.971,35.80403],[138.97032,35.80458],[138.97022,35.80487],[138.97021,35.80502],[138.97059,35.8057],[138.97063,35.80696],[138.97094,35.80796],[138.97101,35.80853],[138.97079,35.80923],[138.97086,35.80945],[138.97108,35.80998],[138.9713,35.81018],[138.97179,35.81039],[138.97206,35.81066],[138.97221,35.81113],[138.97223,35.81152],[138.97211,35.81194],[138.97209,35.81256],[138.9719,35.813],[138.97206,35.8137],[138.97185,35.81438],[138.97148,35.81478],[138.96977,35.81585],[138.96963,35.81621],[138.96976,35.81745],[138.96945,35.81906],[138.96956,35.81953],[138.96998,35.82026],[138.97007,35.82128],[138.96965,35.82273],[138.96973,35.82451],[138.97009,35.825],[138.97014,35.82599],[138.97048,35.82736],[138.97027,35.82839],[138.97027,35.82883],[138.96978,35.83061],[138.96977,35.83123],[138.96951,35.8314],[138.9693,35.83138],[138.96738,35.83054],[138.96684,35.83024],[138.96592,35.83014],[138.96425,35.82938],[138.96351,35.82929],[138.96268,35.8294],[138.9622,35.82961],[138.96182,35.82999],[138.96172,35.83037],[138.96139,35.83066],[138.95951,35.83121],[138.9593,35.83136],[138.95908,35.83154],[138.95854,35.83269],[138.95832,35.83291],[138.95751,35.8333],[138.95676,35.83384],[138.95615,35.83448],[138.95529,35.83495],[138.95411,35.836],[138.95326,35.83652],[138.95225,35.83774],[138.95183,35.83812],[138.95067,35.83892],[138.94912,35.84047],[138.9484,35.84171],[138.94791,35.84215],[138.94748,35.84271],[138.94734,35.8433],[138.9476,35.84366],[138.94798,35.84482],[138.94777,35.8468],[138.94781,35.84756],[138.94787,35.84776],[138.94842,35.84839],[138.9486,35.84907],[138.94855,35.84954],[138.94837,35.84993],[138.948,35.85042],[138.94786,35.85096],[138.94747,35.85144],[138.94721,35.85212],[138.9468,35.85284],[138.94612,35.85373],[138.94575,35.85409],[138.94518,35.85445],[138.94459,35.85465],[138.94426,35.85453],[138.94415,35.85456],[138.94393,35.85482],[138.94375,35.856],[138.94337,35.85644],[138.94302,35.8572],[138.94322,35.85819],[138.94303,35.8591],[138.94311,35.85958],[138.94287,35.86016],[138.94327,35.86062],[138.9439,35.86086],[138.94407,35.86132],[138.94447,35.86179],[138.94489,35.86275],[138.94621,35.86398],[138.94658,35.86447],[138.94635,35.86491],[138.946,35.86532],[138.94588,35.86637],[138.94533,35.86704],[138.94514,35.86793],[138.94544,35.86827],[138.94637,35.86868],[138.94712,35.8688],[138.94823,35.86881],[138.94867,35.86898],[138.94909,35.86897],[138.94926,35.86902],[138.94964,35.86936],[138.94993,35.86949],[138.95068,35.87028],[138.95112,35.87098],[138.95226,35.87216],[138.95387,35.87363],[138.95424,35.87387],[138.95439,35.87418],[138.95446,35.87491],[138.95523,35.8753],[138.95619,35.87556],[138.95697,35.87597],[138.95821,35.87621],[138.95894,35.87649],[138.96008,35.87678],[138.96132,35.87687],[138.96229,35.87677],[138.96284,35.87695],[138.96372,35.87737],[138.96468,35.87754],[138.9652,35.87779],[138.96622,35.87876],[138.96666,35.87937],[138.96674,35.87964],[138.9667,35.88064],[138.96741,35.88182],[138.96758,35.88203],[138.96784,35.88215],[138.96802,35.88221],[138.97044,35.88199],[138.97249,35.88198],[138.97303,35.88212],[138.97441,35.88281],[138.9759,35.88324],[138.97636,35.88355],[138.97678,35.88396],[138.97759,35.88429],[138.97783,35.8845],[138.97893,35.88501],[138.97921,35.885],[138.97947,35.8849],[138.98029,35.88447],[138.981,35.88397],[138.98306,35.88299],[138.98367,35.88256],[138.98427,35.88181],[138.98526,35.88118],[138.98556,35.88117],[138.98685,35.88136],[138.98809,35.88115],[138.98875,35.88115],[138.98987,35.88168],[138.99137,35.88215],[138.99227,35.88251],[138.99327,35.88309],[138.99458,35.88326],[138.99473,35.88334],[138.99492,35.88378],[138.99521,35.88414],[138.99588,35.88445],[138.9966,35.88443],[138.99684,35.88437],[138.99712,35.88415],[138.999,35.88425],[139.00093,35.88401],[139.00289,35.88622],[139.00354,35.88669],[139.00496,35.88738],[139.00568,35.88824],[139.00666,35.88962],[139.00654,35.891],[139.00665,35.89286],[139.00681,35.89364],[139.00752,35.89447],[139.0087,35.89538],[139.00953,35.89639],[139.01032,35.89717],[139.01055,35.8971],[139.01158,35.89748],[139.01288,35.89812],[139.01338,35.89826],[139.01572,35.89818],[139.0184,35.89842],[139.0188,35.89838],[139.01941,35.89813],[139.02035,35.89736],[139.02089,35.89716],[139.02176,35.89712],[139.02356,35.89736],[139.02401,35.89729],[139.02497,35.89599],[139.02545,35.89553],[139.02624,35.89509],[139.02933,35.89291],[139.03072,35.89223],[139.03253,35.89161],[139.03404,35.89093],[139.03498,35.8904],[139.03528,35.89013],[139.03742,35.88922],[139.03817,35.88858],[139.03932,35.88702],[139.03972,35.88681],[139.04035,35.88631],[139.04079,35.88616],[139.04176,35.88608],[139.04287,35.8856],[139.04311,35.88538],[139.0435,35.88473],[139.04444,35.88382],[139.04526,35.88367],[139.04575,35.88343],[139.04729,35.8815],[139.04833,35.88121],[139.04866,35.88075],[139.0489,35.8802],[139.04984,35.87883],[139.05117,35.87825],[139.0524,35.87819],[139.05539,35.87748],[139.05706,35.87756],[139.05797,35.87744],[139.0582,35.87718],[139.05931,35.8749],[139.05998,35.87473],[139.06163,35.87363],[139.06345,35.87328],[139.06419,35.87308],[139.06457,35.87285],[139.06506,35.87273],[139.06582,35.87283],[139.0662,35.8728],[139.06658,35.87257],[139.06706,35.8724],[139.06919,35.87194],[139.07007,35.87158],[139.07224,35.8716],[139.07255,35.87172],[139.07293,35.87217],[139.07427,35.87328],[139.07514,35.87429],[139.07611,35.87483],[139.07655,35.87502],[139.07776,35.87534],[139.07867,35.87539],[139.07997,35.87532],[139.08134,35.875],[139.08254,35.87487],[139.08331,35.87396],[139.08399,35.87343],[139.08588,35.87281],[139.08923,35.87103],[139.09026,35.87006],[139.09086,35.86968],[139.09166,35.86903],[139.09284,35.86929],[139.09339,35.86928],[139.0945,35.86951],[139.09606,35.86938],[139.09785,35.86887],[139.09909,35.86867],[139.09924,35.86855],[139.09949,35.86791],[139.10028,35.86719],[139.10137,35.86569],[139.10207,35.86639],[139.10268,35.86658],[139.10393,35.86638],[139.10535,35.8663],[139.10613,35.86592],[139.10698,35.86575],[139.10819,35.86566],[139.10967,35.86571],[139.11173,35.86468],[139.11363,35.86525],[139.11445,35.86537],[139.11499,35.86489],[139.11577,35.86447],[139.11735,35.86459],[139.11825,35.8645],[139.11927,35.86429],[139.12024,35.86442],[139.12182,35.86493],[139.12316,35.86507],[139.12416,35.86486],[139.12566,35.86505],[139.12608,35.86504],[139.12681,35.86531],[139.12742,35.86564],[139.12781,35.86555],[139.1292,35.86556],[139.13032,35.86506],[139.1307,35.86473],[139.13124,35.86447],[139.13189,35.86443],[139.13248,35.86444],[139.13319,35.86458],[139.134,35.86505],[139.13536,35.86539],[139.13571,35.86532],[139.13649,35.8649],[139.13818,35.86437],[139.13918,35.86392],[139.13979,35.86378],[139.14037,35.86378],[139.14119,35.86342],[139.14176,35.86326],[139.14307,35.86339],[139.14372,35.86317],[139.14436,35.86286],[139.14612,35.8629],[139.14754,35.86271],[139.14845,35.86229],[139.14977,35.86124],[139.15028,35.86094],[139.15149,35.86049],[139.15244,35.85989],[139.15283,35.85955],[139.1533,35.85932],[139.15427,35.8591],[139.15512,35.85857],[139.15553,35.85848],[139.15725,35.85778],[139.15859,35.85747],[139.1594,35.85707],[139.15973,35.8561],[139.16,35.85564],[139.16114,35.85443],[139.16149,35.8533],[139.16215,35.85211],[139.16325,35.85097],[139.16424,35.85073],[139.16503,35.85026],[139.16617,35.84997],[139.16787,35.84987],[139.16875,35.85004],[139.16909,35.84998],[139.16975,35.8494],[139.17111,35.84861],[139.17251,35.8485],[139.17321,35.84865],[139.17365,35.84839],[139.17436,35.84831],[139.17544,35.8472],[139.17628,35.84685],[139.17753,35.8465],[139.17873,35.84584],[139.17948,35.84555],[139.18026,35.84489],[139.18089,35.84484],[139.18107,35.84477],[139.18135,35.84454],[139.18183,35.84379],[139.1823,35.84365],[139.18363,35.84357],[139.18384,35.84341],[139.18416,35.84279],[139.18608,35.84288],[139.18649,35.84297],[139.18676,35.84292],[139.18707,35.84271],[139.18748,35.84223],[139.18773,35.84211],[139.18837,35.84204],[139.18884,35.84187],[139.18928,35.84137],[139.19038,35.84114],[139.19244,35.84027],[139.19282,35.84022],[139.19319,35.84029],[139.19407,35.84012],[139.19581,35.84005],[139.19682,35.84025],[139.19733,35.84052],[139.19791,35.84099],[139.19825,35.8411],[139.19947,35.84125],[139.20031,35.84122],[139.20167,35.84105],[139.20314,35.8412],[139.20344,35.8413],[139.2037,35.84149],[139.20386,35.84204],[139.2048,35.84303],[139.20494,35.84466],[139.20544,35.84523],[139.20633,35.84591],[139.20761,35.84644],[139.20827,35.84632],[139.20907,35.84636],[139.20987,35.84618],[139.21086,35.84627],[139.21171,35.84656],[139.21265,35.84661],[139.21279,35.84651],[139.21281,35.84599],[139.21288,35.8459],[139.21369,35.84553],[139.21394,35.84544],[139.21427,35.8455],[139.21478,35.84581],[139.21492,35.84578],[139.21523,35.84535],[139.21564,35.84499],[139.21567,35.84447],[139.21584,35.84431],[139.21674,35.844],[139.21755,35.84353],[139.21822,35.84274],[139.21907,35.84263],[139.21933,35.84252],[139.21976,35.84205],[139.22018,35.8413],[139.22198,35.8407],[139.22257,35.84063],[139.22319,35.84074],[139.22362,35.84052],[139.22455,35.8405],[139.22624,35.83974],[139.22666,35.83945],[139.22765,35.83912],[139.22774,35.83905],[139.22784,35.83854],[139.22804,35.83833],[139.22878,35.83784],[139.22923,35.83766],[139.22958,35.83719],[139.23005,35.83691],[139.23066,35.83674],[139.23111,35.83672],[139.23127,35.83664],[139.23223,35.8366],[139.23281,35.83675],[139.23396,35.83774],[139.23423,35.83813],[139.2347,35.83789],[139.2349,35.83787],[139.23536,35.83805],[139.23661,35.83946],[139.23702,35.84015],[139.23821,35.84031],[139.23904,35.84052],[139.24096,35.84015],[139.24123,35.84004],[139.24141,35.83969],[139.24143,35.83914],[139.24171,35.8382],[139.24253,35.83679],[139.24278,35.8366],[139.24308,35.8366],[139.24366,35.83683],[139.24424,35.83674],[139.24552,35.83699],[139.24583,35.83701],[139.24681,35.83689],[139.24762,35.83738],[139.24838,35.83757],[139.24884,35.83762],[139.24956,35.83745],[139.24991,35.83744],[139.2504,35.83754],[139.25113,35.83756],[139.25137,35.83769],[139.25177,35.83808],[139.25226,35.83825],[139.25388,35.83805],[139.25467,35.83808],[139.25582,35.83781],[139.25642,35.83777],[139.25658,35.8377],[139.25653,35.8371],[139.25669,35.83707],[139.25738,35.83718],[139.25786,35.83709],[139.2588,35.83727],[139.2589,35.83695],[139.25883,35.83658],[139.25889,35.83639],[139.25909,35.83628],[139.26008,35.83612],[139.26043,35.83599],[139.26142,35.83667],[139.26312,35.83731],[139.26366,35.83742],[139.26434,35.83741],[139.26555,35.83751],[139.26664,35.83821],[139.26764,35.83815],[139.26824,35.83824],[139.26889,35.83847],[139.26913,35.83869],[139.27006,35.83898],[139.27118,35.83957],[139.27152,35.83968],[139.27459,35.83959],[139.2763,35.8394],[139.27662,35.8394],[139.27738,35.83958],[139.27841,35.8396],[139.27992,35.83925],[139.28,35.83931],[139.28011,35.84019],[139.28026,35.84069],[139.28117,35.84036],[139.28168,35.83976],[139.28185,35.83952],[139.28255,35.83765],[139.28288,35.83717],[139.28403,35.83635],[139.28494,35.83601],[139.28516,35.83602],[139.28603,35.83682],[139.28656,35.83707],[139.28807,35.83726],[139.28976,35.83786],[139.29029,35.83796],[139.29091,35.83796],[139.29147,35.83771],[139.2924,35.837],[139.29307,35.83618],[139.29343,35.83608],[139.29419,35.83516],[139.2956,35.83385],[139.29586,35.8339],[139.29596,35.83403],[139.29631,35.83514],[139.29662,35.83545],[139.29792,35.8354],[139.29918,35.83492],[139.29975,35.83478],[139.30007,35.83488],[139.30005,35.83516],[139.30117,35.83496],[139.30183,35.83451],[139.30208,35.83413],[139.30204,35.83398],[139.30163,35.83406],[139.30144,35.83403],[139.30139,35.83394],[139.30139,35.83354],[139.30123,35.83277],[139.30166,35.83186],[139.30176,35.83109],[139.30117,35.82969],[139.30139,35.82926],[139.30172,35.82903],[139.30205,35.82856],[139.30212,35.82815],[139.30199,35.82761],[139.30205,35.82723],[139.30269,35.82601],[139.30269,35.82483],[139.30244,35.82421],[139.30259,35.82405],[139.30314,35.82426],[139.30362,35.82431],[139.30407,35.824],[139.30486,35.82387],[139.30499,35.82372],[139.30498,35.82329],[139.30477,35.8224],[139.30701,35.82312],[139.30965,35.82436],[139.31073,35.82476],[139.31147,35.82528],[139.31214,35.82545],[139.31269,35.82546],[139.31492,35.82524],[139.31524,35.82499],[139.31514,35.82462],[139.31525,35.8244],[139.31616,35.82367],[139.31619,35.82352],[139.31596,35.82307],[139.31595,35.82246],[139.3165,35.8209],[139.3165,35.81936],[139.31592,35.81842],[139.31549,35.81744],[139.31505,35.81689],[139.31513,35.8159],[139.31502,35.81427],[139.31529,35.8139],[139.31675,35.81269],[139.31679,35.81147],[139.3171,35.81117],[139.31693,35.811],[139.3167,35.81064],[139.31657,35.81031],[139.31665,35.81007],[139.31713,35.80959],[139.31728,35.80936],[139.3174,35.80895],[139.31747,35.80825],[139.3176,35.80806],[139.31779,35.80802],[139.31791,35.80791],[139.31801,35.80772],[139.31813,35.80728],[139.31818,35.80685],[139.31814,35.80649],[139.31792,35.80628],[139.31751,35.80619],[139.31744,35.80608],[139.31745,35.80592],[139.31771,35.80569],[139.31854,35.80534],[139.3189,35.80491],[139.31909,35.80477],[139.31927,35.80469],[139.31982,35.8046],[139.31995,35.80451],[139.32009,35.80429],[139.32035,35.8042],[139.32041,35.80421],[139.32077,35.80344],[139.32147,35.80206],[139.32229,35.8009],[139.32262,35.80027],[139.32225,35.79961],[139.32225,35.7995],[139.32397,35.79687],[139.32517,35.79559],[139.32573,35.79521],[139.32659,35.7951],[139.32942,35.79447],[139.33036,35.79434],[139.33037,35.79362],[139.33253,35.79197],[139.33278,35.79189],[139.33397,35.79283],[139.33488,35.7937],[139.33545,35.79366],[139.33667,35.79377],[139.33786,35.79425],[139.33817,35.7944],[139.33825,35.79458],[139.3385,35.79459],[139.34022,35.79441],[139.34146,35.79439],[139.34288,35.79403],[139.34336,35.79419],[139.34335,35.7947],[139.34382,35.7948],[139.34671,35.79641],[139.34686,35.79641],[139.34726,35.79632],[139.34761,35.79602],[139.34763,35.79545],[139.34787,35.79525],[139.34857,35.79505],[139.34971,35.79491],[139.35026,35.79341],[139.35066,35.79327],[139.35271,35.7935],[139.35286,35.79345],[139.35306,35.793],[139.35349,35.79287],[139.35348,35.79321],[139.35355,35.79327],[139.35377,35.79335],[139.354,35.79321],[139.35492,35.79372],[139.35522,35.79344],[139.35665,35.79348],[139.3578,35.79312],[139.35857,35.79298],[139.35889,35.79193],[139.35984,35.79162],[139.36273,35.79191],[139.36372,35.7917],[139.36632,35.79172],[139.36727,35.79178],[139.3675,35.79145],[139.36863,35.79153],[139.36992,35.79173],[139.37026,35.7909],[139.36871,35.79029],[139.36949,35.78873],[139.36987,35.78761],[139.36847,35.78728],[139.36783,35.78704],[139.36815,35.78606],[139.36719,35.7856],[139.36741,35.78502],[139.36749,35.78438],[139.36767,35.78416],[139.36942,35.78326],[139.3699,35.78261],[139.36997,35.78235],[139.36991,35.78154],[139.37145,35.7816],[139.37161,35.78066],[139.37173,35.78039],[139.37301,35.77972],[139.37233,35.77916],[139.37146,35.77881],[139.37044,35.77877],[139.37025,35.77847],[139.37027,35.77829],[139.37104,35.77821],[139.37129,35.77831],[139.3718,35.77873],[139.37255,35.77887],[139.37361,35.77969],[139.3744,35.78009],[139.37552,35.78046],[139.37602,35.78039],[139.37756,35.77996],[139.37993,35.77891],[139.38014,35.77875],[139.38019,35.77817],[139.38018,35.77795],[139.37978,35.77722],[139.37988,35.77701],[139.38,35.77693],[139.38035,35.77693],[139.38134,35.7773],[139.38146,35.77726],[139.38154,35.77703],[139.3814,35.7765],[139.38136,35.77593],[139.38154,35.7745],[139.38148,35.77427],[139.38131,35.77408],[139.38068,35.77366],[139.38034,35.77331],[139.38001,35.77199],[139.37951,35.77173],[139.37919,35.77144],[139.37895,35.77089],[139.37894,35.77042],[139.37937,35.76958],[139.37955,35.76881],[139.37952,35.76803],[139.37969,35.76721],[139.38011,35.76651],[139.38068,35.76605],[139.3813,35.76584],[139.38207,35.76598],[139.38341,35.76548],[139.38507,35.76523],[139.38686,35.76593],[139.3896,35.76714],[139.39063,35.76733],[139.39166,35.76741],[139.39179,35.76724],[139.39182,35.76683],[139.39134,35.76564],[139.39063,35.76445],[139.39046,35.764],[139.39058,35.76371],[139.39101,35.7635],[139.39215,35.76329],[139.39361,35.76349],[139.39591,35.76424],[139.39745,35.76409],[139.39824,35.7643],[139.39845,35.7644],[139.39883,35.76497],[139.39898,35.7659],[139.39999,35.76677],[139.40028,35.76775],[139.40047,35.76803],[139.40151,35.76855],[139.40183,35.76857],[139.40261,35.76844],[139.4031,35.76843],[139.40353,35.76857],[139.40434,35.7691],[139.40459,35.76914],[139.4051,35.76912],[139.40593,35.76875],[139.40734,35.76847],[139.40778,35.76844],[139.40887,35.76866],[139.40951,35.76869],[139.40982,35.76863],[139.40994,35.76794],[139.41011,35.76764],[139.41031,35.76752],[139.4105,35.76732],[139.41063,35.76677],[139.41089,35.76646],[139.41102,35.7664],[139.41113,35.76641],[139.41122,35.76649],[139.41131,35.76672],[139.4113,35.76695],[139.41106,35.76724],[139.4111,35.76732],[139.41149,35.76738],[139.41251,35.76739],[139.41217,35.76709],[139.41208,35.76689],[139.41206,35.76665],[139.41217,35.76603],[139.41231,35.7658],[139.41249,35.76565],[139.41287,35.76559],[139.41326,35.76568],[139.41349,35.76581],[139.41402,35.76625],[139.41408,35.76611],[139.414,35.76574],[139.41402,35.76544],[139.41415,35.76527],[139.4143,35.76524],[139.41458,35.76538],[139.4152,35.76604],[139.4153,35.76612],[139.41546,35.76616],[139.41555,35.76604],[139.41564,35.76534],[139.41584,35.7651],[139.41603,35.76503],[139.41632,35.76501],[139.41677,35.76518],[139.41686,35.76499],[139.41693,35.76457],[139.41702,35.76253],[139.4171,35.76216],[139.41715,35.76205],[139.41728,35.762],[139.41751,35.76205],[139.41788,35.7622],[139.41814,35.76245],[139.41824,35.76291],[139.4182,35.76382],[139.41826,35.764],[139.41852,35.76426],[139.41897,35.76438],[139.41992,35.76435],[139.42057,35.76443],[139.42078,35.76457],[139.42085,35.76493],[139.42091,35.76498],[139.42141,35.76456],[139.42162,35.7645],[139.42176,35.76451],[139.42203,35.76471],[139.42244,35.76524],[139.42265,35.76531],[139.4229,35.76525],[139.42301,35.76529],[139.42303,35.76543],[139.42295,35.76558],[139.42247,35.7658],[139.42228,35.76604],[139.4222,35.76644],[139.42224,35.7669],[139.42239,35.76645],[139.42253,35.76625],[139.42265,35.76624],[139.42297,35.76642],[139.42307,35.76617],[139.42316,35.76609],[139.42378,35.76581],[139.42388,35.76555],[139.42396,35.76545],[139.42448,35.76528],[139.4246,35.76534],[139.42479,35.76575],[139.42491,35.76651],[139.42493,35.76726],[139.42495,35.76726],[139.42552,35.76703],[139.4259,35.76696],[139.42594,35.76694],[139.42598,35.76673],[139.42595,35.76655],[139.42588,35.7664],[139.42566,35.76616],[139.42561,35.76602],[139.42567,35.76571],[139.42586,35.7655],[139.42615,35.76535],[139.42655,35.76527],[139.42698,35.76531],[139.42728,35.76549],[139.42745,35.76553],[139.42772,35.7653],[139.42788,35.76524],[139.42822,35.76519],[139.42848,35.76522],[139.42866,35.76534],[139.42878,35.76557],[139.42885,35.76624],[139.42894,35.76644],[139.429,35.76649],[139.42919,35.76645],[139.42968,35.76612],[139.42989,35.76608],[139.42999,35.76645],[139.43012,35.76654],[139.43031,35.76656],[139.43044,35.76662],[139.43045,35.76665],[139.43066,35.7666],[139.43061,35.76624],[139.43064,35.76597],[139.43069,35.76586],[139.4309,35.76572],[139.43122,35.76566],[139.43192,35.7657],[139.43222,35.76581],[139.43234,35.76595],[139.43245,35.766],[139.43263,35.76581],[139.43281,35.7657],[139.43307,35.76566],[139.43326,35.76569],[139.43346,35.76591],[139.43352,35.76618],[139.43354,35.7667],[139.43357,35.7668],[139.43366,35.76685],[139.4338,35.7667],[139.43437,35.76581],[139.43453,35.76569],[139.43473,35.76568],[139.43481,35.76573],[139.43483,35.76583],[139.43474,35.76612],[139.43475,35.76631],[139.43482,35.76641],[139.4351,35.76658],[139.43525,35.76691],[139.43551,35.767],[139.43635,35.76707],[139.43651,35.76713],[139.43656,35.76725],[139.43671,35.7673],[139.43683,35.76738],[139.43767,35.76735],[139.43808,35.76748],[139.43842,35.76776],[139.43862,35.7681],[139.43867,35.76844],[139.43859,35.76885],[139.43864,35.76902],[139.43874,35.76906],[139.43895,35.76904],[139.43929,35.76886],[139.43942,35.76873],[139.43955,35.76841],[139.43963,35.76754],[139.43972,35.7672],[139.43987,35.7669],[139.44024,35.76653],[139.44034,35.76634],[139.44042,35.76575],[139.44035,35.76486],[139.43996,35.76297],[139.43963,35.76182],[139.43917,35.76076],[139.43903,35.76059],[139.43888,35.7605],[139.43852,35.76053],[139.43831,35.76065],[139.43824,35.76095],[139.43816,35.76107],[139.438,35.76114],[139.43764,35.76117],[139.43717,35.76106],[139.43699,35.76095],[139.43678,35.76072],[139.43661,35.76066],[139.43652,35.76072],[139.43639,35.76094],[139.43609,35.7611],[139.4356,35.76116],[139.43492,35.76112],[139.43469,35.76101],[139.43458,35.76075],[139.4342,35.76064],[139.43403,35.76009],[139.43363,35.75997],[139.43326,35.75944],[139.43275,35.75918],[139.43267,35.75903],[139.43275,35.75869],[139.43318,35.75783],[139.4332,35.75765],[139.43312,35.75737],[139.43317,35.75729],[139.43339,35.75715],[139.43344,35.75691],[139.43334,35.75651],[139.43314,35.75605],[139.43293,35.75576],[139.43264,35.75551],[139.43264,35.75521],[139.4328,35.75476],[139.43301,35.75436],[139.43321,35.75412],[139.43351,35.75394],[139.4336,35.75375],[139.43358,35.75364],[139.43347,35.75347],[139.4329,35.75305],[139.43281,35.7529],[139.43277,35.75266],[139.43285,35.7525],[139.43303,35.75236],[139.43389,35.75206],[139.43428,35.75186],[139.43441,35.75171],[139.43448,35.75139],[139.43465,35.75122],[139.43527,35.75102],[139.43556,35.75026],[139.43567,35.75016],[139.43592,35.7501],[139.43604,35.75002],[139.43631,35.74937],[139.43647,35.74922],[139.43683,35.74916],[139.43747,35.74929],[139.43772,35.74923],[139.43793,35.74908],[139.43823,35.74859],[139.43849,35.74838],[139.43898,35.7483],[139.43916,35.74822],[139.43954,35.74788],[139.43983,35.74772],[139.44046,35.74765],[139.4408,35.74755],[139.44136,35.74709],[139.44163,35.747],[139.44207,35.74695],[139.44216,35.74688],[139.44228,35.74661],[139.44295,35.74648],[139.44312,35.74638],[139.44351,35.746],[139.44382,35.74579],[139.44421,35.74561],[139.44455,35.74555],[139.44477,35.74565],[139.44489,35.74587],[139.44507,35.746],[139.44572,35.74596],[139.44578,35.74602],[139.44581,35.74617],[139.44597,35.74625],[139.44654,35.74619],[139.44675,35.7462],[139.44697,35.74633],[139.44709,35.74655],[139.44724,35.74668],[139.44735,35.74669],[139.44756,35.74664],[139.44776,35.74668],[139.44797,35.74685],[139.44814,35.74711],[139.44819,35.74736],[139.44812,35.74769],[139.44828,35.74785],[139.44872,35.74791],[139.4494,35.74787],[139.44963,35.74777],[139.44972,35.74757],[139.45011,35.74747],[139.45059,35.74748],[139.45095,35.74761],[139.45116,35.74786],[139.45122,35.74818],[139.45117,35.74843],[139.451,35.74862],[139.45098,35.74873],[139.45124,35.7489],[139.45206,35.74915],[139.45241,35.74935],[139.45266,35.74962],[139.45291,35.75033],[139.45313,35.75057],[139.45328,35.75064],[139.45368,35.75068],[139.45445,35.75057],[139.45483,35.75056],[139.45497,35.75059],[139.45514,35.75071],[139.45516,35.75102],[139.45508,35.75126],[139.45496,35.75138],[139.45462,35.75153],[139.45467,35.75194],[139.45503,35.7522],[139.45501,35.75225],[139.45479,35.75237],[139.45466,35.75252],[139.45461,35.75273],[139.45464,35.75296],[139.45482,35.75319],[139.45516,35.75334],[139.45464,35.75335],[139.45443,35.7534],[139.45425,35.75356],[139.45417,35.75372],[139.45425,35.75389],[139.45471,35.75414],[139.45526,35.75431],[139.45618,35.7545],[139.4566,35.75453],[139.45686,35.75446],[139.45693,35.7544],[139.45697,35.75417],[139.45682,35.754],[139.45635,35.75386],[139.45613,35.75374],[139.4561,35.75365],[139.45614,35.75354],[139.4564,35.75339],[139.45711,35.75325],[139.45783,35.7532],[139.4585,35.75324],[139.45965,35.75347],[139.46001,35.75342],[139.46017,35.75333],[139.46027,35.75318],[139.46032,35.753],[139.4603,35.75264],[139.46014,35.75226],[139.45995,35.75207],[139.45969,35.75194],[139.45898,35.75175],[139.45878,35.75155],[139.45872,35.75132],[139.45853,35.75122],[139.45795,35.75118],[139.45686,35.75123],[139.45639,35.75115],[139.45628,35.75102],[139.45624,35.75079],[139.45615,35.75067],[139.45553,35.75036],[139.45545,35.75021],[139.45548,35.75007],[139.45558,35.74998],[139.45584,35.74994],[139.45602,35.74981],[139.45678,35.74891],[139.45713,35.74866],[139.45752,35.74852],[139.45774,35.74849],[139.45865,35.74853],[139.45904,35.74849],[139.45939,35.74839],[139.46019,35.74801],[139.46091,35.74789],[139.46175,35.74723],[139.46295,35.74667],[139.46318,35.74647],[139.46321,35.74635],[139.46311,35.7462],[139.46285,35.74609],[139.46246,35.74601],[139.46217,35.74602],[139.46203,35.74608],[139.46183,35.74627],[139.46164,35.74633],[139.4609,35.74638],[139.46057,35.74644],[139.46047,35.74652],[139.46037,35.74675],[139.45967,35.7469],[139.45935,35.74711],[139.45901,35.74743],[139.45847,35.7477],[139.45738,35.74797],[139.45691,35.748],[139.45665,35.74794],[139.4566,35.74778],[139.45709,35.74693],[139.45713,35.74666],[139.45709,35.74653],[139.45693,35.74644],[139.45666,35.74649],[139.45642,35.74646],[139.45595,35.7462],[139.4552,35.74551],[139.45493,35.74504],[139.45495,35.7448],[139.4552,35.74452],[139.45536,35.74414],[139.45537,35.74375],[139.45521,35.74275],[139.45452,35.74243],[139.45428,35.74215],[139.45413,35.74156],[139.45408,35.74058],[139.45392,35.7402],[139.45375,35.74014],[139.45347,35.74018],[139.45332,35.74014],[139.45321,35.74004],[139.45301,35.73969],[139.4529,35.73962],[139.45262,35.73954],[139.45262,35.73937],[139.45282,35.73897],[139.45285,35.73878],[139.45274,35.73855],[139.45246,35.73836],[139.45227,35.7381],[139.45221,35.73787],[139.45221,35.73745],[139.45239,35.73684],[139.45286,35.73608],[139.45312,35.73587],[139.45327,35.73586],[139.45345,35.7359],[139.45353,35.73586],[139.45358,35.73576],[139.45357,35.73553],[139.45351,35.73539],[139.45332,35.73524],[139.45284,35.73503],[139.45276,35.73488],[139.45278,35.73476],[139.45309,35.73444],[139.45402,35.73375],[139.45413,35.7336],[139.45421,35.73333],[139.4546,35.73292],[139.45525,35.73242],[139.45579,35.73218],[139.456,35.73216],[139.45626,35.7322],[139.45639,35.73227],[139.45664,35.73251],[139.45709,35.73261],[139.4577,35.73258],[139.45789,35.73251],[139.458,35.73239],[139.45802,35.73224],[139.45795,35.73205],[139.45783,35.73197],[139.45747,35.73189],[139.45733,35.73166],[139.45724,35.73125],[139.45719,35.72997],[139.4571,35.72949],[139.45695,35.7292],[139.45685,35.72913],[139.45634,35.72914],[139.45612,35.72907],[139.45594,35.72893],[139.45572,35.72862],[139.45548,35.72841],[139.45529,35.72834],[139.45478,35.72826],[139.45436,35.72803],[139.454,35.72767],[139.4537,35.72704],[139.45344,35.72679],[139.45318,35.72668],[139.45257,35.72654],[139.45238,35.72643],[139.45227,35.7263],[139.4522,35.72598],[139.45208,35.72583],[139.45151,35.72552],[139.45125,35.72529],[139.45106,35.7246],[139.45097,35.72457],[139.45077,35.72462],[139.45061,35.72459],[139.45034,35.72441],[139.45002,35.7241],[139.44975,35.72394],[139.44942,35.72384],[139.44853,35.72374],[139.44836,35.72359],[139.44832,35.72348],[139.44843,35.72304],[139.44872,35.72255],[139.44912,35.7221],[139.44987,35.72142],[139.45013,35.72105],[139.45022,35.72082],[139.45039,35.72066],[139.45091,35.72057],[139.45241,35.72075],[139.45265,35.7207],[139.4527,35.72065],[139.45267,35.7205],[139.45249,35.72031],[139.4522,35.72022],[139.45181,35.72019],[139.45155,35.72006],[139.45145,35.71981],[139.45153,35.7194],[139.45165,35.71924],[139.45202,35.71898],[139.45225,35.71872],[139.45254,35.71796],[139.45283,35.71752],[139.45332,35.71716],[139.45386,35.71699],[139.45398,35.71658],[139.45413,35.71638],[139.45459,35.71602],[139.45559,35.71539],[139.45589,35.71506],[139.45587,35.71495],[139.45577,35.71484],[139.45483,35.7144],[139.45452,35.71406],[139.45414,35.71302],[139.45361,35.71244],[139.4535,35.71224],[139.45337,35.7115],[139.453,35.71077],[139.45289,35.70987],[139.45292,35.70863],[139.45308,35.70795],[139.45336,35.70753],[139.45341,35.70735],[139.45325,35.70722],[139.45289,35.70715],[139.4518,35.70716],[139.45129,35.70724],[139.45111,35.70733],[139.45092,35.70751],[139.45049,35.70758],[139.45016,35.70751],[139.44988,35.70723],[139.44975,35.70717],[139.44929,35.70714],[139.44901,35.70727],[139.44862,35.70773],[139.44835,35.70788],[139.44775,35.70801],[139.44698,35.70803],[139.44646,35.70809],[139.44629,35.70817],[139.44623,35.70837],[139.44613,35.7085],[139.44594,35.70859],[139.44571,35.70864],[139.44534,35.70859],[139.44505,35.70847],[139.44485,35.70826],[139.44459,35.7077],[139.44442,35.70758],[139.44429,35.70756],[139.4441,35.70763],[139.44402,35.70787],[139.44387,35.70796],[139.44341,35.70808],[139.44239,35.70824],[139.44205,35.70837],[139.44177,35.70864],[139.44159,35.70868],[139.44146,35.70866],[139.44129,35.7085],[139.44109,35.70792],[139.44091,35.70769],[139.44074,35.70764],[139.44032,35.70768],[139.44009,35.70761],[139.4397,35.70738],[139.43944,35.70714],[139.43925,35.70688],[139.43913,35.70659],[139.43902,35.70582],[139.43876,35.70553],[139.43831,35.70539],[139.43787,35.70538],[139.43754,35.70551],[139.43725,35.7058],[139.43705,35.70593],[139.43684,35.70596],[139.43666,35.70587],[139.43648,35.70556],[139.43642,35.70525],[139.43647,35.70499],[139.43667,35.70475],[139.43664,35.70463],[139.43647,35.70452],[139.43576,35.70427],[139.43541,35.70401],[139.43525,35.70384],[139.43498,35.70342],[139.4344,35.70211],[139.43424,35.70193],[139.43404,35.70187],[139.43394,35.70175],[139.43387,35.70138],[139.43384,35.70083],[139.43376,35.70056],[139.4336,35.70039],[139.4335,35.70034],[139.43302,35.70028],[139.43286,35.70021],[139.43278,35.70006],[139.43276,35.69964],[139.43207,35.69965],[139.4318,35.69974],[139.43158,35.7],[139.43138,35.7005],[139.43118,35.70069],[139.43092,35.70081],[139.43016,35.70099],[139.42975,35.70117],[139.42962,35.7013],[139.42949,35.70156],[139.42938,35.70229],[139.42917,35.7025],[139.42881,35.70255],[139.4285,35.70249],[139.42834,35.70233],[139.42826,35.70204],[139.42811,35.70197],[139.42788,35.70196],[139.4274,35.70203],[139.42708,35.70214],[139.42697,35.70224],[139.42689,35.70244],[139.42677,35.7025],[139.42621,35.70255],[139.42599,35.70261],[139.42595,35.70269],[139.426,35.70292],[139.42592,35.70306],[139.42507,35.70373],[139.42452,35.70445],[139.42426,35.70489],[139.42404,35.7054],[139.424,35.70566],[139.42404,35.70606],[139.42396,35.70616],[139.4237,35.70627],[139.42361,35.70635],[139.42376,35.70657],[139.42426,35.70687],[139.42459,35.70713],[139.42484,35.7076],[139.42486,35.70796],[139.42467,35.70864],[139.42452,35.70888],[139.42417,35.70915],[139.42413,35.70923],[139.42434,35.70929],[139.42494,35.70933],[139.42517,35.70941],[139.42532,35.70952],[139.42545,35.70975],[139.42559,35.70983],[139.42588,35.70982],[139.42627,35.70969],[139.42637,35.70969],[139.42653,35.70975],[139.42661,35.70991],[139.42665,35.7103],[139.4268,35.71073],[139.42736,35.71144],[139.42753,35.71178],[139.42762,35.71236],[139.42756,35.71317],[139.42764,35.71342],[139.42781,35.71356],[139.42843,35.71363],[139.42862,35.7137],[139.42886,35.71385],[139.42909,35.71428],[139.42929,35.71526],[139.42943,35.71568],[139.42954,35.71582],[139.42983,35.71589],[139.43008,35.71606],[139.43038,35.71636],[139.43052,35.71665],[139.43057,35.71724],[139.43035,35.71827],[139.43007,35.71895],[139.42993,35.7191],[139.42971,35.71924],[139.42962,35.71948],[139.42967,35.71956],[139.42979,35.7196],[139.43049,35.71954],[139.4308,35.71963],[139.43124,35.72003],[139.43145,35.72013],[139.43165,35.72015],[139.43174,35.72022],[139.4318,35.72035],[139.43183,35.72065],[139.43177,35.72086],[139.43165,35.72106],[139.43146,35.72125],[139.43109,35.7215],[139.43091,35.72172],[139.43091,35.72185],[139.43114,35.7221],[139.43124,35.72235],[139.43126,35.72267],[139.43117,35.72287],[139.43081,35.72308],[139.42981,35.72325],[139.42955,35.72338],[139.42974,35.72375],[139.42972,35.72393],[139.4295,35.72444],[139.4296,35.72465],[139.4298,35.72474],[139.43007,35.72478],[139.43028,35.72477],[139.43044,35.7247],[139.43064,35.7244],[139.43094,35.72415],[139.43182,35.72373],[139.43221,35.72348],[139.43234,35.72331],[139.43242,35.72295],[139.43261,35.72285],[139.43275,35.72286],[139.433,35.72299],[139.4335,35.72345],[139.43375,35.72361],[139.43419,35.72374],[139.43491,35.7238],[139.43511,35.7239],[139.43519,35.72408],[139.43545,35.72408],[139.4362,35.72389],[139.43651,35.72389],[139.43679,35.72414],[139.43715,35.72423],[139.43725,35.7243],[139.43736,35.72483],[139.43759,35.7251],[139.43787,35.72525],[139.43883,35.7256],[139.43896,35.72571],[139.43904,35.72593],[139.43945,35.7259],[139.43951,35.72597],[139.43956,35.72625],[139.43967,35.72635],[139.43999,35.72639],[139.44047,35.72633],[139.44087,35.72634],[139.44108,35.7264],[139.44149,35.72663],[139.44222,35.72673],[139.44248,35.72684],[139.44283,35.72715],[139.44318,35.72778],[139.44323,35.72816],[139.443,35.72859],[139.44298,35.72871],[139.44303,35.7288],[139.44315,35.72887],[139.44336,35.72889],[139.44357,35.72881],[139.44383,35.72864],[139.44399,35.72864],[139.44423,35.7289],[139.4446,35.72899],[139.44471,35.72907],[139.44502,35.72983],[139.44523,35.73004],[139.44573,35.73014],[139.44597,35.73024],[139.44691,35.73088],[139.44732,35.73107],[139.44771,35.73117],[139.44793,35.73132],[139.44796,35.73153],[139.44779,35.73179],[139.44742,35.73209],[139.44669,35.73252],[139.44634,35.73286],[139.44625,35.73309],[139.44632,35.73351],[139.4463,35.73366],[139.44622,35.73377],[139.44594,35.73394],[139.44586,35.73407],[139.44587,35.73424],[139.44593,35.73433],[139.44649,35.73459],[139.44664,35.73476],[139.44668,35.73499],[139.44663,35.7352],[139.44629,35.7355],[139.44682,35.73574],[139.44691,35.73583],[139.44695,35.73599],[139.44689,35.7361],[139.44673,35.73621],[139.44603,35.73649],[139.44578,35.73666],[139.44577,35.73677],[139.44593,35.73696],[139.44598,35.73722],[139.44567,35.73812],[139.44565,35.73837],[139.44573,35.73882],[139.44572,35.73903],[139.44564,35.7391],[139.44536,35.73915],[139.44525,35.73941],[139.44512,35.73947],[139.44473,35.73948],[139.44415,35.73942],[139.44369,35.73946],[139.44346,35.73956],[139.44322,35.73978],[139.44302,35.73988],[139.44262,35.73992],[139.44211,35.73987],[139.44177,35.73992],[139.44125,35.74015],[139.44074,35.74053],[139.44029,35.74076],[139.44004,35.74081],[139.43972,35.74076],[139.43949,35.74081],[139.43924,35.74094],[139.43869,35.74143],[139.43835,35.74166],[139.43795,35.74184],[139.43703,35.74212],[139.43659,35.74232],[139.43618,35.74258],[139.43543,35.74328],[139.4352,35.7434],[139.43464,35.74352],[139.43432,35.74352],[139.43358,35.74341],[139.43248,35.74308],[139.43181,35.74278],[139.43143,35.74239],[139.43126,35.74245],[139.43106,35.74267],[139.43081,35.74283],[139.43052,35.74289],[139.43016,35.74283],[139.42994,35.7426],[139.42989,35.74235],[139.42999,35.74214],[139.43034,35.7419],[139.43049,35.7417],[139.4305,35.74147],[139.43037,35.74127],[139.43016,35.74123],[139.42978,35.7414],[139.42955,35.74162],[139.4295,35.74184],[139.42942,35.74195],[139.42927,35.74199],[139.42899,35.74194],[139.42871,35.74179],[139.42853,35.74161],[139.42843,35.7414],[139.42839,35.74108],[139.42833,35.74094],[139.42814,35.74079],[139.42766,35.74058],[139.4275,35.74025],[139.42731,35.74019],[139.42692,35.74015],[139.42675,35.74007],[139.42631,35.73966],[139.4261,35.73953],[139.42589,35.7395],[139.42574,35.73954],[139.42557,35.73994],[139.42512,35.74042],[139.42513,35.74066],[139.42546,35.74113],[139.42629,35.74187],[139.42665,35.74229],[139.42679,35.7428],[139.42692,35.74294],[139.42711,35.74305],[139.42718,35.74316],[139.42719,35.7434],[139.42712,35.74372],[139.42716,35.74389],[139.42728,35.74402],[139.42775,35.74422],[139.42786,35.74434],[139.42801,35.74474],[139.42809,35.74534],[139.42808,35.74651],[139.42797,35.74711],[139.42777,35.74751],[139.42749,35.74771],[139.42713,35.74779],[139.4265,35.7481],[139.42457,35.74946],[139.42426,35.7496],[139.42374,35.7497],[139.42361,35.75001],[139.42329,35.7501],[139.4232,35.75019],[139.42312,35.75045],[139.42309,35.75084],[139.42298,35.7511],[139.42283,35.75119],[139.42255,35.75122],[139.42243,35.75131],[139.42238,35.75157],[139.42243,35.75207],[139.42235,35.75222],[139.42218,35.75231],[139.4218,35.75235],[139.42159,35.75243],[139.42136,35.7527],[139.42123,35.75308],[139.42097,35.75331],[139.42071,35.75336],[139.42022,35.75331],[139.41991,35.75332],[139.41965,35.75339],[139.41941,35.75352],[139.41922,35.75369],[139.41902,35.75397],[139.41885,35.75471],[139.41876,35.75478],[139.41837,35.75488],[139.4179,35.75519],[139.41738,35.75568],[139.41725,35.75599],[139.41712,35.75605],[139.41688,35.75607],[139.41616,35.756],[139.41573,35.756],[139.41555,35.75606],[139.41534,35.75625],[139.41515,35.75628],[139.41456,35.75623],[139.41412,35.75608],[139.4138,35.75584],[139.41348,35.75545],[139.41329,35.75535],[139.41305,35.75532],[139.41266,35.75536],[139.41245,35.75531],[139.41223,35.75508],[139.41211,35.75469],[139.41193,35.75436],[139.41157,35.75407],[139.41089,35.75391],[139.40929,35.75382],[139.40877,35.75365],[139.4086,35.75347],[139.40852,35.75325],[139.40834,35.75301],[139.40789,35.75279],[139.40777,35.75268],[139.40772,35.75244],[139.40778,35.75213],[139.4077,35.75201],[139.40735,35.75199],[139.40644,35.75216],[139.40618,35.75215],[139.406,35.75208],[139.40587,35.75195],[139.40574,35.75165],[139.40567,35.75091],[139.40559,35.75068],[139.40543,35.75053],[139.40495,35.75045],[139.40469,35.75029],[139.40461,35.7501],[139.40455,35.74958],[139.40446,35.74937],[139.40432,35.74921],[139.4039,35.74891],[139.40381,35.7488],[139.40377,35.74863],[139.4039,35.74835],[139.40415,35.74813],[139.40449,35.74801],[139.40488,35.74797],[139.40503,35.74781],[139.40498,35.747],[139.40507,35.74673],[139.40524,35.74654],[139.40525,35.74638],[139.40507,35.74605],[139.40444,35.74532],[139.40434,35.74503],[139.40443,35.74484],[139.40478,35.7446],[139.4048,35.74451],[139.40472,35.74421],[139.40476,35.74412],[139.40499,35.74398],[139.40509,35.7438],[139.40517,35.74326],[139.40518,35.74213],[139.40449,35.74211],[139.40414,35.74199],[139.40401,35.74183],[139.40393,35.74162],[139.40398,35.74126],[139.40427,35.74087],[139.40474,35.74046],[139.40502,35.74014],[139.40508,35.73997],[139.40503,35.73978],[139.40507,35.73962],[139.40581,35.73864],[139.40584,35.73832],[139.40566,35.73798],[139.40577,35.73772],[139.40597,35.73756],[139.40637,35.73734],[139.40674,35.73721],[139.40706,35.73718],[139.40715,35.73711],[139.407,35.73681],[139.40593,35.73568],[139.40577,35.7354],[139.4058,35.73522],[139.40602,35.73485],[139.40624,35.73464],[139.4065,35.73456],[139.40699,35.73463],[139.40725,35.73458],[139.40747,35.73445],[139.40758,35.73424],[139.40747,35.73386],[139.40724,35.73355],[139.40693,35.73334],[139.40642,35.73317],[139.40624,35.73301],[139.40608,35.73261],[139.40603,35.73206],[139.40586,35.73181],[139.40572,35.73172],[139.40534,35.73164],[139.40483,35.73166],[139.40439,35.73177],[139.40411,35.73195],[139.40398,35.7322],[139.40403,35.73283],[139.40397,35.73309],[139.40376,35.73341],[139.40353,35.73356],[139.40319,35.73368],[139.40275,35.73375],[139.4014,35.73382],[139.40108,35.73392],[139.40099,35.73399],[139.40094,35.73407],[139.40098,35.73448],[139.40092,35.73463],[139.4008,35.73474],[139.40052,35.73485],[139.40032,35.73513],[139.4002,35.73612],[139.40011,35.73637],[139.39997,35.73653],[139.39958,35.73669],[139.3994,35.73682],[139.39889,35.73746],[139.39861,35.7376],[139.39835,35.73753],[139.39826,35.73723],[139.39811,35.73706],[139.39784,35.73689],[139.39759,35.73683],[139.39712,35.73687],[139.3958,35.7373],[139.39533,35.73736],[139.39506,35.73733],[139.3948,35.73719],[139.39457,35.73694],[139.39402,35.736],[139.39375,35.73579],[139.3936,35.73574],[139.39328,35.73575],[139.39282,35.73592],[139.39223,35.7363],[139.39172,35.73636],[139.39033,35.73636],[139.38896,35.73631],[139.38772,35.73619],[139.38675,35.73598],[139.38606,35.73569],[139.38582,35.73551],[139.3855,35.73512],[139.38505,35.73441],[139.38478,35.73349],[139.38374,35.7339],[139.38338,35.73402],[139.3832,35.73403],[139.38312,35.73397],[139.38308,35.7338],[139.38299,35.73368],[139.38242,35.73327],[139.38231,35.73304],[139.38228,35.7328],[139.38219,35.73269],[139.38193,35.73259],[139.38117,35.73251],[139.38083,35.73238],[139.38056,35.7322],[139.38038,35.73191],[139.38042,35.73158],[139.38063,35.73132],[139.38117,35.73093],[139.3812,35.73084],[139.3811,35.73079],[139.38062,35.73073],[139.38043,35.73063],[139.3803,35.73048],[139.3802,35.73017],[139.38021,35.72995],[139.38029,35.72988],[139.38048,35.72986],[139.38065,35.72977],[139.38078,35.72958],[139.38083,35.72934],[139.38078,35.72922],[139.38066,35.72913],[139.38018,35.72903],[139.37986,35.72907],[139.37966,35.72922],[139.37945,35.7296],[139.37915,35.7304],[139.37892,35.73073],[139.37863,35.73096],[139.37788,35.73117],[139.37764,35.73135],[139.37754,35.73162],[139.37753,35.7318],[139.37768,35.73242],[139.37765,35.73285],[139.3775,35.73299],[139.37713,35.73303],[139.37687,35.73319],[139.37678,35.73338],[139.37667,35.7341],[139.37652,35.73433],[139.3763,35.73446],[139.37604,35.73446],[139.37528,35.73418],[139.37439,35.73409],[139.37411,35.73398],[139.37388,35.73383],[139.37365,35.73377],[139.37222,35.7338],[139.37209,35.73374],[139.37204,35.73354],[139.37194,35.73341],[139.37176,35.73332],[139.37152,35.73327],[139.37115,35.73331],[139.37088,35.73342],[139.37072,35.73359],[139.37062,35.73397],[139.37036,35.73414],[139.36975,35.73426],[139.3693,35.73422],[139.36901,35.73395],[139.36866,35.73386],[139.36861,35.73378],[139.36886,35.73296],[139.36881,35.73249],[139.36867,35.73216],[139.36846,35.73185],[139.36823,35.73161],[139.36799,35.73146],[139.36773,35.7314],[139.36747,35.73143],[139.36738,35.73148],[139.36725,35.73168],[139.36721,35.73199],[139.36727,35.73261],[139.36726,35.73307],[139.36718,35.73325],[139.36687,35.73347],[139.3668,35.73373],[139.36671,35.7338],[139.36645,35.73387],[139.36606,35.73387],[139.36573,35.7338],[139.36547,35.73367],[139.36521,35.73335],[139.36516,35.73274],[139.36463,35.73287],[139.36436,35.73289],[139.36371,35.73271],[139.3632,35.73238],[139.36243,35.73153],[139.36219,35.73138],[139.36156,35.73115],[139.36135,35.7309],[139.36127,35.73039],[139.3611,35.73016],[139.36058,35.72989],[139.3596,35.72961],[139.35927,35.7294],[139.35905,35.72913],[139.35877,35.7283],[139.35865,35.72816],[139.35839,35.72798],[139.35838,35.72784],[139.35844,35.72773],[139.3584,35.7276],[139.35809,35.72734],[139.35727,35.7269],[139.35696,35.72662],[139.35686,35.72646],[139.35675,35.72612],[139.3568,35.72516],[139.35673,35.725],[139.35642,35.72477],[139.35637,35.72462],[139.35639,35.72445],[139.35684,35.72393],[139.357,35.72333],[139.3572,35.72318],[139.35755,35.72304],[139.35764,35.72294],[139.35765,35.7228],[139.35759,35.72256],[139.35768,35.7223],[139.35791,35.72211],[139.35859,35.72167],[139.35988,35.72067],[139.36023,35.72046],[139.36062,35.72033],[139.36083,35.72035],[139.36114,35.72047],[139.36201,35.72122],[139.3624,35.72144],[139.36287,35.7216],[139.36381,35.72176],[139.36493,35.72185],[139.36531,35.72183],[139.36555,35.72178],[139.36562,35.72173],[139.36568,35.72158],[139.36557,35.7215],[139.36522,35.72146],[139.36506,35.72139],[139.36493,35.72126],[139.36462,35.72067],[139.36432,35.72044],[139.36393,35.72025],[139.36372,35.72006],[139.36351,35.71968],[139.36333,35.71908],[139.3632,35.71889],[139.36304,35.71878],[139.36284,35.71876],[139.36245,35.71887],[139.36195,35.71913],[139.36102,35.71971],[139.36076,35.71983],[139.3605,35.71988],[139.36035,35.71978],[139.36019,35.71956],[139.35965,35.71851],[139.35946,35.71831],[139.35892,35.718],[139.35819,35.7178],[139.35727,35.71771],[139.35648,35.71777],[139.35618,35.71786],[139.35594,35.71798],[139.35576,35.71815],[139.35563,35.71835],[139.35557,35.71859],[139.35559,35.71936],[139.35575,35.72005],[139.35587,35.72024],[139.35613,35.72045],[139.35704,35.7208],[139.3572,35.72099],[139.35721,35.72122],[139.35708,35.72141],[139.35685,35.72145],[139.35677,35.72151],[139.35681,35.72189],[139.35671,35.72199],[139.35629,35.72203],[139.35548,35.72197],[139.35522,35.72206],[139.35524,35.72218],[139.35552,35.72246],[139.35572,35.72255],[139.35599,35.7226],[139.35609,35.72267],[139.35625,35.72295],[139.35628,35.72316],[139.35623,35.72326],[139.35601,35.72341],[139.35593,35.72354],[139.35592,35.72383],[139.35599,35.72423],[139.35593,35.72452],[139.35581,35.72465],[139.35547,35.7248],[139.35538,35.7249],[139.35536,35.72503],[139.35544,35.72533],[139.35539,35.72546],[139.3549,35.7256],[139.35451,35.72587],[139.35435,35.72605],[139.35425,35.72634],[139.3543,35.72688],[139.35422,35.72705],[139.35405,35.7272],[139.35354,35.72738],[139.35323,35.72733],[139.35268,35.7269],[139.35185,35.72675],[139.35097,35.72643],[139.34989,35.72594],[139.34967,35.72579],[139.34951,35.72561],[139.34931,35.7255],[139.3478,35.72504],[139.34746,35.72487],[139.34727,35.72466],[139.34707,35.72458],[139.34669,35.72457],[139.3465,35.72466],[139.34643,35.72478],[139.34639,35.72509],[139.34628,35.7253],[139.34603,35.72553],[139.34576,35.72566],[139.34555,35.72568],[139.34539,35.72561],[139.34532,35.72546],[139.34528,35.72516],[139.34518,35.72503],[139.345,35.725],[139.34484,35.72508],[139.34467,35.72582],[139.34457,35.72589],[139.34429,35.72596],[139.34412,35.72651],[139.34392,35.72671],[139.34356,35.72695],[139.3434,35.72716],[139.34336,35.7274],[139.34341,35.72761],[139.34354,35.72776],[139.34373,35.72787],[139.34386,35.72808],[139.34389,35.72869],[139.34383,35.7289],[139.34371,35.72905],[139.34335,35.72922],[139.34315,35.72943],[139.34302,35.73025],[139.34288,35.73046],[139.34256,35.73067],[139.34252,35.73094],[139.34264,35.73114],[139.34318,35.73171],[139.34323,35.73196],[139.34317,35.73221],[139.3433,35.73237],[139.34366,35.73243],[139.34414,35.73239],[139.3445,35.73222],[139.34484,35.73184],[139.34495,35.73179],[139.34524,35.73176],[139.34584,35.73193],[139.34629,35.73216],[139.34662,35.73239],[139.34689,35.73273],[139.34691,35.73305],[139.34683,35.7333],[139.34674,35.7334],[139.34655,35.7335],[139.3465,35.73362],[139.34678,35.73396],[139.34686,35.73412],[139.34691,35.73442],[139.34688,35.73463],[139.34675,35.7348],[139.34652,35.73493],[139.34579,35.73508],[139.3454,35.73523],[139.34527,35.73536],[139.34516,35.73575],[139.3447,35.73589],[139.34443,35.73616],[139.34417,35.73624],[139.34357,35.73629],[139.34341,35.73637],[139.34332,35.73648],[139.34322,35.73691],[139.34312,35.737],[139.34292,35.73708],[139.34267,35.7371],[139.34239,35.73706],[139.34202,35.73688],[139.34183,35.7366],[139.34165,35.73603],[139.34112,35.73578],[139.341,35.73578],[139.34081,35.73593],[139.34065,35.73625],[139.34051,35.73671],[139.34042,35.73715],[139.34041,35.73761],[139.3407,35.73805],[139.34071,35.73827],[139.34064,35.73851],[139.34073,35.7387],[139.34146,35.73899],[139.34158,35.73911],[139.34165,35.73942],[139.34173,35.73955],[139.34189,35.73966],[139.34256,35.73989],[139.34271,35.74008],[139.34275,35.74032],[139.34283,35.74048],[139.34299,35.74061],[139.34335,35.7408],[139.34351,35.74096],[139.34353,35.74107],[139.34345,35.74134],[139.3428,35.74224],[139.3427,35.7427],[139.3428,35.74296],[139.34306,35.74331],[139.34314,35.74356],[139.34316,35.74383],[139.34309,35.74423],[139.34314,35.74453],[139.34326,35.74465],[139.34373,35.74487],[139.34379,35.74497],[139.34379,35.74513],[139.34361,35.74531],[139.34324,35.74544],[139.34301,35.74558],[139.34277,35.74595],[139.34259,35.74611],[139.34194,35.74623],[139.34169,35.74639],[139.34127,35.74678],[139.34084,35.74688],[139.34076,35.74699],[139.3407,35.74724],[139.34044,35.74742],[139.34018,35.74746],[139.33984,35.74744],[139.3393,35.74728],[139.33889,35.74698],[139.33835,35.74641],[139.33814,35.74633],[139.33805,35.74637],[139.33792,35.74661],[139.33783,35.74732],[139.33791,35.74781],[139.33811,35.74828],[139.33901,35.74947],[139.33933,35.75002],[139.33959,35.75062],[139.34,35.75184],[139.34018,35.75222],[139.34034,35.75243],[139.34041,35.75247],[139.34054,35.75246],[139.34067,35.75233],[139.34079,35.75151],[139.34088,35.75132],[139.34101,35.75119],[139.34118,35.75113],[139.34145,35.75115],[139.34173,35.75127],[139.34192,35.75145],[139.34197,35.75175],[139.34176,35.75249],[139.34179,35.75276],[139.34186,35.75287],[139.3421,35.75306],[139.34279,35.7533],[139.34299,35.75347],[139.34296,35.75358],[139.34268,35.75393],[139.34233,35.75485],[139.34212,35.75521],[139.34199,35.75535],[139.34165,35.75555],[139.34124,35.75563],[139.34078,35.75562],[139.34042,35.75554],[139.34017,35.75542],[139.34003,35.75523],[139.33991,35.75497],[139.33981,35.75491],[139.3397,35.75496],[139.33928,35.75533],[139.33901,35.7554],[139.33853,35.75518],[139.33795,35.75469],[139.33785,35.75448],[139.33817,35.75418],[139.3383,35.75368],[139.3385,35.75353],[139.33883,35.7534],[139.33889,35.75332],[139.33886,35.75322],[139.33869,35.75304],[139.33864,35.75275],[139.33891,35.75187],[139.33891,35.75158],[139.3386,35.75131],[139.3385,35.75088],[139.33839,35.75077],[139.33819,35.75069],[139.33757,35.75061],[139.33725,35.75036],[139.3368,35.74962],[139.33639,35.74854],[139.33614,35.74801],[139.33591,35.7477],[139.33569,35.74759],[139.33549,35.74767],[139.3353,35.74798],[139.33515,35.74932],[139.33499,35.75009],[139.33426,35.75273],[139.33393,35.75412],[139.33372,35.7558],[139.33357,35.75609],[139.33333,35.75624],[139.33318,35.75627],[139.3327,35.75624],[139.33245,35.75617],[139.33224,35.75605],[139.33209,35.75589],[139.33194,35.75561],[139.33184,35.75499],[139.33178,35.75485],[139.33159,35.75478],[139.33111,35.75484],[139.33079,35.75471],[139.33059,35.75445],[139.33057,35.75427],[139.33064,35.75385],[139.33056,35.75366],[139.33021,35.75342],[139.32964,35.75324],[139.32922,35.75304],[139.32882,35.75259],[139.32846,35.75251],[139.32771,35.75256],[139.32724,35.75248],[139.32702,35.75234],[139.32674,35.75197],[139.32659,35.75189],[139.32629,35.75214],[139.32552,35.7524],[139.32542,35.75261],[139.32573,35.75344],[139.32583,35.75445],[139.32591,35.7546],[139.32609,35.75467],[139.32616,35.75479],[139.32611,35.7553],[139.32572,35.75675],[139.32572,35.7573],[139.32585,35.75747],[139.32613,35.75758],[139.32634,35.75775],[139.32649,35.75806],[139.32658,35.75841],[139.32653,35.75868],[139.32621,35.75889],[139.32608,35.75907],[139.32603,35.75955],[139.32615,35.75981],[139.32647,35.75989],[139.32675,35.76015],[139.32699,35.76056],[139.32712,35.76095],[139.32707,35.76116],[139.32675,35.76137],[139.3267,35.76148],[139.32675,35.76172],[139.32698,35.76221],[139.32708,35.76271],[139.32711,35.76335],[139.327,35.76387],[139.32674,35.76418],[139.32636,35.76429],[139.32614,35.76444],[139.3261,35.76457],[139.32615,35.76481],[139.32604,35.76493],[139.3258,35.765],[139.32496,35.76504],[139.32447,35.76513],[139.32427,35.76525],[139.32412,35.76548],[139.32394,35.76559],[139.32351,35.76569],[139.32293,35.7657],[139.32255,35.76576],[139.32241,35.76584],[139.32234,35.76604],[139.32213,35.76612],[139.32177,35.76614],[139.32145,35.7661],[139.3213,35.76599],[139.32127,35.76583],[139.32115,35.76569],[139.32092,35.76559],[139.32072,35.76555],[139.32049,35.76566],[139.32022,35.76622],[139.31996,35.76645],[139.31954,35.76663],[139.31896,35.76678],[139.31749,35.76695],[139.31645,35.76687],[139.31629,35.76691],[139.31609,35.76709],[139.31594,35.76715],[139.31571,35.76717],[139.31483,35.76709],[139.31464,35.76713],[139.31443,35.76731],[139.31417,35.76738],[139.31343,35.76731],[139.31307,35.76732],[139.31291,35.76738],[139.3127,35.76757],[139.31225,35.76767],[139.31178,35.76767],[139.31149,35.7676],[139.31143,35.76753],[139.31148,35.76734],[139.3114,35.7673],[139.31097,35.76735],[139.31069,35.76749],[139.3106,35.76774],[139.31066,35.76805],[139.31065,35.76826],[139.31057,35.76833],[139.31039,35.76835],[139.31026,35.76841],[139.31021,35.76865],[139.31029,35.76875],[139.31052,35.7688],[139.31065,35.76888],[139.31093,35.76939],[139.31111,35.77002],[139.31116,35.7705],[139.31111,35.77072],[139.31091,35.77098],[139.31096,35.77103],[139.3113,35.77109],[139.31154,35.77141],[139.3119,35.77317],[139.31201,35.77342],[139.31225,35.77372],[139.31233,35.77393],[139.3124,35.77471],[139.31255,35.77534],[139.31345,35.77748],[139.31346,35.77763],[139.31341,35.77777],[139.3131,35.77799],[139.31302,35.7781],[139.313,35.77825],[139.31309,35.77885],[139.31304,35.77901],[139.31279,35.77933],[139.31284,35.77938],[139.31327,35.77944],[139.31342,35.77954],[139.31357,35.77979],[139.31361,35.78001],[139.31355,35.7802],[139.31339,35.78036],[139.31242,35.78078],[139.31214,35.78105],[139.31196,35.78115],[139.3117,35.78119],[139.31141,35.78117],[139.3112,35.78109],[139.31108,35.78094],[139.31098,35.78094],[139.31077,35.78124],[139.31037,35.7821],[139.31014,35.78245],[139.30976,35.78273],[139.30938,35.78277],[139.3092,35.78287],[139.3092,35.78298],[139.30941,35.78332],[139.30946,35.78362],[139.30935,35.78405],[139.30917,35.78429],[139.30891,35.78444],[139.30852,35.78448],[139.30827,35.78441],[139.30796,35.78421],[139.30773,35.78415],[139.30711,35.7841],[139.30681,35.78417],[139.30644,35.78442],[139.30612,35.785],[139.30587,35.78529],[139.30568,35.78536],[139.3053,35.7853],[139.30515,35.78531],[139.30478,35.78563],[139.30439,35.78572],[139.30418,35.78593],[139.3039,35.78643],[139.30365,35.78672],[139.30336,35.78689],[139.30313,35.78692],[139.30282,35.78683],[139.30242,35.78663],[139.30139,35.78596],[139.30091,35.78572],[139.30068,35.78565],[139.30027,35.7856],[139.29957,35.78572],[139.29905,35.78559],[139.29797,35.78485],[139.29748,35.78467],[139.29728,35.78442],[139.29684,35.78359],[139.29657,35.7834],[139.29627,35.7834],[139.29611,35.78349],[139.29598,35.78364],[139.29582,35.78415],[139.29583,35.78454],[139.29608,35.78512],[139.29609,35.78543],[139.29599,35.78561],[139.29551,35.78609],[139.29538,35.78646],[139.29507,35.78655],[139.29502,35.78664],[139.29507,35.7869],[139.29527,35.78739],[139.29527,35.7876],[139.29492,35.78773],[139.29484,35.78798],[139.29469,35.78816],[139.29355,35.78904],[139.29315,35.78941],[139.29268,35.79002],[139.29225,35.79083],[139.29199,35.79116],[139.29158,35.79132],[139.29151,35.79155],[139.29139,35.79165],[139.29097,35.7917],[139.29077,35.79176],[139.29064,35.79207],[139.2902,35.7922],[139.28992,35.7926],[139.28962,35.79282],[139.28843,35.79323],[139.28821,35.79334],[139.28799,35.79356],[139.28786,35.79362],[139.28756,35.79363],[139.28716,35.79357],[139.28683,35.79364],[139.28664,35.79378],[139.28629,35.79424],[139.28601,35.79438],[139.28587,35.79436],[139.28571,35.79423],[139.28545,35.79366],[139.28525,35.79341],[139.28496,35.79322],[139.2847,35.79319],[139.28452,35.79339],[139.2844,35.79378],[139.28421,35.79407],[139.28405,35.7942],[139.28375,35.79431],[139.28348,35.79448],[139.28303,35.79505],[139.28282,35.79522],[139.28268,35.79526],[139.28243,35.79522],[139.28214,35.79494],[139.28201,35.79549],[139.28185,35.79568],[139.28169,35.79578],[139.28111,35.79586],[139.28006,35.79578],[139.27969,35.79587],[139.2796,35.79599],[139.27959,35.79615],[139.27951,35.79631],[139.27923,35.79639],[139.27913,35.79648],[139.27905,35.79674],[139.27902,35.79712],[139.27887,35.79732],[139.27868,35.79733],[139.27828,35.7972],[139.27791,35.79716],[139.27718,35.79738],[139.27712,35.79733],[139.27702,35.79705],[139.27679,35.79691],[139.27639,35.79687],[139.27561,35.79694],[139.27533,35.79691],[139.27511,35.79681],[139.2748,35.79645],[139.27468,35.79641],[139.27458,35.79654],[139.27438,35.79733],[139.27422,35.79763],[139.27409,35.7977],[139.27379,35.79777],[139.27346,35.79809],[139.27253,35.79854],[139.27198,35.79875],[139.27123,35.79895],[139.27077,35.79902],[139.27016,35.79905],[139.26983,35.79912],[139.26947,35.79933],[139.26907,35.79979],[139.2688,35.79992],[139.2685,35.79992],[139.26827,35.79982],[139.26814,35.79967],[139.26796,35.79925],[139.26674,35.7992],[139.26642,35.79909],[139.26627,35.79899],[139.26616,35.79881],[139.26608,35.79855],[139.26603,35.79757],[139.26595,35.79712],[139.26586,35.79694],[139.2656,35.79673],[139.26559,35.79654],[139.26565,35.79638],[139.26551,35.79626],[139.26479,35.79622],[139.26258,35.79639],[139.26175,35.79639],[139.2615,35.79632],[139.26136,35.79617],[139.2612,35.79611],[139.2606,35.79605],[139.26034,35.79599],[139.26026,35.79591],[139.26019,35.79571],[139.26007,35.79565],[139.25976,35.79561],[139.25937,35.79562],[139.25906,35.79571],[139.25873,35.7959],[139.25846,35.79598],[139.25707,35.79607],[139.25658,35.79619],[139.25595,35.79656],[139.25541,35.79709],[139.25493,35.79746],[139.25463,35.79758],[139.25422,35.79759],[139.25396,35.7975],[139.25373,35.79734],[139.25341,35.79697],[139.25317,35.79644],[139.25315,35.7962],[139.25322,35.79586],[139.25313,35.79552],[139.25296,35.79529],[139.2524,35.79477],[139.2522,35.79438],[139.25205,35.79439],[139.25178,35.7945],[139.25034,35.79523],[139.25005,35.79532],[139.24972,35.79532],[139.24937,35.79517],[139.24909,35.79486],[139.249,35.79453],[139.24907,35.79412],[139.24899,35.794],[139.24819,35.7937],[139.24811,35.7936],[139.24807,35.79344],[139.24796,35.79337],[139.24764,35.7933],[139.24716,35.79328],[139.2469,35.79321],[139.24664,35.79299],[139.24648,35.79268],[139.2462,35.7925],[139.24574,35.79237],[139.24511,35.79228],[139.24411,35.79223],[139.24368,35.79227],[139.24344,35.79237],[139.24334,35.79268],[139.24313,35.79289],[139.24277,35.79307],[139.2425,35.7931],[139.24214,35.79293],[139.24162,35.79226],[139.24141,35.79214],[139.2412,35.79215],[139.24099,35.79229],[139.24076,35.79263],[139.24066,35.79292],[139.24059,35.79364],[139.24041,35.79389],[139.2401,35.79403],[139.23989,35.79406],[139.23887,35.79402],[139.23825,35.79415],[139.23792,35.79432],[139.23731,35.79474],[139.2368,35.79488],[139.23654,35.79526],[139.23642,35.79534],[139.23619,35.79533],[139.23587,35.79518],[139.23541,35.79504],[139.23432,35.7949],[139.23395,35.79494],[139.23366,35.79508],[139.2332,35.79566],[139.23297,35.79582],[139.23269,35.79591],[139.23236,35.79592],[139.23192,35.79586],[139.23159,35.7957],[139.23128,35.79541],[139.23108,35.79534],[139.23085,35.79532],[139.23058,35.79536],[139.23029,35.79555],[139.2302,35.7959],[139.23026,35.79639],[139.23021,35.79686],[139.23008,35.79716],[139.2296,35.79794],[139.22952,35.79823],[139.22955,35.7985],[139.2297,35.7989],[139.23,35.79935],[139.23036,35.79969],[139.23123,35.80032],[139.23142,35.80056],[139.23144,35.80068],[139.23131,35.80094],[139.23068,35.80155],[139.23051,35.80195],[139.23006,35.80208],[139.22947,35.8026],[139.22916,35.80281],[139.22866,35.80291],[139.22854,35.80302],[139.22848,35.80333],[139.22857,35.8038],[139.22876,35.80428],[139.22907,35.80467],[139.22918,35.80528],[139.22918,35.80591],[139.2291,35.8064],[139.229,35.80662],[139.2288,35.8068],[139.22836,35.80694],[139.22816,35.80694],[139.22794,35.80689],[139.22758,35.80668],[139.22705,35.80619],[139.22671,35.80602],[139.22653,35.80605],[139.22623,35.80632],[139.22597,35.80645],[139.22567,35.80648],[139.22547,35.80645],[139.22516,35.80632],[139.22476,35.80601],[139.22456,35.80579],[139.22449,35.80554],[139.22441,35.80546],[139.2241,35.80542],[139.22336,35.80548],[139.22286,35.80544],[139.22258,35.80534],[139.22227,35.8051],[139.22208,35.80488],[139.22199,35.80458],[139.22193,35.80452],[139.22164,35.80453],[139.22137,35.80467],[139.22125,35.80484],[139.22119,35.80509],[139.22118,35.80557],[139.22125,35.80591],[139.22135,35.80606],[139.22171,35.80635],[139.22229,35.80731],[139.22272,35.80781],[139.22326,35.80821],[139.22401,35.80856],[139.22443,35.80864],[139.22488,35.80859],[139.22537,35.80873],[139.22586,35.80906],[139.22607,35.80931],[139.22612,35.80957],[139.22606,35.80978],[139.22593,35.80992],[139.22575,35.81002],[139.22565,35.81017],[139.22573,35.81054],[139.22569,35.81068],[139.22546,35.81082],[139.2249,35.81101],[139.22477,35.81113],[139.22472,35.81136],[139.22463,35.8115],[139.22426,35.81162],[139.22387,35.81165],[139.22303,35.81161],[139.22263,35.8115],[139.22247,35.81139],[139.22232,35.8112],[139.22223,35.81081],[139.22229,35.81062],[139.22237,35.81055],[139.22274,35.81045],[139.22279,35.81032],[139.22275,35.81021],[139.22251,35.81008],[139.22208,35.80993],[139.22109,35.80968],[139.22023,35.80953],[139.2198,35.80954],[139.21975,35.80958],[139.21977,35.80968],[139.21988,35.80979],[139.2205,35.80988],[139.22089,35.81009],[139.22108,35.81035],[139.22113,35.81067],[139.221,35.81097],[139.22042,35.81142],[139.2203,35.8117],[139.22028,35.81202],[139.2202,35.81226],[139.2201,35.81237],[139.21982,35.81254],[139.21965,35.81291],[139.21937,35.81298],[139.21907,35.81293],[139.21881,35.81271],[139.21839,35.8121],[139.21793,35.81185],[139.21751,35.81175],[139.21678,35.81169],[139.2163,35.81171],[139.21468,35.81194],[139.21415,35.8119],[139.21373,35.81177],[139.2135,35.81178],[139.2133,35.81188],[139.21296,35.81236],[139.21269,35.81259],[139.2121,35.81285],[139.21116,35.81309],[139.21093,35.81323],[139.2109,35.81338],[139.21132,35.81384],[139.21157,35.81448],[139.21149,35.8149],[139.21129,35.81518],[139.21075,35.8156],[139.2102,35.81589],[139.20991,35.81598],[139.20946,35.81595],[139.20927,35.816],[139.2091,35.81613],[139.20869,35.81671],[139.20842,35.81684],[139.2081,35.81689],[139.20752,35.81682],[139.20713,35.8167],[139.207,35.8166],[139.2069,35.81635],[139.20628,35.81606],[139.20616,35.81592],[139.2061,35.81569],[139.20597,35.81562],[139.20578,35.81561],[139.20569,35.81551],[139.20576,35.81524],[139.20599,35.81503],[139.20642,35.81488],[139.20743,35.81467],[139.20767,35.81453],[139.20775,35.81428],[139.2077,35.81398],[139.20754,35.81373],[139.20718,35.81352],[139.20643,35.81327],[139.20592,35.81304],[139.20554,35.81274],[139.20515,35.81221],[139.20507,35.81194],[139.20512,35.81168],[139.20527,35.81143],[139.20584,35.81088],[139.20591,35.81069],[139.20585,35.81056],[139.20546,35.81059],[139.20483,35.8108],[139.20446,35.81101],[139.20412,35.81134],[139.20368,35.81156],[139.20247,35.81186],[139.20183,35.81209],[139.20151,35.81228],[139.20097,35.81275],[139.20066,35.81287],[139.20019,35.81284],[139.20001,35.81273],[139.19988,35.81258],[139.1997,35.8125],[139.19856,35.81239],[139.1983,35.81226],[139.19828,35.81213],[139.19837,35.81167],[139.19829,35.81124],[139.19811,35.81089],[139.19779,35.81067],[139.19768,35.81052],[139.19754,35.81017],[139.19746,35.80968],[139.19755,35.80933],[139.19775,35.80896],[139.19845,35.80821],[139.19863,35.80796],[139.19862,35.80782],[139.19854,35.80779],[139.19807,35.80785],[139.19751,35.80803],[139.1967,35.80841],[139.19637,35.80867],[139.19611,35.80913],[139.19612,35.81005],[139.19596,35.81052],[139.19505,35.81148],[139.19432,35.8125],[139.19389,35.81288],[139.19302,35.81334],[139.19115,35.81398],[139.19081,35.81417],[139.19037,35.81453],[139.19004,35.81462],[139.18964,35.81462],[139.18921,35.81452],[139.18892,35.8143],[139.18883,35.81393],[139.1889,35.81342],[139.18882,35.81322],[139.18873,35.81315],[139.18847,35.81306],[139.18775,35.81302],[139.18752,35.81297],[139.18739,35.81289],[139.1873,35.81269],[139.18715,35.81263],[139.18628,35.81256],[139.18582,35.81243],[139.18567,35.81233],[139.18554,35.81214],[139.18553,35.81191],[139.1856,35.81168],[139.18557,35.81158],[139.18544,35.81154],[139.18496,35.81159],[139.18467,35.81155],[139.18453,35.81145],[139.18441,35.81122],[139.18423,35.81106],[139.18378,35.81098],[139.18358,35.81089],[139.18349,35.81054],[139.18338,35.81042],[139.18306,35.81032],[139.18258,35.81029],[139.18234,35.81018],[139.18215,35.80986],[139.18212,35.8094],[139.18203,35.80919],[139.18188,35.80907],[139.18177,35.80905],[139.18137,35.80908],[139.18107,35.80903],[139.1806,35.8088],[139.18026,35.80854],[139.17994,35.80821],[139.17966,35.80783],[139.1791,35.8067],[139.17892,35.80645],[139.17875,35.80642],[139.17867,35.80648],[139.17833,35.80705],[139.17792,35.80734],[139.17755,35.80745],[139.17715,35.80749],[139.17682,35.80745],[139.17657,35.80735],[139.17631,35.80706],[139.17621,35.80675],[139.17626,35.80668],[139.17644,35.80666],[139.17653,35.8066],[139.17644,35.80633],[139.17646,35.80626],[139.17676,35.8062],[139.17681,35.80615],[139.17663,35.80577],[139.17611,35.80604],[139.17593,35.80606],[139.17588,35.80603],[139.17581,35.80587],[139.17581,35.80532],[139.17557,35.80565],[139.17528,35.80576],[139.17503,35.80572],[139.17477,35.80546],[139.17461,35.8054],[139.17439,35.80538],[139.17348,35.80545],[139.17325,35.80541]],[[139.09111,35.80058],[139.09167,35.80054],[139.09187,35.80062],[139.09212,35.80092],[139.09241,35.80161],[139.09261,35.80194],[139.09275,35.80203],[139.09301,35.80198],[139.09312,35.802],[139.09341,35.80229],[139.09364,35.80236],[139.09389,35.8023],[139.09417,35.80191],[139.09437,35.80181],[139.09487,35.80178],[139.09555,35.80182],[139.09592,35.80174],[139.09608,35.80166],[139.09633,35.8014],[139.09673,35.8006],[139.09691,35.80043],[139.0971,35.80035],[139.09753,35.80043],[139.09785,35.8007],[139.09796,35.80068],[139.09833,35.80048],[139.09856,35.80044],[139.09918,35.80049],[139.09945,35.80063],[139.09965,35.80089],[139.09971,35.80106],[139.09984,35.80226],[139.09996,35.80242],[139.10003,35.80244],[139.10045,35.80229],[139.10069,35.80225],[139.10134,35.80232],[139.10153,35.80229],[139.10168,35.80211],[139.10177,35.80169],[139.10203,35.80139],[139.10266,35.80106],[139.10336,35.80082],[139.10403,35.8007],[139.10439,35.80071],[139.10455,35.80077],[139.10476,35.801],[139.10506,35.80108],[139.10516,35.80116],[139.1052,35.80167],[139.10506,35.80248],[139.1049,35.8029],[139.10464,35.80321],[139.10457,35.80343],[139.10455,35.80391],[139.10463,35.80473],[139.10457,35.80515],[139.10425,35.80559],[139.10405,35.80651],[139.1032,35.80806],[139.10308,35.80835],[139.10294,35.80891],[139.10275,35.80916],[139.10246,35.80942],[139.10226,35.80974],[139.10214,35.81055],[139.1019,35.81117],[139.10141,35.81191],[139.10097,35.8123],[139.10094,35.8126],[139.10099,35.8131],[139.10129,35.81461],[139.1013,35.8153],[139.10124,35.81559],[139.10102,35.81609],[139.10085,35.81629],[139.10022,35.81674],[139.0998,35.81695],[139.09939,35.81709],[139.09897,35.81717],[139.09859,35.81718],[139.09827,35.81713],[139.098,35.81703],[139.09769,35.81679],[139.0975,35.81657],[139.09741,35.81628],[139.09734,35.81622],[139.09664,35.81625],[139.09633,35.81612],[139.09595,35.81586],[139.0958,35.81584],[139.09569,35.8159],[139.09556,35.81612],[139.09538,35.81631],[139.0947,35.81661],[139.09395,35.81725],[139.09353,35.81741],[139.09304,35.81745],[139.09276,35.81738],[139.09256,35.8172],[139.09246,35.81693],[139.09241,35.81639],[139.09224,35.81614],[139.0921,35.81605],[139.09172,35.81597],[139.09072,35.81601],[139.09035,35.81599],[139.09008,35.81593],[139.08987,35.81576],[139.08982,35.81562],[139.08984,35.81544],[139.09016,35.81483],[139.09024,35.81453],[139.09016,35.81429],[139.08978,35.81402],[139.0897,35.81376],[139.08975,35.81344],[139.09007,35.81304],[139.09015,35.81277],[139.09017,35.81237],[139.09011,35.81125],[139.09018,35.81073],[139.09034,35.8103],[139.09047,35.81012],[139.09109,35.80955],[139.0914,35.80917],[139.09156,35.80882],[139.09154,35.80844],[139.09132,35.808],[139.09107,35.80767],[139.09073,35.80741],[139.09053,35.80733],[139.09006,35.80724],[139.08979,35.80724],[139.08919,35.80732],[139.08868,35.80733],[139.08833,35.80722],[139.08814,35.80698],[139.08802,35.80608],[139.08793,35.80595],[139.08761,35.80586],[139.08756,35.80567],[139.08761,35.80558],[139.08774,35.80552],[139.08855,35.80544],[139.08884,35.80534],[139.08898,35.80523],[139.08908,35.80508],[139.08913,35.80487],[139.08908,35.80397],[139.08924,35.80359],[139.08945,35.80339],[139.08985,35.80317],[139.09022,35.80305],[139.09054,35.80302],[139.09071,35.80299],[139.09083,35.80291],[139.09089,35.8028],[139.0909,35.80256],[139.09072,35.80227],[139.09036,35.80202],[139.09022,35.80185],[139.0901,35.80152],[139.09011,35.80113],[139.0902,35.80092],[139.09036,35.80076],[139.09058,35.80066],[139.09111,35.80058]],[[139.17194,35.80995],[139.17188,35.81035],[139.17132,35.81136],[139.17093,35.81252],[139.17075,35.81292],[139.1704,35.81336],[139.17001,35.81364],[139.16982,35.81385],[139.1697,35.81408],[139.16964,35.81434],[139.16968,35.81462],[139.16976,35.81477],[139.17003,35.81508],[139.17045,35.8154],[139.17131,35.81593],[139.17175,35.81638],[139.17206,35.81691],[139.17223,35.81752],[139.17227,35.81817],[139.17223,35.81872],[139.172,35.81937],[139.17174,35.81967],[139.17133,35.82003],[139.17063,35.82041],[139.17014,35.82054],[139.16974,35.82058],[139.16881,35.82059],[139.16809,35.82045],[139.16761,35.8203],[139.16691,35.82],[139.16646,35.81991],[139.16631,35.81999],[139.16625,35.82029],[139.16612,35.82047],[139.16573,35.82064],[139.16516,35.82076],[139.1649,35.82092],[139.16481,35.82103],[139.16472,35.82132],[139.16479,35.82203],[139.16476,35.8223],[139.16469,35.8225],[139.16448,35.82268],[139.16396,35.82282],[139.16346,35.82279],[139.1632,35.82266],[139.16302,35.82237],[139.16283,35.82228],[139.16267,35.8223],[139.16225,35.82248],[139.16201,35.82251],[139.16176,35.82251],[139.16136,35.82242],[139.16117,35.82233],[139.16105,35.82221],[139.16097,35.8219],[139.16082,35.82175],[139.16055,35.82161],[139.15953,35.82127],[139.15926,35.82105],[139.15917,35.82093],[139.15908,35.82063],[139.15914,35.82002],[139.15922,35.81978],[139.15951,35.81925],[139.15962,35.8187],[139.15965,35.81793],[139.15959,35.81747],[139.15945,35.81715],[139.15921,35.81698],[139.15844,35.81687],[139.15822,35.81678],[139.15804,35.81664],[139.15779,35.81618],[139.15769,35.81547],[139.15756,35.81529],[139.15743,35.81523],[139.15728,35.8153],[139.15711,35.81553],[139.15659,35.81681],[139.15616,35.81761],[139.1558,35.81808],[139.15519,35.81866],[139.1548,35.81894],[139.15442,35.81915],[139.15337,35.81944],[139.15305,35.8197],[139.15278,35.81985],[139.15113,35.82044],[139.15063,35.82067],[139.15029,35.82089],[139.15017,35.821],[139.15,35.82133],[139.14978,35.82148],[139.14922,35.8216],[139.14845,35.82164],[139.14805,35.82176],[139.14776,35.82198],[139.14767,35.82213],[139.14743,35.82296],[139.14726,35.82323],[139.14712,35.82331],[139.14619,35.82339],[139.14483,35.82339],[139.14408,35.82332],[139.14372,35.82319],[139.14359,35.82266],[139.14359,35.82153],[139.14371,35.82071],[139.14411,35.81925],[139.14409,35.81902],[139.14402,35.81884],[139.14388,35.8187],[139.14368,35.8186],[139.14342,35.81854],[139.14208,35.81855],[139.1414,35.81842],[139.14115,35.81825],[139.14092,35.81794],[139.14072,35.81779],[139.13983,35.81746],[139.13949,35.81721],[139.13917,35.81691],[139.13882,35.81679],[139.13856,35.81683],[139.13761,35.81728],[139.13696,35.81746],[139.13604,35.81762],[139.13488,35.8176],[139.13436,35.81778],[139.13405,35.81795],[139.13332,35.81843],[139.13132,35.81995],[139.13077,35.8203],[139.13011,35.82057],[139.12998,35.82066],[139.12967,35.82112],[139.1291,35.82278],[139.12881,35.82324],[139.12859,35.82345],[139.12829,35.82359],[139.12793,35.82365],[139.12654,35.8236],[139.12634,35.82366],[139.12607,35.82389],[139.1255,35.82396],[139.12491,35.82388],[139.12424,35.8237],[139.12396,35.82355],[139.12377,35.82336],[139.12364,35.823],[139.12367,35.82262],[139.12378,35.82237],[139.12407,35.82218],[139.12418,35.82205],[139.12421,35.82189],[139.12414,35.82179],[139.12376,35.82163],[139.12313,35.82154],[139.12276,35.82158],[139.12245,35.82175],[139.12236,35.82174],[139.1223,35.82163],[139.12224,35.82114],[139.12207,35.82087],[139.12156,35.8205],[139.12061,35.82003],[139.12033,35.81978],[139.1202,35.81951],[139.12028,35.8191],[139.12054,35.81864],[139.1209,35.81829],[139.12091,35.81818],[139.12064,35.81808],[139.12007,35.81806],[139.11956,35.81796],[139.11929,35.81784],[139.11871,35.81747],[139.11779,35.8172],[139.11755,35.81704],[139.11736,35.81664],[139.11737,35.81593],[139.11748,35.81559],[139.11785,35.81527],[139.11791,35.81497],[139.11783,35.81484],[139.11765,35.81477],[139.11736,35.81476],[139.11697,35.8148],[139.11656,35.8149],[139.11593,35.81519],[139.11508,35.81579],[139.11434,35.8161],[139.11378,35.81621],[139.11288,35.8162],[139.11235,35.81611],[139.11188,35.81595],[139.11093,35.81533],[139.1105,35.81512],[139.10875,35.81458],[139.10818,35.81425],[139.10789,35.81398],[139.10758,35.81343],[139.10746,35.81296],[139.10742,35.81209],[139.10754,35.81149],[139.10782,35.81092],[139.10802,35.81065],[139.1093,35.80942],[139.10953,35.80904],[139.10956,35.80887],[139.10946,35.8086],[139.1092,35.80834],[139.1091,35.80816],[139.10895,35.80771],[139.10886,35.80714],[139.10884,35.8061],[139.10865,35.80522],[139.10842,35.80476],[139.10782,35.80406],[139.10762,35.80375],[139.10752,35.80345],[139.10752,35.80304],[139.10763,35.80285],[139.10783,35.80272],[139.10811,35.80267],[139.10856,35.80271],[139.10882,35.80284],[139.1089,35.80314],[139.10906,35.80333],[139.1093,35.80343],[139.10999,35.80359],[139.11064,35.80291],[139.11083,35.80277],[139.11107,35.80269],[139.11137,35.80276],[139.11158,35.803],[139.11171,35.80307],[139.11227,35.80315],[139.11256,35.80328],[139.11302,35.80379],[139.11352,35.80468],[139.11402,35.80541],[139.11472,35.80621],[139.11563,35.80709],[139.11728,35.80846],[139.11823,35.80914],[139.11902,35.8096],[139.11963,35.80983],[139.1201,35.80987],[139.12071,35.80983],[139.12105,35.80974],[139.12167,35.80945],[139.1223,35.80932],[139.12307,35.8093],[139.12385,35.80936],[139.12455,35.80953],[139.12518,35.80978],[139.12594,35.81022],[139.12666,35.81075],[139.12733,35.81105],[139.12816,35.81123],[139.12875,35.81128],[139.12945,35.81127],[139.12992,35.81117],[139.13003,35.81111],[139.1302,35.81088],[139.13036,35.81025],[139.13044,35.80897],[139.1305,35.80873],[139.13072,35.80844],[139.13087,35.80839],[139.13105,35.80841],[139.13217,35.80895],[139.13258,35.80907],[139.13312,35.80913],[139.1336,35.80906],[139.13371,35.80899],[139.13375,35.80883],[139.13383,35.80873],[139.13409,35.80862],[139.13469,35.80846],[139.13512,35.80813],[139.13557,35.8081],[139.1362,35.80823],[139.13656,35.8084],[139.13708,35.80886],[139.13741,35.80895],[139.13746,35.80906],[139.13713,35.81029],[139.13724,35.81108],[139.13721,35.81132],[139.13715,35.81144],[139.13699,35.81156],[139.13656,35.81163],[139.1364,35.81172],[139.13631,35.81194],[139.13629,35.81229],[139.13639,35.81301],[139.13664,35.81368],[139.13705,35.81425],[139.13743,35.81457],[139.13792,35.81483],[139.13889,35.81508],[139.13969,35.81515],[139.14088,35.81516],[139.142,35.81504],[139.14329,35.81473],[139.14408,35.81444],[139.14447,35.81415],[139.14364,35.81415],[139.14384,35.81386],[139.14403,35.81373],[139.14504,35.81339],[139.14539,35.81312],[139.14547,35.8129],[139.14541,35.81236],[139.14546,35.81203],[139.14563,35.81175],[139.14589,35.81152],[139.14636,35.81126],[139.1469,35.81111],[139.14942,35.81083],[139.15013,35.81059],[139.15043,35.81041],[139.1509,35.80993],[139.15138,35.80899],[139.15177,35.80849],[139.152,35.8083],[139.15252,35.80801],[139.15402,35.80764],[139.15426,35.80753],[139.15452,35.8073],[139.15476,35.80723],[139.15524,35.80727],[139.1557,35.80752],[139.15586,35.80755],[139.15613,35.80746],[139.15646,35.80724],[139.15693,35.80711],[139.15733,35.8071],[139.15819,35.80717],[139.15855,35.80713],[139.15864,35.80705],[139.1588,35.80672],[139.15937,35.80611],[139.16011,35.80548],[139.16056,35.80523],[139.16086,35.8053],[139.16133,35.80562],[139.16161,35.80592],[139.1617,35.80622],[139.16182,35.80636],[139.16252,35.80659],[139.16273,35.80617],[139.16299,35.80601],[139.16361,35.80586],[139.16448,35.80577],[139.1651,35.80566],[139.16534,35.80556],[139.1656,35.80533],[139.1664,35.80518],[139.16752,35.80458],[139.16813,35.80439],[139.16869,35.8044],[139.16938,35.80458],[139.16998,35.8049],[139.17039,35.80529],[139.17076,35.80545],[139.17116,35.8055],[139.17221,35.80552],[139.17262,35.80573],[139.1726,35.80579],[139.17239,35.80591],[139.17232,35.806],[139.17235,35.80652],[139.1722,35.80656],[139.17181,35.80652],[139.17164,35.80658],[139.17133,35.80692],[139.17127,35.80723],[139.17137,35.80791],[139.17188,35.80944],[139.17194,35.80995]],[[139.24008,35.73033],[139.24015,35.73046],[139.24014,35.73088],[139.23999,35.73128],[139.23973,35.73162],[139.23921,35.73196],[139.2388,35.73212],[139.23812,35.73219],[139.23782,35.73232],[139.23768,35.73247],[139.23742,35.73299],[139.23698,35.73315],[139.23688,35.73345],[139.23673,35.73366],[139.23645,35.7339],[139.23606,35.73416],[139.23536,35.73449],[139.23475,35.73471],[139.23418,35.73483],[139.23339,35.7349],[139.23352,35.73501],[139.23411,35.73525],[139.23433,35.73542],[139.23449,35.73561],[139.23462,35.73614],[139.23453,35.7366],[139.23431,35.73683],[139.23385,35.73691],[139.23371,35.73702],[139.23362,35.73721],[139.23354,35.73779],[139.23336,35.73799],[139.23322,35.73804],[139.23284,35.73807],[139.23183,35.73791],[139.2314,35.73789],[139.23088,35.73798],[139.23052,35.7382],[139.23037,35.73857],[139.23044,35.73929],[139.23063,35.73978],[139.23098,35.74006],[139.23107,35.74033],[139.23098,35.74071],[139.23075,35.74096],[139.23044,35.74111],[139.23014,35.74119],[139.22957,35.74128],[139.2292,35.74128],[139.22873,35.74115],[139.22826,35.74076],[139.22797,35.74061],[139.2274,35.74048],[139.22694,35.74046],[139.22618,35.74056],[139.22594,35.74068],[139.22554,35.74103],[139.22527,35.74112],[139.22507,35.74113],[139.22474,35.74106],[139.22447,35.74082],[139.22419,35.74074],[139.22344,35.74068],[139.22181,35.74064],[139.22115,35.74056],[139.22097,35.74044],[139.22089,35.74031],[139.22083,35.73983],[139.22076,35.73961],[139.22066,35.73954],[139.22047,35.73952],[139.22026,35.73942],[139.21992,35.73906],[139.2198,35.73877],[139.21973,35.73824],[139.21965,35.73809],[139.21939,35.73796],[139.219,35.73793],[139.21862,35.73784],[139.21829,35.73764],[139.21809,35.73746],[139.21795,35.73722],[139.21786,35.73692],[139.21781,35.73619],[139.21773,35.73587],[139.21758,35.7356],[139.2171,35.73521],[139.21688,35.73493],[139.21686,35.73461],[139.21694,35.73439],[139.21708,35.73422],[139.21726,35.73409],[139.21784,35.73392],[139.21794,35.73384],[139.21776,35.73372],[139.21767,35.73357],[139.21776,35.73314],[139.21774,35.73304],[139.21767,35.73299],[139.21736,35.73294],[139.21715,35.73272],[139.21713,35.7326],[139.21719,35.73246],[139.21764,35.73201],[139.2177,35.73188],[139.21736,35.73178],[139.21726,35.73145],[139.21694,35.73122],[139.21685,35.73104],[139.21672,35.72965],[139.2166,35.7294],[139.21641,35.72935],[139.21634,35.72924],[139.21632,35.72905],[139.21642,35.72818],[139.21633,35.72789],[139.21616,35.7277],[139.21615,35.72757],[139.21634,35.72735],[139.2169,35.72693],[139.21702,35.72676],[139.21712,35.72642],[139.21755,35.72611],[139.21841,35.72573],[139.21975,35.72528],[139.22044,35.72512],[139.22087,35.7251],[139.22117,35.72504],[139.22156,35.72471],[139.22188,35.72453],[139.22345,35.72382],[139.22402,35.72365],[139.22425,35.72365],[139.22451,35.72382],[139.22461,35.72416],[139.22487,35.72423],[139.22506,35.72412],[139.22513,35.72378],[139.22533,35.72365],[139.22563,35.72365],[139.22649,35.72379],[139.22651,35.7235],[139.22657,35.72341],[139.22669,35.72336],[139.22696,35.72334],[139.22742,35.72344],[139.22806,35.72378],[139.22832,35.72382],[139.22841,35.72371],[139.22848,35.7232],[139.22868,35.72282],[139.22898,35.72253],[139.22946,35.72232],[139.22974,35.72232],[139.22981,35.72238],[139.22984,35.72253],[139.23008,35.72267],[139.23094,35.72282],[139.23145,35.72278],[139.23172,35.72268],[139.23212,35.72243],[139.23233,35.72243],[139.23255,35.72276],[139.23268,35.72285],[139.23314,35.72293],[139.23333,35.72302],[139.23348,35.72353],[139.23367,35.72373],[139.23395,35.72391],[139.23411,35.72411],[139.23406,35.72466],[139.23431,35.72475],[139.23436,35.72485],[139.23434,35.72504],[139.23418,35.72549],[139.23392,35.72586],[139.23358,35.72605],[139.23289,35.72614],[139.23274,35.72624],[139.23255,35.72652],[139.23343,35.72639],[139.2338,35.72638],[139.23422,35.72648],[139.23476,35.72676],[139.23546,35.7268],[139.23558,35.72691],[139.23564,35.72714],[139.23583,35.72721],[139.23595,35.72721],[139.23604,35.72714],[139.23597,35.72691],[139.23601,35.72685],[139.23623,35.72684],[139.23661,35.72694],[139.2368,35.72708],[139.23692,35.7273],[139.237,35.72804],[139.2373,35.72732],[139.23742,35.72724],[139.23779,35.72715],[139.23805,35.72692],[139.23818,35.72696],[139.23838,35.72712],[139.2389,35.72768],[139.23925,35.72769],[139.23939,35.72774],[139.23976,35.72827],[139.23999,35.72842],[139.24027,35.72853],[139.24043,35.72871],[139.24043,35.72898],[139.24026,35.72937],[139.24009,35.72955],[139.2398,35.72972],[139.23971,35.72991],[139.23976,35.73011],[139.24008,35.73033]],[[139.29667,35.73125],[139.29642,35.73201],[139.29629,35.73224],[139.29599,35.73243],[139.2955,35.73249],[139.29529,35.73266],[139.29518,35.73327],[139.29492,35.73373],[139.29443,35.73403],[139.29339,35.73434],[139.2931,35.73448],[139.29296,35.73466],[139.29309,35.7352],[139.29294,35.73554],[139.29203,35.73625],[139.29185,35.73661],[139.29164,35.73669],[139.29115,35.73673],[139.29091,35.7368],[139.29063,35.73701],[139.29029,35.73741],[139.29015,35.73737],[139.29004,35.73716],[139.2899,35.73703],[139.28944,35.73706],[139.28894,35.73667],[139.28886,35.73678],[139.28881,35.73717],[139.28866,35.73734],[139.28819,35.73741],[139.28801,35.73748],[139.28763,35.73783],[139.28735,35.73798],[139.28646,35.73811],[139.28638,35.73819],[139.28633,35.73839],[139.28623,35.73847],[139.28605,35.73849],[139.28564,35.73842],[139.28503,35.73823],[139.28464,35.73806],[139.28445,35.73789],[139.28442,35.73773],[139.28434,35.73763],[139.28386,35.7375],[139.28326,35.73707],[139.28288,35.73662],[139.2828,35.73639],[139.28277,35.73608],[139.2827,35.73598],[139.28251,35.73601],[139.2819,35.73638],[139.28159,35.73644],[139.28137,35.73642],[139.28115,35.73629],[139.2809,35.73607],[139.28037,35.73538],[139.27996,35.73497],[139.27954,35.73476],[139.27927,35.73472],[139.27904,35.73473],[139.27876,35.73485],[139.27854,35.73508],[139.27833,35.7352],[139.27786,35.73517],[139.2778,35.73538],[139.27768,35.73552],[139.27706,35.7358],[139.27694,35.7361],[139.27685,35.73619],[139.27622,35.73647],[139.2761,35.73677],[139.27601,35.73686],[139.27556,35.73704],[139.27528,35.7372],[139.27417,35.73814],[139.27363,35.73848],[139.27316,35.73856],[139.27278,35.73845],[139.27253,35.73828],[139.27229,35.73791],[139.27208,35.73778],[139.27171,35.73776],[139.27141,35.73785],[139.27128,35.738],[139.27128,35.73815],[139.27136,35.73823],[139.27191,35.73848],[139.27198,35.73862],[139.27194,35.73891],[139.27182,35.73913],[139.27169,35.73926],[139.27133,35.73934],[139.27121,35.73941],[139.27089,35.74001],[139.27069,35.74018],[139.2705,35.74022],[139.27021,35.74018],[139.27003,35.74008],[139.26941,35.73937],[139.26892,35.73914],[139.26872,35.739],[139.26808,35.73818],[139.26779,35.73794],[139.26722,35.73775],[139.26654,35.73773],[139.26587,35.73783],[139.26551,35.73802],[139.26519,35.73813],[139.26443,35.73817],[139.26414,35.73824],[139.26408,35.73831],[139.26414,35.73847],[139.26409,35.73861],[139.26354,35.73885],[139.26343,35.73898],[139.26332,35.73928],[139.26302,35.73944],[139.26161,35.73955],[139.26122,35.73965],[139.26091,35.73979],[139.26072,35.73982],[139.26048,35.73972],[139.26026,35.7395],[139.26002,35.73934],[139.25973,35.73927],[139.25937,35.73931],[139.25887,35.73969],[139.25753,35.74018],[139.25717,35.74045],[139.25677,35.74092],[139.2565,35.74104],[139.2563,35.74106],[139.25607,35.74095],[139.2558,35.7407],[139.25485,35.73933],[139.25444,35.7389],[139.25421,35.73879],[139.25387,35.73883],[139.25375,35.73894],[139.25365,35.73923],[139.25343,35.73937],[139.25329,35.73937],[139.25308,35.73924],[139.25264,35.7387],[139.25237,35.73857],[139.25191,35.73849],[139.25178,35.7384],[139.2516,35.73809],[139.25145,35.73794],[139.25052,35.73749],[139.25042,35.73733],[139.25042,35.73723],[139.25092,35.73647],[139.251,35.73602],[139.25092,35.73583],[139.25061,35.73566],[139.24988,35.7356],[139.24946,35.73544],[139.24928,35.73525],[139.24906,35.73471],[139.24884,35.73445],[139.24854,35.73421],[139.24793,35.73388],[139.2475,35.73374],[139.24705,35.73367],[139.24612,35.73371],[139.24579,35.73365],[139.24558,35.73352],[139.24552,35.73342],[139.24547,35.73304],[139.24528,35.73281],[139.24504,35.73276],[139.24456,35.7328],[139.2442,35.73276],[139.24404,35.73266],[139.24391,35.73243],[139.24378,35.73231],[139.24348,35.73222],[139.24299,35.73217],[139.24279,35.73205],[139.24274,35.73191],[139.24275,35.73166],[139.2429,35.73127],[139.24308,35.73112],[139.24339,35.73107],[139.24348,35.73101],[139.24339,35.73066],[139.24349,35.73049],[139.24367,35.7303],[139.24377,35.7301],[139.24394,35.72883],[139.24414,35.72856],[139.24442,35.72844],[139.24462,35.72823],[139.24472,35.72763],[139.24483,35.72736],[139.24498,35.72727],[139.24528,35.72724],[139.24551,35.72713],[139.24635,35.72635],[139.24689,35.7261],[139.24763,35.72593],[139.24808,35.72587],[139.25041,35.72568],[139.2511,35.72549],[139.25123,35.72533],[139.25123,35.7251],[139.25108,35.7249],[139.25061,35.72455],[139.25053,35.72438],[139.25058,35.72424],[139.25079,35.72415],[139.25127,35.72413],[139.25153,35.72406],[139.25162,35.72399],[139.25169,35.72376],[139.2519,35.72355],[139.25226,35.72331],[139.25262,35.72315],[139.25335,35.72294],[139.25491,35.72264],[139.25558,35.72239],[139.25588,35.72218],[139.25616,35.72185],[139.25631,35.72151],[139.2564,35.72099],[139.25655,35.72082],[139.25672,35.72078],[139.25699,35.72081],[139.25715,35.72094],[139.25719,35.72108],[139.25716,35.7213],[139.2571,35.72139],[139.25674,35.72152],[139.25679,35.7221],[139.25649,35.72233],[139.25644,35.72244],[139.2565,35.72274],[139.25665,35.72288],[139.2569,35.72301],[139.25725,35.7231],[139.25819,35.72319],[139.25891,35.72315],[139.26006,35.72295],[139.26053,35.72295],[139.26073,35.72302],[139.26091,35.7232],[139.2611,35.7238],[139.26136,35.72392],[139.26164,35.72396],[139.26209,35.72393],[139.26235,35.7238],[139.2625,35.72337],[139.26261,35.72326],[139.26299,35.72312],[139.26317,35.72297],[139.26342,35.72262],[139.26373,35.72201],[139.26393,35.72177],[139.26422,35.72157],[139.26492,35.72127],[139.26521,35.72089],[139.26558,35.72081],[139.26569,35.72074],[139.26601,35.72013],[139.26614,35.72001],[139.2663,35.71994],[139.2665,35.71992],[139.26686,35.71999],[139.26781,35.72038],[139.26813,35.72046],[139.26858,35.72045],[139.26912,35.72031],[139.26933,35.72035],[139.26951,35.72047],[139.26989,35.72093],[139.27007,35.72103],[139.27026,35.72107],[139.27047,35.72106],[139.27078,35.72093],[139.27148,35.72031],[139.27165,35.72022],[139.27187,35.72017],[139.27206,35.72028],[139.27213,35.72063],[139.27228,35.72079],[139.27317,35.72094],[139.27438,35.72155],[139.27511,35.72172],[139.27652,35.72181],[139.27709,35.72193],[139.27732,35.72207],[139.27748,35.72233],[139.27753,35.72258],[139.27747,35.72291],[139.27757,35.72305],[139.27781,35.72315],[139.27819,35.72323],[139.27865,35.72328],[139.27914,35.72327],[139.27934,35.72321],[139.27962,35.72296],[139.27992,35.7229],[139.28,35.72283],[139.28001,35.72262],[139.27993,35.72216],[139.27998,35.72174],[139.28015,35.72126],[139.28049,35.72088],[139.28103,35.72069],[139.28188,35.72065],[139.28215,35.7206],[139.2823,35.72053],[139.28241,35.72029],[139.2827,35.72022],[139.28289,35.72024],[139.28309,35.72033],[139.28315,35.72045],[139.28319,35.72074],[139.28329,35.72087],[139.28347,35.7209],[139.28358,35.72085],[139.28369,35.72064],[139.2838,35.71991],[139.28399,35.71965],[139.28428,35.71947],[139.28443,35.7193],[139.28439,35.71885],[139.28475,35.71844],[139.28484,35.71805],[139.28493,35.71794],[139.28529,35.7179],[139.28614,35.71807],[139.28668,35.7183],[139.28685,35.71857],[139.28696,35.71859],[139.2875,35.71852],[139.28762,35.71856],[139.28788,35.71878],[139.28799,35.71877],[139.28839,35.71855],[139.28868,35.71849],[139.28927,35.71845],[139.28974,35.71848],[139.29016,35.71862],[139.29053,35.71888],[139.29125,35.71984],[139.29166,35.72018],[139.29194,35.72027],[139.29254,35.72034],[139.29294,35.72056],[139.29308,35.72059],[139.29328,35.72049],[139.2935,35.72027],[139.29374,35.72011],[139.29403,35.72005],[139.29422,35.72007],[139.29442,35.72026],[139.29452,35.72096],[139.29464,35.72117],[139.29475,35.72124],[139.29503,35.72131],[139.29576,35.72126],[139.29607,35.7213],[139.29627,35.72163],[139.29689,35.72192],[139.29705,35.72231],[139.29752,35.72279],[139.29771,35.72307],[139.29787,35.72385],[139.29821,35.72411],[139.29831,35.72433],[139.29833,35.72463],[139.29828,35.72489],[139.2982,35.72498],[139.29796,35.72505],[139.29784,35.72515],[139.29769,35.72547],[139.2976,35.72593],[139.29762,35.72616],[139.2977,35.72631],[139.29786,35.72638],[139.29815,35.72637],[139.29849,35.72631],[139.2987,35.72622],[139.29885,35.72606],[139.29893,35.72578],[139.29929,35.72565],[139.29934,35.72544],[139.29927,35.72494],[139.29936,35.72462],[139.29953,35.72445],[139.3001,35.72416],[139.30026,35.72399],[139.30022,35.72373],[139.29991,35.72352],[139.29982,35.72341],[139.29991,35.72308],[139.29986,35.72303],[139.29963,35.723],[139.2995,35.72293],[139.29945,35.72281],[139.2995,35.72266],[139.29971,35.72258],[139.3002,35.72254],[139.30046,35.72238],[139.30054,35.72219],[139.30065,35.72143],[139.30081,35.72114],[139.30097,35.72098],[139.30133,35.72086],[139.30228,35.72088],[139.30276,35.72077],[139.30329,35.72051],[139.30419,35.71986],[139.30469,35.71936],[139.30505,35.71888],[139.30525,35.71841],[139.30532,35.71777],[139.30538,35.7176],[139.30559,35.71738],[139.30574,35.71731],[139.30614,35.71727],[139.30659,35.71734],[139.30695,35.71745],[139.30728,35.7177],[139.30748,35.71812],[139.30774,35.71837],[139.30812,35.71856],[139.3085,35.71861],[139.30885,35.71846],[139.30944,35.71795],[139.30987,35.71782],[139.30982,35.71742],[139.31018,35.71719],[139.31031,35.71685],[139.31046,35.71676],[139.31083,35.71674],[139.31102,35.71668],[139.31111,35.71644],[139.31123,35.71634],[139.31146,35.7163],[139.31185,35.71634],[139.31242,35.71664],[139.31256,35.7166],[139.31277,35.71639],[139.31293,35.71638],[139.31313,35.71647],[139.31322,35.71656],[139.31333,35.71699],[139.31346,35.71712],[139.31385,35.71727],[139.31442,35.71738],[139.3148,35.71763],[139.31493,35.71788],[139.31503,35.7186],[139.31522,35.71884],[139.31551,35.71894],[139.3157,35.71893],[139.31586,35.71864],[139.31653,35.7185],[139.31665,35.71821],[139.31681,35.71804],[139.31708,35.71787],[139.31728,35.71786],[139.31753,35.71812],[139.31775,35.71869],[139.31795,35.71906],[139.31824,35.71931],[139.31861,35.71945],[139.3193,35.7195],[139.31983,35.71966],[139.32007,35.71986],[139.3203,35.72025],[139.32055,35.72051],[139.32073,35.7206],[139.3211,35.72065],[139.32122,35.72073],[139.32137,35.72125],[139.32176,35.72168],[139.32226,35.72191],[139.32317,35.722],[139.32337,35.72205],[139.32348,35.72213],[139.3235,35.72224],[139.32344,35.72238],[139.32308,35.72263],[139.32348,35.72273],[139.32368,35.723],[139.32391,35.72438],[139.32388,35.72501],[139.32383,35.72515],[139.32366,35.72533],[139.32317,35.72539],[139.32291,35.72552],[139.3228,35.72565],[139.32275,35.72588],[139.32285,35.726],[139.3232,35.72606],[139.32344,35.72625],[139.32362,35.7268],[139.32363,35.72726],[139.32355,35.72737],[139.3233,35.72742],[139.3232,35.72749],[139.32297,35.72787],[139.32263,35.72825],[139.32096,35.72963],[139.32129,35.73092],[139.32132,35.73165],[139.32122,35.732],[139.32103,35.73229],[139.32069,35.73263],[139.32045,35.73279],[139.32004,35.73291],[139.31978,35.73292],[139.31953,35.73288],[139.31868,35.73239],[139.31798,35.73226],[139.31774,35.7321],[139.31736,35.73175],[139.31719,35.73168],[139.31679,35.73163],[139.31648,35.73154],[139.31595,35.73118],[139.31556,35.73099],[139.31493,35.73083],[139.31458,35.73082],[139.31424,35.73086],[139.31389,35.73095],[139.31339,35.7312],[139.31307,35.73148],[139.31296,35.73169],[139.31293,35.73191],[139.31298,35.7322],[139.31306,35.73237],[139.31335,35.73271],[139.31345,35.73305],[139.31348,35.73335],[139.31342,35.73392],[139.31329,35.73416],[139.31303,35.73436],[139.31301,35.73448],[139.31307,35.73479],[139.31297,35.73492],[139.31255,35.73507],[139.3121,35.73513],[139.31172,35.73513],[139.31148,35.73506],[139.31138,35.73493],[139.31142,35.7345],[139.31126,35.73421],[139.31054,35.73364],[139.31042,35.73334],[139.31033,35.73324],[139.30995,35.73309],[139.3097,35.73307],[139.30953,35.73321],[139.30945,35.7335],[139.3095,35.73448],[139.30944,35.73504],[139.30932,35.73525],[139.30923,35.73531],[139.30893,35.73536],[139.30876,35.73531],[139.3086,35.73521],[139.30846,35.73506],[139.30836,35.73483],[139.30831,35.73437],[139.30839,35.73356],[139.3083,35.7332],[139.30814,35.73313],[139.30802,35.73315],[139.30757,35.73338],[139.30741,35.73355],[139.30734,35.73378],[139.30721,35.73385],[139.30702,35.73386],[139.30689,35.73396],[139.30682,35.7343],[139.30673,35.7344],[139.30658,35.73444],[139.30635,35.73443],[139.30599,35.7343],[139.30579,35.73405],[139.30565,35.73324],[139.30556,35.73312],[139.30524,35.7329],[139.3051,35.73256],[139.30474,35.7323],[139.30344,35.7316],[139.30329,35.73145],[139.30318,35.73118],[139.30289,35.73111],[139.30275,35.73103],[139.3021,35.73007],[139.30163,35.72965],[139.30106,35.72923],[139.30067,35.72883],[139.30054,35.72859],[139.30048,35.72818],[139.30039,35.72805],[139.30021,35.72798],[139.29969,35.72796],[139.29987,35.72875],[139.29978,35.72892],[139.29946,35.72914],[139.29936,35.72943],[139.29915,35.72952],[139.29866,35.72955],[139.29845,35.72962],[139.29823,35.72983],[139.29796,35.73035],[139.29784,35.73042],[139.29747,35.73049],[139.297,35.73081],[139.29667,35.73125]],[[139.31005,35.74951],[139.3109,35.74956],[139.31157,35.74952],[139.31186,35.74942],[139.31218,35.74913],[139.31253,35.74899],[139.31297,35.74902],[139.3131,35.74918],[139.31302,35.7494],[139.31255,35.74994],[139.31195,35.75049],[139.31137,35.75089],[139.31082,35.75109],[139.31034,35.75115],[139.30988,35.75107],[139.30967,35.75089],[139.3095,35.7506],[139.30934,35.75],[139.3094,35.74974],[139.30964,35.74958],[139.31005,35.74951]],[[139.34749,35.76337],[139.34701,35.76315],[139.34686,35.76301],[139.34684,35.76287],[139.34694,35.76263],[139.34726,35.76234],[139.34811,35.76191],[139.34844,35.76159],[139.34864,35.76146],[139.34911,35.76138],[139.34999,35.76147],[139.35034,35.76158],[139.35059,35.76173],[139.35083,35.76213],[139.35105,35.76227],[139.35161,35.76235],[139.35258,35.76229],[139.353,35.76233],[139.3531,35.76241],[139.35319,35.7626],[139.3534,35.76276],[139.35485,35.76356],[139.355,35.76371],[139.3551,35.76398],[139.35558,35.7642],[139.35572,35.76434],[139.35581,35.76456],[139.35585,35.76501],[139.35579,35.76539],[139.35566,35.76558],[139.35534,35.76567],[139.35529,35.7658],[139.35532,35.76591],[139.35545,35.766],[139.35568,35.76609],[139.3564,35.76622],[139.35669,35.76631],[139.35692,35.7665],[139.35696,35.76674],[139.35707,35.7669],[139.35721,35.76695],[139.35758,35.76698],[139.35776,35.76711],[139.35772,35.76737],[139.3574,35.76758],[139.3573,35.76771],[139.35722,35.768],[139.35722,35.7684],[139.35734,35.76882],[139.35757,35.76908],[139.35766,35.76932],[139.35755,35.77025],[139.35767,35.77103],[139.35786,35.77151],[139.35818,35.7719],[139.3582,35.77206],[139.35806,35.77227],[139.3579,35.77235],[139.35764,35.7724],[139.35752,35.77256],[139.35738,35.77304],[139.35726,35.77373],[139.35707,35.77421],[139.35691,35.77437],[139.35657,35.77442],[139.35651,35.77447],[139.35678,35.77479],[139.35693,35.77509],[139.35705,35.77548],[139.35705,35.77584],[139.35689,35.7761],[139.35661,35.77629],[139.35649,35.77644],[139.35644,35.77661],[139.3565,35.77704],[139.35645,35.77735],[139.35633,35.77753],[139.3559,35.77796],[139.35578,35.77821],[139.35575,35.77845],[139.35555,35.77861],[139.35499,35.77867],[139.35447,35.7786],[139.35432,35.77852],[139.35417,35.77835],[139.35412,35.7784],[139.35416,35.77879],[139.35429,35.77888],[139.3546,35.77896],[139.35481,35.77928],[139.35493,35.77986],[139.35493,35.78008],[139.35485,35.78026],[139.35454,35.78043],[139.35338,35.78054],[139.3532,35.78061],[139.35306,35.78077],[139.3529,35.78082],[139.35169,35.78078],[139.35154,35.78084],[139.35127,35.78109],[139.35102,35.78113],[139.35078,35.78103],[139.35051,35.78059],[139.35026,35.78038],[139.34988,35.7802],[139.34954,35.78018],[139.34932,35.78038],[139.34919,35.78076],[139.34897,35.78109],[139.34863,35.78132],[139.34837,35.78142],[139.34815,35.78144],[139.34793,35.78134],[139.34781,35.78112],[139.3477,35.78102],[139.34747,35.78098],[139.34703,35.78104],[139.34694,35.781],[139.34689,35.78082],[139.34683,35.7808],[139.34632,35.78111],[139.34585,35.78124],[139.34523,35.78124],[139.34458,35.78112],[139.34416,35.78091],[139.34376,35.78025],[139.3435,35.7801],[139.34331,35.78007],[139.34317,35.78014],[139.34308,35.7803],[139.34303,35.78074],[139.34293,35.78101],[139.34269,35.7812],[139.34251,35.78126],[139.34206,35.78132],[139.34154,35.78131],[139.34116,35.78123],[139.34103,35.78118],[139.34085,35.78102],[139.34077,35.78051],[139.34069,35.78035],[139.34051,35.78016],[139.34015,35.78004],[139.33943,35.78011],[139.33927,35.78009],[139.33918,35.78003],[139.33915,35.77987],[139.339,35.7797],[139.33834,35.77933],[139.33818,35.77904],[139.33826,35.77837],[139.33821,35.77799],[139.33804,35.77764],[139.33785,35.77745],[139.33744,35.77724],[139.3364,35.77699],[139.33617,35.7768],[139.33615,35.77664],[139.33623,35.77638],[139.33642,35.77613],[139.33676,35.77582],[139.33682,35.7757],[139.33679,35.7756],[139.33657,35.77544],[139.33653,35.77529],[139.33662,35.77458],[139.3366,35.77442],[139.33653,35.77433],[139.33635,35.7743],[139.3363,35.77423],[139.33638,35.77398],[139.33672,35.77341],[139.33637,35.77326],[139.33625,35.77314],[139.3361,35.7723],[139.33561,35.77123],[139.33565,35.77099],[139.33572,35.77089],[139.33596,35.77074],[139.33641,35.77056],[139.33667,35.77035],[139.33674,35.77019],[139.3367,35.76977],[139.33659,35.76943],[139.33646,35.76924],[139.33629,35.76914],[139.33593,35.76906],[139.33572,35.76879],[139.3353,35.76731],[139.33529,35.76696],[139.33539,35.76674],[139.33559,35.76665],[139.33595,35.76663],[139.3361,35.76658],[139.33619,35.7665],[139.33624,35.76635],[139.33651,35.76621],[139.33792,35.76598],[139.33839,35.76584],[139.33895,35.76561],[139.33981,35.76549],[139.33997,35.76528],[139.33992,35.76478],[139.33997,35.76452],[139.34009,35.76443],[139.34038,35.7644],[139.34057,35.76433],[139.34082,35.76412],[139.34119,35.76366],[139.34147,35.76353],[139.34167,35.76352],[139.34196,35.76358],[139.34212,35.76368],[139.34234,35.7639],[139.34244,35.76412],[139.34249,35.76459],[139.34239,35.76558],[139.34241,35.76583],[139.34248,35.76597],[139.34279,35.76607],[139.34309,35.76647],[139.34366,35.76669],[139.34514,35.76694],[139.34586,35.76693],[139.34613,35.76686],[139.34633,35.76675],[139.34648,35.7666],[139.34657,35.7664],[139.3466,35.76616],[139.34652,35.76562],[139.34639,35.76518],[139.34619,35.76483],[139.34581,35.7645],[139.34535,35.76421],[139.34535,35.76399],[139.34517,35.76358],[139.34532,35.76344],[139.34557,35.76339],[139.34571,35.76346],[139.34593,35.76369],[139.34653,35.76398],[139.34739,35.76426],[139.3477,35.76431],[139.3479,35.76429],[139.34801,35.76414],[139.34797,35.76396],[139.34765,35.76376],[139.34749,35.76337]],[[139.31741,35.74075],[139.31749,35.73977],[139.3174,35.73941],[139.31727,35.73928],[139.31704,35.73915],[139.31647,35.73906],[139.31628,35.73899],[139.31611,35.73886],[139.3159,35.73857],[139.31589,35.73845],[139.31605,35.73819],[139.31646,35.7379],[139.31711,35.73759],[139.31818,35.73722],[139.31858,35.73721],[139.31869,35.73727],[139.31874,35.73737],[139.31855,35.7382],[139.31847,35.73879],[139.31835,35.74098],[139.31823,35.7414],[139.31804,35.74159],[139.31791,35.74159],[139.31766,35.74146],[139.31744,35.7411],[139.31741,35.74075]]],[[[139.53336,35.6412],[139.53809,35.6404],[139.53942,35.64025],[139.54067,35.64019],[139.54186,35.64002],[139.54332,35.63973],[139.54459,35.63942],[139.54544,35.63913],[139.54602,35.63884],[139.5465,35.63875],[139.54671,35.63879],[139.54694,35.63892],[139.54706,35.63911],[139.54709,35.63935],[139.5472,35.63949],[139.54739,35.63959],[139.54799,35.63975],[139.54821,35.63993],[139.54833,35.64039],[139.54828,35.64116],[139.54831,35.64128],[139.54844,35.64141],[139.54865,35.6414],[139.5489,35.6413],[139.54908,35.64116],[139.54907,35.64109],[139.54891,35.64098],[139.54883,35.64083],[139.54884,35.64033],[139.54899,35.63991],[139.54915,35.63977],[139.54936,35.63974],[139.55013,35.63995],[139.55069,35.63989],[139.55111,35.63993],[139.55205,35.64025],[139.55248,35.64035],[139.55265,35.64033],[139.55289,35.64016],[139.55314,35.64015],[139.55434,35.64036],[139.55471,35.64036],[139.5548,35.64029],[139.55482,35.64013],[139.55493,35.64001],[139.55511,35.63991],[139.55529,35.63989],[139.55539,35.63993],[139.55566,35.6402],[139.55618,35.64028],[139.55632,35.64035],[139.55641,35.64048],[139.55646,35.64087],[139.55654,35.64101],[139.55663,35.64101],[139.55693,35.64085],[139.55712,35.64083],[139.55817,35.64113],[139.55885,35.64117],[139.55911,35.64111],[139.55919,35.64103],[139.55926,35.6408],[139.55952,35.64073],[139.55975,35.6408],[139.5601,35.64114],[139.5605,35.64122],[139.56058,35.64133],[139.56061,35.64152],[139.5609,35.64125],[139.56133,35.64118],[139.56166,35.64125],[139.5619,35.64149],[139.56212,35.64163],[139.56259,35.64176],[139.56318,35.6418],[139.564,35.64172],[139.56424,35.64174],[139.56443,35.64186],[139.56447,35.6421],[139.56456,35.64223],[139.56481,35.64238],[139.56538,35.64255],[139.5655,35.64264],[139.56561,35.64287],[139.56581,35.64287],[139.56645,35.64266],[139.56687,35.64262],[139.56728,35.64267],[139.56766,35.64282],[139.56776,35.64297],[139.56774,35.64313],[139.56763,35.64325],[139.56734,35.64345],[139.56723,35.6437],[139.56721,35.64408],[139.56728,35.64432],[139.56759,35.64457],[139.56832,35.64474],[139.5687,35.64492],[139.56883,35.6451],[139.56891,35.64548],[139.56903,35.64558],[139.56922,35.64562],[139.56973,35.64558],[139.56994,35.64564],[139.57012,35.64578],[139.57053,35.64626],[139.57086,35.64644],[139.57144,35.64662],[139.5716,35.64676],[139.57164,35.64691],[139.57183,35.64702],[139.57222,35.64706],[139.57278,35.64702],[139.57297,35.64692],[139.57308,35.64666],[139.57331,35.64662],[139.57358,35.64672],[139.57393,35.64707],[139.57411,35.64717],[139.57445,35.64721],[139.57486,35.64716],[139.57531,35.64727],[139.57564,35.64744],[139.57613,35.64784],[139.57645,35.6482],[139.57658,35.6485],[139.57656,35.64865],[139.5764,35.64881],[139.57621,35.64886],[139.57573,35.6489],[139.57552,35.64898],[139.57547,35.64913],[139.57555,35.64925],[139.57622,35.64939],[139.57647,35.64955],[139.57668,35.64977],[139.57688,35.64987],[139.57702,35.64984],[139.57732,35.64967],[139.57752,35.64963],[139.57781,35.64965],[139.57851,35.64978],[139.58007,35.64938],[139.58066,35.64934],[139.58101,35.64946],[139.58123,35.6497],[139.58149,35.65015],[139.58175,35.65034],[139.58208,35.65044],[139.58281,35.6505],[139.58312,35.65063],[139.58325,35.65101],[139.58337,35.65115],[139.58394,35.65146],[139.58419,35.65169],[139.58428,35.65193],[139.5843,35.6525],[139.58598,35.65246],[139.58627,35.6524],[139.58661,35.65221],[139.58675,35.65219],[139.58689,35.65223],[139.58717,35.65251],[139.58745,35.65267],[139.58833,35.6528],[139.58842,35.65288],[139.58845,35.65304],[139.58861,35.65325],[139.5892,35.65363],[139.58969,35.65376],[139.59006,35.65378],[139.59065,35.65373],[139.59104,35.6538],[139.59117,35.65394],[139.59127,35.6544],[139.59139,35.6545],[139.59175,35.65456],[139.59192,35.65465],[139.5921,35.65491],[139.59223,35.6553],[139.59238,35.65549],[139.59274,35.65565],[139.59335,35.65569],[139.59354,35.65574],[139.59365,35.65582],[139.5938,35.65619],[139.59437,35.65676],[139.59456,35.65731],[139.59482,35.65739],[139.59542,35.65735],[139.59561,35.65741],[139.59566,35.65748],[139.59567,35.6577],[139.59552,35.65817],[139.5955,35.65858],[139.5956,35.65881],[139.59607,35.65929],[139.59618,35.65958],[139.59635,35.65962],[139.5967,35.6596],[139.59836,35.65929],[139.59841,35.65869],[139.59854,35.65855],[139.59875,35.65846],[139.59927,35.65839],[139.59981,35.65842],[139.60022,35.65855],[139.60077,35.65884],[139.60105,35.65894],[139.60133,35.65898],[139.6016,35.65897],[139.60195,35.65887],[139.60208,35.65879],[139.60212,35.6587],[139.60204,35.65842],[139.60226,35.65814],[139.60262,35.65798],[139.60312,35.65794],[139.60337,35.65801],[139.60359,35.65816],[139.60377,35.65839],[139.60401,35.65885],[139.6043,35.65907],[139.60471,35.65918],[139.60496,35.6592],[139.60584,35.65916],[139.60658,35.65924],[139.60696,35.65938],[139.60754,35.65975],[139.60781,35.65983],[139.60809,35.65982],[139.60849,35.6597],[139.60873,35.65973],[139.60893,35.65987],[139.60923,35.66044],[139.60952,35.66076],[139.60975,35.66086],[139.61048,35.66096],[139.61095,35.6612],[139.61116,35.66116],[139.61144,35.66089],[139.61168,35.6608],[139.61241,35.661],[139.61292,35.66092],[139.61331,35.66073],[139.61352,35.66057],[139.614,35.65997],[139.61426,35.65976],[139.61466,35.65962],[139.61509,35.65962],[139.61529,35.65971],[139.61539,35.6598],[139.61549,35.66022],[139.61558,35.66032],[139.61584,35.66036],[139.61632,35.66031],[139.61653,35.66039],[139.61658,35.66052],[139.61655,35.66076],[139.61645,35.66097],[139.61623,35.6612],[139.61624,35.66126],[139.61648,35.66127],[139.61696,35.66121],[139.61732,35.66125],[139.61747,35.66135],[139.61774,35.66174],[139.61799,35.6618],[139.6184,35.6617],[139.61879,35.66149],[139.61909,35.66122],[139.61931,35.66084],[139.61952,35.66071],[139.6198,35.66068],[139.62006,35.66072],[139.62024,35.66083],[139.62036,35.66097],[139.62042,35.66097],[139.62065,35.66053],[139.62087,35.66035],[139.62108,35.66032],[139.62148,35.66037],[139.62175,35.66034],[139.62203,35.66023],[139.62258,35.65986],[139.62296,35.65968],[139.62318,35.65965],[139.62365,35.65971],[139.62384,35.65963],[139.62396,35.65948],[139.6241,35.6594],[139.62488,35.65929],[139.62509,35.65912],[139.62523,35.65848],[139.62545,35.65831],[139.62599,35.65827],[139.62756,35.65836],[139.62787,35.65829],[139.6279,35.65819],[139.62784,35.65809],[139.62769,35.65803],[139.62697,35.65797],[139.62657,35.65784],[139.62637,35.65769],[139.62606,35.65732],[139.6259,35.65724],[139.62571,35.65724],[139.62542,35.65737],[139.62527,35.65738],[139.62518,35.6573],[139.62514,35.65694],[139.62506,35.65682],[139.62474,35.65708],[139.62434,35.65724],[139.62375,35.6573],[139.62288,35.65728],[139.62242,35.65723],[139.62203,35.65711],[139.62187,35.65698],[139.62181,35.65677],[139.62168,35.6567],[139.62145,35.65665],[139.62069,35.6566],[139.62007,35.65641],[139.61945,35.65603],[139.61881,35.65542],[139.61864,35.65507],[139.61869,35.65482],[139.61866,35.65472],[139.61844,35.65468],[139.61805,35.65472],[139.61767,35.65462],[139.61744,35.65444],[139.61701,35.65396],[139.61678,35.65383],[139.61652,35.65378],[139.61613,35.65383],[139.61583,35.65378],[139.61569,35.65368],[139.61543,35.6533],[139.61499,35.65316],[139.61486,35.65282],[139.61445,35.65274],[139.61423,35.65253],[139.61408,35.65245],[139.61339,35.65241],[139.6124,35.65254],[139.61188,35.65275],[139.61151,35.65315],[139.61114,35.6533],[139.61082,35.65329],[139.61022,35.65316],[139.60968,35.65318],[139.60936,35.6533],[139.60871,35.65374],[139.60851,35.6538],[139.60835,35.6538],[139.60809,35.65362],[139.60803,35.65337],[139.60795,35.65326],[139.60752,35.65316],[139.60692,35.65261],[139.606,35.65212],[139.60588,35.652],[139.60578,35.65175],[139.60557,35.65171],[139.60499,35.65179],[139.60478,35.65175],[139.60464,35.65145],[139.60436,35.6514],[139.60423,35.6513],[139.60413,35.65086],[139.604,35.65082],[139.60372,35.65087],[139.60336,35.65073],[139.60299,35.65042],[139.60284,35.65021],[139.60278,35.64998],[139.60265,35.64992],[139.60226,35.64991],[139.60187,35.64996],[139.6013,35.65012],[139.60081,35.65042],[139.60005,35.65107],[139.59987,35.65116],[139.59973,35.65118],[139.59936,35.65103],[139.5984,35.65036],[139.59795,35.65023],[139.59779,35.65006],[139.59764,35.64968],[139.59755,35.64959],[139.59738,35.64968],[139.59716,35.64996],[139.59693,35.65007],[139.5968,35.65008],[139.59628,35.64997],[139.5955,35.64958],[139.59535,35.64939],[139.59538,35.64923],[139.59548,35.64911],[139.59576,35.64894],[139.59581,35.64877],[139.59567,35.6484],[139.59545,35.64825],[139.59525,35.64825],[139.59514,35.64832],[139.59479,35.64895],[139.59442,35.6492],[139.59407,35.64933],[139.59367,35.64942],[139.59321,35.64937],[139.59299,35.64921],[139.59268,35.64872],[139.59251,35.64856],[139.59233,35.64848],[139.59196,35.64843],[139.59184,35.64835],[139.59175,35.648],[139.59159,35.64781],[139.59103,35.64762],[139.59081,35.64747],[139.59077,35.64733],[139.59084,35.647],[139.59078,35.64683],[139.59031,35.64632],[139.59019,35.64612],[139.59003,35.64538],[139.58993,35.64531],[139.58969,35.64526],[139.58962,35.64516],[139.58957,35.6444],[139.58838,35.64463],[139.58818,35.64471],[139.58798,35.64492],[139.58785,35.64498],[139.58695,35.64493],[139.58691,35.64499],[139.58698,35.64515],[139.58697,35.64528],[139.58653,35.64552],[139.58653,35.64574],[139.5865,35.64602],[139.58639,35.64612],[139.58607,35.64618],[139.58575,35.64619],[139.58545,35.64616],[139.58523,35.64608],[139.58508,35.64597],[139.58485,35.64565],[139.58464,35.64582],[139.58423,35.64592],[139.58292,35.64595],[139.58247,35.6459],[139.58216,35.6458],[139.58206,35.64574],[139.58183,35.64545],[139.58164,35.64538],[139.58138,35.64536],[139.58091,35.64542],[139.58067,35.64538],[139.58048,35.6452],[139.58044,35.64489],[139.58028,35.64465],[139.58009,35.64454],[139.57971,35.64444],[139.57941,35.64429],[139.57897,35.64373],[139.57835,35.64342],[139.57823,35.64327],[139.57804,35.64286],[139.57784,35.64271],[139.57735,35.64258],[139.57667,35.64256],[139.57618,35.64249],[139.57598,35.64242],[139.57571,35.64218],[139.5749,35.64207],[139.57459,35.6419],[139.57427,35.6415],[139.57405,35.64135],[139.57358,35.64122],[139.573,35.64119],[139.57267,35.64112],[139.57241,35.64099],[139.57207,35.64061],[139.57184,35.64049],[139.57138,35.64046],[139.57064,35.64059],[139.57041,35.64053],[139.57028,35.64037],[139.57024,35.63999],[139.57008,35.63973],[139.56989,35.63964],[139.56941,35.63957],[139.56926,35.63944],[139.56917,35.63925],[139.56913,35.63886],[139.56903,35.63867],[139.5687,35.63851],[139.56811,35.63845],[139.56791,35.63828],[139.56794,35.63764],[139.56787,35.63753],[139.56759,35.63736],[139.56751,35.63711],[139.56759,35.63692],[139.56788,35.63675],[139.56801,35.6366],[139.56806,35.63631],[139.56798,35.63612],[139.56779,35.63602],[139.56731,35.63595],[139.56707,35.63579],[139.56665,35.6354],[139.56622,35.63529],[139.56608,35.63497],[139.56577,35.63474],[139.56512,35.6345],[139.56447,35.63442],[139.56428,35.63432],[139.5642,35.63405],[139.56441,35.63371],[139.5663,35.63215],[139.56657,35.63183],[139.56694,35.63121],[139.56746,35.63072],[139.56783,35.63005],[139.56887,35.6277],[139.56938,35.62697],[139.56956,35.62595],[139.56966,35.62582],[139.56994,35.62564],[139.57002,35.62551],[139.56999,35.62534],[139.56932,35.62594],[139.56793,35.62684],[139.56771,35.62694],[139.56692,35.62707],[139.56689,35.62708],[139.56686,35.6273],[139.56652,35.62811],[139.56624,35.62843],[139.56608,35.62855],[139.56589,35.62863],[139.56609,35.62914],[139.56616,35.62954],[139.56571,35.62993],[139.56476,35.63038],[139.56464,35.63062],[139.56446,35.63072],[139.56425,35.63074],[139.56413,35.63068],[139.56266,35.63139],[139.56259,35.63155],[139.56271,35.63211],[139.56251,35.63238],[139.56,35.63331],[139.55969,35.63341],[139.55963,35.63367],[139.55942,35.63386],[139.55906,35.63395],[139.55857,35.63396],[139.55817,35.63389],[139.55808,35.63385],[139.55743,35.63399],[139.55511,35.63422],[139.55104,35.63408],[139.55019,35.63418],[139.54943,35.63437],[139.54914,35.6346],[139.54861,35.63563],[139.54772,35.63669],[139.54733,35.63683],[139.54623,35.6369],[139.54607,35.63736],[139.54596,35.63742],[139.54453,35.63748],[139.54142,35.63823],[139.5404,35.63873],[139.53915,35.63891],[139.53744,35.63931],[139.53595,35.63948],[139.53463,35.64019],[139.53216,35.64117],[139.53212,35.6412],[139.53271,35.64125],[139.53336,35.6412]]],[[[139.21753,35.79582],[139.21766,35.79569],[139.21803,35.79561],[139.21819,35.79552],[139.21848,35.79495],[139.21799,35.79499],[139.21773,35.79525],[139.2175,35.79532],[139.21655,35.79517],[139.21655,35.79587],[139.21667,35.79622],[139.21681,35.79635],[139.21729,35.79657],[139.21744,35.79695],[139.21806,35.79742],[139.21815,35.79756],[139.21819,35.79781],[139.21808,35.79802],[139.21784,35.79829],[139.21668,35.79918],[139.21608,35.79977],[139.21578,35.80024],[139.21539,35.80124],[139.21574,35.80109],[139.21589,35.80095],[139.21618,35.80024],[139.2166,35.79972],[139.21815,35.79849],[139.2185,35.79817],[139.2187,35.79791],[139.21874,35.79773],[139.21861,35.79741],[139.2177,35.79637],[139.21754,35.79613],[139.21748,35.79595],[139.21753,35.79582]]],[[[139.20211,35.80413],[139.19864,35.80405],[139.19725,35.80395],[139.19663,35.80384],[139.19639,35.80375],[139.19629,35.80365],[139.19626,35.8035],[139.19615,35.80342],[139.19574,35.80339],[139.19592,35.80382],[139.19604,35.80399],[139.19619,35.80409],[139.19647,35.8042],[139.19788,35.80432],[139.20171,35.80449],[139.20378,35.80468],[139.20482,35.80486],[139.2067,35.8054],[139.20793,35.80557],[139.20941,35.8061],[139.21028,35.80628],[139.21119,35.80631],[139.21223,35.80616],[139.2124,35.8061],[139.21266,35.80594],[139.21287,35.80551],[139.2125,35.80579],[139.21225,35.80589],[139.21178,35.80595],[139.21106,35.80593],[139.2108,35.80585],[139.21081,35.80565],[139.21056,35.80554],[139.20937,35.80547],[139.2086,35.80536],[139.20766,35.80517],[139.2053,35.80456],[139.20404,35.80433],[139.20211,35.80413]]],[[[139.1171,35.81225],[139.11767,35.81232],[139.11845,35.81234],[139.11943,35.8123],[139.12036,35.8122],[139.12145,35.81191],[139.12198,35.81163],[139.12258,35.8112],[139.12294,35.81104],[139.12326,35.81097],[139.12375,35.81102],[139.12391,35.81094],[139.12383,35.81065],[139.12361,35.81049],[139.12327,35.81042],[139.12274,35.81046],[139.12239,35.81057],[139.122,35.81079],[139.12179,35.811],[139.12147,35.81148],[139.12091,35.81179],[139.12058,35.81186],[139.12018,35.81187],[139.11872,35.81165],[139.11838,35.81163],[139.11816,35.81168],[139.11787,35.81193],[139.11762,35.81197],[139.11722,35.81175],[139.11646,35.81105],[139.11607,35.81056],[139.11593,35.81018],[139.11526,35.80967],[139.11514,35.80932],[139.11501,35.80926],[139.1147,35.8092],[139.11448,35.80899],[139.11441,35.80893],[139.11437,35.80902],[139.11437,35.80926],[139.11444,35.80941],[139.11511,35.80998],[139.11535,35.81036],[139.11569,35.81107],[139.1159,35.81126],[139.11623,35.81135],[139.11635,35.81173],[139.11664,35.81203],[139.11689,35.81219],[139.1171,35.81225]]],[[[139.38165,35.6512],[139.38178,35.65128],[139.38182,35.65138],[139.38174,35.65165],[139.38196,35.65194],[139.38265,35.65223],[139.38413,35.65259],[139.38155,35.65046],[139.38039,35.64945],[139.38007,35.6491],[139.37988,35.64872],[139.37945,35.64843],[139.37926,35.64823],[139.3791,35.64764],[139.37898,35.64754],[139.37864,35.64739],[139.37836,35.64761],[139.3789,35.64852],[139.37945,35.6492],[139.37989,35.64962],[139.3799,35.64979],[139.37983,35.64995],[139.37988,35.65009],[139.38045,35.65035],[139.38063,35.65054],[139.38075,35.65078],[139.38097,35.65098],[139.38165,35.6512]]],[[[139.40647,35.61844],[139.40553,35.61852],[139.40476,35.61867],[139.40438,35.61888],[139.40413,35.61921],[139.40403,35.61967],[139.40406,35.62026],[139.40416,35.62055],[139.40432,35.62084],[139.40455,35.62111],[139.40519,35.6216],[139.40562,35.62183],[139.40716,35.62244],[139.40838,35.62307],[139.40896,35.6235],[139.40952,35.62415],[139.40984,35.62444],[139.41029,35.62464],[139.41067,35.62458],[139.41075,35.62449],[139.41074,35.62444],[139.41059,35.6243],[139.41013,35.62404],[139.40977,35.62369],[139.40956,35.62325],[139.40951,35.62275],[139.40962,35.62229],[139.40988,35.62186],[139.41025,35.62147],[139.41041,35.62138],[139.41056,35.62137],[139.41067,35.62128],[139.41075,35.62109],[139.41079,35.62015],[139.41068,35.6196],[139.41035,35.61929],[139.41043,35.61903],[139.41034,35.61893],[139.40955,35.61884],[139.40935,35.61878],[139.40901,35.61858],[139.40846,35.61847],[139.40755,35.61843],[139.40647,35.61844]]],[[[139.41139,35.6289],[139.41158,35.62889],[139.41177,35.62893],[139.41194,35.6289],[139.4121,35.6286],[139.4122,35.62745],[139.41233,35.62704],[139.4125,35.62677],[139.41248,35.62658],[139.41222,35.62646],[139.41175,35.62641],[139.41152,35.62648],[139.41126,35.62673],[139.41095,35.6268],[139.41086,35.62699],[139.41093,35.62768],[139.41087,35.62792],[139.4107,35.62806],[139.41058,35.62811],[139.41026,35.62813],[139.40998,35.62816],[139.40979,35.62823],[139.40968,35.62835],[139.40966,35.6285],[139.40971,35.62869],[139.40978,35.62877],[139.41015,35.62887],[139.41022,35.6291],[139.41031,35.62918],[139.41057,35.62925],[139.41105,35.62923],[139.41126,35.62915],[139.41139,35.6289]]],[[[139.39045,35.65712],[139.39083,35.65733],[139.3911,35.65768],[139.39251,35.6603],[139.39287,35.66086],[139.39316,35.6612],[139.39375,35.6615],[139.39413,35.66188],[139.39446,35.66207],[139.3948,35.66217],[139.39567,35.66233],[139.39479,35.66164],[139.39436,35.66141],[139.39395,35.66129],[139.3936,35.66099],[139.39288,35.65993],[139.39161,35.65753],[139.39073,35.65607],[139.39016,35.65535],[139.38909,35.65441],[139.39018,35.65645],[139.39,35.65702],[139.39011,35.65711],[139.39045,35.65712]]],[[[139.39606,35.70694],[139.39615,35.7068],[139.39608,35.70656],[139.39612,35.70651],[139.39642,35.70645],[139.39653,35.70635],[139.39666,35.7061],[139.39672,35.70581],[139.39667,35.70564],[139.39639,35.70556],[139.39632,35.70549],[139.39621,35.70506],[139.39614,35.70505],[139.3959,35.7052],[139.39582,35.70519],[139.3959,35.70442],[139.39581,35.70426],[139.39568,35.70424],[139.39556,35.70431],[139.39545,35.70448],[139.39522,35.7053],[139.39505,35.70557],[139.39478,35.70574],[139.39462,35.70579],[139.39422,35.70581],[139.39376,35.70589],[139.39358,35.70602],[139.3935,35.7062],[139.39353,35.70649],[139.39369,35.70662],[139.39406,35.70657],[139.39429,35.70661],[139.3944,35.70671],[139.39461,35.70706],[139.39477,35.70715],[139.39491,35.70717],[139.39563,35.70707],[139.39606,35.70694]]],[[[139.37678,35.71724],[139.37666,35.71727],[139.37639,35.71752],[139.37622,35.71761],[139.37571,35.71773],[139.37537,35.71775],[139.3745,35.71774],[139.37204,35.71756],[139.37131,35.7176],[139.37095,35.71785],[139.37048,35.71792],[139.37013,35.71821],[139.36987,35.71855],[139.36948,35.71925],[139.36936,35.71962],[139.36935,35.71987],[139.36947,35.72001],[139.36957,35.72004],[139.36983,35.71999],[139.36999,35.71992],[139.37056,35.71947],[139.37165,35.71844],[139.37212,35.71815],[139.37234,35.71812],[139.37272,35.71823],[139.3731,35.71858],[139.37342,35.71877],[139.37417,35.71897],[139.37437,35.71906],[139.37443,35.71925],[139.3743,35.71948],[139.37437,35.71958],[139.37481,35.71963],[139.3758,35.71958],[139.37617,35.71965],[139.37644,35.71979],[139.37683,35.72025],[139.37701,35.72035],[139.3772,35.72039],[139.37747,35.72037],[139.37759,35.72033],[139.37769,35.72009],[139.37784,35.71999],[139.37829,35.71995],[139.37865,35.72003],[139.37894,35.72025],[139.37916,35.72056],[139.37934,35.72071],[139.37956,35.72081],[139.38006,35.72088],[139.3802,35.72103],[139.38025,35.72128],[139.38006,35.72207],[139.38005,35.72256],[139.38015,35.72278],[139.38042,35.72299],[139.38056,35.72319],[139.38065,35.72346],[139.38075,35.7243],[139.3809,35.72447],[139.38114,35.72452],[139.38202,35.72432],[139.38245,35.72439],[139.38261,35.72437],[139.38288,35.72425],[139.38318,35.72401],[139.38341,35.72367],[139.38345,35.72342],[139.38337,35.72311],[139.3831,35.72281],[139.3831,35.7227],[139.38319,35.72259],[139.38366,35.72235],[139.38389,35.72217],[139.38409,35.72193],[139.38443,35.72132],[139.38472,35.72111],[139.38513,35.72099],[139.38538,35.72097],[139.38624,35.72102],[139.38683,35.72098],[139.38702,35.72088],[139.3871,35.72058],[139.38719,35.72046],[139.38743,35.72033],[139.38765,35.7203],[139.38794,35.72033],[139.38831,35.72043],[139.38922,35.72082],[139.38968,35.72096],[139.39012,35.72102],[139.39055,35.72102],[139.39109,35.72092],[139.39133,35.72081],[139.39146,35.72068],[139.39154,35.72033],[139.39167,35.72023],[139.3918,35.72022],[139.39193,35.72028],[139.39207,35.7204],[139.39248,35.72108],[139.39269,35.72125],[139.39283,35.72126],[139.39305,35.72112],[139.39323,35.72072],[139.39338,35.72068],[139.39359,35.7207],[139.39426,35.72106],[139.39518,35.7212],[139.3953,35.7213],[139.39539,35.72159],[139.3956,35.72171],[139.39599,35.72178],[139.39721,35.72183],[139.39794,35.72193],[139.39825,35.72205],[139.39857,35.72233],[139.39874,35.7224],[139.39892,35.72242],[139.39931,35.72236],[139.39945,35.72241],[139.3997,35.72273],[139.39999,35.72289],[139.40124,35.72303],[139.40153,35.72312],[139.40178,35.72326],[139.40217,35.72368],[139.40226,35.7241],[139.40234,35.72421],[139.4025,35.72429],[139.40299,35.72433],[139.4032,35.72441],[139.40342,35.72462],[139.40355,35.72493],[139.40368,35.7251],[139.40386,35.72524],[139.40435,35.72541],[139.4045,35.72559],[139.40454,35.72586],[139.40436,35.72667],[139.40434,35.72712],[139.40444,35.7273],[139.40479,35.72746],[139.40491,35.72757],[139.40498,35.72786],[139.40485,35.7282],[139.40442,35.72863],[139.40428,35.72883],[139.40416,35.72919],[139.40415,35.72947],[139.40424,35.7297],[139.40433,35.7298],[139.4046,35.72996],[139.40523,35.73009],[139.4056,35.73009],[139.40581,35.73003],[139.40587,35.72989],[139.40568,35.72949],[139.40567,35.72934],[139.40572,35.72923],[139.4059,35.72912],[139.406,35.72897],[139.40613,35.72802],[139.40629,35.72772],[139.40645,35.72761],[139.40682,35.72757],[139.407,35.72764],[139.40726,35.7279],[139.40757,35.72794],[139.40772,35.72784],[139.40784,35.7275],[139.40812,35.72733],[139.40822,35.72722],[139.4083,35.72698],[139.40828,35.72657],[139.40818,35.72636],[139.40794,35.72618],[139.40784,35.72599],[139.40777,35.72548],[139.40775,35.72479],[139.40764,35.72441],[139.40749,35.72436],[139.40684,35.72475],[139.40669,35.72478],[139.4065,35.72476],[139.40634,35.72468],[139.4061,35.7244],[139.40564,35.72429],[139.40551,35.72395],[139.40514,35.72385],[139.40502,35.72366],[139.40507,35.7233],[139.40533,35.72292],[139.40596,35.72229],[139.40653,35.72186],[139.40687,35.72173],[139.40718,35.72173],[139.40738,35.7218],[139.40777,35.72207],[139.40785,35.72208],[139.40752,35.7214],[139.40748,35.72105],[139.40761,35.7209],[139.40817,35.72073],[139.40834,35.72054],[139.40829,35.72033],[139.40798,35.72009],[139.4079,35.71986],[139.40788,35.71949],[139.40796,35.71838],[139.40788,35.71792],[139.40779,35.71774],[139.40753,35.71747],[139.4066,35.71713],[139.40618,35.71691],[139.40596,35.71674],[139.40587,35.71651],[139.40573,35.71562],[139.40565,35.71415],[139.4056,35.70976],[139.40544,35.70797],[139.4053,35.70728],[139.40513,35.70673],[139.40493,35.70631],[139.40469,35.70603],[139.40396,35.70563],[139.40365,35.70539],[139.40348,35.70519],[139.40343,35.70493],[139.40328,35.70471],[139.40249,35.70427],[139.40228,35.70405],[139.40211,35.70374],[139.4019,35.7036],[139.4017,35.7036],[139.40153,35.70369],[139.40121,35.7042],[139.40054,35.7047],[139.40031,35.7053],[139.40005,35.70544],[139.39979,35.70551],[139.39957,35.70578],[139.39941,35.70676],[139.39949,35.70987],[139.39943,35.71096],[139.3993,35.71125],[139.39917,35.71138],[139.399,35.71145],[139.39864,35.71149],[139.39852,35.71157],[139.39837,35.71197],[139.39822,35.71204],[139.39798,35.71205],[139.39736,35.71192],[139.39699,35.7117],[139.39647,35.71109],[139.39634,35.71102],[139.39613,35.71101],[139.39592,35.71111],[139.39555,35.71146],[139.39531,35.71161],[139.39477,35.71181],[139.3941,35.71198],[139.39365,35.71218],[139.39349,35.71233],[139.39341,35.71269],[139.39328,35.71278],[139.39315,35.71279],[139.39299,35.71275],[139.39287,35.71249],[139.39268,35.71241],[139.39209,35.71235],[139.39123,35.71232],[139.39057,35.71219],[139.39028,35.71204],[139.39003,35.71172],[139.38971,35.71148],[139.38927,35.71133],[139.3891,35.7113],[139.38895,35.71133],[139.38871,35.71155],[139.38856,35.712],[139.38846,35.71347],[139.38835,35.71405],[139.38826,35.71426],[139.38802,35.71452],[139.38754,35.71461],[139.38728,35.71476],[139.38718,35.71489],[139.38702,35.71524],[139.38688,35.71592],[139.38672,35.7162],[139.3865,35.71629],[139.38636,35.71627],[139.38587,35.71601],[139.38554,35.71594],[139.38539,35.71595],[139.38509,35.71608],[139.38434,35.71671],[139.38385,35.71688],[139.38379,35.71697],[139.38374,35.71727],[139.38363,35.71738],[139.38344,35.71746],[139.38283,35.7175],[139.38255,35.71757],[139.38232,35.7177],[139.38207,35.71799],[139.38185,35.71813],[139.38153,35.71816],[139.38133,35.71813],[139.38058,35.71787],[139.38014,35.71774],[139.37982,35.71774],[139.37965,35.71786],[139.37958,35.71823],[139.37941,35.71842],[139.37889,35.71858],[139.37837,35.7186],[139.37789,35.71856],[139.37752,35.71849],[139.37716,35.7183],[139.37694,35.71794],[139.37684,35.71732],[139.37678,35.71724]]],[[[139.4307,35.72698],[139.43049,35.72652],[139.43031,35.72634],[139.43015,35.72631],[139.42985,35.72636],[139.42958,35.72635],[139.42909,35.7261],[139.42898,35.72637],[139.42852,35.72652],[139.42796,35.72717],[139.42775,35.72725],[139.42749,35.7272],[139.42738,35.72727],[139.42721,35.72762],[139.4271,35.72814],[139.42713,35.72831],[139.42732,35.72837],[139.42767,35.72839],[139.42849,35.72834],[139.42935,35.72817],[139.42985,35.72799],[139.43031,35.72775],[139.43069,35.72749],[139.431,35.72723],[139.43103,35.72714],[139.43081,35.72708],[139.4307,35.72698]]],[[[139.47062,35.50315],[139.47092,35.50325],[139.47125,35.50325],[139.47211,35.50311],[139.47297,35.5029],[139.47333,35.50273],[139.47346,35.50247],[139.47362,35.50238],[139.47389,35.50236],[139.47418,35.50241],[139.47449,35.50256],[139.47469,35.50281],[139.4747,35.50303],[139.47462,35.50341],[139.47467,35.50351],[139.47489,35.50366],[139.47496,35.50377],[139.47497,35.50401],[139.47489,35.50441],[139.47491,35.50454],[139.47498,35.50461],[139.47526,35.50458],[139.47534,35.50447],[139.47536,35.50432],[139.47545,35.50426],[139.47561,35.50425],[139.47635,35.50432],[139.4767,35.50425],[139.47711,35.50408],[139.47729,35.50406],[139.47744,35.50411],[139.4779,35.50436],[139.47838,35.50442],[139.47852,35.50447],[139.47861,35.50456],[139.47866,35.50485],[139.47874,35.50495],[139.47913,35.50474],[139.47944,35.50465],[139.47995,35.50464],[139.48029,35.50471],[139.48085,35.50502],[139.48141,35.5051],[139.48158,35.50518],[139.48486,35.50405],[139.48494,35.50397],[139.48223,35.50347],[139.48136,35.50317],[139.48035,35.50297],[139.47956,35.5025],[139.47638,35.50135],[139.47471,35.5014],[139.47381,35.50125],[139.47273,35.50147],[139.47143,35.50206],[139.47058,35.50214],[139.46963,35.5019],[139.46869,35.502],[139.46861,35.50203],[139.46894,35.50239],[139.46906,35.50289],[139.46935,35.50262],[139.46967,35.50259],[139.47001,35.50274],[139.47062,35.50315]]],[[[139.45427,35.69142],[139.45443,35.69178],[139.45492,35.69191],[139.45538,35.69222],[139.45594,35.69275],[139.4562,35.69318],[139.45633,35.69332],[139.45663,35.69347],[139.45732,35.69368],[139.45763,35.69397],[139.45774,35.69393],[139.45796,35.6937],[139.4586,35.69357],[139.45865,35.69341],[139.45858,35.69318],[139.4586,35.69299],[139.45895,35.69271],[139.45913,35.69205],[139.45928,35.69186],[139.4595,35.69172],[139.45996,35.69161],[139.46015,35.69163],[139.46027,35.6917],[139.46032,35.69191],[139.46024,35.69222],[139.46026,35.69246],[139.46038,35.69261],[139.46057,35.69266],[139.46067,35.69257],[139.46072,35.69228],[139.46083,35.69211],[139.46115,35.69185],[139.46187,35.69143],[139.46206,35.69118],[139.46208,35.69101],[139.46227,35.69088],[139.46299,35.69075],[139.46468,35.69071],[139.46559,35.69062],[139.46589,35.69051],[139.46595,35.69043],[139.46599,35.69021],[139.46608,35.69012],[139.46666,35.68999],[139.46675,35.6899],[139.46679,35.68976],[139.46675,35.68952],[139.46666,35.68937],[139.46617,35.68901],[139.46608,35.6889],[139.4661,35.68858],[139.46584,35.6885],[139.46511,35.68844],[139.46474,35.6883],[139.46425,35.68788],[139.4635,35.68683],[139.46332,35.68669],[139.46308,35.6866],[139.46303,35.68635],[139.46311,35.68575],[139.46302,35.68544],[139.46285,35.68533],[139.46232,35.68527],[139.4619,35.6851],[139.46149,35.6848],[139.46127,35.68452],[139.46106,35.68397],[139.46093,35.68246],[139.46084,35.68218],[139.46056,35.68172],[139.46048,35.68141],[139.46048,35.68109],[139.46056,35.68085],[139.46093,35.68052],[139.46087,35.68032],[139.46075,35.68028],[139.46044,35.68041],[139.45951,35.68107],[139.45912,35.68123],[139.4589,35.68124],[139.45862,35.68118],[139.45837,35.68102],[139.45802,35.68067],[139.45782,35.68057],[139.45768,35.68056],[139.45736,35.68067],[139.45707,35.68086],[139.45688,35.68104],[139.45673,35.68128],[139.4566,35.68192],[139.45665,35.68259],[139.45678,35.68286],[139.45706,35.68305],[139.45715,35.68324],[139.4571,35.68344],[139.45679,35.68365],[139.45676,35.68374],[139.45681,35.68386],[139.45715,35.68418],[139.45734,35.68443],[139.4575,35.68504],[139.45784,35.68527],[139.45792,35.68538],[139.45797,35.68568],[139.45789,35.68587],[139.45777,35.68594],[139.4574,35.68598],[139.45717,35.68607],[139.4568,35.68656],[139.4565,35.68671],[139.4559,35.68689],[139.45568,35.68708],[139.45554,35.68732],[139.45536,35.68741],[139.45493,35.68745],[139.45414,35.6874],[139.45466,35.68769],[139.45481,35.68783],[139.4549,35.68798],[139.45491,35.68822],[139.45479,35.68841],[139.45454,35.68845],[139.45437,35.68854],[139.45414,35.6889],[139.45381,35.68912],[139.45299,35.68936],[139.45233,35.68945],[139.45218,35.6894],[139.4521,35.68916],[139.45184,35.68898],[139.45152,35.68894],[139.45113,35.68901],[139.45092,35.68917],[139.45087,35.68947],[139.45097,35.68986],[139.45119,35.69016],[139.45152,35.69033],[139.45191,35.69039],[139.45222,35.69034],[139.45261,35.69015],[139.45277,35.69016],[139.45296,35.69024],[139.45339,35.69063],[139.4536,35.69109],[139.45427,35.69142]]],[[[139.44226,35.68953],[139.4411,35.6893],[139.44126,35.68972],[139.44122,35.68995],[139.44058,35.69028],[139.4402,35.69081],[139.43988,35.69089],[139.43974,35.691],[139.43947,35.69146],[139.43932,35.69195],[139.43933,35.69199],[139.43943,35.69198],[139.43999,35.69161],[139.44043,35.69151],[139.44064,35.69134],[139.441,35.69087],[139.44117,35.69077],[139.44136,35.69074],[139.44165,35.69082],[139.44184,35.69103],[139.44191,35.6913],[139.44191,35.692],[139.44196,35.69171],[139.44215,35.69152],[139.44407,35.69053],[139.44455,35.69016],[139.44474,35.68984],[139.44465,35.68972],[139.44436,35.68968],[139.44306,35.68985],[139.44259,35.68985],[139.44248,35.68978],[139.44241,35.68962],[139.44226,35.68953]]],[[[139.47618,35.71408],[139.47641,35.71407],[139.47659,35.714],[139.47685,35.71368],[139.47691,35.71329],[139.47699,35.71313],[139.47736,35.71303],[139.47753,35.71293],[139.47801,35.71245],[139.47825,35.712],[139.47828,35.71157],[139.47816,35.71131],[139.47775,35.7112],[139.47754,35.71097],[139.47743,35.71091],[139.4772,35.7109],[139.47676,35.71096],[139.47665,35.71089],[139.47656,35.71064],[139.47637,35.71052],[139.47583,35.7104],[139.47519,35.71036],[139.47499,35.7104],[139.47489,35.7105],[139.4749,35.71066],[139.47506,35.71098],[139.47503,35.71132],[139.47488,35.71154],[139.47425,35.71215],[139.47406,35.71254],[139.47378,35.71261],[139.47351,35.71258],[139.47335,35.71245],[139.47326,35.71206],[139.47313,35.71202],[139.473,35.71206],[139.47287,35.71237],[139.47285,35.71278],[139.47291,35.71368],[139.47302,35.71424],[139.47327,35.71479],[139.47351,35.71496],[139.47378,35.71499],[139.47416,35.71486],[139.47439,35.71464],[139.47471,35.71419],[139.4751,35.71394],[139.4754,35.71391],[139.47618,35.71408]]],[[[139.4871,35.56751],[139.48687,35.56742],[139.4868,35.56733],[139.48678,35.56734],[139.48613,35.56743],[139.48604,35.56758],[139.48608,35.56789],[139.48639,35.56871],[139.48636,35.56904],[139.48606,35.5693],[139.48546,35.56955],[139.48513,35.56994],[139.48489,35.57011],[139.484,35.57029],[139.48357,35.57087],[139.48287,35.57138],[139.48334,35.57177],[139.48375,35.57196],[139.48447,35.57369],[139.48463,35.57468],[139.48527,35.5747],[139.48572,35.57481],[139.48607,35.57507],[139.48619,35.57526],[139.48623,35.57547],[139.48605,35.57597],[139.48594,35.5761],[139.48562,35.57632],[139.48561,35.57646],[139.48572,35.57661],[139.48589,35.57665],[139.48616,35.57664],[139.48737,35.57639],[139.48775,35.57644],[139.48794,35.5767],[139.48804,35.57749],[139.48811,35.57762],[139.48823,35.57767],[139.48849,35.5776],[139.48859,35.57731],[139.4888,35.57714],[139.48928,35.57693],[139.48954,35.57692],[139.48963,35.577],[139.48965,35.57723],[139.48977,35.57742],[139.49027,35.57766],[139.49045,35.5779],[139.49041,35.57829],[139.49012,35.57869],[139.49032,35.57873],[139.49118,35.57866],[139.49149,35.5787],[139.49167,35.57901],[139.49241,35.57941],[139.49261,35.57962],[139.49266,35.57987],[139.49259,35.5801],[139.49239,35.5803],[139.49207,35.58052],[139.49207,35.58064],[139.4924,35.58075],[139.49267,35.58068],[139.49283,35.58054],[139.49311,35.58016],[139.49325,35.58006],[139.49341,35.58004],[139.49377,35.58017],[139.49411,35.58018],[139.49421,35.58025],[139.49416,35.58093],[139.49431,35.58105],[139.49459,35.58108],[139.49471,35.58113],[139.49476,35.58129],[139.49469,35.58159],[139.49474,35.58168],[139.49486,35.58174],[139.49515,35.58174],[139.49534,35.58168],[139.49558,35.58153],[139.496,35.58114],[139.49649,35.58099],[139.49692,35.58047],[139.49728,35.58023],[139.4978,35.58008],[139.49863,35.58001],[139.49946,35.58006],[139.49986,35.58014],[139.50062,35.57914],[139.50176,35.57843],[139.50226,35.57822],[139.50218,35.57746],[139.50236,35.57706],[139.50314,35.57692],[139.50367,35.5767],[139.50546,35.57479],[139.5057,35.57486],[139.5069,35.57582],[139.50701,35.57582],[139.50714,35.57534],[139.50748,35.57533],[139.50759,35.57514],[139.50754,35.57503],[139.50702,35.57498],[139.50689,35.57485],[139.50693,35.57471],[139.50727,35.57454],[139.50735,35.57377],[139.50693,35.57297],[139.50657,35.57172],[139.50645,35.5716],[139.50584,35.57127],[139.50561,35.57123],[139.50483,35.57159],[139.50434,35.57161],[139.50321,35.57124],[139.50205,35.5711],[139.5013,35.57065],[139.5006,35.57044],[139.50041,35.5702],[139.50046,35.56971],[139.50083,35.56853],[139.49996,35.56835],[139.49891,35.56789],[139.49827,35.56793],[139.49789,35.5678],[139.49749,35.56732],[139.49737,35.56697],[139.49738,35.56639],[139.49657,35.56531],[139.49627,35.56464],[139.4951,35.56491],[139.49467,35.56486],[139.4944,35.56458],[139.49432,35.5641],[139.49396,35.56375],[139.4938,35.56386],[139.49343,35.56399],[139.49337,35.5642],[139.49346,35.5647],[139.49344,35.565],[139.49337,35.56512],[139.49309,35.56532],[139.493,35.56567],[139.49291,35.56581],[139.49255,35.56593],[139.49191,35.56596],[139.49152,35.5659],[139.49125,35.56575],[139.4911,35.56552],[139.49107,35.56537],[139.49113,35.56482],[139.49128,35.56463],[139.49163,35.56461],[139.49127,35.56434],[139.491,35.56431],[139.49077,35.56442],[139.49025,35.56483],[139.49059,35.56499],[139.4907,35.56521],[139.49064,35.56569],[139.49043,35.56603],[139.49007,35.56624],[139.48959,35.56634],[139.48927,35.56649],[139.48916,35.56663],[139.48908,35.56695],[139.48877,35.56722],[139.48822,35.56743],[139.48759,35.56752],[139.4871,35.56751]]],[[[139.48418,35.64927],[139.48414,35.64897],[139.484,35.64875],[139.48375,35.64861],[139.4835,35.64857],[139.48318,35.6487],[139.48287,35.64916],[139.48259,35.64936],[139.48235,35.64937],[139.48194,35.64924],[139.48145,35.64916],[139.48067,35.64921],[139.48039,35.64931],[139.48027,35.64946],[139.48033,35.64967],[139.48043,35.6498],[139.48073,35.65007],[139.48113,35.65028],[139.48164,35.65044],[139.4826,35.65057],[139.48319,35.65053],[139.48343,35.65046],[139.48381,35.65024],[139.48405,35.64988],[139.48418,35.64927]]],[[[139.49924,35.65721],[139.49922,35.65682],[139.49911,35.65652],[139.49893,35.65632],[139.49863,35.65623],[139.49775,35.65614],[139.4959,35.65612],[139.49461,35.65622],[139.49424,35.65636],[139.49402,35.6567],[139.49399,35.65694],[139.49403,35.6571],[139.49419,35.65731],[139.49435,35.65743],[139.49483,35.65758],[139.49626,35.65768],[139.4973,35.65769],[139.4982,35.65764],[139.49882,35.65752],[139.49903,35.65744],[139.49917,35.65733],[139.49924,35.65721]]],[[[139.48499,35.6648],[139.48532,35.66474],[139.48742,35.66477],[139.48779,35.66468],[139.48789,35.6646],[139.48792,35.66439],[139.48781,35.66408],[139.48778,35.66367],[139.4879,35.66288],[139.48809,35.66223],[139.48809,35.66193],[139.488,35.66166],[139.48781,35.66143],[139.48751,35.66123],[139.48712,35.66107],[139.48604,35.66085],[139.48472,35.66075],[139.48362,35.66076],[139.48274,35.66087],[139.48209,35.66107],[139.48163,35.66135],[139.48102,35.66181],[139.48084,35.66208],[139.48084,35.66244],[139.48099,35.66296],[139.48129,35.66361],[139.48154,35.66399],[139.48182,35.66431],[139.48214,35.66458],[139.48249,35.66479],[139.48285,35.66495],[139.48344,35.66508],[139.48404,35.66509],[139.4845,35.66502],[139.48499,35.6648]]],[[[139.59204,35.68349],[139.59216,35.68339],[139.59221,35.6831],[139.59213,35.68283],[139.59194,35.68265],[139.59167,35.68255],[139.59162,35.68245],[139.59176,35.68226],[139.59221,35.68193],[139.5923,35.68177],[139.59229,35.6816],[139.59213,35.68135],[139.59212,35.6812],[139.59222,35.68114],[139.5925,35.68113],[139.59269,35.68106],[139.59282,35.68073],[139.59295,35.68062],[139.59334,35.68051],[139.59407,35.68059],[139.59428,35.68054],[139.5945,35.68031],[139.59477,35.67963],[139.59502,35.67943],[139.59572,35.6794],[139.59719,35.67956],[139.59703,35.679],[139.59707,35.67871],[139.5972,35.6786],[139.59776,35.67835],[139.59827,35.67789],[139.59847,35.67785],[139.59867,35.67791],[139.5988,35.6779],[139.59886,35.67774],[139.5988,35.67765],[139.5986,35.67756],[139.5981,35.67755],[139.59772,35.67761],[139.59728,35.67779],[139.59712,35.67782],[139.59696,35.67765],[139.5969,35.67695],[139.59684,35.67676],[139.59674,35.67666],[139.59642,35.67656],[139.59637,35.67638],[139.59627,35.67629],[139.59586,35.6762],[139.59489,35.67617],[139.59448,35.67612],[139.5942,35.67602],[139.59404,35.67588],[139.59395,35.67573],[139.59378,35.67565],[139.59351,35.67564],[139.59258,35.67579],[139.59212,35.67566],[139.59177,35.67531],[139.59151,35.67483],[139.59133,35.67425],[139.59116,35.67341],[139.59096,35.67294],[139.59077,35.67272],[139.59048,35.6725],[139.59022,35.67237],[139.58994,35.67232],[139.58984,35.67221],[139.5897,35.67121],[139.58951,35.67151],[139.5893,35.67168],[139.58902,35.67179],[139.58865,35.67185],[139.58805,35.67188],[139.58756,35.67185],[139.58714,35.67172],[139.5866,35.6714],[139.58639,35.67137],[139.58619,35.67144],[139.58585,35.67165],[139.58549,35.67175],[139.58472,35.67179],[139.58376,35.67173],[139.58326,35.67175],[139.58281,35.67187],[139.58265,35.6721],[139.58252,35.67218],[139.58222,35.67216],[139.58183,35.67203],[139.58153,35.67198],[139.5814,35.67203],[139.58114,35.67228],[139.58082,35.67231],[139.58054,35.67211],[139.58006,35.6715],[139.57959,35.67135],[139.57947,35.67099],[139.57885,35.67054],[139.57864,35.67013],[139.57797,35.66999],[139.57785,35.66971],[139.57776,35.66962],[139.57714,35.66935],[139.57666,35.66892],[139.57642,35.66877],[139.57589,35.66857],[139.57522,35.66838],[139.57488,35.66822],[139.57467,35.66801],[139.57458,35.66776],[139.57457,35.6675],[139.57441,35.6673],[139.57422,35.66729],[139.57384,35.66742],[139.57354,35.66746],[139.57341,35.66742],[139.57322,35.66724],[139.57306,35.6672],[139.57222,35.66729],[139.57194,35.66727],[139.57163,35.66711],[139.5715,35.66674],[139.57131,35.66667],[139.57105,35.66674],[139.57091,35.66707],[139.57075,35.66712],[139.57058,35.66708],[139.56982,35.66659],[139.56855,35.66559],[139.56789,35.66517],[139.56692,35.66474],[139.56579,35.66447],[139.56532,35.66426],[139.56521,35.6641],[139.56518,35.66388],[139.56512,35.66379],[139.56484,35.66371],[139.56474,35.66362],[139.56467,35.66335],[139.56464,35.66297],[139.56449,35.66274],[139.5643,35.66269],[139.56379,35.66275],[139.56348,35.6627],[139.56299,35.66244],[139.56225,35.66235],[139.56192,35.66226],[139.56143,35.66185],[139.56123,35.66175],[139.56031,35.66161],[139.55978,35.66122],[139.5583,35.66061],[139.55788,35.66038],[139.55753,35.66004],[139.55741,35.65965],[139.55723,35.65954],[139.55695,35.65951],[139.55637,35.65957],[139.5559,35.65955],[139.55568,35.65949],[139.55536,35.6593],[139.55505,35.65921],[139.55466,35.65919],[139.55432,35.65926],[139.5541,35.65941],[139.55391,35.6597],[139.55375,35.65977],[139.55354,35.65978],[139.55315,35.65973],[139.55294,35.65976],[139.55278,35.65986],[139.55255,35.66023],[139.55222,35.66033],[139.55134,35.6603],[139.54973,35.66005],[139.54914,35.66002],[139.54871,35.66009],[139.54846,35.66023],[139.5482,35.66051],[139.54781,35.66129],[139.54764,35.66142],[139.54735,35.66147],[139.5472,35.66175],[139.54694,35.66175],[139.54633,35.66158],[139.54593,35.66154],[139.54573,35.66158],[139.54537,35.66178],[139.54523,35.6618],[139.54479,35.66173],[139.5442,35.66194],[139.54395,35.66198],[139.54335,35.6619],[139.54279,35.66167],[139.54259,35.6615],[139.54256,35.66134],[139.54249,35.66123],[139.54206,35.66113],[139.54138,35.66053],[139.54063,35.66012],[139.54016,35.65994],[139.53977,35.65996],[139.53944,35.66018],[139.53918,35.66059],[139.53891,35.66135],[139.53881,35.66186],[139.53883,35.66206],[139.53894,35.6622],[139.5391,35.66229],[139.53935,35.66233],[139.53948,35.66245],[139.53953,35.66282],[139.53947,35.663],[139.53921,35.66317],[139.53861,35.66322],[139.53839,35.66329],[139.53826,35.66351],[139.53828,35.66393],[139.53814,35.66413],[139.53787,35.66432],[139.53687,35.66479],[139.5365,35.66512],[139.53624,35.66516],[139.53574,35.66511],[139.53553,35.66521],[139.53531,35.6656],[139.53516,35.66621],[139.53499,35.66648],[139.53487,35.66657],[139.53456,35.66663],[139.53383,35.66649],[139.5336,35.6665],[139.53347,35.66658],[139.53335,35.66697],[139.5332,35.66703],[139.53295,35.66699],[139.53244,35.66673],[139.53185,35.6663],[139.53164,35.66601],[139.53168,35.66567],[139.53155,35.66547],[139.53133,35.66538],[139.53057,35.66519],[139.53035,35.66507],[139.52995,35.66473],[139.52969,35.66473],[139.52939,35.66492],[139.52916,35.66519],[139.52907,35.66539],[139.52901,35.66583],[139.52892,35.66606],[139.52854,35.66651],[139.52794,35.66692],[139.52681,35.66734],[139.52657,35.66752],[139.52646,35.66776],[139.52646,35.6679],[139.52665,35.66854],[139.52667,35.66883],[139.52656,35.66921],[139.52641,35.66942],[139.52618,35.66959],[139.52589,35.66972],[139.52485,35.66996],[139.52467,35.67008],[139.52459,35.67023],[139.52464,35.67047],[139.52476,35.67062],[139.52533,35.67094],[139.52549,35.67114],[139.52558,35.67158],[139.52554,35.67226],[139.52565,35.67246],[139.52587,35.67254],[139.52619,35.67252],[139.52648,35.67256],[139.5267,35.67272],[139.52686,35.67302],[139.52696,35.67364],[139.52691,35.67409],[139.52679,35.67427],[139.52627,35.67453],[139.52615,35.67467],[139.52605,35.67491],[139.5261,35.6752],[139.52632,35.67544],[139.52639,35.67559],[139.52641,35.67576],[139.52633,35.6763],[139.52643,35.67659],[139.52659,35.67677],[139.52679,35.67691],[139.527,35.67694],[139.5271,35.67691],[139.52731,35.67677],[139.52789,35.67613],[139.52812,35.67603],[139.52831,35.67608],[139.52841,35.67629],[139.52845,35.67679],[139.52851,35.67698],[139.52863,35.6771],[139.52899,35.67717],[139.52918,35.6773],[139.52933,35.67798],[139.52953,35.67827],[139.53005,35.67882],[139.5302,35.67913],[139.53027,35.67943],[139.53021,35.6796],[139.52985,35.67971],[139.52978,35.67999],[139.52967,35.68012],[139.52921,35.68029],[139.52894,35.68031],[139.52878,35.68027],[139.52867,35.68001],[139.52848,35.6799],[139.52792,35.67986],[139.52765,35.67992],[139.52749,35.68007],[139.52744,35.68018],[139.52749,35.68104],[139.52744,35.68125],[139.52734,35.68141],[139.52696,35.68162],[139.52633,35.6817],[139.52622,35.68181],[139.52618,35.68196],[139.52605,35.68206],[139.52491,35.68232],[139.52461,35.68245],[139.52439,35.68262],[139.52423,35.68284],[139.52402,35.68336],[139.52367,35.68488],[139.52359,35.68576],[139.5237,35.68633],[139.52389,35.68654],[139.52412,35.68668],[139.52454,35.6868],[139.52518,35.68687],[139.52542,35.68705],[139.52557,35.68737],[139.52568,35.68834],[139.52578,35.68853],[139.52594,35.68868],[139.52614,35.68878],[139.52671,35.68884],[139.52788,35.68866],[139.52858,35.68861],[139.52917,35.68867],[139.52943,35.68873],[139.52987,35.68893],[139.53031,35.68925],[139.53048,35.68954],[139.53042,35.68978],[139.53046,35.6899],[139.53059,35.68997],[139.5308,35.69001],[139.53108,35.68999],[139.53135,35.68992],[139.53177,35.68971],[139.53228,35.68935],[139.53254,35.68931],[139.53279,35.68964],[139.53295,35.68976],[139.53355,35.68996],[139.53389,35.69017],[139.53453,35.69111],[139.53515,35.69161],[139.53527,35.69188],[139.53532,35.69229],[139.53541,35.69241],[139.53555,35.69248],[139.53585,35.69251],[139.53608,35.69258],[139.53659,35.69289],[139.53704,35.69333],[139.53719,35.69361],[139.53722,35.69385],[139.53738,35.69398],[139.53769,35.69398],[139.53817,35.69383],[139.53839,35.69364],[139.53865,35.69324],[139.53899,35.69316],[139.53921,35.69306],[139.54044,35.69215],[139.54096,35.69186],[139.54112,35.69184],[139.54132,35.6919],[139.54174,35.69228],[139.54194,35.69238],[139.54208,35.69236],[139.54242,35.69218],[139.54271,35.69214],[139.54412,35.69219],[139.54446,35.69207],[139.54465,35.69178],[139.54478,35.69168],[139.54542,35.69158],[139.54588,35.69133],[139.54609,35.69128],[139.54637,35.69143],[139.54649,35.69164],[139.54651,35.69191],[139.54643,35.69222],[139.54648,35.69237],[139.5466,35.69236],[139.5469,35.69224],[139.54725,35.69229],[139.54751,35.69245],[139.54791,35.69283],[139.54829,35.6931],[139.54851,35.69319],[139.54882,35.69321],[139.54901,35.69328],[139.54912,35.69352],[139.54927,35.69367],[139.55038,35.69429],[139.55071,35.69455],[139.55098,35.69499],[139.55109,35.69563],[139.5514,35.69601],[139.55174,35.69621],[139.55215,35.69636],[139.55273,35.69639],[139.5531,35.69629],[139.5536,35.69598],[139.55392,35.69571],[139.55403,35.69556],[139.55407,35.69539],[139.55418,35.6953],[139.55522,35.69502],[139.55541,35.69488],[139.55545,35.69472],[139.55557,35.69462],[139.55619,35.69451],[139.55643,35.69435],[139.55684,35.69399],[139.55773,35.69367],[139.55782,35.69353],[139.55777,35.69342],[139.55779,35.69328],[139.55794,35.69309],[139.55838,35.69274],[139.55896,35.69238],[139.55943,35.69221],[139.56014,35.69225],[139.56126,35.692],[139.56195,35.69197],[139.56245,35.69205],[139.56282,35.6922],[139.56297,35.69233],[139.5631,35.69256],[139.56324,35.69269],[139.56335,35.6927],[139.56364,35.69264],[139.56381,35.69266],[139.56456,35.69295],[139.56549,35.69303],[139.56585,35.69313],[139.56601,35.69324],[139.56614,35.69348],[139.56636,35.6937],[139.56695,35.69401],[139.56712,35.69414],[139.5672,35.69429],[139.56718,35.6947],[139.56744,35.69495],[139.56849,35.69546],[139.56885,35.69572],[139.56909,35.69596],[139.56934,35.6961],[139.57009,35.69628],[139.57057,35.69631],[139.5708,35.69627],[139.57125,35.69611],[139.57148,35.69598],[139.5719,35.69562],[139.57277,35.69478],[139.57299,35.69464],[139.57322,35.69458],[139.57317,35.69445],[139.57277,35.69406],[139.57267,35.69381],[139.57277,35.69347],[139.57309,35.69319],[139.57347,35.69301],[139.57385,35.6929],[139.57409,35.69289],[139.57451,35.69296],[139.5747,35.69295],[139.57477,35.69289],[139.57488,35.69257],[139.57514,35.6923],[139.57555,35.69199],[139.57584,35.69187],[139.57632,35.69185],[139.57714,35.69203],[139.57725,35.69199],[139.57728,35.69184],[139.5774,35.69173],[139.5779,35.69167],[139.57806,35.69159],[139.5781,35.69144],[139.57806,35.69133],[139.5779,35.69116],[139.5774,35.6908],[139.57728,35.69058],[139.57727,35.69041],[139.57734,35.68999],[139.57747,35.68966],[139.57773,35.68947],[139.57819,35.68939],[139.5783,35.68927],[139.57837,35.68907],[139.57833,35.68849],[139.5782,35.68833],[139.57802,35.68829],[139.57793,35.68803],[139.57799,35.6873],[139.5781,35.68693],[139.57836,35.6866],[139.5786,35.68651],[139.57897,35.68648],[139.57916,35.68641],[139.57929,35.68629],[139.57956,35.6859],[139.57987,35.68582],[139.57999,35.68575],[139.58013,35.68554],[139.58025,35.68523],[139.58043,35.68502],[139.5806,35.68495],[139.58103,35.68488],[139.58112,35.68478],[139.58121,35.68449],[139.58147,35.68439],[139.58225,35.68435],[139.5837,35.68441],[139.58432,35.68433],[139.58447,35.6842],[139.5845,35.68404],[139.58463,35.68391],[139.58486,35.6838],[139.5852,35.68372],[139.58651,35.68361],[139.58673,35.68371],[139.58696,35.68405],[139.58731,35.68404],[139.58743,35.68399],[139.58754,35.68359],[139.58777,35.6834],[139.5891,35.6831],[139.58957,35.68286],[139.58977,35.6828],[139.59033,35.6828],[139.59089,35.68294],[139.59108,35.6831],[139.5911,35.68338],[139.5918,35.68351],[139.59204,35.68349]]],[[[139.47065,35.69074],[139.47066,35.69103],[139.47072,35.69114],[139.47134,35.69145],[139.47146,35.69164],[139.47149,35.69187],[139.47158,35.69197],[139.47183,35.69201],[139.47234,35.69197],[139.47256,35.69204],[139.47274,35.69217],[139.47312,35.69264],[139.47329,35.69274],[139.47349,35.69278],[139.47368,35.69277],[139.47388,35.69271],[139.47406,35.69236],[139.47489,35.69191],[139.47501,35.6918],[139.47508,35.69158],[139.47514,35.69152],[139.47534,35.69151],[139.47563,35.69157],[139.47584,35.69154],[139.47615,35.69136],[139.47648,35.69106],[139.47695,35.69085],[139.47735,35.69078],[139.47826,35.69073],[139.47899,35.69055],[139.47959,35.69016],[139.47975,35.68996],[139.47981,35.68975],[139.47996,35.68966],[139.48023,35.68964],[139.48062,35.68975],[139.48191,35.69051],[139.48227,35.69067],[139.48338,35.69089],[139.48372,35.69108],[139.484,35.69134],[139.48421,35.69164],[139.48438,35.69206],[139.48451,35.69218],[139.48481,35.6922],[139.4853,35.69204],[139.48551,35.69204],[139.4856,35.69227],[139.48569,35.69236],[139.48613,35.69253],[139.48644,35.69271],[139.48722,35.69341],[139.4877,35.69356],[139.488,35.69397],[139.48815,35.69393],[139.48844,35.69358],[139.4888,35.69343],[139.48932,35.69347],[139.4897,35.69359],[139.48996,35.69372],[139.49013,35.69394],[139.49007,35.69427],[139.49018,35.69448],[139.49067,35.69483],[139.49087,35.69524],[139.49107,35.6953],[139.49135,35.69532],[139.49159,35.69545],[139.4919,35.69601],[139.49207,35.69598],[139.49247,35.69564],[139.4928,35.69555],[139.49343,35.69558],[139.49363,35.69565],[139.49386,35.6958],[139.49405,35.69602],[139.4941,35.6963],[139.49397,35.69648],[139.49371,35.69664],[139.49369,35.69672],[139.49392,35.69699],[139.49405,35.69729],[139.4941,35.69788],[139.49401,35.69831],[139.49391,35.69838],[139.49361,35.69832],[139.4931,35.6984],[139.49251,35.69861],[139.49235,35.69878],[139.49257,35.69908],[139.49262,35.69924],[139.49254,35.69975],[139.49258,35.6999],[139.4928,35.70003],[139.49318,35.70004],[139.49355,35.69994],[139.49382,35.69967],[139.4942,35.69957],[139.49436,35.69945],[139.49515,35.69823],[139.49536,35.69799],[139.49576,35.69771],[139.49595,35.69751],[139.49609,35.69698],[139.49648,35.69665],[139.49644,35.69611],[139.49659,35.69601],[139.49689,35.69597],[139.49712,35.69583],[139.49737,35.69558],[139.49811,35.69458],[139.49879,35.69408],[139.50019,35.69348],[139.5006,35.69325],[139.50089,35.69303],[139.50113,35.6927],[139.50138,35.69249],[139.50157,35.69242],[139.50187,35.69239],[139.50205,35.69228],[139.50222,35.69209],[139.50262,35.69138],[139.50285,35.69119],[139.50313,35.69108],[139.50347,35.69106],[139.50388,35.69111],[139.50407,35.69117],[139.50427,35.69136],[139.50445,35.69144],[139.50491,35.69137],[139.50514,35.69138],[139.50525,35.69144],[139.50546,35.69167],[139.50576,35.69174],[139.50599,35.6916],[139.50621,35.69114],[139.50643,35.69093],[139.50676,35.69085],[139.50714,35.6909],[139.5074,35.69111],[139.50759,35.6916],[139.50772,35.69178],[139.5079,35.69187],[139.5084,35.69184],[139.5087,35.69191],[139.50884,35.69205],[139.5091,35.69257],[139.50921,35.69264],[139.50958,35.69273],[139.50986,35.693],[139.51017,35.69309],[139.5108,35.69313],[139.51111,35.69324],[139.51137,35.69343],[139.51181,35.69402],[139.51216,35.6943],[139.51242,35.69437],[139.51295,35.69434],[139.5132,35.69441],[139.51343,35.69454],[139.51392,35.69501],[139.51417,35.69513],[139.51452,35.69513],[139.51486,35.69502],[139.51505,35.69477],[139.51514,35.69417],[139.51529,35.69397],[139.51574,35.69382],[139.51682,35.69375],[139.51663,35.6936],[139.51659,35.69349],[139.51661,35.69328],[139.51676,35.69305],[139.51702,35.69288],[139.51751,35.69274],[139.51777,35.69263],[139.51786,35.69253],[139.51795,35.69228],[139.5186,35.69198],[139.51879,35.69179],[139.51905,35.69137],[139.51982,35.69077],[139.51998,35.69048],[139.51994,35.69003],[139.52002,35.68977],[139.52037,35.68933],[139.52107,35.68871],[139.52128,35.68842],[139.52124,35.68831],[139.52106,35.68819],[139.52096,35.68798],[139.52093,35.68767],[139.52099,35.68748],[139.52111,35.68733],[139.52135,35.68721],[139.52204,35.68706],[139.52135,35.68675],[139.52108,35.68657],[139.52087,35.68624],[139.5207,35.68575],[139.52055,35.68558],[139.52042,35.68557],[139.52024,35.68567],[139.52014,35.68579],[139.52009,35.68599],[139.51994,35.68604],[139.5191,35.68579],[139.51886,35.68577],[139.51845,35.68584],[139.51821,35.68583],[139.51796,35.68562],[139.51777,35.68556],[139.51727,35.68555],[139.51659,35.6856],[139.51617,35.68557],[139.51564,35.68539],[139.51521,35.68508],[139.51476,35.68487],[139.51443,35.6848],[139.51378,35.68475],[139.51353,35.68467],[139.51333,35.68456],[139.5131,35.68433],[139.51289,35.68423],[139.51249,35.68419],[139.512,35.68424],[139.51169,35.68423],[139.51143,35.68415],[139.51097,35.68387],[139.51068,35.68375],[139.51011,35.68365],[139.50924,35.68361],[139.50882,35.68348],[139.50846,35.68303],[139.5081,35.68294],[139.508,35.68286],[139.50797,35.68271],[139.50802,35.68256],[139.50833,35.68236],[139.50834,35.6823],[139.5079,35.68216],[139.50755,35.68199],[139.50683,35.68143],[139.50558,35.68023],[139.50513,35.67971],[139.50487,35.67932],[139.50479,35.67905],[139.50492,35.67882],[139.50513,35.67865],[139.5057,35.6784],[139.50583,35.67805],[139.50625,35.67773],[139.50633,35.67748],[139.50633,35.67717],[139.50621,35.67692],[139.50582,35.67679],[139.50527,35.67611],[139.50506,35.67598],[139.50469,35.6759],[139.50441,35.67552],[139.504,35.67571],[139.50388,35.67583],[139.50386,35.67599],[139.50371,35.67607],[139.50314,35.67611],[139.50181,35.67605],[139.50124,35.67608],[139.50083,35.67618],[139.50068,35.67626],[139.50035,35.67662],[139.50019,35.6767],[139.5,35.67669],[139.49971,35.67657],[139.49956,35.67658],[139.49945,35.67678],[139.49938,35.67727],[139.49926,35.67742],[139.49907,35.67751],[139.49868,35.67754],[139.49845,35.67761],[139.49816,35.67782],[139.49785,35.67822],[139.49765,35.67834],[139.49742,35.67841],[139.49702,35.67841],[139.49681,35.67832],[139.49659,35.67805],[139.49642,35.67754],[139.49621,35.67724],[139.49583,35.67701],[139.49556,35.67703],[139.49532,35.67724],[139.49515,35.67762],[139.4952,35.6778],[139.49543,35.67794],[139.49554,35.67807],[139.49554,35.67834],[139.49525,35.67867],[139.49504,35.6788],[139.49483,35.67886],[139.49463,35.67886],[139.49449,35.67881],[139.49407,35.67842],[139.49378,35.67829],[139.49355,35.67827],[139.49295,35.67834],[139.49279,35.6783],[139.4926,35.67812],[139.49246,35.67807],[139.49217,35.67812],[139.49177,35.67825],[139.49144,35.67826],[139.49125,35.67818],[139.49083,35.67779],[139.49063,35.67773],[139.49045,35.67776],[139.49034,35.67789],[139.4903,35.67818],[139.49021,35.67828],[139.48995,35.67832],[139.48957,35.67826],[139.48936,35.67828],[139.48914,35.6784],[139.48901,35.67863],[139.4889,35.67873],[139.48866,35.67877],[139.48828,35.67872],[139.48814,35.67879],[139.48779,35.67938],[139.48756,35.67951],[139.48712,35.67959],[139.48701,35.67975],[139.48697,35.67998],[139.48678,35.68017],[139.48593,35.6804],[139.48574,35.68051],[139.48563,35.68064],[139.48557,35.68094],[139.48541,35.68106],[139.48514,35.6811],[139.48488,35.68105],[139.48444,35.68072],[139.48426,35.68074],[139.48408,35.68084],[139.48396,35.68101],[139.48397,35.68121],[139.48408,35.6813],[139.48432,35.68133],[139.48441,35.68138],[139.48449,35.68154],[139.48449,35.68178],[139.4843,35.68212],[139.48393,35.68247],[139.4837,35.68278],[139.48333,35.68369],[139.48314,35.68379],[139.48294,35.68376],[139.48273,35.68363],[139.48236,35.68327],[139.48205,35.68315],[139.48166,35.68311],[139.4814,35.68318],[139.48138,35.68333],[139.4816,35.68368],[139.48172,35.68415],[139.4817,35.68467],[139.48159,35.68497],[139.48141,35.68517],[139.48118,35.68527],[139.48091,35.68528],[139.48061,35.68523],[139.48047,35.68528],[139.48038,35.68541],[139.48032,35.6859],[139.48021,35.68619],[139.48006,35.68632],[139.47969,35.68648],[139.47954,35.68661],[139.47927,35.68718],[139.47911,35.68735],[139.47898,35.68739],[139.47879,35.68737],[139.47864,35.68728],[139.47845,35.68708],[139.47808,35.68698],[139.47716,35.68693],[139.47671,35.68697],[139.47629,35.68714],[139.47619,35.68732],[139.47615,35.68763],[139.47598,35.68784],[139.47536,35.68805],[139.47552,35.68848],[139.47552,35.68867],[139.47504,35.68883],[139.47459,35.68923],[139.47422,35.68932],[139.47359,35.68926],[139.47318,35.68933],[139.47298,35.68947],[139.47255,35.68999],[139.472,35.69018],[139.47149,35.69064],[139.47117,35.69073],[139.47065,35.69074]]],[[[139.54541,35.71118],[139.54545,35.71144],[139.54541,35.71158],[139.54524,35.71188],[139.54493,35.71221],[139.54458,35.71247],[139.54424,35.71264],[139.54372,35.7127],[139.5431,35.71252],[139.54278,35.71228],[139.54248,35.71186],[139.54222,35.7116],[139.54183,35.71136],[139.54147,35.71124],[139.54125,35.71121],[139.54107,35.71128],[139.54072,35.71178],[139.54056,35.71188],[139.54036,35.71188],[139.54019,35.71178],[139.53999,35.71144],[139.53985,35.71131],[139.53973,35.7113],[139.53951,35.71135],[139.53931,35.71132],[139.53825,35.71076],[139.53778,35.71068],[139.53723,35.71081],[139.53693,35.71076],[139.5368,35.7106],[139.53667,35.71022],[139.53649,35.70996],[139.53633,35.70987],[139.53603,35.70983],[139.53576,35.70964],[139.53518,35.70862],[139.53505,35.70852],[139.53472,35.70842],[139.53465,35.70819],[139.53454,35.70805],[139.534,35.70781],[139.53394,35.70767],[139.53402,35.70744],[139.53393,35.70737],[139.53375,35.70735],[139.53365,35.70726],[139.53359,35.7071],[139.53353,35.70652],[139.53337,35.7064],[139.53321,35.70643],[139.53284,35.70668],[139.53249,35.70721],[139.53236,35.70733],[139.53181,35.70757],[139.53166,35.70767],[139.53134,35.70813],[139.53118,35.70818],[139.53092,35.70813],[139.53081,35.7082],[139.5306,35.70864],[139.53042,35.70889],[139.52979,35.70919],[139.52961,35.70938],[139.52944,35.70968],[139.52931,35.70977],[139.52874,35.7099],[139.52869,35.71005],[139.52874,35.71036],[139.52866,35.71048],[139.52785,35.71078],[139.52766,35.71114],[139.52725,35.71125],[139.52712,35.71162],[139.52683,35.71193],[139.52642,35.7122],[139.5261,35.71229],[139.52581,35.7123],[139.52561,35.71223],[139.52545,35.71189],[139.52515,35.71183],[139.52497,35.71174],[139.52422,35.71111],[139.5239,35.71098],[139.52373,35.71097],[139.52335,35.71103],[139.52316,35.71111],[139.5226,35.71144],[139.52223,35.71173],[139.52198,35.71213],[139.52183,35.71226],[139.52163,35.71229],[139.5214,35.71223],[139.52113,35.71207],[139.52076,35.71175],[139.5206,35.71154],[139.52055,35.71131],[139.52046,35.71121],[139.5202,35.7111],[139.51982,35.711],[139.51957,35.71085],[139.51948,35.71072],[139.51944,35.71048],[139.51933,35.71034],[139.51901,35.71019],[139.51842,35.71005],[139.51826,35.70995],[139.5182,35.70981],[139.51827,35.70951],[139.51825,35.70942],[139.51786,35.70928],[139.51779,35.70904],[139.51768,35.70893],[139.51665,35.70848],[139.51645,35.70831],[139.51642,35.70815],[139.51635,35.70804],[139.51589,35.70791],[139.51513,35.70723],[139.51481,35.70709],[139.51461,35.70714],[139.51447,35.70727],[139.51412,35.70784],[139.51391,35.70808],[139.51377,35.70812],[139.51351,35.70806],[139.5134,35.70808],[139.51306,35.7084],[139.51265,35.70848],[139.51248,35.70882],[139.51189,35.70893],[139.51184,35.70899],[139.5119,35.7092],[139.51185,35.7094],[139.51144,35.70979],[139.51108,35.70992],[139.51062,35.70978],[139.51044,35.71007],[139.51031,35.71016],[139.50979,35.71024],[139.50959,35.71034],[139.50948,35.71076],[139.50939,35.71088],[139.50879,35.71116],[139.50861,35.71135],[139.50843,35.71165],[139.50822,35.71177],[139.50794,35.71181],[139.50771,35.71176],[139.50759,35.71166],[139.50753,35.71146],[139.50722,35.71136],[139.50662,35.71139],[139.50646,35.71146],[139.50627,35.71164],[139.50601,35.71162],[139.50559,35.7114],[139.50503,35.71099],[139.50484,35.71076],[139.50478,35.71055],[139.50469,35.71049],[139.50409,35.7104],[139.50391,35.71029],[139.50378,35.71014],[139.50358,35.71006],[139.50241,35.70997],[139.50188,35.70981],[139.50163,35.70962],[139.50139,35.70922],[139.50107,35.70893],[139.50079,35.7088],[139.50018,35.70865],[139.49998,35.70854],[139.49988,35.70841],[139.49979,35.7081],[139.49964,35.70798],[139.49856,35.70767],[139.4981,35.70731],[139.49764,35.70726],[139.49748,35.70719],[139.4973,35.70697],[139.49717,35.70667],[139.49695,35.70649],[139.49674,35.70645],[139.49623,35.7065],[139.49592,35.70637],[139.49537,35.70574],[139.49475,35.70543],[139.49463,35.70524],[139.49459,35.70499],[139.49446,35.70483],[139.49408,35.70457],[139.49351,35.70431],[139.49325,35.7041],[139.49308,35.70374],[139.49316,35.70324],[139.4931,35.70303],[139.49275,35.7029],[139.49267,35.70262],[139.49252,35.70246],[139.4923,35.70238],[139.4921,35.70237],[139.49137,35.70255],[139.49103,35.70278],[139.49096,35.70311],[139.49117,35.70364],[139.49122,35.70398],[139.49115,35.70425],[139.49102,35.70439],[139.49065,35.70451],[139.4899,35.70456],[139.48935,35.70465],[139.48889,35.70484],[139.48863,35.70505],[139.48844,35.70545],[139.48831,35.70603],[139.48824,35.70766],[139.48808,35.70866],[139.48788,35.70913],[139.48776,35.70931],[139.48748,35.70957],[139.48718,35.70971],[139.48687,35.70973],[139.48654,35.70965],[139.48595,35.70941],[139.48569,35.70942],[139.48542,35.70967],[139.48502,35.70976],[139.48489,35.71003],[139.48469,35.71016],[139.4828,35.71079],[139.48249,35.71096],[139.48228,35.71121],[139.48209,35.71132],[139.48175,35.71134],[139.48113,35.71124],[139.4794,35.71082],[139.47941,35.71138],[139.47952,35.71161],[139.47967,35.71164],[139.48006,35.71159],[139.48023,35.71163],[139.4809,35.71215],[139.48173,35.71241],[139.48226,35.71282],[139.4829,35.71293],[139.48307,35.71302],[139.48352,35.71343],[139.48379,35.71353],[139.48409,35.71355],[139.48433,35.71361],[139.4848,35.71401],[139.48652,35.71482],[139.4869,35.71511],[139.48703,35.71535],[139.48718,35.71548],[139.48729,35.71549],[139.48749,35.71544],[139.48758,35.71547],[139.48764,35.71558],[139.48774,35.71616],[139.48794,35.71639],[139.48828,35.71664],[139.48837,35.71681],[139.48832,35.71753],[139.4884,35.7176],[139.48863,35.71764],[139.48871,35.71772],[139.48884,35.71818],[139.48903,35.71828],[139.48933,35.71831],[139.48951,35.71842],[139.48968,35.71861],[139.49013,35.71943],[139.4904,35.71962],[139.49086,35.71971],[139.49104,35.71987],[139.4913,35.72026],[139.4917,35.72039],[139.49178,35.72055],[139.49181,35.72079],[139.49192,35.72098],[139.49224,35.72129],[139.49271,35.72163],[139.49295,35.72187],[139.49314,35.72226],[139.49316,35.72254],[139.49311,35.7228],[139.4929,35.72314],[139.49231,35.72358],[139.49216,35.72375],[139.49197,35.7243],[139.49178,35.72444],[139.49132,35.72463],[139.49114,35.72482],[139.49102,35.72505],[139.49091,35.72513],[139.49076,35.72514],[139.49038,35.72501],[139.49022,35.72513],[139.49009,35.72543],[139.48999,35.72591],[139.48992,35.7267],[139.48997,35.72708],[139.49007,35.72711],[139.49049,35.72688],[139.49076,35.72686],[139.49097,35.72696],[139.49114,35.72716],[139.4914,35.72727],[139.49243,35.72733],[139.49283,35.72741],[139.49296,35.72747],[139.49305,35.72762],[139.49297,35.72799],[139.49302,35.72812],[139.49345,35.72809],[139.49374,35.72817],[139.49411,35.72837],[139.495,35.72905],[139.4954,35.72928],[139.49586,35.7294],[139.49637,35.72922],[139.49669,35.72922],[139.49692,35.72938],[139.49703,35.72981],[139.49718,35.72994],[139.49764,35.73009],[139.49884,35.73031],[139.49924,35.73051],[139.49939,35.73077],[139.49931,35.73118],[139.49936,35.73146],[139.49987,35.7322],[139.49984,35.73228],[139.4996,35.73234],[139.49944,35.73255],[139.49932,35.73292],[139.49935,35.73328],[139.49956,35.73355],[139.49994,35.73373],[139.50013,35.73388],[139.50025,35.73406],[139.5003,35.73438],[139.50021,35.73472],[139.4998,35.73504],[139.49969,35.73537],[139.49956,35.73544],[139.49937,35.73546],[139.49928,35.73553],[139.4992,35.73574],[139.4992,35.73605],[139.49929,35.7362],[139.49944,35.7363],[139.50007,35.73639],[139.50043,35.73656],[139.50083,35.73696],[139.50091,35.73727],[139.50083,35.73746],[139.50036,35.73793],[139.50023,35.7383],[139.49982,35.73842],[139.49965,35.73871],[139.49934,35.73875],[139.49847,35.73868],[139.49821,35.73876],[139.49822,35.73897],[139.4984,35.73919],[139.4987,35.73934],[139.49909,35.73944],[139.49928,35.73955],[139.4994,35.7397],[139.49945,35.74001],[139.49934,35.74024],[139.4991,35.74049],[139.49872,35.74075],[139.49797,35.74116],[139.49757,35.74152],[139.49753,35.74173],[139.49793,35.74218],[139.49805,35.74259],[139.498,35.743],[139.49792,35.74316],[139.49774,35.74335],[139.49742,35.74347],[139.49694,35.74341],[139.49675,35.74345],[139.49668,35.74355],[139.49661,35.74391],[139.49654,35.74402],[139.49635,35.74412],[139.49586,35.7442],[139.49448,35.74426],[139.49421,35.74436],[139.49415,35.74452],[139.49396,35.74462],[139.49296,35.74468],[139.49255,35.74476],[139.49242,35.74482],[139.49229,35.74497],[139.49219,35.7454],[139.49198,35.74553],[139.49161,35.74556],[139.49128,35.74552],[139.49106,35.74541],[139.49092,35.74526],[139.49062,35.74519],[139.48992,35.74523],[139.48946,35.74536],[139.48922,35.74555],[139.48911,35.74594],[139.48883,35.74602],[139.48875,35.74609],[139.48874,35.7463],[139.48882,35.74669],[139.48877,35.74686],[139.48833,35.74701],[139.48791,35.74742],[139.48763,35.74757],[139.48743,35.74757],[139.48731,35.74751],[139.48705,35.74713],[139.48683,35.747],[139.48599,35.74705],[139.4858,35.74701],[139.48549,35.74685],[139.48535,35.74693],[139.48515,35.74734],[139.48468,35.74868],[139.48408,35.74971],[139.48403,35.75003],[139.4841,35.75045],[139.48406,35.75062],[139.48381,35.75104],[139.48386,35.75125],[139.48429,35.75156],[139.4845,35.75182],[139.48462,35.75213],[139.4846,35.75234],[139.48446,35.75251],[139.48419,35.75266],[139.48381,35.75278],[139.48346,35.75283],[139.4831,35.75274],[139.48296,35.75258],[139.48283,35.75228],[139.48263,35.75211],[139.48245,35.75207],[139.48226,35.75208],[139.4821,35.75221],[139.4821,35.75246],[139.48222,35.75277],[139.48237,35.75298],[139.48269,35.75321],[139.48284,35.7535],[139.48305,35.7546],[139.48307,35.75518],[139.48297,35.7555],[139.48271,35.75566],[139.48234,35.75568],[139.48215,35.75574],[139.48216,35.75582],[139.48246,35.75619],[139.48251,35.75642],[139.48247,35.75659],[139.48228,35.75676],[139.4817,35.75701],[139.48057,35.75731],[139.47979,35.75746],[139.47956,35.75747],[139.4793,35.75741],[139.47912,35.75725],[139.47894,35.75696],[139.47888,35.75726],[139.47871,35.75742],[139.4784,35.75759],[139.47722,35.75803],[139.47691,35.75825],[139.47673,35.7585],[139.4767,35.75863],[139.47673,35.75891],[139.47704,35.75934],[139.47742,35.75962],[139.47839,35.76018],[139.4788,35.76061],[139.4789,35.76089],[139.47885,35.76137],[139.47869,35.76159],[139.47834,35.76175],[139.47832,35.76217],[139.47824,35.76234],[139.47798,35.76249],[139.4776,35.76258],[139.47734,35.76269],[139.47725,35.76279],[139.47715,35.76305],[139.47651,35.76335],[139.47632,35.76354],[139.47611,35.76389],[139.47595,35.76398],[139.47575,35.76401],[139.47558,35.76413],[139.47541,35.7645],[139.47538,35.76479],[139.47543,35.76496],[139.4756,35.76515],[139.47563,35.76527],[139.47542,35.76548],[139.47471,35.76581],[139.47439,35.76602],[139.47402,35.76637],[139.47386,35.76665],[139.47373,35.76707],[139.47372,35.76749],[139.47378,35.76792],[139.47369,35.76837],[139.47352,35.76869],[139.47327,35.76903],[139.47285,35.76939],[139.47243,35.76952],[139.47202,35.76947],[139.47165,35.76952],[139.47142,35.76961],[139.47109,35.76983],[139.47084,35.76991],[139.4704,35.7699],[139.46976,35.76976],[139.4695,35.76979],[139.4693,35.76991],[139.46896,35.7703],[139.4687,35.77042],[139.46837,35.77049],[139.46779,35.7705],[139.46736,35.77043],[139.46718,35.77035],[139.46696,35.77014],[139.4666,35.76997],[139.46604,35.76979],[139.46549,35.76973],[139.46507,35.76982],[139.46474,35.77004],[139.46439,35.77017],[139.46339,35.77012],[139.46285,35.77019],[139.46208,35.77036],[139.46178,35.77037],[139.46147,35.77029],[139.46128,35.77008],[139.46113,35.76974],[139.46097,35.76912],[139.46079,35.76881],[139.46063,35.7687],[139.46034,35.76869],[139.46019,35.76874],[139.4601,35.76884],[139.46005,35.76914],[139.45993,35.76932],[139.45941,35.76958],[139.45942,35.76972],[139.4596,35.7699],[139.45967,35.77006],[139.45968,35.77039],[139.45957,35.7708],[139.45927,35.77115],[139.45888,35.77139],[139.45892,35.77166],[139.4592,35.77216],[139.45948,35.77245],[139.45964,35.7725],[139.46056,35.77251],[139.46079,35.77257],[139.46134,35.77343],[139.46207,35.7735],[139.4625,35.77346],[139.46274,35.77305],[139.46332,35.77288],[139.4639,35.77308],[139.46427,35.77353],[139.46467,35.77372],[139.46636,35.77374],[139.46812,35.77415],[139.46985,35.77421],[139.47001,35.77413],[139.47023,35.7738],[139.47063,35.77352],[139.47086,35.77341],[139.47116,35.7734],[139.47226,35.77433],[139.4728,35.77447],[139.47327,35.77444],[139.47407,35.77466],[139.47421,35.77495],[139.47397,35.77568],[139.47451,35.77534],[139.47588,35.77522],[139.47671,35.77533],[139.47704,35.77557],[139.47694,35.77574],[139.47631,35.77635],[139.47564,35.77617],[139.47535,35.77685],[139.47604,35.77705],[139.47641,35.77727],[139.47679,35.77781],[139.47689,35.77787],[139.47739,35.7775],[139.47817,35.7771],[139.47857,35.77701],[139.47899,35.77703],[139.47917,35.77715],[139.47939,35.77765],[139.47969,35.778],[139.48001,35.77816],[139.48049,35.77822],[139.48068,35.77834],[139.48084,35.77906],[139.48126,35.77938],[139.48136,35.77971],[139.48162,35.77978],[139.48173,35.77986],[139.48183,35.78015],[139.48184,35.78061],[139.48223,35.78066],[139.48229,35.781],[139.48252,35.78109],[139.48261,35.78107],[139.48277,35.78069],[139.48298,35.78075],[139.4829,35.7804],[139.48264,35.78002],[139.48188,35.77931],[139.48152,35.77884],[139.48122,35.77819],[139.48114,35.77763],[139.48119,35.7775],[139.48138,35.77735],[139.48205,35.77715],[139.48219,35.77707],[139.48172,35.77685],[139.48163,35.77676],[139.4816,35.7766],[139.48173,35.77641],[139.48216,35.77621],[139.4823,35.77594],[139.48242,35.77522],[139.48248,35.77394],[139.48263,35.77339],[139.4828,35.77325],[139.48324,35.77318],[139.48347,35.77296],[139.48361,35.7729],[139.48379,35.77288],[139.48428,35.77294],[139.48443,35.77287],[139.48446,35.77258],[139.48429,35.77198],[139.48433,35.77174],[139.48448,35.77155],[139.48486,35.77136],[139.48515,35.7711],[139.48553,35.77024],[139.48576,35.76998],[139.4862,35.76966],[139.48629,35.76952],[139.48633,35.76928],[139.48646,35.76913],[139.48676,35.76901],[139.48724,35.76892],[139.48819,35.76885],[139.48866,35.76886],[139.48905,35.76899],[139.48922,35.76951],[139.4894,35.76969],[139.48955,35.76975],[139.48981,35.76971],[139.49029,35.7694],[139.4905,35.76936],[139.49069,35.76952],[139.49089,35.76958],[139.49138,35.76959],[139.49206,35.76953],[139.49255,35.76958],[139.49275,35.76968],[139.49295,35.76996],[139.49321,35.77004],[139.49358,35.77],[139.4939,35.7699],[139.49405,35.76976],[139.49409,35.76961],[139.4942,35.76955],[139.49501,35.76959],[139.49545,35.76945],[139.4957,35.76924],[139.49621,35.76854],[139.49638,35.7684],[139.49653,35.76833],[139.49678,35.76838],[139.49705,35.76864],[139.49723,35.7687],[139.49749,35.76871],[139.49824,35.76866],[139.49857,35.76873],[139.4987,35.7688],[139.49893,35.76901],[139.49922,35.76958],[139.49943,35.76975],[139.49995,35.76955],[139.50045,35.76961],[139.50068,35.7696],[139.50106,35.76947],[139.50145,35.76926],[139.50175,35.76923],[139.50189,35.76933],[139.50215,35.76988],[139.50245,35.7701],[139.50253,35.77022],[139.50254,35.77052],[139.50244,35.77112],[139.5026,35.77094],[139.50281,35.77084],[139.5031,35.77086],[139.50336,35.77099],[139.50389,35.77145],[139.504,35.77165],[139.50403,35.77182],[139.50419,35.77199],[139.50495,35.77239],[139.5051,35.77256],[139.50517,35.77277],[139.50529,35.77286],[139.50605,35.77312],[139.50617,35.77324],[139.50622,35.77347],[139.50631,35.7736],[139.50667,35.77369],[139.50707,35.77367],[139.5077,35.77357],[139.50797,35.77346],[139.50816,35.77325],[139.50814,35.77308],[139.50798,35.77283],[139.50743,35.7724],[139.5073,35.77222],[139.5073,35.77202],[139.5076,35.77159],[139.50764,35.77134],[139.50751,35.77123],[139.50704,35.77108],[139.50689,35.77095],[139.50678,35.77067],[139.50682,35.77045],[139.50697,35.77024],[139.50727,35.77004],[139.50872,35.76949],[139.50857,35.76837],[139.5086,35.76797],[139.50865,35.76786],[139.50882,35.76772],[139.50921,35.7677],[139.5097,35.7678],[139.51019,35.76802],[139.51031,35.76803],[139.51038,35.76799],[139.51034,35.76775],[139.51002,35.76752],[139.50989,35.76724],[139.50984,35.76658],[139.50993,35.76604],[139.51003,35.76592],[139.51031,35.76583],[139.51048,35.7653],[139.51067,35.76516],[139.51115,35.76495],[139.51131,35.76461],[139.5115,35.76455],[139.51179,35.76453],[139.51193,35.76446],[139.51205,35.76425],[139.5121,35.76387],[139.51219,35.76376],[139.51234,35.76373],[139.51263,35.76379],[139.51279,35.76377],[139.51297,35.76365],[139.51311,35.76342],[139.51331,35.7633],[139.51361,35.76323],[139.5145,35.76319],[139.51496,35.76312],[139.51562,35.76291],[139.51639,35.76255],[139.51666,35.7625],[139.51684,35.76254],[139.51715,35.76295],[139.51772,35.76322],[139.51777,35.76335],[139.51771,35.76351],[139.51779,35.76359],[139.51832,35.76366],[139.51887,35.76363],[139.51918,35.76351],[139.51939,35.76295],[139.51962,35.76269],[139.51983,35.76254],[139.52006,35.76246],[139.52031,35.76245],[139.52084,35.76261],[139.52113,35.76262],[139.52127,35.76254],[139.52153,35.76216],[139.5219,35.76204],[139.52202,35.76172],[139.522,35.76119],[139.5219,35.76081],[139.52162,35.76016],[139.52167,35.75993],[139.52185,35.75972],[139.52192,35.75941],[139.5219,35.75737],[139.52201,35.75696],[139.52223,35.75673],[139.52237,35.75669],[139.52294,35.75665],[139.52309,35.75658],[139.52315,35.75649],[139.52307,35.75628],[139.52272,35.7562],[139.52256,35.75608],[139.52242,35.75577],[139.52234,35.75543],[139.52233,35.75518],[139.52238,35.75499],[139.52251,35.75489],[139.5227,35.75488],[139.52283,35.75481],[139.52292,35.75455],[139.52308,35.75451],[139.52345,35.75458],[139.52372,35.75457],[139.52431,35.75428],[139.52521,35.7542],[139.52551,35.75413],[139.5259,35.75392],[139.52649,35.7534],[139.52697,35.75325],[139.52732,35.75275],[139.52749,35.75265],[139.52778,35.7526],[139.52787,35.75239],[139.52796,35.7523],[139.52832,35.75222],[139.52958,35.75213],[139.53005,35.75198],[139.53056,35.75167],[139.5308,35.75168],[139.53104,35.75183],[139.53148,35.75194],[139.53328,35.75205],[139.53379,35.75225],[139.5338,35.75204],[139.53359,35.75137],[139.53358,35.75097],[139.53368,35.75081],[139.53396,35.75069],[139.5342,35.75048],[139.53452,35.74966],[139.53463,35.74951],[139.53491,35.74927],[139.53491,35.74898],[139.53471,35.74837],[139.53466,35.74806],[139.53471,35.74795],[139.53494,35.74786],[139.53502,35.74768],[139.5351,35.74671],[139.53521,35.74637],[139.53555,35.7461],[139.53562,35.74591],[139.53566,35.74561],[139.53576,35.74548],[139.53613,35.74541],[139.5364,35.74516],[139.53655,35.7451],[139.53678,35.74508],[139.53739,35.74514],[139.53763,35.74507],[139.53772,35.745],[139.53783,35.74479],[139.53789,35.74422],[139.53798,35.74408],[139.53812,35.74405],[139.53821,35.74408],[139.5385,35.74426],[139.5387,35.74447],[139.53893,35.74485],[139.53906,35.74495],[139.53932,35.74501],[139.53957,35.74498],[139.53968,35.74485],[139.53961,35.74455],[139.53966,35.74429],[139.54021,35.7437],[139.5403,35.74353],[139.54037,35.74321],[139.54064,35.74312],[139.54164,35.74327],[139.54195,35.74324],[139.54205,35.74319],[139.54216,35.74299],[139.54211,35.74252],[139.5422,35.74211],[139.54237,35.74189],[139.54276,35.74164],[139.54325,35.7415],[139.54358,35.74154],[139.54386,35.74169],[139.54396,35.74195],[139.54411,35.74209],[139.54456,35.74222],[139.54478,35.74223],[139.54499,35.7421],[139.54512,35.74154],[139.54524,35.74141],[139.54541,35.74132],[139.54568,35.74127],[139.5458,35.74129],[139.54586,35.74135],[139.54593,35.74158],[139.54619,35.74165],[139.54655,35.74154],[139.54732,35.74115],[139.54768,35.74111],[139.5479,35.74117],[139.54817,35.74134],[139.54832,35.74151],[139.54839,35.74173],[139.54852,35.74181],[139.54875,35.74186],[139.54948,35.7419],[139.54986,35.74206],[139.54999,35.74225],[139.55004,35.74273],[139.55015,35.7429],[139.55033,35.74288],[139.55046,35.74276],[139.55048,35.74264],[139.55041,35.74233],[139.55049,35.74221],[139.5507,35.74214],[139.55102,35.74211],[139.55142,35.74214],[139.55159,35.7422],[139.55188,35.74239],[139.552,35.74253],[139.55234,35.74332],[139.55267,35.74371],[139.55295,35.74382],[139.5536,35.74378],[139.55401,35.74386],[139.55435,35.74408],[139.55461,35.74435],[139.55491,35.74497],[139.55502,35.74511],[139.55525,35.74519],[139.55555,35.74513],[139.55582,35.74514],[139.55628,35.74537],[139.55634,35.74532],[139.55638,35.74503],[139.55647,35.74485],[139.5571,35.7442],[139.55725,35.74396],[139.55728,35.74357],[139.55712,35.74317],[139.55707,35.74287],[139.55712,35.74274],[139.5573,35.74263],[139.55739,35.7425],[139.55751,35.74182],[139.55764,35.74163],[139.55803,35.74147],[139.55878,35.74148],[139.55919,35.74161],[139.55952,35.74189],[139.55969,35.74193],[139.56012,35.74117],[139.5606,35.74072],[139.56093,35.74052],[139.56155,35.74027],[139.563,35.73989],[139.56332,35.73975],[139.56369,35.73943],[139.56392,35.73932],[139.56438,35.73922],[139.56525,35.73917],[139.56548,35.73907],[139.56551,35.73896],[139.56534,35.73877],[139.56455,35.73853],[139.56433,35.73839],[139.56425,35.73828],[139.56406,35.73821],[139.56349,35.73821],[139.56177,35.73842],[139.56132,35.73837],[139.56099,35.73812],[139.56042,35.73803],[139.56036,35.73793],[139.56042,35.73777],[139.56021,35.7376],[139.55924,35.73731],[139.55891,35.73716],[139.55864,35.73688],[139.55858,35.73659],[139.55845,35.73654],[139.55806,35.73673],[139.55731,35.73728],[139.55701,35.73742],[139.55679,35.73745],[139.55632,35.73721],[139.55584,35.73715],[139.55569,35.7371],[139.55558,35.73694],[139.55551,35.73659],[139.55539,35.7365],[139.55526,35.73649],[139.55512,35.73657],[139.55498,35.73677],[139.55453,35.73785],[139.55422,35.73815],[139.55397,35.73819],[139.5536,35.73813],[139.55341,35.73815],[139.55328,35.73821],[139.55309,35.73839],[139.55293,35.73843],[139.55232,35.73836],[139.55198,35.73837],[139.55145,35.73862],[139.55124,35.73858],[139.55103,35.73843],[139.55084,35.73837],[139.55063,35.73835],[139.55002,35.73841],[139.54981,35.73828],[139.54972,35.7378],[139.54963,35.73765],[139.54949,35.73754],[139.54901,35.73732],[139.54891,35.73703],[139.54865,35.73727],[139.54821,35.73736],[139.54758,35.73733],[139.54727,35.73716],[139.54696,35.73657],[139.54682,35.7364],[139.54645,35.73614],[139.54633,35.73594],[139.54628,35.7355],[139.54635,35.73487],[139.5463,35.7348],[139.54587,35.73534],[139.54562,35.73556],[139.54518,35.73569],[139.54469,35.73564],[139.54432,35.73569],[139.54417,35.73578],[139.54403,35.73602],[139.54385,35.73617],[139.54342,35.73637],[139.54256,35.73665],[139.54233,35.73682],[139.54225,35.73703],[139.54204,35.73711],[139.54168,35.73713],[139.54129,35.73707],[139.54094,35.73691],[139.54065,35.73666],[139.54055,35.73647],[139.54054,35.73627],[139.54077,35.73574],[139.54078,35.73556],[139.54068,35.73535],[139.54045,35.73524],[139.54014,35.73528],[139.53962,35.73557],[139.53925,35.73595],[139.53898,35.73646],[139.53867,35.73663],[139.53821,35.73667],[139.53777,35.73661],[139.53754,35.73651],[139.53723,35.73622],[139.53706,35.73616],[139.53697,35.73622],[139.53671,35.7366],[139.53653,35.73667],[139.53635,35.73665],[139.53625,35.73656],[139.53613,35.73622],[139.53578,35.73598],[139.53577,35.73584],[139.53584,35.73567],[139.53575,35.73544],[139.53502,35.73473],[139.53478,35.73431],[139.53452,35.73431],[139.53391,35.73447],[139.53363,35.73448],[139.5333,35.73433],[139.53307,35.73402],[139.53287,35.73385],[139.53247,35.73367],[139.53214,35.7336],[139.5317,35.73358],[139.53147,35.73362],[139.53122,35.73375],[139.53111,35.73376],[139.53101,35.73351],[139.53097,35.73273],[139.53086,35.73228],[139.53071,35.7321],[139.53035,35.73194],[139.53024,35.73183],[139.53007,35.73131],[139.52969,35.7312],[139.52962,35.73109],[139.52959,35.73094],[139.5295,35.73088],[139.52925,35.73087],[139.52886,35.73093],[139.52856,35.73085],[139.52843,35.73071],[139.52824,35.73031],[139.52808,35.73016],[139.52732,35.72986],[139.52723,35.72967],[139.5273,35.72943],[139.52729,35.72924],[139.52691,35.72893],[139.52662,35.72831],[139.52646,35.72823],[139.52601,35.72844],[139.52567,35.72845],[139.52528,35.72839],[139.52498,35.72846],[139.52485,35.7286],[139.52468,35.72899],[139.52452,35.72916],[139.52419,35.72923],[139.52405,35.7293],[139.5237,35.72965],[139.52345,35.72981],[139.52297,35.72989],[139.52278,35.72998],[139.52253,35.73024],[139.52218,35.7308],[139.52197,35.73091],[139.52178,35.73086],[139.52168,35.73089],[139.52162,35.73099],[139.52158,35.73139],[139.52146,35.73173],[139.52089,35.73256],[139.5208,35.73285],[139.52072,35.73348],[139.52057,35.73369],[139.5203,35.73381],[139.52012,35.73383],[139.51927,35.73377],[139.51891,35.73381],[139.51882,35.73389],[139.51874,35.73407],[139.51825,35.73416],[139.51794,35.73435],[139.51731,35.73517],[139.5171,35.73536],[139.51689,35.73547],[139.51669,35.73549],[139.51645,35.73545],[139.51634,35.73534],[139.51632,35.73519],[139.51624,35.73508],[139.51595,35.73504],[139.51583,35.73511],[139.51574,35.73534],[139.51559,35.73544],[139.51403,35.73576],[139.5135,35.736],[139.51297,35.73637],[139.51271,35.73646],[139.51235,35.7362],[139.51189,35.73614],[139.51162,35.73605],[139.51104,35.73554],[139.51061,35.73543],[139.51044,35.73509],[139.50977,35.73495],[139.50961,35.73461],[139.50915,35.73448],[139.50839,35.73381],[139.50823,35.73371],[139.50791,35.73362],[139.50786,35.73345],[139.50793,35.73292],[139.50754,35.73311],[139.50713,35.73319],[139.50638,35.7332],[139.50599,35.73314],[139.50586,35.73306],[139.50575,35.7328],[139.50529,35.73269],[139.50482,35.73237],[139.50449,35.73203],[139.50425,35.73162],[139.50409,35.73151],[139.50373,35.73141],[139.50301,35.73135],[139.50286,35.73129],[139.50277,35.7311],[139.50264,35.73104],[139.50241,35.73102],[139.50135,35.73109],[139.50109,35.73105],[139.5009,35.73097],[139.50068,35.7307],[139.5006,35.73043],[139.50063,35.7301],[139.5008,35.72989],[139.50142,35.72958],[139.50281,35.72914],[139.50229,35.72912],[139.50208,35.72904],[139.5019,35.72877],[139.50178,35.72838],[139.50152,35.72812],[139.50126,35.72803],[139.50065,35.72797],[139.50046,35.72787],[139.50035,35.72771],[139.5003,35.72732],[139.50024,35.72719],[139.50015,35.72712],[139.49989,35.72707],[139.4997,35.72688],[139.49961,35.72664],[139.49966,35.72639],[139.49987,35.72613],[139.50017,35.72591],[139.50043,35.72579],[139.50072,35.72574],[139.50085,35.72567],[139.50141,35.725],[139.50155,35.7249],[139.50176,35.72486],[139.50192,35.72473],[139.50223,35.72423],[139.50276,35.72304],[139.5031,35.72241],[139.50328,35.7222],[139.50361,35.72209],[139.50371,35.72178],[139.50394,35.72149],[139.50425,35.72126],[139.5045,35.72114],[139.50478,35.72107],[139.50544,35.721],[139.50572,35.72083],[139.50604,35.7203],[139.50635,35.71929],[139.50661,35.71879],[139.5072,35.71831],[139.50733,35.71796],[139.50779,35.7178],[139.50823,35.71729],[139.50859,35.71715],[139.50911,35.71719],[139.50973,35.7174],[139.51035,35.71774],[139.5112,35.71836],[139.51206,35.71871],[139.51314,35.7189],[139.51431,35.71897],[139.51573,35.71894],[139.51614,35.71888],[139.51664,35.71873],[139.51703,35.71852],[139.51729,35.71828],[139.5174,35.71807],[139.51734,35.71783],[139.51747,35.71766],[139.518,35.71744],[139.51818,35.71741],[139.51852,35.71744],[139.51904,35.71769],[139.51955,35.71816],[139.52003,35.71851],[139.52092,35.71885],[139.52107,35.71904],[139.52114,35.7194],[139.52127,35.71949],[139.52155,35.71955],[139.52167,35.7198],[139.52198,35.71984],[139.52313,35.71967],[139.52368,35.71966],[139.5239,35.71974],[139.5241,35.72003],[139.52423,35.72012],[139.52487,35.72026],[139.52495,35.72039],[139.5249,35.72055],[139.52469,35.72072],[139.52421,35.72097],[139.52395,35.72133],[139.52384,35.72188],[139.52389,35.72263],[139.52402,35.72294],[139.52434,35.72317],[139.52444,35.7235],[139.52483,35.72361],[139.52478,35.72403],[139.52525,35.72474],[139.52525,35.72504],[139.52495,35.7254],[139.52491,35.7255],[139.52495,35.72574],[139.52518,35.72609],[139.52603,35.72695],[139.52608,35.72657],[139.52621,35.72651],[139.5264,35.72649],[139.52645,35.72644],[139.5264,35.72628],[139.52623,35.72604],[139.52622,35.72585],[139.52632,35.72576],[139.52676,35.72555],[139.52694,35.72531],[139.52715,35.72484],[139.52732,35.72471],[139.52751,35.72468],[139.52759,35.72455],[139.52761,35.72433],[139.52752,35.72333],[139.52761,35.723],[139.52779,35.72282],[139.52784,35.72268],[139.52748,35.7224],[139.52743,35.72225],[139.52746,35.72212],[139.52773,35.72179],[139.52909,35.72056],[139.52943,35.72008],[139.52961,35.71956],[139.52977,35.71935],[139.53017,35.71924],[139.53059,35.71885],[139.53079,35.71876],[139.53093,35.71878],[139.53123,35.71896],[139.53143,35.719],[139.53216,35.71893],[139.53231,35.71895],[139.5324,35.71901],[139.53245,35.7192],[139.53255,35.71926],[139.53305,35.71933],[139.53321,35.71941],[139.53324,35.71956],[139.53319,35.71971],[139.53283,35.71997],[139.53293,35.72008],[139.53312,35.7201],[139.53328,35.71993],[139.53344,35.71945],[139.53363,35.71912],[139.53379,35.71895],[139.53422,35.71866],[139.53434,35.71849],[139.53438,35.71833],[139.53448,35.71823],[139.53555,35.71793],[139.53581,35.71774],[139.53605,35.71737],[139.5362,35.71727],[139.53648,35.71716],[139.537,35.71707],[139.53741,35.71707],[139.53764,35.71714],[139.53787,35.71735],[139.53796,35.71736],[139.53843,35.71684],[139.53874,35.71671],[139.53913,35.71674],[139.53944,35.71687],[139.53959,35.71706],[139.53963,35.71737],[139.53974,35.71754],[139.53992,35.71765],[139.54019,35.71773],[139.54047,35.71775],[139.54065,35.71771],[139.541,35.71737],[139.54123,35.7173],[139.54148,35.71734],[139.54176,35.7176],[139.54198,35.71766],[139.54232,35.71768],[139.54331,35.71762],[139.54391,35.71773],[139.54417,35.7179],[139.54449,35.71839],[139.54474,35.71861],[139.54541,35.71873],[139.54579,35.71896],[139.54597,35.71902],[139.54619,35.71904],[139.54694,35.71897],[139.5473,35.71909],[139.54752,35.71937],[139.54745,35.71975],[139.54783,35.71986],[139.54814,35.72027],[139.54834,35.72023],[139.54863,35.71996],[139.5489,35.71979],[139.54926,35.71969],[139.54971,35.71966],[139.55069,35.71973],[139.5511,35.71969],[139.5512,35.7196],[139.55118,35.71945],[139.55108,35.71932],[139.55081,35.71917],[139.55079,35.71911],[139.55096,35.719],[139.55137,35.71896],[139.55198,35.71903],[139.5524,35.71914],[139.55266,35.71927],[139.5528,35.71943],[139.553,35.71951],[139.55349,35.71957],[139.55436,35.7196],[139.55477,35.71969],[139.55522,35.72003],[139.556,35.72029],[139.55612,35.72041],[139.55618,35.72071],[139.55626,35.72081],[139.55657,35.72064],[139.55689,35.72057],[139.5578,35.72064],[139.55802,35.72063],[139.55818,35.72057],[139.55832,35.72042],[139.55847,35.72034],[139.55899,35.72027],[139.55968,35.72034],[139.55985,35.72044],[139.56004,35.72072],[139.56023,35.72002],[139.56036,35.71975],[139.5605,35.7196],[139.56069,35.7195],[139.56093,35.71946],[139.56183,35.71954],[139.56286,35.71976],[139.56384,35.72006],[139.56437,35.72029],[139.56514,35.72081],[139.56565,35.72105],[139.566,35.7211],[139.56663,35.72104],[139.56689,35.72108],[139.56703,35.72141],[139.56731,35.72171],[139.5677,35.72199],[139.56809,35.72209],[139.56828,35.72202],[139.56834,35.72179],[139.56841,35.72174],[139.5686,35.72172],[139.5689,35.72178],[139.56917,35.72171],[139.56933,35.72157],[139.56968,35.72111],[139.56989,35.72098],[139.57002,35.72097],[139.57018,35.72101],[139.57026,35.72112],[139.57028,35.72127],[139.57039,35.72138],[139.57073,35.72142],[139.57089,35.72136],[139.57099,35.72111],[139.57092,35.7205],[139.57094,35.7202],[139.5711,35.7198],[139.57158,35.71931],[139.57182,35.71919],[139.57215,35.71911],[139.57241,35.71872],[139.57255,35.71862],[139.57273,35.71858],[139.57324,35.71864],[139.57362,35.7186],[139.57385,35.7185],[139.57417,35.71828],[139.57452,35.71815],[139.57542,35.71819],[139.57551,35.71813],[139.57558,35.71793],[139.57579,35.71785],[139.57615,35.71783],[139.57646,35.71789],[139.57661,35.71805],[139.57671,35.7184],[139.5769,35.7185],[139.57736,35.71857],[139.57754,35.71873],[139.57771,35.71903],[139.578,35.71917],[139.57832,35.71917],[139.57861,35.71908],[139.58007,35.71835],[139.5804,35.71824],[139.58065,35.71823],[139.58074,35.71826],[139.58091,35.71844],[139.58096,35.71865],[139.5809,35.71904],[139.58111,35.71921],[139.58155,35.71932],[139.58202,35.71933],[139.58213,35.71927],[139.58217,35.71911],[139.58228,35.71898],[139.58262,35.71884],[139.58283,35.71884],[139.58314,35.71897],[139.58373,35.71951],[139.58405,35.71965],[139.58431,35.71958],[139.58444,35.71923],[139.58507,35.71876],[139.58518,35.71854],[139.58524,35.71823],[139.58539,35.71811],[139.58556,35.71807],[139.58586,35.71811],[139.58612,35.71823],[139.58643,35.71852],[139.58683,35.71858],[139.58729,35.71849],[139.58851,35.71808],[139.58947,35.71785],[139.58969,35.71771],[139.58993,35.71748],[139.59062,35.71737],[139.59102,35.71709],[139.59138,35.71709],[139.59231,35.71729],[139.59263,35.7173],[139.59291,35.71726],[139.59336,35.71699],[139.59357,35.71658],[139.59376,35.71652],[139.59396,35.71651],[139.59433,35.71662],[139.59472,35.71698],[139.59516,35.7172],[139.59687,35.71767],[139.59705,35.71779],[139.5971,35.71795],[139.59718,35.71801],[139.59744,35.71802],[139.59783,35.71796],[139.59817,35.71804],[139.59835,35.71817],[139.59863,35.71854],[139.59884,35.71863],[139.59905,35.71852],[139.59918,35.71831],[139.59919,35.71804],[139.59911,35.71764],[139.59916,35.71747],[139.5995,35.71737],[139.59973,35.71725],[139.60081,35.7165],[139.6012,35.71639],[139.60168,35.71643],[139.60186,35.7163],[139.60198,35.71608],[139.60212,35.71595],[139.60224,35.71594],[139.60255,35.716],[139.60299,35.71567],[139.60359,35.71559],[139.60371,35.71548],[139.60373,35.71533],[139.60381,35.71522],[139.60421,35.71514],[139.60448,35.71488],[139.60474,35.71477],[139.60533,35.71473],[139.60574,35.7148],[139.60593,35.71489],[139.60617,35.71523],[139.60627,35.71528],[139.60669,35.71508],[139.60692,35.71504],[139.60736,35.71506],[139.6077,35.71514],[139.60798,35.7153],[139.6082,35.71555],[139.60861,35.71642],[139.60881,35.71669],[139.60917,35.71697],[139.60959,35.71706],[139.60986,35.717],[139.61014,35.71684],[139.61088,35.7162],[139.61106,35.71611],[139.61137,35.71605],[139.61158,35.71558],[139.61212,35.71513],[139.61238,35.715],[139.6128,35.71491],[139.61351,35.71429],[139.61401,35.71405],[139.61443,35.71392],[139.61484,35.71386],[139.61534,35.71387],[139.61555,35.71396],[139.61568,35.71419],[139.61586,35.71422],[139.61691,35.71415],[139.61738,35.7142],[139.61762,35.71428],[139.61796,35.7145],[139.61808,35.71467],[139.61811,35.71483],[139.61819,35.71491],[139.61845,35.71498],[139.61907,35.71503],[139.61936,35.71513],[139.61958,35.71528],[139.61976,35.7153],[139.6201,35.71521],[139.62081,35.71487],[139.62129,35.71477],[139.62178,35.71475],[139.62204,35.71466],[139.6223,35.71439],[139.62239,35.714],[139.62231,35.71377],[139.62211,35.71358],[139.62179,35.71344],[139.62111,35.7133],[139.62088,35.71334],[139.62082,35.71353],[139.62072,35.71359],[139.6201,35.71368],[139.61954,35.71398],[139.61887,35.71408],[139.61841,35.71406],[139.61822,35.71401],[139.61811,35.71393],[139.61803,35.71378],[139.61775,35.7137],[139.61725,35.71365],[139.61532,35.71359],[139.61454,35.71347],[139.61426,35.71333],[139.61401,35.71308],[139.61378,35.71294],[139.61278,35.71252],[139.61263,35.71241],[139.61254,35.71219],[139.61241,35.71209],[139.61203,35.71198],[139.61122,35.71183],[139.61081,35.71169],[139.61019,35.71142],[139.6098,35.71118],[139.60954,35.71088],[139.6094,35.71053],[139.60942,35.70973],[139.60934,35.70956],[139.60914,35.70961],[139.60899,35.70973],[139.6084,35.71032],[139.60786,35.71074],[139.60754,35.71088],[139.60703,35.71093],[139.60682,35.71101],[139.60664,35.71142],[139.6062,35.71181],[139.60589,35.71197],[139.60538,35.71205],[139.60521,35.71213],[139.60503,35.7124],[139.6049,35.71278],[139.60472,35.71296],[139.60429,35.71306],[139.60354,35.71304],[139.60324,35.71316],[139.60302,35.71337],[139.60263,35.71407],[139.60245,35.71421],[139.60225,35.71428],[139.60182,35.71421],[139.60154,35.71393],[139.60141,35.71387],[139.60076,35.71378],[139.60037,35.71357],[139.60014,35.7135],[139.59957,35.7135],[139.59818,35.71369],[139.5977,35.7137],[139.59732,35.71366],[139.59702,35.71356],[139.59664,35.71335],[139.59598,35.71277],[139.59575,35.71265],[139.59564,35.7127],[139.59545,35.71299],[139.59519,35.71316],[139.59481,35.71326],[139.59448,35.71326],[139.59426,35.71313],[139.59413,35.71291],[139.59395,35.71275],[139.59338,35.71265],[139.59318,35.71258],[139.59266,35.71223],[139.59239,35.7121],[139.59223,35.71209],[139.59202,35.71213],[139.59186,35.71207],[139.59168,35.7119],[139.59125,35.71132],[139.59089,35.71109],[139.59041,35.71094],[139.58981,35.71087],[139.58885,35.71093],[139.58834,35.71108],[139.58794,35.71131],[139.58738,35.7119],[139.58707,35.71216],[139.58666,35.71226],[139.58639,35.71252],[139.58617,35.71263],[139.58527,35.71274],[139.58492,35.713],[139.5844,35.71303],[139.58364,35.71292],[139.58323,35.71279],[139.58279,35.71255],[139.58265,35.71259],[139.58253,35.71274],[139.58235,35.71284],[139.58188,35.71287],[139.58153,35.71274],[139.58086,35.71228],[139.58059,35.71214],[139.58017,35.71207],[139.57965,35.71213],[139.57934,35.71209],[139.57901,35.71189],[139.57857,35.71172],[139.57682,35.71127],[139.5766,35.71115],[139.57637,35.71094],[139.57594,35.71097],[139.57523,35.71076],[139.5722,35.70952],[139.5713,35.70921],[139.57091,35.70913],[139.57037,35.70921],[139.56998,35.70941],[139.56958,35.70972],[139.56903,35.71025],[139.56872,35.71063],[139.56859,35.71095],[139.56838,35.71103],[139.5679,35.71106],[139.56771,35.71111],[139.56755,35.71127],[139.56752,35.7115],[139.56743,35.71162],[139.56727,35.71169],[139.56679,35.71174],[139.56658,35.71181],[139.56642,35.71194],[139.56614,35.71239],[139.56577,35.71248],[139.56504,35.71233],[139.56465,35.71232],[139.56452,35.7124],[139.5644,35.71278],[139.56418,35.71285],[139.56382,35.71274],[139.56296,35.71229],[139.56267,35.71225],[139.56231,35.7123],[139.56199,35.71223],[139.5602,35.7116],[139.55993,35.71157],[139.55958,35.71163],[139.55916,35.71133],[139.55806,35.71121],[139.55787,35.71115],[139.55765,35.71095],[139.55748,35.71087],[139.55705,35.71081],[139.55609,35.71076],[139.55545,35.7106],[139.55489,35.71028],[139.55449,35.70973],[139.55406,35.70963],[139.55369,35.70931],[139.55322,35.70918],[139.55181,35.70898],[139.55128,35.70879],[139.55111,35.70861],[139.55106,35.70847],[139.55115,35.708],[139.55113,35.70785],[139.55103,35.7077],[139.55069,35.70741],[139.54682,35.70897],[139.54627,35.7092],[139.54571,35.70942],[139.54502,35.70957],[139.54478,35.70967],[139.54463,35.70986],[139.54463,35.7101],[139.54474,35.7102],[139.54495,35.71023],[139.54599,35.7101],[139.5458,35.71038],[139.54568,35.71048],[139.54511,35.71059],[139.54511,35.71076],[139.54541,35.71118]]],[[[139.52391,35.79079],[139.52377,35.79109],[139.52379,35.79121],[139.52384,35.79124],[139.52464,35.79111],[139.52487,35.7912],[139.52495,35.79128],[139.52511,35.79171],[139.5251,35.7918],[139.52533,35.79181],[139.52552,35.79188],[139.52594,35.79251],[139.5271,35.79267],[139.52769,35.7929],[139.52926,35.79413],[139.5301,35.79522],[139.53102,35.79622],[139.53177,35.79684],[139.5325,35.79831],[139.53347,35.79955],[139.53409,35.80061],[139.53488,35.80163],[139.53639,35.80327],[139.53686,35.80394],[139.54079,35.80656],[139.5417,35.80731],[139.54223,35.80723],[139.54429,35.80664],[139.54511,35.80489],[139.54496,35.8048],[139.54461,35.80455],[139.54454,35.80436],[139.54462,35.80415],[139.54482,35.804],[139.54518,35.80386],[139.54534,35.80369],[139.54538,35.80346],[139.54532,35.80325],[139.5452,35.8031],[139.54494,35.80301],[139.54479,35.80305],[139.54457,35.80328],[139.54436,35.80337],[139.54408,35.80339],[139.54385,35.8033],[139.54373,35.80309],[139.54371,35.80278],[139.54363,35.80253],[139.54335,35.80232],[139.54328,35.80221],[139.54327,35.80196],[139.54334,35.80165],[139.54329,35.8014],[139.54317,35.8013],[139.54275,35.80112],[139.54263,35.80098],[139.54262,35.80088],[139.54267,35.80071],[139.5428,35.80054],[139.54293,35.80043],[139.54315,35.80033],[139.54367,35.80025],[139.54509,35.80019],[139.54541,35.80013],[139.54563,35.80004],[139.5458,35.79984],[139.54585,35.79965],[139.54579,35.79915],[139.54581,35.79886],[139.54586,35.79877],[139.54502,35.79769],[139.54486,35.79734],[139.54496,35.79715],[139.54479,35.79676],[139.54409,35.7965],[139.54024,35.79405],[139.53983,35.79374],[139.53954,35.79323],[139.53866,35.79221],[139.53733,35.7915],[139.53758,35.79076],[139.53969,35.79015],[139.54026,35.78991],[139.54077,35.78986],[139.54074,35.78949],[139.54127,35.78958],[139.5414,35.78923],[139.54159,35.78929],[139.54315,35.7886],[139.54379,35.78819],[139.54385,35.78698],[139.54374,35.78208],[139.54349,35.7811],[139.54298,35.77981],[139.54264,35.77955],[139.54155,35.77917],[139.54139,35.77899],[139.54105,35.77882],[139.53977,35.77834],[139.53987,35.77778],[139.53749,35.77688],[139.53754,35.77674],[139.53683,35.77611],[139.5362,35.77596],[139.53626,35.77569],[139.53648,35.77563],[139.53595,35.77518],[139.53498,35.77465],[139.53432,35.77419],[139.53337,35.77378],[139.53223,35.77342],[139.53147,35.77332],[139.5313,35.77362],[139.53112,35.7738],[139.53077,35.77388],[139.53071,35.77397],[139.53079,35.77423],[139.53107,35.77459],[139.5312,35.77469],[139.53147,35.77475],[139.53157,35.77482],[139.53164,35.77503],[139.53164,35.77535],[139.53152,35.77565],[139.53127,35.77581],[139.5311,35.77605],[139.53078,35.77702],[139.53063,35.7772],[139.53027,35.77738],[139.53017,35.77749],[139.53015,35.77764],[139.53039,35.77817],[139.53044,35.77851],[139.53038,35.77885],[139.53014,35.7791],[139.52971,35.77922],[139.52866,35.77931],[139.52812,35.77953],[139.52781,35.7794],[139.5273,35.77895],[139.52714,35.77886],[139.52705,35.77893],[139.5271,35.77947],[139.52704,35.77974],[139.52687,35.77995],[139.5266,35.7801],[139.52612,35.78023],[139.52587,35.78024],[139.52567,35.7802],[139.52534,35.78002],[139.52498,35.77998],[139.5245,35.78003],[139.52411,35.78013],[139.52391,35.78027],[139.52384,35.78051],[139.52352,35.7806],[139.52345,35.7807],[139.52343,35.78089],[139.5235,35.78164],[139.5234,35.78202],[139.52314,35.78231],[139.52278,35.78243],[139.52233,35.78237],[139.52161,35.78206],[139.52094,35.78185],[139.51988,35.78162],[139.51937,35.78158],[139.5189,35.78159],[139.51807,35.78175],[139.51768,35.78176],[139.51755,35.78168],[139.51745,35.78134],[139.51733,35.78127],[139.51716,35.78123],[139.51689,35.78127],[139.51677,35.78134],[139.51664,35.7818],[139.51651,35.7819],[139.51632,35.78192],[139.51619,35.78198],[139.51606,35.78229],[139.51587,35.78235],[139.51548,35.78234],[139.51507,35.78216],[139.51484,35.78189],[139.51477,35.78157],[139.51476,35.781],[139.51406,35.78113],[139.51378,35.78111],[139.51358,35.781],[139.51327,35.78062],[139.51303,35.78044],[139.51284,35.78041],[139.51243,35.78046],[139.51202,35.78032],[139.51172,35.78007],[139.51158,35.77985],[139.51149,35.77958],[139.5114,35.77881],[139.51119,35.77847],[139.51097,35.77832],[139.51057,35.7782],[139.51032,35.77821],[139.50998,35.77836],[139.5098,35.77854],[139.50968,35.77888],[139.50971,35.77917],[139.50986,35.77964],[139.50987,35.77977],[139.5098,35.77996],[139.5096,35.78007],[139.50877,35.78016],[139.50861,35.78023],[139.50852,35.78034],[139.50847,35.78074],[139.50858,35.78191],[139.50853,35.78214],[139.50843,35.78231],[139.5081,35.78249],[139.50763,35.78256],[139.50737,35.78255],[139.50712,35.78249],[139.50703,35.78241],[139.507,35.78226],[139.50693,35.78219],[139.5067,35.78223],[139.50659,35.78235],[139.50648,35.78269],[139.50648,35.78278],[139.5067,35.78277],[139.50743,35.78322],[139.50777,35.78354],[139.50793,35.78378],[139.50797,35.78418],[139.50833,35.78438],[139.50846,35.78466],[139.51191,35.78508],[139.51256,35.78536],[139.51288,35.78571],[139.51303,35.78565],[139.51316,35.78595],[139.51344,35.78625],[139.51392,35.78657],[139.51438,35.78668],[139.51446,35.78689],[139.51456,35.78699],[139.51498,35.78712],[139.51595,35.78725],[139.51646,35.78737],[139.51664,35.78746],[139.51676,35.78773],[139.51716,35.78781],[139.51751,35.78809],[139.51787,35.7881],[139.51886,35.78788],[139.51977,35.78778],[139.52065,35.78782],[139.52107,35.78799],[139.52125,35.78829],[139.52125,35.7885],[139.52256,35.78923],[139.52267,35.78932],[139.52272,35.78931],[139.52275,35.78939],[139.52337,35.7899],[139.52372,35.79033],[139.52372,35.79053],[139.52366,35.79059],[139.52381,35.79063],[139.52391,35.79079]]],[[[139.54562,35.76214],[139.54552,35.76222],[139.5455,35.76244],[139.54544,35.76254],[139.54508,35.76267],[139.54507,35.76282],[139.54514,35.76306],[139.54509,35.76328],[139.54445,35.76379],[139.54429,35.76402],[139.54418,35.76434],[139.54416,35.76476],[139.54456,35.7651],[139.54467,35.76559],[139.54463,35.7663],[139.54442,35.76664],[139.5442,35.76675],[139.54363,35.76693],[139.54333,35.76722],[139.54312,35.76732],[139.54283,35.76729],[139.54275,35.76718],[139.54273,35.76703],[139.54261,35.76692],[139.54228,35.76688],[139.54206,35.76692],[139.54169,35.76709],[139.54087,35.76763],[139.54046,35.76776],[139.53993,35.76781],[139.53972,35.76791],[139.53953,35.76807],[139.5393,35.76838],[139.53898,35.76859],[139.5387,35.76866],[139.53821,35.76869],[139.53795,35.76877],[139.53769,35.76904],[139.53755,35.76944],[139.53733,35.76983],[139.53682,35.77033],[139.54167,35.772],[139.54282,35.77255],[139.54407,35.77331],[139.54657,35.77414],[139.54766,35.77423],[139.54784,35.77398],[139.54765,35.77108],[139.54705,35.77012],[139.54695,35.76955],[139.54702,35.76801],[139.54739,35.76673],[139.54764,35.76617],[139.5474,35.76525],[139.54713,35.7649],[139.54699,35.7639],[139.5471,35.76361],[139.54714,35.76275],[139.54669,35.76269],[139.54674,35.76188],[139.54607,35.76199],[139.54562,35.76214]]],[[[139.59147,35.62858],[139.59167,35.62866],[139.59269,35.62888],[139.59291,35.629],[139.59324,35.62937],[139.5937,35.6295],[139.5949,35.62957],[139.59537,35.62969],[139.59553,35.62983],[139.5956,35.62999],[139.59579,35.63018],[139.59623,35.63038],[139.59635,35.63049],[139.5964,35.63073],[139.59633,35.63112],[139.59644,35.63124],[139.59689,35.63119],[139.59707,35.63121],[139.59744,35.63142],[139.59769,35.63149],[139.59818,35.63142],[139.59845,35.63144],[139.59887,35.63167],[139.59898,35.63168],[139.59911,35.6316],[139.59917,35.63139],[139.59908,35.63128],[139.59877,35.63107],[139.59872,35.63087],[139.59878,35.63077],[139.59904,35.63069],[139.59964,35.63066],[139.59997,35.6306],[139.60008,35.63052],[139.6002,35.63025],[139.60072,35.62997],[139.601,35.62991],[139.60141,35.62995],[139.60169,35.63007],[139.60205,35.63032],[139.60225,35.63058],[139.60232,35.63091],[139.60241,35.63106],[139.60256,35.6312],[139.60292,35.63138],[139.60378,35.63154],[139.60572,35.6316],[139.60624,35.63169],[139.6063,35.63173],[139.60628,35.63194],[139.60636,35.63203],[139.6069,35.63221],[139.60707,35.63235],[139.60716,35.6327],[139.60711,35.6333],[139.60719,35.63349],[139.60736,35.63359],[139.60761,35.63361],[139.60795,35.63355],[139.60811,35.63346],[139.6083,35.63316],[139.60843,35.63305],[139.60862,35.63297],[139.60899,35.63294],[139.60922,35.63297],[139.60937,35.63305],[139.60946,35.63316],[139.60948,35.6334],[139.60956,35.63355],[139.60965,35.63361],[139.60984,35.63361],[139.61,35.63351],[139.61011,35.63318],[139.61027,35.63307],[139.6104,35.63304],[139.61052,35.63311],[139.61062,35.63327],[139.61084,35.63399],[139.611,35.63421],[139.61121,35.63435],[139.61172,35.63445],[139.61203,35.63441],[139.61243,35.63421],[139.61263,35.63422],[139.61286,35.6343],[139.61324,35.63454],[139.61346,35.63479],[139.6135,35.63496],[139.61342,35.63526],[139.61348,35.63534],[139.61364,35.6353],[139.6138,35.6352],[139.61394,35.63482],[139.6142,35.63475],[139.61439,35.63482],[139.61445,35.63506],[139.61454,35.63513],[139.6148,35.6352],[139.61532,35.63524],[139.61568,35.63537],[139.61617,35.63575],[139.61644,35.63623],[139.61675,35.63631],[139.61747,35.63635],[139.61774,35.6364],[139.61791,35.63656],[139.61785,35.63679],[139.61794,35.63695],[139.61811,35.637],[139.61873,35.63706],[139.61909,35.63721],[139.61921,35.63733],[139.6193,35.63753],[139.61924,35.63806],[139.6194,35.63821],[139.61982,35.6384],[139.61991,35.63852],[139.62,35.63886],[139.62052,35.63826],[139.62099,35.63805],[139.62126,35.63801],[139.62163,35.63808],[139.62236,35.63863],[139.62242,35.63859],[139.62245,35.63836],[139.62254,35.63819],[139.62292,35.63785],[139.62321,35.63772],[139.62338,35.6377],[139.62378,35.63775],[139.62425,35.63793],[139.62563,35.63867],[139.62589,35.63874],[139.62622,35.6387],[139.62642,35.63877],[139.62743,35.63942],[139.62765,35.6395],[139.62806,35.63954],[139.62824,35.63962],[139.62854,35.63989],[139.62875,35.64002],[139.62927,35.6401],[139.63048,35.64005],[139.63095,35.64013],[139.63111,35.64026],[139.63118,35.64042],[139.63137,35.64061],[139.63182,35.64082],[139.63199,35.64098],[139.63217,35.64138],[139.63229,35.64193],[139.63245,35.64218],[139.63255,35.64226],[139.63281,35.64235],[139.63329,35.64228],[139.63355,35.64217],[139.63374,35.64202],[139.63399,35.64153],[139.63412,35.64141],[139.63429,35.64134],[139.63464,35.64129],[139.63473,35.64122],[139.63469,35.64073],[139.63478,35.64063],[139.63513,35.64048],[139.63525,35.64037],[139.6353,35.64022],[139.63523,35.63981],[139.63528,35.63954],[139.63541,35.63939],[139.63568,35.6392],[139.6358,35.63904],[139.63586,35.63883],[139.63579,35.63831],[139.63583,35.6381],[139.63605,35.63789],[139.63669,35.63767],[139.63677,35.63758],[139.63677,35.63741],[139.63653,35.63719],[139.63586,35.63683],[139.63571,35.6366],[139.63567,35.63637],[139.63556,35.63627],[139.63537,35.63623],[139.63475,35.63627],[139.63459,35.63624],[139.63431,35.6361],[139.63406,35.63584],[139.63373,35.6353],[139.63348,35.63503],[139.6332,35.63486],[139.63288,35.63479],[139.63254,35.63482],[139.63239,35.63489],[139.6321,35.63514],[139.63185,35.63552],[139.63143,35.63651],[139.63112,35.63693],[139.63091,35.63704],[139.63057,35.63697],[139.63048,35.63688],[139.63037,35.63646],[139.63017,35.63637],[139.62989,35.63635],[139.62969,35.63629],[139.62958,35.63603],[139.62927,35.63567],[139.62762,35.6342],[139.62745,35.63398],[139.62734,35.6337],[139.62672,35.6334],[139.62663,35.63328],[139.62657,35.63297],[139.62649,35.63283],[139.62623,35.63268],[139.62585,35.63259],[139.62559,35.63247],[139.6255,35.63238],[139.62541,35.63212],[139.62502,35.63194],[139.62495,35.63185],[139.62491,35.63171],[139.62491,35.63123],[139.62504,35.63052],[139.62547,35.62874],[139.62554,35.62817],[139.62548,35.62785],[139.62541,35.62779],[139.62531,35.62779],[139.62489,35.62791],[139.62345,35.6288],[139.62304,35.62897],[139.62295,35.62897],[139.62272,35.62879],[139.6225,35.62873],[139.6218,35.62868],[139.62145,35.62862],[139.62131,35.62856],[139.62109,35.62836],[139.62093,35.62792],[139.62101,35.62737],[139.62136,35.62676],[139.62205,35.62593],[139.62226,35.62551],[139.62223,35.62533],[139.62209,35.6252],[139.62193,35.62491],[139.62176,35.62432],[139.62176,35.624],[139.62192,35.62358],[139.62213,35.62333],[139.62241,35.62313],[139.62282,35.62302],[139.62315,35.62309],[139.62385,35.6235],[139.62352,35.62265],[139.62349,35.62217],[139.62359,35.62195],[139.62387,35.6217],[139.62414,35.62154],[139.62454,35.62142],[139.6246,35.62121],[139.62457,35.62098],[139.62447,35.62072],[139.62439,35.62062],[139.62414,35.62049],[139.62397,35.62045],[139.62291,35.62049],[139.62244,35.6204],[139.62199,35.62005],[139.62177,35.61996],[139.621,35.61988],[139.62074,35.61981],[139.62048,35.6196],[139.6203,35.61923],[139.62017,35.61918],[139.62001,35.61923],[139.6194,35.6196],[139.61909,35.61966],[139.6188,35.61963],[139.61859,35.6195],[139.61842,35.61921],[139.61824,35.61905],[139.6176,35.61891],[139.61744,35.61858],[139.61696,35.61836],[139.61682,35.61822],[139.61671,35.61787],[139.61664,35.61723],[139.61652,35.61694],[139.61633,35.61668],[139.61608,35.61645],[139.61569,35.61619],[139.61534,35.61607],[139.61496,35.61601],[139.6148,35.61584],[139.61477,35.61554],[139.61482,35.61529],[139.61495,35.61516],[139.61514,35.61514],[139.61526,35.61507],[139.61544,35.61476],[139.61547,35.61452],[139.61535,35.61422],[139.61493,35.61374],[139.61421,35.61421],[139.61347,35.61446],[139.61312,35.61469],[139.6127,35.61539],[139.61243,35.61571],[139.61219,35.61585],[139.60967,35.61641],[139.60899,35.61648],[139.60876,35.61644],[139.6072,35.61564],[139.60684,35.61553],[139.60607,35.61544],[139.60535,35.61557],[139.6035,35.61645],[139.60217,35.61715],[139.60007,35.6184],[139.59984,35.61846],[139.59662,35.6185],[139.5956,35.61836],[139.59422,35.61786],[139.59338,35.61764],[139.59327,35.61781],[139.59288,35.61792],[139.59238,35.61827],[139.59213,35.61838],[139.59169,35.61847],[139.5912,35.61848],[139.59081,35.61838],[139.59073,35.61822],[139.59024,35.61843],[139.58989,35.61866],[139.58883,35.61901],[139.58639,35.62046],[139.58499,35.62102],[139.5832,35.62149],[139.58333,35.62156],[139.58364,35.62181],[139.5838,35.62202],[139.58397,35.62236],[139.58402,35.6227],[139.58394,35.62314],[139.58396,35.62335],[139.58411,35.62364],[139.58438,35.62391],[139.58454,35.62429],[139.58449,35.62546],[139.58457,35.62551],[139.58476,35.62539],[139.58497,35.62534],[139.58545,35.62559],[139.58559,35.62561],[139.58579,35.62556],[139.58596,35.62559],[139.58616,35.62573],[139.58644,35.62606],[139.58713,35.62704],[139.58767,35.62691],[139.58794,35.62694],[139.58831,35.62712],[139.58873,35.62742],[139.58926,35.62764],[139.58968,35.62771],[139.59057,35.62774],[139.59104,35.62783],[139.59124,35.62792],[139.59141,35.62809],[139.59146,35.62826],[139.59139,35.62848],[139.59147,35.62858]]],[[[139.59359,35.74032],[139.59434,35.74025],[139.59459,35.74033],[139.59472,35.74048],[139.59491,35.74059],[139.59516,35.74063],[139.59544,35.7406],[139.59555,35.74052],[139.59562,35.74041],[139.59559,35.74011],[139.59544,35.73998],[139.59507,35.73994],[139.59484,35.73981],[139.59465,35.73944],[139.5947,35.73919],[139.59499,35.73906],[139.59546,35.73904],[139.59578,35.73898],[139.59589,35.7389],[139.59599,35.73867],[139.59618,35.73861],[139.59647,35.73859],[139.59664,35.73852],[139.59682,35.73831],[139.59694,35.738],[139.59708,35.73779],[139.59749,35.73764],[139.59761,35.73725],[139.59778,35.73711],[139.59809,35.73701],[139.59907,35.7369],[139.59962,35.737],[139.59984,35.73718],[139.60002,35.73765],[139.60018,35.73778],[139.60054,35.7376],[139.60074,35.73756],[139.60146,35.73764],[139.60167,35.7376],[139.60172,35.73746],[139.60164,35.73733],[139.60145,35.73727],[139.60105,35.73723],[139.60074,35.7371],[139.60026,35.73672],[139.60007,35.73638],[139.60009,35.73626],[139.60033,35.73596],[139.60129,35.73508],[139.6014,35.73484],[139.60134,35.73465],[139.60111,35.73453],[139.60062,35.7344],[139.59914,35.73431],[139.59887,35.73426],[139.59872,35.73418],[139.59865,35.73397],[139.59856,35.73388],[139.59833,35.73378],[139.59799,35.73373],[139.5979,35.73376],[139.59784,35.73395],[139.59769,35.73409],[139.59712,35.73426],[139.5969,35.73437],[139.59686,35.73447],[139.59693,35.73469],[139.59687,35.7348],[139.59667,35.73497],[139.59633,35.73512],[139.59591,35.7352],[139.59501,35.73526],[139.59475,35.73537],[139.59448,35.73563],[139.59423,35.73567],[139.59404,35.73556],[139.59397,35.73521],[139.59382,35.73506],[139.59351,35.73499],[139.59314,35.73502],[139.59293,35.73515],[139.59285,35.73545],[139.59267,35.73558],[139.59216,35.73573],[139.59083,35.73594],[139.59061,35.73603],[139.59039,35.73625],[139.59008,35.73642],[139.58946,35.73663],[139.58914,35.73667],[139.58903,35.73663],[139.58892,35.73634],[139.58864,35.73616],[139.58854,35.73604],[139.58847,35.73574],[139.58845,35.73535],[139.58833,35.73512],[139.58819,35.73507],[139.5879,35.73512],[139.58762,35.73508],[139.58725,35.73475],[139.587,35.73463],[139.58682,35.73461],[139.58651,35.73466],[139.5863,35.73461],[139.58599,35.73438],[139.58548,35.7338],[139.58527,35.73368],[139.58496,35.73362],[139.58459,35.73373],[139.58421,35.73407],[139.58401,35.7342],[139.58387,35.73421],[139.58341,35.73413],[139.58285,35.73426],[139.5827,35.73439],[139.58258,35.73467],[139.58246,35.73472],[139.58196,35.73478],[139.58187,35.73485],[139.58182,35.73504],[139.58174,35.73512],[139.58145,35.73505],[139.58134,35.73506],[139.58094,35.73554],[139.58075,35.73561],[139.58004,35.7357],[139.57988,35.7358],[139.57969,35.73609],[139.57955,35.73621],[139.57925,35.7363],[139.57886,35.73633],[139.57863,35.73642],[139.57843,35.73658],[139.57819,35.73695],[139.57798,35.73718],[139.57766,35.73737],[139.57723,35.73749],[139.57671,35.73756],[139.57603,35.73758],[139.57559,35.73751],[139.57536,35.73737],[139.57522,35.73734],[139.57501,35.73744],[139.5746,35.73782],[139.57446,35.73787],[139.57426,35.73787],[139.57409,35.73781],[139.57388,35.73758],[139.57377,35.73752],[139.57354,35.73751],[139.57324,35.73757],[139.57297,35.73753],[139.57239,35.73704],[139.57201,35.73694],[139.57196,35.73682],[139.57205,35.73652],[139.57204,35.73636],[139.57196,35.73631],[139.57168,35.73626],[139.57155,35.73597],[139.57134,35.73597],[139.57084,35.73614],[139.57059,35.73616],[139.57035,35.73612],[139.57003,35.73591],[139.56982,35.73584],[139.56972,35.73585],[139.56951,35.73597],[139.569,35.73665],[139.56874,35.7369],[139.56834,35.73701],[139.56808,35.73727],[139.56785,35.73737],[139.56713,35.73744],[139.56682,35.73752],[139.56658,35.73767],[139.56652,35.73781],[139.56657,35.738],[139.56682,35.73836],[139.56721,35.73872],[139.56752,35.73889],[139.56769,35.73889],[139.56788,35.73877],[139.56804,35.73852],[139.56826,35.73792],[139.56852,35.73775],[139.56876,35.73774],[139.56914,35.73785],[139.56939,35.73802],[139.5696,35.73831],[139.56979,35.73838],[139.5701,35.73836],[139.57096,35.73811],[139.57145,35.73804],[139.57165,35.73811],[139.57185,35.73842],[139.57211,35.73868],[139.57249,35.73893],[139.57279,35.73906],[139.57331,35.73915],[139.57409,35.73909],[139.57456,35.73913],[139.57478,35.73923],[139.57503,35.73947],[139.57528,35.7396],[139.57561,35.73971],[139.57627,35.73981],[139.57666,35.73992],[139.57681,35.74001],[139.57702,35.74022],[139.57711,35.74051],[139.57715,35.74096],[139.57724,35.74118],[139.57738,35.74132],[139.57773,35.74148],[139.57782,35.74161],[139.57783,35.74179],[139.57775,35.7422],[139.57784,35.74253],[139.57812,35.74274],[139.57847,35.74284],[139.57878,35.74283],[139.57896,35.74276],[139.57921,35.74255],[139.5795,35.74217],[139.57967,35.74207],[139.57986,35.74204],[139.58016,35.74209],[139.58043,35.74201],[139.58059,35.74188],[139.58094,35.74142],[139.58115,35.74129],[139.58129,35.74128],[139.58145,35.74132],[139.58158,35.74161],[139.58192,35.74143],[139.58213,35.74137],[139.58316,35.7414],[139.58347,35.74123],[139.58376,35.74063],[139.58412,35.74038],[139.58447,35.74028],[139.58515,35.74023],[139.58538,35.74031],[139.58549,35.74057],[139.58565,35.74061],[139.58578,35.7406],[139.58599,35.74047],[139.58635,35.74],[139.58655,35.73985],[139.58696,35.73972],[139.58744,35.7397],[139.58776,35.73964],[139.58787,35.73956],[139.58793,35.73938],[139.58802,35.73934],[139.58836,35.73939],[139.58862,35.73956],[139.58875,35.73974],[139.58892,35.74025],[139.58906,35.74048],[139.58924,35.74067],[139.58948,35.74081],[139.59,35.74096],[139.59008,35.74091],[139.59015,35.74072],[139.59028,35.74066],[139.59109,35.7406],[139.59145,35.74052],[139.59171,35.74035],[139.59184,35.74002],[139.59213,35.73995],[139.5926,35.74002],[139.59298,35.74025],[139.59319,35.74031],[139.59359,35.74032]]],[[[139.61664,35.76098],[139.61612,35.76093],[139.61598,35.76086],[139.61595,35.76065],[139.61612,35.76034],[139.61617,35.76013],[139.61612,35.76006],[139.61587,35.76003],[139.61572,35.75994],[139.6156,35.75979],[139.6156,35.75966],[139.61575,35.75941],[139.61648,35.75871],[139.61664,35.75832],[139.61696,35.75822],[139.61706,35.7581],[139.61722,35.75683],[139.61734,35.75653],[139.61751,35.75627],[139.61799,35.75585],[139.61844,35.75571],[139.61864,35.75512],[139.6189,35.75481],[139.61947,35.75429],[139.61959,35.75413],[139.61969,35.75384],[139.6199,35.75371],[139.62065,35.75349],[139.62111,35.75323],[139.6215,35.7528],[139.62166,35.75228],[139.62178,35.7522],[139.62214,35.75216],[139.62231,35.75209],[139.62244,35.75196],[139.62262,35.75157],[139.62275,35.75143],[139.62305,35.75136],[139.62331,35.7514],[139.62361,35.75138],[139.62395,35.75127],[139.62432,35.75105],[139.62512,35.75048],[139.62547,35.75031],[139.62579,35.75024],[139.6262,35.75029],[139.62646,35.75025],[139.62655,35.75015],[139.6266,35.74986],[139.62676,35.74973],[139.62703,35.7497],[139.62726,35.74976],[139.62738,35.74992],[139.62744,35.75027],[139.62757,35.75037],[139.6277,35.75038],[139.62794,35.75027],[139.62816,35.74992],[139.62833,35.74979],[139.62876,35.74964],[139.62932,35.74954],[139.6296,35.7494],[139.62958,35.74926],[139.62933,35.74901],[139.62917,35.74873],[139.62922,35.74795],[139.62915,35.74784],[139.62887,35.74765],[139.62878,35.74738],[139.62883,35.74706],[139.62915,35.74667],[139.62928,35.74635],[139.62934,35.74586],[139.6293,35.74535],[139.62915,35.7451],[139.62898,35.74507],[139.62869,35.74511],[139.62855,35.74507],[139.62843,35.74497],[139.62826,35.74468],[139.62805,35.74455],[139.62787,35.74452],[139.62759,35.74454],[139.62738,35.74462],[139.62712,35.74488],[139.62701,35.74489],[139.62661,35.74482],[139.62626,35.745],[139.62607,35.74533],[139.626,35.74595],[139.62592,35.74614],[139.62566,35.7463],[139.62528,35.74632],[139.62506,35.74639],[139.62502,35.74646],[139.62509,35.74662],[139.62508,35.74676],[139.62472,35.74702],[139.62462,35.74745],[139.62453,35.7476],[139.62427,35.7478],[139.62389,35.74798],[139.62373,35.74813],[139.62363,35.74841],[139.62368,35.74884],[139.6236,35.74904],[139.62343,35.74923],[139.62303,35.74947],[139.62269,35.74957],[139.62208,35.74961],[139.62123,35.74955],[139.62098,35.74959],[139.62088,35.74969],[139.62092,35.74993],[139.62079,35.75018],[139.62058,35.75035],[139.61987,35.75075],[139.61967,35.75095],[139.61961,35.75116],[139.61945,35.75124],[139.61918,35.75126],[139.6189,35.75122],[139.61823,35.75089],[139.61789,35.75095],[139.61775,35.75094],[139.61754,35.75081],[139.6172,35.75049],[139.61699,35.75044],[139.6167,35.75051],[139.61652,35.75023],[139.61616,35.7501],[139.61576,35.75003],[139.61514,35.74999],[139.6149,35.75003],[139.6148,35.75013],[139.61485,35.75043],[139.6148,35.75055],[139.61459,35.75068],[139.61438,35.75072],[139.6139,35.75063],[139.61336,35.75036],[139.6129,35.75033],[139.61258,35.75043],[139.61168,35.75091],[139.61147,35.75094],[139.61121,35.75087],[139.61113,35.75089],[139.61099,35.75124],[139.61064,35.75148],[139.61062,35.75162],[139.61069,35.75178],[139.61065,35.7519],[139.61043,35.75207],[139.60987,35.75235],[139.60975,35.75246],[139.60964,35.7527],[139.60943,35.7527],[139.60895,35.75254],[139.60873,35.75257],[139.60865,35.75263],[139.60851,35.75282],[139.60835,35.75343],[139.60819,35.75377],[139.608,35.75398],[139.60776,35.75404],[139.60749,35.75394],[139.60692,35.75356],[139.60646,35.75345],[139.60638,35.75335],[139.60636,35.75319],[139.6062,35.75312],[139.60589,35.75314],[139.60551,35.75325],[139.60525,35.75341],[139.60504,35.75372],[139.60477,35.75381],[139.60436,35.75386],[139.60378,35.75384],[139.60284,35.75371],[139.60236,35.75356],[139.602,35.75334],[139.60139,35.75269],[139.60123,35.7526],[139.60103,35.75258],[139.6009,35.75251],[139.6008,35.75226],[139.60059,35.75226],[139.6001,35.75242],[139.59986,35.75243],[139.59958,35.75228],[139.59935,35.75197],[139.59907,35.75176],[139.59871,35.75168],[139.59815,35.75175],[139.59777,35.75206],[139.59734,35.75212],[139.5972,35.75222],[139.59715,35.7526],[139.59731,35.7535],[139.59721,35.7539],[139.59708,35.75407],[139.5967,35.75434],[139.59562,35.75471],[139.59527,35.7549],[139.59507,35.75511],[139.59499,35.75552],[139.5949,35.75568],[139.59476,35.75578],[139.59431,35.75598],[139.59389,35.75648],[139.59342,35.75664],[139.59241,35.75681],[139.5919,35.75704],[139.59166,35.75721],[139.5912,35.75765],[139.59012,35.75909],[139.58989,35.75928],[139.58954,35.75939],[139.5894,35.75976],[139.58911,35.75991],[139.58877,35.75988],[139.58838,35.75968],[139.58819,35.75951],[139.58806,35.75924],[139.58785,35.75932],[139.58736,35.75968],[139.58706,35.75977],[139.58693,35.75968],[139.58679,35.7594],[139.58659,35.75929],[139.58629,35.75929],[139.58542,35.75953],[139.58493,35.75959],[139.58473,35.75953],[139.58458,35.75931],[139.58428,35.75915],[139.5834,35.75907],[139.58309,35.759],[139.58279,35.75879],[139.58266,35.75848],[139.58252,35.75834],[139.58223,35.75827],[139.58184,35.75832],[139.58158,35.75831],[139.5815,35.75825],[139.58146,35.7581],[139.58138,35.758],[139.58062,35.75771],[139.58036,35.75742],[139.58017,35.75682],[139.58002,35.7566],[139.57979,35.75649],[139.57965,35.75647],[139.57917,35.75651],[139.57885,35.75643],[139.57874,35.75629],[139.57867,35.75587],[139.57846,35.75558],[139.57797,35.75524],[139.57764,35.75515],[139.57745,35.75517],[139.57702,35.75539],[139.57646,35.75546],[139.57568,35.75539],[139.57511,35.75516],[139.5748,35.75509],[139.57449,35.75511],[139.57422,35.7552],[139.57406,35.75533],[139.57403,35.75554],[139.57415,35.75571],[139.57438,35.75585],[139.57444,35.75603],[139.57433,35.7563],[139.57412,35.75661],[139.57392,35.75682],[139.57355,35.75704],[139.57341,35.75738],[139.5732,35.75746],[139.57271,35.7575],[139.57248,35.75757],[139.57219,35.75778],[139.57187,35.75817],[139.57164,35.7583],[139.5712,35.75838],[139.57056,35.75832],[139.57017,35.75816],[139.56964,35.75781],[139.56933,35.75771],[139.56913,35.7577],[139.56849,35.75791],[139.56687,35.75879],[139.56649,35.75888],[139.56621,35.75866],[139.56552,35.75858],[139.56523,35.75845],[139.56509,35.7583],[139.56497,35.75798],[139.56479,35.75774],[139.56463,35.75763],[139.56427,35.7575],[139.56419,35.75741],[139.56424,35.75711],[139.56419,35.75702],[139.56364,35.75678],[139.56353,35.75664],[139.5635,35.75648],[139.56334,35.75634],[139.56289,35.75621],[139.56258,35.75619],[139.56243,35.75626],[139.5624,35.75641],[139.56232,35.75652],[139.56203,35.75655],[139.56182,35.75645],[139.56157,35.75618],[139.56114,35.75606],[139.56099,35.75589],[139.56078,35.75541],[139.56065,35.75529],[139.56049,35.75522],[139.56018,35.75519],[139.55987,35.75509],[139.55956,35.7549],[139.55929,35.75464],[139.55911,35.75424],[139.55904,35.75356],[139.55886,35.75328],[139.55871,35.75319],[139.55836,35.75313],[139.55825,35.75287],[139.55815,35.75279],[139.55767,35.75272],[139.55735,35.75274],[139.55724,35.75279],[139.55711,35.75296],[139.55709,35.75323],[139.5573,35.75405],[139.55725,35.75427],[139.55685,35.7544],[139.55649,35.75475],[139.55629,35.75488],[139.55589,35.75503],[139.55527,35.75517],[139.55501,35.75534],[139.55495,35.75548],[139.55498,35.75566],[139.55525,35.75574],[139.55525,35.75576],[139.55537,35.75574],[139.55547,35.75586],[139.5555,35.75615],[139.55543,35.75633],[139.5553,35.75642],[139.55539,35.75775],[139.55577,35.75775],[139.55579,35.75804],[139.55603,35.75814],[139.55615,35.75888],[139.5572,35.759],[139.55723,35.75928],[139.55738,35.75935],[139.55771,35.75936],[139.55778,35.75958],[139.55843,35.75951],[139.5586,35.75944],[139.55859,35.75926],[139.55892,35.75922],[139.55907,35.75934],[139.55987,35.7592],[139.56037,35.75922],[139.56183,35.7596],[139.56202,35.75991],[139.56181,35.76107],[139.56268,35.76139],[139.563,35.76204],[139.56358,35.76284],[139.56474,35.76282],[139.56481,35.7624],[139.56503,35.76196],[139.56516,35.76186],[139.56561,35.76188],[139.56678,35.76196],[139.56687,35.76205],[139.56687,35.76233],[139.56672,35.76274],[139.56679,35.76282],[139.56767,35.76304],[139.56783,35.76301],[139.56793,35.76279],[139.56837,35.76282],[139.56824,35.76351],[139.56931,35.76363],[139.56946,35.76317],[139.56972,35.7633],[139.56973,35.76301],[139.57017,35.76307],[139.57108,35.76334],[139.57087,35.76416],[139.57077,35.76425],[139.57055,35.76423],[139.57022,35.76468],[139.57,35.76537],[139.57004,35.76559],[139.57035,35.76573],[139.57071,35.7654],[139.57243,35.76582],[139.57239,35.76645],[139.57364,35.7665],[139.5742,35.76614],[139.57447,35.76615],[139.57459,35.76623],[139.57424,35.76748],[139.57434,35.76819],[139.57689,35.76807],[139.57739,35.76914],[139.57756,35.76925],[139.57788,35.76931],[139.57807,35.76947],[139.57816,35.76982],[139.57817,35.77085],[139.58068,35.77109],[139.58065,35.77179],[139.5809,35.77179],[139.581,35.77112],[139.58224,35.77121],[139.58208,35.77196],[139.58189,35.77218],[139.58186,35.77245],[139.58201,35.77256],[139.58369,35.77278],[139.58377,35.77285],[139.58361,35.77364],[139.58374,35.7738],[139.584,35.7739],[139.58398,35.77483],[139.58423,35.77501],[139.5848,35.77514],[139.58533,35.77521],[139.58654,35.77518],[139.58668,35.77528],[139.58794,35.77681],[139.58876,35.77853],[139.59341,35.77719],[139.59371,35.7772],[139.59382,35.77742],[139.5939,35.77816],[139.59404,35.77862],[139.59414,35.7787],[139.5972,35.77837],[139.59691,35.77748],[139.59714,35.77717],[139.59694,35.77667],[139.59694,35.77641],[139.59784,35.77619],[139.60235,35.77547],[139.60438,35.77502],[139.60447,35.77465],[139.60398,35.77422],[139.60307,35.7742],[139.60268,35.77436],[139.60082,35.77353],[139.59844,35.77214],[139.59739,35.77098],[139.59743,35.77077],[139.59835,35.77017],[139.59768,35.76993],[139.59789,35.76937],[139.59821,35.76914],[139.59864,35.7691],[139.60075,35.77007],[139.60228,35.77063],[139.60286,35.77096],[139.60317,35.77086],[139.60384,35.77012],[139.60404,35.77],[139.60429,35.76997],[139.60461,35.77022],[139.60636,35.77095],[139.60647,35.77045],[139.60714,35.76938],[139.6073,35.76926],[139.6077,35.76933],[139.60777,35.76898],[139.60817,35.769],[139.60875,35.76884],[139.60889,35.76898],[139.60914,35.76955],[139.6099,35.77032],[139.61021,35.77057],[139.61127,35.77107],[139.61143,35.77077],[139.61143,35.77034],[139.61174,35.77019],[139.61132,35.76971],[139.61145,35.76945],[139.61171,35.76938],[139.61248,35.77043],[139.6127,35.77051],[139.6141,35.77054],[139.61486,35.77087],[139.61542,35.77087],[139.61674,35.77061],[139.61723,35.77035],[139.61693,35.76935],[139.61682,35.76844],[139.61734,35.76812],[139.61758,35.76773],[139.61773,35.76665],[139.61947,35.76682],[139.62062,35.76676],[139.62242,35.7668],[139.62299,35.76687],[139.62323,35.7684],[139.62363,35.76975],[139.6237,35.76969],[139.6238,35.7693],[139.62392,35.76919],[139.62411,35.76916],[139.62459,35.76922],[139.62475,35.76917],[139.62484,35.76908],[139.62494,35.76862],[139.62517,35.76837],[139.62538,35.7683],[139.6257,35.76829],[139.62613,35.76833],[139.6269,35.76849],[139.6273,35.76862],[139.62758,35.76877],[139.62774,35.76893],[139.62784,35.76913],[139.62795,35.76917],[139.62818,35.76893],[139.62855,35.76884],[139.62867,35.76875],[139.62898,35.768],[139.62919,35.76778],[139.62937,35.76773],[139.62973,35.76777],[139.62991,35.76788],[139.63003,35.76803],[139.63012,35.76805],[139.63029,35.76796],[139.63068,35.76759],[139.63102,35.76745],[139.6314,35.76735],[139.63158,35.7672],[139.63157,35.76707],[139.63146,35.7669],[139.63131,35.7668],[139.63114,35.76678],[139.63096,35.76684],[139.63034,35.76722],[139.63003,35.76728],[139.62981,35.76727],[139.62934,35.76707],[139.62847,35.76646],[139.62829,35.76639],[139.62808,35.76638],[139.62791,35.76645],[139.62769,35.76668],[139.62754,35.76678],[139.62638,35.7671],[139.62599,35.76734],[139.6254,35.76787],[139.62517,35.76795],[139.62502,35.76792],[139.62456,35.76758],[139.62352,35.76652],[139.62332,35.76639],[139.6231,35.76635],[139.62296,35.76626],[139.62247,35.76549],[139.6223,35.76531],[139.62211,35.76518],[139.62174,35.76504],[139.62163,35.76493],[139.62155,35.76472],[139.62157,35.76449],[139.62168,35.76432],[139.62191,35.76415],[139.62114,35.76407],[139.62092,35.76396],[139.62084,35.76386],[139.62053,35.7636],[139.61958,35.76305],[139.61945,35.76284],[139.6195,35.76267],[139.61939,35.76256],[139.61915,35.76245],[139.61832,35.76222],[139.61787,35.76205],[139.61772,35.76194],[139.61765,35.7617],[139.61749,35.76149],[139.617,35.76111],[139.61664,35.76098]]],[[[139.63711,35.68809],[139.63665,35.6881],[139.636,35.688],[139.63559,35.68788],[139.63528,35.68761],[139.63511,35.6876],[139.63498,35.68765],[139.63474,35.68786],[139.63446,35.68842],[139.63414,35.68855],[139.63353,35.68851],[139.6332,35.68858],[139.6331,35.68872],[139.63302,35.68912],[139.6329,35.68927],[139.63271,35.68938],[139.63233,35.68949],[139.63214,35.68961],[139.63202,35.6898],[139.63197,35.69004],[139.63199,35.69041],[139.63209,35.69062],[139.63221,35.69067],[139.63246,35.69063],[139.63272,35.69037],[139.63285,35.69031],[139.63315,35.6903],[139.63355,35.69036],[139.63383,35.69033],[139.63424,35.69015],[139.63491,35.68971],[139.63526,35.68964],[139.63557,35.68969],[139.63584,35.68968],[139.63635,35.68944],[139.63656,35.68948],[139.63677,35.68962],[139.63697,35.6897],[139.63733,35.68964],[139.63751,35.68967],[139.63784,35.68985],[139.63825,35.69015],[139.63866,35.6903],[139.63894,35.69029],[139.63937,35.69016],[139.63994,35.69008],[139.64139,35.69016],[139.6417,35.69014],[139.64188,35.69008],[139.64204,35.68975],[139.64269,35.68915],[139.64306,35.68892],[139.64347,35.68877],[139.64414,35.68866],[139.64477,35.68868],[139.64514,35.68877],[139.64528,35.68901],[139.6454,35.68907],[139.64585,35.68911],[139.64616,35.68905],[139.64631,35.68889],[139.64631,35.68859],[139.6462,35.68842],[139.64592,35.68823],[139.64615,35.68821],[139.64628,35.68814],[139.64636,35.68787],[139.64646,35.68778],[139.64665,35.68776],[139.64683,35.68781],[139.64709,35.68807],[139.64731,35.68817],[139.64778,35.68822],[139.64804,35.68813],[139.64807,35.68792],[139.64782,35.68753],[139.64761,35.68736],[139.64735,35.6873],[139.64728,35.68725],[139.64732,35.68674],[139.64717,35.68665],[139.64689,35.68663],[139.64674,35.68657],[139.64663,35.68642],[139.64661,35.68626],[139.64646,35.68611],[139.6461,35.68599],[139.64553,35.6859],[139.64379,35.68581],[139.64326,35.68588],[139.64304,35.68608],[139.64288,35.68614],[139.64254,35.68618],[139.64227,35.68616],[139.64204,35.68605],[139.64184,35.68586],[139.64156,35.68527],[139.64153,35.68489],[139.64161,35.68483],[139.64184,35.68478],[139.64192,35.68463],[139.64187,35.6844],[139.64168,35.68418],[139.64129,35.68397],[139.64091,35.68392],[139.64053,35.68403],[139.64023,35.6843],[139.63987,35.6848],[139.63982,35.68494],[139.63992,35.68503],[139.64027,35.68506],[139.64046,35.68512],[139.64054,35.68525],[139.64052,35.68538],[139.64005,35.68619],[139.63945,35.68693],[139.63927,35.68705],[139.63884,35.68718],[139.63773,35.68793],[139.63711,35.68809]]],[[[139.62619,35.69298],[139.62634,35.69281],[139.62679,35.69263],[139.62749,35.69252],[139.62821,35.69231],[139.62993,35.69148],[139.63018,35.69143],[139.63044,35.69146],[139.63048,35.6912],[139.63039,35.69082],[139.63029,35.69062],[139.63022,35.69061],[139.63011,35.69074],[139.62993,35.69085],[139.62947,35.69088],[139.62924,35.69078],[139.62916,35.69058],[139.62877,35.69041],[139.62765,35.69018],[139.62687,35.69014],[139.62657,35.69022],[139.62648,35.69029],[139.62641,35.69058],[139.62628,35.6907],[139.62618,35.69073],[139.6259,35.69072],[139.62532,35.69059],[139.62489,35.69054],[139.62472,35.69059],[139.62453,35.69078],[139.6244,35.69084],[139.62404,35.69088],[139.62371,35.69078],[139.62341,35.69039],[139.62316,35.69039],[139.62278,35.69058],[139.62247,35.69082],[139.62235,35.69095],[139.62222,35.69126],[139.6216,35.69139],[139.6215,35.69149],[139.62145,35.69179],[139.62133,35.69198],[139.62069,35.69228],[139.61995,35.6929],[139.61958,35.69298],[139.61904,35.69284],[139.61859,35.69289],[139.61826,35.69305],[139.61775,35.69343],[139.6174,35.69362],[139.61706,35.69375],[139.61671,35.6938],[139.61626,35.69375],[139.61606,35.69366],[139.61596,35.6935],[139.6159,35.69307],[139.61574,35.69278],[139.61547,35.69251],[139.61515,35.69237],[139.61437,35.6922],[139.61366,35.69212],[139.61289,35.69208],[139.61234,35.69215],[139.61202,35.69231],[139.61194,35.69243],[139.61195,35.69303],[139.61187,35.69325],[139.6117,35.69339],[139.61122,35.69353],[139.61098,35.69371],[139.61101,35.69396],[139.61133,35.69418],[139.61142,35.69432],[139.61136,35.69462],[139.61118,35.69481],[139.61088,35.6949],[139.61038,35.69488],[139.61012,35.69475],[139.60993,35.69447],[139.60982,35.6944],[139.60967,35.69443],[139.60929,35.69468],[139.60902,35.69478],[139.60886,35.69475],[139.60843,35.69451],[139.60803,35.69439],[139.60739,35.69429],[139.60693,35.69431],[139.60671,35.6944],[139.60644,35.69476],[139.60617,35.69537],[139.60608,35.69585],[139.60614,35.69606],[139.6064,35.69619],[139.60805,35.69635],[139.60849,35.69647],[139.60931,35.69686],[139.60969,35.69697],[139.60982,35.69693],[139.60987,35.69671],[139.61002,35.69659],[139.61064,35.69663],[139.61104,35.6966],[139.61184,35.69642],[139.61344,35.69596],[139.61422,35.69584],[139.61486,35.6958],[139.6153,35.6957],[139.61599,35.69538],[139.61695,35.6948],[139.61768,35.69459],[139.61816,35.69458],[139.61895,35.69471],[139.61922,35.69485],[139.61928,35.695],[139.61945,35.69506],[139.61976,35.69508],[139.62074,35.69502],[139.62116,35.69507],[139.62148,35.69521],[139.6216,35.69531],[139.62192,35.69578],[139.62217,35.6959],[139.62237,35.69586],[139.62265,35.69569],[139.62286,35.69547],[139.62307,35.69509],[139.62329,35.69495],[139.6235,35.69495],[139.62366,35.695],[139.62413,35.69532],[139.62436,35.69547],[139.62445,35.69548],[139.62452,35.69531],[139.62462,35.69521],[139.62541,35.695],[139.62561,35.69489],[139.62567,35.69465],[139.62546,35.69412],[139.62552,35.69405],[139.62582,35.694],[139.626,35.69384],[139.62611,35.69357],[139.62619,35.69298]]],[[[139.62867,35.71409],[139.62879,35.71433],[139.62901,35.71449],[139.62976,35.71458],[139.63031,35.71477],[139.63071,35.71502],[139.6309,35.71521],[139.63106,35.71552],[139.63111,35.71591],[139.63127,35.71604],[139.63143,35.71603],[139.63165,35.71596],[139.63212,35.71565],[139.63275,35.71503],[139.63299,35.71465],[139.63298,35.71447],[139.63283,35.71436],[139.63238,35.71419],[139.63171,35.71402],[139.63126,35.71382],[139.63111,35.71366],[139.63106,35.71343],[139.63097,35.71335],[139.63082,35.71334],[139.63033,35.71349],[139.63009,35.7135],[139.62981,35.71335],[139.62959,35.71305],[139.62943,35.71293],[139.62925,35.7129],[139.62886,35.71304],[139.62858,35.71305],[139.62842,35.71297],[139.62809,35.71268],[139.62768,35.71255],[139.62711,35.71252],[139.62659,35.71258],[139.62623,35.71274],[139.62579,35.71313],[139.62552,35.71319],[139.62533,35.71326],[139.62529,35.7135],[139.62547,35.71373],[139.62584,35.71394],[139.62603,35.71398],[139.62619,35.71397],[139.62658,35.71375],[139.62689,35.71367],[139.62741,35.71365],[139.6279,35.7137],[139.62823,35.71377],[139.62849,35.7139],[139.62867,35.71409]]],[[[139.66605,35.62053],[139.66596,35.62023],[139.66582,35.61999],[139.66542,35.6196],[139.66511,35.61917],[139.66466,35.61827],[139.6646,35.61785],[139.66482,35.61742],[139.66481,35.61732],[139.66471,35.61727],[139.66436,35.61723],[139.6642,35.6171],[139.66408,35.61657],[139.66372,35.61616],[139.66377,35.61573],[139.66361,35.61561],[139.66327,35.61547],[139.66318,35.61537],[139.66322,35.61488],[139.66306,35.61479],[139.6625,35.61471],[139.66204,35.61443],[139.66173,35.61435],[139.66122,35.61433],[139.66096,35.61443],[139.66087,35.61454],[139.66082,35.61485],[139.66073,35.61497],[139.6601,35.61525],[139.65951,35.61575],[139.6593,35.61574],[139.65901,35.61555],[139.65875,35.61547],[139.65846,35.61545],[139.6583,35.61548],[139.6582,35.6156],[139.65825,35.61583],[139.65823,35.616],[139.65808,35.61616],[139.65782,35.61633],[139.65692,35.61675],[139.65656,35.61701],[139.65632,35.61725],[139.65611,35.61734],[139.65571,35.61739],[139.65523,35.61731],[139.65486,35.61719],[139.65458,35.61695],[139.65444,35.61693],[139.65426,35.61697],[139.65347,35.61734],[139.65305,35.61738],[139.65249,35.61734],[139.65241,35.61741],[139.65247,35.61778],[139.65236,35.61799],[139.6521,35.61817],[139.65165,35.61832],[139.65112,35.61836],[139.65081,35.61832],[139.65069,35.61826],[139.65063,35.61807],[139.65055,35.61803],[139.65022,35.61821],[139.64989,35.61827],[139.64766,35.61823],[139.64667,35.61835],[139.64608,35.61853],[139.64556,35.61875],[139.64518,35.619],[139.64487,35.61939],[139.64481,35.6198],[139.64468,35.62002],[139.64445,35.62021],[139.6439,35.62041],[139.64358,35.62059],[139.64338,35.62085],[139.64332,35.62101],[139.64333,35.62162],[139.64354,35.62213],[139.64376,35.62233],[139.6439,35.62238],[139.64452,35.62244],[139.64474,35.62252],[139.6449,35.62263],[139.64508,35.62295],[139.64516,35.62271],[139.64537,35.6225],[139.64573,35.62226],[139.64612,35.62209],[139.64647,35.62205],[139.64704,35.62211],[139.64812,35.62188],[139.64848,35.62192],[139.64873,35.62212],[139.64886,35.6224],[139.64887,35.6227],[139.6488,35.62303],[139.64885,35.62327],[139.64897,35.62338],[139.64925,35.62348],[139.64944,35.62363],[139.64954,35.624],[139.64969,35.62419],[139.65,35.62432],[139.65048,35.62437],[139.6507,35.6243],[139.65096,35.62404],[139.65114,35.624],[139.65128,35.62402],[139.65153,35.62421],[139.65192,35.62476],[139.65217,35.62502],[139.6525,35.62519],[139.6529,35.62526],[139.65358,35.62518],[139.65396,35.62504],[139.65425,35.62482],[139.65452,35.62437],[139.65476,35.62411],[139.65514,35.62394],[139.65538,35.6239],[139.65597,35.62388],[139.65717,35.62404],[139.65759,35.62416],[139.65808,35.62445],[139.65825,35.62447],[139.65838,35.62439],[139.65856,35.62393],[139.65874,35.62373],[139.65917,35.62358],[139.65975,35.62357],[139.66027,35.62367],[139.66049,35.62386],[139.66067,35.62392],[139.6611,35.62393],[139.66168,35.62387],[139.6621,35.62392],[139.66228,35.62401],[139.66245,35.62428],[139.66255,35.6243],[139.66288,35.62402],[139.66312,35.62392],[139.66331,35.62395],[139.66368,35.62412],[139.66383,35.62412],[139.66396,35.62383],[139.66439,35.62373],[139.66481,35.62335],[139.66497,35.62327],[139.66524,35.62328],[139.66573,35.62346],[139.66589,35.62344],[139.6662,35.6233],[139.66656,35.62351],[139.66689,35.62387],[139.66745,35.62466],[139.66767,35.62515],[139.66774,35.62559],[139.66771,35.62578],[139.66738,35.62656],[139.66741,35.62677],[139.66754,35.62692],[139.66784,35.62702],[139.66801,35.62696],[139.66817,35.6268],[139.66847,35.62632],[139.66864,35.62616],[139.66892,35.62605],[139.66921,35.62608],[139.66941,35.62621],[139.66972,35.62667],[139.67013,35.62679],[139.67032,35.62736],[139.67057,35.62762],[139.67114,35.62804],[139.6713,35.62829],[139.67134,35.62854],[139.67147,35.6287],[139.67186,35.6289],[139.67224,35.62901],[139.67259,35.62905],[139.67286,35.62899],[139.67303,35.62884],[139.67313,35.62858],[139.67313,35.62824],[139.67304,35.62809],[139.6725,35.62781],[139.67234,35.6275],[139.67185,35.62754],[139.67164,35.62747],[139.67144,35.62731],[139.67102,35.62672],[139.67071,35.62641],[139.67051,35.6263],[139.67013,35.62626],[139.66998,35.62617],[139.66986,35.62586],[139.66919,35.62536],[139.6688,35.62487],[139.66866,35.62445],[139.66872,35.62409],[139.66874,35.6239],[139.6687,35.62383],[139.66835,35.62373],[139.66798,35.62321],[139.66731,35.62285],[139.6672,35.6226],[139.66717,35.62229],[139.66701,35.62204],[139.66683,35.62193],[139.66645,35.62182],[139.66619,35.62154],[139.6661,35.62125],[139.66605,35.62053]]],[[[139.67414,35.63482],[139.67433,35.63499],[139.67466,35.63515],[139.6752,35.63529],[139.67656,35.63544],[139.67701,35.63539],[139.67732,35.63525],[139.67749,35.63503],[139.67752,35.63477],[139.67735,35.6346],[139.67719,35.63454],[139.67674,35.63449],[139.67527,35.63455],[139.67475,35.63447],[139.67458,35.63437],[139.67443,35.63409],[139.67426,35.63358],[139.67376,35.63145],[139.67349,35.63079],[139.67317,35.63041],[139.67299,35.63033],[139.67279,35.63031],[139.67259,35.63037],[139.67217,35.63051],[139.67207,35.63063],[139.67223,35.63077],[139.67233,35.63111],[139.67249,35.63371],[139.67267,35.63423],[139.67279,35.63439],[139.67295,35.63449],[139.67313,35.63452],[139.67367,35.63447],[139.67398,35.63451],[139.67406,35.63459],[139.67414,35.63482]]],[[[139.67749,35.7549],[139.67758,35.7548],[139.67752,35.7545],[139.67757,35.75431],[139.67769,35.75422],[139.67798,35.75414],[139.67814,35.75416],[139.67827,35.75423],[139.67852,35.75459],[139.67883,35.75476],[139.6793,35.75486],[139.67969,35.75484],[139.67988,35.75466],[139.67992,35.75435],[139.68004,35.75408],[139.68053,35.75369],[139.68062,35.75355],[139.68063,35.7534],[139.68054,35.75316],[139.68036,35.75307],[139.67966,35.75327],[139.67941,35.75326],[139.67877,35.75308],[139.67851,35.75316],[139.6783,35.75353],[139.67808,35.75363],[139.67753,35.7536],[139.677,35.75345],[139.67624,35.75329],[139.67604,35.75335],[139.67605,35.75346],[139.67614,35.75356],[139.67677,35.75378],[139.67692,35.7539],[139.67694,35.7542],[139.67679,35.75459],[139.67678,35.75478],[139.67687,35.75491],[139.67696,35.75494],[139.67721,35.75496],[139.67749,35.7549]]],[[[139.66603,35.77964],[139.66618,35.77961],[139.66629,35.77943],[139.66639,35.77884],[139.66649,35.7787],[139.6667,35.77852],[139.66731,35.77824],[139.66793,35.77806],[139.66825,35.77806],[139.66844,35.77822],[139.66856,35.77823],[139.66879,35.77808],[139.66918,35.77771],[139.66936,35.77764],[139.66952,35.77764],[139.66998,35.77789],[139.67046,35.77792],[139.67061,35.77787],[139.6707,35.77778],[139.67074,35.77755],[139.67084,35.7774],[139.67108,35.77725],[139.67146,35.77712],[139.67284,35.77688],[139.67484,35.77678],[139.67526,35.77666],[139.67532,35.77652],[139.67528,35.77643],[139.6751,35.77629],[139.67492,35.77628],[139.67441,35.77643],[139.67407,35.77647],[139.67389,35.77643],[139.67375,35.77633],[139.67365,35.77613],[139.6736,35.77533],[139.67376,35.77423],[139.67397,35.77372],[139.67415,35.77356],[139.67432,35.7735],[139.67436,35.7734],[139.67432,35.77335],[139.67415,35.77321],[139.67369,35.77299],[139.67345,35.77292],[139.6733,35.77295],[139.67315,35.77337],[139.67274,35.77349],[139.67237,35.77402],[139.67213,35.77417],[139.67184,35.77428],[139.67168,35.77442],[139.67149,35.77477],[139.67136,35.77524],[139.67121,35.77545],[139.67098,35.77557],[139.67084,35.77559],[139.67036,35.77554],[139.67004,35.77558],[139.66993,35.77568],[139.66983,35.77603],[139.66964,35.77612],[139.66944,35.77613],[139.669,35.77626],[139.6686,35.77645],[139.66783,35.77689],[139.66721,35.77733],[139.66697,35.77757],[139.66684,35.77795],[139.6666,35.77823],[139.6656,35.77886],[139.6654,35.77904],[139.66532,35.77925],[139.66545,35.77941],[139.66584,35.7796],[139.66603,35.77964]]],[[[139.64931,35.78079],[139.6497,35.78077],[139.65066,35.78097],[139.6513,35.78096],[139.65182,35.78079],[139.65191,35.78069],[139.65198,35.78044],[139.65224,35.78026],[139.65286,35.78018],[139.65435,35.78015],[139.65486,35.7801],[139.65538,35.77994],[139.65556,35.77979],[139.65581,35.77966],[139.65622,35.77959],[139.65713,35.77959],[139.65839,35.77973],[139.65876,35.77982],[139.65896,35.77992],[139.65905,35.78002],[139.65931,35.78009],[139.66005,35.78003],[139.66046,35.78008],[139.66066,35.78017],[139.66109,35.78056],[139.66149,35.78067],[139.6615,35.78077],[139.66143,35.78093],[139.66153,35.78103],[139.66195,35.78108],[139.66236,35.78104],[139.66292,35.78088],[139.66339,35.78064],[139.66361,35.78041],[139.66383,35.78006],[139.66399,35.77996],[139.66427,35.77991],[139.66447,35.77974],[139.66468,35.77945],[139.66476,35.77917],[139.66464,35.77899],[139.66437,35.77889],[139.66417,35.77874],[139.66406,35.7783],[139.66397,35.77818],[139.66342,35.7779],[139.66337,35.77778],[139.66342,35.77747],[139.66327,35.77738],[139.66295,35.77733],[139.66246,35.77735],[139.66137,35.7775],[139.66082,35.77769],[139.66033,35.77799],[139.65981,35.77811],[139.65914,35.77814],[139.65819,35.77809],[139.65766,35.77795],[139.6575,35.77782],[139.65745,35.77761],[139.65738,35.77751],[139.65689,35.77738],[139.65643,35.77707],[139.65591,35.77658],[139.65574,35.77622],[139.65548,35.77613],[139.65503,35.77611],[139.65468,35.77616],[139.65434,35.77629],[139.65382,35.7766],[139.65304,35.77734],[139.65246,35.77814],[139.65207,35.77846],[139.65177,35.77856],[139.65115,35.7786],[139.65095,35.77865],[139.65084,35.77873],[139.65081,35.7789],[139.65065,35.7791],[139.65034,35.77933],[139.64991,35.77955],[139.64944,35.77968],[139.64879,35.77972],[139.64846,35.77981],[139.64835,35.77993],[139.6483,35.78024],[139.6482,35.78046],[139.64785,35.78073],[139.64742,35.78082],[139.64684,35.78079],[139.64672,35.78072],[139.64666,35.78053],[139.64654,35.78042],[139.64602,35.78036],[139.64581,35.78026],[139.64557,35.77993],[139.64498,35.77993],[139.6445,35.77999],[139.64423,35.78014],[139.64394,35.78052],[139.64381,35.78086],[139.64372,35.78143],[139.64374,35.78193],[139.6439,35.78308],[139.64444,35.7828],[139.6447,35.78274],[139.64495,35.78276],[139.6455,35.78293],[139.64603,35.783],[139.64668,35.78298],[139.64734,35.78287],[139.64781,35.78266],[139.6484,35.78197],[139.64896,35.78157],[139.64912,35.78132],[139.64918,35.78091],[139.64931,35.78079]]],[[[139.69432,35.59048],[139.69459,35.59064],[139.69492,35.59069],[139.69577,35.59069],[139.69613,35.5906],[139.69622,35.59051],[139.69619,35.59036],[139.69609,35.59028],[139.69585,35.59024],[139.69576,35.59017],[139.69568,35.58996],[139.69563,35.58954],[139.69554,35.58937],[139.6954,35.58922],[139.69495,35.58891],[139.69469,35.58852],[139.69468,35.58808],[139.69493,35.58732],[139.69498,35.587],[139.69493,35.5869],[139.69475,35.58686],[139.69462,35.58673],[139.69457,35.58597],[139.69429,35.58654],[139.69412,35.58664],[139.69386,35.58669],[139.69384,35.5868],[139.69393,35.58701],[139.69391,35.58713],[139.69347,35.58755],[139.69381,35.5877],[139.69399,35.58792],[139.69402,35.58816],[139.69396,35.58835],[139.69384,35.58844],[139.69355,35.58849],[139.69346,35.5887],[139.69355,35.58889],[139.69383,35.58906],[139.6939,35.58916],[139.69385,35.58977],[139.6942,35.59006],[139.69432,35.59048]]],[[[139.70018,35.63254],[139.70041,35.63318],[139.70066,35.6336],[139.70119,35.63417],[139.70217,35.63494],[139.70237,35.63523],[139.70235,35.63541],[139.70252,35.63549],[139.70288,35.63554],[139.70377,35.63556],[139.70455,35.63545],[139.70485,35.6353],[139.70498,35.63507],[139.70494,35.63469],[139.70478,35.63443],[139.70433,35.63422],[139.70407,35.63392],[139.70394,35.63336],[139.70406,35.63252],[139.70397,35.63234],[139.70373,35.63218],[139.70361,35.63181],[139.70362,35.63142],[139.70373,35.63112],[139.70388,35.631],[139.70435,35.63078],[139.70442,35.63068],[139.70442,35.63052],[139.70435,35.63042],[139.70406,35.63037],[139.70393,35.63027],[139.70383,35.62981],[139.70375,35.62973],[139.70351,35.62968],[139.70339,35.62959],[139.70325,35.62933],[139.70313,35.62895],[139.70295,35.62871],[139.70279,35.62866],[139.7023,35.62872],[139.70199,35.6286],[139.70176,35.62835],[139.70166,35.6279],[139.70155,35.6278],[139.70103,35.62799],[139.70088,35.62801],[139.70077,35.62796],[139.70059,35.62777],[139.70043,35.62771],[139.69982,35.62768],[139.69933,35.62783],[139.69859,35.62828],[139.69817,35.62834],[139.69801,35.62831],[139.69789,35.62824],[139.69777,35.62782],[139.69768,35.62773],[139.69745,35.62767],[139.69726,35.62768],[139.69711,35.62775],[139.69702,35.62788],[139.69698,35.62806],[139.69701,35.62835],[139.69711,35.62852],[139.69736,35.62858],[139.69753,35.62871],[139.69766,35.62896],[139.6977,35.62918],[139.69764,35.62937],[139.69747,35.62953],[139.69703,35.62972],[139.69687,35.62988],[139.69695,35.63009],[139.69726,35.63035],[139.69833,35.631],[139.69868,35.63129],[139.69887,35.63155],[139.69893,35.63187],[139.69901,35.63201],[139.69927,35.63209],[139.69966,35.63205],[139.69989,35.63215],[139.7,35.63225],[139.70018,35.63254]]],[[[139.70862,35.78044],[139.7087,35.78046],[139.70897,35.78044],[139.70913,35.78035],[139.70922,35.78006],[139.70941,35.77991],[139.7098,35.77984],[139.71028,35.77991],[139.71042,35.77983],[139.71054,35.77949],[139.71059,35.77879],[139.71075,35.77845],[139.71135,35.77812],[139.71172,35.7776],[139.71203,35.77752],[139.71213,35.77745],[139.71222,35.77714],[139.71216,35.77677],[139.71203,35.77665],[139.71178,35.77661],[139.71162,35.77653],[139.71151,35.77638],[139.71149,35.77626],[139.71159,35.7761],[139.71204,35.7758],[139.71224,35.77559],[139.7124,35.77527],[139.71235,35.77503],[139.7121,35.77491],[139.71173,35.77492],[139.71101,35.77508],[139.71066,35.77523],[139.7103,35.77552],[139.71008,35.77604],[139.70986,35.77633],[139.70965,35.77646],[139.70925,35.77657],[139.70891,35.77671],[139.70835,35.7772],[139.70808,35.77729],[139.70788,35.7773],[139.70771,35.77733],[139.70759,35.77741],[139.70753,35.77752],[139.70753,35.77776],[139.70771,35.778],[139.70826,35.77825],[139.70842,35.77863],[139.70881,35.77891],[139.70894,35.77906],[139.70894,35.7794],[139.70862,35.78002],[139.70855,35.78033],[139.70862,35.78044]]],[[[139.63803,35.603],[139.63815,35.60284],[139.63839,35.60273],[139.63908,35.60257],[139.63995,35.60243],[139.64033,35.6023],[139.64044,35.6022],[139.64054,35.60191],[139.64083,35.6016],[139.6413,35.60129],[139.64167,35.60121],[139.64181,35.60114],[139.64224,35.60062],[139.64252,35.60041],[139.64275,35.60034],[139.6433,35.60028],[139.64357,35.60018],[139.64449,35.59957],[139.64477,35.59944],[139.6451,35.59947],[139.64532,35.59968],[139.64537,35.59969],[139.64544,35.59886],[139.64552,35.5985],[139.6457,35.59824],[139.64598,35.5981],[139.64637,35.59808],[139.64689,35.59812],[139.64725,35.59823],[139.64761,35.59844],[139.64782,35.59845],[139.64801,35.59836],[139.64809,35.59826],[139.64811,35.5981],[139.64804,35.5978],[139.64811,35.59761],[139.64834,35.59749],[139.64901,35.5974],[139.64963,35.59742],[139.65052,35.59755],[139.65109,35.5977],[139.65237,35.59817],[139.6531,35.59831],[139.65335,35.59831],[139.65361,35.59824],[139.6537,35.59816],[139.65374,35.59801],[139.65393,35.5979],[139.65465,35.59785],[139.65491,35.59778],[139.65517,35.59757],[139.6553,35.59726],[139.65548,35.59705],[139.65564,35.59698],[139.65601,35.59694],[139.65619,35.59682],[139.65615,35.59658],[139.65584,35.5965],[139.65575,35.59634],[139.65581,35.59588],[139.65593,35.59564],[139.65624,35.59539],[139.65699,35.59514],[139.65725,35.5948],[139.65737,35.59379],[139.65744,35.59355],[139.65767,35.59328],[139.65768,35.59319],[139.65758,35.5931],[139.65712,35.59297],[139.65682,35.59282],[139.65664,35.59261],[139.6566,35.59243],[139.65664,35.59219],[139.65686,35.59173],[139.65711,35.59135],[139.65744,35.59099],[139.65784,35.5907],[139.6583,35.59046],[139.65884,35.59028],[139.65949,35.59015],[139.66074,35.59007],[139.66327,35.59011],[139.66411,35.59002],[139.66478,35.58984],[139.66531,35.58958],[139.66597,35.58913],[139.66612,35.58896],[139.66628,35.58864],[139.66658,35.58833],[139.66859,35.5866],[139.6694,35.5857],[139.66988,35.58482],[139.67056,35.58304],[139.67172,35.57949],[139.67246,35.57742],[139.67285,35.57654],[139.67352,35.57536],[139.67379,35.57422],[139.67436,35.57268],[139.67522,35.57071],[139.67545,35.57032],[139.67579,35.56989],[139.67593,35.56927],[139.67635,35.56876],[139.67649,35.56814],[139.6769,35.56763],[139.67702,35.56706],[139.67728,35.56647],[139.67773,35.56563],[139.67828,35.56481],[139.67886,35.56414],[139.67988,35.56322],[139.68023,35.56274],[139.68072,35.56258],[139.68231,35.56251],[139.68298,35.56238],[139.68317,35.56223],[139.68312,35.56181],[139.68317,35.56156],[139.68327,35.56142],[139.68345,35.56133],[139.68381,35.56128],[139.68433,35.5613],[139.68648,35.56155],[139.68605,35.56139],[139.68589,35.56121],[139.68581,35.56096],[139.68579,35.56064],[139.68588,35.56035],[139.68597,35.56024],[139.68624,35.56006],[139.68664,35.55995],[139.68742,35.55992],[139.68769,35.56005],[139.68781,35.56044],[139.68796,35.5605],[139.68809,35.56048],[139.68819,35.5604],[139.68825,35.56024],[139.68834,35.55962],[139.6886,35.55932],[139.6897,35.55883],[139.69066,35.55817],[139.69101,35.55804],[139.69148,35.55796],[139.69161,35.55787],[139.6918,35.55757],[139.69198,35.55741],[139.69259,35.55715],[139.69302,35.55705],[139.69384,35.55694],[139.69595,35.55688],[139.69693,35.5568],[139.69779,35.55665],[139.6986,35.55643],[139.69882,35.55632],[139.69899,35.55614],[139.69925,35.55597],[139.70092,35.55522],[139.70188,35.55471],[139.70276,35.5541],[139.70388,35.55311],[139.70432,35.55258],[139.70451,35.55195],[139.70456,35.55104],[139.70451,35.55058],[139.70439,35.55017],[139.7042,35.54982],[139.70352,35.54899],[139.70318,35.54824],[139.70301,35.54806],[139.70272,35.54789],[139.70258,35.54755],[139.70238,35.54747],[139.70177,35.5474],[139.70155,35.54731],[139.70137,35.54715],[139.7009,35.54656],[139.70034,35.54617],[139.70008,35.54588],[139.69999,35.54564],[139.70005,35.54554],[139.70022,35.5455],[139.7008,35.54553],[139.70099,35.54538],[139.70107,35.54505],[139.70095,35.54425],[139.70075,35.5437],[139.70046,35.54326],[139.70009,35.54291],[139.69925,35.5424],[139.69911,35.54225],[139.69894,35.54193],[139.69891,35.54176],[139.69894,35.54137],[139.69909,35.54095],[139.69934,35.54048],[139.70015,35.53942],[139.70106,35.53864],[139.70181,35.53817],[139.70317,35.53755],[139.70417,35.53723],[139.70578,35.53693],[139.70749,35.53686],[139.70801,35.53688],[139.70881,35.53699],[139.70911,35.53707],[139.70947,35.53731],[139.70954,35.53745],[139.70958,35.53785],[139.70967,35.53791],[139.70981,35.53782],[139.71023,35.53735],[139.71059,35.53714],[139.71099,35.53709],[139.71187,35.5372],[139.71284,35.53743],[139.71441,35.538],[139.71657,35.53892],[139.71819,35.53969],[139.71869,35.53997],[139.71914,35.54029],[139.7194,35.54054],[139.7195,35.5408],[139.71967,35.54094],[139.72168,35.54192],[139.72215,35.54224],[139.72305,35.54296],[139.72356,35.54283],[139.72374,35.54283],[139.72386,35.54299],[139.72387,35.54341],[139.72422,35.54342],[139.72434,35.54348],[139.72453,35.54403],[139.72468,35.54416],[139.72516,35.5444],[139.72533,35.54453],[139.72542,35.54476],[139.72535,35.545],[139.72536,35.54519],[139.72571,35.54549],[139.72579,35.54573],[139.72581,35.54604],[139.72588,35.54615],[139.72647,35.5457],[139.7271,35.54551],[139.72739,35.54536],[139.72753,35.54523],[139.72766,35.54499],[139.72788,35.5448],[139.72866,35.54454],[139.72878,35.54445],[139.72883,35.54429],[139.72895,35.5442],[139.72942,35.54411],[139.73077,35.54411],[139.73139,35.54415],[139.73178,35.54422],[139.73207,35.54437],[139.73216,35.54463],[139.73225,35.54472],[139.7331,35.54503],[139.73332,35.54522],[139.73351,35.54552],[139.73367,35.54561],[139.73388,35.54566],[139.73427,35.54567],[139.73456,35.5456],[139.73496,35.54527],[139.73593,35.54493],[139.73635,35.54463],[139.73685,35.54416],[139.73705,35.54403],[139.73716,35.54426],[139.73736,35.54452],[139.73773,35.54483],[139.73801,35.54502],[139.73832,35.54514],[139.73864,35.54521],[139.73913,35.5452],[139.73936,35.54507],[139.73811,35.54461],[139.73747,35.54423],[139.73607,35.54245],[139.73495,35.54122],[139.73464,35.54098],[139.73429,35.5409],[139.73365,35.54087],[139.73303,35.54101],[139.73074,35.54276],[139.73036,35.54291],[139.72871,35.54336],[139.72761,35.54357],[139.72656,35.54357],[139.72611,35.54347],[139.72522,35.54309],[139.72295,35.54187],[139.72111,35.54055],[139.71951,35.53912],[139.7182,35.5383],[139.7173,35.538],[139.71075,35.53654],[139.70901,35.53638],[139.70574,35.53625],[139.70479,35.53629],[139.70379,35.53649],[139.70223,35.53703],[139.70074,35.53777],[139.69993,35.53836],[139.69943,35.5389],[139.69883,35.53975],[139.69794,35.54145],[139.69779,35.5424],[139.69776,35.54376],[139.69794,35.54466],[139.69845,35.5454],[139.70148,35.54802],[139.7026,35.54874],[139.70302,35.54892],[139.70353,35.54941],[139.70407,35.55047],[139.70423,35.55117],[139.70418,35.55183],[139.70374,35.55261],[139.70267,35.55368],[139.70088,35.55489],[139.69987,35.5554],[139.69829,35.55597],[139.69778,35.55613],[139.69668,35.5563],[139.69136,35.55675],[139.69045,35.55696],[139.68962,35.55729],[139.68802,35.55833],[139.68609,35.55937],[139.68381,35.56016],[139.68155,35.56119],[139.67879,35.56299],[139.67823,35.56355],[139.6771,35.56504],[139.67641,35.56604],[139.67599,35.56688],[139.674,35.57206],[139.67126,35.57852],[139.67082,35.58045],[139.67013,35.58261],[139.66931,35.58472],[139.66871,35.58559],[139.66775,35.58658],[139.66729,35.58718],[139.66609,35.58826],[139.66449,35.58952],[139.6638,35.58981],[139.66333,35.58987],[139.66222,35.58985],[139.6599,35.58967],[139.65987,35.58951],[139.6588,35.58943],[139.65864,35.58979],[139.65701,35.58968],[139.65629,35.58973],[139.65523,35.59009],[139.65105,35.59223],[139.65043,35.59258],[139.65011,35.59291],[139.64877,35.59504],[139.64692,35.59597],[139.63976,35.60022],[139.63869,35.60142],[139.637,35.60305],[139.63518,35.60346],[139.63423,35.60406],[139.63381,35.60436],[139.63397,35.6044],[139.63416,35.60439],[139.63459,35.60428],[139.63472,35.60429],[139.63471,35.6044],[139.63439,35.60482],[139.63474,35.6048],[139.63493,35.60473],[139.63551,35.60422],[139.63572,35.6041],[139.63603,35.60408],[139.63643,35.60423],[139.63669,35.60419],[139.63714,35.6038],[139.63741,35.60371],[139.63771,35.60368],[139.63785,35.60361],[139.63796,35.6034],[139.63803,35.603]]],[[[139.7473,35.54464],[139.74815,35.54473],[139.74829,35.54482],[139.74841,35.54501],[139.75065,35.54545],[139.75143,35.54569],[139.75166,35.5458],[139.75194,35.5461],[139.75199,35.54634],[139.75199,35.54681],[139.75294,35.54625],[139.75367,35.54601],[139.7546,35.54585],[139.75711,35.5456],[139.75871,35.54537],[139.75952,35.54518],[139.76102,35.54465],[139.7617,35.54455],[139.76236,35.54436],[139.76378,35.54381],[139.76496,35.54327],[139.76527,35.54309],[139.76552,35.54284],[139.76597,35.54272],[139.76605,35.54262],[139.76607,35.54246],[139.76619,35.54236],[139.76683,35.54225],[139.76748,35.54186],[139.76798,35.54163],[139.76976,35.54116],[139.77041,35.54073],[139.77255,35.53994],[139.773,35.53971],[139.77336,35.53942],[139.77385,35.53919],[139.77702,35.53789],[139.77739,35.53769],[139.77762,35.53746],[139.77782,35.53733],[139.77821,35.53722],[139.77848,35.53723],[139.77871,35.53734],[139.77888,35.53753],[139.77893,35.53778],[139.77884,35.53844],[139.77889,35.53866],[139.77909,35.5391],[139.77908,35.53927],[139.77883,35.53945],[139.77839,35.53958],[139.77829,35.53966],[139.77822,35.53991],[139.7783,35.54028],[139.77875,35.54123],[139.7789,35.54187],[139.77886,35.54241],[139.77863,35.54289],[139.77837,35.5432],[139.77802,35.54349],[139.77736,35.54386],[139.77658,35.54407],[139.77538,35.54417],[139.77508,35.54426],[139.77449,35.54458],[139.7742,35.54481],[139.77364,35.5454],[139.77336,35.54577],[139.77299,35.54644],[139.7729,35.54674],[139.77289,35.54728],[139.77312,35.54774],[139.77351,35.54815],[139.77379,35.5486],[139.77397,35.54908],[139.77405,35.54962],[139.77403,35.55017],[139.77383,35.55088],[139.77344,35.55148],[139.77307,35.5518],[139.7726,35.55205],[139.77169,35.55229],[139.77096,35.55236],[139.77011,35.55229],[139.76964,35.55219],[139.76861,35.55187],[139.76578,35.55058],[139.76497,35.55028],[139.76439,35.55016],[139.76419,35.55017],[139.76376,35.55032],[139.7633,35.55041],[139.76279,35.55043],[139.76228,35.55038],[139.76176,35.55028],[139.76112,35.55006],[139.76081,35.54989],[139.76053,35.54959],[139.7603,35.54952],[139.76016,35.54954],[139.76002,35.54963],[139.75939,35.55056],[139.75914,35.55081],[139.75866,35.55116],[139.7584,35.55144],[139.75827,35.55178],[139.75826,35.5522],[139.75836,35.55269],[139.75865,35.5533],[139.75905,35.5537],[139.75987,35.55405],[139.76032,35.55432],[139.76107,35.55499],[139.76139,35.55544],[139.76155,35.55582],[139.76163,35.55626],[139.76161,35.55677],[139.76148,35.55714],[139.76125,35.55755],[139.76091,35.55798],[139.76049,35.5584],[139.76006,35.55873],[139.7596,35.55896],[139.75868,35.55919],[139.75835,35.55949],[139.75823,35.55972],[139.75808,35.56032],[139.75802,35.56181],[139.75796,35.56231],[139.75786,35.56261],[139.75755,35.56287],[139.75728,35.56344],[139.75718,35.56357],[139.75859,35.56437],[139.76102,35.56316],[139.7631,35.5607],[139.76373,35.56046],[139.77069,35.56846],[139.771,35.56897],[139.78544,35.57056],[139.78597,35.5698],[139.7861,35.56979],[139.78647,35.56999],[139.78653,35.56991],[139.78622,35.56974],[139.78633,35.56911],[139.78741,35.56758],[139.78755,35.56756],[139.78799,35.56776],[139.78802,35.56771],[139.78776,35.56753],[139.788,35.56675],[139.78921,35.56506],[139.78972,35.56524],[139.78975,35.56518],[139.78957,35.5651],[139.78956,35.56502],[139.7898,35.56432],[139.79084,35.56293],[139.7912,35.56282],[139.79146,35.56295],[139.79149,35.5629],[139.79136,35.56284],[139.79139,35.56266],[139.79228,35.56091],[139.79256,35.56052],[139.79273,35.56043],[139.79303,35.56056],[139.79307,35.56049],[139.79285,35.56039],[139.79302,35.55996],[139.79428,35.55809],[139.7947,35.55823],[139.79474,35.55816],[139.79454,35.55807],[139.7946,35.55786],[139.79498,35.55711],[139.79584,35.55585],[139.79608,35.55576],[139.7964,35.5559],[139.79644,35.55584],[139.79615,35.55571],[139.79625,35.55527],[139.7976,35.55336],[139.79802,35.55354],[139.79807,35.55347],[139.79779,35.55334],[139.79792,35.55291],[139.79922,35.55112],[139.79939,35.55108],[139.79963,35.55119],[139.79967,35.55112],[139.79943,35.551],[139.79944,35.5508],[139.80075,35.54894],[139.80107,35.54875],[139.80133,35.54888],[139.80138,35.54882],[139.80111,35.54867],[139.80126,35.5483],[139.80396,35.54603],[139.80783,35.54059],[139.80816,35.5406],[139.8085,35.54027],[139.80918,35.53902],[139.80915,35.53873],[139.80898,35.53849],[139.80768,35.5378],[139.80732,35.53765],[139.807,35.5377],[139.80624,35.53752],[139.80362,35.53628],[139.80358,35.53635],[139.80312,35.53613],[139.80323,35.53597],[139.80097,35.53491],[139.80088,35.53488],[139.80077,35.53502],[139.80034,35.53481],[139.80034,35.53473],[139.7949,35.53213],[139.78762,35.53431],[139.7877,35.53444],[139.78654,35.5358],[139.78522,35.53516],[139.78442,35.53538],[139.78196,35.53883],[139.78152,35.5385],[139.77879,35.537],[139.7765,35.53447],[139.76808,35.53934],[139.76585,35.54025],[139.76191,35.54202],[139.75685,35.5445],[139.75649,35.54455],[139.75398,35.54445],[139.75008,35.54458],[139.74932,35.54449],[139.74787,35.54398],[139.74678,35.54383],[139.74475,35.544],[139.7434,35.54435],[139.74263,35.54464],[139.74343,35.5447],[139.7473,35.54464]],[[139.78243,35.54651],[139.78279,35.54628],[139.78294,35.54609],[139.78321,35.54554],[139.78388,35.54486],[139.78406,35.54452],[139.78406,35.5443],[139.78379,35.54369],[139.7837,35.54309],[139.78376,35.54249],[139.78383,35.54228],[139.78405,35.54201],[139.78404,35.54186],[139.7838,35.54159],[139.78318,35.54111],[139.78281,35.54065],[139.78264,35.54028],[139.78254,35.53991],[139.78255,35.53976],[139.78268,35.53954],[139.78297,35.53942],[139.78412,35.53933],[139.78432,35.53925],[139.78447,35.5391],[139.78467,35.53904],[139.78516,35.53903],[139.78602,35.5391],[139.78644,35.53906],[139.78679,35.53879],[139.7871,35.53866],[139.78881,35.53811],[139.78909,35.53791],[139.78906,35.53763],[139.78914,35.53739],[139.78943,35.5369],[139.78973,35.53652],[139.79033,35.53606],[139.79113,35.53572],[139.79205,35.53551],[139.79264,35.53544],[139.79322,35.53543],[139.79402,35.53552],[139.79462,35.53576],[139.79476,35.53588],[139.79498,35.53616],[139.79512,35.53669],[139.79507,35.53728],[139.79476,35.53815],[139.79477,35.53853],[139.79484,35.5387],[139.79511,35.53899],[139.79594,35.53946],[139.7963,35.53979],[139.79639,35.54002],[139.79652,35.54069],[139.79693,35.54161],[139.79703,35.54198],[139.79702,35.54252],[139.79683,35.54302],[139.79663,35.54336],[139.79629,35.54364],[139.79617,35.54386],[139.79591,35.54521],[139.79577,35.54565],[139.79559,35.54599],[139.79511,35.5464],[139.79501,35.54657],[139.79511,35.54682],[139.79571,35.54727],[139.79614,35.54779],[139.79626,35.54805],[139.79636,35.54852],[139.79636,35.54927],[139.79625,35.54967],[139.79606,35.55006],[139.79561,35.55065],[139.79525,35.55098],[139.79488,35.55123],[139.79448,35.55139],[139.79371,35.55154],[139.7933,35.55166],[139.79304,35.55182],[139.79283,35.55207],[139.79228,35.55318],[139.79214,35.55336],[139.79194,35.5535],[139.79184,35.55365],[139.79178,35.55411],[139.79187,35.55513],[139.79181,35.55585],[139.79161,35.55644],[139.79127,35.55692],[139.7907,35.5574],[139.78999,35.55772],[139.78937,35.55784],[139.78828,35.5579],[139.78792,35.55798],[139.78766,35.55839],[139.78709,35.55879],[139.78679,35.55908],[139.78648,35.55972],[139.78618,35.56011],[139.78577,35.56044],[139.78527,35.56072],[139.7847,35.56092],[139.78418,35.56101],[139.7834,35.56103],[139.78271,35.56095],[139.78249,35.56085],[139.78237,35.56067],[139.7821,35.55959],[139.78193,35.55928],[139.78181,35.55917],[139.7815,35.55903],[139.78092,35.55898],[139.7805,35.55882],[139.78032,35.55863],[139.78008,35.55803],[139.77993,35.55787],[139.77954,35.55767],[139.77933,35.55737],[139.77892,35.55617],[139.77869,35.55497],[139.77866,35.5543],[139.77882,35.55348],[139.77921,35.55242],[139.7793,35.55153],[139.77939,35.5512],[139.77955,35.55086],[139.78003,35.55017],[139.78024,35.54978],[139.78046,35.54912],[139.78064,35.54817],[139.78094,35.54747],[139.78113,35.54723],[139.7815,35.54693],[139.78194,35.5467],[139.78243,35.54651]]],[[[139.75824,35.57017],[139.75837,35.57028],[139.75867,35.57024],[139.75917,35.57001],[139.75943,35.57005],[139.75975,35.57062],[139.75987,35.57069],[139.76013,35.57074],[139.76023,35.57081],[139.76058,35.57134],[139.76145,35.57202],[139.7616,35.57227],[139.76161,35.57252],[139.76143,35.57286],[139.76095,35.57325],[139.76064,35.57338],[139.76024,35.57342],[139.76004,35.57348],[139.75991,35.57381],[139.75978,35.57393],[139.75942,35.57403],[139.75895,35.57396],[139.75878,35.57401],[139.75862,35.57435],[139.75861,35.57446],[139.76158,35.57445],[139.76158,35.57482],[139.7616,35.57464],[139.76167,35.57464],[139.76166,35.57491],[139.76174,35.57491],[139.76173,35.57445],[139.76308,35.57445],[139.76308,35.57454],[139.76311,35.57447],[139.76328,35.57447],[139.76332,35.57468],[139.76343,35.57468],[139.76343,35.57451],[139.76353,35.57451],[139.76353,35.57482],[139.76361,35.57482],[139.76361,35.57444],[139.7638,35.57444],[139.76381,35.57473],[139.76391,35.57472],[139.76391,35.5746],[139.76414,35.5746],[139.76415,35.57515],[139.76424,35.57515],[139.76423,35.57491],[139.76456,35.57491],[139.76456,35.57509],[139.76533,35.57509],[139.76518,35.57504],[139.76519,35.57491],[139.76533,35.57491],[139.76533,35.57505],[139.76543,35.5751],[139.76643,35.57509],[139.76643,35.5749],[139.77353,35.57492],[139.77379,35.57458],[139.77371,35.57432],[139.77246,35.57276],[139.77223,35.57261],[139.77234,35.5728],[139.77217,35.57279],[139.76561,35.5649],[139.75848,35.56844],[139.75795,35.56965],[139.75811,35.56987],[139.75824,35.57017]]],[[[139.75484,35.57803],[139.7553,35.57812],[139.75638,35.57817],[139.75661,35.57823],[139.75693,35.57842],[139.75707,35.57873],[139.75701,35.57952],[139.75707,35.57986],[139.75717,35.57994],[139.75736,35.57999],[139.75747,35.58009],[139.75768,35.58056],[139.7579,35.58083],[139.75848,35.58117],[139.75863,35.58135],[139.75867,35.58159],[139.75861,35.58189],[139.7584,35.58233],[139.7582,35.58259],[139.75806,35.58265],[139.75787,35.58263],[139.75771,35.58254],[139.75755,35.58235],[139.75737,35.58231],[139.75711,35.58239],[139.75683,35.58261],[139.75668,35.58282],[139.75652,35.58324],[139.75649,35.58341],[139.75656,35.58369],[139.75683,35.58391],[139.75728,35.58405],[139.75792,35.58413],[139.75853,35.58413],[139.75926,35.58401],[139.75961,35.58383],[139.75999,35.58357],[139.76024,35.58353],[139.76061,35.58397],[139.76126,35.58428],[139.76133,35.58448],[139.7612,35.58467],[139.76063,35.58493],[139.76054,35.58505],[139.76051,35.58528],[139.76031,35.58557],[139.75915,35.5866],[139.75771,35.5877],[139.75658,35.58844],[139.75607,35.58868],[139.75552,35.58876],[139.75536,35.58884],[139.75528,35.58895],[139.75521,35.58932],[139.75513,35.58943],[139.75495,35.58953],[139.7548,35.58956],[139.75454,35.58952],[139.75415,35.58932],[139.75392,35.58899],[139.75385,35.58856],[139.75358,35.58822],[139.75316,35.58796],[139.75195,35.58738],[139.7519,35.58797],[139.75177,35.58812],[139.75158,35.58822],[139.75149,35.5884],[139.75155,35.58879],[139.75167,35.58897],[139.75198,35.58914],[139.7526,35.58919],[139.75297,35.58932],[139.75312,35.58948],[139.75332,35.58988],[139.75347,35.59003],[139.75369,35.59014],[139.75422,35.59031],[139.7545,35.59046],[139.75491,35.5908],[139.75517,35.59112],[139.75543,35.59186],[139.75552,35.59253],[139.75558,35.594],[139.75563,35.59425],[139.75579,35.59455],[139.75589,35.59462],[139.75601,35.59462],[139.75628,35.5945],[139.75671,35.59423],[139.75715,35.5938],[139.75729,35.59372],[139.7575,35.59369],[139.75769,35.59376],[139.75776,35.59399],[139.75784,35.59405],[139.75862,35.59401],[139.75898,35.59414],[139.75931,35.59442],[139.75949,35.59478],[139.7595,35.59504],[139.75943,35.59531],[139.75907,35.59587],[139.75834,35.59658],[139.75798,35.59674],[139.7578,35.59677],[139.75741,35.5967],[139.75701,35.59648],[139.75615,35.59584],[139.75584,35.59572],[139.75571,35.59577],[139.75558,35.59628],[139.75551,35.59815],[139.7554,35.59913],[139.75522,35.5996],[139.7547,35.60022],[139.75449,35.60065],[139.75428,35.60079],[139.75398,35.60087],[139.75279,35.60096],[139.75258,35.60106],[139.75249,35.60128],[139.75257,35.60139],[139.75275,35.60144],[139.75362,35.60128],[139.75416,35.60127],[139.75463,35.60142],[139.75489,35.60163],[139.75514,35.60227],[139.75523,35.6029],[139.75527,35.60408],[139.75532,35.60442],[139.7555,35.60497],[139.75579,35.60535],[139.75597,35.60548],[139.75679,35.60587],[139.75696,35.606],[139.75708,35.60618],[139.75711,35.60641],[139.75705,35.6067],[139.75694,35.60702],[139.75672,35.60734],[139.75635,35.60759],[139.75555,35.60773],[139.75536,35.60791],[139.75528,35.60829],[139.75524,35.60929],[139.75526,35.60991],[139.75534,35.61029],[139.75541,35.61039],[139.7555,35.61042],[139.7556,35.6104],[139.75599,35.61003],[139.75642,35.60927],[139.75673,35.60832],[139.75698,35.60778],[139.75726,35.60746],[139.7576,35.60733],[139.75801,35.60729],[139.7585,35.60734],[139.75864,35.6074],[139.75884,35.60759],[139.75889,35.60773],[139.75888,35.60819],[139.75855,35.60947],[139.75917,35.60985],[139.7593,35.61002],[139.75937,35.61021],[139.75937,35.61054],[139.75925,35.61099],[139.75907,35.61132],[139.75883,35.61158],[139.75856,35.6117],[139.75826,35.61173],[139.75808,35.6118],[139.75783,35.61201],[139.75754,35.6124],[139.75728,35.61252],[139.75698,35.61249],[139.75672,35.61237],[139.75632,35.61189],[139.75607,35.61182],[139.75571,35.6118],[139.75526,35.61184],[139.75505,35.61193],[139.75489,35.61208],[139.75476,35.61229],[139.75468,35.61255],[139.75462,35.61327],[139.75472,35.61422],[139.75496,35.61505],[139.75513,35.61536],[139.75534,35.61562],[139.75558,35.61581],[139.75585,35.61594],[139.75617,35.616],[139.75736,35.61606],[139.75795,35.61622],[139.75818,35.61638],[139.75842,35.61661],[139.75865,35.61712],[139.75866,35.61713],[139.76028,35.6158],[139.75978,35.6154],[139.75989,35.61518],[139.76014,35.61536],[139.76047,35.61505],[139.76025,35.61486],[139.76052,35.61475],[139.76096,35.61509],[139.76146,35.61456],[139.76195,35.61465],[139.76388,35.60892],[139.76348,35.60872],[139.77321,35.59568],[139.77288,35.59551],[139.77678,35.59029],[139.77377,35.58752],[139.77361,35.58764],[139.77321,35.58728],[139.77289,35.58752],[139.76906,35.58401],[139.77289,35.58747],[139.77324,35.58722],[139.77318,35.58687],[139.77356,35.58652],[139.77549,35.58518],[139.77589,35.58565],[139.77601,35.58563],[139.77603,35.58556],[139.77557,35.58512],[139.77607,35.58557],[139.77616,35.58558],[139.77611,35.58562],[139.77634,35.58583],[139.77716,35.58523],[139.77783,35.58584],[139.77744,35.58616],[139.77786,35.58587],[139.77853,35.58648],[139.77771,35.58708],[139.7778,35.58716],[139.78142,35.58454],[139.78162,35.58459],[139.78177,35.58448],[139.78402,35.58605],[139.78408,35.58599],[139.78183,35.58443],[139.78255,35.58371],[139.7829,35.58403],[139.78334,35.58372],[139.78303,35.58344],[139.78704,35.58046],[139.78696,35.58038],[139.78741,35.58006],[139.78727,35.57902],[139.78733,35.57969],[139.78695,35.57976],[139.7866,35.57965],[139.78614,35.57928],[139.78497,35.57763],[139.78495,35.57743],[139.78512,35.57742],[139.78514,35.57725],[139.78408,35.57716],[139.78377,35.57719],[139.78366,35.57735],[139.78342,35.57706],[139.77586,35.57712],[139.77586,35.57701],[139.77409,35.57702],[139.77409,35.57712],[139.76667,35.57714],[139.76665,35.57816],[139.76641,35.57828],[139.76653,35.57854],[139.76689,35.57881],[139.76776,35.57881],[139.76787,35.57872],[139.77041,35.58106],[139.76937,35.58016],[139.76912,35.5801],[139.76906,35.58025],[139.76862,35.58065],[139.7678,35.58122],[139.76773,35.58133],[139.76781,35.58152],[139.76746,35.58139],[139.76532,35.57943],[139.76511,35.57957],[139.76505,35.57952],[139.76529,35.57939],[139.76528,35.57932],[139.76481,35.57881],[139.76441,35.57856],[139.76432,35.5783],[139.76403,35.57802],[139.76403,35.5781],[139.76378,35.5781],[139.76383,35.57802],[139.76378,35.57795],[139.76349,35.57798],[139.76248,35.57716],[139.75678,35.57717],[139.75673,35.57707],[139.75587,35.57707],[139.75561,35.5773],[139.75545,35.57728],[139.7552,35.57745],[139.75529,35.57753],[139.75509,35.57767],[139.75501,35.57758],[139.75468,35.5778],[139.75472,35.57794],[139.75484,35.57803]]],[[[139.7195,35.58038],[139.71965,35.58025],[139.71992,35.57966],[139.72008,35.57945],[139.72027,35.57934],[139.72063,35.57927],[139.72218,35.57923],[139.7225,35.57917],[139.72226,35.57899],[139.72217,35.57872],[139.72222,35.57828],[139.72251,35.57709],[139.72243,35.57661],[139.72233,35.57635],[139.72176,35.57555],[139.72099,35.5748],[139.72037,35.57433],[139.7197,35.57405],[139.7196,35.57375],[139.71977,35.57315],[139.71978,35.57292],[139.71969,35.57277],[139.71949,35.5727],[139.71911,35.57273],[139.71893,35.57281],[139.71879,35.57292],[139.71866,35.57315],[139.71848,35.57325],[139.71805,35.57329],[139.71732,35.57324],[139.71709,35.57328],[139.71696,35.57338],[139.71688,35.57372],[139.71669,35.57383],[139.71631,35.57372],[139.71582,35.57337],[139.71551,35.57321],[139.7152,35.57315],[139.71488,35.57319],[139.71483,35.5733],[139.71492,35.57345],[139.71507,35.57356],[139.71543,35.57365],[139.71555,35.57397],[139.71554,35.57436],[139.71548,35.57457],[139.71536,35.57473],[139.71501,35.5749],[139.71491,35.57502],[139.71489,35.57521],[139.71508,35.57571],[139.7151,35.57597],[139.715,35.57606],[139.71472,35.57609],[139.71453,35.57618],[139.71441,35.57655],[139.71406,35.57683],[139.71253,35.57747],[139.71215,35.57768],[139.71191,35.57786],[139.71179,35.57813],[139.71183,35.57861],[139.71207,35.57924],[139.71234,35.57962],[139.7126,35.5797],[139.71268,35.57979],[139.71263,35.58044],[139.71274,35.58061],[139.71298,35.5807],[139.71381,35.58067],[139.71426,35.58075],[139.71441,35.58089],[139.71449,35.58135],[139.71457,35.58145],[139.71468,35.58149],[139.71493,35.58145],[139.71519,35.58119],[139.71537,35.58111],[139.71574,35.58116],[139.71602,35.58135],[139.71617,35.58188],[139.71637,35.58208],[139.71679,35.58236],[139.71692,35.58259],[139.71687,35.58277],[139.71655,35.58286],[139.71642,35.58305],[139.71637,35.5836],[139.71643,35.58391],[139.71669,35.58429],[139.71714,35.58457],[139.71748,35.58465],[139.71764,35.58464],[139.71794,35.58452],[139.71883,35.58365],[139.71925,35.58347],[139.71925,35.58326],[139.71903,35.58273],[139.71891,35.58222],[139.71885,35.5816],[139.71889,35.581],[139.71905,35.58062],[139.71922,35.58049],[139.7195,35.58038]]],[[[139.7151,35.76919],[139.71539,35.769],[139.71609,35.76876],[139.71619,35.76863],[139.71618,35.76846],[139.71586,35.76799],[139.71565,35.76786],[139.71536,35.7678],[139.71522,35.76747],[139.71478,35.76733],[139.71444,35.7669],[139.71413,35.76686],[139.71366,35.76697],[139.71341,35.76712],[139.71328,35.7673],[139.71326,35.76753],[139.71347,35.76819],[139.71342,35.76828],[139.71311,35.76837],[139.71307,35.76861],[139.71333,35.76903],[139.71373,35.76944],[139.71404,35.76961],[139.71445,35.76964],[139.71481,35.76949],[139.7151,35.76919]]],[[[139.752,35.5564],[139.75171,35.55663],[139.75159,35.55693],[139.75153,35.5574],[139.75158,35.55838],[139.75155,35.55896],[139.75138,35.55935],[139.75124,35.55947],[139.75107,35.55954],[139.75086,35.55956],[139.75017,35.55951],[139.74978,35.55952],[139.74879,35.55977],[139.74859,35.55976],[139.74822,35.5596],[139.74801,35.55977],[139.74773,35.56034],[139.74755,35.56057],[139.74733,35.56072],[139.74708,35.56078],[139.7467,35.56074],[139.74648,35.56064],[139.7463,35.56049],[139.74595,35.56002],[139.74567,35.55988],[139.74546,35.55993],[139.74533,35.56006],[139.74505,35.56051],[139.74475,35.56063],[139.74345,35.56079],[139.74245,35.56083],[139.73903,35.56082],[139.72936,35.56054],[139.73161,35.56083],[139.73322,35.56095],[139.74132,35.5612],[139.74288,35.56128],[139.74339,35.56133],[139.74386,35.56143],[139.74364,35.56164],[139.74321,35.56174],[139.7429,35.56219],[139.74269,35.56227],[139.74241,35.56223],[139.74217,35.56212],[139.74225,35.56181],[139.74217,35.56165],[139.74207,35.56161],[139.74184,35.56207],[139.74169,35.56226],[139.74132,35.56249],[139.74082,35.56265],[139.74045,35.56267],[139.74007,35.56263],[139.73913,35.56231],[139.73882,35.56227],[139.73874,35.56233],[139.7387,35.56247],[139.73861,35.56254],[139.73807,35.56261],[139.73841,35.56285],[139.73846,35.56326],[139.73916,35.56368],[139.73928,35.56385],[139.73931,35.56401],[139.73942,35.56411],[139.73974,35.56422],[139.74033,35.56435],[139.74049,35.56443],[139.74055,35.56453],[139.74052,35.56473],[139.74073,35.56481],[139.74117,35.56483],[139.74158,35.56479],[139.74177,35.56473],[139.74198,35.56454],[139.74216,35.56448],[139.74242,35.56446],[139.74347,35.56453],[139.74377,35.56446],[139.7439,35.56431],[139.74408,35.56424],[139.74455,35.5643],[139.74475,35.56429],[139.74506,35.56416],[139.74561,35.56382],[139.74611,35.56371],[139.74637,35.56373],[139.74663,35.56385],[139.74672,35.56405],[139.74673,35.56461],[139.74707,35.56464],[139.74717,35.56474],[139.74719,35.56506],[139.74711,35.56552],[139.74716,35.56584],[139.74728,35.56594],[139.74756,35.56599],[139.74771,35.56609],[139.74782,35.56641],[139.74791,35.56713],[139.74803,35.56731],[139.7483,35.56745],[139.74839,35.56755],[139.74833,35.56773],[139.74811,35.56798],[139.74735,35.56859],[139.74672,35.56896],[139.74618,35.56912],[139.74615,35.56942],[139.74602,35.56963],[139.74545,35.57016],[139.74486,35.57061],[139.7445,35.57079],[139.74413,35.5709],[139.74342,35.57092],[139.74374,35.57136],[139.74375,35.5716],[139.74362,35.57183],[139.74304,35.57237],[139.7428,35.57267],[139.74265,35.57299],[139.74259,35.57331],[139.74267,35.57398],[139.74277,35.57413],[139.74305,35.57431],[139.74314,35.57455],[139.74301,35.5747],[139.74279,35.57479],[139.74176,35.57498],[139.74287,35.57565],[139.74327,35.57579],[139.74386,35.57588],[139.74442,35.57585],[139.74468,35.57577],[139.74486,35.57566],[139.74513,35.57529],[139.74543,35.57514],[139.74586,35.57507],[139.74628,35.57512],[139.74715,35.57535],[139.74889,35.57593],[139.74945,35.57606],[139.74992,35.57609],[139.75028,35.57544],[139.75042,35.57533],[139.75025,35.57534],[139.74971,35.57531],[139.7487,35.57513],[139.74689,35.57461],[139.74609,35.57423],[139.7458,35.57391],[139.7456,35.57336],[139.74547,35.57258],[139.74535,35.5713],[139.74543,35.57109],[139.74558,35.57091],[139.74612,35.57042],[139.74913,35.56815],[139.74976,35.56762],[139.75006,35.5673],[139.75008,35.56722],[139.74991,35.56713],[139.74986,35.56705],[139.74989,35.5669],[139.74992,35.56686],[139.74978,35.56663],[139.75133,35.56503],[139.75143,35.5651],[139.75296,35.56338],[139.75267,35.56321],[139.7534,35.56225],[139.75402,35.56204],[139.75408,35.56164],[139.75404,35.56118],[139.75391,35.56062],[139.75345,35.55914],[139.75328,35.55796],[139.75319,35.55554],[139.75328,35.55174],[139.75323,35.55009],[139.75313,35.54965],[139.75295,35.54948],[139.75287,35.54922],[139.75279,35.54796],[139.75273,35.54765],[139.75261,35.54744],[139.75227,35.54727],[139.75245,35.54805],[139.75236,35.54823],[139.75204,35.54844],[139.75199,35.54865],[139.75212,35.54894],[139.75255,35.54952],[139.75274,35.55036],[139.75281,35.55172],[139.75276,35.55374],[139.75263,35.55485],[139.75243,35.55562],[139.75218,35.55616],[139.752,35.5564]]],[[[139.74061,35.59011],[139.74046,35.5906],[139.7405,35.59087],[139.7406,35.59088],[139.74083,35.59074],[139.74093,35.59045],[139.74102,35.59037],[139.74128,35.59031],[139.74167,35.59031],[139.74222,35.59051],[139.74319,35.59115],[139.7436,35.5913],[139.74385,35.59133],[139.74397,35.59124],[139.74399,35.59116],[139.74393,35.59091],[139.7437,35.59038],[139.74373,35.59016],[139.74382,35.5901],[139.74413,35.5901],[139.74518,35.59037],[139.7462,35.59052],[139.74639,35.59051],[139.7467,35.58981],[139.74591,35.58957],[139.7439,35.58909],[139.74235,35.58862],[139.74034,35.58788],[139.73963,35.58755],[139.73918,35.58728],[139.73899,35.58707],[139.73901,35.58692],[139.73912,35.58682],[139.73944,35.58678],[139.74003,35.58683],[139.74019,35.58679],[139.74025,35.58669],[139.74016,35.58646],[139.74003,35.58635],[139.73984,35.58627],[139.73936,35.58622],[139.73921,35.58609],[139.73919,35.58572],[139.7394,35.58498],[139.73944,35.58432],[139.73939,35.58403],[139.73927,35.5838],[139.73896,35.58359],[139.73866,35.58354],[139.7382,35.58356],[139.73789,35.58364],[139.73773,35.58379],[139.73764,35.58426],[139.73756,35.58582],[139.73743,35.58643],[139.7373,35.58677],[139.73711,35.58735],[139.73705,35.58766],[139.73711,35.58796],[139.73723,35.58811],[139.73785,35.5883],[139.74036,35.58883],[139.74109,35.58913],[139.74131,35.58934],[139.74136,35.58964],[139.74131,35.58976],[139.74119,35.58983],[139.74082,35.5899],[139.74061,35.59011]]],[[[139.74308,35.60221],[139.74311,35.6024],[139.74334,35.60254],[139.74388,35.60263],[139.7459,35.6027],[139.74695,35.60278],[139.74774,35.60298],[139.74803,35.60312],[139.74827,35.60329],[139.74843,35.60349],[139.74891,35.60437],[139.74907,35.60455],[139.74944,35.60482],[139.74992,35.60549],[139.7502,35.60623],[139.75029,35.60729],[139.75045,35.60771],[139.75053,35.60778],[139.75049,35.60738],[139.75081,35.6073],[139.75073,35.60649],[139.7505,35.60582],[139.74845,35.60278],[139.74829,35.60272],[139.74772,35.60272],[139.74768,35.60234],[139.74749,35.6023],[139.74688,35.60225],[139.74564,35.60222],[139.74511,35.60217],[139.74425,35.602],[139.74365,35.60173],[139.74345,35.60155],[139.74319,35.60113],[139.74285,35.60029],[139.74267,35.59958],[139.74234,35.59777],[139.74216,35.59709],[139.74203,35.59694],[139.74191,35.59688],[139.74154,35.59683],[139.74136,35.59688],[139.74135,35.59694],[139.74165,35.59726],[139.74173,35.59754],[139.74165,35.59769],[139.74137,35.59777],[139.74129,35.59793],[139.74128,35.5984],[139.74139,35.59913],[139.74157,35.59966],[139.74183,35.6002],[139.74285,35.60173],[139.74308,35.60221]]],[[[139.7535,35.67805],[139.75314,35.67801],[139.75212,35.67768],[139.75129,35.6776],[139.75065,35.67761],[139.74998,35.6777],[139.74937,35.67789],[139.7491,35.67803],[139.7486,35.6784],[139.74779,35.67929],[139.74746,35.67958],[139.74719,35.67973],[139.7466,35.67984],[139.74637,35.67996],[139.74622,35.68011],[139.74561,35.68102],[139.74489,35.68237],[139.74467,35.68299],[139.7447,35.68321],[139.74476,35.68331],[139.74498,35.68337],[139.74516,35.68331],[139.74551,35.6828],[139.74596,35.6826],[139.74622,35.68222],[139.74663,35.68133],[139.74698,35.68086],[139.74723,35.6807],[139.74773,35.68065],[139.74794,35.68056],[139.74808,35.68024],[139.74844,35.67982],[139.74931,35.679],[139.74992,35.67855],[139.75041,35.67832],[139.75086,35.67827],[139.75101,35.67834],[139.75105,35.67849],[139.75113,35.67855],[139.75207,35.67849],[139.75248,35.67857],[139.75276,35.67867],[139.75312,35.67873],[139.75332,35.67869],[139.75364,35.67841],[139.75404,35.67819],[139.7551,35.67788],[139.75559,35.67768],[139.75579,35.67753],[139.75588,35.6773],[139.75575,35.67724],[139.75547,35.67726],[139.75476,35.67745],[139.75396,35.67775],[139.7535,35.67805]]],[[[139.75298,35.68278],[139.75212,35.68199],[139.75174,35.68149],[139.75161,35.68115],[139.75155,35.68048],[139.75145,35.68002],[139.75127,35.67959],[139.75109,35.67942],[139.75095,35.67963],[139.75082,35.68017],[139.75067,35.68053],[139.7503,35.68101],[139.74997,35.6813],[139.74948,35.68164],[139.74903,35.68185],[139.7485,35.68201],[139.74819,35.68222],[139.74802,35.68241],[139.74785,35.6828],[139.74781,35.68315],[139.74783,35.68381],[139.74792,35.6843],[139.74818,35.6849],[139.74843,35.68521],[139.74876,35.68546],[139.74923,35.68569],[139.74962,35.68576],[139.74994,35.68571],[139.75029,35.68572],[139.75115,35.68597],[139.75131,35.68595],[139.7515,35.68579],[139.75164,35.68578],[139.75182,35.68586],[139.75258,35.68637],[139.75293,35.68644],[139.75315,35.6864],[139.75322,35.68631],[139.75313,35.68618],[139.75204,35.68557],[139.7518,35.68535],[139.7517,35.68512],[139.75173,35.6849],[139.75194,35.68456],[139.7523,35.68422],[139.75302,35.68368],[139.75321,35.68339],[139.75324,35.68322],[139.75316,35.68302],[139.75298,35.68278]]],[[[139.74723,35.69124],[139.74716,35.69156],[139.74724,35.6917],[139.74752,35.6919],[139.74762,35.69213],[139.74772,35.6936],[139.74792,35.69422],[139.74815,35.69445],[139.7483,35.69451],[139.74876,35.69457],[139.74895,35.69455],[139.74908,35.69444],[139.74904,35.69429],[139.74889,35.69421],[139.74852,35.69415],[139.74833,35.69384],[139.74827,35.69345],[139.7482,35.69222],[139.74812,35.69188],[139.74789,35.69147],[139.74784,35.69122],[139.74801,35.69088],[139.74832,35.69065],[139.74879,35.69045],[139.74937,35.69027],[139.74976,35.69007],[139.74991,35.68984],[139.74986,35.6895],[139.7496,35.68908],[139.74928,35.68884],[139.74861,35.68874],[139.74812,35.68848],[139.74784,35.6884],[139.74658,35.68833],[139.74608,35.68836],[139.74573,35.68843],[139.74553,35.68855],[139.7455,35.68871],[139.74561,35.68887],[139.74588,35.68901],[139.7474,35.68939],[139.74775,35.68955],[139.74794,35.68974],[139.74798,35.68996],[139.7479,35.6903],[139.74771,35.69064],[139.74723,35.69124]]],[[[139.74969,35.6413],[139.75013,35.64146],[139.75062,35.64171],[139.75085,35.64191],[139.751,35.64214],[139.75109,35.64276],[139.75122,35.6424],[139.7514,35.64219],[139.75171,35.64205],[139.75191,35.64202],[139.75274,35.64204],[139.75304,35.64212],[139.75332,35.64226],[139.75359,35.64246],[139.7541,35.64302],[139.75433,35.64339],[139.75541,35.64568],[139.75564,35.64606],[139.75592,35.64639],[139.75593,35.64656],[139.75586,35.64673],[139.75591,35.64693],[139.75639,35.64741],[139.75657,35.64768],[139.75657,35.64785],[139.75648,35.64795],[139.75622,35.64806],[139.75584,35.64816],[139.75558,35.64831],[139.75548,35.64852],[139.75553,35.64872],[139.75574,35.64876],[139.75657,35.64853],[139.75682,35.64855],[139.75701,35.64865],[139.75711,35.64882],[139.75715,35.64915],[139.75731,35.6495],[139.75814,35.65068],[139.75883,35.65206],[139.75917,35.65237],[139.75961,35.65253],[139.75987,35.65255],[139.76046,35.65248],[139.7612,35.65228],[139.76099,35.65187],[139.76098,35.65186],[139.7608,35.65187],[139.76026,35.65218],[139.75991,35.65227],[139.7597,35.65228],[139.75959,35.65224],[139.75934,35.65205],[139.7589,35.65147],[139.75841,35.6506],[139.75803,35.64976],[139.75788,35.64915],[139.75726,35.6483],[139.75715,35.64802],[139.75708,35.64761],[139.75675,35.64717],[139.75677,35.64703],[139.75686,35.64688],[139.75705,35.64672],[139.75736,35.64655],[139.75809,35.6463],[139.7593,35.64598],[139.75916,35.64563],[139.75861,35.64564],[139.75782,35.64582],[139.75683,35.64618],[139.75652,35.64623],[139.75634,35.64618],[139.75618,35.64567],[139.75556,35.64482],[139.75544,35.64428],[139.75535,35.64409],[139.75473,35.64324],[139.75455,35.64257],[139.75389,35.64162],[139.7534,35.64073],[139.75197,35.63749],[139.75175,35.63709],[139.75144,35.63671],[139.75135,35.63633],[139.7514,35.63597],[139.75153,35.63584],[139.75175,35.6358],[139.75215,35.63558],[139.7529,35.63503],[139.75263,35.63442],[139.75259,35.63398],[139.75266,35.63392],[139.75258,35.63393],[139.75252,35.63277],[139.75242,35.63224],[139.75226,35.63225],[139.75191,35.63237],[139.75177,35.63247],[139.75157,35.63274],[139.75129,35.63369],[139.75118,35.63385],[139.75093,35.63399],[139.75083,35.63413],[139.7508,35.63447],[139.75166,35.63448],[139.75196,35.63454],[139.75216,35.6347],[139.75215,35.63493],[139.75202,35.63504],[139.75176,35.63512],[139.75052,35.63515],[139.75025,35.63537],[139.7492,35.63562],[139.74877,35.63556],[139.74862,35.63547],[139.74834,35.63515],[139.74782,35.63403],[139.74751,35.63353],[139.74701,35.63289],[139.7467,35.6322],[139.74656,35.63175],[139.74645,35.63103],[139.74627,35.62885],[139.74621,35.62637],[139.7463,35.6251],[139.74643,35.62454],[139.74666,35.62417],[139.74701,35.62399],[139.74723,35.62396],[139.74776,35.62405],[139.74882,35.62448],[139.74917,35.62467],[139.74954,35.62501],[139.74983,35.62517],[139.75027,35.62523],[139.75023,35.62456],[139.75051,35.62459],[139.75024,35.62433],[139.74983,35.62414],[139.74926,35.62406],[139.74873,35.62366],[139.74792,35.62342],[139.7477,35.62329],[139.74749,35.62305],[139.74703,35.62294],[139.74695,35.62272],[139.74721,35.62211],[139.74832,35.61999],[139.74849,35.61942],[139.74842,35.61908],[139.74847,35.61896],[139.7488,35.61888],[139.74891,35.61862],[139.7491,35.61852],[139.74949,35.61847],[139.74999,35.61848],[139.75101,35.61863],[139.75132,35.6188],[139.75138,35.619],[139.75147,35.61908],[139.75153,35.61909],[139.7515,35.61834],[139.75157,35.61834],[139.7515,35.61757],[139.75129,35.61808],[139.75098,35.61816],[139.75044,35.61812],[139.74992,35.61802],[139.74956,35.61788],[139.74931,35.61772],[139.74891,35.61761],[139.74723,35.61757],[139.74775,35.61773],[139.74793,35.61787],[139.74804,35.61816],[139.74802,35.6187],[139.74786,35.61908],[139.74725,35.61996],[139.74644,35.6218],[139.74601,35.62234],[139.74575,35.62255],[139.74514,35.62285],[139.74479,35.62295],[139.74376,35.62306],[139.74303,35.62302],[139.74272,35.6229],[139.7424,35.62267],[139.74204,35.6225],[139.74164,35.6224],[139.74151,35.62243],[139.7416,35.62257],[139.74212,35.62299],[139.74239,35.62319],[139.74296,35.62349],[139.74325,35.62359],[139.74384,35.6237],[139.74414,35.62371],[139.74476,35.62362],[139.74503,35.62371],[139.74526,35.62393],[139.74545,35.6243],[139.74561,35.62481],[139.7458,35.62625],[139.74587,35.63003],[139.74603,35.6318],[139.7462,35.63239],[139.74666,35.63307],[139.74743,35.6348],[139.74755,35.63517],[139.74762,35.63579],[139.74756,35.63603],[139.74746,35.63622],[139.74729,35.63637],[139.74707,35.63647],[139.74653,35.63659],[139.74582,35.63682],[139.74534,35.63705],[139.74445,35.63762],[139.74779,35.6368],[139.74854,35.63668],[139.74911,35.6367],[139.74924,35.63687],[139.74936,35.63754],[139.74941,35.63873],[139.74939,35.64007],[139.74933,35.64066],[139.74921,35.64103],[139.74909,35.64114],[139.74886,35.64123],[139.7494,35.64124],[139.74969,35.6413]],[[139.75316,35.64124],[139.75305,35.64148],[139.75281,35.64162],[139.75219,35.64169],[139.75178,35.64164],[139.75148,35.64154],[139.75128,35.64139],[139.75101,35.64083],[139.75053,35.64047],[139.75016,35.63997],[139.74996,35.63962],[139.74982,35.63923],[139.74969,35.63832],[139.74977,35.63749],[139.74989,35.63727],[139.75005,35.63718],[139.75025,35.63717],[139.75044,35.63707],[139.75051,35.63696],[139.75055,35.63667],[139.75061,35.6366],[139.75083,35.63663],[139.75104,35.63684],[139.7517,35.6383],[139.75237,35.63923],[139.75254,35.63989],[139.75289,35.64029],[139.75304,35.64063],[139.75316,35.64124]]],[[[139.75821,35.62744],[139.75756,35.62772],[139.75744,35.62786],[139.75738,35.6281],[139.75693,35.62824],[139.75685,35.62849],[139.75672,35.62865],[139.75543,35.62965],[139.75473,35.63042],[139.75437,35.63055],[139.75398,35.63053],[139.75401,35.63092],[139.75464,35.6323],[139.7547,35.6323],[139.75466,35.63235],[139.75524,35.63363],[139.75567,35.63361],[139.75567,35.63372],[139.75658,35.63372],[139.7566,35.63361],[139.75701,35.63361],[139.75692,35.63372],[139.75723,35.63373],[139.75716,35.63362],[139.75785,35.63362],[139.75795,35.63366],[139.75787,35.6338],[139.75801,35.6338],[139.75804,35.63362],[139.75923,35.63365],[139.75948,35.6267],[139.75887,35.62689],[139.75821,35.62744]]],[[[139.77759,35.65051],[139.77826,35.65059],[139.77874,35.65074],[139.77903,35.65071],[139.77933,35.65048],[139.77934,35.65047],[139.77279,35.64604],[139.76949,35.64927],[139.76982,35.64949],[139.76989,35.64941],[139.77041,35.64976],[139.77033,35.64984],[139.77247,35.65128],[139.77253,35.65124],[139.77285,35.6511],[139.77321,35.65103],[139.774,35.65108],[139.77454,35.65104],[139.77486,35.65094],[139.77549,35.65065],[139.77616,35.65052],[139.77672,35.65049],[139.77759,35.65051]]],[[[139.77535,35.65454],[139.77533,35.65526],[139.77518,35.65567],[139.77499,35.65587],[139.77435,35.65635],[139.77422,35.65666],[139.77403,35.6569],[139.77291,35.65775],[139.77268,35.65802],[139.77231,35.6586],[139.77266,35.65859],[139.77286,35.65849],[139.77308,35.65813],[139.77337,35.65781],[139.77464,35.65683],[139.77477,35.65667],[139.7749,35.65633],[139.77542,35.65584],[139.77598,35.65549],[139.77621,35.65545],[139.77638,35.6555],[139.77669,35.65571],[139.77754,35.65647],[139.77772,35.65656],[139.77797,35.6566],[139.77826,35.65674],[139.77951,35.65759],[139.77996,35.658],[139.78019,35.65835],[139.78022,35.6585],[139.78011,35.65877],[139.77959,35.65926],[139.77947,35.65959],[139.77936,35.65974],[139.77824,35.66062],[139.77813,35.66078],[139.77811,35.66108],[139.78021,35.65952],[139.78056,35.65916],[139.78067,35.6589],[139.78087,35.65883],[139.78116,35.65884],[139.78158,35.65904],[139.78226,35.65965],[139.78242,35.65972],[139.78264,35.65974],[139.78288,35.65987],[139.78364,35.66055],[139.78417,35.6607],[139.78455,35.66093],[139.78493,35.66132],[139.78509,35.66173],[139.78576,35.66222],[139.78631,35.66287],[139.78651,35.66292],[139.7868,35.66284],[139.7875,35.66244],[139.78698,35.66168],[139.78684,35.66158],[139.78656,35.66152],[139.78627,35.66136],[139.78531,35.66051],[139.78512,35.66042],[139.78482,35.66036],[139.78465,35.66],[139.7843,35.65991],[139.78391,35.65968],[139.78087,35.65748],[139.7802,35.65707],[139.7799,35.65699],[139.77957,35.65679],[139.77771,35.65535],[139.77684,35.65474],[139.77637,35.6545],[139.77563,35.65432],[139.77372,35.65277],[139.77275,35.65207],[139.77233,35.65188],[139.77232,35.65188],[139.77182,35.6524],[139.77184,35.65247],[139.77223,35.65289],[139.7726,35.65313],[139.77314,35.65328],[139.77372,35.6538],[139.77411,35.65408],[139.77448,35.65425],[139.77535,35.65454]]],[[[139.76753,35.65954],[139.76762,35.65969],[139.76753,35.65991],[139.76712,35.66002],[139.76704,35.66027],[139.76693,35.66043],[139.76613,35.66115],[139.76562,35.66147],[139.76528,35.66155],[139.76504,35.66167],[139.76383,35.66259],[139.76323,35.66322],[139.7632,35.66335],[139.76327,35.66346],[139.76356,35.66345],[139.76389,35.66332],[139.76401,35.66318],[139.76409,35.66293],[139.76424,35.66274],[139.76496,35.66212],[139.76547,35.6618],[139.76579,35.66173],[139.76598,35.66164],[139.76694,35.6608],[139.76714,35.66068],[139.76746,35.66061],[139.76778,35.66045],[139.769,35.6595],[139.76935,35.65951],[139.76949,35.65956],[139.76986,35.66007],[139.77001,35.66014],[139.77042,35.66021],[139.77076,35.66041],[139.7712,35.66076],[139.77258,35.66207],[139.77315,35.66254],[139.77394,35.66287],[139.77501,35.66357],[139.7757,35.66395],[139.77613,35.66414],[139.77693,35.66439],[139.77752,35.66467],[139.77798,35.66507],[139.77823,35.6656],[139.77888,35.66609],[139.77927,35.66651],[139.77994,35.66761],[139.78073,35.66928],[139.78115,35.67037],[139.78146,35.67164],[139.78145,35.67224],[139.78123,35.67284],[139.78097,35.67322],[139.78058,35.67342],[139.78034,35.67366],[139.78022,35.67398],[139.78003,35.67483],[139.7809,35.6741],[139.78122,35.67375],[139.78148,35.67327],[139.78161,35.6728],[139.78175,35.67251],[139.78187,35.67244],[139.78218,35.67248],[139.78228,35.67241],[139.78255,35.672],[139.7827,35.67193],[139.78299,35.6719],[139.78326,35.67198],[139.78383,35.67232],[139.78459,35.67291],[139.78524,35.67351],[139.78561,35.67397],[139.78589,35.67455],[139.78621,35.67478],[139.78635,35.67496],[139.78669,35.67584],[139.78678,35.67625],[139.78678,35.67676],[139.78669,35.67703],[139.78652,35.67726],[139.78621,35.6775],[139.78576,35.67776],[139.78451,35.6783],[139.78375,35.67869],[139.78339,35.67894],[139.78296,35.67935],[139.7827,35.67952],[139.78248,35.67956],[139.78212,35.67942],[139.78113,35.67866],[139.78163,35.67952],[139.78168,35.6799],[139.78163,35.68006],[139.78141,35.68036],[139.78082,35.68081],[139.78041,35.68121],[139.77979,35.68201],[139.77937,35.68266],[139.77911,35.68295],[139.7788,35.68321],[139.77844,35.68342],[139.77802,35.68359],[139.77704,35.6838],[139.77474,35.68386],[139.77339,35.68394],[139.77218,35.68414],[139.77115,35.68441],[139.77075,35.68491],[139.76996,35.68634],[139.76944,35.68707],[139.7691,35.68739],[139.76823,35.68793],[139.7679,35.68836],[139.76752,35.68852],[139.76691,35.68869],[139.76507,35.68903],[139.76398,35.68932],[139.76352,35.68953],[139.76284,35.69006],[139.7621,35.69021],[139.76198,35.69031],[139.76179,35.69059],[139.76267,35.69044],[139.76303,35.69032],[139.7633,35.69017],[139.76379,35.68975],[139.76426,35.68954],[139.76535,35.68926],[139.76725,35.68889],[139.76802,35.68864],[139.7682,35.68856],[139.76862,35.68836],[139.76908,35.68803],[139.7697,35.6874],[139.77118,35.68535],[139.77165,35.68492],[139.77216,35.68463],[139.77243,35.68454],[139.77301,35.68444],[139.77411,35.6844],[139.775,35.68444],[139.77725,35.68465],[139.77802,35.68466],[139.77839,35.68458],[139.77886,35.68437],[139.77927,35.68414],[139.77952,35.6839],[139.77983,35.6834],[139.78006,35.6827],[139.78037,35.68214],[139.7809,35.68151],[139.78166,35.68081],[139.78313,35.67968],[139.78406,35.67905],[139.7849,35.67854],[139.786,35.67803],[139.78634,35.67796],[139.78667,35.67797],[139.78699,35.67805],[139.7873,35.6782],[139.7876,35.67843],[139.78789,35.67873],[139.78951,35.68108],[139.79002,35.68168],[139.79073,35.68239],[139.79115,35.68292],[139.79152,35.68349],[139.79197,35.68446],[139.79214,35.6851],[139.79218,35.68568],[139.79214,35.68594],[139.79197,35.68644],[139.79152,35.68709],[139.79095,35.68768],[139.78951,35.68882],[139.7891,35.68931],[139.7885,35.69059],[139.78823,35.6914],[139.78807,35.69238],[139.788,35.69386],[139.78795,35.69418],[139.78777,35.6947],[139.78741,35.69509],[139.78707,35.69528],[139.78637,35.69556],[139.78719,35.69537],[139.78786,35.69531],[139.78825,35.69543],[139.78855,35.69571],[139.78891,35.69637],[139.78953,35.6972],[139.7918,35.69956],[139.79265,35.70063],[139.79326,35.7018],[139.79366,35.70303],[139.79395,35.7037],[139.79483,35.70501],[139.79502,35.70569],[139.79556,35.70673],[139.79624,35.70783],[139.79681,35.70863],[139.7971,35.70896],[139.79761,35.70934],[139.79772,35.70964],[139.79787,35.70986],[139.79932,35.71133],[139.79953,35.71159],[139.79962,35.71182],[139.79978,35.71203],[139.8004,35.71258],[139.80263,35.71433],[139.80289,35.7146],[139.80299,35.71484],[139.80325,35.71515],[139.80581,35.71754],[139.80629,35.71806],[139.80672,35.71864],[139.80695,35.71906],[139.80708,35.71943],[139.80703,35.71961],[139.80672,35.71969],[139.80667,35.71976],[139.80687,35.72029],[139.80686,35.72038],[139.80673,35.72053],[139.80644,35.72064],[139.80577,35.72074],[139.80524,35.72089],[139.805,35.72102],[139.80475,35.72126],[139.80455,35.72135],[139.80415,35.7214],[139.8035,35.72134],[139.80308,35.72142],[139.80275,35.72164],[139.80269,35.72187],[139.80285,35.72218],[139.80321,35.72259],[139.80464,35.72384],[139.80483,35.72408],[139.80497,35.72438],[139.80578,35.72483],[139.80586,35.72495],[139.80581,35.72517],[139.8059,35.72534],[139.80661,35.72576],[139.8067,35.72598],[139.80662,35.72628],[139.80667,35.72641],[139.80699,35.72648],[139.80713,35.72682],[139.8076,35.72695],[139.80809,35.7274],[139.80835,35.72748],[139.80874,35.72744],[139.80894,35.72761],[139.80901,35.72823],[139.80893,35.72877],[139.80883,35.72889],[139.80858,35.72895],[139.80847,35.72902],[139.80834,35.72921],[139.80829,35.72945],[139.80839,35.72962],[139.80874,35.72976],[139.80889,35.7299],[139.80891,35.73004],[139.80883,35.7304],[139.80885,35.73064],[139.80898,35.73109],[139.80921,35.73155],[139.80952,35.73189],[139.81001,35.73216],[139.81012,35.73231],[139.81008,35.73249],[139.80967,35.7329],[139.80961,35.73299],[139.80961,35.73312],[139.80976,35.73319],[139.81036,35.73323],[139.81067,35.73336],[139.81122,35.73406],[139.8127,35.73538],[139.81285,35.73558],[139.81296,35.73588],[139.81335,35.73616],[139.81352,35.73641],[139.81363,35.73684],[139.8137,35.73746],[139.81368,35.73864],[139.81353,35.73929],[139.81341,35.73956],[139.81307,35.73998],[139.81262,35.74024],[139.8117,35.74055],[139.81105,35.74064],[139.81036,35.74058],[139.80948,35.74037],[139.80723,35.73961],[139.80627,35.73945],[139.80508,35.73887],[139.80405,35.73854],[139.80291,35.73826],[139.80188,35.73816],[139.80075,35.73833],[139.79726,35.73918],[139.79665,35.73926],[139.79596,35.7393],[139.79506,35.73946],[139.79345,35.73991],[139.79261,35.74024],[139.79186,35.74062],[139.7912,35.74105],[139.79063,35.74155],[139.79009,35.74213],[139.78957,35.74281],[139.78881,35.74401],[139.78837,35.74488],[139.78799,35.74595],[139.78794,35.74624],[139.78797,35.74673],[139.78824,35.74729],[139.7887,35.74775],[139.78978,35.74835],[139.79025,35.74869],[139.79052,35.74902],[139.79059,35.74921],[139.79058,35.74933],[139.7904,35.74942],[139.79012,35.7494],[139.78991,35.74931],[139.78974,35.74912],[139.78962,35.74908],[139.78939,35.74912],[139.78904,35.74933],[139.78893,35.7495],[139.789,35.74973],[139.78895,35.7499],[139.78853,35.7502],[139.78833,35.75044],[139.78802,35.75098],[139.7876,35.75187],[139.78739,35.75216],[139.78708,35.75235],[139.78669,35.7523],[139.78615,35.75201],[139.7858,35.75198],[139.78531,35.75215],[139.78483,35.75257],[139.78458,35.75267],[139.78425,35.75271],[139.783,35.75267],[139.78271,35.75274],[139.78243,35.75295],[139.78201,35.75309],[139.78066,35.75321],[139.77846,35.75324],[139.77626,35.7532],[139.77448,35.7531],[139.77255,35.75291],[139.77144,35.75287],[139.76885,35.75292],[139.76698,35.75309],[139.76445,35.75341],[139.76126,35.75389],[139.75741,35.75453],[139.75283,35.75535],[139.75038,35.75589],[139.75003,35.756],[139.74956,35.75632],[139.74909,35.75645],[139.74878,35.7567],[139.74825,35.75729],[139.74795,35.75752],[139.74747,35.75771],[139.74687,35.75775],[139.74757,35.75794],[139.74778,35.75811],[139.74775,35.75868],[139.74791,35.75914],[139.74817,35.75969],[139.74823,35.75995],[139.74821,35.76003],[139.74808,35.76011],[139.74761,35.76007],[139.7474,35.76016],[139.74727,35.7606],[139.74691,35.7607],[139.74695,35.76111],[139.7468,35.76133],[139.74647,35.76164],[139.74641,35.76176],[139.74644,35.76185],[139.74661,35.76195],[139.7467,35.76206],[139.74664,35.76239],[139.74673,35.76244],[139.74709,35.76248],[139.74732,35.76255],[139.74783,35.76286],[139.74833,35.76337],[139.7487,35.76406],[139.74881,35.76446],[139.74878,35.76508],[139.74852,35.76573],[139.74821,35.76616],[139.74773,35.76649],[139.74711,35.76672],[139.74674,35.76679],[139.74541,35.76693],[139.74494,35.76702],[139.74395,35.7673],[139.74291,35.76771],[139.74129,35.76849],[139.7399,35.76904],[139.73913,35.76926],[139.73789,35.76942],[139.73688,35.76966],[139.73645,35.76982],[139.73594,35.7701],[139.73568,35.7703],[139.73542,35.77063],[139.73526,35.77111],[139.73518,35.77182],[139.73519,35.77272],[139.7353,35.7733],[139.73562,35.77413],[139.73642,35.77544],[139.73665,35.7762],[139.7373,35.777],[139.73751,35.77737],[139.73767,35.77781],[139.73778,35.77832],[139.73779,35.77918],[139.73764,35.7798],[139.7372,35.78077],[139.73678,35.78142],[139.73612,35.78224],[139.73566,35.78269],[139.73518,35.78305],[139.73456,35.78337],[139.73378,35.78369],[139.73282,35.78398],[139.72974,35.78482],[139.72752,35.78555],[139.72452,35.78664],[139.72291,35.78712],[139.72214,35.7871],[139.7209,35.78731],[139.72,35.78741],[139.7175,35.78752],[139.71459,35.7879],[139.71296,35.78806],[139.71125,35.78812],[139.70961,35.78809],[139.70874,35.78801],[139.70804,35.7879],[139.70751,35.78774],[139.70695,35.78745],[139.70592,35.78673],[139.70333,35.78458],[139.70295,35.78433],[139.70266,35.78425],[139.70233,35.78407],[139.70044,35.78276],[139.69973,35.78236],[139.69905,35.78208],[139.6984,35.78193],[139.69743,35.78189],[139.69634,35.78202],[139.69513,35.7823],[139.69382,35.78275],[139.69337,35.78298],[139.69259,35.78351],[139.69217,35.78362],[139.69192,35.78374],[139.69117,35.78428],[139.69022,35.78516],[139.69002,35.78544],[139.68974,35.78602],[139.68942,35.78625],[139.68917,35.78656],[139.68841,35.78796],[139.68784,35.78846],[139.68708,35.78955],[139.68672,35.78997],[139.68628,35.79036],[139.68578,35.79071],[139.68521,35.79104],[139.68457,35.7913],[139.68386,35.79151],[139.68308,35.79167],[139.68224,35.79176],[139.68132,35.79176],[139.67982,35.79162],[139.6782,35.79131],[139.67673,35.7911],[139.67546,35.79101],[139.67462,35.79104],[139.67278,35.79129],[139.66826,35.79221],[139.66553,35.79263],[139.66386,35.79277],[139.66154,35.79281],[139.65926,35.79293],[139.65698,35.79318],[139.65536,35.79345],[139.65336,35.79392],[139.64965,35.795],[139.6467,35.79596],[139.64534,35.79644],[139.6431,35.79737],[139.64221,35.7978],[139.64171,35.79809],[139.64283,35.79816],[139.6436,35.79768],[139.64457,35.79718],[139.64574,35.79668],[139.6471,35.79618],[139.64866,35.79568],[139.65255,35.79448],[139.65527,35.79375],[139.65644,35.79353],[139.65841,35.79333],[139.66101,35.79318],[139.6641,35.79308],[139.66681,35.79284],[139.66833,35.79259],[139.67116,35.79189],[139.67219,35.7917],[139.67259,35.79168],[139.67301,35.79173],[139.67326,35.79183],[139.67345,35.79202],[139.67348,35.79184],[139.67356,35.79176],[139.67397,35.79183],[139.67435,35.79157],[139.67487,35.79148],[139.67625,35.79148],[139.67703,35.79161],[139.67735,35.79177],[139.67754,35.79194],[139.67761,35.79208],[139.67762,35.79237],[139.6783,35.79263],[139.6785,35.79264],[139.67854,35.79253],[139.67842,35.79218],[139.67839,35.79198],[139.67844,35.79191],[139.67865,35.79185],[139.68045,35.7921],[139.68156,35.79215],[139.68274,35.79212],[139.68342,35.79204],[139.68401,35.79193],[139.68452,35.79177],[139.68524,35.79145],[139.68646,35.79071],[139.68713,35.79012],[139.68773,35.78941],[139.68855,35.78818],[139.68882,35.78787],[139.68927,35.78754],[139.68952,35.78728],[139.6908,35.78544],[139.6911,35.78507],[139.69153,35.78467],[139.69239,35.78415],[139.6941,35.78336],[139.69544,35.78288],[139.69658,35.78263],[139.69741,35.78255],[139.69852,35.7826],[139.69908,35.78273],[139.69967,35.78296],[139.70027,35.78329],[139.70183,35.78434],[139.70258,35.78467],[139.70341,35.7853],[139.70517,35.78679],[139.70646,35.78768],[139.70686,35.78789],[139.7076,35.78819],[139.70847,35.78834],[139.7111,35.78837],[139.71533,35.78818],[139.71875,35.78793],[139.72173,35.78757],[139.72306,35.78735],[139.7254,35.78681],[139.72641,35.7865],[139.72949,35.78537],[139.73139,35.78473],[139.73193,35.78463],[139.73225,35.78461],[139.73295,35.78476],[139.73294,35.78533],[139.73286,35.78558],[139.73276,35.78565],[139.7324,35.78573],[139.73213,35.78599],[139.73136,35.78628],[139.72931,35.78687],[139.7283,35.78721],[139.7276,35.78755],[139.72737,35.78772],[139.72776,35.78784],[139.73005,35.78868],[139.73187,35.78953],[139.73387,35.79005],[139.73445,35.78993],[139.73533,35.78957],[139.73638,35.78901],[139.7375,35.78828],[139.73819,35.78778],[139.73854,35.7874],[139.73846,35.78587],[139.73783,35.78053],[139.73805,35.78022],[139.74106,35.78125],[139.74262,35.7817],[139.74507,35.78282],[139.74582,35.78328],[139.74629,35.78389],[139.74659,35.78493],[139.7467,35.78682],[139.74677,35.78685],[139.74765,35.78669],[139.74886,35.786],[139.74902,35.78619],[139.74928,35.78605],[139.75003,35.78594],[139.75122,35.78643],[139.75142,35.78612],[139.75171,35.78624],[139.75228,35.78623],[139.75307,35.78638],[139.75349,35.78649],[139.75378,35.78695],[139.75468,35.78696],[139.75484,35.78702],[139.755,35.7869],[139.7554,35.78719],[139.75543,35.78739],[139.75532,35.78759],[139.75583,35.78818],[139.75584,35.7883],[139.75626,35.78864],[139.75601,35.78882],[139.75589,35.78968],[139.7556,35.79003],[139.75899,35.79317],[139.75913,35.79346],[139.7594,35.79374],[139.75942,35.79373],[139.75973,35.7935],[139.75991,35.79326],[139.76003,35.79298],[139.76003,35.79281],[139.75996,35.79272],[139.75957,35.79254],[139.75935,35.79239],[139.75886,35.79171],[139.75859,35.79118],[139.75837,35.79059],[139.75816,35.78966],[139.75812,35.78836],[139.75816,35.78784],[139.75829,35.78731],[139.75842,35.78711],[139.75865,35.78692],[139.75893,35.78682],[139.75922,35.7868],[139.75936,35.78673],[139.75948,35.78651],[139.75957,35.78603],[139.75977,35.78585],[139.76003,35.78574],[139.76009,35.78563],[139.76002,35.78548],[139.75958,35.78506],[139.75932,35.78473],[139.75913,35.78397],[139.75904,35.78389],[139.75885,35.78387],[139.75876,35.78381],[139.75884,35.78358],[139.75883,35.78347],[139.75857,35.78341],[139.75844,35.78325],[139.75839,35.7828],[139.75847,35.78244],[139.75858,35.78225],[139.75894,35.78199],[139.75906,35.78182],[139.75903,35.78171],[139.75884,35.78153],[139.75868,35.78127],[139.7585,35.78063],[139.75854,35.78039],[139.75866,35.78017],[139.75924,35.77972],[139.75945,35.77942],[139.7595,35.77921],[139.75945,35.7788],[139.75932,35.77856],[139.75914,35.77839],[139.75911,35.77828],[139.75917,35.77816],[139.7596,35.77787],[139.75985,35.77758],[139.75996,35.77732],[139.76004,35.77684],[139.76005,35.77636],[139.75995,35.77598],[139.7598,35.77583],[139.75943,35.77577],[139.75921,35.77566],[139.75905,35.77542],[139.75897,35.77503],[139.75896,35.77425],[139.75908,35.77373],[139.75922,35.77355],[139.75956,35.77349],[139.75962,35.77345],[139.75936,35.7731],[139.75925,35.77272],[139.75923,35.77218],[139.75931,35.77161],[139.7595,35.77107],[139.7599,35.77043],[139.76022,35.77009],[139.76075,35.7697],[139.76124,35.76903],[139.76174,35.76808],[139.76198,35.76732],[139.762,35.76702],[139.76192,35.76671],[139.76173,35.76655],[139.76145,35.76649],[139.76129,35.76614],[139.76133,35.76514],[139.76151,35.76421],[139.76163,35.76394],[139.76192,35.76361],[139.76203,35.76312],[139.76226,35.76274],[139.76294,35.76204],[139.76359,35.7615],[139.76382,35.76137],[139.76421,35.76127],[139.76505,35.76053],[139.76569,35.76032],[139.76741,35.75927],[139.76823,35.75895],[139.76947,35.75865],[139.7701,35.75836],[139.7713,35.75817],[139.77496,35.75791],[139.77708,35.75788],[139.77758,35.75795],[139.77786,35.75815],[139.77807,35.75845],[139.77826,35.75896],[139.77848,35.75915],[139.77904,35.75931],[139.77982,35.75934],[139.78026,35.75941],[139.78077,35.75963],[139.78099,35.75984],[139.78123,35.76018],[139.78132,35.7604],[139.78137,35.76084],[139.78144,35.76105],[139.78154,35.76112],[139.78173,35.76115],[139.78182,35.76126],[139.7819,35.76158],[139.78194,35.76218],[139.78204,35.76247],[139.7824,35.76276],[139.78266,35.76332],[139.7828,35.76347],[139.7831,35.7636],[139.78357,35.76367],[139.78373,35.76388],[139.78369,35.76425],[139.78353,35.76463],[139.7833,35.76494],[139.78294,35.76529],[139.78286,35.76546],[139.7829,35.76603],[139.78264,35.76613],[139.78255,35.7663],[139.78247,35.76683],[139.78241,35.76803],[139.78228,35.76846],[139.78207,35.76872],[139.78219,35.76879],[139.78258,35.76884],[139.78263,35.76894],[139.78257,35.76909],[139.78266,35.76917],[139.78347,35.7691],[139.78382,35.76917],[139.78422,35.76935],[139.78448,35.76935],[139.78464,35.76927],[139.78482,35.7691],[139.78492,35.76888],[139.78496,35.76856],[139.78512,35.76837],[139.78588,35.76811],[139.786,35.76803],[139.78613,35.76776],[139.7868,35.7678],[139.78687,35.76774],[139.78691,35.76758],[139.78714,35.76738],[139.78801,35.76699],[139.78859,35.7668],[139.78892,35.76678],[139.78913,35.76693],[139.78929,35.76722],[139.78943,35.76738],[139.78961,35.76745],[139.78978,35.7674],[139.78983,35.76723],[139.78976,35.76684],[139.78979,35.76666],[139.79002,35.76648],[139.79038,35.76638],[139.79053,35.76629],[139.79056,35.7661],[139.79036,35.76579],[139.79036,35.76562],[139.79063,35.76544],[139.7907,35.76533],[139.79076,35.76496],[139.79084,35.76481],[139.79117,35.76472],[139.79121,35.76467],[139.7911,35.76432],[139.79115,35.76409],[139.79137,35.76388],[139.7918,35.76378],[139.79206,35.76339],[139.79224,35.76323],[139.7925,35.76317],[139.7928,35.7632],[139.79306,35.76332],[139.79342,35.76366],[139.79362,35.7637],[139.79411,35.76347],[139.79451,35.76354],[139.79462,35.76353],[139.79486,35.76331],[139.79531,35.76314],[139.79726,35.76274],[139.79772,35.76258],[139.79801,35.76231],[139.79841,35.76222],[139.79849,35.76212],[139.79852,35.76197],[139.7986,35.76191],[139.79925,35.76194],[139.79951,35.76186],[139.79986,35.76152],[139.8003,35.76084],[139.80057,35.76065],[139.80087,35.76056],[139.80138,35.7606],[139.80186,35.76056],[139.80216,35.76046],[139.80262,35.76023],[139.80347,35.75997],[139.80647,35.75938],[139.80719,35.75913],[139.80774,35.75869],[139.80837,35.7585],[139.80871,35.75835],[139.80935,35.7578],[139.81086,35.75702],[139.81155,35.75651],[139.81287,35.75538],[139.81381,35.75486],[139.81393,35.75475],[139.814,35.75452],[139.81415,35.75432],[139.81473,35.75391],[139.81507,35.75359],[139.81556,35.75287],[139.81587,35.75274],[139.81638,35.75287],[139.81652,35.75285],[139.81657,35.75275],[139.81639,35.75227],[139.81638,35.75194],[139.81647,35.75177],[139.81676,35.75158],[139.81703,35.75128],[139.81768,35.75006],[139.81789,35.74985],[139.81817,35.74974],[139.81934,35.74979],[139.81939,35.7497],[139.81924,35.74943],[139.81958,35.74942],[139.8197,35.74936],[139.81987,35.74881],[139.8205,35.74827],[139.8205,35.7481],[139.82033,35.74792],[139.82014,35.74786],[139.81979,35.74785],[139.81963,35.74755],[139.81966,35.74736],[139.82045,35.74636],[139.8206,35.74599],[139.82066,35.7456],[139.82088,35.74511],[139.82153,35.74398],[139.82295,35.74169],[139.82334,35.74093],[139.82343,35.74057],[139.82364,35.74044],[139.82423,35.74039],[139.82438,35.74034],[139.82447,35.74026],[139.8245,35.74011],[139.82457,35.74005],[139.82468,35.74004],[139.82496,35.74009],[139.82507,35.74022],[139.82502,35.7406],[139.82432,35.74193],[139.82411,35.74269],[139.82328,35.74387],[139.82316,35.74411],[139.823,35.74472],[139.82235,35.74563],[139.82202,35.7462],[139.82148,35.74759],[139.82127,35.74789],[139.82095,35.74814],[139.82061,35.74907],[139.82025,35.74958],[139.82018,35.75007],[139.82016,35.75084],[139.82024,35.75323],[139.82022,35.75462],[139.82013,35.75607],[139.81987,35.75838],[139.81985,35.76014],[139.82006,35.76214],[139.82052,35.76437],[139.82226,35.77051],[139.8225,35.7715],[139.82264,35.77245],[139.82305,35.7734],[139.82319,35.77447],[139.8236,35.77543],[139.82373,35.77646],[139.82422,35.77773],[139.82449,35.77859],[139.82511,35.78141],[139.82534,35.78205],[139.82587,35.78323],[139.82486,35.77869],[139.82451,35.77753],[139.82401,35.77623],[139.82388,35.77521],[139.82347,35.77425],[139.82333,35.77328],[139.82307,35.77223],[139.82084,35.76445],[139.82037,35.76248],[139.82011,35.76096],[139.82006,35.75989],[139.82014,35.75841],[139.82076,35.75416],[139.82095,35.75065],[139.82126,35.74933],[139.8215,35.74862],[139.82216,35.74713],[139.8244,35.74317],[139.8247,35.74255],[139.82482,35.74213],[139.82508,35.74163],[139.82663,35.7392],[139.82722,35.73844],[139.82798,35.73755],[139.83002,35.73535],[139.83275,35.7326],[139.83617,35.7293],[139.83774,35.72784],[139.84021,35.72571],[139.84111,35.72503],[139.84178,35.72462],[139.84223,35.72446],[139.84245,35.72457],[139.84253,35.72584],[139.84265,35.72629],[139.84282,35.72661],[139.84303,35.72683],[139.84342,35.7271],[139.84445,35.72756],[139.8446,35.72771],[139.8447,35.7281],[139.84486,35.72827],[139.84513,35.72837],[139.84539,35.72839],[139.84552,35.72835],[139.84581,35.72812],[139.84649,35.72803],[139.84747,35.72804],[139.84794,35.72812],[139.8481,35.72822],[139.84827,35.7284],[139.84863,35.72849],[139.84875,35.7286],[139.84889,35.72891],[139.84915,35.72976],[139.84933,35.73002],[139.84957,35.73018],[139.84994,35.7303],[139.85086,35.7305],[139.8516,35.73084],[139.85232,35.73093],[139.85344,35.73095],[139.85411,35.73101],[139.85458,35.73116],[139.85484,35.73139],[139.85489,35.73154],[139.85488,35.73186],[139.85481,35.73213],[139.8547,35.73234],[139.8541,35.73285],[139.85372,35.73357],[139.85361,35.73364],[139.85331,35.7337],[139.85311,35.73383],[139.85249,35.73443],[139.85219,35.73485],[139.85197,35.73541],[139.85201,35.73612],[139.85232,35.73705],[139.85268,35.7377],[139.85297,35.73805],[139.85329,35.73833],[139.85364,35.73854],[139.85419,35.73875],[139.85479,35.73883],[139.8554,35.73882],[139.85633,35.73873],[139.85684,35.73862],[139.85736,35.73841],[139.85823,35.73792],[139.85874,35.73775],[139.85926,35.73771],[139.8594,35.73776],[139.8596,35.73802],[139.85967,35.7385],[139.85963,35.73918],[139.85947,35.74],[139.85922,35.74068],[139.85906,35.74098],[139.85869,35.74148],[139.85763,35.74231],[139.85714,35.74283],[139.85691,35.7433],[139.85683,35.74397],[139.85688,35.74414],[139.85714,35.74454],[139.85761,35.74505],[139.85828,35.74565],[139.85992,35.74692],[139.86028,35.74713],[139.86078,35.74728],[139.86117,35.74755],[139.86145,35.74792],[139.86153,35.74835],[139.86133,35.74913],[139.86078,35.75029],[139.86061,35.75052],[139.86021,35.75082],[139.85985,35.75124],[139.85937,35.75192],[139.85906,35.75246],[139.8587,35.75334],[139.85829,35.75487],[139.85809,35.75525],[139.85786,35.75547],[139.85721,35.75558],[139.85713,35.75566],[139.85709,35.75581],[139.85689,35.75595],[139.85584,35.75621],[139.85498,35.75663],[139.85468,35.75669],[139.85455,35.75663],[139.85442,35.75641],[139.85424,35.75628],[139.85355,35.75632],[139.85315,35.75603],[139.85231,35.75594],[139.85207,35.75583],[139.85192,35.75564],[139.85183,35.75506],[139.85173,35.75484],[139.85164,35.75477],[139.8514,35.7547],[139.85091,35.75475],[139.85061,35.75471],[139.85022,35.75453],[139.85001,35.75433],[139.8498,35.75401],[139.84975,35.75382],[139.8498,35.75336],[139.84964,35.75327],[139.84936,35.75326],[139.84906,35.75336],[139.84891,35.75356],[139.84896,35.75369],[139.84928,35.75377],[139.84934,35.75387],[139.84937,35.75409],[139.84932,35.7544],[139.84913,35.75497],[139.84906,35.75514],[139.84884,35.75541],[139.84852,35.75557],[139.8481,35.75564],[139.84687,35.75557],[139.84624,35.75561],[139.84585,35.75578],[139.84569,35.75614],[139.84541,35.7562],[139.84536,35.75625],[139.84541,35.75641],[139.8456,35.75664],[139.84581,35.7568],[139.84602,35.75686],[139.84627,35.75682],[139.84653,35.75656],[139.84675,35.75649],[139.84761,35.75656],[139.84785,35.75652],[139.8483,35.75634],[139.84859,35.75628],[139.84895,35.75626],[139.84963,35.75631],[139.85003,35.75642],[139.85034,35.7566],[139.85053,35.75685],[139.85069,35.75732],[139.85089,35.75753],[139.85103,35.7576],[139.85138,35.75767],[139.85205,35.75763],[139.85255,35.7577],[139.85275,35.75784],[139.85297,35.75823],[139.85308,35.75824],[139.85344,35.75792],[139.85375,35.75779],[139.85414,35.75776],[139.85445,35.75787],[139.8546,35.75813],[139.85463,35.75852],[139.85471,35.75875],[139.8548,35.7588],[139.85507,35.75874],[139.85528,35.75878],[139.85548,35.75892],[139.85559,35.75907],[139.85525,35.75916],[139.85482,35.75941],[139.85443,35.75976],[139.85422,35.76009],[139.85406,35.7605],[139.85395,35.761],[139.8539,35.76154],[139.85395,35.76216],[139.85407,35.76246],[139.85454,35.76295],[139.85473,35.76339],[139.85556,35.76401],[139.85568,35.76415],[139.85575,35.76439],[139.85588,35.76456],[139.85718,35.76556],[139.85744,35.76581],[139.8577,35.76616],[139.85781,35.76646],[139.85792,35.76709],[139.85794,35.76794],[139.85786,35.76856],[139.85755,35.76949],[139.85701,35.77042],[139.85618,35.77149],[139.85474,35.77287],[139.85456,35.77313],[139.85429,35.77375],[139.85397,35.77406],[139.85376,35.77413],[139.85342,35.77408],[139.85328,35.77411],[139.85307,35.77429],[139.85284,35.7746],[139.85259,35.77477],[139.85206,35.77495],[139.85138,35.77502],[139.85103,35.77497],[139.85078,35.77484],[139.85046,35.77424],[139.8501,35.77399],[139.84975,35.77389],[139.84935,35.77384],[139.8487,35.77388],[139.84801,35.77414],[139.84725,35.77423],[139.84706,35.77434],[139.8469,35.77466],[139.84685,35.77512],[139.84679,35.77525],[139.84658,35.77544],[139.84625,35.77554],[139.8454,35.77562],[139.84513,35.77574],[139.84498,35.77594],[139.84493,35.77633],[139.84477,35.77662],[139.84458,35.77675],[139.84421,35.77685],[139.84403,35.77697],[139.84404,35.77706],[139.84421,35.77723],[139.84434,35.77747],[139.84438,35.77798],[139.84432,35.77815],[139.8442,35.77828],[139.84384,35.77844],[139.84364,35.77861],[139.84355,35.7791],[139.84346,35.77926],[139.8432,35.77938],[139.84269,35.77946],[139.84248,35.77961],[139.84229,35.77984],[139.84207,35.78031],[139.84183,35.78066],[139.84164,35.7808],[139.84115,35.78102],[139.84106,35.78128],[139.8409,35.78145],[139.84007,35.7819],[139.83999,35.78202],[139.83995,35.78219],[139.8398,35.78235],[139.83897,35.78281],[139.83888,35.78292],[139.83885,35.78309],[139.83869,35.78326],[139.83786,35.78371],[139.83778,35.78382],[139.83771,35.78406],[139.83758,35.78412],[139.83739,35.78414],[139.83726,35.78423],[139.83719,35.78459],[139.83708,35.78478],[139.83693,35.78487],[139.83637,35.78508],[139.836,35.78534],[139.83587,35.78554],[139.83581,35.78594],[139.83572,35.78607],[139.83546,35.78622],[139.83508,35.78632],[139.83482,35.78643],[139.83473,35.78653],[139.83468,35.78674],[139.83459,35.78683],[139.83396,35.78711],[139.83381,35.78744],[139.83352,35.78751],[139.83321,35.78748],[139.8329,35.78735],[139.83259,35.78713],[139.83243,35.78695],[139.83235,35.78676],[139.83239,35.78598],[139.83232,35.78587],[139.83213,35.78579],[139.83204,35.78583],[139.83198,35.78593],[139.83194,35.78632],[139.83182,35.78663],[139.83159,35.7869],[139.83137,35.78706],[139.83112,35.78716],[139.83084,35.7872],[139.82998,35.78714],[139.82941,35.78723],[139.8288,35.78744],[139.82831,35.78769],[139.82809,35.78786],[139.82784,35.78824],[139.82774,35.78831],[139.8276,35.78832],[139.82725,35.78818],[139.82757,35.79114],[139.82759,35.79216],[139.82745,35.79264],[139.82734,35.79277],[139.8272,35.79282],[139.82687,35.7928],[139.82663,35.79294],[139.82655,35.79306],[139.82644,35.79342],[139.82698,35.79351],[139.82756,35.79379],[139.8284,35.79405],[139.82924,35.79417],[139.83085,35.79463],[139.83277,35.79568],[139.83303,35.79591],[139.83457,35.79792],[139.83581,35.799],[139.83633,35.7998],[139.83663,35.80014],[139.83668,35.80004],[139.83681,35.79991],[139.83805,35.79927],[139.83829,35.79902],[139.8384,35.79861],[139.83886,35.79848],[139.83913,35.79822],[139.8395,35.79818],[139.83999,35.7983],[139.8402,35.79847],[139.84027,35.79883],[139.84033,35.7989],[139.84088,35.79883],[139.84144,35.79897],[139.84159,35.7991],[139.84171,35.79938],[139.84243,35.79952],[139.84262,35.79971],[139.84263,35.79986],[139.84227,35.79997],[139.84219,35.80012],[139.84278,35.80002],[139.84339,35.7998],[139.84387,35.79949],[139.84434,35.79906],[139.84586,35.79754],[139.84662,35.7967],[139.84721,35.79583],[139.84744,35.79568],[139.84753,35.79573],[139.84852,35.79528],[139.85186,35.79273],[139.85356,35.79156],[139.85457,35.79105],[139.85529,35.79085],[139.85592,35.79082],[139.85649,35.79096],[139.85737,35.79177],[139.85805,35.79269],[139.85899,35.79485],[139.85954,35.79523],[139.8599,35.79533],[139.86079,35.79524],[139.86136,35.79505],[139.86283,35.79484],[139.86385,35.79483],[139.86772,35.79668],[139.86872,35.79701],[139.87077,35.79732],[139.87136,35.79735],[139.87339,35.79717],[139.87431,35.79686],[139.87475,35.79654],[139.87569,35.79553],[139.87626,35.79479],[139.87661,35.79383],[139.87658,35.7932],[139.87636,35.79261],[139.87596,35.79219],[139.87326,35.79039],[139.87155,35.78798],[139.87131,35.78739],[139.87119,35.78663],[139.87134,35.78558],[139.87176,35.78475],[139.87204,35.78504],[139.87336,35.78292],[139.87454,35.78178],[139.8763,35.78124],[139.87725,35.78117],[139.88136,35.78207],[139.88312,35.78257],[139.88647,35.78381],[139.88724,35.78402],[139.88775,35.78402],[139.88876,35.78384],[139.89121,35.78325],[139.89378,35.78275],[139.89433,35.78164],[139.89457,35.78056],[139.89446,35.77992],[139.89424,35.77939],[139.8938,35.77871],[139.89342,35.77832],[139.892,35.77743],[139.88848,35.77579],[139.88285,35.77353],[139.88175,35.77286],[139.88076,35.77167],[139.88029,35.7708],[139.87946,35.76849],[139.87939,35.76801],[139.87946,35.76752],[139.88009,35.76595],[139.88079,35.76477],[139.88224,35.76303],[139.88247,35.76258],[139.88267,35.76201],[139.88321,35.75862],[139.88405,35.75741],[139.88655,35.75458],[139.88791,35.75323],[139.88998,35.75077],[139.89139,35.74927],[139.89288,35.74808],[139.89666,35.74671],[139.89767,35.74613],[139.89856,35.74541],[139.89945,35.74439],[139.90068,35.74135],[139.90097,35.74006],[139.90102,35.7385],[139.90089,35.73746],[139.90036,35.73617],[139.89794,35.73187],[139.89757,35.73058],[139.89726,35.72928],[139.89714,35.72784],[139.89721,35.72675],[139.89765,35.725],[139.89798,35.72429],[139.89865,35.72345],[139.90398,35.71959],[139.90478,35.71888],[139.9057,35.71784],[139.90677,35.71577],[139.9075,35.71465],[139.90812,35.71386],[139.90926,35.71292],[139.91344,35.71051],[139.91477,35.70951],[139.91621,35.708],[139.91655,35.70529],[139.91699,35.70352],[139.91865,35.69984],[139.91891,35.69827],[139.91874,35.69771],[139.91491,35.69229],[139.91385,35.69093],[139.90865,35.68551],[139.90715,35.68438],[139.90594,35.68367],[139.90506,35.68335],[139.90379,35.68312],[139.89947,35.68275],[139.89598,35.68236],[139.89356,35.682],[139.89205,35.68164],[139.89087,35.68131],[139.88908,35.68055],[139.88795,35.67999],[139.88694,35.67926],[139.88643,35.67857],[139.88621,35.67774],[139.88562,35.67486],[139.88553,35.67277],[139.88565,35.67207],[139.88723,35.66879],[139.88737,35.66792],[139.88732,35.66632],[139.88711,35.66451],[139.88714,35.66187],[139.88739,35.65617],[139.88732,35.65555],[139.8869,35.65373],[139.88533,35.65001],[139.884,35.64648],[139.88378,35.64563],[139.88349,35.64512],[139.88263,35.64438],[139.8796,35.64275],[139.875,35.64046],[139.87491,35.64041],[139.87399,35.63994],[139.87146,35.63864],[139.87083,35.63887],[139.87089,35.63893],[139.87183,35.64038],[139.87245,35.64097],[139.87366,35.64172],[139.87394,35.642],[139.87407,35.64228],[139.87404,35.64257],[139.87393,35.6428],[139.87377,35.64299],[139.87356,35.64311],[139.87317,35.6432],[139.87287,35.64319],[139.87274,35.64313],[139.87247,35.64288],[139.87229,35.64283],[139.87213,35.64285],[139.87149,35.6431],[139.87074,35.64347],[139.87017,35.64385],[139.87001,35.64407],[139.87002,35.64426],[139.87025,35.64448],[139.87056,35.64461],[139.87108,35.64465],[139.87134,35.64472],[139.87169,35.64493],[139.87198,35.64526],[139.87216,35.64571],[139.87207,35.64625],[139.8721,35.64642],[139.87217,35.64657],[139.87245,35.64688],[139.87253,35.6471],[139.87253,35.64735],[139.87245,35.64761],[139.87223,35.64795],[139.87194,35.64814],[139.87154,35.64823],[139.87105,35.64824],[139.8706,35.64814],[139.87039,35.64794],[139.87019,35.64788],[139.8697,35.64787],[139.86902,35.64793],[139.86849,35.64786],[139.86824,35.64772],[139.86792,35.64735],[139.86772,35.64727],[139.86749,35.64728],[139.86708,35.64741],[139.86681,35.64745],[139.86639,35.64741],[139.86612,35.64731],[139.86593,35.64715],[139.86588,35.64704],[139.86588,35.64677],[139.866,35.64643],[139.8662,35.64606],[139.86655,35.64561],[139.8667,35.64554],[139.86688,35.64556],[139.86699,35.64564],[139.86703,35.64584],[139.86712,35.64592],[139.86738,35.64598],[139.86776,35.64598],[139.8681,35.64585],[139.86828,35.64569],[139.86848,35.64538],[139.86853,35.64517],[139.86848,35.6451],[139.86804,35.64498],[139.86776,35.64479],[139.86737,35.64441],[139.86726,35.64411],[139.86713,35.64405],[139.86675,35.64404],[139.86636,35.64409],[139.86518,35.64441],[139.86394,35.64488],[139.86305,35.64528],[139.86242,35.64571],[139.86208,35.64617],[139.86201,35.64641],[139.86201,35.64665],[139.86217,35.64712],[139.86239,35.64746],[139.86268,35.64765],[139.86286,35.64769],[139.86356,35.64768],[139.86374,35.6478],[139.86377,35.6479],[139.86352,35.64897],[139.86361,35.64983],[139.86356,35.65021],[139.86339,35.65055],[139.86323,35.65074],[139.86303,35.65086],[139.8628,35.65093],[139.86253,35.65095],[139.86217,35.65089],[139.86188,35.65073],[139.86165,35.6505],[139.8614,35.65042],[139.86087,35.65043],[139.86019,35.65055],[139.85984,35.65053],[139.8597,35.65047],[139.8595,35.65027],[139.85922,35.6495],[139.85911,35.64939],[139.85897,35.64937],[139.85884,35.64942],[139.8587,35.64955],[139.85822,35.65034],[139.85778,35.65072],[139.85778,35.65098],[139.85797,35.65148],[139.85791,35.6517],[139.8577,35.65185],[139.85734,35.65195],[139.85687,35.65198],[139.85666,35.65195],[139.8563,35.65181],[139.85615,35.6517],[139.85589,35.65139],[139.85567,35.65102],[139.85524,35.65065],[139.85489,35.65052],[139.85402,35.65044],[139.85384,35.65034],[139.85376,35.6502],[139.85385,35.64982],[139.85413,35.64951],[139.85418,35.64936],[139.85413,35.64908],[139.85397,35.64877],[139.85398,35.64861],[139.85411,35.64851],[139.8547,35.64845],[139.85506,35.6483],[139.85526,35.64798],[139.85531,35.64773],[139.85525,35.64761],[139.85496,35.64766],[139.85447,35.64795],[139.8541,35.64811],[139.85352,35.64823],[139.85311,35.64825],[139.85259,35.64818],[139.85233,35.64809],[139.85199,35.6478],[139.85181,35.64774],[139.85148,35.6478],[139.85082,35.64812],[139.85047,35.64816],[139.85026,35.64812],[139.85008,35.64793],[139.85,35.64776],[139.84982,35.64699],[139.84973,35.6459],[139.84979,35.64534],[139.84996,35.64496],[139.85008,35.64484],[139.85023,35.64477],[139.85067,35.64466],[139.85083,35.64456],[139.85089,35.64442],[139.85082,35.6441],[139.85084,35.64396],[139.85094,35.64381],[139.85128,35.64351],[139.85022,35.64348],[139.84997,35.6434],[139.84956,35.64313],[139.84943,35.64298],[139.84942,35.64297],[139.84925,35.64277],[139.84098,35.64298],[139.84025,35.63389],[139.83677,35.63355],[139.83678,35.63349],[139.83658,35.63348],[139.83657,35.63336],[139.82841,35.6326],[139.82789,35.63257],[139.82779,35.63265],[139.82767,35.63251],[139.82167,35.63198],[139.82158,35.63191],[139.82162,35.63155],[139.82154,35.63153],[139.82171,35.63033],[139.82062,35.63022],[139.82069,35.62975],[139.82063,35.62974],[139.82061,35.63024],[139.8217,35.63034],[139.82125,35.63344],[139.82559,35.63385],[139.82558,35.63408],[139.82561,35.63386],[139.83368,35.63463],[139.83432,35.64216],[139.83461,35.64207],[139.83501,35.64202],[139.83536,35.64204],[139.83566,35.64211],[139.8359,35.64223],[139.83618,35.64248],[139.83633,35.64269],[139.8364,35.64293],[139.83653,35.64308],[139.83787,35.64395],[139.838,35.6441],[139.8381,35.64435],[139.8383,35.64441],[139.8386,35.64443],[139.83895,35.64456],[139.83934,35.64481],[139.83969,35.64516],[139.83984,35.64554],[139.83979,35.64608],[139.83983,35.64631],[139.84005,35.64658],[139.84043,35.64676],[139.84068,35.64696],[139.84079,35.64719],[139.84071,35.64747],[139.84052,35.64756],[139.84023,35.64758],[139.84004,35.64764],[139.83986,35.64799],[139.83934,35.64828],[139.83866,35.64843],[139.83756,35.6485],[139.83722,35.64862],[139.83701,35.64884],[139.83688,35.64953],[139.83666,35.6498],[139.83649,35.6499],[139.83602,35.65003],[139.83507,35.65006],[139.83442,35.65019],[139.8342,35.65035],[139.83414,35.65076],[139.83403,35.65102],[139.83376,35.65125],[139.83336,35.65136],[139.83232,35.65142],[139.832,35.65149],[139.83183,35.65161],[139.8318,35.6517],[139.83183,35.65191],[139.83177,35.652],[139.83134,35.6521],[139.83052,35.6521],[139.82787,35.6519],[139.82729,35.65192],[139.8268,35.65201],[139.82641,35.65215],[139.8261,35.65235],[139.82588,35.6526],[139.82576,35.65291],[139.82564,35.65359],[139.8255,35.65386],[139.82531,35.65408],[139.82507,35.65425],[139.82477,35.65437],[139.82443,35.65444],[139.82403,35.65446],[139.82319,35.6544],[139.82231,35.65425],[139.82197,35.65408],[139.82185,35.65394],[139.82174,35.65366],[139.82127,35.65342],[139.82119,35.65318],[139.82174,35.65052],[139.82186,35.64971],[139.82191,35.64862],[139.82184,35.64771],[139.82185,35.64713],[139.82192,35.64693],[139.82205,35.6469],[139.82219,35.64674],[139.82232,35.64637],[139.82253,35.64542],[139.82279,35.64369],[139.82284,35.64312],[139.82283,35.64296],[139.82278,35.64295],[139.82182,35.64294],[139.82166,35.64337],[139.8215,35.6443],[139.82145,35.64594],[139.82138,35.64685],[139.82128,35.64721],[139.82096,35.64763],[139.82091,35.64795],[139.82075,35.64808],[139.82039,35.64815],[139.81905,35.64812],[139.81867,35.64819],[139.81833,35.64836],[139.81804,35.64863],[139.81778,35.64899],[139.81756,35.64946],[139.81723,35.65068],[139.81713,35.65144],[139.8169,35.6521],[139.81653,35.65265],[139.81604,35.65309],[139.81542,35.65343],[139.81467,35.65366],[139.81379,35.65379],[139.81278,35.65381],[139.80971,35.65354],[139.80825,35.65335],[139.80726,35.65314],[139.80672,35.65292],[139.80655,35.65275],[139.80631,35.65224],[139.80624,35.65191],[139.80621,35.65106],[139.8064,35.64949],[139.80662,35.64866],[139.80692,35.64807],[139.80709,35.64787],[139.80728,35.64772],[139.80806,35.64734],[139.80818,35.64721],[139.80829,35.64692],[139.80891,35.64647],[139.80904,35.64625],[139.80899,35.64611],[139.80887,35.64607],[139.8083,35.64613],[139.80811,35.64608],[139.80795,35.64584],[139.80793,35.64555],[139.80755,35.64551],[139.80736,35.64569],[139.80711,35.64583],[139.80667,35.6459],[139.80633,35.64586],[139.80617,35.64594],[139.80601,35.64611],[139.80586,35.64639],[139.8056,35.64726],[139.80548,35.64784],[139.80515,35.65001],[139.80492,35.65109],[139.80468,35.65178],[139.80455,35.65198],[139.80441,35.65208],[139.80409,35.65203],[139.80386,35.65193],[139.80325,35.65158],[139.80014,35.64935],[139.79917,35.64875],[139.79806,35.6482],[139.79768,35.64787],[139.79682,35.64839],[139.79696,35.64852],[139.79747,35.6488],[139.7977,35.64883],[139.79808,35.64878],[139.79819,35.64882],[139.79837,35.64935],[139.79889,35.64988],[139.79957,35.65033],[139.80072,35.65091],[139.80126,35.65124],[139.80286,35.65244],[139.80309,35.65275],[139.80321,35.65309],[139.80322,35.65346],[139.80312,35.65385],[139.8029,35.65427],[139.80257,35.65472],[139.80213,35.6552],[139.80068,35.65655],[139.79985,35.6574],[139.79965,35.65768],[139.79954,35.65793],[139.79865,35.65862],[139.79849,35.65899],[139.79837,35.65912],[139.79754,35.65974],[139.79744,35.65999],[139.79727,35.6602],[139.7966,35.66075],[139.79441,35.66232],[139.7939,35.66277],[139.79379,35.66304],[139.7936,35.66311],[139.79332,35.66303],[139.793,35.66283],[139.79133,35.66155],[139.79076,35.66119],[139.79047,35.66106],[139.79035,35.66093],[139.79021,35.66047],[139.79016,35.65972],[139.79033,35.65751],[139.79028,35.65631],[139.78863,35.65618],[139.78801,35.66163],[139.78785,35.66219],[139.78773,35.66234],[139.7875,35.66244],[139.78766,35.66527],[139.78767,35.66637],[139.78763,35.66705],[139.78727,35.66841],[139.7872,35.66938],[139.78709,35.67001],[139.78675,35.67089],[139.7865,35.67123],[139.78636,35.67135],[139.78604,35.67148],[139.78586,35.6715],[139.78545,35.67142],[139.78505,35.67128],[139.78448,35.67098],[139.78339,35.6702],[139.7829,35.67004],[139.78262,35.66973],[139.78236,35.6691],[139.78236,35.66882],[139.78252,35.66852],[139.78217,35.6682],[139.782,35.66795],[139.7815,35.66648],[139.78119,35.66598],[139.78029,35.66521],[139.77974,35.66445],[139.77939,35.66407],[139.77827,35.66339],[139.777,35.66221],[139.77661,35.66217],[139.77625,35.66197],[139.77361,35.65996],[139.77328,35.65976],[139.7729,35.65968],[139.77262,35.65953],[139.77236,35.65921],[139.77231,35.6586],[139.77208,35.65869],[139.77192,35.65871],[139.77159,35.6586],[139.77114,35.65834],[139.77021,35.65768],[139.76941,35.65705],[139.76895,35.6566],[139.76889,35.65652],[139.76728,35.65806],[139.76734,35.6586],[139.76629,35.65761],[139.76587,35.65729],[139.76544,35.65712],[139.76494,35.65715],[139.76487,35.65709],[139.76483,35.65691],[139.76477,35.65687],[139.76448,35.65694],[139.76431,35.65693],[139.76403,35.65657],[139.7635,35.65644],[139.76319,35.6565],[139.76301,35.65668],[139.76265,35.65724],[139.76318,35.65726],[139.76357,35.65738],[139.76451,35.65802],[139.76479,35.65815],[139.76554,35.6584],[139.76576,35.65859],[139.76597,35.65892],[139.76608,35.65896],[139.76634,35.65891],[139.76655,35.65895],[139.76703,35.65939],[139.76724,35.65949],[139.76753,35.65954]],[[139.79305,35.68259],[139.7928,35.68238],[139.79211,35.68143],[139.79114,35.68061],[139.79079,35.67991],[139.79029,35.67947],[139.78962,35.67853],[139.78895,35.6774],[139.78862,35.67667],[139.78841,35.67597],[139.78832,35.67532],[139.78833,35.67473],[139.78842,35.67423],[139.78859,35.67382],[139.78873,35.67363],[139.78942,35.67303],[139.79108,35.67145],[139.79071,35.67148],[139.79043,35.67162],[139.78922,35.67266],[139.78869,35.67305],[139.78844,35.67315],[139.78835,35.67315],[139.78822,35.67308],[139.78809,35.67284],[139.78805,35.67259],[139.78809,35.67185],[139.7883,35.67105],[139.78878,35.66968],[139.78896,35.66874],[139.78895,35.6682],[139.78874,35.66722],[139.78879,35.66697],[139.78891,35.66694],[139.78906,35.66701],[139.78914,35.66717],[139.7892,35.66751],[139.78933,35.66761],[139.78946,35.66762],[139.78978,35.66748],[139.79028,35.66702],[139.79051,35.66688],[139.79075,35.66681],[139.79127,35.66685],[139.79146,35.6668],[139.79158,35.66667],[139.79164,35.66631],[139.79175,35.66599],[139.79202,35.66561],[139.79245,35.66517],[139.79389,35.66391],[139.79408,35.66367],[139.79417,35.66343],[139.7943,35.66342],[139.79443,35.66347],[139.79464,35.66344],[139.7953,35.66304],[139.79631,35.66219],[139.79658,35.66187],[139.79663,35.66169],[139.79671,35.66163],[139.79702,35.66163],[139.79771,35.66176],[139.79738,35.66133],[139.79732,35.66115],[139.79738,35.66101],[139.79791,35.66061],[139.79801,35.66032],[139.79821,35.66009],[139.79933,35.65923],[139.79983,35.6586],[139.80009,35.65843],[139.80039,35.65838],[139.8006,35.65843],[139.80091,35.6586],[139.80159,35.6592],[139.80175,35.65927],[139.80204,35.65932],[139.8023,35.65944],[139.8026,35.65967],[139.80268,35.6598],[139.8028,35.66019],[139.80286,35.66078],[139.80277,35.66265],[139.80283,35.66303],[139.80292,35.66288],[139.80311,35.66228],[139.80321,35.66164],[139.80326,35.66078],[139.80339,35.66047],[139.80349,35.66036],[139.80378,35.66022],[139.80458,35.66021],[139.8052,35.66029],[139.80655,35.66057],[139.80866,35.66066],[139.80905,35.66071],[139.80927,35.66079],[139.80935,35.66094],[139.80943,35.66098],[139.8097,35.66105],[139.81098,35.6611],[139.81156,35.66116],[139.81176,35.66124],[139.81192,35.66157],[139.81235,35.66186],[139.81249,35.66201],[139.81258,35.66218],[139.81262,35.6625],[139.81273,35.6626],[139.81293,35.6627],[139.81366,35.66288],[139.8148,35.66303],[139.81709,35.66319],[139.8188,35.66327],[139.81999,35.66323],[139.8201,35.66328],[139.82025,35.66349],[139.82031,35.66373],[139.82046,35.66337],[139.82071,35.66242],[139.82087,35.66129],[139.82105,35.65887],[139.82136,35.65712],[139.82156,35.6565],[139.82181,35.65605],[139.82208,35.65577],[139.82239,35.65566],[139.8242,35.65587],[139.82619,35.65592],[139.82712,35.65598],[139.82757,35.65606],[139.82788,35.65616],[139.82809,35.6564],[139.82822,35.65681],[139.82824,35.65774],[139.82816,35.65848],[139.82794,35.65922],[139.82773,35.65947],[139.82734,35.65954],[139.82709,35.65973],[139.827,35.65996],[139.82696,35.66043],[139.82677,35.66078],[139.82653,35.66092],[139.82573,35.66114],[139.82562,35.66124],[139.82558,35.6614],[139.8255,35.66147],[139.82486,35.66157],[139.8247,35.66173],[139.82461,35.66221],[139.8247,35.6629],[139.82477,35.66309],[139.82496,35.66335],[139.82522,35.66347],[139.82584,35.66343],[139.82615,35.66351],[139.8264,35.66386],[139.82653,35.66396],[139.827,35.66404],[139.82731,35.6642],[139.82756,35.66444],[139.82809,35.66515],[139.82829,35.66431],[139.82848,35.66407],[139.82874,35.66402],[139.82929,35.66418],[139.82964,35.6642],[139.82991,35.66402],[139.83008,35.66365],[139.83019,35.66281],[139.8301,35.66223],[139.82993,35.66203],[139.82929,35.66192],[139.82919,35.6618],[139.82923,35.66164],[139.82939,35.66151],[139.82989,35.66129],[139.83001,35.6611],[139.83007,35.66078],[139.83019,35.66063],[139.831,35.66018],[139.83129,35.6599],[139.83159,35.6595],[139.83184,35.65933],[139.83214,35.65929],[139.83245,35.65937],[139.83266,35.6595],[139.83326,35.66003],[139.8335,35.6601],[139.83371,35.66005],[139.83388,35.66006],[139.83417,35.66035],[139.83466,35.66049],[139.83471,35.66061],[139.83466,35.66082],[139.83429,35.66108],[139.83419,35.66129],[139.83416,35.6616],[139.83419,35.66169],[139.83432,35.66181],[139.83471,35.66183],[139.83544,35.66162],[139.83581,35.66141],[139.83608,35.66103],[139.83624,35.66093],[139.83645,35.66088],[139.83684,35.66088],[139.83714,35.66097],[139.83729,35.66112],[139.83748,35.66154],[139.83817,35.66159],[139.83829,35.66169],[139.83836,35.66192],[139.83873,35.66204],[139.83883,35.66221],[139.83886,35.6625],[139.83878,35.6628],[139.83858,35.66303],[139.8383,35.66322],[139.83815,35.66351],[139.83818,35.66411],[139.83824,35.66425],[139.83844,35.66447],[139.83874,35.66458],[139.83915,35.6646],[139.83959,35.66453],[139.83986,35.66438],[139.83993,35.66428],[139.83993,35.66403],[139.83964,35.66343],[139.83964,35.66313],[139.83977,35.66302],[139.84016,35.66285],[139.84031,35.66251],[139.84051,35.66245],[139.84081,35.66247],[139.84101,35.66257],[139.84122,35.66276],[139.84164,35.66335],[139.84187,35.66356],[139.84224,35.6637],[139.84264,35.66367],[139.84274,35.6637],[139.84289,35.66384],[139.84298,35.66409],[139.84301,35.66463],[139.84308,35.66504],[139.84318,35.6652],[139.84343,35.66536],[139.84359,35.66557],[139.84371,35.66588],[139.84376,35.66622],[139.84382,35.66737],[139.8438,35.66857],[139.84365,35.6693],[139.84337,35.66992],[139.84298,35.67044],[139.84253,35.67088],[139.84208,35.67143],[139.84192,35.67173],[139.84186,35.67209],[139.84159,35.67252],[139.8406,35.67343],[139.84014,35.67393],[139.83999,35.67421],[139.83995,35.67455],[139.83983,35.67479],[139.83965,35.67491],[139.83913,35.67506],[139.83929,35.6755],[139.83926,35.67572],[139.83904,35.67603],[139.83845,35.67658],[139.83823,35.67692],[139.8381,35.67725],[139.83788,35.67749],[139.83755,35.67764],[139.83713,35.67769],[139.83672,35.67765],[139.83616,35.67749],[139.83589,35.67756],[139.83561,35.67776],[139.83503,35.6785],[139.83483,35.67862],[139.8346,35.67869],[139.83405,35.67867],[139.83373,35.67857],[139.83183,35.67769],[139.83145,35.67757],[139.83093,35.67748],[139.8302,35.67693],[139.82967,35.67673],[139.829,35.67655],[139.82854,35.67635],[139.82839,35.6762],[139.82831,35.67585],[139.82818,35.67575],[139.82799,35.67575],[139.8279,35.6758],[139.82782,35.67596],[139.82778,35.67628],[139.82768,35.67649],[139.82743,35.67672],[139.82718,35.67679],[139.82689,35.67677],[139.82656,35.67663],[139.82647,35.67655],[139.82642,35.67634],[139.82635,35.67628],[139.82568,35.67632],[139.82561,35.67624],[139.8256,35.67597],[139.82507,35.67652],[139.8248,35.6767],[139.82455,35.67677],[139.82403,35.67673],[139.82381,35.67677],[139.82377,35.67687],[139.82383,35.67719],[139.82374,35.67736],[139.82358,35.67753],[139.82296,35.67797],[139.82245,35.67859],[139.82224,35.67873],[139.82184,35.67881],[139.82107,35.67875],[139.82084,35.67878],[139.82059,35.67892],[139.82048,35.67892],[139.82038,35.67862],[139.82031,35.6776],[139.82015,35.67845],[139.82004,35.67876],[139.8199,35.67892],[139.81971,35.67892],[139.81952,35.6788],[139.81937,35.67857],[139.81935,35.67838],[139.81942,35.67806],[139.81938,35.67789],[139.81916,35.67771],[139.81878,35.67764],[139.81859,35.67772],[139.81844,35.67806],[139.81844,35.67861],[139.81859,35.67901],[139.81878,35.67917],[139.81938,35.67937],[139.8196,35.67956],[139.81981,35.67992],[139.81992,35.67999],[139.82022,35.68006],[139.82033,35.68023],[139.8204,35.68073],[139.82055,35.68047],[139.82069,35.68038],[139.82122,35.68063],[139.82211,35.68072],[139.82235,35.68082],[139.82254,35.68114],[139.82258,35.68161],[139.82267,35.68184],[139.82282,35.68199],[139.82305,35.68205],[139.8233,35.68204],[139.82356,35.68191],[139.82365,35.68175],[139.82372,35.68123],[139.82385,35.68094],[139.82418,35.68058],[139.82469,35.68041],[139.8248,35.68001],[139.82495,35.67986],[139.82541,35.67966],[139.82643,35.67935],[139.82677,35.67913],[139.82692,35.6789],[139.82721,35.67884],[139.82752,35.6789],[139.82812,35.67915],[139.82856,35.67939],[139.82925,35.67985],[139.82994,35.68041],[139.83039,35.68085],[139.83054,35.68105],[139.83062,35.6813],[139.83106,35.68146],[139.83133,35.68197],[139.83146,35.68205],[139.83176,35.68197],[139.83216,35.68167],[139.83253,35.68146],[139.83276,35.68139],[139.83307,35.68136],[139.83334,35.68123],[139.83385,35.68061],[139.83399,35.68051],[139.83426,35.68046],[139.83435,35.68039],[139.83443,35.68018],[139.83445,35.67987],[139.83457,35.67966],[139.83471,35.67958],[139.835,35.67958],[139.83529,35.67968],[139.83549,35.67989],[139.83571,35.68004],[139.83703,35.68064],[139.83741,35.68089],[139.83772,35.68128],[139.83778,35.68179],[139.83784,35.68194],[139.83793,35.68203],[139.83812,35.68204],[139.83825,35.68194],[139.83831,35.6816],[139.83839,35.68144],[139.83855,35.68137],[139.8387,35.6814],[139.83922,35.68174],[139.84031,35.6827],[139.84057,35.68288],[139.84083,35.68295],[139.8411,35.68281],[139.84161,35.68219],[139.84179,35.68209],[139.8422,35.68201],[139.84245,35.68184],[139.84289,35.68131],[139.84366,35.68015],[139.84389,35.6799],[139.84414,35.6798],[139.84437,35.67987],[139.84459,35.68009],[139.84477,35.68015],[139.84503,35.68017],[139.84578,35.68012],[139.84595,35.68014],[139.84625,35.68025],[139.84647,35.68047],[139.8469,35.68128],[139.84728,35.6816],[139.84733,35.68185],[139.84725,35.68246],[139.8473,35.68262],[139.84746,35.68271],[139.84797,35.68272],[139.84872,35.68389],[139.84932,35.68439],[139.84997,35.68557],[139.85044,35.68608],[139.85106,35.68663],[139.85154,35.6872],[139.85265,35.68888],[139.85324,35.68992],[139.8539,35.69127],[139.85419,35.69203],[139.85464,35.69364],[139.85501,35.6944],[139.85506,35.69524],[139.85495,35.69612],[139.85482,35.6966],[139.85452,35.6971],[139.85426,35.6973],[139.85387,35.69747],[139.85363,35.69751],[139.85322,35.69746],[139.85308,35.69749],[139.85296,35.69767],[139.85292,35.69798],[139.85279,35.69815],[139.85256,35.69828],[139.8517,35.69851],[139.8516,35.69859],[139.8515,35.6988],[139.85153,35.69909],[139.85179,35.69997],[139.85186,35.70092],[139.85195,35.70122],[139.8521,35.70146],[139.85259,35.70175],[139.85284,35.70205],[139.85293,35.70231],[139.85299,35.70294],[139.85308,35.70321],[139.85322,35.70343],[139.85365,35.70384],[139.85376,35.70404],[139.85378,35.70416],[139.85367,35.70446],[139.85289,35.70576],[139.85253,35.70618],[139.85192,35.70667],[139.85122,35.7079],[139.84979,35.7095],[139.84966,35.70974],[139.8496,35.71007],[139.84951,35.71019],[139.84891,35.71047],[139.84873,35.71066],[139.84852,35.71101],[139.8483,35.71123],[139.84703,35.71221],[139.84669,35.71277],[139.84524,35.71407],[139.84497,35.7144],[139.84483,35.71474],[139.84445,35.71512],[139.84417,35.71533],[139.84372,35.71554],[139.8434,35.71561],[139.8429,35.71564],[139.84249,35.71577],[139.84229,35.71592],[139.842,35.71632],[139.8418,35.71648],[139.84159,35.71653],[139.84138,35.71644],[139.8409,35.71586],[139.84069,35.71577],[139.84033,35.71596],[139.84016,35.716],[139.83959,35.71592],[139.83945,35.71594],[139.83908,35.71626],[139.83876,35.71629],[139.83859,35.71623],[139.83838,35.716],[139.83825,35.71592],[139.83755,35.71584],[139.8373,35.71577],[139.83706,35.71564],[139.83661,35.71526],[139.83648,35.7152],[139.83615,35.71517],[139.83553,35.71534],[139.83489,35.71568],[139.83453,35.71602],[139.83435,35.71667],[139.8342,35.71675],[139.83399,35.71672],[139.83371,35.71653],[139.83346,35.71617],[139.83336,35.71579],[139.83333,35.71532],[139.83341,35.71481],[139.83354,35.71445],[139.83416,35.71337],[139.8338,35.71354],[139.83344,35.71401],[139.83306,35.71483],[139.83294,35.71544],[139.83302,35.71599],[139.83323,35.71645],[139.83344,35.71674],[139.8337,35.71691],[139.83383,35.71706],[139.83389,35.71765],[139.83475,35.71781],[139.83505,35.71795],[139.8352,35.71813],[139.83529,35.71864],[139.8354,35.71885],[139.83572,35.71906],[139.8362,35.71917],[139.83656,35.71932],[139.83673,35.71948],[139.83693,35.71991],[139.83762,35.72007],[139.83788,35.7202],[139.83804,35.72039],[139.83819,35.72077],[139.83816,35.72094],[139.8379,35.72138],[139.83703,35.72228],[139.83535,35.7237],[139.83462,35.72437],[139.83431,35.72488],[139.83401,35.72521],[139.83256,35.72656],[139.83176,35.72739],[139.83064,35.72891],[139.83036,35.72917],[139.82981,35.72948],[139.8294,35.72984],[139.82838,35.73123],[139.82819,35.73137],[139.82805,35.7314],[139.82779,35.73154],[139.82682,35.73236],[139.82505,35.73412],[139.82481,35.73443],[139.82468,35.73477],[139.8243,35.73501],[139.82416,35.73541],[139.82381,35.73566],[139.82354,35.73594],[139.82215,35.73785],[139.82144,35.73907],[139.82049,35.74111],[139.8201,35.74173],[139.81989,35.74197],[139.81945,35.74231],[139.81862,35.74259],[139.81844,35.74273],[139.81843,35.74288],[139.81877,35.74321],[139.81892,35.74347],[139.81896,35.74364],[139.81893,35.74388],[139.81883,35.74409],[139.81859,35.74434],[139.81849,35.7445],[139.81832,35.74552],[139.81823,35.74565],[139.81796,35.74583],[139.81782,35.74601],[139.81727,35.74708],[139.81689,35.74738],[139.81663,35.74768],[139.81461,35.75053],[139.8143,35.75087],[139.81378,35.75126],[139.81369,35.75154],[139.81358,35.75171],[139.81295,35.75216],[139.81283,35.75247],[139.81262,35.75272],[139.81049,35.75457],[139.81011,35.75494],[139.80968,35.75547],[139.80928,35.75576],[139.80868,35.75611],[139.80738,35.75675],[139.80621,35.75725],[139.80548,35.75751],[139.80489,35.75761],[139.80464,35.75784],[139.80444,35.75794],[139.8029,35.75822],[139.8025,35.75836],[139.80224,35.75851],[139.802,35.75857],[139.80147,35.75858],[139.80057,35.75846],[139.80005,35.75829],[139.79941,35.75789],[139.79924,35.75784],[139.79895,35.7579],[139.79881,35.75786],[139.79867,35.75776],[139.79819,35.75717],[139.79755,35.75694],[139.79693,35.75647],[139.79667,35.7562],[139.79654,35.75587],[139.79644,35.75578],[139.79562,35.75555],[139.79514,35.75528],[139.79484,35.75499],[139.79401,35.75397],[139.79317,35.75331],[139.79308,35.75311],[139.79315,35.75295],[139.79314,35.75284],[139.79271,35.75273],[139.79251,35.75248],[139.79234,35.75138],[139.79223,35.75122],[139.79187,35.75105],[139.79177,35.75093],[139.79179,35.75063],[139.79202,35.75007],[139.79212,35.74961],[139.79215,35.74911],[139.79205,35.7488],[139.79169,35.74842],[139.79038,35.74784],[139.78961,35.74735],[139.78929,35.74706],[139.789,35.74654],[139.78894,35.74614],[139.78899,35.7457],[139.78912,35.74522],[139.78948,35.74442],[139.79004,35.74352],[139.79066,35.74269],[139.79108,35.74223],[139.7917,35.74167],[139.79256,35.74117],[139.79332,35.74083],[139.79424,35.74049],[139.79581,35.74002],[139.79796,35.73953],[139.79955,35.73929],[139.80067,35.73923],[139.80111,35.73929],[139.80124,35.73935],[139.80154,35.73963],[139.80172,35.7397],[139.80201,35.73973],[139.80218,35.7397],[139.8023,35.73963],[139.80243,35.73916],[139.80251,35.73909],[139.80269,35.73906],[139.80404,35.73948],[139.80876,35.74112],[139.81008,35.74147],[139.81063,35.74158],[139.81148,35.74166],[139.81265,35.74151],[139.81361,35.74124],[139.81436,35.74088],[139.81512,35.74028],[139.81539,35.74025],[139.81555,35.74029],[139.81598,35.74057],[139.81703,35.74154],[139.81666,35.74068],[139.81646,35.74033],[139.81624,35.74009],[139.81573,35.73968],[139.81551,35.7393],[139.81529,35.73841],[139.81517,35.73721],[139.81503,35.73651],[139.81485,35.73592],[139.81461,35.73544],[139.81417,35.73487],[139.81383,35.73452],[139.81287,35.73378],[139.81244,35.73336],[139.81226,35.73307],[139.81202,35.73239],[139.81148,35.73164],[139.81128,35.7312],[139.81086,35.72982],[139.81058,35.72844],[139.81037,35.72696],[139.81011,35.72427],[139.80975,35.7225],[139.8094,35.72124],[139.80898,35.72],[139.80857,35.71899],[139.80815,35.7182],[139.80774,35.71764],[139.80696,35.71683],[139.80668,35.71627],[139.80611,35.71588],[139.80602,35.71576],[139.80593,35.7155],[139.80546,35.71502],[139.80297,35.71288],[139.80272,35.71259],[139.80261,35.71231],[139.80215,35.71216],[139.80152,35.71142],[139.80089,35.7112],[139.80016,35.71063],[139.79995,35.71037],[139.79982,35.71002],[139.79935,35.70967],[139.79915,35.70947],[139.79899,35.70892],[139.79869,35.70884],[139.79856,35.70875],[139.79835,35.70849],[139.798,35.70789],[139.79752,35.70748],[139.79731,35.7071],[139.79702,35.70625],[139.79677,35.70573],[139.79624,35.70485],[139.79536,35.70354],[139.79503,35.70294],[139.79478,35.70238],[139.79442,35.70131],[139.79375,35.70004],[139.79305,35.69898],[139.79257,35.69835],[139.79184,35.69757],[139.79092,35.69673],[139.79035,35.69601],[139.79003,35.69548],[139.78978,35.69491],[139.78956,35.69407],[139.78952,35.69351],[139.78957,35.69294],[139.7899,35.69271],[139.79052,35.69253],[139.79143,35.69239],[139.79264,35.69231],[139.79414,35.69228],[139.79594,35.69229],[139.80572,35.69268],[139.80773,35.69272],[139.80851,35.69267],[139.80816,35.69249],[139.80755,35.69255],[139.80493,35.69244],[139.7977,35.692],[139.79412,35.69172],[139.79167,35.69144],[139.79086,35.6913],[139.79033,35.69115],[139.79009,35.69101],[139.79025,35.69058],[139.79048,35.69027],[139.79174,35.68908],[139.79206,35.68848],[139.79302,35.68732],[139.79333,35.68676],[139.79355,35.68612],[139.79371,35.685],[139.79399,35.68467],[139.79451,35.6844],[139.79527,35.6842],[139.79627,35.68406],[139.79751,35.68398],[139.799,35.68397],[139.80269,35.68413],[139.80589,35.68442],[139.80712,35.6846],[139.8081,35.68479],[139.80884,35.68505],[139.80933,35.68536],[139.80958,35.68583],[139.80958,35.68678],[139.8097,35.68583],[139.8098,35.68537],[139.80994,35.68509],[139.81012,35.68488],[139.81062,35.68463],[139.81094,35.68456],[139.81238,35.68449],[139.81113,35.68434],[139.81061,35.68412],[139.81042,35.68397],[139.81027,35.68375],[139.81018,35.68346],[139.81013,35.68205],[139.81002,35.6829],[139.80983,35.68331],[139.80952,35.68356],[139.8091,35.68374],[139.80854,35.68385],[139.80705,35.68397],[139.80504,35.68395],[139.80188,35.68382],[139.79679,35.68347],[139.79511,35.68324],[139.79443,35.68311],[139.7934,35.68278],[139.79305,35.68259]],[[139.81394,35.66007],[139.814,35.66037],[139.81392,35.66049],[139.81376,35.66058],[139.81318,35.66069],[139.81171,35.66067],[139.80899,35.66039],[139.8071,35.66003],[139.80411,35.65989],[139.80379,35.6598],[139.80363,35.65965],[139.80363,35.65949],[139.80379,35.65906],[139.80344,35.65935],[139.80323,35.65945],[139.80286,35.65944],[139.80265,35.65936],[139.80216,35.65906],[139.80156,35.6586],[139.80111,35.65815],[139.80088,35.65779],[139.80088,35.65752],[139.80096,35.65741],[139.80148,35.65703],[139.80163,35.65666],[139.80175,35.65652],[139.80258,35.6559],[139.80274,35.65553],[139.80286,35.65539],[139.80367,35.6548],[139.80417,35.65419],[139.80433,35.6541],[139.80442,35.65419],[139.80464,35.65462],[139.8047,35.65462],[139.80489,35.65445],[139.80521,35.6544],[139.80567,35.65446],[139.80596,35.65459],[139.80609,35.65469],[139.80628,35.65499],[139.80636,35.65523],[139.80655,35.65636],[139.80709,35.65594],[139.80747,35.65578],[139.80773,35.65577],[139.808,35.65581],[139.80841,35.65598],[139.80883,35.65627],[139.80957,35.65693],[139.81002,35.65708],[139.81069,35.65746],[139.81231,35.65856],[139.8131,35.65916],[139.81364,35.65966],[139.81394,35.66007]],[[139.86503,35.7255],[139.86355,35.72556],[139.86316,35.72561],[139.86295,35.72568],[139.86282,35.72598],[139.86259,35.72611],[139.86232,35.72616],[139.86188,35.72607],[139.86182,35.7261],[139.86179,35.72629],[139.86171,35.7264],[139.86133,35.7265],[139.86127,35.7266],[139.86121,35.72696],[139.86105,35.72708],[139.86078,35.72711],[139.86052,35.72707],[139.86034,35.72697],[139.8602,35.72682],[139.86003,35.72676],[139.85941,35.72676],[139.85866,35.72692],[139.85824,35.72711],[139.85768,35.72746],[139.85717,35.72757],[139.85661,35.7275],[139.85646,35.7274],[139.85627,35.72712],[139.85578,35.72726],[139.85564,35.72719],[139.85547,35.727],[139.85543,35.7272],[139.85531,35.72733],[139.85498,35.72747],[139.85474,35.72747],[139.85463,35.72734],[139.8546,35.72711],[139.85453,35.72695],[139.85412,35.72685],[139.8539,35.72664],[139.85368,35.72651],[139.85295,35.7263],[139.85105,35.72588],[139.85078,35.72579],[139.85042,35.72559],[139.85031,35.72537],[139.85036,35.72515],[139.85035,35.72494],[139.85019,35.72466],[139.84972,35.72429],[139.8492,35.72413],[139.84905,35.72392],[139.84893,35.72355],[139.8489,35.72319],[139.84899,35.72293],[139.84925,35.72262],[139.84924,35.72231],[139.84916,35.72215],[139.84898,35.72196],[139.84853,35.72177],[139.84838,35.72166],[139.84827,35.72142],[139.84825,35.7211],[139.84817,35.72089],[139.84807,35.72082],[139.84789,35.7208],[139.84781,35.72074],[139.84788,35.72015],[139.84767,35.71962],[139.84766,35.71948],[139.84785,35.71908],[139.84829,35.71853],[139.85068,35.7163],[139.85096,35.71598],[139.85105,35.71575],[139.8512,35.71557],[139.85275,35.71434],[139.85328,35.71378],[139.85413,35.71274],[139.85506,35.71201],[139.85519,35.71169],[139.85542,35.71136],[139.85671,35.71],[139.85715,35.70914],[139.85749,35.7089],[139.85769,35.70867],[139.8586,35.70722],[139.85877,35.70703],[139.85911,35.70683],[139.85929,35.70682],[139.85946,35.70687],[139.86012,35.70741],[139.86041,35.70757],[139.86066,35.70764],[139.86116,35.7076],[139.86132,35.70792],[139.86173,35.708],[139.86204,35.70827],[139.86225,35.70823],[139.86271,35.70791],[139.86292,35.70787],[139.86312,35.70805],[139.86353,35.70825],[139.86484,35.70865],[139.86543,35.70887],[139.86562,35.709],[139.86571,35.70918],[139.86592,35.70918],[139.8664,35.70902],[139.86666,35.70904],[139.86675,35.70916],[139.86684,35.70966],[139.86704,35.7099],[139.86746,35.71021],[139.86758,35.71043],[139.86762,35.71067],[139.86772,35.71083],[139.86805,35.71103],[139.86865,35.71126],[139.86885,35.7114],[139.86895,35.71155],[139.86898,35.71172],[139.86892,35.71195],[139.86862,35.71232],[139.86861,35.71244],[139.86871,35.71255],[139.86916,35.71278],[139.86933,35.71293],[139.86942,35.7132],[139.86935,35.71352],[139.86937,35.71373],[139.86944,35.7138],[139.86968,35.71385],[139.86975,35.71392],[139.86981,35.71427],[139.86989,35.71443],[139.87025,35.71456],[139.8702,35.71511],[139.87029,35.71524],[139.87063,35.71548],[139.87075,35.71561],[139.87072,35.71569],[139.87054,35.71578],[139.87041,35.71593],[139.87036,35.71614],[139.87039,35.71636],[139.87049,35.71649],[139.87081,35.71657],[139.87102,35.71679],[139.87132,35.71742],[139.87137,35.71785],[139.87115,35.71826],[139.87063,35.71864],[139.87044,35.71891],[139.87027,35.71987],[139.86992,35.72037],[139.86991,35.72064],[139.86998,35.72096],[139.86994,35.72113],[139.86981,35.72126],[139.86934,35.72143],[139.86915,35.72159],[139.86903,35.72184],[139.86896,35.72255],[139.86881,35.72298],[139.86857,35.7232],[139.86788,35.72351],[139.86786,35.72393],[139.86777,35.7241],[139.86751,35.72425],[139.86713,35.72434],[139.86687,35.72446],[139.86679,35.72455],[139.86673,35.72475],[139.86664,35.72482],[139.86605,35.72492],[139.86586,35.72508],[139.86579,35.72524],[139.8656,35.72538],[139.86503,35.7255]],[[139.87367,35.69179],[139.87357,35.69156],[139.87358,35.69123],[139.87376,35.6908],[139.87371,35.69062],[139.87346,35.69041],[139.87267,35.69016],[139.87246,35.69017],[139.87234,35.69022],[139.872,35.69073],[139.87189,35.6908],[139.87154,35.6909],[139.87135,35.69144],[139.87109,35.69165],[139.87061,35.6919],[139.87045,35.69206],[139.87037,35.69225],[139.87027,35.69272],[139.87015,35.69282],[139.86979,35.69287],[139.86955,35.693],[139.86921,35.6936],[139.86898,35.69367],[139.86868,35.69362],[139.86845,35.69363],[139.86834,35.69369],[139.86813,35.69392],[139.86796,35.69398],[139.86775,35.69397],[139.86754,35.69388],[139.86663,35.69322],[139.86608,35.6929],[139.86527,35.69261],[139.86449,35.69249],[139.86345,35.69256],[139.86317,35.69255],[139.86242,35.6923],[139.86235,35.69234],[139.86229,35.69257],[139.86203,35.69264],[139.86155,35.69248],[139.86104,35.69217],[139.86085,35.69198],[139.86073,35.69178],[139.86055,35.69088],[139.8599,35.68916],[139.85925,35.68781],[139.85871,35.68684],[139.85774,35.68527],[139.85691,35.68405],[139.8564,35.68339],[139.85604,35.6831],[139.85578,35.68241],[139.8556,35.68208],[139.85495,35.68154],[139.85471,35.68116],[139.85436,35.68044],[139.85415,35.68019],[139.85391,35.68004],[139.85387,35.67994],[139.85395,35.67934],[139.85368,35.67847],[139.85378,35.67822],[139.85454,35.67794],[139.85485,35.67765],[139.85498,35.67758],[139.8556,35.67748],[139.85578,35.67732],[139.85604,35.67693],[139.85652,35.67679],[139.85684,35.67648],[139.85711,35.67642],[139.85764,35.67641],[139.85746,35.67527],[139.85755,35.67508],[139.85773,35.67504],[139.85786,35.67489],[139.8579,35.6743],[139.85778,35.67399],[139.85749,35.6739],[139.85741,35.67383],[139.85732,35.67339],[139.85712,35.6736],[139.85691,35.6737],[139.85654,35.67369],[139.85607,35.67358],[139.85578,35.6734],[139.85566,35.67294],[139.8555,35.67311],[139.85528,35.67322],[139.85494,35.67326],[139.85457,35.67323],[139.85431,35.6731],[139.8541,35.67281],[139.85386,35.67269],[139.85323,35.67259],[139.85265,35.67258],[139.85236,35.67237],[139.85209,35.67194],[139.85184,35.6713],[139.85162,35.67044],[139.85142,35.66936],[139.85108,35.66657],[139.85078,35.66205],[139.85077,35.66009],[139.85083,35.65943],[139.85092,35.65898],[139.85106,35.65874],[139.85123,35.65871],[139.85152,35.6587],[139.85175,35.65874],[139.8519,35.65884],[139.8521,35.65913],[139.85226,35.65923],[139.85247,35.65928],[139.85287,35.65928],[139.85328,35.65922],[139.85396,35.65897],[139.85415,35.65882],[139.85427,35.65865],[139.85431,35.65822],[139.85412,35.65787],[139.85368,35.65757],[139.85353,35.6574],[139.8535,35.65717],[139.85368,35.6569],[139.85396,35.65665],[139.85437,35.65644],[139.85494,35.6563],[139.85562,35.65619],[139.85616,35.65601],[139.8564,35.65584],[139.85677,35.65539],[139.85697,35.65532],[139.85718,35.65537],[139.85739,35.65533],[139.85782,35.65493],[139.85807,35.65476],[139.85837,35.65465],[139.85866,35.65461],[139.85914,35.6547],[139.85941,35.65468],[139.86078,35.65433],[139.86133,35.65424],[139.86156,35.65428],[139.86177,35.65455],[139.86281,35.65456],[139.86327,35.65466],[139.8634,35.65478],[139.86352,35.65512],[139.86406,35.65559],[139.86452,35.65586],[139.86495,35.65605],[139.86514,35.6561],[139.86547,35.65609],[139.86572,35.65596],[139.86594,35.65574],[139.86633,35.65547],[139.86741,35.65499],[139.86763,35.65481],[139.86788,35.6545],[139.8681,35.65432],[139.86861,35.6542],[139.86962,35.65424],[139.87025,35.65416],[139.87057,35.65403],[139.87117,35.65351],[139.87165,35.65336],[139.87191,35.65297],[139.87209,35.65281],[139.87225,35.65276],[139.87256,35.65276],[139.87304,35.65291],[139.87375,35.65336],[139.8739,35.65356],[139.87394,35.65373],[139.87409,35.65387],[139.87496,35.65415],[139.87616,35.65492],[139.87683,35.65506],[139.87692,35.65516],[139.87697,35.65545],[139.87704,35.65555],[139.87723,35.65559],[139.87773,35.65553],[139.87815,35.65565],[139.87854,35.65593],[139.87864,35.65621],[139.87874,35.6563],[139.87907,35.65642],[139.87957,35.65652],[139.87994,35.65667],[139.88052,35.65702],[139.88113,35.65749],[139.88171,35.65787],[139.88282,35.65835],[139.88301,35.65852],[139.88309,35.65876],[139.88355,35.65891],[139.88413,35.65961],[139.88431,35.65974],[139.8847,35.65991],[139.88493,35.66025],[139.88518,35.66131],[139.88533,35.66164],[139.88544,35.66176],[139.88569,35.66188],[139.88616,35.66188],[139.88633,35.66211],[139.88637,35.66231],[139.88629,35.66303],[139.8858,35.66514],[139.88615,35.66485],[139.88632,35.66478],[139.88642,35.66483],[139.88655,35.66519],[139.88663,35.66633],[139.8866,35.66776],[139.8865,35.66865],[139.88639,35.66894],[139.88613,35.66926],[139.88605,35.66965],[139.8859,35.66976],[139.88544,35.66986],[139.88499,35.66987],[139.88478,35.66983],[139.88461,35.66974],[139.88437,35.66945],[139.88428,35.66886],[139.88442,35.66717],[139.88408,35.66749],[139.88395,35.66778],[139.88382,35.6695],[139.8837,35.66983],[139.88361,35.66993],[139.88339,35.67],[139.88301,35.6699],[139.88275,35.66978],[139.8825,35.66953],[139.88224,35.66944],[139.88174,35.66943],[139.8814,35.66953],[139.8808,35.67003],[139.88037,35.67016],[139.88018,35.67073],[139.87992,35.67098],[139.87935,35.67139],[139.87923,35.67152],[139.8791,35.67183],[139.87843,35.67199],[139.87826,35.67211],[139.87797,35.6725],[139.87776,35.67268],[139.87762,35.67271],[139.87733,35.67268],[139.87727,35.67275],[139.87716,35.67323],[139.877,35.67335],[139.87683,35.67341],[139.87548,35.67358],[139.87434,35.67363],[139.87388,35.67355],[139.87367,35.67336],[139.87351,35.6733],[139.8729,35.67327],[139.87267,35.67334],[139.87247,35.67347],[139.87196,35.67407],[139.87182,35.67414],[139.87163,35.67415],[139.87147,35.67405],[139.87143,35.67385],[139.87134,35.67376],[139.87108,35.67364],[139.87049,35.67347],[139.87033,35.67339],[139.87008,35.67315],[139.86982,35.6731],[139.86932,35.67317],[139.86906,35.67316],[139.86898,35.6731],[139.86888,35.67288],[139.86869,35.67281],[139.86826,35.67276],[139.86814,35.67266],[139.8681,35.6725],[139.86797,35.67243],[139.86654,35.67228],[139.86632,35.67221],[139.86602,35.67202],[139.86582,35.67198],[139.86561,35.67203],[139.8655,35.67213],[139.86539,35.67238],[139.86532,35.67299],[139.8652,35.67315],[139.86501,35.67324],[139.86475,35.67326],[139.86444,35.67321],[139.86432,35.67315],[139.86417,35.67291],[139.86381,35.67283],[139.86342,35.67281],[139.86278,35.67283],[139.86251,35.67288],[139.86236,35.67295],[139.86227,35.67315],[139.86201,35.67324],[139.86091,35.67322],[139.86033,35.67313],[139.86002,35.67303],[139.85986,35.67289],[139.85981,35.6727],[139.85965,35.67266],[139.85938,35.67271],[139.8592,35.6728],[139.85899,35.67301],[139.8589,35.6732],[139.85887,35.67351],[139.85898,35.67366],[139.8592,35.67377],[139.85991,35.67396],[139.86006,35.67408],[139.86017,35.67438],[139.86041,35.67448],[139.86083,35.67453],[139.86245,35.67446],[139.86302,35.6745],[139.86316,35.67458],[139.86322,35.67473],[139.86338,35.67479],[139.86422,35.67486],[139.86441,35.6749],[139.86452,35.67498],[139.86462,35.67524],[139.8649,35.67538],[139.86559,35.67552],[139.86646,35.67564],[139.86703,35.67566],[139.86728,35.67562],[139.86764,35.67533],[139.86795,35.67529],[139.86811,35.6754],[139.86813,35.67573],[139.86971,35.67561],[139.87036,35.67563],[139.87103,35.67581],[139.87157,35.67611],[139.87208,35.67629],[139.87243,35.67632],[139.87293,35.67627],[139.87325,35.67628],[139.87336,35.67634],[139.87343,35.67654],[139.87356,35.67655],[139.87375,35.67649],[139.87388,35.67654],[139.87397,35.67696],[139.87413,35.67721],[139.8744,35.67747],[139.87468,35.67757],[139.87485,35.67752],[139.87516,35.67715],[139.87552,35.67691],[139.87585,35.6768],[139.87644,35.67669],[139.87694,35.67648],[139.87722,35.67627],[139.87772,35.67568],[139.87804,35.67551],[139.87834,35.67558],[139.87855,35.67581],[139.87866,35.67587],[139.87942,35.67582],[139.87953,35.67588],[139.87974,35.67611],[139.87997,35.67618],[139.88027,35.67612],[139.88085,35.67573],[139.88106,35.67565],[139.88137,35.67566],[139.88168,35.6758],[139.88195,35.67584],[139.88211,35.6758],[139.88248,35.67557],[139.88296,35.6755],[139.8835,35.67568],[139.88477,35.67643],[139.88503,35.67652],[139.88529,35.6765],[139.88535,35.67656],[139.88542,35.67693],[139.88544,35.67763],[139.88536,35.67999],[139.88537,35.68212],[139.88562,35.68611],[139.88568,35.68881],[139.88551,35.69281],[139.88541,35.69372],[139.88515,35.69514],[139.88497,35.69564],[139.88478,35.69602],[139.88455,35.69626],[139.8843,35.69636],[139.88377,35.69632],[139.88309,35.69633],[139.88216,35.69653],[139.88188,35.69647],[139.88161,35.69631],[139.88086,35.69567],[139.88068,35.69558],[139.88038,35.69552],[139.8803,35.69539],[139.88029,35.69511],[139.8789,35.69441],[139.87816,35.69413],[139.87785,35.69408],[139.8774,35.69414],[139.87716,35.69412],[139.87614,35.69383],[139.87485,35.69374],[139.87452,35.69363],[139.87431,35.69344],[139.87425,35.69332],[139.87418,35.69268],[139.87409,35.69239],[139.87367,35.69179]],[[139.90352,35.68413],[139.90383,35.6843],[139.90401,35.68457],[139.90412,35.68525],[139.9043,35.68545],[139.90459,35.68554],[139.90575,35.68547],[139.90594,35.68551],[139.90612,35.68561],[139.90623,35.68578],[139.90627,35.68609],[139.90633,35.6862],[139.90653,35.6863],[139.90681,35.68632],[139.907,35.68638],[139.90713,35.68669],[139.90739,35.68676],[139.90749,35.68684],[139.90754,35.68718],[139.90744,35.68816],[139.90746,35.68868],[139.90765,35.68894],[139.90801,35.68903],[139.90813,35.6891],[139.90835,35.68952],[139.90844,35.69025],[139.90848,35.69174],[139.90855,35.69243],[139.90865,35.69272],[139.90884,35.69295],[139.90896,35.69319],[139.90918,35.69421],[139.90923,35.69508],[139.90912,35.69586],[139.90914,35.69615],[139.90921,35.69628],[139.90947,35.69645],[139.90949,35.69654],[139.90942,35.69677],[139.90953,35.69693],[139.90994,35.69726],[139.91078,35.69779],[139.91106,35.69802],[139.91121,35.69826],[139.91124,35.6987],[139.91194,35.69893],[139.91205,35.69907],[139.91212,35.6993],[139.91238,35.69937],[139.91249,35.69945],[139.91259,35.69974],[139.91266,35.70058],[139.91275,35.7008],[139.91289,35.70093],[139.91319,35.70098],[139.91346,35.70127],[139.91404,35.70282],[139.91418,35.70302],[139.91444,35.70321],[139.91441,35.70357],[139.91462,35.70374],[139.91506,35.70391],[139.9152,35.70402],[139.9153,35.70419],[139.9154,35.7047],[139.9154,35.70503],[139.9153,35.70588],[139.91507,35.70687],[139.91471,35.70774],[139.91423,35.7085],[139.91395,35.70884],[139.91363,35.70915],[139.91295,35.70969],[139.91169,35.71052],[139.91054,35.71107],[139.9099,35.71145],[139.90882,35.71227],[139.90678,35.71398],[139.90643,35.71421],[139.90599,35.71436],[139.90502,35.7152],[139.90482,35.71533],[139.90448,35.71543],[139.90437,35.71564],[139.9043,35.71614],[139.90409,35.71633],[139.9037,35.71645],[139.90314,35.71651],[139.90222,35.71646],[139.9018,35.71637],[139.90154,35.71621],[139.90132,35.71581],[139.90106,35.7156],[139.90026,35.71533],[139.89989,35.71502],[139.89966,35.71501],[139.89936,35.71507],[139.89913,35.71503],[139.89902,35.71493],[139.89889,35.7147],[139.89867,35.71454],[139.89796,35.71445],[139.89777,35.71438],[139.89764,35.71426],[139.89738,35.71387],[139.89706,35.71379],[139.89689,35.71367],[139.89655,35.71299],[139.89643,35.71292],[139.89614,35.71286],[139.89606,35.71276],[139.89602,35.71255],[139.89592,35.71246],[139.8953,35.71218],[139.8952,35.71191],[139.89507,35.71174],[139.89411,35.71099],[139.89382,35.71066],[139.89359,35.71008],[139.89354,35.70926],[139.89343,35.70888],[139.8931,35.70858],[139.89299,35.70801],[139.8928,35.70767],[139.89256,35.70744],[139.89197,35.70701],[139.8918,35.70684],[139.89174,35.70669],[139.89181,35.70646],[139.89179,35.70634],[139.89154,35.70605],[139.89145,35.70579],[139.89147,35.70543],[139.89164,35.70497],[139.89174,35.70485],[139.89199,35.70478],[139.89204,35.70473],[139.89183,35.70434],[139.89182,35.7042],[139.89191,35.7041],[139.89247,35.70387],[139.89268,35.70353],[139.89273,35.70301],[139.89264,35.70243],[139.89255,35.70227],[139.89231,35.70211],[139.89223,35.70201],[139.89216,35.70163],[139.89205,35.70144],[139.89143,35.70114],[139.89126,35.70078],[139.89088,35.70068],[139.8908,35.70052],[139.89078,35.70029],[139.89067,35.70013],[139.89024,35.70004],[139.8901,35.69992],[139.89,35.69969],[139.88994,35.69886],[139.88984,35.69856],[139.88972,35.69849],[139.8895,35.69844],[139.88924,35.69828],[139.88895,35.69798],[139.88874,35.69764],[139.88869,35.6973],[139.88876,35.69698],[139.88875,35.69677],[139.88867,35.6967],[139.88839,35.69664],[139.88823,35.69628],[139.88771,35.69603],[139.88771,35.69586],[139.88811,35.69545],[139.88827,35.69515],[139.88831,35.69483],[139.88823,35.69464],[139.88792,35.69447],[139.88737,35.69443],[139.88676,35.6945],[139.88658,35.69458],[139.88649,35.69469],[139.88644,35.6934],[139.88645,35.69132],[139.88658,35.68476],[139.88678,35.68227],[139.88692,35.68141],[139.88708,35.68081],[139.88727,35.68046],[139.88748,35.68038],[139.88824,35.68085],[139.88878,35.68111],[139.89051,35.68169],[139.89095,35.68189],[139.89129,35.6821],[139.89198,35.6827],[139.89251,35.68296],[139.89315,35.68312],[139.89411,35.68318],[139.89454,35.6833],[139.89477,35.68355],[139.89484,35.68385],[139.89481,35.68398],[139.89474,35.68405],[139.89438,35.68413],[139.8941,35.68451],[139.89588,35.68409],[139.89679,35.68394],[139.89764,35.68387],[139.89904,35.68383],[139.9002,35.6839],[139.90094,35.68406],[139.90137,35.68433],[139.90152,35.68438],[139.90163,35.68435],[139.90178,35.68421],[139.902,35.68413],[139.90307,35.68406],[139.90352,35.68413]],[[139.74615,35.76854],[139.74587,35.76871],[139.7458,35.7688],[139.74585,35.76942],[139.74546,35.76972],[139.74535,35.77006],[139.74503,35.77015],[139.74489,35.77025],[139.74439,35.77116],[139.74413,35.77141],[139.74394,35.77148],[139.74352,35.77141],[139.74264,35.77088],[139.74204,35.7707],[139.74172,35.77067],[139.74159,35.7707],[139.74143,35.77084],[139.74137,35.77109],[139.74146,35.77199],[139.74141,35.77255],[139.74119,35.77297],[139.74108,35.77304],[139.74084,35.77307],[139.74107,35.77322],[139.74117,35.77335],[139.74125,35.77391],[139.74114,35.77413],[139.74086,35.77426],[139.74044,35.77431],[139.73957,35.77426],[139.73891,35.7743],[139.73862,35.7744],[139.73829,35.7747],[139.73786,35.77492],[139.73746,35.77498],[139.73712,35.77484],[139.73694,35.77463],[139.73679,35.77432],[139.73661,35.77343],[139.73656,35.7719],[139.7366,35.7712],[139.73668,35.77082],[139.73679,35.77071],[139.73733,35.77051],[139.73913,35.77009],[139.74049,35.76964],[139.74146,35.76924],[139.74343,35.76834],[139.74426,35.76803],[139.74527,35.76777],[139.74622,35.76771],[139.74585,35.76789],[139.74615,35.76811],[139.74624,35.7683],[139.74615,35.76854]],[[139.783,35.75548],[139.78305,35.75564],[139.78298,35.75581],[139.78278,35.75595],[139.78244,35.75607],[139.78137,35.75624],[139.77976,35.75631],[139.77549,35.75627],[139.77269,35.75639],[139.77035,35.75668],[139.76906,35.75691],[139.76797,35.75716],[139.76672,35.75756],[139.76569,35.75806],[139.76527,35.75833],[139.76504,35.75858],[139.76462,35.75869],[139.76427,35.7589],[139.76187,35.76069],[139.76123,35.76102],[139.76068,35.76116],[139.76024,35.76109],[139.75983,35.76088],[139.75972,35.76071],[139.75987,35.76028],[139.7598,35.76001],[139.75961,35.75986],[139.75914,35.75968],[139.75882,35.75948],[139.75871,35.75933],[139.75864,35.75902],[139.75852,35.7589],[139.75778,35.75861],[139.7577,35.75849],[139.75776,35.75818],[139.7577,35.75799],[139.75711,35.75769],[139.75698,35.75734],[139.75659,35.75706],[139.75658,35.75692],[139.75665,35.75675],[139.75661,35.75664],[139.75639,35.75647],[139.75591,35.75624],[139.75575,35.7561],[139.75567,35.75595],[139.75565,35.75578],[139.75575,35.75569],[139.75622,35.75551],[139.75708,35.75531],[139.75831,35.75509],[139.7605,35.7548],[139.76242,35.75463],[139.76605,35.75452],[139.76839,35.75429],[139.77013,35.75418],[139.77386,35.75416],[139.77728,35.75436],[139.7791,35.75454],[139.78084,35.75477],[139.78152,35.7549],[139.78251,35.75518],[139.78282,35.75532],[139.783,35.75548]],[[139.81455,35.65508],[139.81503,35.65516],[139.81584,35.65521],[139.81766,35.65523],[139.81827,35.65533],[139.81879,35.65552],[139.81922,35.6558],[139.81956,35.65618],[139.81982,35.65666],[139.81999,35.65723],[139.82008,35.65789],[139.82002,35.65932],[139.81991,35.65988],[139.81974,35.66035],[139.81952,35.66071],[139.81924,35.66098],[139.8189,35.66115],[139.81851,35.66122],[139.8176,35.66112],[139.81714,35.661],[139.81618,35.66062],[139.81519,35.66006],[139.81265,35.65823],[139.81223,35.65799],[139.81189,35.65789],[139.81172,35.6578],[139.81094,35.65711],[139.80964,35.65645],[139.80925,35.65621],[139.80871,35.65577],[139.80828,35.65531],[139.80815,35.6551],[139.80817,35.65491],[139.80843,35.65473],[139.80852,35.65448],[139.80869,35.6544],[139.80945,35.65433],[139.81083,35.65437],[139.81194,35.65446],[139.81258,35.65456],[139.81286,35.65465],[139.8131,35.65486],[139.81332,35.65493],[139.81414,35.65486],[139.8143,35.6549],[139.81455,35.65508]],[[139.83351,35.72886],[139.8338,35.72869],[139.83399,35.72827],[139.83497,35.72773],[139.83558,35.72718],[139.83601,35.72708],[139.83613,35.72679],[139.83628,35.72659],[139.83694,35.72598],[139.83794,35.72524],[139.83818,35.72511],[139.83852,35.72503],[139.83889,35.7245],[139.83961,35.72412],[139.83986,35.72382],[139.84008,35.72343],[139.84026,35.72324],[139.8406,35.72308],[139.84086,35.72306],[139.84106,35.72312],[139.84116,35.72327],[139.84111,35.72365],[139.84095,35.72398],[139.84063,35.72443],[139.83954,35.7253],[139.83943,35.72545],[139.83939,35.72564],[139.83915,35.7259],[139.83791,35.72686],[139.83763,35.72736],[139.83659,35.72815],[139.83639,35.72838],[139.8363,35.72864],[139.83611,35.72883],[139.83487,35.72979],[139.83459,35.73029],[139.83355,35.73108],[139.8334,35.73124],[139.83326,35.73154],[139.83264,35.73218],[139.82933,35.73517],[139.82898,35.73554],[139.82883,35.73586],[139.82865,35.73608],[139.82778,35.73684],[139.82728,35.73738],[139.8265,35.73859],[139.82633,35.73876],[139.82611,35.73884],[139.82597,35.73878],[139.82577,35.73857],[139.82556,35.7382],[139.82553,35.73803],[139.82555,35.73782],[139.82572,35.73732],[139.82629,35.73633],[139.82737,35.7349],[139.82813,35.73409],[139.82928,35.73305],[139.82943,35.73285],[139.82948,35.73267],[139.82957,35.73255],[139.83044,35.73208],[139.83117,35.73157],[139.83212,35.73081],[139.8329,35.73009],[139.83329,35.72956],[139.83342,35.72897],[139.83351,35.72886]],[[139.85316,35.71093],[139.85357,35.71089],[139.85386,35.71098],[139.85394,35.7111],[139.8539,35.7114],[139.85346,35.71197],[139.85251,35.71289],[139.85027,35.71493],[139.84997,35.71527],[139.84983,35.7156],[139.84916,35.71609],[139.84862,35.71677],[139.84845,35.71689],[139.84817,35.71698],[139.84797,35.71696],[139.84783,35.71689],[139.84774,35.71677],[139.8477,35.71658],[139.84778,35.71615],[139.84806,35.71578],[139.84845,35.71539],[139.84856,35.71508],[139.84869,35.71491],[139.84993,35.71396],[139.85011,35.71377],[139.85021,35.7135],[139.85034,35.71334],[139.85169,35.71228],[139.85182,35.71211],[139.85195,35.71178],[139.85233,35.7114],[139.85274,35.7111],[139.85316,35.71093]],[[139.85805,35.73358],[139.85852,35.73376],[139.85888,35.73411],[139.85924,35.73437],[139.86031,35.73488],[139.86054,35.73504],[139.8607,35.7353],[139.86067,35.73554],[139.86057,35.73575],[139.86038,35.73593],[139.86005,35.7361],[139.85835,35.73659],[139.85682,35.73727],[139.85632,35.7374],[139.85546,35.73748],[139.85515,35.73748],[139.85462,35.7374],[139.8544,35.73731],[139.85405,35.73706],[139.85382,35.73669],[139.8537,35.73626],[139.8536,35.73574],[139.85363,35.73538],[139.85372,35.7352],[139.85402,35.73486],[139.85529,35.73371],[139.85557,35.73317],[139.856,35.73288],[139.85617,35.73271],[139.85654,35.73191],[139.85679,35.73178],[139.85717,35.73188],[139.85751,35.73215],[139.85767,35.73242],[139.85789,35.73328],[139.85805,35.73358]],[[139.85836,35.76204],[139.85849,35.76251],[139.85844,35.76317],[139.85831,35.76344],[139.85812,35.76356],[139.85803,35.76369],[139.85795,35.76399],[139.85791,35.76448],[139.85785,35.76464],[139.85776,35.76473],[139.85756,35.76473],[139.85735,35.76461],[139.85679,35.7639],[139.8559,35.76321],[139.85562,35.76287],[139.85539,35.76246],[139.85514,35.76168],[139.85504,35.76104],[139.85505,35.7608],[139.85514,35.76069],[139.85544,35.76076],[139.85565,35.76099],[139.85579,35.76105],[139.85609,35.76106],[139.85647,35.761],[139.85677,35.76104],[139.85691,35.76114],[139.85704,35.76137],[139.8572,35.76151],[139.85742,35.76161],[139.85804,35.76177],[139.85817,35.76184],[139.85836,35.76204]],[[139.86335,35.74847],[139.86336,35.74823],[139.86328,35.74773],[139.8633,35.74735],[139.86343,35.74663],[139.8636,35.74604],[139.86408,35.74494],[139.86514,35.74308],[139.86591,35.74192],[139.8663,35.74145],[139.86659,35.74121],[139.86678,35.74117],[139.86698,35.74118],[139.86711,35.74139],[139.86742,35.74146],[139.86796,35.74151],[139.86923,35.74153],[139.86965,35.74151],[139.87029,35.74141],[139.87052,35.74132],[139.87077,35.74109],[139.87076,35.74031],[139.87083,35.7402],[139.87107,35.74013],[139.87115,35.74001],[139.87128,35.73915],[139.87147,35.73878],[139.87175,35.73843],[139.87186,35.73803],[139.87179,35.73756],[139.87154,35.73707],[139.87118,35.7366],[139.8707,35.73617],[139.87058,35.73601],[139.87052,35.73564],[139.87067,35.7352],[139.87106,35.73469],[139.87218,35.73342],[139.87245,35.73301],[139.87287,35.7322],[139.87399,35.73101],[139.87474,35.72979],[139.87505,35.72947],[139.87549,35.72915],[139.87558,35.729],[139.87563,35.72867],[139.87575,35.72842],[139.87622,35.72794],[139.87657,35.72747],[139.87834,35.72475],[139.87868,35.72432],[139.87934,35.72367],[139.87998,35.72327],[139.88029,35.72318],[139.8806,35.72315],[139.88176,35.72314],[139.88348,35.72339],[139.88414,35.72335],[139.88475,35.72322],[139.8851,35.72325],[139.8854,35.72339],[139.88587,35.72395],[139.88614,35.72415],[139.8863,35.72421],[139.88665,35.72423],[139.88724,35.72411],[139.88775,35.72413],[139.88802,35.72425],[139.88843,35.72463],[139.88861,35.72473],[139.88877,35.72476],[139.88898,35.72471],[139.88915,35.72472],[139.88949,35.72503],[139.8899,35.72512],[139.89014,35.72563],[139.89141,35.72717],[139.89163,35.72756],[139.8918,35.72809],[139.89197,35.7283],[139.89211,35.72834],[139.89249,35.7283],[139.89301,35.72809],[139.8941,35.72754],[139.89477,35.72733],[139.89518,35.72739],[139.8957,35.72771],[139.8959,35.72803],[139.89608,35.72857],[139.89648,35.73077],[139.89661,35.73122],[139.89696,35.73207],[139.89743,35.73281],[139.89853,35.73399],[139.89899,35.73458],[139.89911,35.73483],[139.89919,35.73521],[139.89958,35.73585],[139.89973,35.7363],[139.89984,35.73739],[139.89979,35.739],[139.89958,35.74061],[139.89922,35.74196],[139.89889,35.74272],[139.89832,35.74369],[139.89768,35.74447],[139.89694,35.74508],[139.89573,35.74582],[139.89352,35.74691],[139.89279,35.74745],[139.89227,35.74758],[139.89128,35.74763],[139.89107,35.74768],[139.89076,35.74786],[139.89059,35.74813],[139.89054,35.74868],[139.89045,35.74898],[139.89019,35.74931],[139.88981,35.7495],[139.88955,35.74974],[139.88947,35.74993],[139.88941,35.75035],[139.88932,35.75053],[139.88867,35.75107],[139.88804,35.75207],[139.88765,35.75256],[139.8865,35.75349],[139.8861,35.75406],[139.88595,35.75417],[139.88538,35.75442],[139.88527,35.75474],[139.88518,35.75485],[139.88458,35.75529],[139.88409,35.75618],[139.88327,35.75706],[139.88291,35.75759],[139.88249,35.75868],[139.88207,35.76109],[139.88176,35.7621],[139.88151,35.76253],[139.88124,35.76279],[139.8809,35.76306],[139.88072,35.76315],[139.88052,35.76318],[139.88039,35.7633],[139.88031,35.76381],[139.88018,35.76418],[139.87923,35.76592],[139.87888,35.7669],[139.87879,35.76754],[139.87886,35.76869],[139.87884,35.76909],[139.87877,35.76936],[139.87856,35.76961],[139.87856,35.76978],[139.87892,35.77023],[139.87936,35.77123],[139.8796,35.77161],[139.87994,35.77197],[139.88081,35.77266],[139.88114,35.77299],[139.88136,35.77333],[139.88145,35.77367],[139.88143,35.77399],[139.88127,35.77437],[139.88108,35.77456],[139.88069,35.77476],[139.88044,35.77498],[139.88009,35.77547],[139.87977,35.77609],[139.87942,35.77652],[139.87916,35.77666],[139.87861,35.77672],[139.87834,35.77679],[139.87734,35.77728],[139.87623,35.77758],[139.87592,35.77779],[139.87558,35.77837],[139.8754,35.7785],[139.87516,35.77859],[139.87489,35.77863],[139.87455,35.77862],[139.87404,35.7784],[139.8739,35.77849],[139.87377,35.77871],[139.87357,35.77881],[139.87308,35.77886],[139.8724,35.7788],[139.87191,35.77881],[139.87171,35.77887],[139.87162,35.77897],[139.87142,35.77906],[139.8705,35.77916],[139.86939,35.77914],[139.86857,35.779],[139.86769,35.77874],[139.8658,35.77796],[139.8649,35.77765],[139.86364,35.77739],[139.86223,35.7773],[139.86174,35.77715],[139.8614,35.77692],[139.86108,35.77632],[139.86091,35.77611],[139.86072,35.77596],[139.86042,35.77584],[139.86023,35.77572],[139.86007,35.77554],[139.85961,35.77482],[139.85934,35.77461],[139.85897,35.77445],[139.85885,35.77432],[139.85879,35.77414],[139.85879,35.77383],[139.85885,35.77366],[139.85897,35.77352],[139.85933,35.77333],[139.85957,35.77277],[139.85972,35.77173],[139.85977,35.77055],[139.85967,35.76987],[139.8596,35.76976],[139.85951,35.7697],[139.85933,35.76968],[139.85923,35.76956],[139.85924,35.76919],[139.8594,35.7686],[139.85933,35.76782],[139.85914,35.76719],[139.85848,35.76566],[139.85842,35.76524],[139.85846,35.7652],[139.85871,35.76515],[139.85907,35.76493],[139.85955,35.76456],[139.85983,35.76425],[139.86009,35.7637],[139.86019,35.76269],[139.86028,35.76244],[139.86042,35.7623],[139.86071,35.76225],[139.86088,35.76216],[139.86101,35.762],[139.86114,35.76163],[139.86128,35.76142],[139.8614,35.76134],[139.8617,35.76125],[139.86314,35.76131],[139.86366,35.76124],[139.86394,35.76109],[139.86407,35.76074],[139.86435,35.76054],[139.86409,35.76049],[139.8627,35.76044],[139.86216,35.76034],[139.86194,35.76025],[139.86158,35.76002],[139.86123,35.75956],[139.86088,35.75931],[139.86063,35.75928],[139.86022,35.7594],[139.86009,35.7594],[139.85985,35.75931],[139.85962,35.75911],[139.85899,35.75827],[139.8585,35.75789],[139.85847,35.75759],[139.8587,35.75717],[139.85897,35.75681],[139.8593,35.75608],[139.85986,35.75381],[139.86023,35.75289],[139.86071,35.75222],[139.86119,35.75185],[139.86159,35.75105],[139.86191,35.75082],[139.86207,35.75062],[139.86283,35.74904],[139.863,35.74879],[139.86328,35.74858],[139.86335,35.74847]],[[139.86271,35.73935],[139.86299,35.73928],[139.86319,35.73931],[139.86338,35.7396],[139.86348,35.74064],[139.86353,35.74082],[139.86368,35.74109],[139.86391,35.7412],[139.86453,35.74117],[139.86476,35.74121],[139.86491,35.74131],[139.865,35.74147],[139.86496,35.74173],[139.86479,35.74212],[139.86381,35.74361],[139.86328,35.74453],[139.86264,35.74618],[139.86247,35.7464],[139.86227,35.74649],[139.86186,35.74639],[139.86113,35.74597],[139.86009,35.74523],[139.85924,35.74447],[139.85891,35.74403],[139.85876,35.74365],[139.85881,35.7431],[139.85889,35.74295],[139.859,35.74289],[139.85926,35.74283],[139.85968,35.74257],[139.86025,35.74213],[139.86061,35.74175],[139.86103,35.74107],[139.86142,35.73982],[139.86156,35.73953],[139.8617,35.73939],[139.86184,35.73941],[139.86199,35.73952],[139.86213,35.73983],[139.86246,35.7395],[139.86271,35.73935]],[[139.87365,35.72583],[139.87416,35.72589],[139.87441,35.72582],[139.87476,35.72554],[139.87522,35.72495],[139.87552,35.72476],[139.87587,35.72465],[139.87645,35.72464],[139.87674,35.72469],[139.87697,35.72485],[139.87698,35.72511],[139.87682,35.72553],[139.87612,35.7267],[139.87581,35.72708],[139.87552,35.72728],[139.87535,35.72746],[139.87505,35.72812],[139.87455,35.72855],[139.87388,35.72976],[139.87321,35.73033],[139.87308,35.73084],[139.87287,35.73117],[139.87251,35.73158],[139.87217,35.73179],[139.87209,35.73179],[139.87195,35.73168],[139.87182,35.73129],[139.87156,35.73087],[139.87058,35.72989],[139.87039,35.72946],[139.87036,35.72906],[139.87028,35.72883],[139.87018,35.72878],[139.86994,35.72882],[139.86986,35.72875],[139.86981,35.72852],[139.86986,35.72821],[139.86998,35.72806],[139.8703,35.72792],[139.87055,35.72786],[139.87077,35.72774],[139.87081,35.72764],[139.87075,35.72747],[139.87081,35.72732],[139.8711,35.72705],[139.87159,35.72673],[139.87222,35.72643],[139.87298,35.7262],[139.8732,35.72607],[139.87333,35.72591],[139.87346,35.72585],[139.87365,35.72583]]],[[[139.67679,35.79266],[139.67682,35.79284],[139.67725,35.79336],[139.67743,35.79375],[139.67737,35.79411],[139.67731,35.79422],[139.67702,35.79442],[139.67625,35.79463],[139.67462,35.79479],[139.67354,35.79503],[139.67298,35.79528],[139.67169,35.79618],[139.67144,35.79629],[139.67113,35.79634],[139.67071,35.79626],[139.67034,35.79602],[139.67018,35.79577],[139.67012,35.79535],[139.66989,35.79511],[139.66942,35.79496],[139.66903,35.79491],[139.66864,35.79492],[139.66851,35.79498],[139.66845,35.7952],[139.66836,35.79531],[139.66779,35.79573],[139.66769,35.79587],[139.66765,35.79619],[139.66757,35.79635],[139.66719,35.79645],[139.66702,35.79681],[139.66635,35.79713],[139.66584,35.79768],[139.66568,35.79776],[139.66521,35.79786],[139.66454,35.79789],[139.6633,35.79782],[139.66266,35.79775],[139.66209,35.79761],[139.66178,35.79734],[139.66138,35.79726],[139.66124,35.79692],[139.6608,35.79679],[139.66046,35.79628],[139.66029,35.79618],[139.66,35.79613],[139.65981,35.79575],[139.65907,35.79533],[139.65886,35.79508],[139.65881,35.79476],[139.65867,35.79458],[139.65833,35.79445],[139.65781,35.79438],[139.65676,35.79438],[139.65622,35.79447],[139.65601,35.79454],[139.65572,35.79473],[139.65561,35.795],[139.65563,35.79524],[139.65569,35.79534],[139.65589,35.79549],[139.65678,35.79572],[139.6572,35.79597],[139.65746,35.79635],[139.65748,35.79648],[139.65738,35.79667],[139.65726,35.79674],[139.65687,35.79683],[139.656,35.79686],[139.65522,35.79698],[139.65479,35.79714],[139.65427,35.79744],[139.65387,35.79759],[139.65366,35.79758],[139.65335,35.79739],[139.65292,35.7973],[139.6525,35.79732],[139.65215,35.79748],[139.65176,35.79776],[139.65107,35.79843],[139.65069,35.79889],[139.65336,35.80023],[139.65778,35.8005],[139.66737,35.80045],[139.66977,35.80024],[139.67106,35.8],[139.67383,35.79917],[139.67593,35.79889],[139.67838,35.79882],[139.67954,35.79891],[139.68189,35.7993],[139.68662,35.80063],[139.68783,35.80084],[139.6892,35.80088],[139.6906,35.8008],[139.69316,35.8004],[139.6944,35.80005],[139.69534,35.79968],[139.69686,35.7989],[139.69968,35.79723],[139.70321,35.79471],[139.70526,35.79341],[139.7073,35.79253],[139.7092,35.79202],[139.70975,35.79195],[139.71832,35.79188],[139.71926,35.79179],[139.72074,35.79143],[139.72224,35.79073],[139.7225,35.79024],[139.72268,35.78974],[139.72258,35.78975],[139.72204,35.78987],[139.7213,35.79036],[139.72079,35.79061],[139.72027,35.79074],[139.7198,35.79076],[139.7193,35.79064],[139.71896,35.79039],[139.71885,35.79014],[139.71883,35.78971],[139.71727,35.78998],[139.71668,35.79002],[139.7162,35.78993],[139.71593,35.7897],[139.71545,35.78954],[139.7147,35.78948],[139.71387,35.78951],[139.71335,35.78964],[139.71318,35.78977],[139.71306,35.78998],[139.71296,35.79005],[139.71285,35.79007],[139.71253,35.79],[139.71239,35.79008],[139.71232,35.79018],[139.71209,35.79027],[139.71137,35.79036],[139.70977,35.79038],[139.70885,35.79044],[139.70847,35.79052],[139.70811,35.79072],[139.70788,35.79078],[139.7071,35.79084],[139.7068,35.79091],[139.70653,35.79103],[139.70607,35.79143],[139.70575,35.7916],[139.70535,35.79173],[139.70431,35.79189],[139.70378,35.79204],[139.70302,35.79239],[139.70231,35.79285],[139.70178,35.79313],[139.70153,35.7932],[139.70114,35.79317],[139.70076,35.79337],[139.70049,35.79367],[139.70037,35.79396],[139.70027,35.79496],[139.70014,35.79529],[139.69991,35.79552],[139.69975,35.79559],[139.699,35.79576],[139.6987,35.79589],[139.69848,35.79606],[139.69832,35.79628],[139.69819,35.79659],[139.69817,35.79679],[139.69826,35.79713],[139.69824,35.79728],[139.69817,35.79734],[139.69789,35.79739],[139.69772,35.79749],[139.69723,35.79795],[139.69702,35.79809],[139.69671,35.79816],[139.6965,35.79812],[139.69634,35.79802],[139.69618,35.79777],[139.69606,35.79707],[139.69595,35.79695],[139.69578,35.79689],[139.69544,35.79695],[139.69517,35.79707],[139.69436,35.79765],[139.69384,35.79788],[139.69343,35.79792],[139.69255,35.79779],[139.69172,35.7976],[139.69149,35.79747],[139.69136,35.79719],[139.69117,35.79712],[139.69088,35.79712],[139.69065,35.79722],[139.69052,35.79752],[139.69011,35.79763],[139.69,35.79797],[139.68981,35.79811],[139.68929,35.79822],[139.68838,35.79822],[139.68805,35.79815],[139.68779,35.79803],[139.68739,35.79756],[139.68726,35.79745],[139.68712,35.79742],[139.68691,35.79748],[139.68666,35.79747],[139.68599,35.79722],[139.68591,35.79731],[139.68593,35.79746],[139.68604,35.79759],[139.68627,35.79773],[139.68635,35.79788],[139.68637,35.79809],[139.68621,35.79883],[139.68608,35.79905],[139.68591,35.79919],[139.68561,35.79928],[139.6853,35.79927],[139.68455,35.79898],[139.68366,35.79886],[139.6834,35.79864],[139.6833,35.79841],[139.68326,35.79814],[139.68334,35.79787],[139.68369,35.7975],[139.68465,35.7969],[139.68478,35.79675],[139.6848,35.79663],[139.6846,35.79652],[139.68411,35.7964],[139.68183,35.79611],[139.68079,35.79591],[139.68045,35.79576],[139.68038,35.79568],[139.68033,35.79546],[139.68021,35.79536],[139.67945,35.79523],[139.67929,35.79508],[139.67926,35.79484],[139.67917,35.79471],[139.67902,35.7946],[139.67852,35.79444],[139.67819,35.7941],[139.67798,35.79364],[139.67762,35.79237],[139.67695,35.79252],[139.67679,35.79266]]],[[[139.78009,35.61105],[139.78084,35.61099],[139.78132,35.61083],[139.78158,35.6106],[139.78183,35.61051],[139.78236,35.61046],[139.78303,35.61052],[139.78352,35.61051],[139.78372,35.61045],[139.784,35.61023],[139.78442,35.61015],[139.78478,35.61019],[139.78494,35.61026],[139.78502,35.61038],[139.78505,35.61061],[139.78513,35.61077],[139.78522,35.61082],[139.78541,35.61082],[139.78557,35.61073],[139.78563,35.61045],[139.78579,35.61024],[139.78606,35.61],[139.78642,35.60981],[139.78686,35.60972],[139.7872,35.60971],[139.7875,35.60976],[139.78776,35.60988],[139.78804,35.6102],[139.78821,35.61061],[139.78826,35.61099],[139.78818,35.61144],[139.78819,35.61168],[139.78826,35.61179],[139.78857,35.61201],[139.78878,35.61247],[139.78883,35.61299],[139.78875,35.61378],[139.78885,35.61404],[139.78894,35.61412],[139.79263,35.60958],[139.79085,35.6072],[139.79022,35.60681],[139.79011,35.60681],[139.79034,35.60652],[139.78705,35.6021],[139.78687,35.60231],[139.78684,35.60227],[139.78701,35.60207],[139.78691,35.60193],[139.78673,35.60184],[139.77927,35.611],[139.77948,35.61103],[139.78009,35.61105]]],[[[139.78855,35.62164],[139.78868,35.62171],[139.78898,35.62164],[139.78964,35.62134],[139.79052,35.62113],[139.79175,35.62095],[139.7925,35.62094],[139.79281,35.62099],[139.79328,35.62119],[139.79344,35.62135],[139.79356,35.62154],[139.7939,35.62245],[139.79398,35.62259],[139.79573,35.62043],[139.79551,35.62024],[139.79674,35.61917],[139.79654,35.61899],[139.79792,35.61773],[139.79742,35.61704],[139.79701,35.61718],[139.79604,35.61526],[139.7957,35.61538],[139.79484,35.61377],[139.79438,35.61394],[139.78836,35.62135],[139.78841,35.62141],[139.78855,35.62164]]],[[[139.79759,35.62384],[139.79786,35.62386],[139.79798,35.62381],[139.7984,35.62344],[139.79882,35.62324],[139.79912,35.62324],[139.79948,35.62334],[139.7997,35.62348],[139.79983,35.62369],[139.79977,35.62453],[139.79985,35.62464],[139.80003,35.62475],[139.80013,35.6249],[139.80026,35.62597],[139.80039,35.62621],[139.80058,35.62633],[139.80068,35.62648],[139.80082,35.62746],[139.80094,35.62775],[139.80113,35.62801],[139.80142,35.62824],[139.80219,35.62622],[139.79886,35.62176],[139.79862,35.62176],[139.79716,35.62356],[139.79729,35.62367],[139.79759,35.62384]]],[[[139.82169,35.63675],[139.82197,35.63671],[139.82223,35.63654],[139.82237,35.63593],[139.82265,35.63556],[139.82317,35.63524],[139.82348,35.63518],[139.82369,35.6352],[139.824,35.63539],[139.82453,35.63609],[139.82483,35.63632],[139.82526,35.63646],[139.82556,35.63426],[139.8255,35.63448],[139.82116,35.63406],[139.82079,35.63663],[139.82117,35.63672],[139.82169,35.63675]]],[[[139.82662,35.63801],[139.8269,35.63835],[139.82698,35.63884],[139.82685,35.63918],[139.82635,35.63946],[139.8262,35.63971],[139.83295,35.64036],[139.83285,35.63918],[139.83277,35.63821],[139.82654,35.6376],[139.82654,35.63783],[139.82662,35.63801]]],[[[139.75922,35.67675],[139.75936,35.67689],[139.75956,35.67728],[139.75978,35.67794],[139.75995,35.6782],[139.76013,35.67832],[139.76023,35.67832],[139.76041,35.67823],[139.76049,35.6778],[139.76034,35.67701],[139.75992,35.67591],[139.75961,35.67553],[139.7594,35.67549],[139.75891,35.6756],[139.75749,35.67612],[139.75671,35.6765],[139.75641,35.67672],[139.75628,35.67691],[139.75628,35.677],[139.75633,35.67719],[139.75641,35.67726],[139.75659,35.67729],[139.7568,35.67725],[139.75735,35.67693],[139.75801,35.6767],[139.75847,35.67659],[139.75889,35.67659],[139.75922,35.67675]]],[[[139.75331,35.69289],[139.75295,35.69261],[139.75275,35.6929],[139.75256,35.69301],[139.75155,35.69324],[139.75104,35.69348],[139.75077,35.69373],[139.75026,35.69445],[139.75002,35.69469],[139.74983,35.69479],[139.74981,35.69488],[139.7501,35.69499],[139.75041,35.69493],[139.75062,35.69476],[139.75104,35.69418],[139.75132,35.69393],[139.75182,35.69369],[139.75279,35.69347],[139.75292,35.69337],[139.75297,35.69322],[139.75305,35.69316],[139.75331,35.69315],[139.75385,35.69322],[139.75412,35.6932],[139.75454,35.69309],[139.75481,35.69297],[139.7553,35.69254],[139.75563,35.69208],[139.75591,35.69147],[139.75604,35.69078],[139.75625,35.69052],[139.75661,35.69033],[139.75697,35.69023],[139.75726,35.69022],[139.75762,35.69029],[139.75814,35.69025],[139.75913,35.69005],[139.75965,35.68985],[139.75982,35.6897],[139.75994,35.68934],[139.76013,35.68925],[139.76042,35.68922],[139.76065,35.68903],[139.76077,35.6888],[139.76097,35.68806],[139.76131,35.68752],[139.76128,35.68713],[139.7611,35.68651],[139.76059,35.68515],[139.76017,35.68434],[139.75976,35.68379],[139.75935,35.68352],[139.75914,35.68348],[139.75857,35.6835],[139.75828,35.68341],[139.75805,35.68323],[139.75781,35.68285],[139.75761,35.68267],[139.75721,35.68257],[139.75673,35.68261],[139.75649,35.68258],[139.7563,35.6824],[139.75626,35.6821],[139.75617,35.68196],[139.75591,35.68189],[139.75552,35.68192],[139.75529,35.68182],[139.75519,35.68172],[139.75493,35.68124],[139.75478,35.68048],[139.7549,35.68018],[139.75532,35.67999],[139.75544,35.67985],[139.75545,35.67974],[139.75521,35.67905],[139.75495,35.6787],[139.75469,35.67859],[139.75428,35.6786],[139.75324,35.67887],[139.75448,35.67907],[139.75474,35.67918],[139.75487,35.67931],[139.7549,35.67947],[139.75479,35.67971],[139.75453,35.67991],[139.75408,35.68013],[139.75397,35.68025],[139.75417,35.6804],[139.75431,35.6806],[139.75473,35.68181],[139.75491,35.68214],[139.75501,35.68225],[139.75525,35.68237],[139.75574,35.68233],[139.75589,35.68238],[139.75598,35.68248],[139.75595,35.68282],[139.75582,35.68292],[139.75557,35.68297],[139.75547,35.68314],[139.75545,35.68353],[139.75553,35.68374],[139.75569,35.68383],[139.75587,35.68381],[139.75597,35.68372],[139.75601,35.68352],[139.75617,35.68335],[139.75662,35.68312],[139.75688,35.6831],[139.75724,35.68326],[139.75775,35.68394],[139.75796,35.68411],[139.75805,35.68408],[139.75821,35.68392],[139.75852,35.6838],[139.75898,35.6837],[139.75928,35.68375],[139.7594,35.68383],[139.75959,35.68409],[139.75984,35.68518],[139.75997,35.68551],[139.76013,35.68575],[139.76042,35.68597],[139.76056,35.6862],[139.76065,35.68654],[139.76069,35.68697],[139.76066,35.68786],[139.76053,35.68849],[139.76031,35.68876],[139.75971,35.68904],[139.7596,35.68923],[139.75956,35.68946],[139.75945,35.68956],[139.75913,35.6896],[139.75842,35.68954],[139.75822,35.68961],[139.75818,35.68977],[139.75807,35.68984],[139.75775,35.68991],[139.75729,35.68991],[139.75708,35.68986],[139.75752,35.68968],[139.75765,35.68949],[139.75759,35.68938],[139.75729,35.68931],[139.7562,35.68924],[139.75378,35.68923],[139.755,35.68997],[139.75523,35.69004],[139.75553,35.69],[139.75563,35.69003],[139.75571,35.69031],[139.75566,35.6908],[139.75547,35.6914],[139.75517,35.69202],[139.7549,35.69237],[139.75449,35.69269],[139.75397,35.69294],[139.75358,35.69299],[139.75331,35.69289]]],[[[139.75938,35.81189],[139.75933,35.81177],[139.7595,35.81157],[139.75974,35.81144],[139.76031,35.81136],[139.76054,35.81127],[139.7607,35.81108],[139.76074,35.81089],[139.76065,35.81065],[139.76045,35.81036],[139.75935,35.8092],[139.75922,35.809],[139.75914,35.80874],[139.75877,35.80864],[139.75867,35.80851],[139.75864,35.80829],[139.75869,35.80808],[139.75882,35.80793],[139.75906,35.80779],[139.75882,35.80774],[139.75865,35.80748],[139.75849,35.80675],[139.75849,35.80622],[139.75864,35.80592],[139.75893,35.80578],[139.75907,35.80558],[139.75919,35.80508],[139.75918,35.80437],[139.7591,35.80401],[139.75894,35.80375],[139.75872,35.80361],[139.75827,35.80346],[139.75811,35.80327],[139.75809,35.8031],[139.75835,35.80283],[139.75874,35.80263],[139.76025,35.80209],[139.76093,35.80179],[139.76133,35.80153],[139.76165,35.80116],[139.76169,35.80098],[139.76164,35.80085],[139.76131,35.80076],[139.76115,35.80063],[139.76088,35.80026],[139.76057,35.79972],[139.76026,35.79935],[139.76005,35.79923],[139.75984,35.7992],[139.75957,35.7991],[139.75821,35.80003],[139.75628,35.80175],[139.75578,35.80231],[139.7553,35.80318],[139.7551,35.80337],[139.75457,35.80368],[139.7522,35.80559],[139.75097,35.80637],[139.75066,35.80667],[139.75047,35.80727],[139.7505,35.80752],[139.75093,35.80789],[139.7503,35.80862],[139.75083,35.80891],[139.75045,35.80929],[139.7508,35.80959],[139.75077,35.81017],[139.75142,35.81073],[139.75151,35.81061],[139.75191,35.81094],[139.75248,35.81057],[139.75301,35.81094],[139.75384,35.81047],[139.75446,35.81087],[139.75478,35.81057],[139.7552,35.81073],[139.75561,35.81271],[139.75715,35.81206],[139.75759,35.81197],[139.7584,35.81205],[139.75977,35.81232],[139.75969,35.8121],[139.75938,35.81189]]],[[[139.80235,35.66441],[139.80216,35.66447],[139.802,35.66444],[139.80143,35.6641],[139.80002,35.66304],[139.79974,35.66292],[139.79937,35.66289],[139.80158,35.66469],[139.80207,35.66474],[139.80222,35.66486],[139.80241,35.66514],[139.80621,35.66502],[139.80756,35.66502],[139.80848,35.66515],[139.8086,35.66522],[139.80874,35.66543],[139.80881,35.66541],[139.80891,35.66522],[139.80901,35.66515],[139.8097,35.66509],[139.81048,35.66515],[139.81317,35.6655],[139.81365,35.66551],[139.81411,35.66545],[139.81475,35.66545],[139.81785,35.66563],[139.81856,35.66551],[139.81904,35.66529],[139.8183,35.66537],[139.81712,35.66536],[139.81532,35.66527],[139.8122,35.66492],[139.81072,35.6648],[139.80814,35.66471],[139.80531,35.66468],[139.80393,35.66461],[139.80343,35.66455],[139.80281,35.6644],[139.80268,35.6643],[139.80264,35.66398],[139.80235,35.66441]]],[[[139.81322,35.67896],[139.81361,35.67883],[139.8136,35.6786],[139.81353,35.67844],[139.81334,35.67825],[139.81309,35.67812],[139.81288,35.67808],[139.8127,35.67809],[139.81253,35.67816],[139.81217,35.67851],[139.81196,35.67864],[139.81176,35.67867],[139.81157,35.6786],[139.81146,35.67827],[139.81114,35.67803],[139.81105,35.67779],[139.81097,35.67718],[139.81094,35.67594],[139.81087,35.6757],[139.81073,35.67582],[139.81019,35.67592],[139.8082,35.67598],[139.80924,35.67609],[139.8096,35.67617],[139.8099,35.6763],[139.81014,35.67649],[139.81033,35.67673],[139.81047,35.67702],[139.81054,35.67737],[139.8105,35.67937],[139.81053,35.6793],[139.81075,35.67877],[139.81086,35.67868],[139.81106,35.67867],[139.81119,35.67874],[139.81129,35.67904],[139.8115,35.67926],[139.81198,35.67957],[139.8122,35.67965],[139.81236,35.67966],[139.81268,35.67939],[139.81299,35.67934],[139.81312,35.67927],[139.81322,35.67896]]],[[[139.80776,35.77643],[139.80753,35.77648],[139.80745,35.77653],[139.8075,35.77711],[139.80712,35.77742],[139.80701,35.77775],[139.80654,35.7779],[139.80603,35.77853],[139.80584,35.7787],[139.80495,35.7792],[139.80468,35.77972],[139.80409,35.78023],[139.8036,35.78053],[139.80318,35.78066],[139.80299,35.78065],[139.80282,35.78058],[139.80254,35.7803],[139.80237,35.7802],[139.80228,35.78023],[139.80215,35.78037],[139.802,35.78043],[139.80164,35.78044],[139.80116,35.78038],[139.80087,35.78042],[139.80081,35.78052],[139.80089,35.78085],[139.80084,35.78115],[139.80067,35.78148],[139.80049,35.78168],[139.80013,35.78193],[139.79917,35.78235],[139.79906,35.78246],[139.79902,35.78264],[139.79887,35.78287],[139.79817,35.78345],[139.79786,35.78358],[139.79743,35.78354],[139.7973,35.78389],[139.79702,35.78419],[139.7965,35.78455],[139.79592,35.78478],[139.79576,35.78495],[139.79572,35.78518],[139.79583,35.78539],[139.79598,35.7855],[139.79647,35.78564],[139.79677,35.78579],[139.79714,35.78625],[139.79737,35.78629],[139.79782,35.78625],[139.79812,35.78631],[139.79887,35.78666],[139.79917,35.78688],[139.79931,35.78711],[139.79932,35.78722],[139.79923,35.78745],[139.79902,35.78773],[139.79906,35.78784],[139.79923,35.78787],[139.79982,35.7878],[139.80008,35.78785],[139.80025,35.78815],[139.80077,35.78843],[139.80101,35.78863],[139.80126,35.78914],[139.80143,35.79016],[139.80138,35.79094],[139.80116,35.79143],[139.80126,35.79148],[139.80189,35.79144],[139.80235,35.79161],[139.80269,35.79183],[139.80314,35.79223],[139.8034,35.79257],[139.80346,35.79276],[139.80342,35.793],[139.80333,35.79315],[139.80276,35.79356],[139.80263,35.79379],[139.80267,35.79396],[139.80276,35.79407],[139.80319,35.79435],[139.80338,35.79455],[139.80346,35.79479],[139.80344,35.79501],[139.80333,35.79514],[139.803,35.7952],[139.80274,35.79533],[139.80244,35.79555],[139.80229,35.79576],[139.80218,35.79618],[139.80225,35.79705],[139.80215,35.79735],[139.80158,35.79753],[139.80127,35.79779],[139.80069,35.79844],[139.80053,35.79853],[139.80031,35.79856],[139.8007,35.79872],[139.80089,35.79896],[139.80097,35.79936],[139.80092,35.79983],[139.8008,35.80007],[139.80061,35.80025],[139.79997,35.8006],[139.79988,35.80071],[139.79981,35.80095],[139.79942,35.80109],[139.79941,35.80125],[139.79948,35.80148],[139.79943,35.80164],[139.79931,35.80169],[139.79891,35.80174],[139.79871,35.80184],[139.79818,35.8023],[139.79795,35.80244],[139.79758,35.80251],[139.79717,35.80246],[139.79675,35.8025],[139.79647,35.8026],[139.79581,35.80295],[139.79546,35.80304],[139.79515,35.80304],[139.79499,35.80299],[139.79481,35.80283],[139.79455,35.80244],[139.79437,35.80238],[139.79424,35.80239],[139.79419,35.80255],[139.79439,35.80315],[139.79431,35.80345],[139.79421,35.80361],[139.79364,35.80409],[139.79289,35.80454],[139.79225,35.80483],[139.792,35.80484],[139.7914,35.80463],[139.79078,35.80431],[139.79052,35.8041],[139.79044,35.80387],[139.79033,35.80377],[139.78976,35.80366],[139.78964,35.8035],[139.78958,35.80316],[139.78945,35.80306],[139.78925,35.80306],[139.78911,35.80311],[139.78861,35.80355],[139.78835,35.80359],[139.78805,35.80347],[139.78782,35.80328],[139.78773,35.80314],[139.78768,35.80282],[139.78761,35.8027],[139.78715,35.80273],[139.78685,35.80249],[139.78669,35.80253],[139.78641,35.8027],[139.78627,35.80271],[139.78568,35.80241],[139.78519,35.80238],[139.7849,35.80248],[139.78474,35.80267],[139.78463,35.80271],[139.78436,35.80244],[139.78406,35.80237],[139.78383,35.80244],[139.78362,35.80267],[139.78348,35.80273],[139.78318,35.80274],[139.7828,35.80265],[139.78261,35.8025],[139.78249,35.80229],[139.78242,35.80168],[139.78231,35.8013],[139.78217,35.80112],[139.78188,35.80091],[139.78164,35.80052],[139.78152,35.80004],[139.78133,35.79876],[139.78081,35.79906],[139.78063,35.79921],[139.78052,35.79943],[139.78042,35.79985],[139.78003,35.80027],[139.77966,35.80047],[139.7795,35.80048],[139.7793,35.80043],[139.7792,35.80048],[139.77914,35.80062],[139.77912,35.80097],[139.77916,35.8012],[139.77931,35.80142],[139.77982,35.80151],[139.77993,35.80162],[139.77996,35.80177],[139.78003,35.80188],[139.78045,35.80199],[139.78052,35.80224],[139.78063,35.80241],[139.78153,35.80324],[139.78169,35.8035],[139.78148,35.80373],[139.78147,35.80391],[139.78169,35.80463],[139.7817,35.80498],[139.7816,35.80513],[139.78121,35.80533],[139.78116,35.80552],[139.78134,35.80587],[139.78151,35.80597],[139.78175,35.80601],[139.78183,35.80608],[139.78188,35.80627],[139.78185,35.80645],[139.78153,35.8068],[139.7802,35.80776],[139.77993,35.8081],[139.78061,35.80751],[139.78114,35.80723],[139.78149,35.80715],[139.78313,35.80719],[139.78396,35.8069],[139.78723,35.80688],[139.79178,35.80542],[139.79243,35.80529],[139.794,35.8052],[139.79535,35.80534],[139.79557,35.80542],[139.79596,35.80544],[139.79765,35.80576],[139.79882,35.80571],[139.79897,35.80565],[139.79906,35.80545],[139.79919,35.80538],[139.80046,35.80524],[139.80076,35.80508],[139.80094,35.80478],[139.80115,35.80461],[139.80144,35.8045],[139.80166,35.80453],[139.80202,35.80479],[139.80256,35.80547],[139.80284,35.80574],[139.80311,35.80591],[139.80366,35.80601],[139.80392,35.80617],[139.80427,35.80665],[139.8047,35.80756],[139.80506,35.80802],[139.80532,35.80821],[139.80577,35.80836],[139.80628,35.80844],[139.80707,35.80849],[139.8072,35.80855],[139.8086,35.80841],[139.80868,35.80833],[139.80892,35.80824],[139.80906,35.80824],[139.8092,35.80829],[139.80926,35.80834],[139.80961,35.80831],[139.81239,35.80826],[139.8133,35.80832],[139.8147,35.80871],[139.81651,35.80956],[139.81793,35.81042],[139.81813,35.81142],[139.8186,35.81177],[139.81873,35.81176],[139.81861,35.81106],[139.81965,35.81178],[139.82053,35.81123],[139.8211,35.81144],[139.82011,35.8128],[139.82011,35.813],[139.82061,35.81397],[139.82106,35.81508],[139.82169,35.81489],[139.82339,35.81415],[139.82369,35.81388],[139.82493,35.8119],[139.82493,35.81146],[139.82486,35.811],[139.82465,35.81065],[139.82292,35.80941],[139.82249,35.80842],[139.82115,35.80632],[139.82075,35.80554],[139.82022,35.8026],[139.82018,35.80216],[139.82032,35.80102],[139.81965,35.79959],[139.81968,35.79898],[139.82049,35.79754],[139.82121,35.79675],[139.82207,35.79604],[139.82185,35.79603],[139.82173,35.79592],[139.8217,35.79577],[139.82154,35.7957],[139.82086,35.79577],[139.8206,35.79573],[139.82033,35.79547],[139.81987,35.79533],[139.81979,35.79517],[139.81976,35.79494],[139.81961,35.79478],[139.81873,35.79465],[139.8186,35.79457],[139.81839,35.79434],[139.81795,35.79422],[139.81774,35.794],[139.81727,35.79323],[139.81667,35.79263],[139.81612,35.79232],[139.81584,35.79225],[139.81543,35.79222],[139.8152,35.79213],[139.81492,35.79187],[139.8147,35.79149],[139.81449,35.79125],[139.81435,35.7912],[139.81411,35.79122],[139.81377,35.79105],[139.81298,35.79045],[139.81113,35.78889],[139.8108,35.78868],[139.81047,35.78859],[139.81021,35.78842],[139.80991,35.78813],[139.80968,35.78781],[139.80947,35.78712],[139.80895,35.78665],[139.80895,35.78631],[139.80926,35.78569],[139.8093,35.78534],[139.80917,35.7852],[139.80855,35.78498],[139.80846,35.78488],[139.80846,35.78472],[139.8087,35.78449],[139.80919,35.78426],[139.8094,35.78411],[139.80962,35.78384],[139.80984,35.78337],[139.81,35.78324],[139.81021,35.78319],[139.81016,35.78307],[139.80978,35.7827],[139.80976,35.78258],[139.80984,35.78249],[139.81019,35.78233],[139.8103,35.7822],[139.81047,35.78151],[139.81056,35.78144],[139.81077,35.78141],[139.81101,35.78132],[139.8114,35.78104],[139.81169,35.78074],[139.81182,35.78037],[139.81226,35.78023],[139.81242,35.77985],[139.81315,35.77929],[139.81331,35.77899],[139.81327,35.77866],[139.81304,35.77835],[139.81288,35.77828],[139.81258,35.77826],[139.81227,35.77816],[139.81195,35.77797],[139.81168,35.77772],[139.8115,35.77735],[139.81149,35.77692],[139.81079,35.77675],[139.81053,35.7766],[139.81031,35.77625],[139.81017,35.77578],[139.80987,35.77547],[139.80957,35.77536],[139.80917,35.77534],[139.80865,35.77538],[139.80829,35.77549],[139.80814,35.77559],[139.80798,35.77578],[139.80784,35.77636],[139.80776,35.77643]]],[[[139.84643,35.68446],[139.84641,35.68416],[139.84649,35.68376],[139.84644,35.68344],[139.84623,35.6832],[139.84604,35.68315],[139.84598,35.68321],[139.84593,35.68352],[139.84609,35.68522],[139.84597,35.68582],[139.84583,35.68605],[139.84564,35.68622],[139.8454,35.68635],[139.84511,35.68643],[139.84427,35.68652],[139.8456,35.68657],[139.84639,35.68666],[139.84683,35.68685],[139.84698,35.68708],[139.84714,35.68755],[139.84741,35.6887],[139.84777,35.69083],[139.84787,35.69227],[139.84779,35.69434],[139.84784,35.69459],[139.84788,35.69462],[139.84794,35.6946],[139.84801,35.69451],[139.84811,35.69409],[139.84815,35.69223],[139.84801,35.68945],[139.8478,35.68749],[139.84759,35.68661],[139.84739,35.68602],[139.84725,35.68577],[139.84692,35.68537],[139.84682,35.68484],[139.84669,35.68469],[139.8465,35.68458],[139.84643,35.68446]]],[[[139.83593,35.75928],[139.83634,35.75943],[139.83684,35.76003],[139.83701,35.76016],[139.83719,35.76023],[139.83768,35.7602],[139.83834,35.75987],[139.83875,35.75994],[139.83885,35.75993],[139.83917,35.75964],[139.83941,35.75957],[139.8397,35.75956],[139.83998,35.75946],[139.84054,35.759],[139.84075,35.75892],[139.84136,35.75885],[139.84151,35.75868],[139.84145,35.75828],[139.84151,35.75804],[139.84163,35.75793],[139.84197,35.7578],[139.84208,35.75767],[139.84202,35.75751],[139.84184,35.7574],[139.84154,35.75739],[139.84115,35.75745],[139.84081,35.75741],[139.84063,35.75731],[139.84032,35.75702],[139.83989,35.75687],[139.83926,35.75691],[139.83897,35.75701],[139.83869,35.75719],[139.83848,35.75719],[139.83796,35.75691],[139.83728,35.7568],[139.83658,35.75625],[139.83593,35.75599],[139.8353,35.75585],[139.83489,35.75581],[139.83406,35.75586],[139.83375,35.75595],[139.83358,35.75608],[139.83354,35.75625],[139.83364,35.75647],[139.83396,35.75681],[139.83464,35.75714],[139.8348,35.7575],[139.83509,35.75755],[139.83521,35.75762],[139.83535,35.75783],[139.83555,35.75832],[139.83599,35.75869],[139.83593,35.75928]]],[[[139.82309,35.54384],[139.82603,35.54157],[139.81675,35.53333],[139.81096,35.5282],[139.80709,35.53111],[139.8198,35.54238],[139.82309,35.54384]]],[[[139.82274,35.5785],[139.8282,35.58146],[139.82826,35.58139],[139.82271,35.57838],[139.81966,35.58213],[139.81343,35.57873],[139.80848,35.58387],[139.79343,35.5928],[139.7939,35.59306],[139.80378,35.59842],[139.80561,35.59616],[139.80744,35.59714],[139.8056,35.59941],[139.82021,35.60734],[139.82016,35.60742],[139.82026,35.60749],[139.83221,35.58893],[139.81974,35.58218],[139.82274,35.5785]]],[[[139.79895,35.60687],[139.79942,35.60709],[139.7995,35.60705],[139.79978,35.6072],[139.79977,35.60728],[139.80003,35.60746],[139.81059,35.61318],[139.81894,35.60888],[139.81866,35.60872],[139.8187,35.60867],[139.7916,35.59396],[139.79062,35.59241],[139.79044,35.59249],[139.79049,35.59258],[139.7906,35.59253],[139.79149,35.59395],[139.79026,35.59545],[139.79142,35.597],[139.79114,35.59713],[139.79413,35.60114],[139.7944,35.601],[139.79472,35.60129],[139.79521,35.60151],[139.79499,35.60178],[139.79619,35.60339],[139.7959,35.60353],[139.79855,35.60707],[139.79895,35.60687]]],[[[139.84011,35.63207],[139.8386,35.61416],[139.83552,35.61249],[139.83249,35.61623],[139.82814,35.61198],[139.82805,35.61203],[139.82812,35.61211],[139.83245,35.61627],[139.83063,35.61849],[139.83294,35.61974],[139.83171,35.62124],[139.82941,35.61999],[139.82742,35.6198],[139.82585,35.6307],[139.83701,35.63177],[139.83711,35.63104],[139.83847,35.63117],[139.83849,35.63107],[139.83883,35.63111],[139.83882,35.63121],[139.83922,35.63125],[139.83911,35.63198],[139.84011,35.63207]]]]}}]}